job_id,stage,family,prior,grid,split,horizon,n_trajectories,primary_horizon,method,mean_nmse,ci95_low,ci95_high,normalized_rmse,n_training_seeds,kind,arm,source,failed_trajectories,cap_affected_trajectories,nonfinite_steps,raw_mean_nmse,calibration_seconds_current_machine,archived_mean_training_validation_seconds,archived_mean_fixed_choice_route_seconds,archived_median_inference_ms_per_step,archived_parameter_count,archived_gpu,cost_scope
development__advection_diffusion__coefficient,development,advection_diffusion,coefficient,32,test,64,64,True,calibrated,3.5301689859694726e-12,2.6849762947492017e-12,4.445382925159017e-12,1.8788743933455137e-06,0,physics_calibrated,,new_frozen_physics_evaluation,0,0,0,3.5301689859694726e-12,0.5525278280001658,,,,,,
development__advection_diffusion__coefficient,development,advection_diffusion,coefficient,32,test,64,64,True,uncalibrated,0.5313236820958451,0.42399654199329423,0.6370455652484303,0.7289195306039241,0,physics_uncalibrated,,new_frozen_physics_evaluation,0,0,0,0.5313236820958451,0.0,,,,,,
development__advection_diffusion__coefficient,development,advection_diffusion,coefficient,32,test,64,64,True,persistence,1.9041640596724392,1.5156825377800487,2.325361605519914,1.3799145117261573,0,persistence,,new_frozen_physics_evaluation,0,0,0,1.9041640596724392,0.0,,,,,,
development__advection_diffusion__coefficient,development,advection_diffusion,coefficient,32,test,64,64,True,neural:fno:iid,0.004944372244867633,0.0015324005783606855,0.01149823707575465,0.07031623030899505,6,fno,iid,archived_neural_scores,,,,,,42.15209199495924,43.51371406352458,1.2630178360268474,209985,NVIDIA GeForce RTX 3090 Ti,historical execution; no matched-hardware comparison with current calibration times
development__advection_diffusion__coefficient,development,advection_diffusion,coefficient,32,test,64,64,True,neural:fno:none,0.0003369979012111661,0.00025130906543827244,0.00044638714737714247,0.018357502586440404,6,fno,none,archived_neural_scores,,,,,,24.847697846746694,24.881939032968756,1.2434787931852043,209985,NVIDIA GeForce RTX 3090 Ti,historical execution; no matched-hardware comparison with current calibration times
development__advection_diffusion__coefficient,development,advection_diffusion,coefficient,32,test,64,64,True,neural:fno:response_matched,0.002909496021394032,0.0013951409840870965,0.004794221725596753,0.05393974435788542,6,fno,response_matched,archived_neural_scores,,,,,,41.94662354762355,43.3085017791794,1.2301050242967904,209985,NVIDIA GeForce RTX 3090 Ti,historical execution; no matched-hardware comparison with current calibration times
development__advection_diffusion__coefficient,development,advection_diffusion,coefficient,32,test,64,64,True,neural:fno:smooth,0.0026457905739177487,0.0019929109898875904,0.0034263305461265815,0.051437248895306875,6,fno,smooth,archived_neural_scores,,,,,,42.259653414289154,43.62127066155275,1.243226311635226,209985,NVIDIA GeForce RTX 3090 Ti,historical execution; no matched-hardware comparison with current calibration times
development__advection_diffusion__coefficient,development,advection_diffusion,coefficient,32,test,64,64,True,neural:looped:iid,0.022516218616878508,0.007099107157383472,0.05408998583477478,0.1500540523174183,6,looped,iid,archived_neural_scores,,,,,,70.35288086471458,71.7188390319546,1.5433653490617871,34049,NVIDIA GeForce RTX 3090 Ti,historical execution; no matched-hardware comparison with current calibration times
development__advection_diffusion__coefficient,development,advection_diffusion,coefficient,32,test,64,64,True,neural:looped:none,0.12916381224012002,0.0034544603890093967,0.428332667419713,0.3593936730663466,6,looped,none,archived_neural_scores,,,,,,39.358808988860496,39.39760175145542,1.5390768297947943,34049,NVIDIA GeForce RTX 3090 Ti,historical execution; no matched-hardware comparison with current calibration times
development__advection_diffusion__coefficient,development,advection_diffusion,coefficient,32,test,64,64,True,neural:looped:response_matched,0.02188734691323857,0.007701628309196058,0.05796198126930059,0.1479437288743209,6,looped,response_matched,archived_neural_scores,,,,,,70.26036299555562,71.62623201667641,1.53994660358876,34049,NVIDIA GeForce RTX 3090 Ti,historical execution; no matched-hardware comparison with current calibration times
development__advection_diffusion__coefficient,development,advection_diffusion,coefficient,32,test,64,64,True,neural:looped:smooth,0.6154627709056067,0.010865941577578721,1.633361166229705,0.7845143535370189,6,looped,smooth,archived_neural_scores,,,,,,70.07274281202506,71.43901466329892,1.5425625606440008,34049,NVIDIA GeForce RTX 3090 Ti,historical execution; no matched-hardware comparison with current calibration times
development__advection_diffusion__coefficient,development,advection_diffusion,coefficient,32,test,64,64,True,neural:transformer:iid,0.004330061106250153,0.0034640602124519763,0.005403703693877121,0.0658031998177152,6,transformer,iid,archived_neural_scores,,,,,,72.77893490980689,74.14889250090346,1.5341021004132926,100993,NVIDIA GeForce RTX 3090 Ti,historical execution; no matched-hardware comparison with current calibration times
development__advection_diffusion__coefficient,development,advection_diffusion,coefficient,32,test,64,64,True,neural:transformer:none,0.0026425709727570155,0.0020412709488230917,0.003356800083261058,0.05140594297118783,6,transformer,none,archived_neural_scores,,,,,,42.78361937085477,42.82592737100398,1.5332015813328326,100993,NVIDIA GeForce RTX 3090 Ti,historical execution; no matched-hardware comparison with current calibration times
development__advection_diffusion__coefficient,development,advection_diffusion,coefficient,32,test,64,64,True,neural:transformer:response_matched,0.005363435797302696,0.004510174588985164,0.0063681012350917405,0.07323548181928413,6,transformer,response_matched,archived_neural_scores,,,,,,73.23333207556668,74.6032719433618,1.5334005933254957,100993,NVIDIA GeForce RTX 3090 Ti,historical execution; no matched-hardware comparison with current calibration times
development__advection_diffusion__coefficient,development,advection_diffusion,coefficient,32,test,64,64,True,neural:transformer:smooth,0.005886501893033784,0.004417721989467483,0.007509616722057539,0.07672354197398465,6,transformer,smooth,archived_neural_scores,,,,,,74.02974590542726,75.3994480384669,1.5343170729465783,100993,NVIDIA GeForce RTX 3090 Ti,historical execution; no matched-hardware comparison with current calibration times
development__advection_diffusion__coefficient,development,advection_diffusion,coefficient,32,test,64,64,True,validation_best_neural,0.0003369979012111661,0.00025130906543827244,0.00044638714737714247,0.018357502586440404,6,validation_best_neural,,frozen_validation_selection,,,,,,,,,,,
development__advection_diffusion__coefficient,development,advection_diffusion,coefficient,32,test,64,64,True,validation_selected_route,3.5301689859694726e-12,2.6849762947492013e-12,4.445382925159016e-12,1.8788743933455137e-06,6,validation_selected_route,,frozen_validation_selection,,,,,,,,,,,
development__advection_diffusion__coefficient,development,advection_diffusion,coefficient,32,test,96,64,False,calibrated,5.904761124412951e-12,4.502023862688493e-12,7.440004984622908e-12,2.4299714246083125e-06,0,physics_calibrated,,new_frozen_physics_evaluation,0,0,0,5.904761124412951e-12,0.5525278280001658,,,,,,
development__advection_diffusion__coefficient,development,advection_diffusion,coefficient,32,test,96,64,False,uncalibrated,0.744788770889888,0.6024998946692276,0.8867474985935564,0.8630114546689911,0,physics_uncalibrated,,new_frozen_physics_evaluation,0,0,0,0.744788770889888,0.0,,,,,,
development__advection_diffusion__coefficient,development,advection_diffusion,coefficient,32,test,96,64,False,persistence,1.7984063005017863,1.4744123673058824,2.150936183948305,1.3410467182398182,0,persistence,,new_frozen_physics_evaluation,0,0,0,1.7984063005017863,0.0,,,,,,
development__advection_diffusion__coefficient,development,advection_diffusion,coefficient,32,test,96,64,False,neural:fno:iid,0.008634919838500272,0.0022393786388935797,0.019578214982100016,0.09292426937296991,6,fno,iid,archived_neural_scores,,,,,,42.15209199495924,43.51371406352458,1.2630178360268474,209985,NVIDIA GeForce RTX 3090 Ti,historical execution; no matched-hardware comparison with current calibration times
development__advection_diffusion__coefficient,development,advection_diffusion,coefficient,32,test,96,64,False,neural:fno:none,0.0004868690648330344,0.0003424115163441088,0.0006813384121211435,0.022065109671901346,6,fno,none,archived_neural_scores,,,,,,24.847697846746694,24.881939032968756,1.2434787931852043,209985,NVIDIA GeForce RTX 3090 Ti,historical execution; no matched-hardware comparison with current calibration times
development__advection_diffusion__coefficient,development,advection_diffusion,coefficient,32,test,96,64,False,neural:fno:response_matched,0.004695649061099541,0.002094796438525935,0.008076772541001575,0.06852480617338177,6,fno,response_matched,archived_neural_scores,,,,,,41.94662354762355,43.3085017791794,1.2301050242967904,209985,NVIDIA GeForce RTX 3090 Ti,historical execution; no matched-hardware comparison with current calibration times
development__advection_diffusion__coefficient,development,advection_diffusion,coefficient,32,test,96,64,False,neural:fno:smooth,0.004040881321821715,0.0030572938316295434,0.005125802064610465,0.0635679268328118,6,fno,smooth,archived_neural_scores,,,,,,42.259653414289154,43.62127066155275,1.243226311635226,209985,NVIDIA GeForce RTX 3090 Ti,historical execution; no matched-hardware comparison with current calibration times
development__advection_diffusion__coefficient,development,advection_diffusion,coefficient,32,test,96,64,False,neural:looped:iid,0.5441895854204434,0.010738053032770648,1.8207075191336517,0.7376920668005339,6,looped,iid,archived_neural_scores,,,,,,70.35288086471458,71.7188390319546,1.5433653490617871,34049,NVIDIA GeForce RTX 3090 Ti,historical execution; no matched-hardware comparison with current calibration times
development__advection_diffusion__coefficient,development,advection_diffusion,coefficient,32,test,96,64,False,neural:looped:none,4.02097421098805,0.005089762331600523,12.755862736697937,2.00523669699815,6,looped,none,archived_neural_scores,,,,,,39.358808988860496,39.39760175145542,1.5390768297947943,34049,NVIDIA GeForce RTX 3090 Ti,historical execution; no matched-hardware comparison with current calibration times
development__advection_diffusion__coefficient,development,advection_diffusion,coefficient,32,test,96,64,False,neural:looped:response_matched,0.6124283653209514,0.010791724125798076,2.0575317312487034,0.7825780250690351,6,looped,response_matched,archived_neural_scores,,,,,,70.26036299555562,71.62623201667641,1.53994660358876,34049,NVIDIA GeForce RTX 3090 Ti,historical execution; no matched-hardware comparison with current calibration times
development__advection_diffusion__coefficient,development,advection_diffusion,coefficient,32,test,96,64,False,neural:looped:smooth,6.466729805571988,0.01817819209565913,18.470029311013025,2.542976564101995,6,looped,smooth,archived_neural_scores,,,,,,70.07274281202506,71.43901466329892,1.5425625606440008,34049,NVIDIA GeForce RTX 3090 Ti,historical execution; no matched-hardware comparison with current calibration times
development__advection_diffusion__coefficient,development,advection_diffusion,coefficient,32,test,96,64,False,neural:transformer:iid,0.005758860334432934,0.00435768526901371,0.0073422451205149035,0.07588715526644106,6,transformer,iid,archived_neural_scores,,,,,,72.77893490980689,74.14889250090346,1.5341021004132926,100993,NVIDIA GeForce RTX 3090 Ti,historical execution; no matched-hardware comparison with current calibration times
development__advection_diffusion__coefficient,development,advection_diffusion,coefficient,32,test,96,64,False,neural:transformer:none,0.0038172295540544036,0.002585736148130985,0.005184939509058466,0.06178373211497023,6,transformer,none,archived_neural_scores,,,,,,42.78361937085477,42.82592737100398,1.5332015813328326,100993,NVIDIA GeForce RTX 3090 Ti,historical execution; no matched-hardware comparison with current calibration times
development__advection_diffusion__coefficient,development,advection_diffusion,coefficient,32,test,96,64,False,neural:transformer:response_matched,0.0070622351911461155,0.00597304982563493,0.008381760083478058,0.08403710603742917,6,transformer,response_matched,archived_neural_scores,,,,,,73.23333207556668,74.6032719433618,1.5334005933254957,100993,NVIDIA GeForce RTX 3090 Ti,historical execution; no matched-hardware comparison with current calibration times
development__advection_diffusion__coefficient,development,advection_diffusion,coefficient,32,test,96,64,False,neural:transformer:smooth,0.008226187886307714,0.0055503668645115675,0.01111167653473285,0.09069833452885293,6,transformer,smooth,archived_neural_scores,,,,,,74.02974590542726,75.3994480384669,1.5343170729465783,100993,NVIDIA GeForce RTX 3090 Ti,historical execution; no matched-hardware comparison with current calibration times
development__advection_diffusion__coefficient,development,advection_diffusion,coefficient,32,test,96,64,False,validation_best_neural,0.0004868690648330344,0.0003424115163441088,0.0006813384121211435,0.022065109671901346,6,validation_best_neural,,frozen_validation_selection,,,,,,,,,,,
development__advection_diffusion__coefficient,development,advection_diffusion,coefficient,32,test,96,64,False,validation_selected_route,5.904761124412951e-12,4.502023862688492e-12,7.44000498462291e-12,2.4299714246083125e-06,6,validation_selected_route,,frozen_validation_selection,,,,,,,,,,,
development__advection_diffusion__coefficient,development,advection_diffusion,coefficient,32,ood,64,64,True,calibrated,2.6173987332513946e-12,1.9465540077760898e-12,3.4478812915695977e-12,1.6178376720955024e-06,0,physics_calibrated,,new_frozen_physics_evaluation,0,0,0,2.6173987332513946e-12,0.5525278280001658,,,,,,
development__advection_diffusion__coefficient,development,advection_diffusion,coefficient,32,ood,64,64,True,uncalibrated,0.5686824071126146,0.46170147987920795,0.683815874434856,0.7541103414704076,0,physics_uncalibrated,,new_frozen_physics_evaluation,0,0,0,0.5686824071126146,0.0,,,,,,
development__advection_diffusion__coefficient,development,advection_diffusion,coefficient,32,ood,64,64,True,persistence,1.4053722431665676,1.1757435501627973,1.668810995072245,1.1854839700167048,0,persistence,,new_frozen_physics_evaluation,0,0,0,1.4053722431665676,0.0,,,,,,
development__advection_diffusion__coefficient,development,advection_diffusion,coefficient,32,ood,64,64,True,neural:fno:iid,0.05291497928719752,0.024012105676877848,0.10088890381769411,0.230032561362946,6,fno,iid,archived_neural_scores,,,,,,42.15209199495924,43.51371406352458,1.2630178360268474,209985,NVIDIA GeForce RTX 3090 Ti,historical execution; no matched-hardware comparison with current calibration times
development__advection_diffusion__coefficient,development,advection_diffusion,coefficient,32,ood,64,64,True,neural:fno:none,0.04972419711119871,0.02785119194662494,0.07334118087358477,0.22298923093099968,6,fno,none,archived_neural_scores,,,,,,24.847697846746694,24.881939032968756,1.2434787931852043,209985,NVIDIA GeForce RTX 3090 Ti,historical execution; no matched-hardware comparison with current calibration times
development__advection_diffusion__coefficient,development,advection_diffusion,coefficient,32,ood,64,64,True,neural:fno:response_matched,0.047449007298000855,0.02538724153576436,0.07463619314861904,0.21782793048183893,6,fno,response_matched,archived_neural_scores,,,,,,41.94662354762355,43.3085017791794,1.2301050242967904,209985,NVIDIA GeForce RTX 3090 Ti,historical execution; no matched-hardware comparison with current calibration times
development__advection_diffusion__coefficient,development,advection_diffusion,coefficient,32,ood,64,64,True,neural:fno:smooth,0.037418212140607005,0.01897458313006949,0.05904066511876459,0.19343787669587104,6,fno,smooth,archived_neural_scores,,,,,,42.259653414289154,43.62127066155275,1.243226311635226,209985,NVIDIA GeForce RTX 3090 Ti,historical execution; no matched-hardware comparison with current calibration times
development__advection_diffusion__coefficient,development,advection_diffusion,coefficient,32,ood,64,64,True,neural:looped:iid,12.174830416810712,1.9158339812015548,28.248214146657983,3.4892449637150316,6,looped,iid,archived_neural_scores,,,,,,70.35288086471458,71.7188390319546,1.5433653490617871,34049,NVIDIA GeForce RTX 3090 Ti,historical execution; no matched-hardware comparison with current calibration times
development__advection_diffusion__coefficient,development,advection_diffusion,coefficient,32,ood,64,64,True,neural:looped:none,21.733185064308703,1.4480027422788153,46.82731038271449,4.661886427650153,6,looped,none,archived_neural_scores,,,,,,39.358808988860496,39.39760175145542,1.5390768297947943,34049,NVIDIA GeForce RTX 3090 Ti,historical execution; no matched-hardware comparison with current calibration times
development__advection_diffusion__coefficient,development,advection_diffusion,coefficient,32,ood,64,64,True,neural:looped:response_matched,9.180421777300467,1.8085297702869123,22.895093437274788,3.029921084335443,6,looped,response_matched,archived_neural_scores,,,,,,70.26036299555562,71.62623201667641,1.53994660358876,34049,NVIDIA GeForce RTX 3090 Ti,historical execution; no matched-hardware comparison with current calibration times
development__advection_diffusion__coefficient,development,advection_diffusion,coefficient,32,ood,64,64,True,neural:looped:smooth,23.77547079901652,2.9401251309603116,54.64715030090175,4.876009720972315,6,looped,smooth,archived_neural_scores,,,,,,70.07274281202506,71.43901466329892,1.5425625606440008,34049,NVIDIA GeForce RTX 3090 Ti,historical execution; no matched-hardware comparison with current calibration times
development__advection_diffusion__coefficient,development,advection_diffusion,coefficient,32,ood,64,64,True,neural:transformer:iid,1.1793981179517015,0.7760861916908817,1.5881190844072717,1.086000975115447,6,transformer,iid,archived_neural_scores,,,,,,72.77893490980689,74.14889250090346,1.5341021004132926,100993,NVIDIA GeForce RTX 3090 Ti,historical execution; no matched-hardware comparison with current calibration times
development__advection_diffusion__coefficient,development,advection_diffusion,coefficient,32,ood,64,64,True,neural:transformer:none,1.1576989852044715,0.8639757623178104,1.5683220973556973,1.0759642118604464,6,transformer,none,archived_neural_scores,,,,,,42.78361937085477,42.82592737100398,1.5332015813328326,100993,NVIDIA GeForce RTX 3090 Ti,historical execution; no matched-hardware comparison with current calibration times
development__advection_diffusion__coefficient,development,advection_diffusion,coefficient,32,ood,64,64,True,neural:transformer:response_matched,1.2867876219691017,0.8071960747373552,1.757098866775035,1.1343666170903928,6,transformer,response_matched,archived_neural_scores,,,,,,73.23333207556668,74.6032719433618,1.5334005933254957,100993,NVIDIA GeForce RTX 3090 Ti,historical execution; no matched-hardware comparison with current calibration times
development__advection_diffusion__coefficient,development,advection_diffusion,coefficient,32,ood,64,64,True,neural:transformer:smooth,1.1733013756955895,0.8536903895520737,1.5560098042576944,1.0831903690928892,6,transformer,smooth,archived_neural_scores,,,,,,74.02974590542726,75.3994480384669,1.5343170729465783,100993,NVIDIA GeForce RTX 3090 Ti,historical execution; no matched-hardware comparison with current calibration times
development__advection_diffusion__coefficient,development,advection_diffusion,coefficient,32,ood,64,64,True,validation_best_neural,0.04972419711119871,0.02785119194662494,0.07334118087358477,0.22298923093099968,6,validation_best_neural,,frozen_validation_selection,,,,,,,,,,,
development__advection_diffusion__coefficient,development,advection_diffusion,coefficient,32,ood,64,64,True,validation_selected_route,2.6173987332513946e-12,1.9465540077760898e-12,3.4478812915695977e-12,1.6178376720955024e-06,6,validation_selected_route,,frozen_validation_selection,,,,,,,,,,,
development__advection_diffusion__coefficient,development,advection_diffusion,coefficient,32,ood,96,64,False,calibrated,4.070228281396189e-12,3.0905983564238944e-12,5.205976502323903e-12,2.017480676833409e-06,0,physics_calibrated,,new_frozen_physics_evaluation,0,0,0,4.070228281396189e-12,0.5525278280001658,,,,,,
development__advection_diffusion__coefficient,development,advection_diffusion,coefficient,32,ood,96,64,False,uncalibrated,0.7019233587782001,0.5703811125747753,0.8487038328862371,0.8378086647786595,0,physics_uncalibrated,,new_frozen_physics_evaluation,0,0,0,0.7019233587782001,0.0,,,,,,
development__advection_diffusion__coefficient,development,advection_diffusion,coefficient,32,ood,96,64,False,persistence,1.380484518164716,1.1631505541485405,1.6312068168183633,1.1749402189748703,0,persistence,,new_frozen_physics_evaluation,0,0,0,1.380484518164716,0.0,,,,,,
development__advection_diffusion__coefficient,development,advection_diffusion,coefficient,32,ood,96,64,False,neural:fno:iid,0.11304923614192756,0.037659432423910705,0.2436822309885971,0.33622795264809197,6,fno,iid,archived_neural_scores,,,,,,42.15209199495924,43.51371406352458,1.2630178360268474,209985,NVIDIA GeForce RTX 3090 Ti,historical execution; no matched-hardware comparison with current calibration times
development__advection_diffusion__coefficient,development,advection_diffusion,coefficient,32,ood,96,64,False,neural:fno:none,0.07315159807895903,0.04113641513948793,0.10711383230566864,0.2704655210539026,6,fno,none,archived_neural_scores,,,,,,24.847697846746694,24.881939032968756,1.2434787931852043,209985,NVIDIA GeForce RTX 3090 Ti,historical execution; no matched-hardware comparison with current calibration times
development__advection_diffusion__coefficient,development,advection_diffusion,coefficient,32,ood,96,64,False,neural:fno:response_matched,0.07991565999880841,0.03794512474712476,0.1363788835646499,0.2826935796915247,6,fno,response_matched,archived_neural_scores,,,,,,41.94662354762355,43.3085017791794,1.2301050242967904,209985,NVIDIA GeForce RTX 3090 Ti,historical execution; no matched-hardware comparison with current calibration times
development__advection_diffusion__coefficient,development,advection_diffusion,coefficient,32,ood,96,64,False,neural:fno:smooth,0.05680942181426413,0.028372557122815015,0.08985297458576119,0.23834727146385404,6,fno,smooth,archived_neural_scores,,,,,,42.259653414289154,43.62127066155275,1.243226311635226,209985,NVIDIA GeForce RTX 3090 Ti,historical execution; no matched-hardware comparison with current calibration times
development__advection_diffusion__coefficient,development,advection_diffusion,coefficient,32,ood,96,64,False,neural:looped:iid,32.010143730208995,2.8127256567256826,76.45964734037882,5.657750766003129,6,looped,iid,archived_neural_scores,,,,,,70.35288086471458,71.7188390319546,1.5433653490617871,34049,NVIDIA GeForce RTX 3090 Ti,historical execution; no matched-hardware comparison with current calibration times
development__advection_diffusion__coefficient,development,advection_diffusion,coefficient,32,ood,96,64,False,neural:looped:none,50.43172309530607,2.1131980681472733,113.6257322052145,7.101529630671555,6,looped,none,archived_neural_scores,,,,,,39.358808988860496,39.39760175145542,1.5390768297947943,34049,NVIDIA GeForce RTX 3090 Ti,historical execution; no matched-hardware comparison with current calibration times
development__advection_diffusion__coefficient,development,advection_diffusion,coefficient,32,ood,96,64,False,neural:looped:response_matched,24.53624236379753,2.585150840939916,61.93367085649899,4.953407146984541,6,looped,response_matched,archived_neural_scores,,,,,,70.26036299555562,71.62623201667641,1.53994660358876,34049,NVIDIA GeForce RTX 3090 Ti,historical execution; no matched-hardware comparison with current calibration times
development__advection_diffusion__coefficient,development,advection_diffusion,coefficient,32,ood,96,64,False,neural:looped:smooth,51.17059353386508,4.569198329197843,119.38089226406781,7.153362393578637,6,looped,smooth,archived_neural_scores,,,,,,70.07274281202506,71.43901466329892,1.5425625606440008,34049,NVIDIA GeForce RTX 3090 Ti,historical execution; no matched-hardware comparison with current calibration times
development__advection_diffusion__coefficient,development,advection_diffusion,coefficient,32,ood,96,64,False,neural:transformer:iid,1.5023045689203733,0.8998820677370492,2.121074294279728,1.2256853466205646,6,transformer,iid,archived_neural_scores,,,,,,72.77893490980689,74.14889250090346,1.5341021004132926,100993,NVIDIA GeForce RTX 3090 Ti,historical execution; no matched-hardware comparison with current calibration times
development__advection_diffusion__coefficient,development,advection_diffusion,coefficient,32,ood,96,64,False,neural:transformer:none,1.462410404479139,0.9749981122302356,2.165158987009562,1.2093016184885965,6,transformer,none,archived_neural_scores,,,,,,42.78361937085477,42.82592737100398,1.5332015813328326,100993,NVIDIA GeForce RTX 3090 Ti,historical execution; no matched-hardware comparison with current calibration times
development__advection_diffusion__coefficient,development,advection_diffusion,coefficient,32,ood,96,64,False,neural:transformer:response_matched,1.6637708274325511,0.9551123015854162,2.3639606079227944,1.2898724074235215,6,transformer,response_matched,archived_neural_scores,,,,,,73.23333207556668,74.6032719433618,1.5334005933254957,100993,NVIDIA GeForce RTX 3090 Ti,historical execution; no matched-hardware comparison with current calibration times
development__advection_diffusion__coefficient,development,advection_diffusion,coefficient,32,ood,96,64,False,neural:transformer:smooth,1.4754495721238594,0.9584689949926315,2.115543528910978,1.2146808519623002,6,transformer,smooth,archived_neural_scores,,,,,,74.02974590542726,75.3994480384669,1.5343170729465783,100993,NVIDIA GeForce RTX 3090 Ti,historical execution; no matched-hardware comparison with current calibration times
development__advection_diffusion__coefficient,development,advection_diffusion,coefficient,32,ood,96,64,False,validation_best_neural,0.07315159807895903,0.04113641513948793,0.10711383230566864,0.2704655210539026,6,validation_best_neural,,frozen_validation_selection,,,,,,,,,,,
development__advection_diffusion__coefficient,development,advection_diffusion,coefficient,32,ood,96,64,False,validation_selected_route,4.070228281396189e-12,3.0905983564238936e-12,5.205976502323901e-12,2.017480676833409e-06,6,validation_selected_route,,frozen_validation_selection,,,,,,,,,,,
development__advection_diffusion__correct,development,advection_diffusion,correct,32,test,64,64,True,calibrated,3.0629281019194087e-12,2.380755490978847e-12,3.814912560004323e-12,1.7501223105598674e-06,0,physics_calibrated,,new_frozen_physics_evaluation,0,0,0,3.0629281019194087e-12,0.4008291760001157,,,,,,
development__advection_diffusion__correct,development,advection_diffusion,correct,32,test,64,64,True,uncalibrated,3.0629281019194087e-12,2.380755490978847e-12,3.814912560004323e-12,1.7501223105598674e-06,0,physics_uncalibrated,,new_frozen_physics_evaluation,0,0,0,3.0629281019194087e-12,0.0,,,,,,
development__advection_diffusion__correct,development,advection_diffusion,correct,32,test,64,64,True,persistence,1.9041640596724392,1.5325546860580856,2.308042579556557,1.3799145117261573,0,persistence,,new_frozen_physics_evaluation,0,0,0,1.9041640596724392,0.0,,,,,,
development__advection_diffusion__correct,development,advection_diffusion,correct,32,test,64,64,True,neural:fno:iid,0.00022707441679326612,0.00017967341858750657,0.0002790066455295166,0.015068988578974573,6,fno,iid,archived_neural_scores,,,,,,41.913991620686524,43.329350356090195,1.26599483191967,209985,NVIDIA GeForce RTX 3090 Ti,historical execution; no matched-hardware comparison with current calibration times
development__advection_diffusion__correct,development,advection_diffusion,correct,32,test,64,64,True,neural:fno:none,0.0004245626818379534,0.0003089264447503392,0.0005667149930115593,0.02060491887482097,6,fno,none,archived_neural_scores,,,,,,25.358475003701944,25.392690100939944,1.25926632899791,209985,NVIDIA GeForce RTX 3090 Ti,historical execution; no matched-hardware comparison with current calibration times
development__advection_diffusion__correct,development,advection_diffusion,correct,32,test,64,64,True,neural:fno:response_matched,0.00021473667526100923,0.00015778758569323986,0.00028919290359292484,0.014653896248472938,6,fno,response_matched,archived_neural_scores,,,,,,41.65945835178718,43.07475024772187,1.2468260945752263,209985,NVIDIA GeForce RTX 3090 Ti,historical execution; no matched-hardware comparison with current calibration times
development__advection_diffusion__correct,development,advection_diffusion,correct,32,test,64,64,True,neural:fno:smooth,0.00012019822972282196,9.074787880277014e-05,0.0001593643986795464,0.010963495324157435,6,fno,smooth,archived_neural_scores,,,,,,41.77893476296837,43.19431246646369,1.2501598452217877,209985,NVIDIA GeForce RTX 3090 Ti,historical execution; no matched-hardware comparison with current calibration times
development__advection_diffusion__correct,development,advection_diffusion,correct,32,test,64,64,True,neural:looped:iid,0.02671264922534315,0.0029832560915190494,0.08629995251491994,0.16344004780145882,6,looped,iid,archived_neural_scores,,,,,,69.99603867034118,71.41556914810401,1.5392183559015393,34049,NVIDIA GeForce RTX 3090 Ti,historical execution; no matched-hardware comparison with current calibration times
development__advection_diffusion__correct,development,advection_diffusion,correct,32,test,64,64,True,neural:looped:none,0.12916480399682628,0.0034424818538311788,0.40932592959354536,0.3593950528274232,6,looped,none,archived_neural_scores,,,,,,39.04703431444553,39.085240431207545,1.5399115975014865,34049,NVIDIA GeForce RTX 3090 Ti,historical execution; no matched-hardware comparison with current calibration times
development__advection_diffusion__correct,development,advection_diffusion,correct,32,test,64,64,True,neural:looped:response_matched,0.014824484388784845,0.0033637665429173728,0.044041930236977604,0.12175583923896564,6,looped,response_matched,archived_neural_scores,,,,,,69.97939420336236,71.3990755409468,1.5375075512565672,34049,NVIDIA GeForce RTX 3090 Ti,historical execution; no matched-hardware comparison with current calibration times
development__advection_diffusion__correct,development,advection_diffusion,correct,32,test,64,64,True,neural:looped:smooth,0.4634224528078173,0.003689475828164715,1.4824138190993195,0.6807513883994782,6,looped,smooth,archived_neural_scores,,,,,,69.93041624121058,71.35016499886599,1.5397191047668457,34049,NVIDIA GeForce RTX 3090 Ti,historical execution; no matched-hardware comparison with current calibration times
development__advection_diffusion__correct,development,advection_diffusion,correct,32,test,64,64,True,neural:transformer:iid,0.002481551997572995,0.0017912471551252032,0.0033826884676321917,0.04981517838543786,6,transformer,iid,archived_neural_scores,,,,,,72.33967783891906,73.76297706109472,1.5483743511140347,100993,NVIDIA GeForce RTX 3090 Ti,historical execution; no matched-hardware comparison with current calibration times
development__advection_diffusion__correct,development,advection_diffusion,correct,32,test,64,64,True,neural:transformer:none,0.002642837333670008,0.0020239112406771893,0.0034075568519754476,0.05140853366582253,6,transformer,none,archived_neural_scores,,,,,,42.67953908645237,42.722266539620854,1.5533850877545774,100993,NVIDIA GeForce RTX 3090 Ti,historical execution; no matched-hardware comparison with current calibration times
development__advection_diffusion__correct,development,advection_diffusion,correct,32,test,64,64,True,neural:transformer:response_matched,0.0029761873766303015,0.0018534248916151036,0.004510057099159015,0.054554444151052456,6,transformer,response_matched,archived_neural_scores,,,,,,72.95189055451192,74.37513144073698,1.543921569827944,100993,NVIDIA GeForce RTX 3090 Ti,historical execution; no matched-hardware comparison with current calibration times
development__advection_diffusion__correct,development,advection_diffusion,correct,32,test,64,64,True,neural:transformer:smooth,0.0020983857733757974,0.001537396000203159,0.002819503929982021,0.045808140907220816,6,transformer,smooth,archived_neural_scores,,,,,,72.88749042750958,74.31129602420454,1.556385587900877,100993,NVIDIA GeForce RTX 3090 Ti,historical execution; no matched-hardware comparison with current calibration times
development__advection_diffusion__correct,development,advection_diffusion,correct,32,test,64,64,True,validation_best_neural,0.00012019822972282196,9.074787880277014e-05,0.0001593643986795464,0.010963495324157435,6,validation_best_neural,,frozen_validation_selection,,,,,,,,,,,
development__advection_diffusion__correct,development,advection_diffusion,correct,32,test,64,64,True,validation_selected_route,3.0629281019194087e-12,2.380755490978847e-12,3.814912560004323e-12,1.7501223105598674e-06,6,validation_selected_route,,frozen_validation_selection,,,,,,,,,,,
development__advection_diffusion__correct,development,advection_diffusion,correct,32,test,96,64,False,calibrated,5.086514745198562e-12,3.983355632990138e-12,6.265988443013142e-12,2.255330296253425e-06,0,physics_calibrated,,new_frozen_physics_evaluation,0,0,0,5.086514745198562e-12,0.4008291760001157,,,,,,
development__advection_diffusion__correct,development,advection_diffusion,correct,32,test,96,64,False,uncalibrated,5.086514745198562e-12,3.983355632990138e-12,6.265988443013142e-12,2.255330296253425e-06,0,physics_uncalibrated,,new_frozen_physics_evaluation,0,0,0,5.086514745198562e-12,0.0,,,,,,
development__advection_diffusion__correct,development,advection_diffusion,correct,32,test,96,64,False,persistence,1.7984063005017863,1.4833726797149638,2.1320906841298286,1.3410467182398182,0,persistence,,new_frozen_physics_evaluation,0,0,0,1.7984063005017863,0.0,,,,,,
development__advection_diffusion__correct,development,advection_diffusion,correct,32,test,96,64,False,neural:fno:iid,0.00033676522569500174,0.00026037550566168714,0.00042356495090029186,0.018351164150946984,6,fno,iid,archived_neural_scores,,,,,,41.913991620686524,43.329350356090195,1.26599483191967,209985,NVIDIA GeForce RTX 3090 Ti,historical execution; no matched-hardware comparison with current calibration times
development__advection_diffusion__correct,development,advection_diffusion,correct,32,test,96,64,False,neural:fno:none,0.000625304228676767,0.0004266670166789265,0.0008611701014208465,0.025006083833274795,6,fno,none,archived_neural_scores,,,,,,25.358475003701944,25.392690100939944,1.25926632899791,209985,NVIDIA GeForce RTX 3090 Ti,historical execution; no matched-hardware comparison with current calibration times
development__advection_diffusion__correct,development,advection_diffusion,correct,32,test,96,64,False,neural:fno:response_matched,0.00030977761001248525,0.0002311478709061096,0.00040281809685533635,0.01760050027733545,6,fno,response_matched,archived_neural_scores,,,,,,41.65945835178718,43.07475024772187,1.2468260945752263,209985,NVIDIA GeForce RTX 3090 Ti,historical execution; no matched-hardware comparison with current calibration times
development__advection_diffusion__correct,development,advection_diffusion,correct,32,test,96,64,False,neural:fno:smooth,0.00016886941510165456,0.00012868799501480378,0.00021845625409405695,0.012994976533324504,6,fno,smooth,archived_neural_scores,,,,,,41.77893476296837,43.19431246646369,1.2501598452217877,209985,NVIDIA GeForce RTX 3090 Ti,historical execution; no matched-hardware comparison with current calibration times
development__advection_diffusion__correct,development,advection_diffusion,correct,32,test,96,64,False,neural:looped:iid,0.866273604015928,0.003805020078428905,2.8414712238132576,0.9307382038016534,6,looped,iid,archived_neural_scores,,,,,,69.99603867034118,71.41556914810401,1.5392183559015393,34049,NVIDIA GeForce RTX 3090 Ti,historical execution; no matched-hardware comparison with current calibration times
development__advection_diffusion__correct,development,advection_diffusion,correct,32,test,96,64,False,neural:looped:none,4.0209885007981425,0.005005436982996265,12.774928634109655,2.0052402601180095,6,looped,none,archived_neural_scores,,,,,,39.04703431444553,39.085240431207545,1.5399115975014865,34049,NVIDIA GeForce RTX 3090 Ti,historical execution; no matched-hardware comparison with current calibration times
development__advection_diffusion__correct,development,advection_diffusion,correct,32,test,96,64,False,neural:looped:response_matched,0.325956604248764,0.004393360654636507,1.1497762795135216,0.5709260935084015,6,looped,response_matched,archived_neural_scores,,,,,,69.97939420336236,71.3990755409468,1.5375075512565672,34049,NVIDIA GeForce RTX 3090 Ti,historical execution; no matched-hardware comparison with current calibration times
development__advection_diffusion__correct,development,advection_diffusion,correct,32,test,96,64,False,neural:looped:smooth,7.3168939051749815,0.005500120561516111,22.864675177598187,2.704975767945987,6,looped,smooth,archived_neural_scores,,,,,,69.93041624121058,71.35016499886599,1.5397191047668457,34049,NVIDIA GeForce RTX 3090 Ti,historical execution; no matched-hardware comparison with current calibration times
development__advection_diffusion__correct,development,advection_diffusion,correct,32,test,96,64,False,neural:transformer:iid,0.003602002790016237,0.0022463941342333853,0.005732955383017882,0.06001668759616976,6,transformer,iid,archived_neural_scores,,,,,,72.33967783891906,73.76297706109472,1.5483743511140347,100993,NVIDIA GeForce RTX 3090 Ti,historical execution; no matched-hardware comparison with current calibration times
development__advection_diffusion__correct,development,advection_diffusion,correct,32,test,96,64,False,neural:transformer:none,0.0038178056507215392,0.00254897869792433,0.005285183342064546,0.06178839414260205,6,transformer,none,archived_neural_scores,,,,,,42.67953908645237,42.722266539620854,1.5533850877545774,100993,NVIDIA GeForce RTX 3090 Ti,historical execution; no matched-hardware comparison with current calibration times
development__advection_diffusion__correct,development,advection_diffusion,correct,32,test,96,64,False,neural:transformer:response_matched,0.004368465922635018,0.002150789418064122,0.008088987201370081,0.06609437133852639,6,transformer,response_matched,archived_neural_scores,,,,,,72.95189055451192,74.37513144073698,1.543921569827944,100993,NVIDIA GeForce RTX 3090 Ti,historical execution; no matched-hardware comparison with current calibration times
development__advection_diffusion__correct,development,advection_diffusion,correct,32,test,96,64,False,neural:transformer:smooth,0.00260247599282793,0.0017862349978335266,0.0038067970611210147,0.051014468465602286,6,transformer,smooth,archived_neural_scores,,,,,,72.88749042750958,74.31129602420454,1.556385587900877,100993,NVIDIA GeForce RTX 3090 Ti,historical execution; no matched-hardware comparison with current calibration times
development__advection_diffusion__correct,development,advection_diffusion,correct,32,test,96,64,False,validation_best_neural,0.00016886941510165456,0.00012868799501480378,0.00021845625409405695,0.012994976533324504,6,validation_best_neural,,frozen_validation_selection,,,,,,,,,,,
development__advection_diffusion__correct,development,advection_diffusion,correct,32,test,96,64,False,validation_selected_route,5.086514745198561e-12,3.983355632990138e-12,6.265988443013142e-12,2.255330296253425e-06,6,validation_selected_route,,frozen_validation_selection,,,,,,,,,,,
development__advection_diffusion__correct,development,advection_diffusion,correct,32,ood,64,64,True,calibrated,2.1598008408486055e-12,1.562410155616951e-12,2.91293466192083e-12,1.4696260887887794e-06,0,physics_calibrated,,new_frozen_physics_evaluation,0,0,0,2.1598008408486055e-12,0.4008291760001157,,,,,,
development__advection_diffusion__correct,development,advection_diffusion,correct,32,ood,64,64,True,uncalibrated,2.1598008408486055e-12,1.562410155616951e-12,2.91293466192083e-12,1.4696260887887794e-06,0,physics_uncalibrated,,new_frozen_physics_evaluation,0,0,0,2.1598008408486055e-12,0.0,,,,,,
development__advection_diffusion__correct,development,advection_diffusion,correct,32,ood,64,64,True,persistence,1.4053722431665676,1.174862544643498,1.6561403597427955,1.1854839700167048,0,persistence,,new_frozen_physics_evaluation,0,0,0,1.4053722431665676,0.0,,,,,,
development__advection_diffusion__correct,development,advection_diffusion,correct,32,ood,64,64,True,neural:fno:iid,0.02851748480462975,0.015119097249846862,0.043832729730199665,0.1688712077431489,6,fno,iid,archived_neural_scores,,,,,,41.913991620686524,43.329350356090195,1.26599483191967,209985,NVIDIA GeForce RTX 3090 Ti,historical execution; no matched-hardware comparison with current calibration times
development__advection_diffusion__correct,development,advection_diffusion,correct,32,ood,64,64,True,neural:fno:none,0.0559033271343174,0.028769046366827953,0.09001916839294924,0.23643884438542961,6,fno,none,archived_neural_scores,,,,,,25.358475003701944,25.392690100939944,1.25926632899791,209985,NVIDIA GeForce RTX 3090 Ti,historical execution; no matched-hardware comparison with current calibration times
development__advection_diffusion__correct,development,advection_diffusion,correct,32,ood,64,64,True,neural:fno:response_matched,0.037758882797809125,0.02447093447484446,0.05252406553514345,0.19431645014719964,6,fno,response_matched,archived_neural_scores,,,,,,41.65945835178718,43.07475024772187,1.2468260945752263,209985,NVIDIA GeForce RTX 3090 Ti,historical execution; no matched-hardware comparison with current calibration times
development__advection_diffusion__correct,development,advection_diffusion,correct,32,ood,64,64,True,neural:fno:smooth,0.036540852716647566,0.025097442435248002,0.05002413321772403,0.19115661829151395,6,fno,smooth,archived_neural_scores,,,,,,41.77893476296837,43.19431246646369,1.2501598452217877,209985,NVIDIA GeForce RTX 3090 Ti,historical execution; no matched-hardware comparison with current calibration times
development__advection_diffusion__correct,development,advection_diffusion,correct,32,ood,64,64,True,neural:looped:iid,12.974816010720838,1.5382736756226207,29.407170873656224,3.602057191483894,6,looped,iid,archived_neural_scores,,,,,,69.99603867034118,71.41556914810401,1.5392183559015393,34049,NVIDIA GeForce RTX 3090 Ti,historical execution; no matched-hardware comparison with current calibration times
development__advection_diffusion__correct,development,advection_diffusion,correct,32,ood,64,64,True,neural:looped:none,21.733231509564963,1.4238376249433364,46.27572657641637,4.661891409027559,6,looped,none,archived_neural_scores,,,,,,39.04703431444553,39.085240431207545,1.5399115975014865,34049,NVIDIA GeForce RTX 3090 Ti,historical execution; no matched-hardware comparison with current calibration times
development__advection_diffusion__correct,development,advection_diffusion,correct,32,ood,64,64,True,neural:looped:response_matched,10.185364562243032,1.5524309253204434,25.682674941945397,3.1914517953813797,6,looped,response_matched,archived_neural_scores,,,,,,69.97939420336236,71.3990755409468,1.5375075512565672,34049,NVIDIA GeForce RTX 3090 Ti,historical execution; no matched-hardware comparison with current calibration times
development__advection_diffusion__correct,development,advection_diffusion,correct,32,ood,64,64,True,neural:looped:smooth,23.49456692778953,2.0727729696341233,53.303945122219915,4.847119446412429,6,looped,smooth,archived_neural_scores,,,,,,69.93041624121058,71.35016499886599,1.5397191047668457,34049,NVIDIA GeForce RTX 3090 Ti,historical execution; no matched-hardware comparison with current calibration times
development__advection_diffusion__correct,development,advection_diffusion,correct,32,ood,64,64,True,neural:transformer:iid,1.2561389718037173,0.8132589915160063,1.7007579496748997,1.1207760578294477,6,transformer,iid,archived_neural_scores,,,,,,72.33967783891906,73.76297706109472,1.5483743511140347,100993,NVIDIA GeForce RTX 3090 Ti,historical execution; no matched-hardware comparison with current calibration times
development__advection_diffusion__correct,development,advection_diffusion,correct,32,ood,64,64,True,neural:transformer:none,1.1577025875452118,0.8646959816084767,1.5599797321842537,1.0759658858649803,6,transformer,none,archived_neural_scores,,,,,,42.67953908645237,42.722266539620854,1.5533850877545774,100993,NVIDIA GeForce RTX 3090 Ti,historical execution; no matched-hardware comparison with current calibration times
development__advection_diffusion__correct,development,advection_diffusion,correct,32,ood,64,64,True,neural:transformer:response_matched,1.3619347201686953,0.8608902448555547,1.888106350718752,1.1670195885968218,6,transformer,response_matched,archived_neural_scores,,,,,,72.95189055451192,74.37513144073698,1.543921569827944,100993,NVIDIA GeForce RTX 3090 Ti,historical execution; no matched-hardware comparison with current calibration times
development__advection_diffusion__correct,development,advection_diffusion,correct,32,ood,64,64,True,neural:transformer:smooth,1.2974756762536164,0.9250537539494949,1.830620214410444,1.1390678979997708,6,transformer,smooth,archived_neural_scores,,,,,,72.88749042750958,74.31129602420454,1.556385587900877,100993,NVIDIA GeForce RTX 3090 Ti,historical execution; no matched-hardware comparison with current calibration times
development__advection_diffusion__correct,development,advection_diffusion,correct,32,ood,64,64,True,validation_best_neural,0.036540852716647566,0.025097442435248002,0.05002413321772403,0.19115661829151395,6,validation_best_neural,,frozen_validation_selection,,,,,,,,,,,
development__advection_diffusion__correct,development,advection_diffusion,correct,32,ood,64,64,True,validation_selected_route,2.1598008408486055e-12,1.5624101556169507e-12,2.912934661920829e-12,1.4696260887887794e-06,6,validation_selected_route,,frozen_validation_selection,,,,,,,,,,,
development__advection_diffusion__correct,development,advection_diffusion,correct,32,ood,96,64,False,calibrated,3.2760481783379498e-12,2.414254251844445e-12,4.303968747959811e-12,1.8099856845671322e-06,0,physics_calibrated,,new_frozen_physics_evaluation,0,0,0,3.2760481783379498e-12,0.4008291760001157,,,,,,
development__advection_diffusion__correct,development,advection_diffusion,correct,32,ood,96,64,False,uncalibrated,3.2760481783379498e-12,2.414254251844445e-12,4.303968747959811e-12,1.8099856845671322e-06,0,physics_uncalibrated,,new_frozen_physics_evaluation,0,0,0,3.2760481783379498e-12,0.0,,,,,,
development__advection_diffusion__correct,development,advection_diffusion,correct,32,ood,96,64,False,persistence,1.380484518164716,1.1627284928194745,1.6211994917334482,1.1749402189748703,0,persistence,,new_frozen_physics_evaluation,0,0,0,1.380484518164716,0.0,,,,,,
development__advection_diffusion__correct,development,advection_diffusion,correct,32,ood,96,64,False,neural:fno:iid,0.04323042843087229,0.022712989308469305,0.0664410733501477,0.20791928345122848,6,fno,iid,archived_neural_scores,,,,,,41.913991620686524,43.329350356090195,1.26599483191967,209985,NVIDIA GeForce RTX 3090 Ti,historical execution; no matched-hardware comparison with current calibration times
development__advection_diffusion__correct,development,advection_diffusion,correct,32,ood,96,64,False,neural:fno:none,0.08174468868864478,0.042747070882450125,0.1301846936333057,0.28591028083761655,6,fno,none,archived_neural_scores,,,,,,25.358475003701944,25.392690100939944,1.25926632899791,209985,NVIDIA GeForce RTX 3090 Ti,historical execution; no matched-hardware comparison with current calibration times
development__advection_diffusion__correct,development,advection_diffusion,correct,32,ood,96,64,False,neural:fno:response_matched,0.05925277025297377,0.038258583259002645,0.08410461395949347,0.24341891925849513,6,fno,response_matched,archived_neural_scores,,,,,,41.65945835178718,43.07475024772187,1.2468260945752263,209985,NVIDIA GeForce RTX 3090 Ti,historical execution; no matched-hardware comparison with current calibration times
development__advection_diffusion__correct,development,advection_diffusion,correct,32,ood,96,64,False,neural:fno:smooth,0.05644289667908523,0.03871911696733077,0.07764803319028052,0.23757713837632868,6,fno,smooth,archived_neural_scores,,,,,,41.77893476296837,43.19431246646369,1.2501598452217877,209985,NVIDIA GeForce RTX 3090 Ti,historical execution; no matched-hardware comparison with current calibration times
development__advection_diffusion__correct,development,advection_diffusion,correct,32,ood,96,64,False,neural:looped:iid,34.36667510460052,2.4655130655850304,80.17712583078291,5.8623097073253065,6,looped,iid,archived_neural_scores,,,,,,69.99603867034118,71.41556914810401,1.5392183559015393,34049,NVIDIA GeForce RTX 3090 Ti,historical execution; no matched-hardware comparison with current calibration times
development__advection_diffusion__correct,development,advection_diffusion,correct,32,ood,96,64,False,neural:looped:none,50.43178745037054,2.0301491777184335,112.7357617046241,7.101534161740725,6,looped,none,archived_neural_scores,,,,,,39.04703431444553,39.085240431207545,1.5399115975014865,34049,NVIDIA GeForce RTX 3090 Ti,historical execution; no matched-hardware comparison with current calibration times
development__advection_diffusion__correct,development,advection_diffusion,correct,32,ood,96,64,False,neural:looped:response_matched,27.072844847825607,2.461475160375809,67.90529628159814,5.203157199991713,6,looped,response_matched,archived_neural_scores,,,,,,69.97939420336236,71.3990755409468,1.5375075512565672,34049,NVIDIA GeForce RTX 3090 Ti,historical execution; no matched-hardware comparison with current calibration times
development__advection_diffusion__correct,development,advection_diffusion,correct,32,ood,96,64,False,neural:looped:smooth,52.81034812240576,3.080041975611254,122.7425726909332,7.267072871686768,6,looped,smooth,archived_neural_scores,,,,,,69.93041624121058,71.35016499886599,1.5397191047668457,34049,NVIDIA GeForce RTX 3090 Ti,historical execution; no matched-hardware comparison with current calibration times
development__advection_diffusion__correct,development,advection_diffusion,correct,32,ood,96,64,False,neural:transformer:iid,1.6506100901189058,0.962684075342287,2.3428029277129103,1.284760713175378,6,transformer,iid,archived_neural_scores,,,,,,72.33967783891906,73.76297706109472,1.5483743511140347,100993,NVIDIA GeForce RTX 3090 Ti,historical execution; no matched-hardware comparison with current calibration times
development__advection_diffusion__correct,development,advection_diffusion,correct,32,ood,96,64,False,neural:transformer:none,1.4624164011937195,0.977190797791595,2.151212413277532,1.2093040978983407,6,transformer,none,archived_neural_scores,,,,,,42.67953908645237,42.722266539620854,1.5533850877545774,100993,NVIDIA GeForce RTX 3090 Ti,historical execution; no matched-hardware comparison with current calibration times
development__advection_diffusion__correct,development,advection_diffusion,correct,32,ood,96,64,False,neural:transformer:response_matched,1.8242473760702118,1.0146701589016256,2.6975631800492956,1.3506470212717354,6,transformer,response_matched,archived_neural_scores,,,,,,72.95189055451192,74.37513144073698,1.543921569827944,100993,NVIDIA GeForce RTX 3090 Ti,historical execution; no matched-hardware comparison with current calibration times
development__advection_diffusion__correct,development,advection_diffusion,correct,32,ood,96,64,False,neural:transformer:smooth,1.6846851553968698,1.039187058611494,2.6029531921835156,1.2979542192993057,6,transformer,smooth,archived_neural_scores,,,,,,72.88749042750958,74.31129602420454,1.556385587900877,100993,NVIDIA GeForce RTX 3090 Ti,historical execution; no matched-hardware comparison with current calibration times
development__advection_diffusion__correct,development,advection_diffusion,correct,32,ood,96,64,False,validation_best_neural,0.05644289667908523,0.03871911696733077,0.07764803319028052,0.23757713837632868,6,validation_best_neural,,frozen_validation_selection,,,,,,,,,,,
development__advection_diffusion__correct,development,advection_diffusion,correct,32,ood,96,64,False,validation_selected_route,3.2760481783379498e-12,2.4142542518444453e-12,4.303968747959811e-12,1.8099856845671322e-06,6,validation_selected_route,,frozen_validation_selection,,,,,,,,,,,
development__allen_cahn__coefficient,development,allen_cahn,coefficient,32,test,64,64,True,calibrated,4.0747945426496945e-12,2.4268153831346938e-12,6.854544996761804e-12,2.018612033712693e-06,0,physics_calibrated,,new_frozen_physics_evaluation,0,0,0,4.0747945426496945e-12,0.7472396159973869,,,,,,
development__allen_cahn__coefficient,development,allen_cahn,coefficient,32,test,64,64,True,uncalibrated,0.004758940167708836,0.0038595322043930127,0.006044006976110205,0.06898507206424326,0,physics_uncalibrated,,new_frozen_physics_evaluation,0,0,0,0.004758940167708836,0.0,,,,,,
development__allen_cahn__coefficient,development,allen_cahn,coefficient,32,test,64,64,True,persistence,0.03635159908176444,0.027908465800115412,0.04591960250597802,0.19066095321739174,0,persistence,,new_frozen_physics_evaluation,0,0,0,0.03635159908176444,0.0,,,,,,
development__allen_cahn__coefficient,development,allen_cahn,coefficient,32,test,64,64,True,neural:fno:iid,0.00042324915638537394,0.00015923904386430117,0.0009294859586391085,0.020573020108515278,6,fno,iid,archived_neural_scores,,,,,,41.970619364796825,44.899466254748404,1.238400221336633,209985,NVIDIA GeForce RTX 3090 Ti,historical execution; no matched-hardware comparison with current calibration times
development__allen_cahn__coefficient,development,allen_cahn,coefficient,32,test,64,64,True,neural:fno:none,0.016806808686309644,0.007808749170776773,0.026407021980853315,0.12964107638518604,6,fno,none,archived_neural_scores,,,,,,24.77128365286626,24.80513102320644,1.242835191078484,209985,NVIDIA GeForce RTX 3090 Ti,historical execution; no matched-hardware comparison with current calibration times
development__allen_cahn__coefficient,development,allen_cahn,coefficient,32,test,64,64,True,neural:fno:response_matched,0.00028121050900853487,0.0001479472560709081,0.0005083654152028681,0.01676933239602981,6,fno,response_matched,archived_neural_scores,,,,,,42.17218142383111,45.10113978626517,1.2430222006514668,209985,NVIDIA GeForce RTX 3090 Ti,historical execution; no matched-hardware comparison with current calibration times
development__allen_cahn__coefficient,development,allen_cahn,coefficient,32,test,64,64,True,neural:fno:smooth,0.000584530824661287,0.00032384882653366216,0.0010083207527700683,0.024177072293007005,6,fno,smooth,archived_neural_scores,,,,,,42.249166880501434,45.177906030711405,1.2522101984359324,209985,NVIDIA GeForce RTX 3090 Ti,historical execution; no matched-hardware comparison with current calibration times
development__allen_cahn__coefficient,development,allen_cahn,coefficient,32,test,64,64,True,neural:looped:iid,0.0028180495824711347,0.0017792229436787727,0.004241819425221423,0.0530853047695041,6,looped,iid,archived_neural_scores,,,,,,70.21883572288789,73.15220788920608,1.5392142231576145,34049,NVIDIA GeForce RTX 3090 Ti,historical execution; no matched-hardware comparison with current calibration times
development__allen_cahn__coefficient,development,allen_cahn,coefficient,32,test,64,64,True,neural:looped:none,0.004818466871804557,0.0031469143860571283,0.007401171066811802,0.06941517753203946,6,looped,none,archived_neural_scores,,,,,,38.45743158824431,38.49564117022479,1.579642458818853,34049,NVIDIA GeForce RTX 3090 Ti,historical execution; no matched-hardware comparison with current calibration times
development__allen_cahn__coefficient,development,allen_cahn,coefficient,32,test,64,64,True,neural:looped:response_matched,0.003057443400623666,0.0016814611187399699,0.005591552614466414,0.05529415340362547,6,looped,response_matched,archived_neural_scores,,,,,,69.89342529846665,72.82716873831426,1.5385342063382268,34049,NVIDIA GeForce RTX 3090 Ti,historical execution; no matched-hardware comparison with current calibration times
development__allen_cahn__coefficient,development,allen_cahn,coefficient,32,test,64,64,True,neural:looped:smooth,0.0025013901248312487,0.001347557831210119,0.004113914193261325,0.05001389931640252,6,looped,smooth,archived_neural_scores,,,,,,69.91731476108544,72.85081668927644,1.5755006927065551,34049,NVIDIA GeForce RTX 3090 Ti,historical execution; no matched-hardware comparison with current calibration times
development__allen_cahn__coefficient,development,allen_cahn,coefficient,32,test,64,64,True,neural:transformer:iid,0.001837912621547209,0.0012523465846204188,0.002606868083381886,0.04287088314400823,6,transformer,iid,archived_neural_scores,,,,,,73.28118235509221,76.21823070912312,1.5384624479338527,100993,NVIDIA GeForce RTX 3090 Ti,historical execution; no matched-hardware comparison with current calibration times
development__allen_cahn__coefficient,development,allen_cahn,coefficient,32,test,64,64,True,neural:transformer:none,0.00212180364903522,0.0014190348742160162,0.0032214748977202772,0.046063039945657296,6,transformer,none,archived_neural_scores,,,,,,42.638597640752174,42.6810622313836,1.532376476097852,100993,NVIDIA GeForce RTX 3090 Ti,historical execution; no matched-hardware comparison with current calibration times
development__allen_cahn__coefficient,development,allen_cahn,coefficient,32,test,64,64,True,neural:transformer:response_matched,0.00195036064808841,0.0012207243599924337,0.0030952377886474956,0.04416288767832568,6,transformer,response_matched,archived_neural_scores,,,,,,72.60890028827514,75.54609718879995,1.5312616946175694,100993,NVIDIA GeForce RTX 3090 Ti,historical execution; no matched-hardware comparison with current calibration times
development__allen_cahn__coefficient,development,allen_cahn,coefficient,32,test,64,64,True,neural:transformer:smooth,0.001305426375804548,0.0008775270070603593,0.0019661420191323243,0.036130684684967544,6,transformer,smooth,archived_neural_scores,,,,,,73.01240397834529,75.94950823214215,1.5370319713838398,100993,NVIDIA GeForce RTX 3090 Ti,historical execution; no matched-hardware comparison with current calibration times
development__allen_cahn__coefficient,development,allen_cahn,coefficient,32,test,64,64,True,validation_best_neural,0.00026575334203924353,0.00014435163775996184,0.00047487632540218827,0.016301942891546503,6,validation_best_neural,,frozen_validation_selection,,,,,,,,,,,
development__allen_cahn__coefficient,development,allen_cahn,coefficient,32,test,64,64,True,validation_selected_route,4.0747945426496945e-12,2.4268153831346934e-12,6.854544996761802e-12,2.018612033712693e-06,6,validation_selected_route,,frozen_validation_selection,,,,,,,,,,,
development__allen_cahn__coefficient,development,allen_cahn,coefficient,32,test,96,64,False,calibrated,4.861320051196148e-12,3.0586363686440325e-12,7.804538889019214e-12,2.2048401418688265e-06,0,physics_calibrated,,new_frozen_physics_evaluation,0,0,0,4.861320051196148e-12,0.7472396159973869,,,,,,
development__allen_cahn__coefficient,development,allen_cahn,coefficient,32,test,96,64,False,uncalibrated,0.005153586947076979,0.004215193249268757,0.0065495875768776905,0.07178848756644048,0,physics_uncalibrated,,new_frozen_physics_evaluation,0,0,0,0.005153586947076979,0.0,,,,,,
development__allen_cahn__coefficient,development,allen_cahn,coefficient,32,test,96,64,False,persistence,0.04164775016825395,0.0314109122281956,0.05367318181093525,0.20407780420284305,0,persistence,,new_frozen_physics_evaluation,0,0,0,0.04164775016825395,0.0,,,,,,
development__allen_cahn__coefficient,development,allen_cahn,coefficient,32,test,96,64,False,neural:fno:iid,0.0005521611146695973,0.00025603782315131103,0.0010558398620667798,0.023498108746654426,6,fno,iid,archived_neural_scores,,,,,,41.970619364796825,44.899466254748404,1.238400221336633,209985,NVIDIA GeForce RTX 3090 Ti,historical execution; no matched-hardware comparison with current calibration times
development__allen_cahn__coefficient,development,allen_cahn,coefficient,32,test,96,64,False,neural:fno:none,0.037486932199779444,0.0156955966968234,0.06137309921492126,0.19361542345531113,6,fno,none,archived_neural_scores,,,,,,24.77128365286626,24.80513102320644,1.242835191078484,209985,NVIDIA GeForce RTX 3090 Ti,historical execution; no matched-hardware comparison with current calibration times
development__allen_cahn__coefficient,development,allen_cahn,coefficient,32,test,96,64,False,neural:fno:response_matched,0.0003836858684508962,0.0002312980978449749,0.0006321400035899294,0.01958790107313431,6,fno,response_matched,archived_neural_scores,,,,,,42.17218142383111,45.10113978626517,1.2430222006514668,209985,NVIDIA GeForce RTX 3090 Ti,historical execution; no matched-hardware comparison with current calibration times
development__allen_cahn__coefficient,development,allen_cahn,coefficient,32,test,96,64,False,neural:fno:smooth,0.0009197637223500888,0.0006101253492871217,0.0013729723323767725,0.030327606604380913,6,fno,smooth,archived_neural_scores,,,,,,42.249166880501434,45.177906030711405,1.2522101984359324,209985,NVIDIA GeForce RTX 3090 Ti,historical execution; no matched-hardware comparison with current calibration times
development__allen_cahn__coefficient,development,allen_cahn,coefficient,32,test,96,64,False,neural:looped:iid,0.0043318775553433785,0.002973222175859726,0.006098616662350587,0.0658170005039988,6,looped,iid,archived_neural_scores,,,,,,70.21883572288789,73.15220788920608,1.5392142231576145,34049,NVIDIA GeForce RTX 3090 Ti,historical execution; no matched-hardware comparison with current calibration times
development__allen_cahn__coefficient,development,allen_cahn,coefficient,32,test,96,64,False,neural:looped:none,0.006080767397885853,0.004282645918121596,0.009046158291371037,0.07797927543832305,6,looped,none,archived_neural_scores,,,,,,38.45743158824431,38.49564117022479,1.579642458818853,34049,NVIDIA GeForce RTX 3090 Ti,historical execution; no matched-hardware comparison with current calibration times
development__allen_cahn__coefficient,development,allen_cahn,coefficient,32,test,96,64,False,neural:looped:response_matched,0.004821550200329156,0.0028793872805710063,0.008340478965127445,0.06943738330560244,6,looped,response_matched,archived_neural_scores,,,,,,69.89342529846665,72.82716873831426,1.5385342063382268,34049,NVIDIA GeForce RTX 3090 Ti,historical execution; no matched-hardware comparison with current calibration times
development__allen_cahn__coefficient,development,allen_cahn,coefficient,32,test,96,64,False,neural:looped:smooth,0.003629299783797236,0.002237414050446921,0.0055673567382276854,0.060243670072441934,6,looped,smooth,archived_neural_scores,,,,,,69.91731476108544,72.85081668927644,1.5755006927065551,34049,NVIDIA GeForce RTX 3090 Ti,historical execution; no matched-hardware comparison with current calibration times
development__allen_cahn__coefficient,development,allen_cahn,coefficient,32,test,96,64,False,neural:transformer:iid,0.003013522970097635,0.0021841454430174983,0.004077544231439514,0.0548955642114883,6,transformer,iid,archived_neural_scores,,,,,,73.28118235509221,76.21823070912312,1.5384624479338527,100993,NVIDIA GeForce RTX 3090 Ti,historical execution; no matched-hardware comparison with current calibration times
development__allen_cahn__coefficient,development,allen_cahn,coefficient,32,test,96,64,False,neural:transformer:none,0.0026521580892819928,0.0019604281543778293,0.0036421394962254075,0.051499107655201104,6,transformer,none,archived_neural_scores,,,,,,42.638597640752174,42.6810622313836,1.532376476097852,100993,NVIDIA GeForce RTX 3090 Ti,historical execution; no matched-hardware comparison with current calibration times
development__allen_cahn__coefficient,development,allen_cahn,coefficient,32,test,96,64,False,neural:transformer:response_matched,0.003090295193990357,0.0020644245432067743,0.00463896635475559,0.05559042358167778,6,transformer,response_matched,archived_neural_scores,,,,,,72.60890028827514,75.54609718879995,1.5312616946175694,100993,NVIDIA GeForce RTX 3090 Ti,historical execution; no matched-hardware comparison with current calibration times
development__allen_cahn__coefficient,development,allen_cahn,coefficient,32,test,96,64,False,neural:transformer:smooth,0.001967457248114186,0.001400530860761253,0.0027541854750962116,0.04435602831762765,6,transformer,smooth,archived_neural_scores,,,,,,73.01240397834529,75.94950823214215,1.5370319713838398,100993,NVIDIA GeForce RTX 3090 Ti,historical execution; no matched-hardware comparison with current calibration times
development__allen_cahn__coefficient,development,allen_cahn,coefficient,32,test,96,64,False,validation_best_neural,0.00036587697404830214,0.0002268315757543824,0.0005915086895781634,0.019127910864710294,6,validation_best_neural,,frozen_validation_selection,,,,,,,,,,,
development__allen_cahn__coefficient,development,allen_cahn,coefficient,32,test,96,64,False,validation_selected_route,4.861320051196147e-12,3.0586363686440313e-12,7.804538889019212e-12,2.2048401418688265e-06,6,validation_selected_route,,frozen_validation_selection,,,,,,,,,,,
development__allen_cahn__coefficient,development,allen_cahn,coefficient,32,ood,64,64,True,calibrated,1.6531219572223753e-11,1.4788673616766184e-11,1.8366053960378676e-11,4.0658602499623315e-06,0,physics_calibrated,,new_frozen_physics_evaluation,0,0,0,1.6531219572223753e-11,0.7472396159973869,,,,,,
development__allen_cahn__coefficient,development,allen_cahn,coefficient,32,ood,64,64,True,uncalibrated,0.004515158545309816,0.0038818337948007377,0.005684429739639452,0.06719492946130545,0,physics_uncalibrated,,new_frozen_physics_evaluation,0,0,0,0.004515158545309816,0.0,,,,,,
development__allen_cahn__coefficient,development,allen_cahn,coefficient,32,ood,64,64,True,persistence,0.022939436653852008,0.015879903183055454,0.031217014837242433,0.15145770582526333,0,persistence,,new_frozen_physics_evaluation,0,0,0,0.022939436653852008,0.0,,,,,,
development__allen_cahn__coefficient,development,allen_cahn,coefficient,32,ood,64,64,True,neural:fno:iid,0.0034978818932210887,0.002208205776778222,0.004940926018250193,0.05914289385227179,6,fno,iid,archived_neural_scores,,,,,,41.970619364796825,44.899466254748404,1.238400221336633,209985,NVIDIA GeForce RTX 3090 Ti,historical execution; no matched-hardware comparison with current calibration times
development__allen_cahn__coefficient,development,allen_cahn,coefficient,32,ood,64,64,True,neural:fno:none,0.029298709697683476,0.01554342558987258,0.04598863004360007,0.17116865863143135,6,fno,none,archived_neural_scores,,,,,,24.77128365286626,24.80513102320644,1.242835191078484,209985,NVIDIA GeForce RTX 3090 Ti,historical execution; no matched-hardware comparison with current calibration times
development__allen_cahn__coefficient,development,allen_cahn,coefficient,32,ood,64,64,True,neural:fno:response_matched,0.002858958169413677,0.0016188948395060348,0.004312471338067236,0.05346922637754989,6,fno,response_matched,archived_neural_scores,,,,,,42.17218142383111,45.10113978626517,1.2430222006514668,209985,NVIDIA GeForce RTX 3090 Ti,historical execution; no matched-hardware comparison with current calibration times
development__allen_cahn__coefficient,development,allen_cahn,coefficient,32,ood,64,64,True,neural:fno:smooth,0.0044239158787631044,0.0022366629412612325,0.0075088764223084584,0.06651252422486388,6,fno,smooth,archived_neural_scores,,,,,,42.249166880501434,45.177906030711405,1.2522101984359324,209985,NVIDIA GeForce RTX 3090 Ti,historical execution; no matched-hardware comparison with current calibration times
development__allen_cahn__coefficient,development,allen_cahn,coefficient,32,ood,64,64,True,neural:looped:iid,0.3292556193290717,0.21657914664911204,0.49477933646830335,0.5738079986625071,6,looped,iid,archived_neural_scores,,,,,,70.21883572288789,73.15220788920608,1.5392142231576145,34049,NVIDIA GeForce RTX 3090 Ti,historical execution; no matched-hardware comparison with current calibration times
development__allen_cahn__coefficient,development,allen_cahn,coefficient,32,ood,64,64,True,neural:looped:none,0.16448091802431222,0.06761567952236303,0.3112689149969066,0.405562471173446,6,looped,none,archived_neural_scores,,,,,,38.45743158824431,38.49564117022479,1.579642458818853,34049,NVIDIA GeForce RTX 3090 Ti,historical execution; no matched-hardware comparison with current calibration times
development__allen_cahn__coefficient,development,allen_cahn,coefficient,32,ood,64,64,True,neural:looped:response_matched,0.4253715553361654,0.28411468443352794,0.610764654364966,0.6522051481981459,6,looped,response_matched,archived_neural_scores,,,,,,69.89342529846665,72.82716873831426,1.5385342063382268,34049,NVIDIA GeForce RTX 3090 Ti,historical execution; no matched-hardware comparison with current calibration times
development__allen_cahn__coefficient,development,allen_cahn,coefficient,32,ood,64,64,True,neural:looped:smooth,0.209600206079496,0.11998103017750726,0.3112668040493188,0.45782115075594315,6,looped,smooth,archived_neural_scores,,,,,,69.91731476108544,72.85081668927644,1.5755006927065551,34049,NVIDIA GeForce RTX 3090 Ti,historical execution; no matched-hardware comparison with current calibration times
development__allen_cahn__coefficient,development,allen_cahn,coefficient,32,ood,64,64,True,neural:transformer:iid,0.4272020063561328,0.28207565921856687,0.5841794014177647,0.6536069203704417,6,transformer,iid,archived_neural_scores,,,,,,73.28118235509221,76.21823070912312,1.5384624479338527,100993,NVIDIA GeForce RTX 3090 Ti,historical execution; no matched-hardware comparison with current calibration times
development__allen_cahn__coefficient,development,allen_cahn,coefficient,32,ood,64,64,True,neural:transformer:none,0.10276754481067307,0.06026104170164137,0.15720489193852333,0.3205737743650798,6,transformer,none,archived_neural_scores,,,,,,42.638597640752174,42.6810622313836,1.532376476097852,100993,NVIDIA GeForce RTX 3090 Ti,historical execution; no matched-hardware comparison with current calibration times
development__allen_cahn__coefficient,development,allen_cahn,coefficient,32,ood,64,64,True,neural:transformer:response_matched,0.4931868326185042,0.34720522624504596,0.6485169357876949,0.7022726198695947,6,transformer,response_matched,archived_neural_scores,,,,,,72.60890028827514,75.54609718879995,1.5312616946175694,100993,NVIDIA GeForce RTX 3090 Ti,historical execution; no matched-hardware comparison with current calibration times
development__allen_cahn__coefficient,development,allen_cahn,coefficient,32,ood,64,64,True,neural:transformer:smooth,0.3335937645177231,0.23801740798790091,0.428098622467537,0.5775757651752046,6,transformer,smooth,archived_neural_scores,,,,,,73.01240397834529,75.94950823214215,1.5370319713838398,100993,NVIDIA GeForce RTX 3090 Ti,historical execution; no matched-hardware comparison with current calibration times
development__allen_cahn__coefficient,development,allen_cahn,coefficient,32,ood,64,64,True,validation_best_neural,0.0026368117788262563,0.0016175875318812632,0.003840186136440192,0.05134989560677077,6,validation_best_neural,,frozen_validation_selection,,,,,,,,,,,
development__allen_cahn__coefficient,development,allen_cahn,coefficient,32,ood,64,64,True,validation_selected_route,1.6531219572223753e-11,1.4788673616766184e-11,1.8366053960378676e-11,4.0658602499623315e-06,6,validation_selected_route,,frozen_validation_selection,,,,,,,,,,,
development__allen_cahn__coefficient,development,allen_cahn,coefficient,32,ood,96,64,False,calibrated,1.845636428327467e-11,1.6457018413949934e-11,2.0608002172949967e-11,4.2960870898149485e-06,0,physics_calibrated,,new_frozen_physics_evaluation,0,0,0,1.845636428327467e-11,0.7472396159973869,,,,,,
development__allen_cahn__coefficient,development,allen_cahn,coefficient,32,ood,96,64,False,uncalibrated,0.0047891766696513596,0.004256588796282893,0.0057264057662843966,0.0692038775622534,0,physics_uncalibrated,,new_frozen_physics_evaluation,0,0,0,0.0047891766696513596,0.0,,,,,,
development__allen_cahn__coefficient,development,allen_cahn,coefficient,32,ood,96,64,False,persistence,0.029400801827896245,0.02104859070860044,0.03918607339932147,0.17146662015650815,0,persistence,,new_frozen_physics_evaluation,0,0,0,0.029400801827896245,0.0,,,,,,
development__allen_cahn__coefficient,development,allen_cahn,coefficient,32,ood,96,64,False,neural:fno:iid,0.006930265596734364,0.004213764552392183,0.009983746944754002,0.08324821677810501,6,fno,iid,archived_neural_scores,,,,,,41.970619364796825,44.899466254748404,1.238400221336633,209985,NVIDIA GeForce RTX 3090 Ti,historical execution; no matched-hardware comparison with current calibration times
development__allen_cahn__coefficient,development,allen_cahn,coefficient,32,ood,96,64,False,neural:fno:none,0.06641230115740641,0.0333271076744362,0.10643637737358977,0.257705842303597,6,fno,none,archived_neural_scores,,,,,,24.77128365286626,24.80513102320644,1.242835191078484,209985,NVIDIA GeForce RTX 3090 Ti,historical execution; no matched-hardware comparison with current calibration times
development__allen_cahn__coefficient,development,allen_cahn,coefficient,32,ood,96,64,False,neural:fno:response_matched,0.005688780663900072,0.003087171449030334,0.00875284417156924,0.07542400588605774,6,fno,response_matched,archived_neural_scores,,,,,,42.17218142383111,45.10113978626517,1.2430222006514668,209985,NVIDIA GeForce RTX 3090 Ti,historical execution; no matched-hardware comparison with current calibration times
development__allen_cahn__coefficient,development,allen_cahn,coefficient,32,ood,96,64,False,neural:fno:smooth,0.00857714303543547,0.0040364386697480685,0.015051853979726642,0.09261286646808568,6,fno,smooth,archived_neural_scores,,,,,,42.249166880501434,45.177906030711405,1.2522101984359324,209985,NVIDIA GeForce RTX 3090 Ti,historical execution; no matched-hardware comparison with current calibration times
development__allen_cahn__coefficient,development,allen_cahn,coefficient,32,ood,96,64,False,neural:looped:iid,0.6536713489293325,0.4219443755727404,0.944549096444576,0.8084994427514051,6,looped,iid,archived_neural_scores,,,,,,70.21883572288789,73.15220788920608,1.5392142231576145,34049,NVIDIA GeForce RTX 3090 Ti,historical execution; no matched-hardware comparison with current calibration times
development__allen_cahn__coefficient,development,allen_cahn,coefficient,32,ood,96,64,False,neural:looped:none,0.3677123672627622,0.1346083348708318,0.7218176886815275,0.6063929149180111,6,looped,none,archived_neural_scores,,,,,,38.45743158824431,38.49564117022479,1.579642458818853,34049,NVIDIA GeForce RTX 3090 Ti,historical execution; no matched-hardware comparison with current calibration times
development__allen_cahn__coefficient,development,allen_cahn,coefficient,32,ood,96,64,False,neural:looped:response_matched,0.7773625007453276,0.5202151750191172,1.0881662704874298,0.8816816323057477,6,looped,response_matched,archived_neural_scores,,,,,,69.89342529846665,72.82716873831426,1.5385342063382268,34049,NVIDIA GeForce RTX 3090 Ti,historical execution; no matched-hardware comparison with current calibration times
development__allen_cahn__coefficient,development,allen_cahn,coefficient,32,ood,96,64,False,neural:looped:smooth,0.452404385202136,0.2214608782400455,0.7107513906392873,0.6726101286794126,6,looped,smooth,archived_neural_scores,,,,,,69.91731476108544,72.85081668927644,1.5755006927065551,34049,NVIDIA GeForce RTX 3090 Ti,historical execution; no matched-hardware comparison with current calibration times
development__allen_cahn__coefficient,development,allen_cahn,coefficient,32,ood,96,64,False,neural:transformer:iid,0.6521541586075048,0.4560641597233051,0.8541456524433534,0.8075606222491937,6,transformer,iid,archived_neural_scores,,,,,,73.28118235509221,76.21823070912312,1.5384624479338527,100993,NVIDIA GeForce RTX 3090 Ti,historical execution; no matched-hardware comparison with current calibration times
development__allen_cahn__coefficient,development,allen_cahn,coefficient,32,ood,96,64,False,neural:transformer:none,0.18693566216789473,0.10387179204265287,0.30057757808873137,0.4323605696266656,6,transformer,none,archived_neural_scores,,,,,,42.638597640752174,42.6810622313836,1.532376476097852,100993,NVIDIA GeForce RTX 3090 Ti,historical execution; no matched-hardware comparison with current calibration times
development__allen_cahn__coefficient,development,allen_cahn,coefficient,32,ood,96,64,False,neural:transformer:response_matched,0.7225108060839847,0.5386121317222093,0.9110291464795333,0.8500063564962232,6,transformer,response_matched,archived_neural_scores,,,,,,72.60890028827514,75.54609718879995,1.5312616946175694,100993,NVIDIA GeForce RTX 3090 Ti,historical execution; no matched-hardware comparison with current calibration times
development__allen_cahn__coefficient,development,allen_cahn,coefficient,32,ood,96,64,False,neural:transformer:smooth,0.5739943769121795,0.4127234669170772,0.7356546725677782,0.7576241660032892,6,transformer,smooth,archived_neural_scores,,,,,,73.01240397834529,75.94950823214215,1.5370319713838398,100993,NVIDIA GeForce RTX 3090 Ti,historical execution; no matched-hardware comparison with current calibration times
development__allen_cahn__coefficient,development,allen_cahn,coefficient,32,ood,96,64,False,validation_best_neural,0.005213317233047209,0.0030786569306297845,0.007684231613607151,0.07220330486236215,6,validation_best_neural,,frozen_validation_selection,,,,,,,,,,,
development__allen_cahn__coefficient,development,allen_cahn,coefficient,32,ood,96,64,False,validation_selected_route,1.845636428327467e-11,1.6457018413949937e-11,2.0608002172949967e-11,4.2960870898149485e-06,6,validation_selected_route,,frozen_validation_selection,,,,,,,,,,,
development__allen_cahn__correct,development,allen_cahn,correct,32,test,64,64,True,calibrated,3.914342203487285e-12,2.3972594767023497e-12,6.369278614733209e-12,1.9784696620083124e-06,0,physics_calibrated,,new_frozen_physics_evaluation,0,0,0,3.914342203487285e-12,0.4987642239975685,,,,,,
development__allen_cahn__correct,development,allen_cahn,correct,32,test,64,64,True,uncalibrated,1.9568591795959958e-12,1.7156550990848747e-12,2.2029692994570047e-12,1.3988778286884083e-06,0,physics_uncalibrated,,new_frozen_physics_evaluation,0,0,0,1.9568591795959958e-12,0.0,,,,,,
development__allen_cahn__correct,development,allen_cahn,correct,32,test,64,64,True,persistence,0.03635159908176444,0.02771216629991289,0.04579323724302557,0.19066095321739174,0,persistence,,new_frozen_physics_evaluation,0,0,0,0.03635159908176444,0.0,,,,,,
development__allen_cahn__correct,development,allen_cahn,correct,32,test,64,64,True,neural:fno:iid,0.0007669464939288306,0.00012907989088423838,0.003039246705659128,0.027693798835277738,6,fno,iid,archived_neural_scores,,,,,,42.024380051065236,44.94385312350156,1.2436234625056386,209985,NVIDIA GeForce RTX 3090 Ti,historical execution; no matched-hardware comparison with current calibration times
development__allen_cahn__correct,development,allen_cahn,correct,32,test,64,64,True,neural:fno:none,0.016914534244604266,0.00783010576261839,0.02628601106110745,0.13005588892704653,6,fno,none,archived_neural_scores,,,,,,25.01461238095847,25.048850260131683,1.255962229333818,209985,NVIDIA GeForce RTX 3090 Ti,historical execution; no matched-hardware comparison with current calibration times
development__allen_cahn__correct,development,allen_cahn,correct,32,test,64,64,True,neural:fno:response_matched,0.00021259085706289062,8.622287256992964e-05,0.0004495865866345529,0.014580495775620615,6,fno,response_matched,archived_neural_scores,,,,,,41.84448352696685,44.7639262622688,1.2604435090906918,209985,NVIDIA GeForce RTX 3090 Ti,historical execution; no matched-hardware comparison with current calibration times
development__allen_cahn__correct,development,allen_cahn,correct,32,test,64,64,True,neural:fno:smooth,0.0004584393818871807,0.00021022314035573446,0.0008614869859042314,0.021411197581807064,6,fno,smooth,archived_neural_scores,,,,,,41.734554222552106,44.6540730377504,1.244509732350707,209985,NVIDIA GeForce RTX 3090 Ti,historical execution; no matched-hardware comparison with current calibration times
development__allen_cahn__correct,development,allen_cahn,correct,32,test,64,64,True,neural:looped:iid,0.0033353636570340925,0.001881363928053085,0.005664994436087718,0.05775260736134857,6,looped,iid,archived_neural_scores,,,,,,70.14937950957876,73.07319082583611,1.5376577386632562,34049,NVIDIA GeForce RTX 3090 Ti,historical execution; no matched-hardware comparison with current calibration times
development__allen_cahn__correct,development,allen_cahn,correct,32,test,64,64,True,neural:looped:none,0.004818463955338932,0.003164028319675964,0.0074133283489147645,0.06941515652463036,6,looped,none,archived_neural_scores,,,,,,38.82971056799094,38.868256478880845,1.539204001892358,34049,NVIDIA GeForce RTX 3090 Ti,historical execution; no matched-hardware comparison with current calibration times
development__allen_cahn__correct,development,allen_cahn,correct,32,test,64,64,True,neural:looped:response_matched,0.0031331615558112536,0.0014949655768480277,0.006087790654141549,0.055974651011071554,6,looped,response_matched,archived_neural_scores,,,,,,68.91778680806358,71.84220966673456,1.5388821950182319,34049,NVIDIA GeForce RTX 3090 Ti,historical execution; no matched-hardware comparison with current calibration times
development__allen_cahn__correct,development,allen_cahn,correct,32,test,64,64,True,neural:looped:smooth,0.0025270289477670274,0.0013570631449002892,0.004391425296175672,0.050269562836442364,6,looped,smooth,archived_neural_scores,,,,,,69.88395280018449,72.80796073268478,1.5408949460834265,34049,NVIDIA GeForce RTX 3090 Ti,historical execution; no matched-hardware comparison with current calibration times
development__allen_cahn__correct,development,allen_cahn,correct,32,test,64,64,True,neural:transformer:iid,0.0024670339766016403,0.001227210608103403,0.005154084649300757,0.04966924578249241,6,transformer,iid,archived_neural_scores,,,,,,73.29804506346893,76.22563881551226,1.5369217260740697,100993,NVIDIA GeForce RTX 3090 Ti,historical execution; no matched-hardware comparison with current calibration times
development__allen_cahn__correct,development,allen_cahn,correct,32,test,64,64,True,neural:transformer:none,0.002121800733544075,0.0014227005024241876,0.003173537812108581,0.04606300829889506,6,transformer,none,archived_neural_scores,,,,,,42.94276600400917,42.98502013863375,1.57662722049281,100993,NVIDIA GeForce RTX 3090 Ti,historical execution; no matched-hardware comparison with current calibration times
development__allen_cahn__correct,development,allen_cahn,correct,32,test,64,64,True,neural:transformer:response_matched,0.0023675737252620657,0.0015024575880106482,0.0037837412583009602,0.04865772009930249,6,transformer,response_matched,archived_neural_scores,,,,,,72.54323337902315,75.47071919745456,1.5397784882225096,100993,NVIDIA GeForce RTX 3090 Ti,historical execution; no matched-hardware comparison with current calibration times
development__allen_cahn__correct,development,allen_cahn,correct,32,test,64,64,True,neural:transformer:smooth,0.0017264936987012685,0.0009121167893921359,0.0031697685764321354,0.0415510974428025,6,transformer,smooth,archived_neural_scores,,,,,,72.62630665434214,75.5537157941144,1.578070712275803,100993,NVIDIA GeForce RTX 3090 Ti,historical execution; no matched-hardware comparison with current calibration times
development__allen_cahn__correct,development,allen_cahn,correct,32,test,64,64,True,validation_best_neural,0.00023640378065797104,9.964341303707398e-05,0.0004859644975149806,0.015375427820323279,6,validation_best_neural,,frozen_validation_selection,,,,,,,,,,,
development__allen_cahn__correct,development,allen_cahn,correct,32,test,64,64,True,validation_selected_route,3.914342203487285e-12,2.3972594767023493e-12,6.369278614733209e-12,1.9784696620083124e-06,6,validation_selected_route,,frozen_validation_selection,,,,,,,,,,,
development__allen_cahn__correct,development,allen_cahn,correct,32,test,96,64,False,calibrated,4.684122655147794e-12,3.05089627208662e-12,7.28048184372713e-12,2.1642834045355045e-06,0,physics_calibrated,,new_frozen_physics_evaluation,0,0,0,4.684122655147794e-12,0.4987642239975685,,,,,,
development__allen_cahn__correct,development,allen_cahn,correct,32,test,96,64,False,uncalibrated,2.2202042954016277e-12,1.9702768568627825e-12,2.4760411181488942e-12,1.4900349980458942e-06,0,physics_uncalibrated,,new_frozen_physics_evaluation,0,0,0,2.2202042954016277e-12,0.0,,,,,,
development__allen_cahn__correct,development,allen_cahn,correct,32,test,96,64,False,persistence,0.04164775016825395,0.031165339642541,0.053488066931519355,0.20407780420284305,0,persistence,,new_frozen_physics_evaluation,0,0,0,0.04164775016825395,0.0,,,,,,
development__allen_cahn__correct,development,allen_cahn,correct,32,test,96,64,False,neural:fno:iid,0.0012770085199977587,0.00020542044500528059,0.005525631077819112,0.03573525598058252,6,fno,iid,archived_neural_scores,,,,,,42.024380051065236,44.94385312350156,1.2436234625056386,209985,NVIDIA GeForce RTX 3090 Ti,historical execution; no matched-hardware comparison with current calibration times
development__allen_cahn__correct,development,allen_cahn,correct,32,test,96,64,False,neural:fno:none,0.03791100843523428,0.01512719846806054,0.0613416526038463,0.1947074945533281,6,fno,none,archived_neural_scores,,,,,,25.01461238095847,25.048850260131683,1.255962229333818,209985,NVIDIA GeForce RTX 3090 Ti,historical execution; no matched-hardware comparison with current calibration times
development__allen_cahn__correct,development,allen_cahn,correct,32,test,96,64,False,neural:fno:response_matched,0.00027963578213970145,0.00012911965258173753,0.0005497174573841027,0.016722313899090086,6,fno,response_matched,archived_neural_scores,,,,,,41.84448352696685,44.7639262622688,1.2604435090906918,209985,NVIDIA GeForce RTX 3090 Ti,historical execution; no matched-hardware comparison with current calibration times
development__allen_cahn__correct,development,allen_cahn,correct,32,test,96,64,False,neural:fno:smooth,0.0006379063428373085,0.0003353446783399025,0.001071930142443293,0.02525680785129642,6,fno,smooth,archived_neural_scores,,,,,,41.734554222552106,44.6540730377504,1.244509732350707,209985,NVIDIA GeForce RTX 3090 Ti,historical execution; no matched-hardware comparison with current calibration times
development__allen_cahn__correct,development,allen_cahn,correct,32,test,96,64,False,neural:looped:iid,0.005248466371245715,0.0031958522175357554,0.00847071819758505,0.07244629991411373,6,looped,iid,archived_neural_scores,,,,,,70.14937950957876,73.07319082583611,1.5376577386632562,34049,NVIDIA GeForce RTX 3090 Ti,historical execution; no matched-hardware comparison with current calibration times
development__allen_cahn__correct,development,allen_cahn,correct,32,test,96,64,False,neural:looped:none,0.006080765778163989,0.0042952733806017815,0.00913222019650458,0.07797926505273045,6,looped,none,archived_neural_scores,,,,,,38.82971056799094,38.868256478880845,1.539204001892358,34049,NVIDIA GeForce RTX 3090 Ti,historical execution; no matched-hardware comparison with current calibration times
development__allen_cahn__correct,development,allen_cahn,correct,32,test,96,64,False,neural:looped:response_matched,0.004823425624090629,0.0025157810843407795,0.009127835599238125,0.0694508864168819,6,looped,response_matched,archived_neural_scores,,,,,,68.91778680806358,71.84220966673456,1.5388821950182319,34049,NVIDIA GeForce RTX 3090 Ti,historical execution; no matched-hardware comparison with current calibration times
development__allen_cahn__correct,development,allen_cahn,correct,32,test,96,64,False,neural:looped:smooth,0.003606908407103864,0.0020995458676910882,0.006126050482962604,0.06005754246640353,6,looped,smooth,archived_neural_scores,,,,,,69.88395280018449,72.80796073268478,1.5408949460834265,34049,NVIDIA GeForce RTX 3090 Ti,historical execution; no matched-hardware comparison with current calibration times
development__allen_cahn__correct,development,allen_cahn,correct,32,test,96,64,False,neural:transformer:iid,0.00395944363812966,0.0021164596951203985,0.008150345218507257,0.06292411014968476,6,transformer,iid,archived_neural_scores,,,,,,73.29804506346893,76.22563881551226,1.5369217260740697,100993,NVIDIA GeForce RTX 3090 Ti,historical execution; no matched-hardware comparison with current calibration times
development__allen_cahn__correct,development,allen_cahn,correct,32,test,96,64,False,neural:transformer:none,0.0026521525434529867,0.001951778676626128,0.0036238021157545515,0.05149905381123994,6,transformer,none,archived_neural_scores,,,,,,42.94276600400917,42.98502013863375,1.57662722049281,100993,NVIDIA GeForce RTX 3090 Ti,historical execution; no matched-hardware comparison with current calibration times
development__allen_cahn__correct,development,allen_cahn,correct,32,test,96,64,False,neural:transformer:response_matched,0.00399731276203335,0.0027425008018380687,0.006005437309754572,0.06322430515263375,6,transformer,response_matched,archived_neural_scores,,,,,,72.54323337902315,75.47071919745456,1.5397784882225096,100993,NVIDIA GeForce RTX 3090 Ti,historical execution; no matched-hardware comparison with current calibration times
development__allen_cahn__correct,development,allen_cahn,correct,32,test,96,64,False,neural:transformer:smooth,0.0025527218065151433,0.0014901089616919327,0.004411292192887671,0.050524467404566904,6,transformer,smooth,archived_neural_scores,,,,,,72.62630665434214,75.5537157941144,1.578070712275803,100993,NVIDIA GeForce RTX 3090 Ti,historical execution; no matched-hardware comparison with current calibration times
development__allen_cahn__correct,development,allen_cahn,correct,32,test,96,64,False,validation_best_neural,0.00032433239470986574,0.0001567376104970066,0.0006065568274617523,0.018009230819495476,6,validation_best_neural,,frozen_validation_selection,,,,,,,,,,,
development__allen_cahn__correct,development,allen_cahn,correct,32,test,96,64,False,validation_selected_route,4.684122655147794e-12,3.0508962720866183e-12,7.28048184372713e-12,2.1642834045355045e-06,6,validation_selected_route,,frozen_validation_selection,,,,,,,,,,,
development__allen_cahn__correct,development,allen_cahn,correct,32,ood,64,64,True,calibrated,1.7105847863381803e-11,1.516905990793361e-11,1.9304899565637775e-11,4.1359216461850196e-06,0,physics_calibrated,,new_frozen_physics_evaluation,0,0,0,1.7105847863381803e-11,0.4987642239975685,,,,,,
development__allen_cahn__correct,development,allen_cahn,correct,32,ood,64,64,True,uncalibrated,1.48348427226717e-11,1.3034414631048979e-11,1.684405857961542e-11,3.851602617440135e-06,0,physics_uncalibrated,,new_frozen_physics_evaluation,0,0,0,1.48348427226717e-11,0.0,,,,,,
development__allen_cahn__correct,development,allen_cahn,correct,32,ood,64,64,True,persistence,0.022939436653852008,0.01608126883567428,0.03148053886798865,0.15145770582526333,0,persistence,,new_frozen_physics_evaluation,0,0,0,0.022939436653852008,0.0,,,,,,
development__allen_cahn__correct,development,allen_cahn,correct,32,ood,64,64,True,neural:fno:iid,0.0036953859311257644,0.001987479683995802,0.0053986345122683035,0.06078968605878603,6,fno,iid,archived_neural_scores,,,,,,42.024380051065236,44.94385312350156,1.2436234625056386,209985,NVIDIA GeForce RTX 3090 Ti,historical execution; no matched-hardware comparison with current calibration times
development__allen_cahn__correct,development,allen_cahn,correct,32,ood,64,64,True,neural:fno:none,0.029283935669245253,0.01594570968059565,0.046650832198705784,0.17112549684148548,6,fno,none,archived_neural_scores,,,,,,25.01461238095847,25.048850260131683,1.255962229333818,209985,NVIDIA GeForce RTX 3090 Ti,historical execution; no matched-hardware comparison with current calibration times
development__allen_cahn__correct,development,allen_cahn,correct,32,ood,64,64,True,neural:fno:response_matched,0.0031238829408429167,0.0014603639380874694,0.005115328694928331,0.05589170726362648,6,fno,response_matched,archived_neural_scores,,,,,,41.84448352696685,44.7639262622688,1.2604435090906918,209985,NVIDIA GeForce RTX 3090 Ti,historical execution; no matched-hardware comparison with current calibration times
development__allen_cahn__correct,development,allen_cahn,correct,32,ood,64,64,True,neural:fno:smooth,0.004042319170222454,0.0016780380690182394,0.008485031370304003,0.06357923536991031,6,fno,smooth,archived_neural_scores,,,,,,41.734554222552106,44.6540730377504,1.244509732350707,209985,NVIDIA GeForce RTX 3090 Ti,historical execution; no matched-hardware comparison with current calibration times
development__allen_cahn__correct,development,allen_cahn,correct,32,ood,64,64,True,neural:looped:iid,0.31458875651534396,0.24748681037984432,0.3831341339143311,0.5608821235476702,6,looped,iid,archived_neural_scores,,,,,,70.14937950957876,73.07319082583611,1.5376577386632562,34049,NVIDIA GeForce RTX 3090 Ti,historical execution; no matched-hardware comparison with current calibration times
development__allen_cahn__correct,development,allen_cahn,correct,32,ood,64,64,True,neural:looped:none,0.1644810956901983,0.07008096427715928,0.31631727583707875,0.40556269020978536,6,looped,none,archived_neural_scores,,,,,,38.82971056799094,38.868256478880845,1.539204001892358,34049,NVIDIA GeForce RTX 3090 Ti,historical execution; no matched-hardware comparison with current calibration times
development__allen_cahn__correct,development,allen_cahn,correct,32,ood,64,64,True,neural:looped:response_matched,0.6381063591812376,0.42615057330934203,0.8468397520056923,0.798815597732817,6,looped,response_matched,archived_neural_scores,,,,,,68.91778680806358,71.84220966673456,1.5388821950182319,34049,NVIDIA GeForce RTX 3090 Ti,historical execution; no matched-hardware comparison with current calibration times
development__allen_cahn__correct,development,allen_cahn,correct,32,ood,64,64,True,neural:looped:smooth,0.22986185060362585,0.1136065821560969,0.35801593415168964,0.47943909999459355,6,looped,smooth,archived_neural_scores,,,,,,69.88395280018449,72.80796073268478,1.5408949460834265,34049,NVIDIA GeForce RTX 3090 Ti,historical execution; no matched-hardware comparison with current calibration times
development__allen_cahn__correct,development,allen_cahn,correct,32,ood,64,64,True,neural:transformer:iid,0.42232000768672123,0.2837339197140954,0.5461738779926575,0.6498615296251358,6,transformer,iid,archived_neural_scores,,,,,,73.29804506346893,76.22563881551226,1.5369217260740697,100993,NVIDIA GeForce RTX 3090 Ti,historical execution; no matched-hardware comparison with current calibration times
development__allen_cahn__correct,development,allen_cahn,correct,32,ood,64,64,True,neural:transformer:none,0.1027676756592113,0.061772672971367446,0.1560619244301732,0.32057397844992236,6,transformer,none,archived_neural_scores,,,,,,42.94276600400917,42.98502013863375,1.57662722049281,100993,NVIDIA GeForce RTX 3090 Ti,historical execution; no matched-hardware comparison with current calibration times
development__allen_cahn__correct,development,allen_cahn,correct,32,ood,64,64,True,neural:transformer:response_matched,0.6200002096372733,0.4612355931069467,0.7656044799389011,0.7874009205209715,6,transformer,response_matched,archived_neural_scores,,,,,,72.54323337902315,75.47071919745456,1.5397784882225096,100993,NVIDIA GeForce RTX 3090 Ti,historical execution; no matched-hardware comparison with current calibration times
development__allen_cahn__correct,development,allen_cahn,correct,32,ood,64,64,True,neural:transformer:smooth,0.2662675015693499,0.17420334375267196,0.3685641823754618,0.5160111448111852,6,transformer,smooth,archived_neural_scores,,,,,,72.62630665434214,75.5537157941144,1.578070712275803,100993,NVIDIA GeForce RTX 3090 Ti,historical execution; no matched-hardware comparison with current calibration times
development__allen_cahn__correct,development,allen_cahn,correct,32,ood,64,64,True,validation_best_neural,0.003438385973723479,0.0017932782397275175,0.0052999738896382575,0.058637752120314766,6,validation_best_neural,,frozen_validation_selection,,,,,,,,,,,
development__allen_cahn__correct,development,allen_cahn,correct,32,ood,64,64,True,validation_selected_route,1.7105847863381803e-11,1.516905990793361e-11,1.9304899565637772e-11,4.1359216461850196e-06,6,validation_selected_route,,frozen_validation_selection,,,,,,,,,,,
development__allen_cahn__correct,development,allen_cahn,correct,32,ood,96,64,False,calibrated,1.9191455101830118e-11,1.6868527295109694e-11,2.1894832568886473e-11,4.380805302890111e-06,0,physics_calibrated,,new_frozen_physics_evaluation,0,0,0,1.9191455101830118e-11,0.4987642239975685,,,,,,
development__allen_cahn__correct,development,allen_cahn,correct,32,ood,96,64,False,uncalibrated,1.46132662205788e-11,1.2965541704756492e-11,1.6448014095321456e-11,3.8227302050470154e-06,0,physics_uncalibrated,,new_frozen_physics_evaluation,0,0,0,1.46132662205788e-11,0.0,,,,,,
development__allen_cahn__correct,development,allen_cahn,correct,32,ood,96,64,False,persistence,0.029400801827896245,0.02123448828270419,0.039272838238519354,0.17146662015650815,0,persistence,,new_frozen_physics_evaluation,0,0,0,0.029400801827896245,0.0,,,,,,
development__allen_cahn__correct,development,allen_cahn,correct,32,ood,96,64,False,neural:fno:iid,0.007559929699206873,0.0037864272437209217,0.011402756197336722,0.08694785620822904,6,fno,iid,archived_neural_scores,,,,,,42.024380051065236,44.94385312350156,1.2436234625056386,209985,NVIDIA GeForce RTX 3090 Ti,historical execution; no matched-hardware comparison with current calibration times
development__allen_cahn__correct,development,allen_cahn,correct,32,ood,96,64,False,neural:fno:none,0.06628356010545426,0.03432110534544618,0.10783416569783456,0.25745593818254464,6,fno,none,archived_neural_scores,,,,,,25.01461238095847,25.048850260131683,1.255962229333818,209985,NVIDIA GeForce RTX 3090 Ti,historical execution; no matched-hardware comparison with current calibration times
development__allen_cahn__correct,development,allen_cahn,correct,32,ood,96,64,False,neural:fno:response_matched,0.00636964197074005,0.0027705195568924596,0.010632106897232253,0.07981003677946809,6,fno,response_matched,archived_neural_scores,,,,,,41.84448352696685,44.7639262622688,1.2604435090906918,209985,NVIDIA GeForce RTX 3090 Ti,historical execution; no matched-hardware comparison with current calibration times
development__allen_cahn__correct,development,allen_cahn,correct,32,ood,96,64,False,neural:fno:smooth,0.00815014438329043,0.0031034544813045117,0.017685489106161103,0.09027815008788356,6,fno,smooth,archived_neural_scores,,,,,,41.734554222552106,44.6540730377504,1.244509732350707,209985,NVIDIA GeForce RTX 3090 Ti,historical execution; no matched-hardware comparison with current calibration times
development__allen_cahn__correct,development,allen_cahn,correct,32,ood,96,64,False,neural:looped:iid,0.6500652114089543,0.5289156011966056,0.8142197989617435,0.8062662162145666,6,looped,iid,archived_neural_scores,,,,,,70.14937950957876,73.07319082583611,1.5376577386632562,34049,NVIDIA GeForce RTX 3090 Ti,historical execution; no matched-hardware comparison with current calibration times
development__allen_cahn__correct,development,allen_cahn,correct,32,ood,96,64,False,neural:looped:none,0.36771285790925806,0.1397159762579203,0.7339792363278127,0.6063933194794102,6,looped,none,archived_neural_scores,,,,,,38.82971056799094,38.868256478880845,1.539204001892358,34049,NVIDIA GeForce RTX 3090 Ti,historical execution; no matched-hardware comparison with current calibration times
development__allen_cahn__correct,development,allen_cahn,correct,32,ood,96,64,False,neural:looped:response_matched,1.052914715568626,0.706506905135134,1.379469209745133,1.0261163265286377,6,looped,response_matched,archived_neural_scores,,,,,,68.91778680806358,71.84220966673456,1.5388821950182319,34049,NVIDIA GeForce RTX 3090 Ti,historical execution; no matched-hardware comparison with current calibration times
development__allen_cahn__correct,development,allen_cahn,correct,32,ood,96,64,False,neural:looped:smooth,0.4921900383589146,0.2236518657879735,0.789644530219716,0.701562569097664,6,looped,smooth,archived_neural_scores,,,,,,69.88395280018449,72.80796073268478,1.5408949460834265,34049,NVIDIA GeForce RTX 3090 Ti,historical execution; no matched-hardware comparison with current calibration times
development__allen_cahn__correct,development,allen_cahn,correct,32,ood,96,64,False,neural:transformer:iid,0.644278465465403,0.4591162072696344,0.811774646963946,0.8026695867325503,6,transformer,iid,archived_neural_scores,,,,,,73.29804506346893,76.22563881551226,1.5369217260740697,100993,NVIDIA GeForce RTX 3090 Ti,historical execution; no matched-hardware comparison with current calibration times
development__allen_cahn__correct,development,allen_cahn,correct,32,ood,96,64,False,neural:transformer:none,0.18693593013539436,0.10568593132284425,0.29895363468935615,0.43236087951547414,6,transformer,none,archived_neural_scores,,,,,,42.94276600400917,42.98502013863375,1.57662722049281,100993,NVIDIA GeForce RTX 3090 Ti,historical execution; no matched-hardware comparison with current calibration times
development__allen_cahn__correct,development,allen_cahn,correct,32,ood,96,64,False,neural:transformer:response_matched,0.8350700896119368,0.6344581983748803,1.0264178421731383,0.9138216946494194,6,transformer,response_matched,archived_neural_scores,,,,,,72.54323337902315,75.47071919745456,1.5397784882225096,100993,NVIDIA GeForce RTX 3090 Ti,historical execution; no matched-hardware comparison with current calibration times
development__allen_cahn__correct,development,allen_cahn,correct,32,ood,96,64,False,neural:transformer:smooth,0.4633257136122148,0.2989159972035055,0.6362521231608909,0.6806803314421644,6,transformer,smooth,archived_neural_scores,,,,,,72.62630665434214,75.5537157941144,1.578070712275803,100993,NVIDIA GeForce RTX 3090 Ti,historical execution; no matched-hardware comparison with current calibration times
development__allen_cahn__correct,development,allen_cahn,correct,32,ood,96,64,False,validation_best_neural,0.007033406040735842,0.003481032997591427,0.011079454423303768,0.08386540431391147,6,validation_best_neural,,frozen_validation_selection,,,,,,,,,,,
development__allen_cahn__correct,development,allen_cahn,correct,32,ood,96,64,False,validation_selected_route,1.9191455101830118e-11,1.6868527295109697e-11,2.1894832568886476e-11,4.380805302890111e-06,6,validation_selected_route,,frozen_validation_selection,,,,,,,,,,,
development__burgers__coefficient,development,burgers,coefficient,32,test,64,64,True,calibrated,3.6164333757879106e-11,1.7757945036520484e-11,6.114400790820485e-11,6.01367888716043e-06,0,physics_calibrated,,new_frozen_physics_evaluation,0,0,0,3.6164333757879106e-11,0.7998858440005279,,,,,,
development__burgers__coefficient,development,burgers,coefficient,32,test,64,64,True,uncalibrated,0.017123439811957963,0.012601883899255668,0.022484985329241185,0.13085656197515647,0,physics_uncalibrated,,new_frozen_physics_evaluation,0,0,0,0.017123439811957963,0.0,,,,,,
development__burgers__coefficient,development,burgers,coefficient,32,test,64,64,True,persistence,0.811704307409375,0.6371817654346572,1.0430367946458066,0.9009463399167428,0,persistence,,new_frozen_physics_evaluation,0,0,0,0.811704307409375,0.0,,,,,,
development__burgers__coefficient,development,burgers,coefficient,32,test,64,64,True,neural:fno:iid,0.0008287844862643959,0.0005365857012732154,0.0011785519090140677,0.02878861730379554,6,fno,iid,archived_neural_scores,,,,,,41.83530970608505,44.92205141973682,1.2587503297254443,209985,NVIDIA GeForce RTX 3090 Ti,historical execution; no matched-hardware comparison with current calibration times
development__burgers__coefficient,development,burgers,coefficient,32,test,64,64,True,neural:fno:none,0.0006509336796864854,0.00042508683885533657,0.0009303977518777904,0.02551340196223321,6,fno,none,archived_neural_scores,,,,,,25.063914816748973,25.097965341992676,1.29736257949844,209985,NVIDIA GeForce RTX 3090 Ti,historical execution; no matched-hardware comparison with current calibration times
development__burgers__coefficient,development,burgers,coefficient,32,test,64,64,True,neural:fno:response_matched,0.0006817666061782525,0.0005207407211622313,0.0008834878899012265,0.026110660776362066,6,fno,response_matched,archived_neural_scores,,,,,,41.867022273984425,44.95388159629268,1.307970064226538,209985,NVIDIA GeForce RTX 3090 Ti,historical execution; no matched-hardware comparison with current calibration times
development__burgers__coefficient,development,burgers,coefficient,32,test,64,64,True,neural:fno:smooth,0.0005711963473191131,0.0003890802027809895,0.0007918016029351328,0.023899714377354244,6,fno,smooth,archived_neural_scores,,,,,,41.6963123138994,44.783142329271264,1.2744765845127404,209985,NVIDIA GeForce RTX 3090 Ti,historical execution; no matched-hardware comparison with current calibration times
development__burgers__coefficient,development,burgers,coefficient,32,test,64,64,True,neural:looped:iid,0.010294348561739053,0.00735659404308758,0.01394140469001019,0.10146106919276503,6,looped,iid,archived_neural_scores,,,,,,69.08306386927143,72.1738682622866,1.5383370337076485,34049,NVIDIA GeForce RTX 3090 Ti,historical execution; no matched-hardware comparison with current calibration times
development__burgers__coefficient,development,burgers,coefficient,32,test,64,64,True,neural:looped:none,0.011035458482731861,0.007399528917061405,0.016026847705756127,0.10504979049351722,6,looped,none,archived_neural_scores,,,,,,39.012222901297115,39.05039693089202,1.5649137669242918,34049,NVIDIA GeForce RTX 3090 Ti,historical execution; no matched-hardware comparison with current calibration times
development__burgers__coefficient,development,burgers,coefficient,32,test,64,64,True,neural:looped:response_matched,0.009327412437635916,0.006283763951989628,0.013179917518345765,0.09657852989995197,6,looped,response_matched,archived_neural_scores,,,,,,69.0717775109224,72.16294071171433,1.5405815443955362,34049,NVIDIA GeForce RTX 3090 Ti,historical execution; no matched-hardware comparison with current calibration times
development__burgers__coefficient,development,burgers,coefficient,32,test,64,64,True,neural:looped:smooth,0.010207495767216607,0.007156921769574381,0.014038567598144014,0.10103215214582241,6,looped,smooth,archived_neural_scores,,,,,,69.4088247505327,72.49963433171312,1.5538573265075684,34049,NVIDIA GeForce RTX 3090 Ti,historical execution; no matched-hardware comparison with current calibration times
development__burgers__coefficient,development,burgers,coefficient,32,test,64,64,True,neural:transformer:iid,0.0067713944814743465,0.004443711812297803,0.009698220635274703,0.08228848328578153,6,transformer,iid,archived_neural_scores,,,,,,72.69828271322574,75.79325524523544,1.5397716546431184,100993,NVIDIA GeForce RTX 3090 Ti,historical execution; no matched-hardware comparison with current calibration times
development__burgers__coefficient,development,burgers,coefficient,32,test,64,64,True,neural:transformer:none,0.006637938893562252,0.0041347138552666664,0.010052998930735859,0.08147354720129873,6,transformer,none,archived_neural_scores,,,,,,43.58832743616464,43.630592009751126,1.5387109015136957,100993,NVIDIA GeForce RTX 3090 Ti,historical execution; no matched-hardware comparison with current calibration times
development__burgers__coefficient,development,burgers,coefficient,32,test,64,64,True,neural:transformer:response_matched,0.005877705233532797,0.004158739147486837,0.008181128774090376,0.07666619355056567,6,transformer,response_matched,archived_neural_scores,,,,,,72.81695752668504,75.91196773309882,1.5378066571429372,100993,NVIDIA GeForce RTX 3090 Ti,historical execution; no matched-hardware comparison with current calibration times
development__burgers__coefficient,development,burgers,coefficient,32,test,64,64,True,neural:transformer:smooth,0.006662913922609703,0.004389531508968121,0.009639062471510255,0.0816266740876394,6,transformer,smooth,archived_neural_scores,,,,,,73.29967685625888,76.39466220947604,1.5381196630187333,100993,NVIDIA GeForce RTX 3090 Ti,historical execution; no matched-hardware comparison with current calibration times
development__burgers__coefficient,development,burgers,coefficient,32,test,64,64,True,validation_best_neural,0.000520603293800368,0.00036725231932667143,0.0007056221947357293,0.022816732759103963,6,validation_best_neural,,frozen_validation_selection,,,,,,,,,,,
development__burgers__coefficient,development,burgers,coefficient,32,test,64,64,True,validation_selected_route,3.6164333757879106e-11,1.7757945036520484e-11,6.114400790820485e-11,6.01367888716043e-06,6,validation_selected_route,,frozen_validation_selection,,,,,,,,,,,
development__burgers__coefficient,development,burgers,coefficient,32,test,96,64,False,calibrated,3.299953674641873e-11,1.920219122852987e-11,5.1835368408348037e-11,5.7445223253477504e-06,0,physics_calibrated,,new_frozen_physics_evaluation,0,0,0,3.299953674641873e-11,0.7998858440005279,,,,,,
development__burgers__coefficient,development,burgers,coefficient,32,test,96,64,False,uncalibrated,0.017177100389785448,0.013304729542603321,0.021936020924791647,0.1310614374626856,0,physics_uncalibrated,,new_frozen_physics_evaluation,0,0,0,0.017177100389785448,0.0,,,,,,
development__burgers__coefficient,development,burgers,coefficient,32,test,96,64,False,persistence,1.0653304802911545,0.8681018315752327,1.2996622181471527,1.0321484778321162,0,persistence,,new_frozen_physics_evaluation,0,0,0,1.0653304802911545,0.0,,,,,,
development__burgers__coefficient,development,burgers,coefficient,32,test,96,64,False,neural:fno:iid,0.0011701365529226575,0.0007509134342728328,0.0016514587925952355,0.03420725877533389,6,fno,iid,archived_neural_scores,,,,,,41.83530970608505,44.92205141973682,1.2587503297254443,209985,NVIDIA GeForce RTX 3090 Ti,historical execution; no matched-hardware comparison with current calibration times
development__burgers__coefficient,development,burgers,coefficient,32,test,96,64,False,neural:fno:none,0.0008144398427109819,0.0005409676175454728,0.0011179971503940565,0.028538392433894763,6,fno,none,archived_neural_scores,,,,,,25.063914816748973,25.097965341992676,1.29736257949844,209985,NVIDIA GeForce RTX 3090 Ti,historical execution; no matched-hardware comparison with current calibration times
development__burgers__coefficient,development,burgers,coefficient,32,test,96,64,False,neural:fno:response_matched,0.0009247097835326921,0.0007285757021984795,0.0011686952963858956,0.03040904114786739,6,fno,response_matched,archived_neural_scores,,,,,,41.867022273984425,44.95388159629268,1.307970064226538,209985,NVIDIA GeForce RTX 3090 Ti,historical execution; no matched-hardware comparison with current calibration times
development__burgers__coefficient,development,burgers,coefficient,32,test,96,64,False,neural:fno:smooth,0.0006813443217763429,0.00048191188743428997,0.0009213143347975425,0.026102573087271357,6,fno,smooth,archived_neural_scores,,,,,,41.6963123138994,44.783142329271264,1.2744765845127404,209985,NVIDIA GeForce RTX 3090 Ti,historical execution; no matched-hardware comparison with current calibration times
development__burgers__coefficient,development,burgers,coefficient,32,test,96,64,False,neural:looped:iid,0.012292102516459636,0.0091119249472418,0.016273298395090913,0.11086975474158693,6,looped,iid,archived_neural_scores,,,,,,69.08306386927143,72.1738682622866,1.5383370337076485,34049,NVIDIA GeForce RTX 3090 Ti,historical execution; no matched-hardware comparison with current calibration times
development__burgers__coefficient,development,burgers,coefficient,32,test,96,64,False,neural:looped:none,0.012735244558711785,0.00842270188063213,0.018562579278335434,0.1128505407993767,6,looped,none,archived_neural_scores,,,,,,39.012222901297115,39.05039693089202,1.5649137669242918,34049,NVIDIA GeForce RTX 3090 Ti,historical execution; no matched-hardware comparison with current calibration times
development__burgers__coefficient,development,burgers,coefficient,32,test,96,64,False,neural:looped:response_matched,0.01075001496899495,0.007500399755377553,0.014891167755419054,0.10368227895351717,6,looped,response_matched,archived_neural_scores,,,,,,69.0717775109224,72.16294071171433,1.5405815443955362,34049,NVIDIA GeForce RTX 3090 Ti,historical execution; no matched-hardware comparison with current calibration times
development__burgers__coefficient,development,burgers,coefficient,32,test,96,64,False,neural:looped:smooth,0.011256668550219113,0.008204168319921592,0.014950850737143235,0.10609744836808806,6,looped,smooth,archived_neural_scores,,,,,,69.4088247505327,72.49963433171312,1.5538573265075684,34049,NVIDIA GeForce RTX 3090 Ti,historical execution; no matched-hardware comparison with current calibration times
development__burgers__coefficient,development,burgers,coefficient,32,test,96,64,False,neural:transformer:iid,0.007934112226975895,0.005509326546120165,0.010687438690928568,0.08907363373622912,6,transformer,iid,archived_neural_scores,,,,,,72.69828271322574,75.79325524523544,1.5397716546431184,100993,NVIDIA GeForce RTX 3090 Ti,historical execution; no matched-hardware comparison with current calibration times
development__burgers__coefficient,development,burgers,coefficient,32,test,96,64,False,neural:transformer:none,0.007344714650311329,0.004870742153342842,0.010664253868064853,0.08570131066857338,6,transformer,none,archived_neural_scores,,,,,,43.58832743616464,43.630592009751126,1.5387109015136957,100993,NVIDIA GeForce RTX 3090 Ti,historical execution; no matched-hardware comparison with current calibration times
development__burgers__coefficient,development,burgers,coefficient,32,test,96,64,False,neural:transformer:response_matched,0.006974787796594747,0.005055129538796332,0.009523319871955043,0.0835151950042311,6,transformer,response_matched,archived_neural_scores,,,,,,72.81695752668504,75.91196773309882,1.5378066571429372,100993,NVIDIA GeForce RTX 3090 Ti,historical execution; no matched-hardware comparison with current calibration times
development__burgers__coefficient,development,burgers,coefficient,32,test,96,64,False,neural:transformer:smooth,0.007000061868353682,0.004833719769798518,0.009638436283540323,0.08366637238672227,6,transformer,smooth,archived_neural_scores,,,,,,73.29967685625888,76.39466220947604,1.5381196630187333,100993,NVIDIA GeForce RTX 3090 Ti,historical execution; no matched-hardware comparison with current calibration times
development__burgers__coefficient,development,burgers,coefficient,32,test,96,64,False,validation_best_neural,0.0006680682956761939,0.0004767560292570508,0.0008854067946138303,0.025847017152394857,6,validation_best_neural,,frozen_validation_selection,,,,,,,,,,,
development__burgers__coefficient,development,burgers,coefficient,32,test,96,64,False,validation_selected_route,3.299953674641873e-11,1.920219122852987e-11,5.1835368408348037e-11,5.7445223253477504e-06,6,validation_selected_route,,frozen_validation_selection,,,,,,,,,,,
development__burgers__coefficient,development,burgers,coefficient,32,ood,64,64,True,calibrated,1.672070575860471e-11,9.809204254389347e-12,2.8090815587963936e-11,4.089095958595825e-06,0,physics_calibrated,,new_frozen_physics_evaluation,0,0,0,1.672070575860471e-11,0.7998858440005279,,,,,,
development__burgers__coefficient,development,burgers,coefficient,32,ood,64,64,True,uncalibrated,0.010053786692552413,0.008125752549922819,0.01228643240966992,0.10026857280600145,0,physics_uncalibrated,,new_frozen_physics_evaluation,0,0,0,0.010053786692552413,0.0,,,,,,
development__burgers__coefficient,development,burgers,coefficient,32,ood,64,64,True,persistence,0.81375216952644,0.6701454232890549,0.9643091429997689,0.9020821301447225,0,persistence,,new_frozen_physics_evaluation,0,0,0,0.81375216952644,0.0,,,,,,
development__burgers__coefficient,development,burgers,coefficient,32,ood,64,64,True,neural:fno:iid,0.021864367445440975,0.008362659842702944,0.04039159204756864,0.14786604561372763,6,fno,iid,archived_neural_scores,,,,,,41.83530970608505,44.92205141973682,1.2587503297254443,209985,NVIDIA GeForce RTX 3090 Ti,historical execution; no matched-hardware comparison with current calibration times
development__burgers__coefficient,development,burgers,coefficient,32,ood,64,64,True,neural:fno:none,0.01701398137382378,0.009201532233920501,0.026993614661978332,0.13043765320575104,6,fno,none,archived_neural_scores,,,,,,25.063914816748973,25.097965341992676,1.29736257949844,209985,NVIDIA GeForce RTX 3090 Ti,historical execution; no matched-hardware comparison with current calibration times
development__burgers__coefficient,development,burgers,coefficient,32,ood,64,64,True,neural:fno:response_matched,0.02228999848902727,0.009345706128576776,0.03756352064438229,0.14929835393944324,6,fno,response_matched,archived_neural_scores,,,,,,41.867022273984425,44.95388159629268,1.307970064226538,209985,NVIDIA GeForce RTX 3090 Ti,historical execution; no matched-hardware comparison with current calibration times
development__burgers__coefficient,development,burgers,coefficient,32,ood,64,64,True,neural:fno:smooth,0.0057781685316203755,0.002786052241928919,0.009571026219975144,0.07601426531658631,6,fno,smooth,archived_neural_scores,,,,,,41.6963123138994,44.783142329271264,1.2744765845127404,209985,NVIDIA GeForce RTX 3090 Ti,historical execution; no matched-hardware comparison with current calibration times
development__burgers__coefficient,development,burgers,coefficient,32,ood,64,64,True,neural:looped:iid,1.015228845616661,0.3456014417091328,2.120604159566445,1.0075856517520785,6,looped,iid,archived_neural_scores,,,,,,69.08306386927143,72.1738682622866,1.5383370337076485,34049,NVIDIA GeForce RTX 3090 Ti,historical execution; no matched-hardware comparison with current calibration times
development__burgers__coefficient,development,burgers,coefficient,32,ood,64,64,True,neural:looped:none,0.8081382884497046,0.3919435831594637,1.4438104696227878,0.8989651208193256,6,looped,none,archived_neural_scores,,,,,,39.012222901297115,39.05039693089202,1.5649137669242918,34049,NVIDIA GeForce RTX 3090 Ti,historical execution; no matched-hardware comparison with current calibration times
development__burgers__coefficient,development,burgers,coefficient,32,ood,64,64,True,neural:looped:response_matched,0.8559398747858079,0.36050012335967635,1.6259721102348512,0.9251701869309278,6,looped,response_matched,archived_neural_scores,,,,,,69.0717775109224,72.16294071171433,1.5405815443955362,34049,NVIDIA GeForce RTX 3090 Ti,historical execution; no matched-hardware comparison with current calibration times
development__burgers__coefficient,development,burgers,coefficient,32,ood,64,64,True,neural:looped:smooth,1.1002163369274083,0.3694802332069924,2.2896336707200446,1.0489119776832603,6,looped,smooth,archived_neural_scores,,,,,,69.4088247505327,72.49963433171312,1.5538573265075684,34049,NVIDIA GeForce RTX 3090 Ti,historical execution; no matched-hardware comparison with current calibration times
development__burgers__coefficient,development,burgers,coefficient,32,ood,64,64,True,neural:transformer:iid,0.629661069803617,0.43668874829420784,0.9205583753491425,0.7935118586408253,6,transformer,iid,archived_neural_scores,,,,,,72.69828271322574,75.79325524523544,1.5397716546431184,100993,NVIDIA GeForce RTX 3090 Ti,historical execution; no matched-hardware comparison with current calibration times
development__burgers__coefficient,development,burgers,coefficient,32,ood,64,64,True,neural:transformer:none,0.542459863897987,0.44785238339581795,0.6353988810325768,0.7365187464674521,6,transformer,none,archived_neural_scores,,,,,,43.58832743616464,43.630592009751126,1.5387109015136957,100993,NVIDIA GeForce RTX 3090 Ti,historical execution; no matched-hardware comparison with current calibration times
development__burgers__coefficient,development,burgers,coefficient,32,ood,64,64,True,neural:transformer:response_matched,0.5552663068658052,0.4018103784248439,0.7570721584364459,0.7451619333177221,6,transformer,response_matched,archived_neural_scores,,,,,,72.81695752668504,75.91196773309882,1.5378066571429372,100993,NVIDIA GeForce RTX 3090 Ti,historical execution; no matched-hardware comparison with current calibration times
development__burgers__coefficient,development,burgers,coefficient,32,ood,64,64,True,neural:transformer:smooth,0.6733912302014691,0.5023831845629667,0.9220233883063692,0.8206041860735717,6,transformer,smooth,archived_neural_scores,,,,,,73.29967685625888,76.39466220947604,1.5381196630187333,100993,NVIDIA GeForce RTX 3090 Ti,historical execution; no matched-hardware comparison with current calibration times
development__burgers__coefficient,development,burgers,coefficient,32,ood,64,64,True,validation_best_neural,0.00876815077780651,0.0042689710462887435,0.01411759846347046,0.09363840439588081,6,validation_best_neural,,frozen_validation_selection,,,,,,,,,,,
development__burgers__coefficient,development,burgers,coefficient,32,ood,64,64,True,validation_selected_route,1.672070575860471e-11,9.809204254389347e-12,2.8090815587963933e-11,4.089095958595825e-06,6,validation_selected_route,,frozen_validation_selection,,,,,,,,,,,
development__burgers__coefficient,development,burgers,coefficient,32,ood,96,64,False,calibrated,1.924141109328658e-11,1.3336900188511287e-11,2.771781193789197e-11,4.3865032877323345e-06,0,physics_calibrated,,new_frozen_physics_evaluation,0,0,0,1.924141109328658e-11,0.7998858440005279,,,,,,
development__burgers__coefficient,development,burgers,coefficient,32,ood,96,64,False,uncalibrated,0.011435151169138402,0.009703029442366135,0.013360472411513986,0.10693526625551741,0,physics_uncalibrated,,new_frozen_physics_evaluation,0,0,0,0.011435151169138402,0.0,,,,,,
development__burgers__coefficient,development,burgers,coefficient,32,ood,96,64,False,persistence,1.0417534386756522,0.8779960470566323,1.2156882663773625,1.0206632347036177,0,persistence,,new_frozen_physics_evaluation,0,0,0,1.0417534386756522,0.0,,,,,,
development__burgers__coefficient,development,burgers,coefficient,32,ood,96,64,False,neural:fno:iid,0.0389781821123877,0.013894048388166158,0.07347735164452539,0.1974289292692125,6,fno,iid,archived_neural_scores,,,,,,41.83530970608505,44.92205141973682,1.2587503297254443,209985,NVIDIA GeForce RTX 3090 Ti,historical execution; no matched-hardware comparison with current calibration times
development__burgers__coefficient,development,burgers,coefficient,32,ood,96,64,False,neural:fno:none,0.02458264682492207,0.013386677993972943,0.03787993460472833,0.15678854175264872,6,fno,none,archived_neural_scores,,,,,,25.063914816748973,25.097965341992676,1.29736257949844,209985,NVIDIA GeForce RTX 3090 Ti,historical execution; no matched-hardware comparison with current calibration times
development__burgers__coefficient,development,burgers,coefficient,32,ood,96,64,False,neural:fno:response_matched,0.03839878302903288,0.014792077301744982,0.06698311807760951,0.19595607423357123,6,fno,response_matched,archived_neural_scores,,,,,,41.867022273984425,44.95388159629268,1.307970064226538,209985,NVIDIA GeForce RTX 3090 Ti,historical execution; no matched-hardware comparison with current calibration times
development__burgers__coefficient,development,burgers,coefficient,32,ood,96,64,False,neural:fno:smooth,0.009938413709162947,0.004361315538917565,0.017967775388413956,0.0996915929713381,6,fno,smooth,archived_neural_scores,,,,,,41.6963123138994,44.783142329271264,1.2744765845127404,209985,NVIDIA GeForce RTX 3090 Ti,historical execution; no matched-hardware comparison with current calibration times
development__burgers__coefficient,development,burgers,coefficient,32,ood,96,64,False,neural:looped:iid,2.085336194491876,0.4664576869024599,4.89501907845406,1.4440693177586303,6,looped,iid,archived_neural_scores,,,,,,69.08306386927143,72.1738682622866,1.5383370337076485,34049,NVIDIA GeForce RTX 3090 Ti,historical execution; no matched-hardware comparison with current calibration times
development__burgers__coefficient,development,burgers,coefficient,32,ood,96,64,False,neural:looped:none,1.5718285958972524,0.5648717723756942,3.2412826846249736,1.2537258854698872,6,looped,none,archived_neural_scores,,,,,,39.012222901297115,39.05039693089202,1.5649137669242918,34049,NVIDIA GeForce RTX 3090 Ti,historical execution; no matched-hardware comparison with current calibration times
development__burgers__coefficient,development,burgers,coefficient,32,ood,96,64,False,neural:looped:response_matched,1.725781957118041,0.48958622693206105,3.839941449606819,1.313690205915398,6,looped,response_matched,archived_neural_scores,,,,,,69.0717775109224,72.16294071171433,1.5405815443955362,34049,NVIDIA GeForce RTX 3090 Ti,historical execution; no matched-hardware comparison with current calibration times
development__burgers__coefficient,development,burgers,coefficient,32,ood,96,64,False,neural:looped:smooth,2.2257258905986035,0.5175288092412503,5.166388071523793,1.4918866882570552,6,looped,smooth,archived_neural_scores,,,,,,69.4088247505327,72.49963433171312,1.5538573265075684,34049,NVIDIA GeForce RTX 3090 Ti,historical execution; no matched-hardware comparison with current calibration times
development__burgers__coefficient,development,burgers,coefficient,32,ood,96,64,False,neural:transformer:iid,0.9734951170555597,0.6093574361699938,1.5456908719882863,0.9866585615376576,6,transformer,iid,archived_neural_scores,,,,,,72.69828271322574,75.79325524523544,1.5397716546431184,100993,NVIDIA GeForce RTX 3090 Ti,historical execution; no matched-hardware comparison with current calibration times
development__burgers__coefficient,development,burgers,coefficient,32,ood,96,64,False,neural:transformer:none,0.8271068722388755,0.6539901919376483,1.0023695279540283,0.909454161702983,6,transformer,none,archived_neural_scores,,,,,,43.58832743616464,43.630592009751126,1.5387109015136957,100993,NVIDIA GeForce RTX 3090 Ti,historical execution; no matched-hardware comparison with current calibration times
development__burgers__coefficient,development,burgers,coefficient,32,ood,96,64,False,neural:transformer:response_matched,0.8115286408673997,0.5264548438236083,1.1939770019738958,0.9008488446278875,6,transformer,response_matched,archived_neural_scores,,,,,,72.81695752668504,75.91196773309882,1.5378066571429372,100993,NVIDIA GeForce RTX 3090 Ti,historical execution; no matched-hardware comparison with current calibration times
development__burgers__coefficient,development,burgers,coefficient,32,ood,96,64,False,neural:transformer:smooth,1.0661974296942494,0.7428886120225987,1.5642395038292733,1.0325683656273077,6,transformer,smooth,archived_neural_scores,,,,,,73.29967685625888,76.39466220947604,1.5381196630187333,100993,NVIDIA GeForce RTX 3090 Ti,historical execution; no matched-hardware comparison with current calibration times
development__burgers__coefficient,development,burgers,coefficient,32,ood,96,64,False,validation_best_neural,0.014893559087715363,0.006530824295193604,0.024592292578566634,0.12203917030083154,6,validation_best_neural,,frozen_validation_selection,,,,,,,,,,,
development__burgers__coefficient,development,burgers,coefficient,32,ood,96,64,False,validation_selected_route,1.9241411093286583e-11,1.3336900188511285e-11,2.7717811937891967e-11,4.3865032877323345e-06,6,validation_selected_route,,frozen_validation_selection,,,,,,,,,,,
development__burgers__correct,development,burgers,correct,32,test,64,64,True,calibrated,2.5307297822072228e-11,6.2650902026755416e-12,5.1354968180217815e-11,5.03063592620975e-06,0,physics_calibrated,,new_frozen_physics_evaluation,0,0,0,2.5307297822072228e-11,0.6622444979984721,,,,,,
development__burgers__correct,development,burgers,correct,32,test,64,64,True,uncalibrated,2.5307297822072228e-11,6.2650902026755416e-12,5.1354968180217815e-11,5.03063592620975e-06,0,physics_uncalibrated,,new_frozen_physics_evaluation,0,0,0,2.5307297822072228e-11,0.0,,,,,,
development__burgers__correct,development,burgers,correct,32,test,64,64,True,persistence,0.811704307409375,0.6384635216062029,1.0312408023673265,0.9009463399167428,0,persistence,,new_frozen_physics_evaluation,0,0,0,0.811704307409375,0.0,,,,,,
development__burgers__correct,development,burgers,correct,32,test,64,64,True,neural:fno:iid,0.0003816500066346343,0.0002819950200112299,0.0004965343254317648,0.019535864624700753,6,fno,iid,archived_neural_scores,,,,,,41.76643800168919,44.832169696533434,1.2506848550401628,209985,NVIDIA GeForce RTX 3090 Ti,historical execution; no matched-hardware comparison with current calibration times
development__burgers__correct,development,burgers,correct,32,test,64,64,True,neural:fno:none,0.0006018920915045993,0.00040872864411348506,0.0008244493993616224,0.024533489183249074,6,fno,none,archived_neural_scores,,,,,,24.974350878891226,25.010247424710542,1.2510888278484344,209985,NVIDIA GeForce RTX 3090 Ti,historical execution; no matched-hardware comparison with current calibration times
development__burgers__correct,development,burgers,correct,32,test,64,64,True,neural:fno:response_matched,0.00043727900215512785,0.0002858498708291418,0.000615812272647774,0.02091121713710438,6,fno,response_matched,archived_neural_scores,,,,,,42.00548887128631,45.07094484521076,1.2453735806047916,209985,NVIDIA GeForce RTX 3090 Ti,historical execution; no matched-hardware comparison with current calibration times
development__burgers__correct,development,burgers,correct,32,test,64,64,True,neural:fno:smooth,0.00020412086126827636,0.00012774685797537004,0.0003005653181018394,0.014287087221273493,6,fno,smooth,archived_neural_scores,,,,,,42.36106056052571,45.426626055579014,1.2773475958965719,209985,NVIDIA GeForce RTX 3090 Ti,historical execution; no matched-hardware comparison with current calibration times
development__burgers__correct,development,burgers,correct,32,test,64,64,True,neural:looped:iid,0.009538695818492204,0.006739423848411606,0.01303426576187255,0.09766624707897915,6,looped,iid,archived_neural_scores,,,,,,70.34002730025288,73.40975614124909,1.5411196509376168,34049,NVIDIA GeForce RTX 3090 Ti,historical execution; no matched-hardware comparison with current calibration times
development__burgers__correct,development,burgers,correct,32,test,64,64,True,neural:looped:none,0.011035485003383694,0.00737776622501016,0.015852134328514875,0.10504991672240246,6,looped,none,archived_neural_scores,,,,,,39.26055950873221,39.29905022261664,1.5385346487164497,34049,NVIDIA GeForce RTX 3090 Ti,historical execution; no matched-hardware comparison with current calibration times
development__burgers__correct,development,burgers,correct,32,test,64,64,True,neural:looped:response_matched,0.010386579672573282,0.00716178667806382,0.014319098728447378,0.10191457046258538,6,looped,response_matched,archived_neural_scores,,,,,,69.06154850358143,72.13113929098472,1.5413084183819592,34049,NVIDIA GeForce RTX 3090 Ti,historical execution; no matched-hardware comparison with current calibration times
development__burgers__correct,development,burgers,correct,32,test,64,64,True,neural:looped:smooth,0.009705862691645806,0.006861066323386663,0.01326768955407695,0.09851833682947457,6,looped,smooth,archived_neural_scores,,,,,,69.63273873203434,72.7024206748077,1.5413571847602725,34049,NVIDIA GeForce RTX 3090 Ti,historical execution; no matched-hardware comparison with current calibration times
development__burgers__correct,development,burgers,correct,32,test,64,64,True,neural:transformer:iid,0.005018726848107928,0.0032378205510070084,0.007356059899421162,0.07084297317382951,6,transformer,iid,archived_neural_scores,,,,,,73.08153712524411,76.15521648681413,1.5363703947514296,100993,NVIDIA GeForce RTX 3090 Ti,historical execution; no matched-hardware comparison with current calibration times
development__burgers__correct,development,burgers,correct,32,test,64,64,True,neural:transformer:none,0.006638130040853433,0.004142412887037042,0.00986201566621233,0.08147472025636807,6,transformer,none,archived_neural_scores,,,,,,44.18545188956583,44.22919861793829,1.5535904210992157,100993,NVIDIA GeForce RTX 3090 Ti,historical execution; no matched-hardware comparison with current calibration times
development__burgers__correct,development,burgers,correct,32,test,64,64,True,neural:transformer:response_matched,0.00733420799260794,0.005106101874378025,0.010151098055663443,0.0856399906154125,6,transformer,response_matched,archived_neural_scores,,,,,,72.95600936794654,76.02985936193727,1.5406874008476734,100993,NVIDIA GeForce RTX 3090 Ti,historical execution; no matched-hardware comparison with current calibration times
development__burgers__correct,development,burgers,correct,32,test,64,64,True,neural:transformer:smooth,0.005796979630184347,0.0037696875526689595,0.008530775343490461,0.07613789877705024,6,transformer,smooth,archived_neural_scores,,,,,,73.78602075654392,76.86013833068621,1.5389379113912582,100993,NVIDIA GeForce RTX 3090 Ti,historical execution; no matched-hardware comparison with current calibration times
development__burgers__correct,development,burgers,correct,32,test,64,64,True,validation_best_neural,0.00020412086126827636,0.00012774685797537004,0.0003005653181018394,0.014287087221273493,6,validation_best_neural,,frozen_validation_selection,,,,,,,,,,,
development__burgers__correct,development,burgers,correct,32,test,64,64,True,validation_selected_route,2.5307297822072228e-11,6.265090202675541e-12,5.135496818021781e-11,5.03063592620975e-06,6,validation_selected_route,,frozen_validation_selection,,,,,,,,,,,
development__burgers__correct,development,burgers,correct,32,test,96,64,False,calibrated,1.8963068646859797e-11,5.6895552503120486e-12,3.690008444450502e-11,4.354660566204879e-06,0,physics_calibrated,,new_frozen_physics_evaluation,0,0,0,1.8963068646859797e-11,0.6622444979984721,,,,,,
development__burgers__correct,development,burgers,correct,32,test,96,64,False,uncalibrated,1.8963068646859797e-11,5.6895552503120486e-12,3.690008444450502e-11,4.354660566204879e-06,0,physics_uncalibrated,,new_frozen_physics_evaluation,0,0,0,1.8963068646859797e-11,0.0,,,,,,
development__burgers__correct,development,burgers,correct,32,test,96,64,False,persistence,1.0653304802911545,0.8630400551217001,1.2897224674686076,1.0321484778321162,0,persistence,,new_frozen_physics_evaluation,0,0,0,1.0653304802911545,0.0,,,,,,
development__burgers__correct,development,burgers,correct,32,test,96,64,False,neural:fno:iid,0.0005417284466050527,0.0004083243649171693,0.0006927084248761107,0.023275060614422742,6,fno,iid,archived_neural_scores,,,,,,41.76643800168919,44.832169696533434,1.2506848550401628,209985,NVIDIA GeForce RTX 3090 Ti,historical execution; no matched-hardware comparison with current calibration times
development__burgers__correct,development,burgers,correct,32,test,96,64,False,neural:fno:none,0.0007758365739974578,0.0005199393258743163,0.0010506956984655247,0.027853843074115602,6,fno,none,archived_neural_scores,,,,,,24.974350878891226,25.010247424710542,1.2510888278484344,209985,NVIDIA GeForce RTX 3090 Ti,historical execution; no matched-hardware comparison with current calibration times
development__burgers__correct,development,burgers,correct,32,test,96,64,False,neural:fno:response_matched,0.0006366365255060058,0.00041454472717338914,0.0008850521589142505,0.02523165720887167,6,fno,response_matched,archived_neural_scores,,,,,,42.00548887128631,45.07094484521076,1.2453735806047916,209985,NVIDIA GeForce RTX 3090 Ti,historical execution; no matched-hardware comparison with current calibration times
development__burgers__correct,development,burgers,correct,32,test,96,64,False,neural:fno:smooth,0.0002330674480871573,0.00015518220176348693,0.0003262027672706141,0.015266546698161876,6,fno,smooth,archived_neural_scores,,,,,,42.36106056052571,45.426626055579014,1.2773475958965719,209985,NVIDIA GeForce RTX 3090 Ti,historical execution; no matched-hardware comparison with current calibration times
development__burgers__correct,development,burgers,correct,32,test,96,64,False,neural:looped:iid,0.011864371860732722,0.008525374798577972,0.01602634985068042,0.10892369742499894,6,looped,iid,archived_neural_scores,,,,,,70.34002730025288,73.40975614124909,1.5411196509376168,34049,NVIDIA GeForce RTX 3090 Ti,historical execution; no matched-hardware comparison with current calibration times
development__burgers__correct,development,burgers,correct,32,test,96,64,False,neural:looped:none,0.012735292490225808,0.00846867298360472,0.018409543665017784,0.11285075316640916,6,looped,none,archived_neural_scores,,,,,,39.26055950873221,39.29905022261664,1.5385346487164497,34049,NVIDIA GeForce RTX 3090 Ti,historical execution; no matched-hardware comparison with current calibration times
development__burgers__correct,development,burgers,correct,32,test,96,64,False,neural:looped:response_matched,0.012577249830601378,0.009069889734205288,0.016733879476863597,0.11214833851021325,6,looped,response_matched,archived_neural_scores,,,,,,69.06154850358143,72.13113929098472,1.5413084183819592,34049,NVIDIA GeForce RTX 3090 Ti,historical execution; no matched-hardware comparison with current calibration times
development__burgers__correct,development,burgers,correct,32,test,96,64,False,neural:looped:smooth,0.010789432466922938,0.007943021089906905,0.014141316268928802,0.10387219294365041,6,looped,smooth,archived_neural_scores,,,,,,69.63273873203434,72.7024206748077,1.5413571847602725,34049,NVIDIA GeForce RTX 3090 Ti,historical execution; no matched-hardware comparison with current calibration times
development__burgers__correct,development,burgers,correct,32,test,96,64,False,neural:transformer:iid,0.00536510390395385,0.003678315962642429,0.007526439368816669,0.07324686958467133,6,transformer,iid,archived_neural_scores,,,,,,73.08153712524411,76.15521648681413,1.5363703947514296,100993,NVIDIA GeForce RTX 3090 Ti,historical execution; no matched-hardware comparison with current calibration times
development__burgers__correct,development,burgers,correct,32,test,96,64,False,neural:transformer:none,0.007345084592112176,0.004909320954508073,0.010457999071413367,0.08570346896195145,6,transformer,none,archived_neural_scores,,,,,,44.18545188956583,44.22919861793829,1.5535904210992157,100993,NVIDIA GeForce RTX 3090 Ti,historical execution; no matched-hardware comparison with current calibration times
development__burgers__correct,development,burgers,correct,32,test,96,64,False,neural:transformer:response_matched,0.00924161964619747,0.00641982655553059,0.012610113018540748,0.09613334305118838,6,transformer,response_matched,archived_neural_scores,,,,,,72.95600936794654,76.02985936193727,1.5406874008476734,100993,NVIDIA GeForce RTX 3090 Ti,historical execution; no matched-hardware comparison with current calibration times
development__burgers__correct,development,burgers,correct,32,test,96,64,False,neural:transformer:smooth,0.0062105741255061115,0.004240368808098937,0.008938735397478113,0.07880719589927122,6,transformer,smooth,archived_neural_scores,,,,,,73.78602075654392,76.86013833068621,1.5389379113912582,100993,NVIDIA GeForce RTX 3090 Ti,historical execution; no matched-hardware comparison with current calibration times
development__burgers__correct,development,burgers,correct,32,test,96,64,False,validation_best_neural,0.0002330674480871573,0.00015518220176348693,0.0003262027672706141,0.015266546698161876,6,validation_best_neural,,frozen_validation_selection,,,,,,,,,,,
development__burgers__correct,development,burgers,correct,32,test,96,64,False,validation_selected_route,1.8963068646859797e-11,5.689555250312048e-12,3.690008444450504e-11,4.354660566204879e-06,6,validation_selected_route,,frozen_validation_selection,,,,,,,,,,,
development__burgers__correct,development,burgers,correct,32,ood,64,64,True,calibrated,9.77417205336146e-12,3.709255229560144e-12,2.03107766310565e-11,3.126367229447216e-06,0,physics_calibrated,,new_frozen_physics_evaluation,0,0,0,9.77417205336146e-12,0.6622444979984721,,,,,,
development__burgers__correct,development,burgers,correct,32,ood,64,64,True,uncalibrated,9.77417205336146e-12,3.709255229560144e-12,2.03107766310565e-11,3.126367229447216e-06,0,physics_uncalibrated,,new_frozen_physics_evaluation,0,0,0,9.77417205336146e-12,0.0,,,,,,
development__burgers__correct,development,burgers,correct,32,ood,64,64,True,persistence,0.81375216952644,0.6679160554835372,0.9690928366821946,0.9020821301447225,0,persistence,,new_frozen_physics_evaluation,0,0,0,0.81375216952644,0.0,,,,,,
development__burgers__correct,development,burgers,correct,32,ood,64,64,True,neural:fno:iid,0.024378475914665593,0.008136086956943338,0.043845620964615854,0.1561360813990975,6,fno,iid,archived_neural_scores,,,,,,41.76643800168919,44.832169696533434,1.2506848550401628,209985,NVIDIA GeForce RTX 3090 Ti,historical execution; no matched-hardware comparison with current calibration times
development__burgers__correct,development,burgers,correct,32,ood,64,64,True,neural:fno:none,0.016767783225356644,0.009251644090603991,0.026656540105431368,0.12949047542331693,6,fno,none,archived_neural_scores,,,,,,24.974350878891226,25.010247424710542,1.2510888278484344,209985,NVIDIA GeForce RTX 3090 Ti,historical execution; no matched-hardware comparison with current calibration times
development__burgers__correct,development,burgers,correct,32,ood,64,64,True,neural:fno:response_matched,0.03647544985138176,0.012245978133046457,0.06890383272809297,0.19098547026248294,6,fno,response_matched,archived_neural_scores,,,,,,42.00548887128631,45.07094484521076,1.2453735806047916,209985,NVIDIA GeForce RTX 3090 Ti,historical execution; no matched-hardware comparison with current calibration times
development__burgers__correct,development,burgers,correct,32,ood,64,64,True,neural:fno:smooth,0.005650402192464418,0.0029243809973426046,0.008977664297172363,0.0751691571887328,6,fno,smooth,archived_neural_scores,,,,,,42.36106056052571,45.426626055579014,1.2773475958965719,209985,NVIDIA GeForce RTX 3090 Ti,historical execution; no matched-hardware comparison with current calibration times
development__burgers__correct,development,burgers,correct,32,ood,64,64,True,neural:looped:iid,0.8103905252266431,0.29542294292015964,1.648337015194102,0.9002169323150077,6,looped,iid,archived_neural_scores,,,,,,70.34002730025288,73.40975614124909,1.5411196509376168,34049,NVIDIA GeForce RTX 3090 Ti,historical execution; no matched-hardware comparison with current calibration times
development__burgers__correct,development,burgers,correct,32,ood,64,64,True,neural:looped:none,0.8081389471137879,0.38857355105848707,1.4707168844827174,0.89896548716499,6,looped,none,archived_neural_scores,,,,,,39.26055950873221,39.29905022261664,1.5385346487164497,34049,NVIDIA GeForce RTX 3090 Ti,historical execution; no matched-hardware comparison with current calibration times
development__burgers__correct,development,burgers,correct,32,ood,64,64,True,neural:looped:response_matched,0.6236408336024759,0.3822968715446608,0.9404398446634611,0.7897093348837128,6,looped,response_matched,archived_neural_scores,,,,,,69.06154850358143,72.13113929098472,1.5413084183819592,34049,NVIDIA GeForce RTX 3090 Ti,historical execution; no matched-hardware comparison with current calibration times
development__burgers__correct,development,burgers,correct,32,ood,64,64,True,neural:looped:smooth,1.0476027928697438,0.3616589093783742,2.1944937270036435,1.0235246908940419,6,looped,smooth,archived_neural_scores,,,,,,69.63273873203434,72.7024206748077,1.5413571847602725,34049,NVIDIA GeForce RTX 3090 Ti,historical execution; no matched-hardware comparison with current calibration times
development__burgers__correct,development,burgers,correct,32,ood,64,64,True,neural:transformer:iid,0.5886032460516036,0.43151679761039974,0.8268016148533184,0.767204826660784,6,transformer,iid,archived_neural_scores,,,,,,73.08153712524411,76.15521648681413,1.5363703947514296,100993,NVIDIA GeForce RTX 3090 Ti,historical execution; no matched-hardware comparison with current calibration times
development__burgers__correct,development,burgers,correct,32,ood,64,64,True,neural:transformer:none,0.5424575538944006,0.4429471793211588,0.6380590751164339,0.7365171782751578,6,transformer,none,archived_neural_scores,,,,,,44.18545188956583,44.22919861793829,1.5535904210992157,100993,NVIDIA GeForce RTX 3090 Ti,historical execution; no matched-hardware comparison with current calibration times
development__burgers__correct,development,burgers,correct,32,ood,64,64,True,neural:transformer:response_matched,0.5841253343836392,0.45054262540357504,0.7474829686903413,0.7642809263508015,6,transformer,response_matched,archived_neural_scores,,,,,,72.95600936794654,76.02985936193727,1.5406874008476734,100993,NVIDIA GeForce RTX 3090 Ti,historical execution; no matched-hardware comparison with current calibration times
development__burgers__correct,development,burgers,correct,32,ood,64,64,True,neural:transformer:smooth,0.6605072579111256,0.4830966683787295,0.8866795713679215,0.8127159761633369,6,transformer,smooth,archived_neural_scores,,,,,,73.78602075654392,76.86013833068621,1.5389379113912582,100993,NVIDIA GeForce RTX 3090 Ti,historical execution; no matched-hardware comparison with current calibration times
development__burgers__correct,development,burgers,correct,32,ood,64,64,True,validation_best_neural,0.005650402192464418,0.0029243809973426046,0.008977664297172363,0.0751691571887328,6,validation_best_neural,,frozen_validation_selection,,,,,,,,,,,
development__burgers__correct,development,burgers,correct,32,ood,64,64,True,validation_selected_route,9.77417205336146e-12,3.709255229560144e-12,2.03107766310565e-11,3.126367229447216e-06,6,validation_selected_route,,frozen_validation_selection,,,,,,,,,,,
development__burgers__correct,development,burgers,correct,32,ood,96,64,False,calibrated,1.0332348426283142e-11,5.536079531368085e-12,1.793407879461513e-11,3.2143970548585223e-06,0,physics_calibrated,,new_frozen_physics_evaluation,0,0,0,1.0332348426283142e-11,0.6622444979984721,,,,,,
development__burgers__correct,development,burgers,correct,32,ood,96,64,False,uncalibrated,1.0332348426283142e-11,5.536079531368085e-12,1.793407879461513e-11,3.2143970548585223e-06,0,physics_uncalibrated,,new_frozen_physics_evaluation,0,0,0,1.0332348426283142e-11,0.0,,,,,,
development__burgers__correct,development,burgers,correct,32,ood,96,64,False,persistence,1.0417534386756522,0.8813819824696124,1.2237457359735762,1.0206632347036177,0,persistence,,new_frozen_physics_evaluation,0,0,0,1.0417534386756522,0.0,,,,,,
development__burgers__correct,development,burgers,correct,32,ood,96,64,False,neural:fno:iid,0.044349989885148766,0.011952172284407337,0.08392258661137579,0.2105943728715199,6,fno,iid,archived_neural_scores,,,,,,41.76643800168919,44.832169696533434,1.2506848550401628,209985,NVIDIA GeForce RTX 3090 Ti,historical execution; no matched-hardware comparison with current calibration times
development__burgers__correct,development,burgers,correct,32,ood,96,64,False,neural:fno:none,0.024538422953364124,0.01340424483181313,0.03815975993076937,0.15664744796313831,6,fno,none,archived_neural_scores,,,,,,24.974350878891226,25.010247424710542,1.2510888278484344,209985,NVIDIA GeForce RTX 3090 Ti,historical execution; no matched-hardware comparison with current calibration times
development__burgers__correct,development,burgers,correct,32,ood,96,64,False,neural:fno:response_matched,0.06945889546528478,0.020511169555237376,0.13490129866745554,0.26355055580530423,6,fno,response_matched,archived_neural_scores,,,,,,42.00548887128631,45.07094484521076,1.2453735806047916,209985,NVIDIA GeForce RTX 3090 Ti,historical execution; no matched-hardware comparison with current calibration times
development__burgers__correct,development,burgers,correct,32,ood,96,64,False,neural:fno:smooth,0.009266344548259996,0.003909483450342416,0.015615834699489324,0.09626185406618759,6,fno,smooth,archived_neural_scores,,,,,,42.36106056052571,45.426626055579014,1.2773475958965719,209985,NVIDIA GeForce RTX 3090 Ti,historical execution; no matched-hardware comparison with current calibration times
development__burgers__correct,development,burgers,correct,32,ood,96,64,False,neural:looped:iid,1.6459130642647486,0.39254486640537606,3.8396324554432515,1.282931433968608,6,looped,iid,archived_neural_scores,,,,,,70.34002730025288,73.40975614124909,1.5411196509376168,34049,NVIDIA GeForce RTX 3090 Ti,historical execution; no matched-hardware comparison with current calibration times
development__burgers__correct,development,burgers,correct,32,ood,96,64,False,neural:looped:none,1.571829909743083,0.5605802024602633,3.2944726297228217,1.2537264094462885,6,looped,none,archived_neural_scores,,,,,,39.26055950873221,39.29905022261664,1.5385346487164497,34049,NVIDIA GeForce RTX 3090 Ti,historical execution; no matched-hardware comparison with current calibration times
development__burgers__correct,development,burgers,correct,32,ood,96,64,False,neural:looped:response_matched,1.0805902839399337,0.4943799066134699,2.016047171014163,1.0395144462391726,6,looped,response_matched,archived_neural_scores,,,,,,69.06154850358143,72.13113929098472,1.5413084183819592,34049,NVIDIA GeForce RTX 3090 Ti,historical execution; no matched-hardware comparison with current calibration times
development__burgers__correct,development,burgers,correct,32,ood,96,64,False,neural:looped:smooth,2.1214357172201015,0.5170824595060395,4.94547761085697,1.4565149217292974,6,looped,smooth,archived_neural_scores,,,,,,69.63273873203434,72.7024206748077,1.5413571847602725,34049,NVIDIA GeForce RTX 3090 Ti,historical execution; no matched-hardware comparison with current calibration times
development__burgers__correct,development,burgers,correct,32,ood,96,64,False,neural:transformer:iid,0.8930001558844517,0.6195778640228482,1.3496692982714615,0.9449868548738928,6,transformer,iid,archived_neural_scores,,,,,,73.08153712524411,76.15521648681413,1.5363703947514296,100993,NVIDIA GeForce RTX 3090 Ti,historical execution; no matched-hardware comparison with current calibration times
development__burgers__correct,development,burgers,correct,32,ood,96,64,False,neural:transformer:none,0.8271032354344463,0.6451172839529302,0.9994645578840645,0.9094521622572824,6,transformer,none,archived_neural_scores,,,,,,44.18545188956583,44.22919861793829,1.5535904210992157,100993,NVIDIA GeForce RTX 3090 Ti,historical execution; no matched-hardware comparison with current calibration times
development__burgers__correct,development,burgers,correct,32,ood,96,64,False,neural:transformer:response_matched,0.8540120978968978,0.6150860756252252,1.147168023918212,0.9241277497710464,6,transformer,response_matched,archived_neural_scores,,,,,,72.95600936794654,76.02985936193727,1.5406874008476734,100993,NVIDIA GeForce RTX 3090 Ti,historical execution; no matched-hardware comparison with current calibration times
development__burgers__correct,development,burgers,correct,32,ood,96,64,False,neural:transformer:smooth,1.0505527553356886,0.7113295293937089,1.4959548082784635,1.0249647580944863,6,transformer,smooth,archived_neural_scores,,,,,,73.78602075654392,76.86013833068621,1.5389379113912582,100993,NVIDIA GeForce RTX 3090 Ti,historical execution; no matched-hardware comparison with current calibration times
development__burgers__correct,development,burgers,correct,32,ood,96,64,False,validation_best_neural,0.009266344548259996,0.003909483450342416,0.015615834699489324,0.09626185406618759,6,validation_best_neural,,frozen_validation_selection,,,,,,,,,,,
development__burgers__correct,development,burgers,correct,32,ood,96,64,False,validation_selected_route,1.0332348426283142e-11,5.5360795313680836e-12,1.7934078794615134e-11,3.2143970548585223e-06,6,validation_selected_route,,frozen_validation_selection,,,,,,,,,,,
development__gray_scott__coefficient,development,gray_scott,coefficient,32,test,64,64,True,calibrated,2.1063572677062424e-11,1.7968338941457983e-11,2.4491695990115554e-11,4.589506801069416e-06,0,physics_calibrated,,new_frozen_physics_evaluation,0,0,0,2.1063572677062424e-11,1.2187783690023934,,,,,,
development__gray_scott__coefficient,development,gray_scott,coefficient,32,test,64,64,True,uncalibrated,0.7340473871409614,0.6948396115149066,0.7733467172848792,0.8567656547393584,0,physics_uncalibrated,,new_frozen_physics_evaluation,0,0,0,0.7340473871409614,0.0,,,,,,
development__gray_scott__coefficient,development,gray_scott,coefficient,32,test,64,64,True,persistence,2.0360773253215143,1.9296461826437308,2.1466878896169757,1.4269118141362185,0,persistence,,new_frozen_physics_evaluation,0,0,0,2.0360773253215143,0.0,,,,,,
development__gray_scott__coefficient,development,gray_scott,coefficient,32,test,64,64,True,neural:fno:iid,0.004105812277428148,0.0030447889547514113,0.005279485241722695,0.06407661256205846,6,fno,iid,archived_neural_scores,,,,,,42.05564064136706,45.552131966610126,1.261874008923769,210306,NVIDIA GeForce RTX 3090 Ti,historical execution; no matched-hardware comparison with current calibration times
development__gray_scott__coefficient,development,gray_scott,coefficient,32,test,64,64,True,neural:fno:none,0.00044348240312426686,0.0003450936903637359,0.0005740934652890941,0.021059021893817073,6,fno,none,archived_neural_scores,,,,,,25.045804808847606,25.080757798704628,1.2757554417476058,210306,NVIDIA GeForce RTX 3090 Ti,historical execution; no matched-hardware comparison with current calibration times
development__gray_scott__coefficient,development,gray_scott,coefficient,32,test,64,64,True,neural:fno:response_matched,0.002550624502759641,0.001762112056202157,0.0034541056885707996,0.050503707811997735,6,fno,response_matched,archived_neural_scores,,,,,,42.49532724909174,45.99199266009964,1.2567032012157142,210306,NVIDIA GeForce RTX 3090 Ti,historical execution; no matched-hardware comparison with current calibration times
development__gray_scott__coefficient,development,gray_scott,coefficient,32,test,64,64,True,neural:fno:smooth,0.005444026896559521,0.0031749148903977625,0.008701477133715042,0.07378364924940702,6,fno,smooth,archived_neural_scores,,,,,,42.163343978502475,45.660141976860665,1.25428750179708,210306,NVIDIA GeForce RTX 3090 Ti,historical execution; no matched-hardware comparison with current calibration times
development__gray_scott__coefficient,development,gray_scott,coefficient,32,test,64,64,True,neural:looped:iid,0.023504857956141822,0.01928358920657976,0.028243389518512164,0.15331294125461759,6,looped,iid,archived_neural_scores,,,,,,69.40773414944609,72.9082672658842,1.531083951704204,34178,NVIDIA GeForce RTX 3090 Ti,historical execution; no matched-hardware comparison with current calibration times
development__gray_scott__coefficient,development,gray_scott,coefficient,32,test,64,64,True,neural:looped:none,0.018285120352365708,0.014817897632071891,0.0226368384840789,0.13522248464055714,6,looped,none,archived_neural_scores,,,,,,39.601634229766205,39.64029876437659,1.53174321167171,34178,NVIDIA GeForce RTX 3090 Ti,historical execution; no matched-hardware comparison with current calibration times
development__gray_scott__coefficient,development,gray_scott,coefficient,32,test,64,64,True,neural:looped:response_matched,0.023708975911659675,0.019298204220093047,0.028774887085065027,0.1539771928295216,6,looped,response_matched,archived_neural_scores,,,,,,69.4808187361341,72.98156419582665,1.5334232128225267,34178,NVIDIA GeForce RTX 3090 Ti,historical execution; no matched-hardware comparison with current calibration times
development__gray_scott__coefficient,development,gray_scott,coefficient,32,test,64,64,True,neural:looped:smooth,0.023428687306140932,0.01943215615735526,0.027758453639648097,0.15306432408024062,6,looped,smooth,archived_neural_scores,,,,,,69.40323275273356,72.90358132620652,1.5334117226302624,34178,NVIDIA GeForce RTX 3090 Ti,historical execution; no matched-hardware comparison with current calibration times
development__gray_scott__coefficient,development,gray_scott,coefficient,32,test,64,64,True,neural:transformer:iid,0.031002147154874943,0.0258371271388639,0.036701301162480215,0.17607426602111662,6,transformer,iid,archived_neural_scores,,,,,,73.50820899265818,77.0124367075817,1.5302419429644942,101122,NVIDIA GeForce RTX 3090 Ti,historical execution; no matched-hardware comparison with current calibration times
development__gray_scott__coefficient,development,gray_scott,coefficient,32,test,64,64,True,neural:transformer:none,0.0168203597655275,0.013135400113625377,0.02143421920794902,0.1296933296878737,6,transformer,none,archived_neural_scores,,,,,,42.74332523493407,42.78603178813743,1.5238542458973825,101122,NVIDIA GeForce RTX 3090 Ti,historical execution; no matched-hardware comparison with current calibration times
development__gray_scott__coefficient,development,gray_scott,coefficient,32,test,64,64,True,neural:transformer:response_matched,0.030074143567785577,0.02495549881857249,0.0358182348229293,0.17341898272042072,6,transformer,response_matched,archived_neural_scores,,,,,,73.41557938729723,76.9202291938321,1.5239160042256117,101122,NVIDIA GeForce RTX 3090 Ti,historical execution; no matched-hardware comparison with current calibration times
development__gray_scott__coefficient,development,gray_scott,coefficient,32,test,64,64,True,neural:transformer:smooth,0.031127025338310743,0.02629799768572796,0.036621323745434184,0.17642852756374391,6,transformer,smooth,archived_neural_scores,,,,,,73.55562385567464,77.06042383098975,1.5240659471601248,101122,NVIDIA GeForce RTX 3090 Ti,historical execution; no matched-hardware comparison with current calibration times
development__gray_scott__coefficient,development,gray_scott,coefficient,32,test,64,64,True,validation_best_neural,0.00044348240312426686,0.0003450936903637359,0.0005740934652890941,0.021059021893817073,6,validation_best_neural,,frozen_validation_selection,,,,,,,,,,,
development__gray_scott__coefficient,development,gray_scott,coefficient,32,test,64,64,True,validation_selected_route,2.1063572677062424e-11,1.7968338941457983e-11,2.4491695990115554e-11,4.589506801069416e-06,6,validation_selected_route,,frozen_validation_selection,,,,,,,,,,,
development__gray_scott__coefficient,development,gray_scott,coefficient,32,test,96,64,False,calibrated,4.390007067671955e-11,3.539316365678143e-11,5.368754377610011e-11,6.625712842911285e-06,0,physics_calibrated,,new_frozen_physics_evaluation,0,0,0,4.390007067671955e-11,1.2187783690023934,,,,,,
development__gray_scott__coefficient,development,gray_scott,coefficient,32,test,96,64,False,uncalibrated,1.2035563758182,1.1379567332082579,1.2733527816190409,1.0970671701487562,0,physics_uncalibrated,,new_frozen_physics_evaluation,0,0,0,1.2035563758182,0.0,,,,,,
development__gray_scott__coefficient,development,gray_scott,coefficient,32,test,96,64,False,persistence,2.684817013390216,2.5531065865017037,2.8219557423834902,1.6385411234968184,0,persistence,,new_frozen_physics_evaluation,0,0,0,2.684817013390216,0.0,,,,,,
development__gray_scott__coefficient,development,gray_scott,coefficient,32,test,96,64,False,neural:fno:iid,0.00805938125902944,0.0051224715501292,0.011647122452472177,0.08977405671478503,6,fno,iid,archived_neural_scores,,,,,,42.05564064136706,45.552131966610126,1.261874008923769,210306,NVIDIA GeForce RTX 3090 Ti,historical execution; no matched-hardware comparison with current calibration times
development__gray_scott__coefficient,development,gray_scott,coefficient,32,test,96,64,False,neural:fno:none,0.0011535942049467598,0.000784233347341064,0.0016529476207659988,0.03396460223448465,6,fno,none,archived_neural_scores,,,,,,25.045804808847606,25.080757798704628,1.2757554417476058,210306,NVIDIA GeForce RTX 3090 Ti,historical execution; no matched-hardware comparison with current calibration times
development__gray_scott__coefficient,development,gray_scott,coefficient,32,test,96,64,False,neural:fno:response_matched,0.00466613417050191,0.002866540339842947,0.006703876958985095,0.06830910752236417,6,fno,response_matched,archived_neural_scores,,,,,,42.49532724909174,45.99199266009964,1.2567032012157142,210306,NVIDIA GeForce RTX 3090 Ti,historical execution; no matched-hardware comparison with current calibration times
development__gray_scott__coefficient,development,gray_scott,coefficient,32,test,96,64,False,neural:fno:smooth,0.011312268426115782,0.006042345012558424,0.01883727202752641,0.10635914829536659,6,fno,smooth,archived_neural_scores,,,,,,42.163343978502475,45.660141976860665,1.25428750179708,210306,NVIDIA GeForce RTX 3090 Ti,historical execution; no matched-hardware comparison with current calibration times
development__gray_scott__coefficient,development,gray_scott,coefficient,32,test,96,64,False,neural:looped:iid,0.05034554348808318,0.039290433027499315,0.06338330684324917,0.22437812613551075,6,looped,iid,archived_neural_scores,,,,,,69.40773414944609,72.9082672658842,1.531083951704204,34178,NVIDIA GeForce RTX 3090 Ti,historical execution; no matched-hardware comparison with current calibration times
development__gray_scott__coefficient,development,gray_scott,coefficient,32,test,96,64,False,neural:looped:none,0.0479297032196379,0.0345466944890541,0.06709318683586585,0.21892853450301517,6,looped,none,archived_neural_scores,,,,,,39.601634229766205,39.64029876437659,1.53174321167171,34178,NVIDIA GeForce RTX 3090 Ti,historical execution; no matched-hardware comparison with current calibration times
development__gray_scott__coefficient,development,gray_scott,coefficient,32,test,96,64,False,neural:looped:response_matched,0.05032939678208531,0.038852222701051924,0.06386613437497862,0.22434214223387747,6,looped,response_matched,archived_neural_scores,,,,,,69.4808187361341,72.98156419582665,1.5334232128225267,34178,NVIDIA GeForce RTX 3090 Ti,historical execution; no matched-hardware comparison with current calibration times
development__gray_scott__coefficient,development,gray_scott,coefficient,32,test,96,64,False,neural:looped:smooth,0.051611426066827275,0.040981031121243475,0.06401116894835714,0.2271814826671119,6,looped,smooth,archived_neural_scores,,,,,,69.40323275273356,72.90358132620652,1.5334117226302624,34178,NVIDIA GeForce RTX 3090 Ti,historical execution; no matched-hardware comparison with current calibration times
development__gray_scott__coefficient,development,gray_scott,coefficient,32,test,96,64,False,neural:transformer:iid,0.07649633271162476,0.056472439211553906,0.10306472119262651,0.2765797040847805,6,transformer,iid,archived_neural_scores,,,,,,73.50820899265818,77.0124367075817,1.5302419429644942,101122,NVIDIA GeForce RTX 3090 Ti,historical execution; no matched-hardware comparison with current calibration times
development__gray_scott__coefficient,development,gray_scott,coefficient,32,test,96,64,False,neural:transformer:none,0.0556515086208992,0.039839128542397406,0.07802741779321579,0.2359057197714782,6,transformer,none,archived_neural_scores,,,,,,42.74332523493407,42.78603178813743,1.5238542458973825,101122,NVIDIA GeForce RTX 3090 Ti,historical execution; no matched-hardware comparison with current calibration times
development__gray_scott__coefficient,development,gray_scott,coefficient,32,test,96,64,False,neural:transformer:response_matched,0.07658647952377377,0.05725100185345384,0.10169897050109024,0.27674262325087146,6,transformer,response_matched,archived_neural_scores,,,,,,73.41557938729723,76.9202291938321,1.5239160042256117,101122,NVIDIA GeForce RTX 3090 Ti,historical execution; no matched-hardware comparison with current calibration times
development__gray_scott__coefficient,development,gray_scott,coefficient,32,test,96,64,False,neural:transformer:smooth,0.08307370845851779,0.05930653501133446,0.1170943375314321,0.28822510032701487,6,transformer,smooth,archived_neural_scores,,,,,,73.55562385567464,77.06042383098975,1.5240659471601248,101122,NVIDIA GeForce RTX 3090 Ti,historical execution; no matched-hardware comparison with current calibration times
development__gray_scott__coefficient,development,gray_scott,coefficient,32,test,96,64,False,validation_best_neural,0.0011535942049467598,0.000784233347341064,0.0016529476207659988,0.03396460223448465,6,validation_best_neural,,frozen_validation_selection,,,,,,,,,,,
development__gray_scott__coefficient,development,gray_scott,coefficient,32,test,96,64,False,validation_selected_route,4.3900070676719555e-11,3.539316365678143e-11,5.368754377610011e-11,6.625712842911286e-06,6,validation_selected_route,,frozen_validation_selection,,,,,,,,,,,
development__gray_scott__coefficient,development,gray_scott,coefficient,32,ood,64,64,True,calibrated,4.283180781311804e-12,3.697484961850184e-12,4.979114950004793e-12,2.0695846881226686e-06,0,physics_calibrated,,new_frozen_physics_evaluation,0,0,0,4.283180781311804e-12,1.2187783690023934,,,,,,
development__gray_scott__coefficient,development,gray_scott,coefficient,32,ood,64,64,True,uncalibrated,0.7143331766324437,0.6753094136727033,0.7578667820620139,0.8451823333650814,0,physics_uncalibrated,,new_frozen_physics_evaluation,0,0,0,0.7143331766324437,0.0,,,,,,
development__gray_scott__coefficient,development,gray_scott,coefficient,32,ood,64,64,True,persistence,0.3179615921929262,0.2902015772229881,0.3472308590017559,0.5638808315530208,0,persistence,,new_frozen_physics_evaluation,0,0,0,0.3179615921929262,0.0,,,,,,
development__gray_scott__coefficient,development,gray_scott,coefficient,32,ood,64,64,True,neural:fno:iid,0.1560460450858274,0.09490489751082047,0.2338910871143508,0.3950266384509118,6,fno,iid,archived_neural_scores,,,,,,42.05564064136706,45.552131966610126,1.261874008923769,210306,NVIDIA GeForce RTX 3090 Ti,historical execution; no matched-hardware comparison with current calibration times
development__gray_scott__coefficient,development,gray_scott,coefficient,32,ood,64,64,True,neural:fno:none,0.11635146539602144,0.08481562029843236,0.15221390311075994,0.341103306046748,6,fno,none,archived_neural_scores,,,,,,25.045804808847606,25.080757798704628,1.2757554417476058,210306,NVIDIA GeForce RTX 3090 Ti,historical execution; no matched-hardware comparison with current calibration times
development__gray_scott__coefficient,development,gray_scott,coefficient,32,ood,64,64,True,neural:fno:response_matched,0.33210578299370047,0.16772945374713652,0.5665155820447809,0.5762861988575646,6,fno,response_matched,archived_neural_scores,,,,,,42.49532724909174,45.99199266009964,1.2567032012157142,210306,NVIDIA GeForce RTX 3090 Ti,historical execution; no matched-hardware comparison with current calibration times
development__gray_scott__coefficient,development,gray_scott,coefficient,32,ood,64,64,True,neural:fno:smooth,0.12638432386562548,0.08364629818718189,0.17999286796466388,0.3555057297226382,6,fno,smooth,archived_neural_scores,,,,,,42.163343978502475,45.660141976860665,1.25428750179708,210306,NVIDIA GeForce RTX 3090 Ti,historical execution; no matched-hardware comparison with current calibration times
development__gray_scott__coefficient,development,gray_scott,coefficient,32,ood,64,64,True,neural:looped:iid,0.5161936487255576,0.33132011692807356,0.7886837556867395,0.7184661778577733,6,looped,iid,archived_neural_scores,,,,,,69.40773414944609,72.9082672658842,1.531083951704204,34178,NVIDIA GeForce RTX 3090 Ti,historical execution; no matched-hardware comparison with current calibration times
development__gray_scott__coefficient,development,gray_scott,coefficient,32,ood,64,64,True,neural:looped:none,0.5207373227907711,0.2871531655068873,0.8537852392719301,0.721621315366149,6,looped,none,archived_neural_scores,,,,,,39.601634229766205,39.64029876437659,1.53174321167171,34178,NVIDIA GeForce RTX 3090 Ti,historical execution; no matched-hardware comparison with current calibration times
development__gray_scott__coefficient,development,gray_scott,coefficient,32,ood,64,64,True,neural:looped:response_matched,0.5162578211689889,0.33428408124297543,0.7743970655822203,0.7185108358048533,6,looped,response_matched,archived_neural_scores,,,,,,69.4808187361341,72.98156419582665,1.5334232128225267,34178,NVIDIA GeForce RTX 3090 Ti,historical execution; no matched-hardware comparison with current calibration times
development__gray_scott__coefficient,development,gray_scott,coefficient,32,ood,64,64,True,neural:looped:smooth,0.49780178464640096,0.33153660208053565,0.7376699383824725,0.7055506960143977,6,looped,smooth,archived_neural_scores,,,,,,69.40323275273356,72.90358132620652,1.5334117226302624,34178,NVIDIA GeForce RTX 3090 Ti,historical execution; no matched-hardware comparison with current calibration times
development__gray_scott__coefficient,development,gray_scott,coefficient,32,ood,64,64,True,neural:transformer:iid,0.33470801132074296,0.24156165054420028,0.4485256211427481,0.5785395503513506,6,transformer,iid,archived_neural_scores,,,,,,73.50820899265818,77.0124367075817,1.5302419429644942,101122,NVIDIA GeForce RTX 3090 Ti,historical execution; no matched-hardware comparison with current calibration times
development__gray_scott__coefficient,development,gray_scott,coefficient,32,ood,64,64,True,neural:transformer:none,0.5249475163304789,0.295838456686539,0.8861004477189526,0.7245326192315146,6,transformer,none,archived_neural_scores,,,,,,42.74332523493407,42.78603178813743,1.5238542458973825,101122,NVIDIA GeForce RTX 3090 Ti,historical execution; no matched-hardware comparison with current calibration times
development__gray_scott__coefficient,development,gray_scott,coefficient,32,ood,64,64,True,neural:transformer:response_matched,0.3765159997948122,0.26210195526591146,0.5009156861181959,0.613608995855514,6,transformer,response_matched,archived_neural_scores,,,,,,73.41557938729723,76.9202291938321,1.5239160042256117,101122,NVIDIA GeForce RTX 3090 Ti,historical execution; no matched-hardware comparison with current calibration times
development__gray_scott__coefficient,development,gray_scott,coefficient,32,ood,64,64,True,neural:transformer:smooth,0.3250162441224049,0.22956054203397397,0.43666490220488696,0.5701019594093717,6,transformer,smooth,archived_neural_scores,,,,,,73.55562385567464,77.06042383098975,1.5240659471601248,101122,NVIDIA GeForce RTX 3090 Ti,historical execution; no matched-hardware comparison with current calibration times
development__gray_scott__coefficient,development,gray_scott,coefficient,32,ood,64,64,True,validation_best_neural,0.11635146539602144,0.08481562029843236,0.15221390311075994,0.341103306046748,6,validation_best_neural,,frozen_validation_selection,,,,,,,,,,,
development__gray_scott__coefficient,development,gray_scott,coefficient,32,ood,64,64,True,validation_selected_route,4.283180781311804e-12,3.697484961850184e-12,4.9791149500047924e-12,2.0695846881226686e-06,6,validation_selected_route,,frozen_validation_selection,,,,,,,,,,,
development__gray_scott__coefficient,development,gray_scott,coefficient,32,ood,96,64,False,calibrated,8.107799358411014e-12,6.650193098100709e-12,9.899002202634763e-12,2.847419772076294e-06,0,physics_calibrated,,new_frozen_physics_evaluation,0,0,0,8.107799358411014e-12,1.2187783690023934,,,,,,
development__gray_scott__coefficient,development,gray_scott,coefficient,32,ood,96,64,False,uncalibrated,1.3049249092325161,1.2375545341919763,1.3816578734287985,1.1423330990707203,0,physics_uncalibrated,,new_frozen_physics_evaluation,0,0,0,1.3049249092325161,0.0,,,,,,
development__gray_scott__coefficient,development,gray_scott,coefficient,32,ood,96,64,False,persistence,0.4601266146360364,0.42095459163401144,0.5010721514756508,0.6783263334384391,0,persistence,,new_frozen_physics_evaluation,0,0,0,0.4601266146360364,0.0,,,,,,
development__gray_scott__coefficient,development,gray_scott,coefficient,32,ood,96,64,False,neural:fno:iid,0.49193282716077597,0.32825679173826083,0.6632177047357364,0.7013792320569351,6,fno,iid,archived_neural_scores,,,,,,42.05564064136706,45.552131966610126,1.261874008923769,210306,NVIDIA GeForce RTX 3090 Ti,historical execution; no matched-hardware comparison with current calibration times
development__gray_scott__coefficient,development,gray_scott,coefficient,32,ood,96,64,False,neural:fno:none,0.3691750356780999,0.2721001236080952,0.47526447397520294,0.6075977581246493,6,fno,none,archived_neural_scores,,,,,,25.045804808847606,25.080757798704628,1.2757554417476058,210306,NVIDIA GeForce RTX 3090 Ti,historical execution; no matched-hardware comparison with current calibration times
development__gray_scott__coefficient,development,gray_scott,coefficient,32,ood,96,64,False,neural:fno:response_matched,2.2446119849199184,0.6032164152352111,5.45019731174786,1.4982029184726342,6,fno,response_matched,archived_neural_scores,,,,,,42.49532724909174,45.99199266009964,1.2567032012157142,210306,NVIDIA GeForce RTX 3090 Ti,historical execution; no matched-hardware comparison with current calibration times
development__gray_scott__coefficient,development,gray_scott,coefficient,32,ood,96,64,False,neural:fno:smooth,0.4193760940245211,0.3032574238448344,0.5371198540558398,0.6475925370358441,6,fno,smooth,archived_neural_scores,,,,,,42.163343978502475,45.660141976860665,1.25428750179708,210306,NVIDIA GeForce RTX 3090 Ti,historical execution; no matched-hardware comparison with current calibration times
development__gray_scott__coefficient,development,gray_scott,coefficient,32,ood,96,64,False,neural:looped:iid,1.280553577485102,0.8594758503114983,1.8362112829619706,1.131615472448615,6,looped,iid,archived_neural_scores,,,,,,69.40773414944609,72.9082672658842,1.531083951704204,34178,NVIDIA GeForce RTX 3090 Ti,historical execution; no matched-hardware comparison with current calibration times
development__gray_scott__coefficient,development,gray_scott,coefficient,32,ood,96,64,False,neural:looped:none,1.2478603634032963,0.7137809461455893,1.937849278898322,1.1170767043508232,6,looped,none,archived_neural_scores,,,,,,39.601634229766205,39.64029876437659,1.53174321167171,34178,NVIDIA GeForce RTX 3090 Ti,historical execution; no matched-hardware comparison with current calibration times
development__gray_scott__coefficient,development,gray_scott,coefficient,32,ood,96,64,False,neural:looped:response_matched,1.2813356741706672,0.8683033149799951,1.8170388650138898,1.1319609861522026,6,looped,response_matched,archived_neural_scores,,,,,,69.4808187361341,72.98156419582665,1.5334232128225267,34178,NVIDIA GeForce RTX 3090 Ti,historical execution; no matched-hardware comparison with current calibration times
development__gray_scott__coefficient,development,gray_scott,coefficient,32,ood,96,64,False,neural:looped:smooth,1.254003118936066,0.8697932403025794,1.758492445932278,1.1198228069369127,6,looped,smooth,archived_neural_scores,,,,,,69.40323275273356,72.90358132620652,1.5334117226302624,34178,NVIDIA GeForce RTX 3090 Ti,historical execution; no matched-hardware comparison with current calibration times
development__gray_scott__coefficient,development,gray_scott,coefficient,32,ood,96,64,False,neural:transformer:iid,0.7644568008134659,0.47163990338674483,1.19458911497796,0.8743322027773345,6,transformer,iid,archived_neural_scores,,,,,,73.50820899265818,77.0124367075817,1.5302419429644942,101122,NVIDIA GeForce RTX 3090 Ti,historical execution; no matched-hardware comparison with current calibration times
development__gray_scott__coefficient,development,gray_scott,coefficient,32,ood,96,64,False,neural:transformer:none,1.2738312004986314,0.6276776825126147,2.3293877416365434,1.1286413072799664,6,transformer,none,archived_neural_scores,,,,,,42.74332523493407,42.78603178813743,1.5238542458973825,101122,NVIDIA GeForce RTX 3090 Ti,historical execution; no matched-hardware comparison with current calibration times
development__gray_scott__coefficient,development,gray_scott,coefficient,32,ood,96,64,False,neural:transformer:response_matched,0.8870156306807188,0.5075089299647529,1.3341628331898912,0.9418150724429498,6,transformer,response_matched,archived_neural_scores,,,,,,73.41557938729723,76.9202291938321,1.5239160042256117,101122,NVIDIA GeForce RTX 3090 Ti,historical execution; no matched-hardware comparison with current calibration times
development__gray_scott__coefficient,development,gray_scott,coefficient,32,ood,96,64,False,neural:transformer:smooth,0.7403962953346008,0.44188581284902045,1.1488116180173655,0.8604628378579756,6,transformer,smooth,archived_neural_scores,,,,,,73.55562385567464,77.06042383098975,1.5240659471601248,101122,NVIDIA GeForce RTX 3090 Ti,historical execution; no matched-hardware comparison with current calibration times
development__gray_scott__coefficient,development,gray_scott,coefficient,32,ood,96,64,False,validation_best_neural,0.3691750356780999,0.2721001236080952,0.47526447397520294,0.6075977581246493,6,validation_best_neural,,frozen_validation_selection,,,,,,,,,,,
development__gray_scott__coefficient,development,gray_scott,coefficient,32,ood,96,64,False,validation_selected_route,8.107799358411014e-12,6.6501930981007094e-12,9.899002202634766e-12,2.847419772076294e-06,6,validation_selected_route,,frozen_validation_selection,,,,,,,,,,,
development__gray_scott__correct,development,gray_scott,correct,32,test,64,64,True,calibrated,2.0565963610449252e-11,1.7183891326664978e-11,2.4371823518089165e-11,4.534971180773837e-06,0,physics_calibrated,,new_frozen_physics_evaluation,0,0,0,2.0565963610449252e-11,0.7571539329983352,,,,,,
development__gray_scott__correct,development,gray_scott,correct,32,test,64,64,True,uncalibrated,1.994060227972013e-11,1.7025971127779215e-11,2.3223089344822e-11,4.465490149996989e-06,0,physics_uncalibrated,,new_frozen_physics_evaluation,0,0,0,1.994060227972013e-11,0.0,,,,,,
development__gray_scott__correct,development,gray_scott,correct,32,test,64,64,True,persistence,2.0360773253215143,1.9326721527033335,2.1473583281363195,1.4269118141362185,0,persistence,,new_frozen_physics_evaluation,0,0,0,2.0360773253215143,0.0,,,,,,
development__gray_scott__correct,development,gray_scott,correct,32,test,64,64,True,neural:fno:iid,0.0007325018444213939,0.0005370845800064354,0.0009500165937387366,0.027064771279680048,6,fno,iid,archived_neural_scores,,,,,,41.90694115000466,45.395279148826376,1.2584229814819992,210306,NVIDIA GeForce RTX 3090 Ti,historical execution; no matched-hardware comparison with current calibration times
development__gray_scott__correct,development,gray_scott,correct,32,test,64,64,True,neural:fno:none,0.0004434856750632372,0.00034129032990960176,0.0005705740093914499,0.021059099578643842,6,fno,none,archived_neural_scores,,,,,,24.999767874833196,25.034792294260114,1.2483337195590138,210306,NVIDIA GeForce RTX 3090 Ti,historical execution; no matched-hardware comparison with current calibration times
development__gray_scott__correct,development,gray_scott,correct,32,test,64,64,True,neural:fno:response_matched,0.0009075119044478046,0.0006505386536346015,0.0012161097321548798,0.03012493824803305,6,fno,response_matched,archived_neural_scores,,,,,,42.03137489346167,45.51951545864964,1.24907698482275,210306,NVIDIA GeForce RTX 3090 Ti,historical execution; no matched-hardware comparison with current calibration times
development__gray_scott__correct,development,gray_scott,correct,32,test,64,64,True,neural:fno:smooth,0.00042400102816236965,0.0003146070431703344,0.0005619017869969965,0.02059128524794821,6,fno,smooth,archived_neural_scores,,,,,,41.96917047887109,45.457594395925604,1.2532072374597192,210306,NVIDIA GeForce RTX 3090 Ti,historical execution; no matched-hardware comparison with current calibration times
development__gray_scott__correct,development,gray_scott,correct,32,test,64,64,True,neural:looped:iid,0.01584899640826461,0.012647143092169598,0.019462278178271418,0.1258927972850894,6,looped,iid,archived_neural_scores,,,,,,70.05743617479068,73.54952533372368,1.5313504613004625,34178,NVIDIA GeForce RTX 3090 Ti,historical execution; no matched-hardware comparison with current calibration times
development__gray_scott__correct,development,gray_scott,correct,32,test,64,64,True,neural:looped:none,0.01828511733519697,0.014753807503180937,0.022510722162883832,0.13522247348424363,6,looped,none,archived_neural_scores,,,,,,39.37214013289971,39.41068594631118,1.5319807222113013,34178,NVIDIA GeForce RTX 3090 Ti,historical execution; no matched-hardware comparison with current calibration times
development__gray_scott__correct,development,gray_scott,correct,32,test,64,64,True,neural:looped:response_matched,0.015901098089207588,0.012787149623281601,0.019664114569318016,0.1260995562609464,6,looped,response_matched,archived_neural_scores,,,,,,69.19842272934814,72.69050541628773,1.5299442340619862,34178,NVIDIA GeForce RTX 3090 Ti,historical execution; no matched-hardware comparison with current calibration times
development__gray_scott__correct,development,gray_scott,correct,32,test,64,64,True,neural:looped:smooth,0.018146469799754133,0.014503550423238497,0.0221268186619739,0.13470883341397524,6,looped,smooth,archived_neural_scores,,,,,,69.63023335735004,73.12205327216846,1.529782940633595,34178,NVIDIA GeForce RTX 3090 Ti,historical execution; no matched-hardware comparison with current calibration times
development__gray_scott__correct,development,gray_scott,correct,32,test,64,64,True,neural:transformer:iid,0.014873210188828681,0.011680254423914842,0.018666210245988166,0.12195577144534277,6,transformer,iid,archived_neural_scores,,,,,,73.12251334552032,76.61836096830666,1.5663900063373148,101122,NVIDIA GeForce RTX 3090 Ti,historical execution; no matched-hardware comparison with current calibration times
development__gray_scott__correct,development,gray_scott,correct,32,test,64,64,True,neural:transformer:none,0.016820524071875703,0.013196952191022217,0.02143069258054452,0.12969396312811057,6,transformer,none,archived_neural_scores,,,,,,43.113414487646274,43.15571585289823,1.5247316914610565,101122,NVIDIA GeForce RTX 3090 Ti,historical execution; no matched-hardware comparison with current calibration times
development__gray_scott__correct,development,gray_scott,correct,32,test,64,64,True,neural:transformer:response_matched,0.014818221835583012,0.012155133165191545,0.017857699075242525,0.12173011885142893,6,transformer,response_matched,archived_neural_scores,,,,,,72.58579508696373,76.0820047565115,1.55442722607404,101122,NVIDIA GeForce RTX 3090 Ti,historical execution; no matched-hardware comparison with current calibration times
development__gray_scott__correct,development,gray_scott,correct,32,test,64,64,True,neural:transformer:smooth,0.018535818578545898,0.013857150598053392,0.02453450194236063,0.1361463131287289,6,transformer,smooth,archived_neural_scores,,,,,,72.71769380771245,76.21379967864293,1.524726243223995,101122,NVIDIA GeForce RTX 3090 Ti,historical execution; no matched-hardware comparison with current calibration times
development__gray_scott__correct,development,gray_scott,correct,32,test,64,64,True,validation_best_neural,0.0004188471318595048,0.0003077389490773458,0.0005592630715503686,0.020465755101131862,6,validation_best_neural,,frozen_validation_selection,,,,,,,,,,,
development__gray_scott__correct,development,gray_scott,correct,32,test,64,64,True,validation_selected_route,2.0565963610449252e-11,1.7183891326664978e-11,2.4371823518089165e-11,4.534971180773837e-06,6,validation_selected_route,,frozen_validation_selection,,,,,,,,,,,
development__gray_scott__correct,development,gray_scott,correct,32,test,96,64,False,calibrated,4.263215364600329e-11,3.408853294819109e-11,5.232944289174733e-11,6.529330260141793e-06,0,physics_calibrated,,new_frozen_physics_evaluation,0,0,0,4.263215364600329e-11,0.7571539329983352,,,,,,
development__gray_scott__correct,development,gray_scott,correct,32,test,96,64,False,uncalibrated,3.995748662232707e-11,3.2545090530728874e-11,4.8524518528491853e-11,6.32119344920934e-06,0,physics_uncalibrated,,new_frozen_physics_evaluation,0,0,0,3.995748662232707e-11,0.0,,,,,,
development__gray_scott__correct,development,gray_scott,correct,32,test,96,64,False,persistence,2.684817013390216,2.5563303660085817,2.821726475025254,1.6385411234968184,0,persistence,,new_frozen_physics_evaluation,0,0,0,2.684817013390216,0.0,,,,,,
development__gray_scott__correct,development,gray_scott,correct,32,test,96,64,False,neural:fno:iid,0.0016263315405334593,0.0010831011559069073,0.0022759187382950115,0.04032780108725815,6,fno,iid,archived_neural_scores,,,,,,41.90694115000466,45.395279148826376,1.2584229814819992,210306,NVIDIA GeForce RTX 3090 Ti,historical execution; no matched-hardware comparison with current calibration times
development__gray_scott__correct,development,gray_scott,correct,32,test,96,64,False,neural:fno:none,0.0011536196835882468,0.0007711217080445605,0.0016353836607459786,0.033964977308813954,6,fno,none,archived_neural_scores,,,,,,24.999767874833196,25.034792294260114,1.2483337195590138,210306,NVIDIA GeForce RTX 3090 Ti,historical execution; no matched-hardware comparison with current calibration times
development__gray_scott__correct,development,gray_scott,correct,32,test,96,64,False,neural:fno:response_matched,0.0024361131665657427,0.0013757370920008218,0.003839177438609186,0.04935699713886312,6,fno,response_matched,archived_neural_scores,,,,,,42.03137489346167,45.51951545864964,1.24907698482275,210306,NVIDIA GeForce RTX 3090 Ti,historical execution; no matched-hardware comparison with current calibration times
development__gray_scott__correct,development,gray_scott,correct,32,test,96,64,False,neural:fno:smooth,0.0010401302276491257,0.0006976778327027814,0.0014843878037394062,0.03225105002397791,6,fno,smooth,archived_neural_scores,,,,,,41.96917047887109,45.457594395925604,1.2532072374597192,210306,NVIDIA GeForce RTX 3090 Ti,historical execution; no matched-hardware comparison with current calibration times
development__gray_scott__correct,development,gray_scott,correct,32,test,96,64,False,neural:looped:iid,0.0422570646075705,0.029423377590400302,0.05771535582198042,0.20556523200086754,6,looped,iid,archived_neural_scores,,,,,,70.05743617479068,73.54952533372368,1.5313504613004625,34178,NVIDIA GeForce RTX 3090 Ti,historical execution; no matched-hardware comparison with current calibration times
development__gray_scott__correct,development,gray_scott,correct,32,test,96,64,False,neural:looped:none,0.047929467080608974,0.034436670623491324,0.06713664532307896,0.218927995196158,6,looped,none,archived_neural_scores,,,,,,39.37214013289971,39.41068594631118,1.5319807222113013,34178,NVIDIA GeForce RTX 3090 Ti,historical execution; no matched-hardware comparison with current calibration times
development__gray_scott__correct,development,gray_scott,correct,32,test,96,64,False,neural:looped:response_matched,0.041619683973476866,0.028833828758203173,0.05713166917678751,0.20400902914693964,6,looped,response_matched,archived_neural_scores,,,,,,69.19842272934814,72.69050541628773,1.5299442340619862,34178,NVIDIA GeForce RTX 3090 Ti,historical execution; no matched-hardware comparison with current calibration times
development__gray_scott__correct,development,gray_scott,correct,32,test,96,64,False,neural:looped:smooth,0.05262559341044238,0.03702462831935668,0.07039373099851916,0.22940268832435765,6,looped,smooth,archived_neural_scores,,,,,,69.63023335735004,73.12205327216846,1.529782940633595,34178,NVIDIA GeForce RTX 3090 Ti,historical execution; no matched-hardware comparison with current calibration times
development__gray_scott__correct,development,gray_scott,correct,32,test,96,64,False,neural:transformer:iid,0.04556035149627094,0.03354156558019024,0.06041881366908574,0.21344870928696416,6,transformer,iid,archived_neural_scores,,,,,,73.12251334552032,76.61836096830666,1.5663900063373148,101122,NVIDIA GeForce RTX 3090 Ti,historical execution; no matched-hardware comparison with current calibration times
development__gray_scott__correct,development,gray_scott,correct,32,test,96,64,False,neural:transformer:none,0.05565241355215652,0.03985375079592444,0.07713697694499363,0.23590763775714538,6,transformer,none,archived_neural_scores,,,,,,43.113414487646274,43.15571585289823,1.5247316914610565,101122,NVIDIA GeForce RTX 3090 Ti,historical execution; no matched-hardware comparison with current calibration times
development__gray_scott__correct,development,gray_scott,correct,32,test,96,64,False,neural:transformer:response_matched,0.044232231398616116,0.0350059462608611,0.05438108337102662,0.21031460101147548,6,transformer,response_matched,archived_neural_scores,,,,,,72.58579508696373,76.0820047565115,1.55442722607404,101122,NVIDIA GeForce RTX 3090 Ti,historical execution; no matched-hardware comparison with current calibration times
development__gray_scott__correct,development,gray_scott,correct,32,test,96,64,False,neural:transformer:smooth,0.0706087420828392,0.04693226757454364,0.1014535022480367,0.2657230552339017,6,transformer,smooth,archived_neural_scores,,,,,,72.71769380771245,76.21379967864293,1.524726243223995,101122,NVIDIA GeForce RTX 3090 Ti,historical execution; no matched-hardware comparison with current calibration times
development__gray_scott__correct,development,gray_scott,correct,32,test,96,64,False,validation_best_neural,0.0010231126807857354,0.0006702192627699671,0.0014716478147729526,0.03198613263252898,6,validation_best_neural,,frozen_validation_selection,,,,,,,,,,,
development__gray_scott__correct,development,gray_scott,correct,32,test,96,64,False,validation_selected_route,4.2632153646003296e-11,3.408853294819109e-11,5.232944289174732e-11,6.529330260141793e-06,6,validation_selected_route,,frozen_validation_selection,,,,,,,,,,,
development__gray_scott__correct,development,gray_scott,correct,32,ood,64,64,True,calibrated,4.280902369766356e-12,3.661897354930688e-12,5.0438270404453905e-12,2.069034163508751e-06,0,physics_calibrated,,new_frozen_physics_evaluation,0,0,0,4.280902369766356e-12,0.7571539329983352,,,,,,
development__gray_scott__correct,development,gray_scott,correct,32,ood,64,64,True,uncalibrated,4.3349768822644334e-12,3.6989778586132795e-12,5.060549775314844e-12,2.0820607297253445e-06,0,physics_uncalibrated,,new_frozen_physics_evaluation,0,0,0,4.3349768822644334e-12,0.0,,,,,,
development__gray_scott__correct,development,gray_scott,correct,32,ood,64,64,True,persistence,0.3179615921929262,0.2898825985358087,0.3487343091077723,0.5638808315530208,0,persistence,,new_frozen_physics_evaluation,0,0,0,0.3179615921929262,0.0,,,,,,
development__gray_scott__correct,development,gray_scott,correct,32,ood,64,64,True,neural:fno:iid,0.12836084105806436,0.08610015749335882,0.17851431946564186,0.35827481220156177,6,fno,iid,archived_neural_scores,,,,,,41.90694115000466,45.395279148826376,1.2584229814819992,210306,NVIDIA GeForce RTX 3090 Ti,historical execution; no matched-hardware comparison with current calibration times
development__gray_scott__correct,development,gray_scott,correct,32,ood,64,64,True,neural:fno:none,0.11635146539602144,0.08461726674314685,0.1503393800863224,0.341103306046748,6,fno,none,archived_neural_scores,,,,,,24.999767874833196,25.034792294260114,1.2483337195590138,210306,NVIDIA GeForce RTX 3090 Ti,historical execution; no matched-hardware comparison with current calibration times
development__gray_scott__correct,development,gray_scott,correct,32,ood,64,64,True,neural:fno:response_matched,0.14228787006306245,0.08276513076461992,0.21006809653664954,0.37721064415398253,6,fno,response_matched,archived_neural_scores,,,,,,42.03137489346167,45.51951545864964,1.24907698482275,210306,NVIDIA GeForce RTX 3090 Ti,historical execution; no matched-hardware comparison with current calibration times
development__gray_scott__correct,development,gray_scott,correct,32,ood,64,64,True,neural:fno:smooth,0.09972236454958294,0.07935582609940067,0.12317591739815069,0.3157884807107171,6,fno,smooth,archived_neural_scores,,,,,,41.96917047887109,45.457594395925604,1.2532072374597192,210306,NVIDIA GeForce RTX 3090 Ti,historical execution; no matched-hardware comparison with current calibration times
development__gray_scott__correct,development,gray_scott,correct,32,ood,64,64,True,neural:looped:iid,0.5635137389955304,0.2774992949758989,0.953037912060823,0.7506755217772392,6,looped,iid,archived_neural_scores,,,,,,70.05743617479068,73.54952533372368,1.5313504613004625,34178,NVIDIA GeForce RTX 3090 Ti,historical execution; no matched-hardware comparison with current calibration times
development__gray_scott__correct,development,gray_scott,correct,32,ood,64,64,True,neural:looped:none,0.5207359346596561,0.28462268603140534,0.846715060408219,0.7216203535514059,6,looped,none,archived_neural_scores,,,,,,39.37214013289971,39.41068594631118,1.5319807222113013,34178,NVIDIA GeForce RTX 3090 Ti,historical execution; no matched-hardware comparison with current calibration times
development__gray_scott__correct,development,gray_scott,correct,32,ood,64,64,True,neural:looped:response_matched,0.598090076561372,0.2723979689544207,1.0326340733901553,0.7733628362944344,6,looped,response_matched,archived_neural_scores,,,,,,69.19842272934814,72.69050541628773,1.5299442340619862,34178,NVIDIA GeForce RTX 3090 Ti,historical execution; no matched-hardware comparison with current calibration times
development__gray_scott__correct,development,gray_scott,correct,32,ood,64,64,True,neural:looped:smooth,0.5255362411064476,0.2895903019419811,0.8868574227599018,0.7249387843855836,6,looped,smooth,archived_neural_scores,,,,,,69.63023335735004,73.12205327216846,1.529782940633595,34178,NVIDIA GeForce RTX 3090 Ti,historical execution; no matched-hardware comparison with current calibration times
development__gray_scott__correct,development,gray_scott,correct,32,ood,64,64,True,neural:transformer:iid,0.4608025027421829,0.2889440910689436,0.6993380691946073,0.6788243533803003,6,transformer,iid,archived_neural_scores,,,,,,73.12251334552032,76.61836096830666,1.5663900063373148,101122,NVIDIA GeForce RTX 3090 Ti,historical execution; no matched-hardware comparison with current calibration times
development__gray_scott__correct,development,gray_scott,correct,32,ood,64,64,True,neural:transformer:none,0.5249526503440768,0.29511048111498045,0.8898447810940243,0.7245361622059155,6,transformer,none,archived_neural_scores,,,,,,43.113414487646274,43.15571585289823,1.5247316914610565,101122,NVIDIA GeForce RTX 3090 Ti,historical execution; no matched-hardware comparison with current calibration times
development__gray_scott__correct,development,gray_scott,correct,32,ood,64,64,True,neural:transformer:response_matched,0.43937286204795517,0.2883575793749632,0.6498534899445105,0.6628520664884098,6,transformer,response_matched,archived_neural_scores,,,,,,72.58579508696373,76.0820047565115,1.55442722607404,101122,NVIDIA GeForce RTX 3090 Ti,historical execution; no matched-hardware comparison with current calibration times
development__gray_scott__correct,development,gray_scott,correct,32,ood,64,64,True,neural:transformer:smooth,0.48952311386241104,0.28930782926515236,0.7691294453340655,0.699659284125074,6,transformer,smooth,archived_neural_scores,,,,,,72.71769380771245,76.21379967864293,1.524726243223995,101122,NVIDIA GeForce RTX 3090 Ti,historical execution; no matched-hardware comparison with current calibration times
development__gray_scott__correct,development,gray_scott,correct,32,ood,64,64,True,validation_best_neural,0.10015267331148703,0.0798698906456711,0.12360402218836194,0.3164690716507492,6,validation_best_neural,,frozen_validation_selection,,,,,,,,,,,
development__gray_scott__correct,development,gray_scott,correct,32,ood,64,64,True,validation_selected_route,4.280902369766356e-12,3.661897354930687e-12,5.0438270404453905e-12,2.069034163508751e-06,6,validation_selected_route,,frozen_validation_selection,,,,,,,,,,,
development__gray_scott__correct,development,gray_scott,correct,32,ood,96,64,False,calibrated,8.032420479762876e-12,6.715228156284865e-12,9.831114461210071e-12,2.8341525152614627e-06,0,physics_calibrated,,new_frozen_physics_evaluation,0,0,0,8.032420479762876e-12,0.7571539329983352,,,,,,
development__gray_scott__correct,development,gray_scott,correct,32,ood,96,64,False,uncalibrated,8.082874187375344e-12,6.56136045185741e-12,9.96665582631645e-12,2.8430396035537994e-06,0,physics_uncalibrated,,new_frozen_physics_evaluation,0,0,0,8.082874187375344e-12,0.0,,,,,,
development__gray_scott__correct,development,gray_scott,correct,32,ood,96,64,False,persistence,0.4601266146360364,0.4210833050679925,0.5023031885366614,0.6783263334384391,0,persistence,,new_frozen_physics_evaluation,0,0,0,0.4601266146360364,0.0,,,,,,
development__gray_scott__correct,development,gray_scott,correct,32,ood,96,64,False,neural:fno:iid,0.44104507997818504,0.2956915746200581,0.5989984449422712,0.6641122495317979,6,fno,iid,archived_neural_scores,,,,,,41.90694115000466,45.395279148826376,1.2584229814819992,210306,NVIDIA GeForce RTX 3090 Ti,historical execution; no matched-hardware comparison with current calibration times
development__gray_scott__correct,development,gray_scott,correct,32,ood,96,64,False,neural:fno:none,0.3691750356780999,0.27080334375393544,0.4695149757857418,0.6075977581246493,6,fno,none,archived_neural_scores,,,,,,24.999767874833196,25.034792294260114,1.2483337195590138,210306,NVIDIA GeForce RTX 3090 Ti,historical execution; no matched-hardware comparison with current calibration times
development__gray_scott__correct,development,gray_scott,correct,32,ood,96,64,False,neural:fno:response_matched,0.5423496571328347,0.28933426410004043,0.8436730802704311,0.7364439266725163,6,fno,response_matched,archived_neural_scores,,,,,,42.03137489346167,45.51951545864964,1.24907698482275,210306,NVIDIA GeForce RTX 3090 Ti,historical execution; no matched-hardware comparison with current calibration times
development__gray_scott__correct,development,gray_scott,correct,32,ood,96,64,False,neural:fno:smooth,0.3178796042148458,0.2619818316292075,0.3793455273365996,0.5638081271273462,6,fno,smooth,archived_neural_scores,,,,,,41.96917047887109,45.457594395925604,1.2532072374597192,210306,NVIDIA GeForce RTX 3090 Ti,historical execution; no matched-hardware comparison with current calibration times
development__gray_scott__correct,development,gray_scott,correct,32,ood,96,64,False,neural:looped:iid,1.303958054268827,0.6576981221514392,2.103114690800513,1.1419098275559358,6,looped,iid,archived_neural_scores,,,,,,70.05743617479068,73.54952533372368,1.5313504613004625,34178,NVIDIA GeForce RTX 3090 Ti,historical execution; no matched-hardware comparison with current calibration times
development__gray_scott__correct,development,gray_scott,correct,32,ood,96,64,False,neural:looped:none,1.247856862152889,0.7106540913981253,1.932215757534234,1.1170751372011145,6,looped,none,archived_neural_scores,,,,,,39.37214013289971,39.41068594631118,1.5319807222113013,34178,NVIDIA GeForce RTX 3090 Ti,historical execution; no matched-hardware comparison with current calibration times
development__gray_scott__correct,development,gray_scott,correct,32,ood,96,64,False,neural:looped:response_matched,1.3349159730674323,0.6270205540265802,2.1985704565277664,1.155385638247002,6,looped,response_matched,archived_neural_scores,,,,,,69.19842272934814,72.69050541628773,1.5299442340619862,34178,NVIDIA GeForce RTX 3090 Ti,historical execution; no matched-hardware comparison with current calibration times
development__gray_scott__correct,development,gray_scott,correct,32,ood,96,64,False,neural:looped:smooth,1.2688413146628372,0.7213981032085104,2.034574386684066,1.126428566160694,6,looped,smooth,archived_neural_scores,,,,,,69.63023335735004,73.12205327216846,1.529782940633595,34178,NVIDIA GeForce RTX 3090 Ti,historical execution; no matched-hardware comparison with current calibration times
development__gray_scott__correct,development,gray_scott,correct,32,ood,96,64,False,neural:transformer:iid,1.087699163630317,0.5936885979962131,1.8457712821304229,1.0429281680107778,6,transformer,iid,archived_neural_scores,,,,,,73.12251334552032,76.61836096830666,1.5663900063373148,101122,NVIDIA GeForce RTX 3090 Ti,historical execution; no matched-hardware comparison with current calibration times
development__gray_scott__correct,development,gray_scott,correct,32,ood,96,64,False,neural:transformer:none,1.2738446621081643,0.6216657024249325,2.333122237217882,1.1286472708991788,6,transformer,none,archived_neural_scores,,,,,,43.113414487646274,43.15571585289823,1.5247316914610565,101122,NVIDIA GeForce RTX 3090 Ti,historical execution; no matched-hardware comparison with current calibration times
development__gray_scott__correct,development,gray_scott,correct,32,ood,96,64,False,neural:transformer:response_matched,1.012642382977364,0.5712351103091303,1.6973514665988898,1.0063013380580212,6,transformer,response_matched,archived_neural_scores,,,,,,72.58579508696373,76.0820047565115,1.55442722607404,101122,NVIDIA GeForce RTX 3090 Ti,historical execution; no matched-hardware comparison with current calibration times
development__gray_scott__correct,development,gray_scott,correct,32,ood,96,64,False,neural:transformer:smooth,1.1887941993307136,0.6306074080589786,2.0309560990250457,1.0903183935579155,6,transformer,smooth,archived_neural_scores,,,,,,72.71769380771245,76.21379967864293,1.524726243223995,101122,NVIDIA GeForce RTX 3090 Ti,historical execution; no matched-hardware comparison with current calibration times
development__gray_scott__correct,development,gray_scott,correct,32,ood,96,64,False,validation_best_neural,0.31770229795771693,0.26255049112983514,0.3789952841541818,0.563650865303795,6,validation_best_neural,,frozen_validation_selection,,,,,,,,,,,
development__gray_scott__correct,development,gray_scott,correct,32,ood,96,64,False,validation_selected_route,8.032420479762875e-12,6.715228156284864e-12,9.831114461210071e-12,2.8341525152614627e-06,6,validation_selected_route,,frozen_validation_selection,,,,,,,,,,,
development__ks__coefficient,development,ks,coefficient,32,test,64,64,True,calibrated,1.8063354812870412e-07,9.383504385552115e-08,2.889333846096947e-07,0.00042501005650302456,0,physics_calibrated,,new_frozen_physics_evaluation,0,0,0,1.8063354812870412e-07,0.8528252899996005,,,,,,
development__ks__coefficient,development,ks,coefficient,32,test,64,64,True,uncalibrated,0.586488938329353,0.5010385986641595,0.6766021137633672,0.7658256579204911,0,physics_uncalibrated,,new_frozen_physics_evaluation,0,0,0,0.586488938329353,0.0,,,,,,
development__ks__coefficient,development,ks,coefficient,32,test,64,64,True,persistence,1.0496889516654164,0.9460433150582972,1.1552717872620597,1.0245432893076878,0,persistence,,new_frozen_physics_evaluation,0,0,0,1.0496889516654164,0.0,,,,,,
development__ks__coefficient,development,ks,coefficient,32,test,64,64,True,neural:fno:iid,0.07856639697088645,0.04869842113050534,0.11705815569699371,0.2802969799532033,6,fno,iid,archived_neural_scores,,,,,,42.21833630177813,45.42533864096428,1.2599807931110263,209985,NVIDIA GeForce RTX 3090 Ti,historical execution; no matched-hardware comparison with current calibration times
development__ks__coefficient,development,ks,coefficient,32,test,64,64,True,neural:fno:none,0.02701678990113454,0.013668956901925874,0.04815127551076229,0.16436784935362067,6,fno,none,archived_neural_scores,,,,,,25.474661851922672,25.508863172183435,1.253801817074418,209985,NVIDIA GeForce RTX 3090 Ti,historical execution; no matched-hardware comparison with current calibration times
development__ks__coefficient,development,ks,coefficient,32,test,64,64,True,neural:fno:response_matched,0.08034419572132706,0.04976112363026871,0.12170339415801039,0.28345051723594905,6,fno,response_matched,archived_neural_scores,,,,,,42.11022716814963,45.317505820499115,1.2645773007534444,209985,NVIDIA GeForce RTX 3090 Ti,historical execution; no matched-hardware comparison with current calibration times
development__ks__coefficient,development,ks,coefficient,32,test,64,64,True,neural:fno:smooth,0.10068325265073859,0.06462096572367595,0.14645670230560628,0.31730624426685744,6,fno,smooth,archived_neural_scores,,,,,,41.385593929948904,44.592618029254176,1.275335787795484,209985,NVIDIA GeForce RTX 3090 Ti,historical execution; no matched-hardware comparison with current calibration times
development__ks__coefficient,development,ks,coefficient,32,test,64,64,True,neural:looped:iid,0.4516573833507202,0.36212490696328786,0.5559855096037377,0.6720545984893789,6,looped,iid,archived_neural_scores,,,,,,69.02064514672384,72.23208071167271,1.5465280856005847,34049,NVIDIA GeForce RTX 3090 Ti,historical execution; no matched-hardware comparison with current calibration times
development__ks__coefficient,development,ks,coefficient,32,test,64,64,True,neural:looped:none,0.6417572968844559,0.32608235302427413,1.1704673834884873,0.8010975576572781,6,looped,none,archived_neural_scores,,,,,,38.942994286616646,38.981424583354965,1.5680603450164199,34049,NVIDIA GeForce RTX 3090 Ti,historical execution; no matched-hardware comparison with current calibration times
development__ks__coefficient,development,ks,coefficient,32,test,64,64,True,neural:looped:response_matched,0.4321289612792297,0.3570852788142931,0.5132075320595023,0.6573651658547399,6,looped,response_matched,archived_neural_scores,,,,,,69.0903275468542,72.3017377591071,1.5443890821188688,34049,NVIDIA GeForce RTX 3090 Ti,historical execution; no matched-hardware comparison with current calibration times
development__ks__coefficient,development,ks,coefficient,32,test,64,64,True,neural:looped:smooth,0.4444507062483954,0.35523600183836745,0.5432604756722531,0.6666713630030882,6,looped,smooth,archived_neural_scores,,,,,,68.98003031305659,72.1913958870961,1.5743931056931615,34049,NVIDIA GeForce RTX 3090 Ti,historical execution; no matched-hardware comparison with current calibration times
development__ks__coefficient,development,ks,coefficient,32,test,64,64,True,neural:transformer:iid,0.31489680156420036,0.2443722749805997,0.39709937038668575,0.5611566640112192,6,transformer,iid,archived_neural_scores,,,,,,73.76424099054809,76.97938018431887,1.5683288569562137,100993,NVIDIA GeForce RTX 3090 Ti,historical execution; no matched-hardware comparison with current calibration times
development__ks__coefficient,development,ks,coefficient,32,test,64,64,True,neural:transformer:none,0.9422125910968019,0.5741540233546343,1.4013421680997358,0.9706763575449862,6,transformer,none,archived_neural_scores,,,,,,43.20425667443002,43.2472209041783,1.5512355719693005,100993,NVIDIA GeForce RTX 3090 Ti,historical execution; no matched-hardware comparison with current calibration times
development__ks__coefficient,development,ks,coefficient,32,test,64,64,True,neural:transformer:response_matched,0.3314762193199004,0.2676500788503664,0.3986985305806751,0.5757397149058769,6,transformer,response_matched,archived_neural_scores,,,,,,73.54837304004468,76.76373893138953,1.5610943431966007,100993,NVIDIA GeForce RTX 3090 Ti,historical execution; no matched-hardware comparison with current calibration times
development__ks__coefficient,development,ks,coefficient,32,test,64,64,True,neural:transformer:smooth,0.3283971585123659,0.26025395771911164,0.4059866936523438,0.5730594720553582,6,transformer,smooth,archived_neural_scores,,,,,,73.49937257356942,76.71464557868119,1.553008088376373,100993,NVIDIA GeForce RTX 3090 Ti,historical execution; no matched-hardware comparison with current calibration times
development__ks__coefficient,development,ks,coefficient,32,test,64,64,True,validation_best_neural,0.02701678990113454,0.013668956901925874,0.04815127551076229,0.16436784935362067,6,validation_best_neural,,frozen_validation_selection,,,,,,,,,,,
development__ks__coefficient,development,ks,coefficient,32,test,64,64,True,validation_selected_route,1.8063354812870414e-07,9.383504385552113e-08,2.889333846096947e-07,0.00042501005650302456,6,validation_selected_route,,frozen_validation_selection,,,,,,,,,,,
development__ks__coefficient,development,ks,coefficient,32,test,96,64,False,calibrated,3.4690398949043888e-06,8.812674538818583e-07,7.044714141854076e-06,0.0018625358774811262,0,physics_calibrated,,new_frozen_physics_evaluation,0,0,0,3.4690398949043888e-06,0.8528252899996005,,,,,,
development__ks__coefficient,development,ks,coefficient,32,test,96,64,False,uncalibrated,0.7736805793532919,0.6812664802104621,0.8698430922024398,0.8795911432894785,0,physics_uncalibrated,,new_frozen_physics_evaluation,0,0,0,0.7736805793532919,0.0,,,,,,
development__ks__coefficient,development,ks,coefficient,32,test,96,64,False,persistence,1.2703809024728039,1.1564113867241483,1.3899581420174885,1.1271117524330956,0,persistence,,new_frozen_physics_evaluation,0,0,0,1.2703809024728039,0.0,,,,,,
development__ks__coefficient,development,ks,coefficient,32,test,96,64,False,neural:fno:iid,0.2473265056569268,0.17255197413096332,0.33277391606629675,0.49731931960957115,6,fno,iid,archived_neural_scores,,,,,,42.21833630177813,45.42533864096428,1.2599807931110263,209985,NVIDIA GeForce RTX 3090 Ti,historical execution; no matched-hardware comparison with current calibration times
development__ks__coefficient,development,ks,coefficient,32,test,96,64,False,neural:fno:none,0.11005360631327661,0.06537424892985022,0.16909074880563013,0.33174328375006573,6,fno,none,archived_neural_scores,,,,,,25.474661851922672,25.508863172183435,1.253801817074418,209985,NVIDIA GeForce RTX 3090 Ti,historical execution; no matched-hardware comparison with current calibration times
development__ks__coefficient,development,ks,coefficient,32,test,96,64,False,neural:fno:response_matched,0.2251152908407609,0.15831675071670898,0.30199538503368667,0.4744631606782142,6,fno,response_matched,archived_neural_scores,,,,,,42.11022716814963,45.317505820499115,1.2645773007534444,209985,NVIDIA GeForce RTX 3090 Ti,historical execution; no matched-hardware comparison with current calibration times
development__ks__coefficient,development,ks,coefficient,32,test,96,64,False,neural:fno:smooth,0.28607795280537535,0.20536249321038771,0.3772019962756004,0.5348625550600596,6,fno,smooth,archived_neural_scores,,,,,,41.385593929948904,44.592618029254176,1.275335787795484,209985,NVIDIA GeForce RTX 3090 Ti,historical execution; no matched-hardware comparison with current calibration times
development__ks__coefficient,development,ks,coefficient,32,test,96,64,False,neural:looped:iid,0.8593695151060067,0.7218558882905318,1.0089439373023539,0.9270218525504168,6,looped,iid,archived_neural_scores,,,,,,69.02064514672384,72.23208071167271,1.5465280856005847,34049,NVIDIA GeForce RTX 3090 Ti,historical execution; no matched-hardware comparison with current calibration times
development__ks__coefficient,development,ks,coefficient,32,test,96,64,False,neural:looped:none,1.4423298322555158,0.7469207833972771,2.6904586825037478,1.2009703710981032,6,looped,none,archived_neural_scores,,,,,,38.942994286616646,38.981424583354965,1.5680603450164199,34049,NVIDIA GeForce RTX 3090 Ti,historical execution; no matched-hardware comparison with current calibration times
development__ks__coefficient,development,ks,coefficient,32,test,96,64,False,neural:looped:response_matched,0.8573232765039157,0.734553552745148,0.9891109782686961,0.9259175322370323,6,looped,response_matched,archived_neural_scores,,,,,,69.0903275468542,72.3017377591071,1.5443890821188688,34049,NVIDIA GeForce RTX 3090 Ti,historical execution; no matched-hardware comparison with current calibration times
development__ks__coefficient,development,ks,coefficient,32,test,96,64,False,neural:looped:smooth,0.85834878695143,0.7230464687262504,1.006838821576955,0.9264711473928533,6,looped,smooth,archived_neural_scores,,,,,,68.98003031305659,72.1913958870961,1.5743931056931615,34049,NVIDIA GeForce RTX 3090 Ti,historical execution; no matched-hardware comparison with current calibration times
development__ks__coefficient,development,ks,coefficient,32,test,96,64,False,neural:transformer:iid,0.7088802727874949,0.5953276919269594,0.8302347449083954,0.8419502792846468,6,transformer,iid,archived_neural_scores,,,,,,73.76424099054809,76.97938018431887,1.5683288569562137,100993,NVIDIA GeForce RTX 3090 Ti,historical execution; no matched-hardware comparison with current calibration times
development__ks__coefficient,development,ks,coefficient,32,test,96,64,False,neural:transformer:none,1.8009271930242423,1.2552615645009302,2.365975895339464,1.3419862864516323,6,transformer,none,archived_neural_scores,,,,,,43.20425667443002,43.2472209041783,1.5512355719693005,100993,NVIDIA GeForce RTX 3090 Ti,historical execution; no matched-hardware comparison with current calibration times
development__ks__coefficient,development,ks,coefficient,32,test,96,64,False,neural:transformer:response_matched,0.7273385227862136,0.6141693380078964,0.8470968235997623,0.8528414405891717,6,transformer,response_matched,archived_neural_scores,,,,,,73.54837304004468,76.76373893138953,1.5610943431966007,100993,NVIDIA GeForce RTX 3090 Ti,historical execution; no matched-hardware comparison with current calibration times
development__ks__coefficient,development,ks,coefficient,32,test,96,64,False,neural:transformer:smooth,0.7206529282809614,0.6091969345407594,0.8416013682443139,0.8489127919173802,6,transformer,smooth,archived_neural_scores,,,,,,73.49937257356942,76.71464557868119,1.553008088376373,100993,NVIDIA GeForce RTX 3090 Ti,historical execution; no matched-hardware comparison with current calibration times
development__ks__coefficient,development,ks,coefficient,32,test,96,64,False,validation_best_neural,0.11005360631327661,0.06537424892985022,0.16909074880563013,0.33174328375006573,6,validation_best_neural,,frozen_validation_selection,,,,,,,,,,,
development__ks__coefficient,development,ks,coefficient,32,test,96,64,False,validation_selected_route,3.4690398949043888e-06,8.812674538818583e-07,7.044714141854074e-06,0.0018625358774811262,6,validation_selected_route,,frozen_validation_selection,,,,,,,,,,,
development__ks__coefficient,development,ks,coefficient,32,ood,64,64,True,calibrated,4.2727818402924705e-06,2.5044877439302404e-06,6.673200702448865e-06,0.002067070835818761,0,physics_calibrated,,new_frozen_physics_evaluation,0,0,0,4.2727818402924705e-06,0.8528252899996005,,,,,,
development__ks__coefficient,development,ks,coefficient,32,ood,64,64,True,uncalibrated,0.7806519249425037,0.7118194586991038,0.8572389715033166,0.8835450893658476,0,physics_uncalibrated,,new_frozen_physics_evaluation,0,0,0,0.7806519249425037,0.0,,,,,,
development__ks__coefficient,development,ks,coefficient,32,ood,64,64,True,persistence,1.2648281802265444,1.1780103013277299,1.3603695522732229,1.1246458021201806,0,persistence,,new_frozen_physics_evaluation,0,0,0,1.2648281802265444,0.0,,,,,,
development__ks__coefficient,development,ks,coefficient,32,ood,64,64,True,neural:fno:iid,0.40444862826291295,0.3167058584710726,0.5043409661909701,0.6359627569778854,6,fno,iid,archived_neural_scores,,,,,,42.21833630177813,45.42533864096428,1.2599807931110263,209985,NVIDIA GeForce RTX 3090 Ti,historical execution; no matched-hardware comparison with current calibration times
development__ks__coefficient,development,ks,coefficient,32,ood,64,64,True,neural:fno:none,0.4755646330000136,0.3556508461030298,0.6077328406610083,0.689611943777088,6,fno,none,archived_neural_scores,,,,,,25.474661851922672,25.508863172183435,1.253801817074418,209985,NVIDIA GeForce RTX 3090 Ti,historical execution; no matched-hardware comparison with current calibration times
development__ks__coefficient,development,ks,coefficient,32,ood,64,64,True,neural:fno:response_matched,0.4260560286949265,0.3520736401876621,0.5098164098666038,0.6527296750531008,6,fno,response_matched,archived_neural_scores,,,,,,42.11022716814963,45.317505820499115,1.2645773007534444,209985,NVIDIA GeForce RTX 3090 Ti,historical execution; no matched-hardware comparison with current calibration times
development__ks__coefficient,development,ks,coefficient,32,ood,64,64,True,neural:fno:smooth,0.42661593692742206,0.3400684271448639,0.5144550375367003,0.6531584317203768,6,fno,smooth,archived_neural_scores,,,,,,41.385593929948904,44.592618029254176,1.275335787795484,209985,NVIDIA GeForce RTX 3090 Ti,historical execution; no matched-hardware comparison with current calibration times
development__ks__coefficient,development,ks,coefficient,32,ood,64,64,True,neural:looped:iid,6.127545035312655,3.6682812923530177,9.650812563697224,2.475387855531463,6,looped,iid,archived_neural_scores,,,,,,69.02064514672384,72.23208071167271,1.5465280856005847,34049,NVIDIA GeForce RTX 3090 Ti,historical execution; no matched-hardware comparison with current calibration times
development__ks__coefficient,development,ks,coefficient,32,ood,64,64,True,neural:looped:none,12.079012388739462,5.6481767929665905,20.96549898252969,3.475487359887741,6,looped,none,archived_neural_scores,,,,,,38.942994286616646,38.981424583354965,1.5680603450164199,34049,NVIDIA GeForce RTX 3090 Ti,historical execution; no matched-hardware comparison with current calibration times
development__ks__coefficient,development,ks,coefficient,32,ood,64,64,True,neural:looped:response_matched,5.500136895205657,2.556441921225775,9.954779586643996,2.3452370658860175,6,looped,response_matched,archived_neural_scores,,,,,,69.0903275468542,72.3017377591071,1.5443890821188688,34049,NVIDIA GeForce RTX 3090 Ti,historical execution; no matched-hardware comparison with current calibration times
development__ks__coefficient,development,ks,coefficient,32,ood,64,64,True,neural:looped:smooth,7.003505868084839,4.291998808231663,10.15389030835408,2.6464137749197194,6,looped,smooth,archived_neural_scores,,,,,,68.98003031305659,72.1913958870961,1.5743931056931615,34049,NVIDIA GeForce RTX 3090 Ti,historical execution; no matched-hardware comparison with current calibration times
development__ks__coefficient,development,ks,coefficient,32,ood,64,64,True,neural:transformer:iid,4.534834293623116,2.796921789137874,6.786858524976165,2.1295150371911244,6,transformer,iid,archived_neural_scores,,,,,,73.76424099054809,76.97938018431887,1.5683288569562137,100993,NVIDIA GeForce RTX 3090 Ti,historical execution; no matched-hardware comparison with current calibration times
development__ks__coefficient,development,ks,coefficient,32,ood,64,64,True,neural:transformer:none,7.854271307064498,4.88871312344385,11.45778763420949,2.8025472889970113,6,transformer,none,archived_neural_scores,,,,,,43.20425667443002,43.2472209041783,1.5512355719693005,100993,NVIDIA GeForce RTX 3090 Ti,historical execution; no matched-hardware comparison with current calibration times
development__ks__coefficient,development,ks,coefficient,32,ood,64,64,True,neural:transformer:response_matched,2.8546416296598522,1.721627878352901,4.365188825762456,1.6895684743921604,6,transformer,response_matched,archived_neural_scores,,,,,,73.54837304004468,76.76373893138953,1.5610943431966007,100993,NVIDIA GeForce RTX 3090 Ti,historical execution; no matched-hardware comparison with current calibration times
development__ks__coefficient,development,ks,coefficient,32,ood,64,64,True,neural:transformer:smooth,5.522684676279965,3.8275490798103493,7.527230962470771,2.3500392924970352,6,transformer,smooth,archived_neural_scores,,,,,,73.49937257356942,76.71464557868119,1.553008088376373,100993,NVIDIA GeForce RTX 3090 Ti,historical execution; no matched-hardware comparison with current calibration times
development__ks__coefficient,development,ks,coefficient,32,ood,64,64,True,validation_best_neural,0.4755646330000136,0.3556508461030298,0.6077328406610083,0.689611943777088,6,validation_best_neural,,frozen_validation_selection,,,,,,,,,,,
development__ks__coefficient,development,ks,coefficient,32,ood,64,64,True,validation_selected_route,4.2727818402924705e-06,2.50448774393024e-06,6.673200702448865e-06,0.002067070835818761,6,validation_selected_route,,frozen_validation_selection,,,,,,,,,,,
development__ks__coefficient,development,ks,coefficient,32,ood,96,64,False,calibrated,7.067615813370262e-05,2.631222910501674e-05,0.00013047408396380113,0.008406911331381021,0,physics_calibrated,,new_frozen_physics_evaluation,0,0,0,7.067615813370262e-05,0.8528252899996005,,,,,,
development__ks__coefficient,development,ks,coefficient,32,ood,96,64,False,uncalibrated,0.9354261005161486,0.8710577936547481,1.0046473118951562,0.96717428652552,0,physics_uncalibrated,,new_frozen_physics_evaluation,0,0,0,0.9354261005161486,0.0,,,,,,
development__ks__coefficient,development,ks,coefficient,32,ood,96,64,False,persistence,1.4557187522355548,1.3557960421473019,1.5655669160187635,1.2065317037838479,0,persistence,,new_frozen_physics_evaluation,0,0,0,1.4557187522355548,0.0,,,,,,
development__ks__coefficient,development,ks,coefficient,32,ood,96,64,False,neural:fno:iid,0.820252403334432,0.6914887158582974,0.9634029065947929,0.9056778695178722,6,fno,iid,archived_neural_scores,,,,,,42.21833630177813,45.42533864096428,1.2599807931110263,209985,NVIDIA GeForce RTX 3090 Ti,historical execution; no matched-hardware comparison with current calibration times
development__ks__coefficient,development,ks,coefficient,32,ood,96,64,False,neural:fno:none,0.8960577538062399,0.7343049477129684,1.0684125411707484,0.9466032716012764,6,fno,none,archived_neural_scores,,,,,,25.474661851922672,25.508863172183435,1.253801817074418,209985,NVIDIA GeForce RTX 3090 Ti,historical execution; no matched-hardware comparison with current calibration times
development__ks__coefficient,development,ks,coefficient,32,ood,96,64,False,neural:fno:response_matched,0.8508664347612589,0.7525432609628807,0.9538282655894552,0.9224242162699648,6,fno,response_matched,archived_neural_scores,,,,,,42.11022716814963,45.317505820499115,1.2645773007534444,209985,NVIDIA GeForce RTX 3090 Ti,historical execution; no matched-hardware comparison with current calibration times
development__ks__coefficient,development,ks,coefficient,32,ood,96,64,False,neural:fno:smooth,0.802375919556806,0.6776117936347846,0.9232779392739944,0.8957543857312706,6,fno,smooth,archived_neural_scores,,,,,,41.385593929948904,44.592618029254176,1.275335787795484,209985,NVIDIA GeForce RTX 3090 Ti,historical execution; no matched-hardware comparison with current calibration times
development__ks__coefficient,development,ks,coefficient,32,ood,96,64,False,neural:looped:iid,9.80665165129299,4.950971879571926,15.706769717550944,3.131557384320618,6,looped,iid,archived_neural_scores,,,,,,69.02064514672384,72.23208071167271,1.5465280856005847,34049,NVIDIA GeForce RTX 3090 Ti,historical execution; no matched-hardware comparison with current calibration times
development__ks__coefficient,development,ks,coefficient,32,ood,96,64,False,neural:looped:none,32.50008056269632,9.759123688693288,65.32772591402006,5.700884191307197,6,looped,none,archived_neural_scores,,,,,,38.942994286616646,38.981424583354965,1.5680603450164199,34049,NVIDIA GeForce RTX 3090 Ti,historical execution; no matched-hardware comparison with current calibration times
development__ks__coefficient,development,ks,coefficient,32,ood,96,64,False,neural:looped:response_matched,7.675281747666955,3.6170043086550487,13.139828130078678,2.770429884993835,6,looped,response_matched,archived_neural_scores,,,,,,69.0903275468542,72.3017377591071,1.5443890821188688,34049,NVIDIA GeForce RTX 3090 Ti,historical execution; no matched-hardware comparison with current calibration times
development__ks__coefficient,development,ks,coefficient,32,ood,96,64,False,neural:looped:smooth,12.276752507485108,5.5193245503068855,21.89652653739565,3.503819702479725,6,looped,smooth,archived_neural_scores,,,,,,68.98003031305659,72.1913958870961,1.5743931056931615,34049,NVIDIA GeForce RTX 3090 Ti,historical execution; no matched-hardware comparison with current calibration times
development__ks__coefficient,development,ks,coefficient,32,ood,96,64,False,neural:transformer:iid,7.632762621204556,4.12945454175824,12.44579155829841,2.7627454861431873,6,transformer,iid,archived_neural_scores,,,,,,73.76424099054809,76.97938018431887,1.5683288569562137,100993,NVIDIA GeForce RTX 3090 Ti,historical execution; no matched-hardware comparison with current calibration times
development__ks__coefficient,development,ks,coefficient,32,ood,96,64,False,neural:transformer:none,18.844362982083606,6.53452541085573,37.254175392534584,4.341009442754485,6,transformer,none,archived_neural_scores,,,,,,43.20425667443002,43.2472209041783,1.5512355719693005,100993,NVIDIA GeForce RTX 3090 Ti,historical execution; no matched-hardware comparison with current calibration times
development__ks__coefficient,development,ks,coefficient,32,ood,96,64,False,neural:transformer:response_matched,4.534856794057873,2.187883191382114,7.842882233621319,2.129520320179611,6,transformer,response_matched,archived_neural_scores,,,,,,73.54837304004468,76.76373893138953,1.5610943431966007,100993,NVIDIA GeForce RTX 3090 Ti,historical execution; no matched-hardware comparison with current calibration times
development__ks__coefficient,development,ks,coefficient,32,ood,96,64,False,neural:transformer:smooth,10.41664145595748,6.003875897060036,15.310108081695178,3.227482216210878,6,transformer,smooth,archived_neural_scores,,,,,,73.49937257356942,76.71464557868119,1.553008088376373,100993,NVIDIA GeForce RTX 3090 Ti,historical execution; no matched-hardware comparison with current calibration times
development__ks__coefficient,development,ks,coefficient,32,ood,96,64,False,validation_best_neural,0.8960577538062399,0.7343049477129684,1.0684125411707484,0.9466032716012764,6,validation_best_neural,,frozen_validation_selection,,,,,,,,,,,
development__ks__coefficient,development,ks,coefficient,32,ood,96,64,False,validation_selected_route,7.067615813370261e-05,2.6312229105016735e-05,0.0001304740839638011,0.008406911331381021,6,validation_selected_route,,frozen_validation_selection,,,,,,,,,,,
development__ks__correct,development,ks,correct,32,test,64,64,True,calibrated,1.8056909080789612e-07,9.614987372015732e-08,2.8663215776302163e-07,0.0004249342193891851,0,physics_calibrated,,new_frozen_physics_evaluation,0,0,0,1.8056909080789612e-07,0.5814302770013455,,,,,,
development__ks__correct,development,ks,correct,32,test,64,64,True,uncalibrated,2.4259880928928445e-07,9.282605073652115e-08,5.008236577846196e-07,0.000492543205505146,0,physics_uncalibrated,,new_frozen_physics_evaluation,0,0,0,2.4259880928928445e-07,0.0,,,,,,
development__ks__correct,development,ks,correct,32,test,64,64,True,persistence,1.0496889516654164,0.9477520132247317,1.154934402423976,1.0245432893076878,0,persistence,,new_frozen_physics_evaluation,0,0,0,1.0496889516654164,0.0,,,,,,
development__ks__correct,development,ks,correct,32,test,64,64,True,neural:fno:iid,0.01791829097466813,0.010834057693121108,0.029393910850129292,0.13385922073084144,6,fno,iid,archived_neural_scores,,,,,,41.83389293200647,45.04311167208167,1.2676600832492113,209985,NVIDIA GeForce RTX 3090 Ti,historical execution; no matched-hardware comparison with current calibration times
development__ks__correct,development,ks,correct,32,test,64,64,True,neural:fno:none,0.027114328001445254,0.013811454892444126,0.0481819258730361,0.1646642887861398,6,fno,none,archived_neural_scores,,,,,,24.868850124146167,24.9029763196595,1.2562355492264032,209985,NVIDIA GeForce RTX 3090 Ti,historical execution; no matched-hardware comparison with current calibration times
development__ks__correct,development,ks,correct,32,test,64,64,True,neural:fno:response_matched,0.01966957810717529,0.01160372443528518,0.03486241378343229,0.14024827309872764,6,fno,response_matched,archived_neural_scores,,,,,,42.619782591393836,45.829056587225445,1.2488045846112072,209985,NVIDIA GeForce RTX 3090 Ti,historical execution; no matched-hardware comparison with current calibration times
development__ks__correct,development,ks,correct,32,test,64,64,True,neural:fno:smooth,0.01478723677948623,0.006297936504518643,0.030183986246209108,0.12160278277854594,6,fno,smooth,archived_neural_scores,,,,,,42.28679179446772,45.49646694865078,1.2403515516780317,209985,NVIDIA GeForce RTX 3090 Ti,historical execution; no matched-hardware comparison with current calibration times
development__ks__correct,development,ks,correct,32,test,64,64,True,neural:looped:iid,0.40907117552708333,0.2900282838051087,0.5565827325194687,0.6395867224443322,6,looped,iid,archived_neural_scores,,,,,,69.44949828305592,72.66324590169825,1.5455555403605103,34049,NVIDIA GeForce RTX 3090 Ti,historical execution; no matched-hardware comparison with current calibration times
development__ks__correct,development,ks,correct,32,test,64,64,True,neural:looped:none,0.6417590423799143,0.32838882085277304,1.1639008020892094,0.8010986470965448,6,looped,none,archived_neural_scores,,,,,,39.15360099279011,39.191879835290216,1.5545718488283455,34049,NVIDIA GeForce RTX 3090 Ti,historical execution; no matched-hardware comparison with current calibration times
development__ks__correct,development,ks,correct,32,test,64,64,True,neural:looped:response_matched,0.4054710031273798,0.30050938851398973,0.5230551794072827,0.6367660505455515,6,looped,response_matched,archived_neural_scores,,,,,,69.76054874442828,72.97359784777898,1.5462115523405373,34049,NVIDIA GeForce RTX 3090 Ti,historical execution; no matched-hardware comparison with current calibration times
development__ks__correct,development,ks,correct,32,test,64,64,True,neural:looped:smooth,0.4323190522320918,0.29914911855435466,0.6212704945482044,0.657509735465637,6,looped,smooth,archived_neural_scores,,,,,,69.94277446072859,73.15604692061122,1.5608950867317617,34049,NVIDIA GeForce RTX 3090 Ti,historical execution; no matched-hardware comparison with current calibration times
development__ks__correct,development,ks,correct,32,test,64,64,True,neural:transformer:iid,0.5586784997366335,0.3460001068598677,0.8631874414206269,0.7474479913255728,6,transformer,iid,archived_neural_scores,,,,,,72.86626057233661,76.08343486208469,1.5470578335225582,100993,NVIDIA GeForce RTX 3090 Ti,historical execution; no matched-hardware comparison with current calibration times
development__ks__correct,development,ks,correct,32,test,64,64,True,neural:transformer:none,0.9422128653470313,0.5697210619933161,1.3935458865462391,0.9706764988125711,6,transformer,none,archived_neural_scores,,,,,,42.853026484604925,42.89551488837848,1.5553328092209995,100993,NVIDIA GeForce RTX 3090 Ti,historical execution; no matched-hardware comparison with current calibration times
development__ks__correct,development,ks,correct,32,test,64,64,True,neural:transformer:response_matched,0.4284416672179047,0.3343266158565983,0.5328041316967324,0.6545545563342331,6,transformer,response_matched,archived_neural_scores,,,,,,73.57900318480097,76.79618041962385,1.5432932996191084,100993,NVIDIA GeForce RTX 3090 Ti,historical execution; no matched-hardware comparison with current calibration times
development__ks__correct,development,ks,correct,32,test,64,64,True,neural:transformer:smooth,0.9132761658862106,0.5745261930483285,1.3155769931975605,0.9556548361653441,6,transformer,smooth,archived_neural_scores,,,,,,73.35965639694284,76.57736987077321,1.547532097902149,100993,NVIDIA GeForce RTX 3090 Ti,historical execution; no matched-hardware comparison with current calibration times
development__ks__correct,development,ks,correct,32,test,64,64,True,validation_best_neural,0.01478723677948623,0.006297936504518643,0.030183986246209108,0.12160278277854594,6,validation_best_neural,,frozen_validation_selection,,,,,,,,,,,
development__ks__correct,development,ks,correct,32,test,64,64,True,validation_selected_route,1.8056909080789612e-07,9.614987372015732e-08,2.8663215776302163e-07,0.0004249342193891851,6,validation_selected_route,,frozen_validation_selection,,,,,,,,,,,
development__ks__correct,development,ks,correct,32,test,96,64,False,calibrated,3.461321767005529e-06,9.139031456800918e-07,7.054173948631273e-06,0.0018604627830208077,0,physics_calibrated,,new_frozen_physics_evaluation,0,0,0,3.461321767005529e-06,0.5814302770013455,,,,,,
development__ks__correct,development,ks,correct,32,test,96,64,False,uncalibrated,4.105139122896057e-06,9.799788640356926e-07,8.58308252099293e-06,0.0020261142916667006,0,physics_uncalibrated,,new_frozen_physics_evaluation,0,0,0,4.105139122896057e-06,0.0,,,,,,
development__ks__correct,development,ks,correct,32,test,96,64,False,persistence,1.2703809024728039,1.1577018391976137,1.385835073717879,1.1271117524330956,0,persistence,,new_frozen_physics_evaluation,0,0,0,1.2703809024728039,0.0,,,,,,
development__ks__correct,development,ks,correct,32,test,96,64,False,neural:fno:iid,0.09145492839935042,0.055246405817789786,0.14100758760141646,0.3024151590105073,6,fno,iid,archived_neural_scores,,,,,,41.83389293200647,45.04311167208167,1.2676600832492113,209985,NVIDIA GeForce RTX 3090 Ti,historical execution; no matched-hardware comparison with current calibration times
development__ks__correct,development,ks,correct,32,test,96,64,False,neural:fno:none,0.11030210041203241,0.06635421661946675,0.1695556206141744,0.33211760027440945,6,fno,none,archived_neural_scores,,,,,,24.868850124146167,24.9029763196595,1.2562355492264032,209985,NVIDIA GeForce RTX 3090 Ti,historical execution; no matched-hardware comparison with current calibration times
development__ks__correct,development,ks,correct,32,test,96,64,False,neural:fno:response_matched,0.08985397833534041,0.05638190520198612,0.13251680102913277,0.2997565317642643,6,fno,response_matched,archived_neural_scores,,,,,,42.619782591393836,45.829056587225445,1.2488045846112072,209985,NVIDIA GeForce RTX 3090 Ti,historical execution; no matched-hardware comparison with current calibration times
development__ks__correct,development,ks,correct,32,test,96,64,False,neural:fno:smooth,0.06751894016477859,0.0332886778667792,0.11478330338713665,0.2598440689428539,6,fno,smooth,archived_neural_scores,,,,,,42.28679179446772,45.49646694865078,1.2403515516780317,209985,NVIDIA GeForce RTX 3090 Ti,historical execution; no matched-hardware comparison with current calibration times
development__ks__correct,development,ks,correct,32,test,96,64,False,neural:looped:iid,0.905778873007891,0.6873141669582884,1.2015098451751642,0.9517241580457496,6,looped,iid,archived_neural_scores,,,,,,69.44949828305592,72.66324590169825,1.5455555403605103,34049,NVIDIA GeForce RTX 3090 Ti,historical execution; no matched-hardware comparison with current calibration times
development__ks__correct,development,ks,correct,32,test,96,64,False,neural:looped:none,1.4423314332938428,0.7484290354638661,2.669125493938449,1.2009710376582121,6,looped,none,archived_neural_scores,,,,,,39.15360099279011,39.191879835290216,1.5545718488283455,34049,NVIDIA GeForce RTX 3090 Ti,historical execution; no matched-hardware comparison with current calibration times
development__ks__correct,development,ks,correct,32,test,96,64,False,neural:looped:response_matched,0.857448556735544,0.7126464223856982,1.0135413194519147,0.9259851817040832,6,looped,response_matched,archived_neural_scores,,,,,,69.76054874442828,72.97359784777898,1.5462115523405373,34049,NVIDIA GeForce RTX 3090 Ti,historical execution; no matched-hardware comparison with current calibration times
development__ks__correct,development,ks,correct,32,test,96,64,False,neural:looped:smooth,0.9930466330337984,0.708195101172375,1.428681205431528,0.99651725174921,6,looped,smooth,archived_neural_scores,,,,,,69.94277446072859,73.15604692061122,1.5608950867317617,34049,NVIDIA GeForce RTX 3090 Ti,historical execution; no matched-hardware comparison with current calibration times
development__ks__correct,development,ks,correct,32,test,96,64,False,neural:transformer:iid,1.1288394061199016,0.7770546964179302,1.6189335836733227,1.0624685435907746,6,transformer,iid,archived_neural_scores,,,,,,72.86626057233661,76.08343486208469,1.5470578335225582,100993,NVIDIA GeForce RTX 3090 Ti,historical execution; no matched-hardware comparison with current calibration times
development__ks__correct,development,ks,correct,32,test,96,64,False,neural:transformer:none,1.800931154123062,1.2497518190799235,2.3533100293666234,1.3419877622851342,6,transformer,none,archived_neural_scores,,,,,,42.853026484604925,42.89551488837848,1.5553328092209995,100993,NVIDIA GeForce RTX 3090 Ti,historical execution; no matched-hardware comparison with current calibration times
development__ks__correct,development,ks,correct,32,test,96,64,False,neural:transformer:response_matched,0.8800462653288207,0.7298117110324911,1.032670621894872,0.9381078111436982,6,transformer,response_matched,archived_neural_scores,,,,,,73.57900318480097,76.79618041962385,1.5432932996191084,100993,NVIDIA GeForce RTX 3090 Ti,historical execution; no matched-hardware comparison with current calibration times
development__ks__correct,development,ks,correct,32,test,96,64,False,neural:transformer:smooth,1.8785938586632487,1.3108940405562701,2.5373921621323214,1.3706180571783113,6,transformer,smooth,archived_neural_scores,,,,,,73.35965639694284,76.57736987077321,1.547532097902149,100993,NVIDIA GeForce RTX 3090 Ti,historical execution; no matched-hardware comparison with current calibration times
development__ks__correct,development,ks,correct,32,test,96,64,False,validation_best_neural,0.06751894016477859,0.0332886778667792,0.11478330338713665,0.2598440689428539,6,validation_best_neural,,frozen_validation_selection,,,,,,,,,,,
development__ks__correct,development,ks,correct,32,test,96,64,False,validation_selected_route,3.4613217670055295e-06,9.139031456800916e-07,7.054173948631271e-06,0.001860462783020808,6,validation_selected_route,,frozen_validation_selection,,,,,,,,,,,
development__ks__correct,development,ks,correct,32,ood,64,64,True,calibrated,4.27508145196064e-06,2.491040682210761e-06,6.552316843722628e-06,0.002067627009874034,0,physics_calibrated,,new_frozen_physics_evaluation,0,0,0,4.27508145196064e-06,0.5814302770013455,,,,,,
development__ks__correct,development,ks,correct,32,ood,64,64,True,uncalibrated,4.22577132950489e-06,2.5399131497388776e-06,6.3416862227349595e-06,0.0020556680980899837,0,physics_uncalibrated,,new_frozen_physics_evaluation,0,0,0,4.22577132950489e-06,0.0,,,,,,
development__ks__correct,development,ks,correct,32,ood,64,64,True,persistence,1.2648281802265444,1.1753590043618338,1.357318770726514,1.1246458021201806,0,persistence,,new_frozen_physics_evaluation,0,0,0,1.2648281802265444,0.0,,,,,,
development__ks__correct,development,ks,correct,32,ood,64,64,True,neural:fno:iid,0.35074487500328067,0.27725193022754413,0.4247896177821198,0.5922371779982076,6,fno,iid,archived_neural_scores,,,,,,41.83389293200647,45.04311167208167,1.2676600832492113,209985,NVIDIA GeForce RTX 3090 Ti,historical execution; no matched-hardware comparison with current calibration times
development__ks__correct,development,ks,correct,32,ood,64,64,True,neural:fno:none,0.4766748559927754,0.35786264225380476,0.6034514108576191,0.6904164366473147,6,fno,none,archived_neural_scores,,,,,,24.868850124146167,24.9029763196595,1.2562355492264032,209985,NVIDIA GeForce RTX 3090 Ti,historical execution; no matched-hardware comparison with current calibration times
development__ks__correct,development,ks,correct,32,ood,64,64,True,neural:fno:response_matched,0.3206727943938584,0.23993199985487398,0.41128222003544157,0.5662797845534117,6,fno,response_matched,archived_neural_scores,,,,,,42.619782591393836,45.829056587225445,1.2488045846112072,209985,NVIDIA GeForce RTX 3090 Ti,historical execution; no matched-hardware comparison with current calibration times
development__ks__correct,development,ks,correct,32,ood,64,64,True,neural:fno:smooth,0.29544154905355613,0.22181133404076991,0.38445048306335944,0.5435453514230033,6,fno,smooth,archived_neural_scores,,,,,,42.28679179446772,45.49646694865078,1.2403515516780317,209985,NVIDIA GeForce RTX 3090 Ti,historical execution; no matched-hardware comparison with current calibration times
development__ks__correct,development,ks,correct,32,ood,64,64,True,neural:looped:iid,14.35673978962484,4.6673671284740434,27.597258016406624,3.789028871574462,6,looped,iid,archived_neural_scores,,,,,,69.44949828305592,72.66324590169825,1.5455555403605103,34049,NVIDIA GeForce RTX 3090 Ti,historical execution; no matched-hardware comparison with current calibration times
development__ks__correct,development,ks,correct,32,ood,64,64,True,neural:looped:none,12.078983662774021,5.625363983315778,21.166306064857235,3.475483227232441,6,looped,none,archived_neural_scores,,,,,,39.15360099279011,39.191879835290216,1.5545718488283455,34049,NVIDIA GeForce RTX 3090 Ti,historical execution; no matched-hardware comparison with current calibration times
development__ks__correct,development,ks,correct,32,ood,64,64,True,neural:looped:response_matched,10.534356063517729,3.3523282970195822,24.748675655060566,3.2456672755409985,6,looped,response_matched,archived_neural_scores,,,,,,69.76054874442828,72.97359784777898,1.5462115523405373,34049,NVIDIA GeForce RTX 3090 Ti,historical execution; no matched-hardware comparison with current calibration times
development__ks__correct,development,ks,correct,32,ood,64,64,True,neural:looped:smooth,15.122103911522117,6.009761795968335,31.70264804687726,3.888714943464244,6,looped,smooth,archived_neural_scores,,,,,,69.94277446072859,73.15604692061122,1.5608950867317617,34049,NVIDIA GeForce RTX 3090 Ti,historical execution; no matched-hardware comparison with current calibration times
development__ks__correct,development,ks,correct,32,ood,64,64,True,neural:transformer:iid,11.22966237724747,2.7139213985253576,26.971405640289646,3.351068841018858,6,transformer,iid,archived_neural_scores,,,,,,72.86626057233661,76.08343486208469,1.5470578335225582,100993,NVIDIA GeForce RTX 3090 Ti,historical execution; no matched-hardware comparison with current calibration times
development__ks__correct,development,ks,correct,32,ood,64,64,True,neural:transformer:none,7.8543285414834445,4.857765507757822,11.553023107834337,2.8025575001208174,6,transformer,none,archived_neural_scores,,,,,,42.853026484604925,42.89551488837848,1.5553328092209995,100993,NVIDIA GeForce RTX 3090 Ti,historical execution; no matched-hardware comparison with current calibration times
development__ks__correct,development,ks,correct,32,ood,64,64,True,neural:transformer:response_matched,9.547966454142747,2.685988544271673,21.136200638868505,3.0899783905624236,6,transformer,response_matched,archived_neural_scores,,,,,,73.57900318480097,76.79618041962385,1.5432932996191084,100993,NVIDIA GeForce RTX 3090 Ti,historical execution; no matched-hardware comparison with current calibration times
development__ks__correct,development,ks,correct,32,ood,64,64,True,neural:transformer:smooth,13.438201600832903,3.8263276881917547,30.287267920181137,3.6658152709640053,6,transformer,smooth,archived_neural_scores,,,,,,73.35965639694284,76.57736987077321,1.547532097902149,100993,NVIDIA GeForce RTX 3090 Ti,historical execution; no matched-hardware comparison with current calibration times
development__ks__correct,development,ks,correct,32,ood,64,64,True,validation_best_neural,0.29544154905355613,0.22181133404076991,0.38445048306335944,0.5435453514230033,6,validation_best_neural,,frozen_validation_selection,,,,,,,,,,,
development__ks__correct,development,ks,correct,32,ood,64,64,True,validation_selected_route,4.27508145196064e-06,2.491040682210761e-06,6.552316843722628e-06,0.002067627009874034,6,validation_selected_route,,frozen_validation_selection,,,,,,,,,,,
development__ks__correct,development,ks,correct,32,ood,96,64,False,calibrated,7.064598095602603e-05,2.6085119702998024e-05,0.0001314261544126864,0.008405116355888599,0,physics_calibrated,,new_frozen_physics_evaluation,0,0,0,7.064598095602603e-05,0.5814302770013455,,,,,,
development__ks__correct,development,ks,correct,32,ood,96,64,False,uncalibrated,7.657434359925911e-05,2.754267066580794e-05,0.00014249925220872846,0.00875067675092956,0,physics_uncalibrated,,new_frozen_physics_evaluation,0,0,0,7.657434359925911e-05,0.0,,,,,,
development__ks__correct,development,ks,correct,32,ood,96,64,False,persistence,1.4557187522355548,1.3517366235135304,1.5647464020848505,1.2065317037838479,0,persistence,,new_frozen_physics_evaluation,0,0,0,1.4557187522355548,0.0,,,,,,
development__ks__correct,development,ks,correct,32,ood,96,64,False,neural:fno:iid,0.7488388094014963,0.6351521319052039,0.8644936287249018,0.8653547303860402,6,fno,iid,archived_neural_scores,,,,,,41.83389293200647,45.04311167208167,1.2676600832492113,209985,NVIDIA GeForce RTX 3090 Ti,historical execution; no matched-hardware comparison with current calibration times
development__ks__correct,development,ks,correct,32,ood,96,64,False,neural:fno:none,0.8992052989487034,0.7375689614759763,1.0632709384111,0.9482643613195127,6,fno,none,archived_neural_scores,,,,,,24.868850124146167,24.9029763196595,1.2562355492264032,209985,NVIDIA GeForce RTX 3090 Ti,historical execution; no matched-hardware comparison with current calibration times
development__ks__correct,development,ks,correct,32,ood,96,64,False,neural:fno:response_matched,0.6970433264455922,0.5788742677686007,0.8211125135863048,0.8348912063530147,6,fno,response_matched,archived_neural_scores,,,,,,42.619782591393836,45.829056587225445,1.2488045846112072,209985,NVIDIA GeForce RTX 3090 Ti,historical execution; no matched-hardware comparison with current calibration times
development__ks__correct,development,ks,correct,32,ood,96,64,False,neural:fno:smooth,0.6748703706051357,0.543307061667602,0.8271002446058718,0.821504942532384,6,fno,smooth,archived_neural_scores,,,,,,42.28679179446772,45.49646694865078,1.2403515516780317,209985,NVIDIA GeForce RTX 3090 Ti,historical execution; no matched-hardware comparison with current calibration times
development__ks__correct,development,ks,correct,32,ood,96,64,False,neural:looped:iid,40.27600150682067,7.444685202400556,86.30546259747977,6.346337645195114,6,looped,iid,archived_neural_scores,,,,,,69.44949828305592,72.66324590169825,1.5455555403605103,34049,NVIDIA GeForce RTX 3090 Ti,historical execution; no matched-hardware comparison with current calibration times
development__ks__correct,development,ks,correct,32,ood,96,64,False,neural:looped:none,32.5000380268921,9.730236600056166,65.5045410686635,5.700880460673781,6,looped,none,archived_neural_scores,,,,,,39.15360099279011,39.191879835290216,1.5545718488283455,34049,NVIDIA GeForce RTX 3090 Ti,historical execution; no matched-hardware comparison with current calibration times
development__ks__correct,development,ks,correct,32,ood,96,64,False,neural:looped:response_matched,29.673235119824724,4.881362909544381,78.5706591346493,5.447314486958204,6,looped,response_matched,archived_neural_scores,,,,,,69.76054874442828,72.97359784777898,1.5462115523405373,34049,NVIDIA GeForce RTX 3090 Ti,historical execution; no matched-hardware comparison with current calibration times
development__ks__correct,development,ks,correct,32,ood,96,64,False,neural:looped:smooth,38.867620034109876,9.55957227338548,91.37772826129716,6.234390109233611,6,looped,smooth,archived_neural_scores,,,,,,69.94277446072859,73.15604692061122,1.5608950867317617,34049,NVIDIA GeForce RTX 3090 Ti,historical execution; no matched-hardware comparison with current calibration times
development__ks__correct,development,ks,correct,32,ood,96,64,False,neural:transformer:iid,26.53652375900509,3.4665024660723804,69.81335015365897,5.151361350070978,6,transformer,iid,archived_neural_scores,,,,,,72.86626057233661,76.08343486208469,1.5470578335225582,100993,NVIDIA GeForce RTX 3090 Ti,historical execution; no matched-hardware comparison with current calibration times
development__ks__correct,development,ks,correct,32,ood,96,64,False,neural:transformer:none,18.844580490226566,6.462564283684044,37.273541568292316,4.341034495396986,6,transformer,none,archived_neural_scores,,,,,,42.853026484604925,42.89551488837848,1.5553328092209995,100993,NVIDIA GeForce RTX 3090 Ti,historical execution; no matched-hardware comparison with current calibration times
development__ks__correct,development,ks,correct,32,ood,96,64,False,neural:transformer:response_matched,20.648000962038555,3.346882252412573,51.56962759889293,4.544007148106014,6,transformer,response_matched,archived_neural_scores,,,,,,73.57900318480097,76.79618041962385,1.5432932996191084,100993,NVIDIA GeForce RTX 3090 Ti,historical execution; no matched-hardware comparison with current calibration times
development__ks__correct,development,ks,correct,32,ood,96,64,False,neural:transformer:smooth,32.490110860561394,5.170835623180033,82.54430638216813,5.700009724602353,6,transformer,smooth,archived_neural_scores,,,,,,73.35965639694284,76.57736987077321,1.547532097902149,100993,NVIDIA GeForce RTX 3090 Ti,historical execution; no matched-hardware comparison with current calibration times
development__ks__correct,development,ks,correct,32,ood,96,64,False,validation_best_neural,0.6748703706051357,0.543307061667602,0.8271002446058718,0.821504942532384,6,validation_best_neural,,frozen_validation_selection,,,,,,,,,,,
development__ks__correct,development,ks,correct,32,ood,96,64,False,validation_selected_route,7.064598095602604e-05,2.6085119702998017e-05,0.00013142615441268644,0.008405116355888599,6,validation_selected_route,,frozen_validation_selection,,,,,,,,,,,
development__wave__coefficient,development,wave,coefficient,32,test,64,64,True,calibrated,4.458420675994616e-11,3.3353061792812314e-11,5.619080015588639e-11,6.677140612563597e-06,0,physics_calibrated,,new_frozen_physics_evaluation,0,0,0,4.458420675994616e-11,0.6685638050003035,,,,,,
development__wave__coefficient,development,wave,coefficient,32,test,64,64,True,uncalibrated,0.39735740397071595,0.3579778545259515,0.43907420826988725,0.6303629144950676,0,physics_uncalibrated,,new_frozen_physics_evaluation,0,0,0,0.39735740397071595,0.0,,,,,,
development__wave__coefficient,development,wave,coefficient,32,test,64,64,True,persistence,1.6768549606833858,1.4866886069873773,1.8873209536856774,1.294934346089942,0,persistence,,new_frozen_physics_evaluation,0,0,0,1.6768549606833858,0.0,,,,,,
development__wave__coefficient,development,wave,coefficient,32,test,64,64,True,neural:fno:iid,0.0032977122746942872,0.0022854030199362402,0.0045145025154780805,0.05742571092023404,6,fno,iid,archived_neural_scores,,,,,,41.84471892324897,43.76153073258077,1.3269816641695797,210306,NVIDIA GeForce RTX 3090 Ti,historical execution; no matched-hardware comparison with current calibration times
development__wave__coefficient,development,wave,coefficient,32,test,64,64,True,neural:fno:none,0.0004111781988375262,0.0003003817600302672,0.0005379685783135335,0.020277529406649276,6,fno,none,archived_neural_scores,,,,,,25.330485401054222,25.36525363405235,1.2562271673232317,210306,NVIDIA GeForce RTX 3090 Ti,historical execution; no matched-hardware comparison with current calibration times
development__wave__coefficient,development,wave,coefficient,32,test,64,64,True,neural:fno:response_matched,0.006703985581383141,0.005028996473762226,0.008653981571244687,0.08187786991234652,6,fno,response_matched,archived_neural_scores,,,,,,41.85174378302569,43.768411099910736,1.2513533933088183,210306,NVIDIA GeForce RTX 3090 Ti,historical execution; no matched-hardware comparison with current calibration times
development__wave__coefficient,development,wave,coefficient,32,test,64,64,True,neural:fno:smooth,0.0029518031675563397,0.0021153478978438644,0.003863997716381706,0.05433049942303438,6,fno,smooth,archived_neural_scores,,,,,,42.409771215481065,44.32650165888481,1.2644559028558433,210306,NVIDIA GeForce RTX 3090 Ti,historical execution; no matched-hardware comparison with current calibration times
development__wave__coefficient,development,wave,coefficient,32,test,64,64,True,neural:looped:iid,0.015017474353556196,0.012359453194660251,0.01848422851272538,0.1225458051242726,6,looped,iid,archived_neural_scores,,,,,,69.25524675791773,71.17576358684649,1.5301469014957547,34178,NVIDIA GeForce RTX 3090 Ti,historical execution; no matched-hardware comparison with current calibration times
development__wave__coefficient,development,wave,coefficient,32,test,64,64,True,neural:looped:none,0.0035747351129067676,0.0024873934960942157,0.005077853776231892,0.05978908857732126,6,looped,none,archived_neural_scores,,,,,,38.937134669627994,38.97561190960308,1.5349891735240817,34178,NVIDIA GeForce RTX 3090 Ti,historical execution; no matched-hardware comparison with current calibration times
development__wave__coefficient,development,wave,coefficient,32,test,64,64,True,neural:looped:response_matched,0.008004717141920378,0.006512149230239576,0.009634686866176518,0.0894690848389564,6,looped,response_matched,archived_neural_scores,,,,,,69.45602650692065,71.37637238879688,1.5323356492444873,34178,NVIDIA GeForce RTX 3090 Ti,historical execution; no matched-hardware comparison with current calibration times
development__wave__coefficient,development,wave,coefficient,32,test,64,64,True,neural:looped:smooth,0.007120698567040747,0.005410489995503194,0.009280351592641433,0.08438423174409272,6,looped,smooth,archived_neural_scores,,,,,,69.55599039754209,71.47627588633138,1.5329668996855617,34178,NVIDIA GeForce RTX 3090 Ti,historical execution; no matched-hardware comparison with current calibration times
development__wave__coefficient,development,wave,coefficient,32,test,64,64,True,neural:transformer:iid,0.013326911218504564,0.009849768368156046,0.018181644983325532,0.11544224191562014,6,transformer,iid,archived_neural_scores,,,,,,72.92843259017293,74.85318378731608,1.5340856509283185,101122,NVIDIA GeForce RTX 3090 Ti,historical execution; no matched-hardware comparison with current calibration times
development__wave__coefficient,development,wave,coefficient,32,test,64,64,True,neural:transformer:none,0.0030526994247878033,0.002179140243223049,0.004226438637361938,0.05525123912445587,6,transformer,none,archived_neural_scores,,,,,,43.124457186087966,43.16769759038774,1.5355606563389301,101122,NVIDIA GeForce RTX 3090 Ti,historical execution; no matched-hardware comparison with current calibration times
development__wave__coefficient,development,wave,coefficient,32,test,64,64,True,neural:transformer:response_matched,0.007141929637934502,0.005877686150755549,0.00852690707215136,0.08450993810158958,6,transformer,response_matched,archived_neural_scores,,,,,,72.88589705542351,74.81041382090189,1.532910903915763,101122,NVIDIA GeForce RTX 3090 Ti,historical execution; no matched-hardware comparison with current calibration times
development__wave__coefficient,development,wave,coefficient,32,test,64,64,True,neural:transformer:smooth,0.006338876644357561,0.005070072692332012,0.00790613803822734,0.07961706252027614,6,transformer,smooth,archived_neural_scores,,,,,,73.14945739135146,75.07470117975026,1.5315886470489204,101122,NVIDIA GeForce RTX 3090 Ti,historical execution; no matched-hardware comparison with current calibration times
development__wave__coefficient,development,wave,coefficient,32,test,64,64,True,validation_best_neural,0.0004111781988375262,0.0003003817600302672,0.0005379685783135335,0.020277529406649276,6,validation_best_neural,,frozen_validation_selection,,,,,,,,,,,
development__wave__coefficient,development,wave,coefficient,32,test,64,64,True,validation_selected_route,4.458420675994616e-11,3.3353061792812314e-11,5.619080015588639e-11,6.677140612563597e-06,6,validation_selected_route,,frozen_validation_selection,,,,,,,,,,,
development__wave__coefficient,development,wave,coefficient,32,test,96,64,False,calibrated,9.01406538016779e-11,6.730688963533193e-11,1.1395760781466296e-10,9.494243192676176e-06,0,physics_calibrated,,new_frozen_physics_evaluation,0,0,0,9.01406538016779e-11,0.6685638050003035,,,,,,
development__wave__coefficient,development,wave,coefficient,32,test,96,64,False,uncalibrated,0.5797535143190468,0.5287977636875495,0.6354377319835842,0.7614154676121616,0,physics_uncalibrated,,new_frozen_physics_evaluation,0,0,0,0.5797535143190468,0.0,,,,,,
development__wave__coefficient,development,wave,coefficient,32,test,96,64,False,persistence,1.733563930633712,1.5272043218144697,1.965200380270579,1.316648749907777,0,persistence,,new_frozen_physics_evaluation,0,0,0,1.733563930633712,0.0,,,,,,
development__wave__coefficient,development,wave,coefficient,32,test,96,64,False,neural:fno:iid,0.007732496302632369,0.004778072344653244,0.013455108048437144,0.0879346137913414,6,fno,iid,archived_neural_scores,,,,,,41.84471892324897,43.76153073258077,1.3269816641695797,210306,NVIDIA GeForce RTX 3090 Ti,historical execution; no matched-hardware comparison with current calibration times
development__wave__coefficient,development,wave,coefficient,32,test,96,64,False,neural:fno:none,0.0007304688009993331,0.0005306010343494286,0.0009554506361985876,0.027027186331531686,6,fno,none,archived_neural_scores,,,,,,25.330485401054222,25.36525363405235,1.2562271673232317,210306,NVIDIA GeForce RTX 3090 Ti,historical execution; no matched-hardware comparison with current calibration times
development__wave__coefficient,development,wave,coefficient,32,test,96,64,False,neural:fno:response_matched,0.013100775048435905,0.009815704851488293,0.01677746965014839,0.11445861718733066,6,fno,response_matched,archived_neural_scores,,,,,,41.85174378302569,43.768411099910736,1.2513533933088183,210306,NVIDIA GeForce RTX 3090 Ti,historical execution; no matched-hardware comparison with current calibration times
development__wave__coefficient,development,wave,coefficient,32,test,96,64,False,neural:fno:smooth,0.005405177346772647,0.0038297561405523112,0.007126880964474478,0.07351991122663742,6,fno,smooth,archived_neural_scores,,,,,,42.409771215481065,44.32650165888481,1.2644559028558433,210306,NVIDIA GeForce RTX 3090 Ti,historical execution; no matched-hardware comparison with current calibration times
development__wave__coefficient,development,wave,coefficient,32,test,96,64,False,neural:looped:iid,0.029156710507082958,0.02055511735112352,0.04261497199849964,0.17075336162747415,6,looped,iid,archived_neural_scores,,,,,,69.25524675791773,71.17576358684649,1.5301469014957547,34178,NVIDIA GeForce RTX 3090 Ti,historical execution; no matched-hardware comparison with current calibration times
development__wave__coefficient,development,wave,coefficient,32,test,96,64,False,neural:looped:none,0.005532799228291661,0.0037753993649785613,0.008000031340759425,0.0743827885218863,6,looped,none,archived_neural_scores,,,,,,38.937134669627994,38.97561190960308,1.5349891735240817,34178,NVIDIA GeForce RTX 3090 Ti,historical execution; no matched-hardware comparison with current calibration times
development__wave__coefficient,development,wave,coefficient,32,test,96,64,False,neural:looped:response_matched,0.013483601419371624,0.010823833017453705,0.016429909270276037,0.1161189106880168,6,looped,response_matched,archived_neural_scores,,,,,,69.45602650692065,71.37637238879688,1.5323356492444873,34178,NVIDIA GeForce RTX 3090 Ti,historical execution; no matched-hardware comparison with current calibration times
development__wave__coefficient,development,wave,coefficient,32,test,96,64,False,neural:looped:smooth,0.01253214837233147,0.00947281417685841,0.016355667743961678,0.11194707844482352,6,looped,smooth,archived_neural_scores,,,,,,69.55599039754209,71.47627588633138,1.5329668996855617,34178,NVIDIA GeForce RTX 3090 Ti,historical execution; no matched-hardware comparison with current calibration times
development__wave__coefficient,development,wave,coefficient,32,test,96,64,False,neural:transformer:iid,0.02138458631763318,0.014704606253810969,0.031837594386406695,0.14623469601169614,6,transformer,iid,archived_neural_scores,,,,,,72.92843259017293,74.85318378731608,1.5340856509283185,101122,NVIDIA GeForce RTX 3090 Ti,historical execution; no matched-hardware comparison with current calibration times
development__wave__coefficient,development,wave,coefficient,32,test,96,64,False,neural:transformer:none,0.004856745401683752,0.003227588126362611,0.007149421718299392,0.0696903537204666,6,transformer,none,archived_neural_scores,,,,,,43.124457186087966,43.16769759038774,1.5355606563389301,101122,NVIDIA GeForce RTX 3090 Ti,historical execution; no matched-hardware comparison with current calibration times
development__wave__coefficient,development,wave,coefficient,32,test,96,64,False,neural:transformer:response_matched,0.012144897095184978,0.009876209745916839,0.014749902228583727,0.1102038887480155,6,transformer,response_matched,archived_neural_scores,,,,,,72.88589705542351,74.81041382090189,1.532910903915763,101122,NVIDIA GeForce RTX 3090 Ti,historical execution; no matched-hardware comparison with current calibration times
development__wave__coefficient,development,wave,coefficient,32,test,96,64,False,neural:transformer:smooth,0.010437968497448775,0.008437125293279014,0.012640248242970985,0.10216637655045213,6,transformer,smooth,archived_neural_scores,,,,,,73.14945739135146,75.07470117975026,1.5315886470489204,101122,NVIDIA GeForce RTX 3090 Ti,historical execution; no matched-hardware comparison with current calibration times
development__wave__coefficient,development,wave,coefficient,32,test,96,64,False,validation_best_neural,0.0007304688009993331,0.0005306010343494286,0.0009554506361985876,0.027027186331531686,6,validation_best_neural,,frozen_validation_selection,,,,,,,,,,,
development__wave__coefficient,development,wave,coefficient,32,test,96,64,False,validation_selected_route,9.01406538016779e-11,6.730688963533193e-11,1.1395760781466295e-10,9.494243192676176e-06,6,validation_selected_route,,frozen_validation_selection,,,,,,,,,,,
development__wave__coefficient,development,wave,coefficient,32,ood,64,64,True,calibrated,2.6456068605522642e-09,2.201544784225611e-09,3.098198788879409e-09,5.1435463063457145e-05,0,physics_calibrated,,new_frozen_physics_evaluation,0,0,0,2.6456068605522642e-09,0.6685638050003035,,,,,,
development__wave__coefficient,development,wave,coefficient,32,ood,64,64,True,uncalibrated,0.7427219562042069,0.7008946204131803,0.7857190390153548,0.8618131794096716,0,physics_uncalibrated,,new_frozen_physics_evaluation,0,0,0,0.7427219562042069,0.0,,,,,,
development__wave__coefficient,development,wave,coefficient,32,ood,64,64,True,persistence,1.9645933140507168,1.8170932724619206,2.114989677959488,1.4016395093071246,0,persistence,,new_frozen_physics_evaluation,0,0,0,1.9645933140507168,0.0,,,,,,
development__wave__coefficient,development,wave,coefficient,32,ood,64,64,True,neural:fno:iid,0.35461393602504315,0.24797620276234744,0.46506820290696965,0.5954946985700571,6,fno,iid,archived_neural_scores,,,,,,41.84471892324897,43.76153073258077,1.3269816641695797,210306,NVIDIA GeForce RTX 3090 Ti,historical execution; no matched-hardware comparison with current calibration times
development__wave__coefficient,development,wave,coefficient,32,ood,64,64,True,neural:fno:none,0.07736978093431557,0.06168886939930898,0.09427556034980218,0.27815423946852863,6,fno,none,archived_neural_scores,,,,,,25.330485401054222,25.36525363405235,1.2562271673232317,210306,NVIDIA GeForce RTX 3090 Ti,historical execution; no matched-hardware comparison with current calibration times
development__wave__coefficient,development,wave,coefficient,32,ood,64,64,True,neural:fno:response_matched,0.1345419308915188,0.08690574901028543,0.18632913391091316,0.36679957864141394,6,fno,response_matched,archived_neural_scores,,,,,,41.85174378302569,43.768411099910736,1.2513533933088183,210306,NVIDIA GeForce RTX 3090 Ti,historical execution; no matched-hardware comparison with current calibration times
development__wave__coefficient,development,wave,coefficient,32,ood,64,64,True,neural:fno:smooth,0.10336093394014045,0.07440374092780282,0.13407451117766708,0.32149795324409214,6,fno,smooth,archived_neural_scores,,,,,,42.409771215481065,44.32650165888481,1.2644559028558433,210306,NVIDIA GeForce RTX 3090 Ti,historical execution; no matched-hardware comparison with current calibration times
development__wave__coefficient,development,wave,coefficient,32,ood,64,64,True,neural:looped:iid,1.4435368664242532,0.9843018421484382,2.1684042654897775,1.2014727905467744,6,looped,iid,archived_neural_scores,,,,,,69.25524675791773,71.17576358684649,1.5301469014957547,34178,NVIDIA GeForce RTX 3090 Ti,historical execution; no matched-hardware comparison with current calibration times
development__wave__coefficient,development,wave,coefficient,32,ood,64,64,True,neural:looped:none,1.092795045761747,0.8870439317847463,1.3880127443799466,1.0453683780188432,6,looped,none,archived_neural_scores,,,,,,38.937134669627994,38.97561190960308,1.5349891735240817,34178,NVIDIA GeForce RTX 3090 Ti,historical execution; no matched-hardware comparison with current calibration times
development__wave__coefficient,development,wave,coefficient,32,ood,64,64,True,neural:looped:response_matched,1.2491979432474665,0.9406290740964136,1.6774787337347556,1.1176752405092754,6,looped,response_matched,archived_neural_scores,,,,,,69.45602650692065,71.37637238879688,1.5323356492444873,34178,NVIDIA GeForce RTX 3090 Ti,historical execution; no matched-hardware comparison with current calibration times
development__wave__coefficient,development,wave,coefficient,32,ood,64,64,True,neural:looped:smooth,1.0098892682490046,0.8645113846253707,1.1952376818811712,1.0049324694968338,6,looped,smooth,archived_neural_scores,,,,,,69.55599039754209,71.47627588633138,1.5329668996855617,34178,NVIDIA GeForce RTX 3090 Ti,historical execution; no matched-hardware comparison with current calibration times
development__wave__coefficient,development,wave,coefficient,32,ood,64,64,True,neural:transformer:iid,1.3177692955483025,0.7461852754672195,2.16935773634868,1.1479413293144831,6,transformer,iid,archived_neural_scores,,,,,,72.92843259017293,74.85318378731608,1.5340856509283185,101122,NVIDIA GeForce RTX 3090 Ti,historical execution; no matched-hardware comparison with current calibration times
development__wave__coefficient,development,wave,coefficient,32,ood,64,64,True,neural:transformer:none,1.2979737384062275,0.8168615930179421,2.137591252612963,1.139286504092025,6,transformer,none,archived_neural_scores,,,,,,43.124457186087966,43.16769759038774,1.5355606563389301,101122,NVIDIA GeForce RTX 3090 Ti,historical execution; no matched-hardware comparison with current calibration times
development__wave__coefficient,development,wave,coefficient,32,ood,64,64,True,neural:transformer:response_matched,1.2998336681581435,0.8523017374542935,2.0478006494640155,1.1401024814279388,6,transformer,response_matched,archived_neural_scores,,,,,,72.88589705542351,74.81041382090189,1.532910903915763,101122,NVIDIA GeForce RTX 3090 Ti,historical execution; no matched-hardware comparison with current calibration times
development__wave__coefficient,development,wave,coefficient,32,ood,64,64,True,neural:transformer:smooth,1.2419806614636097,0.8152084188376726,1.9862272815398443,1.114441860961625,6,transformer,smooth,archived_neural_scores,,,,,,73.14945739135146,75.07470117975026,1.5315886470489204,101122,NVIDIA GeForce RTX 3090 Ti,historical execution; no matched-hardware comparison with current calibration times
development__wave__coefficient,development,wave,coefficient,32,ood,64,64,True,validation_best_neural,0.07736978093431557,0.06168886939930898,0.09427556034980218,0.27815423946852863,6,validation_best_neural,,frozen_validation_selection,,,,,,,,,,,
development__wave__coefficient,development,wave,coefficient,32,ood,64,64,True,validation_selected_route,2.6456068605522642e-09,2.201544784225611e-09,3.098198788879409e-09,5.1435463063457145e-05,6,validation_selected_route,,frozen_validation_selection,,,,,,,,,,,
development__wave__coefficient,development,wave,coefficient,32,ood,96,64,False,calibrated,4.825767097103066e-09,4.051697018433587e-09,5.610500498573989e-09,6.946774141357314e-05,0,physics_calibrated,,new_frozen_physics_evaluation,0,0,0,4.825767097103066e-09,0.6685638050003035,,,,,,
development__wave__coefficient,development,wave,coefficient,32,ood,96,64,False,uncalibrated,0.9065306353508049,0.8490197081889258,0.9674469240731752,0.9521190237311745,0,physics_uncalibrated,,new_frozen_physics_evaluation,0,0,0,0.9065306353508049,0.0,,,,,,
development__wave__coefficient,development,wave,coefficient,32,ood,96,64,False,persistence,1.7150026313634044,1.6047645707248344,1.8315441451120136,1.3095810900297105,0,persistence,,new_frozen_physics_evaluation,0,0,0,1.7150026313634044,0.0,,,,,,
development__wave__coefficient,development,wave,coefficient,32,ood,96,64,False,neural:fno:iid,0.6424464776009393,0.419835291798625,0.9177541144596054,0.8015275900434989,6,fno,iid,archived_neural_scores,,,,,,41.84471892324897,43.76153073258077,1.3269816641695797,210306,NVIDIA GeForce RTX 3090 Ti,historical execution; no matched-hardware comparison with current calibration times
development__wave__coefficient,development,wave,coefficient,32,ood,96,64,False,neural:fno:none,0.14507160849603992,0.1159010446113712,0.17719714488855037,0.38088267024904127,6,fno,none,archived_neural_scores,,,,,,25.330485401054222,25.36525363405235,1.2562271673232317,210306,NVIDIA GeForce RTX 3090 Ti,historical execution; no matched-hardware comparison with current calibration times
development__wave__coefficient,development,wave,coefficient,32,ood,96,64,False,neural:fno:response_matched,0.25147553460113564,0.1626880643940746,0.3391074059236476,0.5014733638002478,6,fno,response_matched,archived_neural_scores,,,,,,41.85174378302569,43.768411099910736,1.2513533933088183,210306,NVIDIA GeForce RTX 3090 Ti,historical execution; no matched-hardware comparison with current calibration times
development__wave__coefficient,development,wave,coefficient,32,ood,96,64,False,neural:fno:smooth,0.17937546594385703,0.1307764329261458,0.2285767859411449,0.42352740872800315,6,fno,smooth,archived_neural_scores,,,,,,42.409771215481065,44.32650165888481,1.2644559028558433,210306,NVIDIA GeForce RTX 3090 Ti,historical execution; no matched-hardware comparison with current calibration times
development__wave__coefficient,development,wave,coefficient,32,ood,96,64,False,neural:looped:iid,1.8017416128613837,1.1730117161729692,2.7981651247091275,1.342289690365453,6,looped,iid,archived_neural_scores,,,,,,69.25524675791773,71.17576358684649,1.5301469014957547,34178,NVIDIA GeForce RTX 3090 Ti,historical execution; no matched-hardware comparison with current calibration times
development__wave__coefficient,development,wave,coefficient,32,ood,96,64,False,neural:looped:none,1.4387729137704894,1.128089818355655,1.917913739845739,1.199488605102395,6,looped,none,archived_neural_scores,,,,,,38.937134669627994,38.97561190960308,1.5349891735240817,34178,NVIDIA GeForce RTX 3090 Ti,historical execution; no matched-hardware comparison with current calibration times
development__wave__coefficient,development,wave,coefficient,32,ood,96,64,False,neural:looped:response_matched,1.6304840877636322,1.18870850943808,2.2831786326490646,1.2769041028063275,6,looped,response_matched,archived_neural_scores,,,,,,69.45602650692065,71.37637238879688,1.5323356492444873,34178,NVIDIA GeForce RTX 3090 Ti,historical execution; no matched-hardware comparison with current calibration times
development__wave__coefficient,development,wave,coefficient,32,ood,96,64,False,neural:looped:smooth,1.306331106593346,1.0835540272003676,1.627521663442517,1.1429484269175691,6,looped,smooth,archived_neural_scores,,,,,,69.55599039754209,71.47627588633138,1.5329668996855617,34178,NVIDIA GeForce RTX 3090 Ti,historical execution; no matched-hardware comparison with current calibration times
development__wave__coefficient,development,wave,coefficient,32,ood,96,64,False,neural:transformer:iid,1.4601120326302288,0.8377661055004559,2.3806238526053383,1.2083509559023937,6,transformer,iid,archived_neural_scores,,,,,,72.92843259017293,74.85318378731608,1.5340856509283185,101122,NVIDIA GeForce RTX 3090 Ti,historical execution; no matched-hardware comparison with current calibration times
development__wave__coefficient,development,wave,coefficient,32,ood,96,64,False,neural:transformer:none,1.425995391892804,0.9063843601082789,2.357480730587953,1.1941504896338668,6,transformer,none,archived_neural_scores,,,,,,43.124457186087966,43.16769759038774,1.5355606563389301,101122,NVIDIA GeForce RTX 3090 Ti,historical execution; no matched-hardware comparison with current calibration times
development__wave__coefficient,development,wave,coefficient,32,ood,96,64,False,neural:transformer:response_matched,1.4421990294117835,0.9423360639407452,2.2798690194390936,1.2009159127148676,6,transformer,response_matched,archived_neural_scores,,,,,,72.88589705542351,74.81041382090189,1.532910903915763,101122,NVIDIA GeForce RTX 3090 Ti,historical execution; no matched-hardware comparison with current calibration times
development__wave__coefficient,development,wave,coefficient,32,ood,96,64,False,neural:transformer:smooth,1.3424218219144881,0.8828763957495979,2.169498061137992,1.1586292858004619,6,transformer,smooth,archived_neural_scores,,,,,,73.14945739135146,75.07470117975026,1.5315886470489204,101122,NVIDIA GeForce RTX 3090 Ti,historical execution; no matched-hardware comparison with current calibration times
development__wave__coefficient,development,wave,coefficient,32,ood,96,64,False,validation_best_neural,0.14507160849603992,0.1159010446113712,0.17719714488855037,0.38088267024904127,6,validation_best_neural,,frozen_validation_selection,,,,,,,,,,,
development__wave__coefficient,development,wave,coefficient,32,ood,96,64,False,validation_selected_route,4.825767097103067e-09,4.051697018433586e-09,5.610500498573992e-09,6.946774141357316e-05,6,validation_selected_route,,frozen_validation_selection,,,,,,,,,,,
development__wave__correct,development,wave,correct,32,test,64,64,True,calibrated,4.504966498154004e-11,3.379642099206225e-11,5.754609345537048e-11,6.71190472083298e-06,0,physics_calibrated,,new_frozen_physics_evaluation,0,0,0,4.504966498154004e-11,0.40238676399894757,,,,,,
development__wave__correct,development,wave,correct,32,test,64,64,True,uncalibrated,8.927831367177165e-11,6.984481696634754e-11,1.1044168581206058e-10,9.448720213434814e-06,0,physics_uncalibrated,,new_frozen_physics_evaluation,0,0,0,8.927831367177165e-11,0.0,,,,,,
development__wave__correct,development,wave,correct,32,test,64,64,True,persistence,1.6768549606833858,1.4770734631668958,1.8863809889204928,1.294934346089942,0,persistence,,new_frozen_physics_evaluation,0,0,0,1.6768549606833858,0.0,,,,,,
development__wave__correct,development,wave,correct,32,test,64,64,True,neural:fno:iid,0.006583801053140439,0.0038886563986953314,0.00981695287532639,0.08114062517099828,6,fno,iid,archived_neural_scores,,,,,,42.20088601267586,44.19744271521146,1.3043629238381982,210306,NVIDIA GeForce RTX 3090 Ti,historical execution; no matched-hardware comparison with current calibration times
development__wave__correct,development,wave,correct,32,test,64,64,True,neural:fno:none,0.00043589340111315264,0.0003358349104562939,0.0005511414424143085,0.020878060281385162,6,fno,none,archived_neural_scores,,,,,,24.940786502556875,25.016792079045747,1.2501401477493346,210306,NVIDIA GeForce RTX 3090 Ti,historical execution; no matched-hardware comparison with current calibration times
development__wave__correct,development,wave,correct,32,test,64,64,True,neural:fno:response_matched,0.0009113170266777446,0.0005292809622772058,0.0013404986710483517,0.030188027869964353,6,fno,response_matched,archived_neural_scores,,,,,,42.09377787611447,44.09041965333745,1.3381019234657288,210306,NVIDIA GeForce RTX 3090 Ti,historical execution; no matched-hardware comparison with current calibration times
development__wave__correct,development,wave,correct,32,test,64,64,True,neural:fno:smooth,0.00014207506459798023,0.00011819571601384917,0.00017168818353367323,0.011919524512243776,6,fno,smooth,archived_neural_scores,,,,,,42.27864634788906,44.275120010599494,1.2499119038693607,210306,NVIDIA GeForce RTX 3090 Ti,historical execution; no matched-hardware comparison with current calibration times
development__wave__correct,development,wave,correct,32,test,64,64,True,neural:looped:iid,0.0184618432697737,0.014479458764207361,0.023628611023092414,0.13587436575665662,6,looped,iid,archived_neural_scores,,,,,,69.70503229469371,71.70576036123869,1.5316573902964592,34178,NVIDIA GeForce RTX 3090 Ti,historical execution; no matched-hardware comparison with current calibration times
development__wave__correct,development,wave,correct,32,test,64,64,True,neural:looped:none,0.003574791434776972,0.002496835033601881,0.005095685389689599,0.05978955958005521,6,looped,none,archived_neural_scores,,,,,,39.402164041996,39.44089099632887,1.5334483934566379,34178,NVIDIA GeForce RTX 3090 Ti,historical execution; no matched-hardware comparison with current calibration times
development__wave__correct,development,wave,correct,32,test,64,64,True,neural:looped:response_matched,0.004516049215331071,0.0035803049071001566,0.005478631188165654,0.0672015566436602,6,looped,response_matched,archived_neural_scores,,,,,,69.3710866002366,71.37161751859821,1.5315711381845176,34178,NVIDIA GeForce RTX 3090 Ti,historical execution; no matched-hardware comparison with current calibration times
development__wave__correct,development,wave,correct,32,test,64,64,True,neural:looped:smooth,0.003234618166947622,0.002238445893963209,0.0045857901906068395,0.05687370365069978,6,looped,smooth,archived_neural_scores,,,,,,69.55429707389946,71.55454889421041,1.5354319009929895,34178,NVIDIA GeForce RTX 3090 Ti,historical execution; no matched-hardware comparison with current calibration times
development__wave__correct,development,wave,correct,32,test,64,64,True,neural:transformer:iid,0.022857439324222944,0.013507354226414784,0.03945812861244313,0.1511867696732189,6,transformer,iid,archived_neural_scores,,,,,,72.92859143499906,74.93338177787761,1.5406574122607708,101122,NVIDIA GeForce RTX 3090 Ti,historical execution; no matched-hardware comparison with current calibration times
development__wave__correct,development,wave,correct,32,test,64,64,True,neural:transformer:none,0.003052697390183832,0.002176195880497263,0.004234167621374844,0.055251220712160126,6,transformer,none,archived_neural_scores,,,,,,42.56732114078477,42.798215327008315,1.532055635470897,101122,NVIDIA GeForce RTX 3090 Ti,historical execution; no matched-hardware comparison with current calibration times
development__wave__correct,development,wave,correct,32,test,64,64,True,neural:transformer:response_matched,0.003820377290616193,0.0027317216838790323,0.005491512701755535,0.061809200695496724,6,transformer,response_matched,archived_neural_scores,,,,,,73.09052711174202,75.09569274603079,1.5405138954520226,101122,NVIDIA GeForce RTX 3090 Ti,historical execution; no matched-hardware comparison with current calibration times
development__wave__correct,development,wave,correct,32,test,64,64,True,neural:transformer:smooth,0.002450980560814988,0.0018471441743753239,0.0032111886797595414,0.049507378852197255,6,transformer,smooth,archived_neural_scores,,,,,,73.28799781490427,75.30465591326356,1.534771651495248,101122,NVIDIA GeForce RTX 3090 Ti,historical execution; no matched-hardware comparison with current calibration times
development__wave__correct,development,wave,correct,32,test,64,64,True,validation_best_neural,0.00014207506459798023,0.00011819571601384917,0.00017168818353367323,0.011919524512243776,6,validation_best_neural,,frozen_validation_selection,,,,,,,,,,,
development__wave__correct,development,wave,correct,32,test,64,64,True,validation_selected_route,4.504966498154004e-11,3.379642099206225e-11,5.754609345537047e-11,6.71190472083298e-06,6,validation_selected_route,,frozen_validation_selection,,,,,,,,,,,
development__wave__correct,development,wave,correct,32,test,96,64,False,calibrated,9.108584469457991e-11,6.802305608157833e-11,1.162684245526725e-10,9.54389043810646e-06,0,physics_calibrated,,new_frozen_physics_evaluation,0,0,0,9.108584469457991e-11,0.40238676399894757,,,,,,
development__wave__correct,development,wave,correct,32,test,96,64,False,uncalibrated,1.8235930665800952e-10,1.4272204987170367e-10,2.2574225327778557e-10,1.350404778790454e-05,0,physics_uncalibrated,,new_frozen_physics_evaluation,0,0,0,1.8235930665800952e-10,0.0,,,,,,
development__wave__correct,development,wave,correct,32,test,96,64,False,persistence,1.733563930633712,1.5259629956260539,1.9611614927910717,1.316648749907777,0,persistence,,new_frozen_physics_evaluation,0,0,0,1.733563930633712,0.0,,,,,,
development__wave__correct,development,wave,correct,32,test,96,64,False,neural:fno:iid,0.011717548163699508,0.006760676581180776,0.01749258648164781,0.10824762428663046,6,fno,iid,archived_neural_scores,,,,,,42.20088601267586,44.19744271521146,1.3043629238381982,210306,NVIDIA GeForce RTX 3090 Ti,historical execution; no matched-hardware comparison with current calibration times
development__wave__correct,development,wave,correct,32,test,96,64,False,neural:fno:none,0.0007926253053878596,0.0005665653140759729,0.0010596087073645997,0.028153601996687025,6,fno,none,archived_neural_scores,,,,,,24.940786502556875,25.016792079045747,1.2501401477493346,210306,NVIDIA GeForce RTX 3090 Ti,historical execution; no matched-hardware comparison with current calibration times
development__wave__correct,development,wave,correct,32,test,96,64,False,neural:fno:response_matched,0.0029256355812464323,0.0009631442059749636,0.005994799599242667,0.05408914476349605,6,fno,response_matched,archived_neural_scores,,,,,,42.09377787611447,44.09041965333745,1.3381019234657288,210306,NVIDIA GeForce RTX 3090 Ti,historical execution; no matched-hardware comparison with current calibration times
development__wave__correct,development,wave,correct,32,test,96,64,False,neural:fno:smooth,0.00024087244597621258,0.0002000047874037274,0.00029164171326412217,0.015520065914042137,6,fno,smooth,archived_neural_scores,,,,,,42.27864634788906,44.275120010599494,1.2499119038693607,210306,NVIDIA GeForce RTX 3090 Ti,historical execution; no matched-hardware comparison with current calibration times
development__wave__correct,development,wave,correct,32,test,96,64,False,neural:looped:iid,0.033435318229144355,0.021781533454661665,0.05051995484411413,0.18285326967036808,6,looped,iid,archived_neural_scores,,,,,,69.70503229469371,71.70576036123869,1.5316573902964592,34178,NVIDIA GeForce RTX 3090 Ti,historical execution; no matched-hardware comparison with current calibration times
development__wave__correct,development,wave,correct,32,test,96,64,False,neural:looped:none,0.005532873928204732,0.003804449388085121,0.007991595884419963,0.07438329065189797,6,looped,none,archived_neural_scores,,,,,,39.402164041996,39.44089099632887,1.5334483934566379,34178,NVIDIA GeForce RTX 3090 Ti,historical execution; no matched-hardware comparison with current calibration times
development__wave__correct,development,wave,correct,32,test,96,64,False,neural:looped:response_matched,0.006834650433796434,0.005409482851214545,0.008297836768322018,0.08267194465957864,6,looped,response_matched,archived_neural_scores,,,,,,69.3710866002366,71.37161751859821,1.5315711381845176,34178,NVIDIA GeForce RTX 3090 Ti,historical execution; no matched-hardware comparison with current calibration times
development__wave__correct,development,wave,correct,32,test,96,64,False,neural:looped:smooth,0.004995134137529189,0.003376717679938365,0.0072136185903310165,0.07067626290013634,6,looped,smooth,archived_neural_scores,,,,,,69.55429707389946,71.55454889421041,1.5354319009929895,34178,NVIDIA GeForce RTX 3090 Ti,historical execution; no matched-hardware comparison with current calibration times
development__wave__correct,development,wave,correct,32,test,96,64,False,neural:transformer:iid,0.04244079525805522,0.01940213039040265,0.08670876649624286,0.2060116386470804,6,transformer,iid,archived_neural_scores,,,,,,72.92859143499906,74.93338177787761,1.5406574122607708,101122,NVIDIA GeForce RTX 3090 Ti,historical execution; no matched-hardware comparison with current calibration times
development__wave__correct,development,wave,correct,32,test,96,64,False,neural:transformer:none,0.00485685164067227,0.003212107884757401,0.007196171911510098,0.06969111593791759,6,transformer,none,archived_neural_scores,,,,,,42.56732114078477,42.798215327008315,1.532055635470897,101122,NVIDIA GeForce RTX 3090 Ti,historical execution; no matched-hardware comparison with current calibration times
development__wave__correct,development,wave,correct,32,test,96,64,False,neural:transformer:response_matched,0.006310265965344571,0.003982509961533542,0.010255501400066811,0.07943718251136914,6,transformer,response_matched,archived_neural_scores,,,,,,73.09052711174202,75.09569274603079,1.5405138954520226,101122,NVIDIA GeForce RTX 3090 Ti,historical execution; no matched-hardware comparison with current calibration times
development__wave__correct,development,wave,correct,32,test,96,64,False,neural:transformer:smooth,0.004065346097712728,0.0028052333047702965,0.005890968379632882,0.0637600666382394,6,transformer,smooth,archived_neural_scores,,,,,,73.28799781490427,75.30465591326356,1.534771651495248,101122,NVIDIA GeForce RTX 3090 Ti,historical execution; no matched-hardware comparison with current calibration times
development__wave__correct,development,wave,correct,32,test,96,64,False,validation_best_neural,0.00024087244597621258,0.0002000047874037274,0.00029164171326412217,0.015520065914042137,6,validation_best_neural,,frozen_validation_selection,,,,,,,,,,,
development__wave__correct,development,wave,correct,32,test,96,64,False,validation_selected_route,9.10858446945799e-11,6.802305608157833e-11,1.1626842455267248e-10,9.54389043810646e-06,6,validation_selected_route,,frozen_validation_selection,,,,,,,,,,,
development__wave__correct,development,wave,correct,32,ood,64,64,True,calibrated,2.6514557962517714e-09,2.201536676257377e-09,3.1175753613687547e-09,5.149228870667696e-05,0,physics_calibrated,,new_frozen_physics_evaluation,0,0,0,2.6514557962517714e-09,0.40238676399894757,,,,,,
development__wave__correct,development,wave,correct,32,ood,64,64,True,uncalibrated,3.3018618827145914e-09,2.775383763939726e-09,3.8566189544390105e-09,5.74618297891269e-05,0,physics_uncalibrated,,new_frozen_physics_evaluation,0,0,0,3.3018618827145914e-09,0.0,,,,,,
development__wave__correct,development,wave,correct,32,ood,64,64,True,persistence,1.9645933140507168,1.821922108294143,2.1191463026558837,1.4016395093071246,0,persistence,,new_frozen_physics_evaluation,0,0,0,1.9645933140507168,0.0,,,,,,
development__wave__correct,development,wave,correct,32,ood,64,64,True,neural:fno:iid,0.45466942761770834,0.27146316159548955,0.6575813760867278,0.6742917970861787,6,fno,iid,archived_neural_scores,,,,,,42.20088601267586,44.19744271521146,1.3043629238381982,210306,NVIDIA GeForce RTX 3090 Ti,historical execution; no matched-hardware comparison with current calibration times
development__wave__correct,development,wave,correct,32,ood,64,64,True,neural:fno:none,0.07804421111638275,0.05962736552063392,0.0982273765505721,0.2793639402578342,6,fno,none,archived_neural_scores,,,,,,24.940786502556875,25.016792079045747,1.2501401477493346,210306,NVIDIA GeForce RTX 3090 Ti,historical execution; no matched-hardware comparison with current calibration times
development__wave__correct,development,wave,correct,32,ood,64,64,True,neural:fno:response_matched,0.09931365020323817,0.07363608008032485,0.13098516471378654,0.3151406831928213,6,fno,response_matched,archived_neural_scores,,,,,,42.09377787611447,44.09041965333745,1.3381019234657288,210306,NVIDIA GeForce RTX 3090 Ti,historical execution; no matched-hardware comparison with current calibration times
development__wave__correct,development,wave,correct,32,ood,64,64,True,neural:fno:smooth,0.048061179201571824,0.036090852105047776,0.061012210865609616,0.219228600327539,6,fno,smooth,archived_neural_scores,,,,,,42.27864634788906,44.275120010599494,1.2499119038693607,210306,NVIDIA GeForce RTX 3090 Ti,historical execution; no matched-hardware comparison with current calibration times
development__wave__correct,development,wave,correct,32,ood,64,64,True,neural:looped:iid,2.2006492805037303,1.51820037446839,2.9555986970834085,1.4834585536858556,6,looped,iid,archived_neural_scores,,,,,,69.70503229469371,71.70576036123869,1.5316573902964592,34178,NVIDIA GeForce RTX 3090 Ti,historical execution; no matched-hardware comparison with current calibration times
development__wave__correct,development,wave,correct,32,ood,64,64,True,neural:looped:none,1.0927935179993777,0.8860053216892033,1.3822565865740777,1.0453676472894011,6,looped,none,archived_neural_scores,,,,,,39.402164041996,39.44089099632887,1.5334483934566379,34178,NVIDIA GeForce RTX 3090 Ti,historical execution; no matched-hardware comparison with current calibration times
development__wave__correct,development,wave,correct,32,ood,64,64,True,neural:looped:response_matched,1.3731184644336973,0.9731587389615873,2.007107547333838,1.171801375845624,6,looped,response_matched,archived_neural_scores,,,,,,69.3710866002366,71.37161751859821,1.5315711381845176,34178,NVIDIA GeForce RTX 3090 Ti,historical execution; no matched-hardware comparison with current calibration times
development__wave__correct,development,wave,correct,32,ood,64,64,True,neural:looped:smooth,1.0454929379192468,0.8653302896926764,1.2971944824894361,1.0224934904043383,6,looped,smooth,archived_neural_scores,,,,,,69.55429707389946,71.55454889421041,1.5354319009929895,34178,NVIDIA GeForce RTX 3090 Ti,historical execution; no matched-hardware comparison with current calibration times
development__wave__correct,development,wave,correct,32,ood,64,64,True,neural:transformer:iid,1.4891439262983586,0.8385698745345519,2.381929353114175,1.220304849739752,6,transformer,iid,archived_neural_scores,,,,,,72.92859143499906,74.93338177787761,1.5406574122607708,101122,NVIDIA GeForce RTX 3090 Ti,historical execution; no matched-hardware comparison with current calibration times
development__wave__correct,development,wave,correct,32,ood,64,64,True,neural:transformer:none,1.2979885718515665,0.8115673134925201,2.1290536208482638,1.1392930140449236,6,transformer,none,archived_neural_scores,,,,,,42.56732114078477,42.798215327008315,1.532055635470897,101122,NVIDIA GeForce RTX 3090 Ti,historical execution; no matched-hardware comparison with current calibration times
development__wave__correct,development,wave,correct,32,ood,64,64,True,neural:transformer:response_matched,1.304182267472342,0.8382111056333106,2.06624805114877,1.142007997989656,6,transformer,response_matched,archived_neural_scores,,,,,,73.09052711174202,75.09569274603079,1.5405138954520226,101122,NVIDIA GeForce RTX 3090 Ti,historical execution; no matched-hardware comparison with current calibration times
development__wave__correct,development,wave,correct,32,ood,64,64,True,neural:transformer:smooth,1.279353252325393,0.8093325290345854,2.0905166009844147,1.1310849889930434,6,transformer,smooth,archived_neural_scores,,,,,,73.28799781490427,75.30465591326356,1.534771651495248,101122,NVIDIA GeForce RTX 3090 Ti,historical execution; no matched-hardware comparison with current calibration times
development__wave__correct,development,wave,correct,32,ood,64,64,True,validation_best_neural,0.048061179201571824,0.036090852105047776,0.061012210865609616,0.219228600327539,6,validation_best_neural,,frozen_validation_selection,,,,,,,,,,,
development__wave__correct,development,wave,correct,32,ood,64,64,True,validation_selected_route,2.6514557962517714e-09,2.2015366762573766e-09,3.1175753613687543e-09,5.149228870667696e-05,6,validation_selected_route,,frozen_validation_selection,,,,,,,,,,,
development__wave__correct,development,wave,correct,32,ood,96,64,False,calibrated,4.835600039314629e-09,4.067040750734754e-09,5.642995602932723e-09,6.953847883952185e-05,0,physics_calibrated,,new_frozen_physics_evaluation,0,0,0,4.835600039314629e-09,0.40238676399894757,,,,,,
development__wave__correct,development,wave,correct,32,ood,96,64,False,uncalibrated,6.0123727130081025e-09,5.100572894259541e-09,6.972442208293341e-09,7.75394913125441e-05,0,physics_uncalibrated,,new_frozen_physics_evaluation,0,0,0,6.0123727130081025e-09,0.0,,,,,,
development__wave__correct,development,wave,correct,32,ood,96,64,False,persistence,1.7150026313634044,1.6051041567981466,1.8327922252274031,1.3095810900297105,0,persistence,,new_frozen_physics_evaluation,0,0,0,1.7150026313634044,0.0,,,,,,
development__wave__correct,development,wave,correct,32,ood,96,64,False,neural:fno:iid,0.893198268290747,0.5207137067088933,1.3295876632604087,0.945091671897889,6,fno,iid,archived_neural_scores,,,,,,42.20088601267586,44.19744271521146,1.3043629238381982,210306,NVIDIA GeForce RTX 3090 Ti,historical execution; no matched-hardware comparison with current calibration times
development__wave__correct,development,wave,correct,32,ood,96,64,False,neural:fno:none,0.14453253786803408,0.1101970513428153,0.18264230894975847,0.3801743519334702,6,fno,none,archived_neural_scores,,,,,,24.940786502556875,25.016792079045747,1.2501401477493346,210306,NVIDIA GeForce RTX 3090 Ti,historical execution; no matched-hardware comparison with current calibration times
development__wave__correct,development,wave,correct,32,ood,96,64,False,neural:fno:response_matched,0.2674285169403782,0.1497818212753914,0.4406695964244576,0.5171349117400393,6,fno,response_matched,archived_neural_scores,,,,,,42.09377787611447,44.09041965333745,1.3381019234657288,210306,NVIDIA GeForce RTX 3090 Ti,historical execution; no matched-hardware comparison with current calibration times
development__wave__correct,development,wave,correct,32,ood,96,64,False,neural:fno:smooth,0.08075604565085294,0.06067264619400314,0.10222187055473135,0.2841760821231318,6,fno,smooth,archived_neural_scores,,,,,,42.27864634788906,44.275120010599494,1.2499119038693607,210306,NVIDIA GeForce RTX 3090 Ti,historical execution; no matched-hardware comparison with current calibration times
development__wave__correct,development,wave,correct,32,ood,96,64,False,neural:looped:iid,2.4131068503476487,1.5913734957895282,3.4123267780803896,1.5534177964564615,6,looped,iid,archived_neural_scores,,,,,,69.70503229469371,71.70576036123869,1.5316573902964592,34178,NVIDIA GeForce RTX 3090 Ti,historical execution; no matched-hardware comparison with current calibration times
development__wave__correct,development,wave,correct,32,ood,96,64,False,neural:looped:none,1.4387708726656097,1.1292050587512865,1.9088940766159084,1.199487754279138,6,looped,none,archived_neural_scores,,,,,,39.402164041996,39.44089099632887,1.5334483934566379,34178,NVIDIA GeForce RTX 3090 Ti,historical execution; no matched-hardware comparison with current calibration times
development__wave__correct,development,wave,correct,32,ood,96,64,False,neural:looped:response_matched,1.8229935842921758,1.2347256093343746,2.808939347545531,1.3501827966213227,6,looped,response_matched,archived_neural_scores,,,,,,69.3710866002366,71.37161751859821,1.5315711381845176,34178,NVIDIA GeForce RTX 3090 Ti,historical execution; no matched-hardware comparison with current calibration times
development__wave__correct,development,wave,correct,32,ood,96,64,False,neural:looped:smooth,1.3877106000540982,1.0965390336315934,1.8399908593429317,1.178011290291438,6,looped,smooth,archived_neural_scores,,,,,,69.55429707389946,71.55454889421041,1.5354319009929895,34178,NVIDIA GeForce RTX 3090 Ti,historical execution; no matched-hardware comparison with current calibration times
development__wave__correct,development,wave,correct,32,ood,96,64,False,neural:transformer:iid,1.594189489883048,0.9214866405012815,2.585141127085963,1.2626121692281633,6,transformer,iid,archived_neural_scores,,,,,,72.92859143499906,74.93338177787761,1.5406574122607708,101122,NVIDIA GeForce RTX 3090 Ti,historical execution; no matched-hardware comparison with current calibration times
development__wave__correct,development,wave,correct,32,ood,96,64,False,neural:transformer:none,1.4260104577767043,0.9024463195415953,2.350013859672587,1.1941567978187388,6,transformer,none,archived_neural_scores,,,,,,42.56732114078477,42.798215327008315,1.532055635470897,101122,NVIDIA GeForce RTX 3090 Ti,historical execution; no matched-hardware comparison with current calibration times
development__wave__correct,development,wave,correct,32,ood,96,64,False,neural:transformer:response_matched,1.4445068929652287,0.9352295312412614,2.2770320856981154,1.201876405028915,6,transformer,response_matched,archived_neural_scores,,,,,,73.09052711174202,75.09569274603079,1.5405138954520226,101122,NVIDIA GeForce RTX 3090 Ti,historical execution; no matched-hardware comparison with current calibration times
development__wave__correct,development,wave,correct,32,ood,96,64,False,neural:transformer:smooth,1.3965819700932798,0.8919523852842365,2.290707771167338,1.1817706926867326,6,transformer,smooth,archived_neural_scores,,,,,,73.28799781490427,75.30465591326356,1.534771651495248,101122,NVIDIA GeForce RTX 3090 Ti,historical execution; no matched-hardware comparison with current calibration times
development__wave__correct,development,wave,correct,32,ood,96,64,False,validation_best_neural,0.08075604565085294,0.06067264619400314,0.10222187055473135,0.2841760821231318,6,validation_best_neural,,frozen_validation_selection,,,,,,,,,,,
development__wave__correct,development,wave,correct,32,ood,96,64,False,validation_selected_route,4.835600039314629e-09,4.067040750734753e-09,5.642995602932723e-09,6.953847883952185e-05,6,validation_selected_route,,frozen_validation_selection,,,,,,,,,,,
resolution_g32__advection_diffusion__coefficient,resolution_g32,advection_diffusion,coefficient,32,test,64,64,True,calibrated,4.359743724663607e-12,3.141684650826981e-12,5.7403311095134905e-12,2.0879999340669547e-06,0,physics_calibrated,,new_frozen_physics_evaluation,0,0,0,4.359743724663607e-12,0.5163580709995585,,,,,,
resolution_g32__advection_diffusion__coefficient,resolution_g32,advection_diffusion,coefficient,32,test,64,64,True,uncalibrated,0.6843441686841452,0.548217118232172,0.8268253533012817,0.8272509707967378,0,physics_uncalibrated,,new_frozen_physics_evaluation,0,0,0,0.6843441686841452,0.0,,,,,,
resolution_g32__advection_diffusion__coefficient,resolution_g32,advection_diffusion,coefficient,32,test,64,64,True,persistence,2.2844336556730696,1.8418594879529848,2.756319520508565,1.511434304120781,0,persistence,,new_frozen_physics_evaluation,0,0,0,2.2844336556730696,0.0,,,,,,
resolution_g32__advection_diffusion__coefficient,resolution_g32,advection_diffusion,coefficient,32,test,64,64,True,neural:fno:none,0.00037867448995821404,0.00025658778794029826,0.0005258619069761315,0.01945956037422773,4,fno,none,archived_neural_scores,,,,,,25.07520374143496,25.110681791091338,1.261765300296247,209985,NVIDIA GeForce RTX 3090 Ti,historical execution; no matched-hardware comparison with current calibration times
resolution_g32__advection_diffusion__coefficient,resolution_g32,advection_diffusion,coefficient,32,test,64,64,True,neural:fno:smooth,0.002153847829671679,0.0013845052347872548,0.0030746484472682738,0.046409566143971646,4,fno,smooth,archived_neural_scores,,,,,,42.82822107488755,44.193102890392765,1.253364107105881,209985,NVIDIA GeForce RTX 3090 Ti,historical execution; no matched-hardware comparison with current calibration times
resolution_g32__advection_diffusion__coefficient,resolution_g32,advection_diffusion,coefficient,32,test,64,64,True,neural:looped:none,0.0032494113731092455,0.002428777395575993,0.004226787559396261,0.05700360842182928,4,looped,none,archived_neural_scores,,,,,,39.880233572097495,39.921678179176524,1.5900293015874922,34049,NVIDIA GeForce RTX 3090 Ti,historical execution; no matched-hardware comparison with current calibration times
resolution_g32__advection_diffusion__coefficient,resolution_g32,advection_diffusion,coefficient,32,test,64,64,True,neural:looped:smooth,0.008122587822900151,0.005720630808117978,0.0106900157605814,0.09012540054224531,4,looped,smooth,archived_neural_scores,,,,,,70.91047068021726,72.28033831948414,1.5937175485305488,34049,NVIDIA GeForce RTX 3090 Ti,historical execution; no matched-hardware comparison with current calibration times
resolution_g32__advection_diffusion__coefficient,resolution_g32,advection_diffusion,coefficient,32,test,64,64,True,neural:transformer:none,0.002605952517162252,0.0018220149633170965,0.0038085752281455465,0.05104853099906257,4,transformer,none,archived_neural_scores,,,,,,43.86017973348498,43.90452429745346,1.6343238414265215,100993,NVIDIA GeForce RTX 3090 Ti,historical execution; no matched-hardware comparison with current calibration times
resolution_g32__advection_diffusion__coefficient,resolution_g32,advection_diffusion,coefficient,32,test,64,64,True,neural:transformer:smooth,0.006143301842324478,0.004367492110161938,0.007769627638548843,0.078379218178829,4,transformer,smooth,archived_neural_scores,,,,,,74.58139765181113,75.95718731952365,1.6712805954739451,100993,NVIDIA GeForce RTX 3090 Ti,historical execution; no matched-hardware comparison with current calibration times
resolution_g32__advection_diffusion__coefficient,resolution_g32,advection_diffusion,coefficient,32,test,64,64,True,validation_best_neural,0.00037867448995821404,0.00025658778794029826,0.0005258619069761315,0.01945956037422773,4,validation_best_neural,,frozen_validation_selection,,,,,,,,,,,
resolution_g32__advection_diffusion__coefficient,resolution_g32,advection_diffusion,coefficient,32,test,64,64,True,validation_selected_route,4.359743724663607e-12,3.141684650826981e-12,5.7403311095134905e-12,2.0879999340669547e-06,4,validation_selected_route,,frozen_validation_selection,,,,,,,,,,,
resolution_g32__advection_diffusion__coefficient,resolution_g32,advection_diffusion,coefficient,32,test,96,64,False,calibrated,7.379765517526188e-12,5.218577978989312e-12,9.849941352063882e-12,2.7165723840027136e-06,0,physics_calibrated,,new_frozen_physics_evaluation,0,0,0,7.379765517526188e-12,0.5163580709995585,,,,,,
resolution_g32__advection_diffusion__coefficient,resolution_g32,advection_diffusion,coefficient,32,test,96,64,False,uncalibrated,0.9744055309789581,0.7791687729334977,1.18749638846374,0.9871198159184923,0,physics_uncalibrated,,new_frozen_physics_evaluation,0,0,0,0.9744055309789581,0.0,,,,,,
resolution_g32__advection_diffusion__coefficient,resolution_g32,advection_diffusion,coefficient,32,test,96,64,False,persistence,2.283803766808812,1.8898279388363848,2.7142848764078447,1.5112259152121539,0,persistence,,new_frozen_physics_evaluation,0,0,0,2.283803766808812,0.0,,,,,,
resolution_g32__advection_diffusion__coefficient,resolution_g32,advection_diffusion,coefficient,32,test,96,64,False,neural:fno:none,0.000584816852401715,0.0003943143713953856,0.0008123261355924174,0.024182986837893185,4,fno,none,archived_neural_scores,,,,,,25.07520374143496,25.110681791091338,1.261765300296247,209985,NVIDIA GeForce RTX 3090 Ti,historical execution; no matched-hardware comparison with current calibration times
resolution_g32__advection_diffusion__coefficient,resolution_g32,advection_diffusion,coefficient,32,test,96,64,False,neural:fno:smooth,0.0032801367826448087,0.0018907569796439271,0.004905404760536855,0.05727247840494428,4,fno,smooth,archived_neural_scores,,,,,,42.82822107488755,44.193102890392765,1.253364107105881,209985,NVIDIA GeForce RTX 3090 Ti,historical execution; no matched-hardware comparison with current calibration times
resolution_g32__advection_diffusion__coefficient,resolution_g32,advection_diffusion,coefficient,32,test,96,64,False,neural:looped:none,0.0049833269325556175,0.003060943358552145,0.008050102841376451,0.07059268327918707,4,looped,none,archived_neural_scores,,,,,,39.880233572097495,39.921678179176524,1.5900293015874922,34049,NVIDIA GeForce RTX 3090 Ti,historical execution; no matched-hardware comparison with current calibration times
resolution_g32__advection_diffusion__coefficient,resolution_g32,advection_diffusion,coefficient,32,test,96,64,False,neural:looped:smooth,0.013126383544381967,0.008357356442246099,0.01961793162695197,0.11457043049749777,4,looped,smooth,archived_neural_scores,,,,,,70.91047068021726,72.28033831948414,1.5937175485305488,34049,NVIDIA GeForce RTX 3090 Ti,historical execution; no matched-hardware comparison with current calibration times
resolution_g32__advection_diffusion__coefficient,resolution_g32,advection_diffusion,coefficient,32,test,96,64,False,neural:transformer:none,0.0037501829016301507,0.0022404600646931208,0.006096212475666527,0.06123873693692703,4,transformer,none,archived_neural_scores,,,,,,43.86017973348498,43.90452429745346,1.6343238414265215,100993,NVIDIA GeForce RTX 3090 Ti,historical execution; no matched-hardware comparison with current calibration times
resolution_g32__advection_diffusion__coefficient,resolution_g32,advection_diffusion,coefficient,32,test,96,64,False,neural:transformer:smooth,0.009145597414725426,0.006384684622710152,0.011826057779177364,0.09563261689782114,4,transformer,smooth,archived_neural_scores,,,,,,74.58139765181113,75.95718731952365,1.6712805954739451,100993,NVIDIA GeForce RTX 3090 Ti,historical execution; no matched-hardware comparison with current calibration times
resolution_g32__advection_diffusion__coefficient,resolution_g32,advection_diffusion,coefficient,32,test,96,64,False,validation_best_neural,0.000584816852401715,0.0003943143713953856,0.0008123261355924174,0.024182986837893185,4,validation_best_neural,,frozen_validation_selection,,,,,,,,,,,
resolution_g32__advection_diffusion__coefficient,resolution_g32,advection_diffusion,coefficient,32,test,96,64,False,validation_selected_route,7.379765517526188e-12,5.218577978989312e-12,9.84994135206388e-12,2.7165723840027136e-06,4,validation_selected_route,,frozen_validation_selection,,,,,,,,,,,
resolution_g32__advection_diffusion__coefficient,resolution_g32,advection_diffusion,coefficient,32,ood,64,64,True,calibrated,2.2705780308658373e-12,1.7710621918091267e-12,2.7768753406817413e-12,1.506843731402111e-06,0,physics_calibrated,,new_frozen_physics_evaluation,0,0,0,2.2705780308658373e-12,0.5163580709995585,,,,,,
resolution_g32__advection_diffusion__coefficient,resolution_g32,advection_diffusion,coefficient,32,ood,64,64,True,uncalibrated,0.586600614113074,0.4798754388002047,0.6974581722710927,0.7658985664649556,0,physics_uncalibrated,,new_frozen_physics_evaluation,0,0,0,0.586600614113074,0.0,,,,,,
resolution_g32__advection_diffusion__coefficient,resolution_g32,advection_diffusion,coefficient,32,ood,64,64,True,persistence,1.3504375143737093,1.1687527219843958,1.5371872882572688,1.1620832648195694,0,persistence,,new_frozen_physics_evaluation,0,0,0,1.3504375143737093,0.0,,,,,,
resolution_g32__advection_diffusion__coefficient,resolution_g32,advection_diffusion,coefficient,32,ood,64,64,True,neural:fno:none,0.0472097204157485,0.023250258714567554,0.07108645661644729,0.21727797959238415,4,fno,none,archived_neural_scores,,,,,,25.07520374143496,25.110681791091338,1.261765300296247,209985,NVIDIA GeForce RTX 3090 Ti,historical execution; no matched-hardware comparison with current calibration times
resolution_g32__advection_diffusion__coefficient,resolution_g32,advection_diffusion,coefficient,32,ood,64,64,True,neural:fno:smooth,0.022384278611332534,0.016576204468592644,0.02933708539574394,0.1496137647789552,4,fno,smooth,archived_neural_scores,,,,,,42.82822107488755,44.193102890392765,1.253364107105881,209985,NVIDIA GeForce RTX 3090 Ti,historical execution; no matched-hardware comparison with current calibration times
resolution_g32__advection_diffusion__coefficient,resolution_g32,advection_diffusion,coefficient,32,ood,64,64,True,neural:looped:none,1.4555550249024876,1.0869568494346638,1.8197405937776954,1.2064638514694452,4,looped,none,archived_neural_scores,,,,,,39.880233572097495,39.921678179176524,1.5900293015874922,34049,NVIDIA GeForce RTX 3090 Ti,historical execution; no matched-hardware comparison with current calibration times
resolution_g32__advection_diffusion__coefficient,resolution_g32,advection_diffusion,coefficient,32,ood,64,64,True,neural:looped:smooth,1.5289560204555102,0.9786806429208674,2.195238863957754,1.2365096119543553,4,looped,smooth,archived_neural_scores,,,,,,70.91047068021726,72.28033831948414,1.5937175485305488,34049,NVIDIA GeForce RTX 3090 Ti,historical execution; no matched-hardware comparison with current calibration times
resolution_g32__advection_diffusion__coefficient,resolution_g32,advection_diffusion,coefficient,32,ood,64,64,True,neural:transformer:none,0.9685136822522722,0.6914368730705303,1.2824964479537166,0.98413092739344,4,transformer,none,archived_neural_scores,,,,,,43.86017973348498,43.90452429745346,1.6343238414265215,100993,NVIDIA GeForce RTX 3090 Ti,historical execution; no matched-hardware comparison with current calibration times
resolution_g32__advection_diffusion__coefficient,resolution_g32,advection_diffusion,coefficient,32,ood,64,64,True,neural:transformer:smooth,1.2629040138514966,0.7472393485665979,1.7974019729671231,1.123790022135584,4,transformer,smooth,archived_neural_scores,,,,,,74.58139765181113,75.95718731952365,1.6712805954739451,100993,NVIDIA GeForce RTX 3090 Ti,historical execution; no matched-hardware comparison with current calibration times
resolution_g32__advection_diffusion__coefficient,resolution_g32,advection_diffusion,coefficient,32,ood,64,64,True,validation_best_neural,0.0472097204157485,0.023250258714567554,0.07108645661644729,0.21727797959238415,4,validation_best_neural,,frozen_validation_selection,,,,,,,,,,,
resolution_g32__advection_diffusion__coefficient,resolution_g32,advection_diffusion,coefficient,32,ood,64,64,True,validation_selected_route,2.2705780308658373e-12,1.7710621918091267e-12,2.7768753406817413e-12,1.506843731402111e-06,4,validation_selected_route,,frozen_validation_selection,,,,,,,,,,,
resolution_g32__advection_diffusion__coefficient,resolution_g32,advection_diffusion,coefficient,32,ood,96,64,False,calibrated,3.430622597872352e-12,2.609497799108017e-12,4.294391024332712e-12,1.8521939957446014e-06,0,physics_calibrated,,new_frozen_physics_evaluation,0,0,0,3.430622597872352e-12,0.5163580709995585,,,,,,
resolution_g32__advection_diffusion__coefficient,resolution_g32,advection_diffusion,coefficient,32,ood,96,64,False,uncalibrated,0.6803631054513772,0.5545532091985834,0.8116626153192917,0.8248412607595338,0,physics_uncalibrated,,new_frozen_physics_evaluation,0,0,0,0.6803631054513772,0.0,,,,,,
resolution_g32__advection_diffusion__coefficient,resolution_g32,advection_diffusion,coefficient,32,ood,96,64,False,persistence,1.3387318525388234,1.1691060477522646,1.5119144133512927,1.1570358043460987,0,persistence,,new_frozen_physics_evaluation,0,0,0,1.3387318525388234,0.0,,,,,,
resolution_g32__advection_diffusion__coefficient,resolution_g32,advection_diffusion,coefficient,32,ood,96,64,False,neural:fno:none,0.0688325252468388,0.03260798358324917,0.10556914701810138,0.26235953431662973,4,fno,none,archived_neural_scores,,,,,,25.07520374143496,25.110681791091338,1.261765300296247,209985,NVIDIA GeForce RTX 3090 Ti,historical execution; no matched-hardware comparison with current calibration times
resolution_g32__advection_diffusion__coefficient,resolution_g32,advection_diffusion,coefficient,32,ood,96,64,False,neural:fno:smooth,0.032917145918670725,0.024366123934666747,0.042897505973182835,0.18143082957058518,4,fno,smooth,archived_neural_scores,,,,,,42.82822107488755,44.193102890392765,1.253364107105881,209985,NVIDIA GeForce RTX 3090 Ti,historical execution; no matched-hardware comparison with current calibration times
resolution_g32__advection_diffusion__coefficient,resolution_g32,advection_diffusion,coefficient,32,ood,96,64,False,neural:looped:none,3.0889924844502397,1.561379759790052,4.859129980437482,1.7575529819752915,4,looped,none,archived_neural_scores,,,,,,39.880233572097495,39.921678179176524,1.5900293015874922,34049,NVIDIA GeForce RTX 3090 Ti,historical execution; no matched-hardware comparison with current calibration times
resolution_g32__advection_diffusion__coefficient,resolution_g32,advection_diffusion,coefficient,32,ood,96,64,False,neural:looped:smooth,2.9280588044520166,1.3374419105569213,5.081245407200818,1.7111571536396113,4,looped,smooth,archived_neural_scores,,,,,,70.91047068021726,72.28033831948414,1.5937175485305488,34049,NVIDIA GeForce RTX 3090 Ti,historical execution; no matched-hardware comparison with current calibration times
resolution_g32__advection_diffusion__coefficient,resolution_g32,advection_diffusion,coefficient,32,ood,96,64,False,neural:transformer:none,1.082674230207748,0.723940826484899,1.473241108993144,1.040516328659838,4,transformer,none,archived_neural_scores,,,,,,43.86017973348498,43.90452429745346,1.6343238414265215,100993,NVIDIA GeForce RTX 3090 Ti,historical execution; no matched-hardware comparison with current calibration times
resolution_g32__advection_diffusion__coefficient,resolution_g32,advection_diffusion,coefficient,32,ood,96,64,False,neural:transformer:smooth,1.5501382932240042,0.7603155936718194,2.347877244180453,1.2450454984553794,4,transformer,smooth,archived_neural_scores,,,,,,74.58139765181113,75.95718731952365,1.6712805954739451,100993,NVIDIA GeForce RTX 3090 Ti,historical execution; no matched-hardware comparison with current calibration times
resolution_g32__advection_diffusion__coefficient,resolution_g32,advection_diffusion,coefficient,32,ood,96,64,False,validation_best_neural,0.0688325252468388,0.03260798358324917,0.10556914701810138,0.26235953431662973,4,validation_best_neural,,frozen_validation_selection,,,,,,,,,,,
resolution_g32__advection_diffusion__coefficient,resolution_g32,advection_diffusion,coefficient,32,ood,96,64,False,validation_selected_route,3.430622597872352e-12,2.6094977991080162e-12,4.294391024332713e-12,1.8521939957446014e-06,4,validation_selected_route,,frozen_validation_selection,,,,,,,,,,,
resolution_g32__advection_diffusion__correct,resolution_g32,advection_diffusion,correct,32,test,64,64,True,calibrated,4.236112706896565e-12,3.087618865392511e-12,5.564406459261186e-12,2.0581818935401617e-06,0,physics_calibrated,,new_frozen_physics_evaluation,0,0,0,4.236112706896565e-12,0.3525699050005642,,,,,,
resolution_g32__advection_diffusion__correct,resolution_g32,advection_diffusion,correct,32,test,64,64,True,uncalibrated,4.236112706896565e-12,3.087618865392511e-12,5.564406459261186e-12,2.0581818935401617e-06,0,physics_uncalibrated,,new_frozen_physics_evaluation,0,0,0,4.236112706896565e-12,0.0,,,,,,
resolution_g32__advection_diffusion__correct,resolution_g32,advection_diffusion,correct,32,test,64,64,True,persistence,2.2844336556730696,1.8480472855773258,2.7448766841388674,1.511434304120781,0,persistence,,new_frozen_physics_evaluation,0,0,0,2.2844336556730696,0.0,,,,,,
resolution_g32__advection_diffusion__correct,resolution_g32,advection_diffusion,correct,32,test,64,64,True,neural:fno:none,0.00036281444604947225,0.0002559924400525811,0.0005171865308775669,0.0190476887324807,4,fno,none,archived_neural_scores,,,,,,25.133773137116805,25.169273326639086,1.2544245459139347,209985,NVIDIA GeForce RTX 3090 Ti,historical execution; no matched-hardware comparison with current calibration times
resolution_g32__advection_diffusion__correct,resolution_g32,advection_diffusion,correct,32,test,64,64,True,neural:fno:smooth,0.00012568020643222155,9.597315504158428e-05,0.00016128417451035304,0.011210718372710178,4,fno,smooth,archived_neural_scores,,,,,,42.67841582163237,44.057360567501746,1.2429955531843007,209985,NVIDIA GeForce RTX 3090 Ti,historical execution; no matched-hardware comparison with current calibration times
resolution_g32__advection_diffusion__correct,resolution_g32,advection_diffusion,correct,32,test,64,64,True,neural:looped:none,0.0032494224834761776,0.002412686755500369,0.004241496853401276,0.05700370587493569,4,looped,none,archived_neural_scores,,,,,,39.62537132855505,39.66576843522489,1.6226483159698546,34049,NVIDIA GeForce RTX 3090 Ti,historical execution; no matched-hardware comparison with current calibration times
resolution_g32__advection_diffusion__correct,resolution_g32,advection_diffusion,correct,32,test,64,64,True,neural:looped:smooth,0.0039017446703237257,0.0030733543667843663,0.0047893820870457985,0.06246394696401858,4,looped,smooth,archived_neural_scores,,,,,,70.86711668292992,72.25035568070598,1.607888040598482,34049,NVIDIA GeForce RTX 3090 Ti,historical execution; no matched-hardware comparison with current calibration times
resolution_g32__advection_diffusion__correct,resolution_g32,advection_diffusion,correct,32,test,64,64,True,neural:transformer:none,0.0026059228300537862,0.0018064227279053964,0.003817448732705218,0.05104824022484797,4,transformer,none,archived_neural_scores,,,,,,43.74982558807824,43.7934661610052,1.5935263014398515,100993,NVIDIA GeForce RTX 3090 Ti,historical execution; no matched-hardware comparison with current calibration times
resolution_g32__advection_diffusion__correct,resolution_g32,advection_diffusion,correct,32,test,64,64,True,neural:transformer:smooth,0.002491102584230548,0.0018128186723534053,0.0032425864596473454,0.049910946537112956,4,transformer,smooth,archived_neural_scores,,,,,,73.94785582332406,75.3363195367856,1.6059755580499768,100993,NVIDIA GeForce RTX 3090 Ti,historical execution; no matched-hardware comparison with current calibration times
resolution_g32__advection_diffusion__correct,resolution_g32,advection_diffusion,correct,32,test,64,64,True,validation_best_neural,0.00012568020643222155,9.597315504158428e-05,0.00016128417451035304,0.011210718372710178,4,validation_best_neural,,frozen_validation_selection,,,,,,,,,,,
resolution_g32__advection_diffusion__correct,resolution_g32,advection_diffusion,correct,32,test,64,64,True,validation_selected_route,4.236112706896565e-12,3.087618865392511e-12,5.564406459261186e-12,2.0581818935401617e-06,4,validation_selected_route,,frozen_validation_selection,,,,,,,,,,,
resolution_g32__advection_diffusion__correct,resolution_g32,advection_diffusion,correct,32,test,96,64,False,calibrated,7.291607886040979e-12,5.1648851204262315e-12,9.899421529467379e-12,2.7002977402577255e-06,0,physics_calibrated,,new_frozen_physics_evaluation,0,0,0,7.291607886040979e-12,0.3525699050005642,,,,,,
resolution_g32__advection_diffusion__correct,resolution_g32,advection_diffusion,correct,32,test,96,64,False,uncalibrated,7.291607886040979e-12,5.1648851204262315e-12,9.899421529467379e-12,2.7002977402577255e-06,0,physics_uncalibrated,,new_frozen_physics_evaluation,0,0,0,7.291607886040979e-12,0.0,,,,,,
resolution_g32__advection_diffusion__correct,resolution_g32,advection_diffusion,correct,32,test,96,64,False,persistence,2.283803766808812,1.9051253568344182,2.690617434630917,1.5112259152121539,0,persistence,,new_frozen_physics_evaluation,0,0,0,2.283803766808812,0.0,,,,,,
resolution_g32__advection_diffusion__correct,resolution_g32,advection_diffusion,correct,32,test,96,64,False,neural:fno:none,0.0005572246339685355,0.0003889293414227778,0.00078786119889516,0.023605605986047794,4,fno,none,archived_neural_scores,,,,,,25.133773137116805,25.169273326639086,1.2544245459139347,209985,NVIDIA GeForce RTX 3090 Ti,historical execution; no matched-hardware comparison with current calibration times
resolution_g32__advection_diffusion__correct,resolution_g32,advection_diffusion,correct,32,test,96,64,False,neural:fno:smooth,0.0001861112196722507,0.00013265798098555884,0.0002485894392415768,0.013642258598643067,4,fno,smooth,archived_neural_scores,,,,,,42.67841582163237,44.057360567501746,1.2429955531843007,209985,NVIDIA GeForce RTX 3090 Ti,historical execution; no matched-hardware comparison with current calibration times
resolution_g32__advection_diffusion__correct,resolution_g32,advection_diffusion,correct,32,test,96,64,False,neural:looped:none,0.0049834241789443925,0.003039071024986039,0.008076334627288271,0.07059337206101145,4,looped,none,archived_neural_scores,,,,,,39.62537132855505,39.66576843522489,1.6226483159698546,34049,NVIDIA GeForce RTX 3090 Ti,historical execution; no matched-hardware comparison with current calibration times
resolution_g32__advection_diffusion__correct,resolution_g32,advection_diffusion,correct,32,test,96,64,False,neural:looped:smooth,0.006329740867943431,0.004307543804806027,0.009416834947704015,0.07955966860126701,4,looped,smooth,archived_neural_scores,,,,,,70.86711668292992,72.25035568070598,1.607888040598482,34049,NVIDIA GeForce RTX 3090 Ti,historical execution; no matched-hardware comparison with current calibration times
resolution_g32__advection_diffusion__correct,resolution_g32,advection_diffusion,correct,32,test,96,64,False,neural:transformer:none,0.0037501377959997155,0.0022005809393483237,0.006180379065610341,0.06123836865887036,4,transformer,none,archived_neural_scores,,,,,,43.74982558807824,43.7934661610052,1.5935263014398515,100993,NVIDIA GeForce RTX 3090 Ti,historical execution; no matched-hardware comparison with current calibration times
resolution_g32__advection_diffusion__correct,resolution_g32,advection_diffusion,correct,32,test,96,64,False,neural:transformer:smooth,0.003884312822248973,0.0023229463486159427,0.0058895288302054875,0.0623242554889264,4,transformer,smooth,archived_neural_scores,,,,,,73.94785582332406,75.3363195367856,1.6059755580499768,100993,NVIDIA GeForce RTX 3090 Ti,historical execution; no matched-hardware comparison with current calibration times
resolution_g32__advection_diffusion__correct,resolution_g32,advection_diffusion,correct,32,test,96,64,False,validation_best_neural,0.0001861112196722507,0.00013265798098555884,0.0002485894392415768,0.013642258598643067,4,validation_best_neural,,frozen_validation_selection,,,,,,,,,,,
resolution_g32__advection_diffusion__correct,resolution_g32,advection_diffusion,correct,32,test,96,64,False,validation_selected_route,7.291607886040979e-12,5.1648851204262315e-12,9.899421529467379e-12,2.7002977402577255e-06,4,validation_selected_route,,frozen_validation_selection,,,,,,,,,,,
resolution_g32__advection_diffusion__correct,resolution_g32,advection_diffusion,correct,32,ood,64,64,True,calibrated,2.232394453415835e-12,1.7328537107963968e-12,2.7953101097567458e-12,1.4941199595132364e-06,0,physics_calibrated,,new_frozen_physics_evaluation,0,0,0,2.232394453415835e-12,0.3525699050005642,,,,,,
resolution_g32__advection_diffusion__correct,resolution_g32,advection_diffusion,correct,32,ood,64,64,True,uncalibrated,2.232394453415835e-12,1.7328537107963968e-12,2.7953101097567458e-12,1.4941199595132364e-06,0,physics_uncalibrated,,new_frozen_physics_evaluation,0,0,0,2.232394453415835e-12,0.0,,,,,,
resolution_g32__advection_diffusion__correct,resolution_g32,advection_diffusion,correct,32,ood,64,64,True,persistence,1.3504375143737093,1.1607818443173712,1.5520236670184673,1.1620832648195694,0,persistence,,new_frozen_physics_evaluation,0,0,0,1.3504375143737093,0.0,,,,,,
resolution_g32__advection_diffusion__correct,resolution_g32,advection_diffusion,correct,32,ood,64,64,True,neural:fno:none,0.04502795692480166,0.02049951368517509,0.06881069736443947,0.21219791922825648,4,fno,none,archived_neural_scores,,,,,,25.133773137116805,25.169273326639086,1.2544245459139347,209985,NVIDIA GeForce RTX 3090 Ti,historical execution; no matched-hardware comparison with current calibration times
resolution_g32__advection_diffusion__correct,resolution_g32,advection_diffusion,correct,32,ood,64,64,True,neural:fno:smooth,0.029545257951837822,0.01474410877692443,0.04321166617342819,0.17188734087139118,4,fno,smooth,archived_neural_scores,,,,,,42.67841582163237,44.057360567501746,1.2429955531843007,209985,NVIDIA GeForce RTX 3090 Ti,historical execution; no matched-hardware comparison with current calibration times
resolution_g32__advection_diffusion__correct,resolution_g32,advection_diffusion,correct,32,ood,64,64,True,neural:looped:none,1.455551058443092,1.1058565800701827,1.8285500049256256,1.206462207631508,4,looped,none,archived_neural_scores,,,,,,39.62537132855505,39.66576843522489,1.6226483159698546,34049,NVIDIA GeForce RTX 3090 Ti,historical execution; no matched-hardware comparison with current calibration times
resolution_g32__advection_diffusion__correct,resolution_g32,advection_diffusion,correct,32,ood,64,64,True,neural:looped:smooth,1.4329120938712165,1.118333338473048,1.8282246398264566,1.197043062663669,4,looped,smooth,archived_neural_scores,,,,,,70.86711668292992,72.25035568070598,1.607888040598482,34049,NVIDIA GeForce RTX 3090 Ti,historical execution; no matched-hardware comparison with current calibration times
resolution_g32__advection_diffusion__correct,resolution_g32,advection_diffusion,correct,32,ood,64,64,True,neural:transformer:none,0.9685125100801031,0.6974446501936477,1.2958468221231283,0.9841303318565601,4,transformer,none,archived_neural_scores,,,,,,43.74982558807824,43.7934661610052,1.5935263014398515,100993,NVIDIA GeForce RTX 3090 Ti,historical execution; no matched-hardware comparison with current calibration times
resolution_g32__advection_diffusion__correct,resolution_g32,advection_diffusion,correct,32,ood,64,64,True,neural:transformer:smooth,1.2852202067357865,0.8019279226631373,1.8340758796072691,1.133675529741992,4,transformer,smooth,archived_neural_scores,,,,,,73.94785582332406,75.3363195367856,1.6059755580499768,100993,NVIDIA GeForce RTX 3090 Ti,historical execution; no matched-hardware comparison with current calibration times
resolution_g32__advection_diffusion__correct,resolution_g32,advection_diffusion,correct,32,ood,64,64,True,validation_best_neural,0.029545257951837822,0.01474410877692443,0.04321166617342819,0.17188734087139118,4,validation_best_neural,,frozen_validation_selection,,,,,,,,,,,
resolution_g32__advection_diffusion__correct,resolution_g32,advection_diffusion,correct,32,ood,64,64,True,validation_selected_route,2.232394453415835e-12,1.7328537107963968e-12,2.7953101097567458e-12,1.4941199595132364e-06,4,validation_selected_route,,frozen_validation_selection,,,,,,,,,,,
resolution_g32__advection_diffusion__correct,resolution_g32,advection_diffusion,correct,32,ood,96,64,False,calibrated,3.3566038316843385e-12,2.533220014445095e-12,4.290477406069544e-12,1.8321036629198519e-06,0,physics_calibrated,,new_frozen_physics_evaluation,0,0,0,3.3566038316843385e-12,0.3525699050005642,,,,,,
resolution_g32__advection_diffusion__correct,resolution_g32,advection_diffusion,correct,32,ood,96,64,False,uncalibrated,3.3566038316843385e-12,2.533220014445095e-12,4.290477406069544e-12,1.8321036629198519e-06,0,physics_uncalibrated,,new_frozen_physics_evaluation,0,0,0,3.3566038316843385e-12,0.0,,,,,,
resolution_g32__advection_diffusion__correct,resolution_g32,advection_diffusion,correct,32,ood,96,64,False,persistence,1.3387318525388234,1.1646065871928093,1.5229654591247934,1.1570358043460987,0,persistence,,new_frozen_physics_evaluation,0,0,0,1.3387318525388234,0.0,,,,,,
resolution_g32__advection_diffusion__correct,resolution_g32,advection_diffusion,correct,32,ood,96,64,False,neural:fno:none,0.06480587047994384,0.029103420664894433,0.09920896937160854,0.2545699716776192,4,fno,none,archived_neural_scores,,,,,,25.133773137116805,25.169273326639086,1.2544245459139347,209985,NVIDIA GeForce RTX 3090 Ti,historical execution; no matched-hardware comparison with current calibration times
resolution_g32__advection_diffusion__correct,resolution_g32,advection_diffusion,correct,32,ood,96,64,False,neural:fno:smooth,0.04454024340969287,0.0217927956114072,0.06626940725260762,0.2110455955704664,4,fno,smooth,archived_neural_scores,,,,,,42.67841582163237,44.057360567501746,1.2429955531843007,209985,NVIDIA GeForce RTX 3090 Ti,historical execution; no matched-hardware comparison with current calibration times
resolution_g32__advection_diffusion__correct,resolution_g32,advection_diffusion,correct,32,ood,96,64,False,neural:looped:none,3.0889823667417318,1.607066614876916,4.859066725263814,1.7575501036220083,4,looped,none,archived_neural_scores,,,,,,39.62537132855505,39.66576843522489,1.6226483159698546,34049,NVIDIA GeForce RTX 3090 Ti,historical execution; no matched-hardware comparison with current calibration times
resolution_g32__advection_diffusion__correct,resolution_g32,advection_diffusion,correct,32,ood,96,64,False,neural:looped:smooth,3.1508847803732705,1.508044896446322,6.296268613562944,1.775073176061559,4,looped,smooth,archived_neural_scores,,,,,,70.86711668292992,72.25035568070598,1.607888040598482,34049,NVIDIA GeForce RTX 3090 Ti,historical execution; no matched-hardware comparison with current calibration times
resolution_g32__advection_diffusion__correct,resolution_g32,advection_diffusion,correct,32,ood,96,64,False,neural:transformer:none,1.0826724723681878,0.729737262391433,1.4867602871723093,1.0405154839636879,4,transformer,none,archived_neural_scores,,,,,,43.74982558807824,43.7934661610052,1.5935263014398515,100993,NVIDIA GeForce RTX 3090 Ti,historical execution; no matched-hardware comparison with current calibration times
resolution_g32__advection_diffusion__correct,resolution_g32,advection_diffusion,correct,32,ood,96,64,False,neural:transformer:smooth,1.5776857353155926,0.8387792508991281,2.3600520362911843,1.2560596065934102,4,transformer,smooth,archived_neural_scores,,,,,,73.94785582332406,75.3363195367856,1.6059755580499768,100993,NVIDIA GeForce RTX 3090 Ti,historical execution; no matched-hardware comparison with current calibration times
resolution_g32__advection_diffusion__correct,resolution_g32,advection_diffusion,correct,32,ood,96,64,False,validation_best_neural,0.04454024340969287,0.0217927956114072,0.06626940725260762,0.2110455955704664,4,validation_best_neural,,frozen_validation_selection,,,,,,,,,,,
resolution_g32__advection_diffusion__correct,resolution_g32,advection_diffusion,correct,32,ood,96,64,False,validation_selected_route,3.3566038316843385e-12,2.5332200144450946e-12,4.2904774060695426e-12,1.8321036629198519e-06,4,validation_selected_route,,frozen_validation_selection,,,,,,,,,,,
resolution_g32__allen_cahn__coefficient,resolution_g32,allen_cahn,coefficient,32,test,64,64,True,calibrated,4.7710586613342635e-12,3.493834678429264e-12,6.296473857627325e-12,2.184275317201168e-06,0,physics_calibrated,,new_frozen_physics_evaluation,0,0,0,4.7710586613342635e-12,0.5848792620017775,,,,,,
resolution_g32__allen_cahn__coefficient,resolution_g32,allen_cahn,coefficient,32,test,64,64,True,uncalibrated,0.00638033190255527,0.003850522944078749,0.010800426989144673,0.07987697980366602,0,physics_uncalibrated,,new_frozen_physics_evaluation,0,0,0,0.00638033190255527,0.0,,,,,,
resolution_g32__allen_cahn__coefficient,resolution_g32,allen_cahn,coefficient,32,test,64,64,True,persistence,0.036377052636412444,0.025394227007943825,0.04829598453146477,0.1907276923690224,0,persistence,,new_frozen_physics_evaluation,0,0,0,0.036377052636412444,0.0,,,,,,
resolution_g32__allen_cahn__coefficient,resolution_g32,allen_cahn,coefficient,32,test,64,64,True,neural:fno:none,0.013548787169610006,0.00893125818800509,0.01770151855484977,0.11639925759905002,4,fno,none,archived_neural_scores,,,,,,24.921635564998724,24.95611753826961,1.2679088511504233,209985,NVIDIA GeForce RTX 3090 Ti,historical execution; no matched-hardware comparison with current calibration times
resolution_g32__allen_cahn__coefficient,resolution_g32,allen_cahn,coefficient,32,test,64,64,True,neural:fno:smooth,0.000506445731643039,0.00038210405702913464,0.0007521721855726658,0.022504349171727653,4,fno,smooth,archived_neural_scores,,,,,,42.16939474036917,45.1122489675181,1.2526190606877208,209985,NVIDIA GeForce RTX 3090 Ti,historical execution; no matched-hardware comparison with current calibration times
resolution_g32__allen_cahn__coefficient,resolution_g32,allen_cahn,coefficient,32,test,64,64,True,neural:looped:none,0.005325955978468577,0.0032548349739061786,0.008377025148085209,0.07297914755920747,4,looped,none,archived_neural_scores,,,,,,39.515112224267796,39.55486821313389,1.5938645228743553,34049,NVIDIA GeForce RTX 3090 Ti,historical execution; no matched-hardware comparison with current calibration times
resolution_g32__allen_cahn__coefficient,resolution_g32,allen_cahn,coefficient,32,test,64,64,True,neural:looped:smooth,0.002102082766726493,0.0014910102162100283,0.0028817786891029646,0.04584847616580613,4,looped,smooth,archived_neural_scores,,,,,,70.16118759242818,73.1096947947517,1.5939565491862595,34049,NVIDIA GeForce RTX 3090 Ti,historical execution; no matched-hardware comparison with current calibration times
resolution_g32__allen_cahn__coefficient,resolution_g32,allen_cahn,coefficient,32,test,64,64,True,neural:transformer:none,0.002489714405090049,0.0014861891448970093,0.004027511464694487,0.04989703803924687,4,transformer,none,archived_neural_scores,,,,,,43.42719925264828,43.47091139550321,1.5910845366306603,100993,NVIDIA GeForce RTX 3090 Ti,historical execution; no matched-hardware comparison with current calibration times
resolution_g32__allen_cahn__coefficient,resolution_g32,allen_cahn,coefficient,32,test,64,64,True,neural:transformer:smooth,0.0015777918265072674,0.0008362157162428909,0.002842156962196038,0.039721427800461395,4,transformer,smooth,archived_neural_scores,,,,,,73.68929332052357,76.64165152749047,1.5987165621481836,100993,NVIDIA GeForce RTX 3090 Ti,historical execution; no matched-hardware comparison with current calibration times
resolution_g32__allen_cahn__coefficient,resolution_g32,allen_cahn,coefficient,32,test,64,64,True,validation_best_neural,0.000506445731643039,0.00038210405702913464,0.0007521721855726658,0.022504349171727653,4,validation_best_neural,,frozen_validation_selection,,,,,,,,,,,
resolution_g32__allen_cahn__coefficient,resolution_g32,allen_cahn,coefficient,32,test,64,64,True,validation_selected_route,4.7710586613342635e-12,3.493834678429264e-12,6.296473857627325e-12,2.184275317201168e-06,4,validation_selected_route,,frozen_validation_selection,,,,,,,,,,,
resolution_g32__allen_cahn__coefficient,resolution_g32,allen_cahn,coefficient,32,test,96,64,False,calibrated,6.465897089916651e-12,4.885323494530447e-12,8.380839275855554e-12,2.542812830295744e-06,0,physics_calibrated,,new_frozen_physics_evaluation,0,0,0,6.465897089916651e-12,0.5848792620017775,,,,,,
resolution_g32__allen_cahn__coefficient,resolution_g32,allen_cahn,coefficient,32,test,96,64,False,uncalibrated,0.007134198511451472,0.0041923160210346625,0.01239041422358813,0.08446418478533652,0,physics_uncalibrated,,new_frozen_physics_evaluation,0,0,0,0.007134198511451472,0.0,,,,,,
resolution_g32__allen_cahn__coefficient,resolution_g32,allen_cahn,coefficient,32,test,96,64,False,persistence,0.04256250602127546,0.029990601252709286,0.05629349565067793,0.20630682495078892,0,persistence,,new_frozen_physics_evaluation,0,0,0,0.04256250602127546,0.0,,,,,,
resolution_g32__allen_cahn__coefficient,resolution_g32,allen_cahn,coefficient,32,test,96,64,False,neural:fno:none,0.03066063426956023,0.019227757242776106,0.04139659114931059,0.17510178259960757,4,fno,none,archived_neural_scores,,,,,,24.921635564998724,24.95611753826961,1.2679088511504233,209985,NVIDIA GeForce RTX 3090 Ti,historical execution; no matched-hardware comparison with current calibration times
resolution_g32__allen_cahn__coefficient,resolution_g32,allen_cahn,coefficient,32,test,96,64,False,neural:fno:smooth,0.000922577543310594,0.0007460041599164182,0.0011114552474329605,0.030373961600532025,4,fno,smooth,archived_neural_scores,,,,,,42.16939474036917,45.1122489675181,1.2526190606877208,209985,NVIDIA GeForce RTX 3090 Ti,historical execution; no matched-hardware comparison with current calibration times
resolution_g32__allen_cahn__coefficient,resolution_g32,allen_cahn,coefficient,32,test,96,64,False,neural:looped:none,0.006585548987941133,0.004232469757876383,0.010313209121010188,0.08115139547747242,4,looped,none,archived_neural_scores,,,,,,39.515112224267796,39.55486821313389,1.5938645228743553,34049,NVIDIA GeForce RTX 3090 Ti,historical execution; no matched-hardware comparison with current calibration times
resolution_g32__allen_cahn__coefficient,resolution_g32,allen_cahn,coefficient,32,test,96,64,False,neural:looped:smooth,0.0032683777897155415,0.0024169842396176097,0.004289386002849255,0.05716972791360425,4,looped,smooth,archived_neural_scores,,,,,,70.16118759242818,73.1096947947517,1.5939565491862595,34049,NVIDIA GeForce RTX 3090 Ti,historical execution; no matched-hardware comparison with current calibration times
resolution_g32__allen_cahn__coefficient,resolution_g32,allen_cahn,coefficient,32,test,96,64,False,neural:transformer:none,0.0034150459660376624,0.002136275894970428,0.005360942916787104,0.05843839462235134,4,transformer,none,archived_neural_scores,,,,,,43.42719925264828,43.47091139550321,1.5910845366306603,100993,NVIDIA GeForce RTX 3090 Ti,historical execution; no matched-hardware comparison with current calibration times
resolution_g32__allen_cahn__coefficient,resolution_g32,allen_cahn,coefficient,32,test,96,64,False,neural:transformer:smooth,0.0023478824045862164,0.0013126548012496904,0.004036277682126096,0.04845495232260802,4,transformer,smooth,archived_neural_scores,,,,,,73.68929332052357,76.64165152749047,1.5987165621481836,100993,NVIDIA GeForce RTX 3090 Ti,historical execution; no matched-hardware comparison with current calibration times
resolution_g32__allen_cahn__coefficient,resolution_g32,allen_cahn,coefficient,32,test,96,64,False,validation_best_neural,0.000922577543310594,0.0007460041599164182,0.0011114552474329605,0.030373961600532025,4,validation_best_neural,,frozen_validation_selection,,,,,,,,,,,
resolution_g32__allen_cahn__coefficient,resolution_g32,allen_cahn,coefficient,32,test,96,64,False,validation_selected_route,6.465897089916651e-12,4.885323494530446e-12,8.380839275855554e-12,2.542812830295744e-06,4,validation_selected_route,,frozen_validation_selection,,,,,,,,,,,
resolution_g32__allen_cahn__coefficient,resolution_g32,allen_cahn,coefficient,32,ood,64,64,True,calibrated,1.7187082322514544e-11,1.492318850037756e-11,1.9552014151129823e-11,4.145730613838114e-06,0,physics_calibrated,,new_frozen_physics_evaluation,0,0,0,1.7187082322514544e-11,0.5848792620017775,,,,,,
resolution_g32__allen_cahn__coefficient,resolution_g32,allen_cahn,coefficient,32,ood,64,64,True,uncalibrated,0.005149319320860712,0.0038910866774320317,0.007599315407722784,0.07175875779903601,0,physics_uncalibrated,,new_frozen_physics_evaluation,0,0,0,0.005149319320860712,0.0,,,,,,
resolution_g32__allen_cahn__coefficient,resolution_g32,allen_cahn,coefficient,32,ood,64,64,True,persistence,0.022562869018956655,0.014672658986264134,0.03211895806059983,0.15020941721129422,0,persistence,,new_frozen_physics_evaluation,0,0,0,0.022562869018956655,0.0,,,,,,
resolution_g32__allen_cahn__coefficient,resolution_g32,allen_cahn,coefficient,32,ood,64,64,True,neural:fno:none,0.034667510701652096,0.02045756422679078,0.057606057644289776,0.1861921338339837,4,fno,none,archived_neural_scores,,,,,,24.921635564998724,24.95611753826961,1.2679088511504233,209985,NVIDIA GeForce RTX 3090 Ti,historical execution; no matched-hardware comparison with current calibration times
resolution_g32__allen_cahn__coefficient,resolution_g32,allen_cahn,coefficient,32,ood,64,64,True,neural:fno:smooth,0.00702469250782671,0.004065514571218598,0.009819982285886231,0.08381343870661023,4,fno,smooth,archived_neural_scores,,,,,,42.16939474036917,45.1122489675181,1.2526190606877208,209985,NVIDIA GeForce RTX 3090 Ti,historical execution; no matched-hardware comparison with current calibration times
resolution_g32__allen_cahn__coefficient,resolution_g32,allen_cahn,coefficient,32,ood,64,64,True,neural:looped:none,0.0841035658052608,0.05086167797248044,0.11149936795012963,0.29000614787493867,4,looped,none,archived_neural_scores,,,,,,39.515112224267796,39.55486821313389,1.5938645228743553,34049,NVIDIA GeForce RTX 3090 Ti,historical execution; no matched-hardware comparison with current calibration times
resolution_g32__allen_cahn__coefficient,resolution_g32,allen_cahn,coefficient,32,ood,64,64,True,neural:looped:smooth,0.21574230770903302,0.09053272433835698,0.4254887157058144,0.4644806860452144,4,looped,smooth,archived_neural_scores,,,,,,70.16118759242818,73.1096947947517,1.5939565491862595,34049,NVIDIA GeForce RTX 3090 Ti,historical execution; no matched-hardware comparison with current calibration times
resolution_g32__allen_cahn__coefficient,resolution_g32,allen_cahn,coefficient,32,ood,64,64,True,neural:transformer:none,0.15365147236472687,0.10804492292217269,0.19845351046400345,0.39198402054768366,4,transformer,none,archived_neural_scores,,,,,,43.42719925264828,43.47091139550321,1.5910845366306603,100993,NVIDIA GeForce RTX 3090 Ti,historical execution; no matched-hardware comparison with current calibration times
resolution_g32__allen_cahn__coefficient,resolution_g32,allen_cahn,coefficient,32,ood,64,64,True,neural:transformer:smooth,0.44017319320999526,0.265864714561325,0.7000219043888356,0.6634554945209176,4,transformer,smooth,archived_neural_scores,,,,,,73.68929332052357,76.64165152749047,1.5987165621481836,100993,NVIDIA GeForce RTX 3090 Ti,historical execution; no matched-hardware comparison with current calibration times
resolution_g32__allen_cahn__coefficient,resolution_g32,allen_cahn,coefficient,32,ood,64,64,True,validation_best_neural,0.00702469250782671,0.004065514571218598,0.009819982285886231,0.08381343870661023,4,validation_best_neural,,frozen_validation_selection,,,,,,,,,,,
resolution_g32__allen_cahn__coefficient,resolution_g32,allen_cahn,coefficient,32,ood,64,64,True,validation_selected_route,1.7187082322514544e-11,1.492318850037756e-11,1.9552014151129823e-11,4.145730613838114e-06,4,validation_selected_route,,frozen_validation_selection,,,,,,,,,,,
resolution_g32__allen_cahn__coefficient,resolution_g32,allen_cahn,coefficient,32,ood,96,64,False,calibrated,1.816271013113061e-11,1.5922303093623358e-11,2.055900316470722e-11,4.261773120560339e-06,0,physics_calibrated,,new_frozen_physics_evaluation,0,0,0,1.816271013113061e-11,0.5848792620017775,,,,,,
resolution_g32__allen_cahn__coefficient,resolution_g32,allen_cahn,coefficient,32,ood,96,64,False,uncalibrated,0.005111017803668479,0.004208143293765924,0.006795284525869387,0.07149138272315397,0,physics_uncalibrated,,new_frozen_physics_evaluation,0,0,0,0.005111017803668479,0.0,,,,,,
resolution_g32__allen_cahn__coefficient,resolution_g32,allen_cahn,coefficient,32,ood,96,64,False,persistence,0.028976578512636797,0.01926271303266741,0.04115388833835565,0.1702250819140258,0,persistence,,new_frozen_physics_evaluation,0,0,0,0.028976578512636797,0.0,,,,,,
resolution_g32__allen_cahn__coefficient,resolution_g32,allen_cahn,coefficient,32,ood,96,64,False,neural:fno:none,0.08329166677764482,0.04632894548604324,0.1441641211653925,0.2886029569800781,4,fno,none,archived_neural_scores,,,,,,24.921635564998724,24.95611753826961,1.2679088511504233,209985,NVIDIA GeForce RTX 3090 Ti,historical execution; no matched-hardware comparison with current calibration times
resolution_g32__allen_cahn__coefficient,resolution_g32,allen_cahn,coefficient,32,ood,96,64,False,neural:fno:smooth,0.013516344306670766,0.0076589835622914455,0.019026412361470905,0.11625981380799974,4,fno,smooth,archived_neural_scores,,,,,,42.16939474036917,45.1122489675181,1.2526190606877208,209985,NVIDIA GeForce RTX 3090 Ti,historical execution; no matched-hardware comparison with current calibration times
resolution_g32__allen_cahn__coefficient,resolution_g32,allen_cahn,coefficient,32,ood,96,64,False,neural:looped:none,0.1819048840098174,0.10163464801660342,0.24946239774982065,0.42650308792530145,4,looped,none,archived_neural_scores,,,,,,39.515112224267796,39.55486821313389,1.5938645228743553,34049,NVIDIA GeForce RTX 3090 Ti,historical execution; no matched-hardware comparison with current calibration times
resolution_g32__allen_cahn__coefficient,resolution_g32,allen_cahn,coefficient,32,ood,96,64,False,neural:looped:smooth,0.41416720617867797,0.17045285431996862,0.8517811886808122,0.643558238373714,4,looped,smooth,archived_neural_scores,,,,,,70.16118759242818,73.1096947947517,1.5939565491862595,34049,NVIDIA GeForce RTX 3090 Ti,historical execution; no matched-hardware comparison with current calibration times
resolution_g32__allen_cahn__coefficient,resolution_g32,allen_cahn,coefficient,32,ood,96,64,False,neural:transformer:none,0.2846344386222093,0.18998778519214188,0.41038127380509076,0.5335114231412569,4,transformer,none,archived_neural_scores,,,,,,43.42719925264828,43.47091139550321,1.5910845366306603,100993,NVIDIA GeForce RTX 3090 Ti,historical execution; no matched-hardware comparison with current calibration times
resolution_g32__allen_cahn__coefficient,resolution_g32,allen_cahn,coefficient,32,ood,96,64,False,neural:transformer:smooth,0.6518555623853182,0.40356797937661254,1.0370199607270971,0.8073757256601899,4,transformer,smooth,archived_neural_scores,,,,,,73.68929332052357,76.64165152749047,1.5987165621481836,100993,NVIDIA GeForce RTX 3090 Ti,historical execution; no matched-hardware comparison with current calibration times
resolution_g32__allen_cahn__coefficient,resolution_g32,allen_cahn,coefficient,32,ood,96,64,False,validation_best_neural,0.013516344306670766,0.0076589835622914455,0.019026412361470905,0.11625981380799974,4,validation_best_neural,,frozen_validation_selection,,,,,,,,,,,
resolution_g32__allen_cahn__coefficient,resolution_g32,allen_cahn,coefficient,32,ood,96,64,False,validation_selected_route,1.816271013113061e-11,1.5922303093623355e-11,2.0559003164707216e-11,4.261773120560339e-06,4,validation_selected_route,,frozen_validation_selection,,,,,,,,,,,
resolution_g32__allen_cahn__correct,resolution_g32,allen_cahn,correct,32,test,64,64,True,calibrated,4.798206410914103e-12,3.5232782055097217e-12,6.3088503169721636e-12,2.190480862941766e-06,0,physics_calibrated,,new_frozen_physics_evaluation,0,0,0,4.798206410914103e-12,0.4881511550011055,,,,,,
resolution_g32__allen_cahn__correct,resolution_g32,allen_cahn,correct,32,test,64,64,True,uncalibrated,1.8868275307629117e-12,1.6656315908492308e-12,2.1326645517079197e-12,1.3736184079877904e-06,0,physics_uncalibrated,,new_frozen_physics_evaluation,0,0,0,1.8868275307629117e-12,0.0,,,,,,
resolution_g32__allen_cahn__correct,resolution_g32,allen_cahn,correct,32,test,64,64,True,persistence,0.036377052636412444,0.025699390190448,0.049288201582345204,0.1907276923690224,0,persistence,,new_frozen_physics_evaluation,0,0,0,0.036377052636412444,0.0,,,,,,
resolution_g32__allen_cahn__correct,resolution_g32,allen_cahn,correct,32,test,64,64,True,neural:fno:none,0.013360392749672802,0.008896970911266174,0.01744351465799864,0.1155871651597737,4,fno,none,archived_neural_scores,,,,,,24.81355619558599,24.848084958968684,1.2519801035523415,209985,NVIDIA GeForce RTX 3090 Ti,historical execution; no matched-hardware comparison with current calibration times
resolution_g32__allen_cahn__correct,resolution_g32,allen_cahn,correct,32,test,64,64,True,neural:fno:smooth,0.00024532027826630436,0.0001566948215655683,0.00035807960761918465,0.01566270341500165,4,fno,smooth,archived_neural_scores,,,,,,41.73617167130578,44.6450572629692,1.2527790968306363,209985,NVIDIA GeForce RTX 3090 Ti,historical execution; no matched-hardware comparison with current calibration times
resolution_g32__allen_cahn__correct,resolution_g32,allen_cahn,correct,32,test,64,64,True,neural:looped:none,0.005325969098747052,0.0032498777247280666,0.008557162202271153,0.0729792374497504,4,looped,none,archived_neural_scores,,,,,,39.88589983631391,39.92544490052387,1.5953900408931077,34049,NVIDIA GeForce RTX 3090 Ti,historical execution; no matched-hardware comparison with current calibration times
resolution_g32__allen_cahn__correct,resolution_g32,allen_cahn,correct,32,test,64,64,True,neural:looped:smooth,0.002025071687901156,0.001519015365992729,0.002599770050245346,0.0450007965251856,4,looped,smooth,archived_neural_scores,,,,,,70.48071676190011,73.3950557593489,1.5874065458774567,34049,NVIDIA GeForce RTX 3090 Ti,historical execution; no matched-hardware comparison with current calibration times
resolution_g32__allen_cahn__correct,resolution_g32,allen_cahn,correct,32,test,64,64,True,neural:transformer:none,0.002489711731400973,0.0015074436055169996,0.0040331678232078194,0.04989701124717765,4,transformer,none,archived_neural_scores,,,,,,43.48366230202373,43.527835245244205,1.594774064142257,100993,NVIDIA GeForce RTX 3090 Ti,historical execution; no matched-hardware comparison with current calibration times
resolution_g32__allen_cahn__correct,resolution_g32,allen_cahn,correct,32,test,64,64,True,neural:transformer:smooth,0.0015276312548332949,0.0008830861046433072,0.0027860604285017718,0.03908492362578306,4,transformer,smooth,archived_neural_scores,,,,,,73.93603051954415,76.85446161427535,1.6522280755452812,100993,NVIDIA GeForce RTX 3090 Ti,historical execution; no matched-hardware comparison with current calibration times
resolution_g32__allen_cahn__correct,resolution_g32,allen_cahn,correct,32,test,64,64,True,validation_best_neural,0.00024532027826630436,0.0001566948215655683,0.00035807960761918465,0.01566270341500165,4,validation_best_neural,,frozen_validation_selection,,,,,,,,,,,
resolution_g32__allen_cahn__correct,resolution_g32,allen_cahn,correct,32,test,64,64,True,validation_selected_route,4.798206410914103e-12,3.5232782055097217e-12,6.3088503169721636e-12,2.190480862941766e-06,4,validation_selected_route,,frozen_validation_selection,,,,,,,,,,,
resolution_g32__allen_cahn__correct,resolution_g32,allen_cahn,correct,32,test,96,64,False,calibrated,6.466233021847084e-12,4.873633112216091e-12,8.28248093232299e-12,2.5428788846201627e-06,0,physics_calibrated,,new_frozen_physics_evaluation,0,0,0,6.466233021847084e-12,0.4881511550011055,,,,,,
resolution_g32__allen_cahn__correct,resolution_g32,allen_cahn,correct,32,test,96,64,False,uncalibrated,2.1930481256728145e-12,1.9428110375008462e-12,2.468249352086859e-12,1.480894366817841e-06,0,physics_uncalibrated,,new_frozen_physics_evaluation,0,0,0,2.1930481256728145e-12,0.0,,,,,,
resolution_g32__allen_cahn__correct,resolution_g32,allen_cahn,correct,32,test,96,64,False,persistence,0.04256250602127546,0.03024481193763696,0.05729641135213187,0.20630682495078892,0,persistence,,new_frozen_physics_evaluation,0,0,0,0.04256250602127546,0.0,,,,,,
resolution_g32__allen_cahn__correct,resolution_g32,allen_cahn,correct,32,test,96,64,False,neural:fno:none,0.029956505857245876,0.018655050050327904,0.04045445332810013,0.17307947844052995,4,fno,none,archived_neural_scores,,,,,,24.81355619558599,24.848084958968684,1.2519801035523415,209985,NVIDIA GeForce RTX 3090 Ti,historical execution; no matched-hardware comparison with current calibration times
resolution_g32__allen_cahn__correct,resolution_g32,allen_cahn,correct,32,test,96,64,False,neural:fno:smooth,0.0003956784746692669,0.0002599408989022832,0.0005658408938972596,0.019891668473742137,4,fno,smooth,archived_neural_scores,,,,,,41.73617167130578,44.6450572629692,1.2527790968306363,209985,NVIDIA GeForce RTX 3090 Ti,historical execution; no matched-hardware comparison with current calibration times
resolution_g32__allen_cahn__correct,resolution_g32,allen_cahn,correct,32,test,96,64,False,neural:looped:none,0.0065855702641914125,0.00422413646436722,0.010498652384330414,0.08115152656722739,4,looped,none,archived_neural_scores,,,,,,39.88589983631391,39.92544490052387,1.5953900408931077,34049,NVIDIA GeForce RTX 3090 Ti,historical execution; no matched-hardware comparison with current calibration times
resolution_g32__allen_cahn__correct,resolution_g32,allen_cahn,correct,32,test,96,64,False,neural:looped:smooth,0.0030646487791606745,0.0023825306689227205,0.0037931681804539486,0.05535927003818488,4,looped,smooth,archived_neural_scores,,,,,,70.48071676190011,73.3950557593489,1.5874065458774567,34049,NVIDIA GeForce RTX 3090 Ti,historical execution; no matched-hardware comparison with current calibration times
resolution_g32__allen_cahn__correct,resolution_g32,allen_cahn,correct,32,test,96,64,False,neural:transformer:none,0.003415045503932475,0.0021487766320488623,0.005320067593694602,0.05843839066857056,4,transformer,none,archived_neural_scores,,,,,,43.48366230202373,43.527835245244205,1.594774064142257,100993,NVIDIA GeForce RTX 3090 Ti,historical execution; no matched-hardware comparison with current calibration times
resolution_g32__allen_cahn__correct,resolution_g32,allen_cahn,correct,32,test,96,64,False,neural:transformer:smooth,0.0022008183152123495,0.001416642247652676,0.0037952263282132327,0.04691288005667899,4,transformer,smooth,archived_neural_scores,,,,,,73.93603051954415,76.85446161427535,1.6522280755452812,100993,NVIDIA GeForce RTX 3090 Ti,historical execution; no matched-hardware comparison with current calibration times
resolution_g32__allen_cahn__correct,resolution_g32,allen_cahn,correct,32,test,96,64,False,validation_best_neural,0.0003956784746692669,0.0002599408989022832,0.0005658408938972596,0.019891668473742137,4,validation_best_neural,,frozen_validation_selection,,,,,,,,,,,
resolution_g32__allen_cahn__correct,resolution_g32,allen_cahn,correct,32,test,96,64,False,validation_selected_route,6.466233021847084e-12,4.873633112216092e-12,8.282480932322987e-12,2.5428788846201627e-06,4,validation_selected_route,,frozen_validation_selection,,,,,,,,,,,
resolution_g32__allen_cahn__correct,resolution_g32,allen_cahn,correct,32,ood,64,64,True,calibrated,1.7267652297606192e-11,1.499184435898649e-11,1.9722227698970785e-11,4.155436474981442e-06,0,physics_calibrated,,new_frozen_physics_evaluation,0,0,0,1.7267652297606192e-11,0.4881511550011055,,,,,,
resolution_g32__allen_cahn__correct,resolution_g32,allen_cahn,correct,32,ood,64,64,True,uncalibrated,1.5668254520399017e-11,1.352218120591622e-11,1.8066808334608253e-11,3.958314606041189e-06,0,physics_uncalibrated,,new_frozen_physics_evaluation,0,0,0,1.5668254520399017e-11,0.0,,,,,,
resolution_g32__allen_cahn__correct,resolution_g32,allen_cahn,correct,32,ood,64,64,True,persistence,0.022562869018956655,0.014558971708442092,0.03242705947989096,0.15020941721129422,0,persistence,,new_frozen_physics_evaluation,0,0,0,0.022562869018956655,0.0,,,,,,
resolution_g32__allen_cahn__correct,resolution_g32,allen_cahn,correct,32,ood,64,64,True,neural:fno:none,0.03484330714156867,0.020707630863301216,0.057663936949164184,0.1866636202948198,4,fno,none,archived_neural_scores,,,,,,24.81355619558599,24.848084958968684,1.2519801035523415,209985,NVIDIA GeForce RTX 3090 Ti,historical execution; no matched-hardware comparison with current calibration times
resolution_g32__allen_cahn__correct,resolution_g32,allen_cahn,correct,32,ood,64,64,True,neural:fno:smooth,0.008755918300564075,0.002463532216338506,0.018451175969614698,0.09357306396909355,4,fno,smooth,archived_neural_scores,,,,,,41.73617167130578,44.6450572629692,1.2527790968306363,209985,NVIDIA GeForce RTX 3090 Ti,historical execution; no matched-hardware comparison with current calibration times
resolution_g32__allen_cahn__correct,resolution_g32,allen_cahn,correct,32,ood,64,64,True,neural:looped:none,0.08410358183649919,0.051410464506755266,0.1116341976908131,0.2900061755144176,4,looped,none,archived_neural_scores,,,,,,39.88589983631391,39.92544490052387,1.5953900408931077,34049,NVIDIA GeForce RTX 3090 Ti,historical execution; no matched-hardware comparison with current calibration times
resolution_g32__allen_cahn__correct,resolution_g32,allen_cahn,correct,32,ood,64,64,True,neural:looped:smooth,0.13521601999167143,0.07241676153995157,0.21000850020832074,0.36771730988854934,4,looped,smooth,archived_neural_scores,,,,,,70.48071676190011,73.3950557593489,1.5874065458774567,34049,NVIDIA GeForce RTX 3090 Ti,historical execution; no matched-hardware comparison with current calibration times
resolution_g32__allen_cahn__correct,resolution_g32,allen_cahn,correct,32,ood,64,64,True,neural:transformer:none,0.15365171880909534,0.10707908957566392,0.19869837862594933,0.39198433490267864,4,transformer,none,archived_neural_scores,,,,,,43.48366230202373,43.527835245244205,1.594774064142257,100993,NVIDIA GeForce RTX 3090 Ti,historical execution; no matched-hardware comparison with current calibration times
resolution_g32__allen_cahn__correct,resolution_g32,allen_cahn,correct,32,ood,64,64,True,neural:transformer:smooth,0.38365385033266897,0.2739957112551726,0.4916943193153073,0.6193979741108854,4,transformer,smooth,archived_neural_scores,,,,,,73.93603051954415,76.85446161427535,1.6522280755452812,100993,NVIDIA GeForce RTX 3090 Ti,historical execution; no matched-hardware comparison with current calibration times
resolution_g32__allen_cahn__correct,resolution_g32,allen_cahn,correct,32,ood,64,64,True,validation_best_neural,0.008755918300564075,0.002463532216338506,0.018451175969614698,0.09357306396909355,4,validation_best_neural,,frozen_validation_selection,,,,,,,,,,,
resolution_g32__allen_cahn__correct,resolution_g32,allen_cahn,correct,32,ood,64,64,True,validation_selected_route,1.7267652297606192e-11,1.499184435898649e-11,1.9722227698970785e-11,4.155436474981442e-06,4,validation_selected_route,,frozen_validation_selection,,,,,,,,,,,
resolution_g32__allen_cahn__correct,resolution_g32,allen_cahn,correct,32,ood,96,64,False,calibrated,1.8296595958939514e-11,1.6047174400457847e-11,2.0752159875936426e-11,4.277452040518925e-06,0,physics_calibrated,,new_frozen_physics_evaluation,0,0,0,1.8296595958939514e-11,0.4881511550011055,,,,,,
resolution_g32__allen_cahn__correct,resolution_g32,allen_cahn,correct,32,ood,96,64,False,uncalibrated,1.4725674375075812e-11,1.2988096459054618e-11,1.667100738252745e-11,3.837404640518877e-06,0,physics_uncalibrated,,new_frozen_physics_evaluation,0,0,0,1.4725674375075812e-11,0.0,,,,,,
resolution_g32__allen_cahn__correct,resolution_g32,allen_cahn,correct,32,ood,96,64,False,persistence,0.028976578512636797,0.01924758840542097,0.04152177820624729,0.1702250819140258,0,persistence,,new_frozen_physics_evaluation,0,0,0,0.028976578512636797,0.0,,,,,,
resolution_g32__allen_cahn__correct,resolution_g32,allen_cahn,correct,32,ood,96,64,False,neural:fno:none,0.08347741905406583,0.04667125847809692,0.14393102362515722,0.288924590601191,4,fno,none,archived_neural_scores,,,,,,24.81355619558599,24.848084958968684,1.2519801035523415,209985,NVIDIA GeForce RTX 3090 Ti,historical execution; no matched-hardware comparison with current calibration times
resolution_g32__allen_cahn__correct,resolution_g32,allen_cahn,correct,32,ood,96,64,False,neural:fno:smooth,0.017690374495810773,0.004876301546926245,0.037496507053738734,0.13300516717710922,4,fno,smooth,archived_neural_scores,,,,,,41.73617167130578,44.6450572629692,1.2527790968306363,209985,NVIDIA GeForce RTX 3090 Ti,historical execution; no matched-hardware comparison with current calibration times
resolution_g32__allen_cahn__correct,resolution_g32,allen_cahn,correct,32,ood,96,64,False,neural:looped:none,0.18190496902417258,0.10259356798780138,0.2502313497078384,0.42650318758969735,4,looped,none,archived_neural_scores,,,,,,39.88589983631391,39.92544490052387,1.5953900408931077,34049,NVIDIA GeForce RTX 3090 Ti,historical execution; no matched-hardware comparison with current calibration times
resolution_g32__allen_cahn__correct,resolution_g32,allen_cahn,correct,32,ood,96,64,False,neural:looped:smooth,0.2903616099177937,0.14151935195086862,0.4799404143858749,0.5388521224953964,4,looped,smooth,archived_neural_scores,,,,,,70.48071676190011,73.3950557593489,1.5874065458774567,34049,NVIDIA GeForce RTX 3090 Ti,historical execution; no matched-hardware comparison with current calibration times
resolution_g32__allen_cahn__correct,resolution_g32,allen_cahn,correct,32,ood,96,64,False,neural:transformer:none,0.2846348018031183,0.188197006028281,0.4096502732791013,0.5335117635095953,4,transformer,none,archived_neural_scores,,,,,,43.48366230202373,43.527835245244205,1.594774064142257,100993,NVIDIA GeForce RTX 3090 Ti,historical execution; no matched-hardware comparison with current calibration times
resolution_g32__allen_cahn__correct,resolution_g32,allen_cahn,correct,32,ood,96,64,False,neural:transformer:smooth,0.5875287795860171,0.4273161707416853,0.7767473392408806,0.7665042593397751,4,transformer,smooth,archived_neural_scores,,,,,,73.93603051954415,76.85446161427535,1.6522280755452812,100993,NVIDIA GeForce RTX 3090 Ti,historical execution; no matched-hardware comparison with current calibration times
resolution_g32__allen_cahn__correct,resolution_g32,allen_cahn,correct,32,ood,96,64,False,validation_best_neural,0.017690374495810773,0.004876301546926245,0.037496507053738734,0.13300516717710922,4,validation_best_neural,,frozen_validation_selection,,,,,,,,,,,
resolution_g32__allen_cahn__correct,resolution_g32,allen_cahn,correct,32,ood,96,64,False,validation_selected_route,1.8296595958939514e-11,1.604717440045785e-11,2.0752159875936433e-11,4.277452040518925e-06,4,validation_selected_route,,frozen_validation_selection,,,,,,,,,,,
resolution_g32__wave__coefficient,resolution_g32,wave,coefficient,32,test,64,64,True,calibrated,6.169543753974572e-11,4.486149491541545e-11,7.976435663218249e-11,7.854644329296248e-06,0,physics_calibrated,,new_frozen_physics_evaluation,0,0,0,6.169543753974572e-11,0.6043659249990014,,,,,,
resolution_g32__wave__coefficient,resolution_g32,wave,coefficient,32,test,64,64,True,uncalibrated,0.41355172672824736,0.36779244586556537,0.4608570824341167,0.6430798758538844,0,physics_uncalibrated,,new_frozen_physics_evaluation,0,0,0,0.41355172672824736,0.0,,,,,,
resolution_g32__wave__coefficient,resolution_g32,wave,coefficient,32,test,64,64,True,persistence,1.8038918814695535,1.6249358510810197,1.9974067372534037,1.3430904219260718,0,persistence,,new_frozen_physics_evaluation,0,0,0,1.8038918814695535,0.0,,,,,,
resolution_g32__wave__coefficient,resolution_g32,wave,coefficient,32,test,64,64,True,neural:fno:none,0.0003547843655189312,0.0002887876545669639,0.0004234899828239882,0.018835720467211527,4,fno,none,archived_neural_scores,,,,,,25.15901200217195,25.19362273637671,1.2592353275977075,210306,NVIDIA GeForce RTX 3090 Ti,historical execution; no matched-hardware comparison with current calibration times
resolution_g32__wave__coefficient,resolution_g32,wave,coefficient,32,test,64,64,True,neural:fno:smooth,0.0024712025153001693,0.0016793440501711673,0.003284090164846936,0.04971119104688772,4,fno,smooth,archived_neural_scores,,,,,,42.36732094781473,44.32082879380323,1.2651073513552547,210306,NVIDIA GeForce RTX 3090 Ti,historical execution; no matched-hardware comparison with current calibration times
resolution_g32__wave__coefficient,resolution_g32,wave,coefficient,32,test,64,64,True,neural:looped:none,0.003042797602079872,0.002467800268442946,0.003739662610124902,0.05516155909761681,4,looped,none,archived_neural_scores,,,,,,39.72133411944378,39.76261751039419,1.5813350561074913,34178,NVIDIA GeForce RTX 3090 Ti,historical execution; no matched-hardware comparison with current calibration times
resolution_g32__wave__coefficient,resolution_g32,wave,coefficient,32,test,64,64,True,neural:looped:smooth,0.006916466783315825,0.0056461200522531585,0.008393411532222153,0.08316529795122377,4,looped,smooth,archived_neural_scores,,,,,,70.39697646384593,72.35434259241447,1.5753090498037636,34178,NVIDIA GeForce RTX 3090 Ti,historical execution; no matched-hardware comparison with current calibration times
resolution_g32__wave__coefficient,resolution_g32,wave,coefficient,32,test,64,64,True,neural:transformer:none,0.0026831578901313075,0.002145164907428159,0.00333840492433364,0.051799207427636454,4,transformer,none,archived_neural_scores,,,,,,43.63088068214711,43.675982692861,1.585851050913334,101122,NVIDIA GeForce RTX 3090 Ti,historical execution; no matched-hardware comparison with current calibration times
resolution_g32__wave__coefficient,resolution_g32,wave,coefficient,32,test,64,64,True,neural:transformer:smooth,0.006899404233935175,0.005188847224547341,0.0085679842387307,0.08306265246147136,4,transformer,smooth,archived_neural_scores,,,,,,73.89325552887749,75.85503405984491,1.5902088256552815,101122,NVIDIA GeForce RTX 3090 Ti,historical execution; no matched-hardware comparison with current calibration times
resolution_g32__wave__coefficient,resolution_g32,wave,coefficient,32,test,64,64,True,validation_best_neural,0.0003547843655189312,0.0002887876545669639,0.0004234899828239882,0.018835720467211527,4,validation_best_neural,,frozen_validation_selection,,,,,,,,,,,
resolution_g32__wave__coefficient,resolution_g32,wave,coefficient,32,test,64,64,True,validation_selected_route,6.169543753974572e-11,4.486149491541545e-11,7.976435663218249e-11,7.854644329296248e-06,4,validation_selected_route,,frozen_validation_selection,,,,,,,,,,,
resolution_g32__wave__coefficient,resolution_g32,wave,coefficient,32,test,96,64,False,calibrated,1.221013840420381e-10,8.95280352233003e-11,1.5670868662445345e-10,1.1049949504049242e-05,0,physics_calibrated,,new_frozen_physics_evaluation,0,0,0,1.221013840420381e-10,0.6043659249990014,,,,,,
resolution_g32__wave__coefficient,resolution_g32,wave,coefficient,32,test,96,64,False,uncalibrated,0.6024088925045064,0.5422684390828061,0.6658639969977145,0.7761500450972778,0,physics_uncalibrated,,new_frozen_physics_evaluation,0,0,0,0.6024088925045064,0.0,,,,,,
resolution_g32__wave__coefficient,resolution_g32,wave,coefficient,32,test,96,64,False,persistence,1.8723386259798647,1.6861629912315788,2.0798629629705143,1.3683342522862842,0,persistence,,new_frozen_physics_evaluation,0,0,0,1.8723386259798647,0.0,,,,,,
resolution_g32__wave__coefficient,resolution_g32,wave,coefficient,32,test,96,64,False,neural:fno:none,0.0005928292824398939,0.0004777647301456645,0.0007231545336076094,0.02434808580648372,4,fno,none,archived_neural_scores,,,,,,25.15901200217195,25.19362273637671,1.2592353275977075,210306,NVIDIA GeForce RTX 3090 Ti,historical execution; no matched-hardware comparison with current calibration times
resolution_g32__wave__coefficient,resolution_g32,wave,coefficient,32,test,96,64,False,neural:fno:smooth,0.00474944419591696,0.0031077984221125825,0.006419109287665147,0.06891621141587051,4,fno,smooth,archived_neural_scores,,,,,,42.36732094781473,44.32082879380323,1.2651073513552547,210306,NVIDIA GeForce RTX 3090 Ti,historical execution; no matched-hardware comparison with current calibration times
resolution_g32__wave__coefficient,resolution_g32,wave,coefficient,32,test,96,64,False,neural:looped:none,0.004730589067555191,0.0037922335932458954,0.0058686386954176955,0.0687792778935283,4,looped,none,archived_neural_scores,,,,,,39.72133411944378,39.76261751039419,1.5813350561074913,34178,NVIDIA GeForce RTX 3090 Ti,historical execution; no matched-hardware comparison with current calibration times
resolution_g32__wave__coefficient,resolution_g32,wave,coefficient,32,test,96,64,False,neural:looped:smooth,0.011662883398926377,0.009337028095466986,0.01443704801700401,0.1079948304268606,4,looped,smooth,archived_neural_scores,,,,,,70.39697646384593,72.35434259241447,1.5753090498037636,34178,NVIDIA GeForce RTX 3090 Ti,historical execution; no matched-hardware comparison with current calibration times
resolution_g32__wave__coefficient,resolution_g32,wave,coefficient,32,test,96,64,False,neural:transformer:none,0.0041418236259567285,0.0032732154908742496,0.005205654696603179,0.06435700137480559,4,transformer,none,archived_neural_scores,,,,,,43.63088068214711,43.675982692861,1.585851050913334,101122,NVIDIA GeForce RTX 3090 Ti,historical execution; no matched-hardware comparison with current calibration times
resolution_g32__wave__coefficient,resolution_g32,wave,coefficient,32,test,96,64,False,neural:transformer:smooth,0.011730493115224061,0.008735318165209732,0.014638466851701155,0.10830740101777007,4,transformer,smooth,archived_neural_scores,,,,,,73.89325552887749,75.85503405984491,1.5902088256552815,101122,NVIDIA GeForce RTX 3090 Ti,historical execution; no matched-hardware comparison with current calibration times
resolution_g32__wave__coefficient,resolution_g32,wave,coefficient,32,test,96,64,False,validation_best_neural,0.0005928292824398939,0.0004777647301456645,0.0007231545336076094,0.02434808580648372,4,validation_best_neural,,frozen_validation_selection,,,,,,,,,,,
resolution_g32__wave__coefficient,resolution_g32,wave,coefficient,32,test,96,64,False,validation_selected_route,1.221013840420381e-10,8.952803522330031e-11,1.5670868662445345e-10,1.1049949504049242e-05,4,validation_selected_route,,frozen_validation_selection,,,,,,,,,,,
resolution_g32__wave__coefficient,resolution_g32,wave,coefficient,32,ood,64,64,True,calibrated,2.2070312619309375e-09,1.896928575697286e-09,2.5175333071657493e-09,4.697905130939681e-05,0,physics_calibrated,,new_frozen_physics_evaluation,0,0,0,2.2070312619309375e-09,0.6043659249990014,,,,,,
resolution_g32__wave__coefficient,resolution_g32,wave,coefficient,32,ood,64,64,True,uncalibrated,0.6947557939500939,0.648799820945635,0.7414534975242247,0.8335201221026964,0,physics_uncalibrated,,new_frozen_physics_evaluation,0,0,0,0.6947557939500939,0.0,,,,,,
resolution_g32__wave__coefficient,resolution_g32,wave,coefficient,32,ood,64,64,True,persistence,1.8752147398470242,1.7255781274576123,2.030194158792585,1.3693848034234293,0,persistence,,new_frozen_physics_evaluation,0,0,0,1.8752147398470242,0.0,,,,,,
resolution_g32__wave__coefficient,resolution_g32,wave,coefficient,32,ood,64,64,True,neural:fno:none,0.0559860240690328,0.0412476589884073,0.07061036817999063,0.2366136599375294,4,fno,none,archived_neural_scores,,,,,,25.15901200217195,25.19362273637671,1.2592353275977075,210306,NVIDIA GeForce RTX 3090 Ti,historical execution; no matched-hardware comparison with current calibration times
resolution_g32__wave__coefficient,resolution_g32,wave,coefficient,32,ood,64,64,True,neural:fno:smooth,0.10375928126145828,0.08734223475536795,0.1215093656739873,0.32211687515785054,4,fno,smooth,archived_neural_scores,,,,,,42.36732094781473,44.32082879380323,1.2651073513552547,210306,NVIDIA GeForce RTX 3090 Ti,historical execution; no matched-hardware comparison with current calibration times
resolution_g32__wave__coefficient,resolution_g32,wave,coefficient,32,ood,64,64,True,neural:looped:none,1.0871150079582819,0.8863474138197031,1.2881706579132743,1.0426480748355516,4,looped,none,archived_neural_scores,,,,,,39.72133411944378,39.76261751039419,1.5813350561074913,34178,NVIDIA GeForce RTX 3090 Ti,historical execution; no matched-hardware comparison with current calibration times
resolution_g32__wave__coefficient,resolution_g32,wave,coefficient,32,ood,64,64,True,neural:looped:smooth,1.072181745258824,0.8998205348571592,1.2231884018124102,1.0354620926228173,4,looped,smooth,archived_neural_scores,,,,,,70.39697646384593,72.35434259241447,1.5753090498037636,34178,NVIDIA GeForce RTX 3090 Ti,historical execution; no matched-hardware comparison with current calibration times
resolution_g32__wave__coefficient,resolution_g32,wave,coefficient,32,ood,64,64,True,neural:transformer:none,0.9396860820718373,0.854252819574984,1.029315197965459,0.969374067154593,4,transformer,none,archived_neural_scores,,,,,,43.63088068214711,43.675982692861,1.585851050913334,101122,NVIDIA GeForce RTX 3090 Ti,historical execution; no matched-hardware comparison with current calibration times
resolution_g32__wave__coefficient,resolution_g32,wave,coefficient,32,ood,64,64,True,neural:transformer:smooth,0.9762603212620178,0.8526077447690856,1.1131604542126492,0.9880588652818302,4,transformer,smooth,archived_neural_scores,,,,,,73.89325552887749,75.85503405984491,1.5902088256552815,101122,NVIDIA GeForce RTX 3090 Ti,historical execution; no matched-hardware comparison with current calibration times
resolution_g32__wave__coefficient,resolution_g32,wave,coefficient,32,ood,64,64,True,validation_best_neural,0.0559860240690328,0.0412476589884073,0.07061036817999063,0.2366136599375294,4,validation_best_neural,,frozen_validation_selection,,,,,,,,,,,
resolution_g32__wave__coefficient,resolution_g32,wave,coefficient,32,ood,64,64,True,validation_selected_route,2.2070312619309375e-09,1.896928575697286e-09,2.5175333071657493e-09,4.697905130939681e-05,4,validation_selected_route,,frozen_validation_selection,,,,,,,,,,,
resolution_g32__wave__coefficient,resolution_g32,wave,coefficient,32,ood,96,64,False,calibrated,4.062966562998763e-09,3.521893536176064e-09,4.603147881137155e-09,6.374140383611552e-05,0,physics_calibrated,,new_frozen_physics_evaluation,0,0,0,4.062966562998763e-09,0.6043659249990014,,,,,,
resolution_g32__wave__coefficient,resolution_g32,wave,coefficient,32,ood,96,64,False,uncalibrated,0.8587808394664382,0.8017217426750696,0.9160798820324478,0.9267042891162414,0,physics_uncalibrated,,new_frozen_physics_evaluation,0,0,0,0.8587808394664382,0.0,,,,,,
resolution_g32__wave__coefficient,resolution_g32,wave,coefficient,32,ood,96,64,False,persistence,1.6234940538226206,1.5086617340274981,1.7426582553314496,1.2741640607953988,0,persistence,,new_frozen_physics_evaluation,0,0,0,1.6234940538226206,0.0,,,,,,
resolution_g32__wave__coefficient,resolution_g32,wave,coefficient,32,ood,96,64,False,neural:fno:none,0.10321935863186418,0.07709609157178071,0.12926420309261,0.3212776970657381,4,fno,none,archived_neural_scores,,,,,,25.15901200217195,25.19362273637671,1.2592353275977075,210306,NVIDIA GeForce RTX 3090 Ti,historical execution; no matched-hardware comparison with current calibration times
resolution_g32__wave__coefficient,resolution_g32,wave,coefficient,32,ood,96,64,False,neural:fno:smooth,0.1798297676845649,0.1539359334856691,0.20767201357726814,0.42406340054827285,4,fno,smooth,archived_neural_scores,,,,,,42.36732094781473,44.32082879380323,1.2651073513552547,210306,NVIDIA GeForce RTX 3090 Ti,historical execution; no matched-hardware comparison with current calibration times
resolution_g32__wave__coefficient,resolution_g32,wave,coefficient,32,ood,96,64,False,neural:looped:none,1.3321410612915798,1.0743606011745106,1.6009503733321493,1.15418415397699,4,looped,none,archived_neural_scores,,,,,,39.72133411944378,39.76261751039419,1.5813350561074913,34178,NVIDIA GeForce RTX 3090 Ti,historical execution; no matched-hardware comparison with current calibration times
resolution_g32__wave__coefficient,resolution_g32,wave,coefficient,32,ood,96,64,False,neural:looped:smooth,1.285808936584388,1.0799373154226724,1.4962214254541308,1.1339351553701773,4,looped,smooth,archived_neural_scores,,,,,,70.39697646384593,72.35434259241447,1.5753090498037636,34178,NVIDIA GeForce RTX 3090 Ti,historical execution; no matched-hardware comparison with current calibration times
resolution_g32__wave__coefficient,resolution_g32,wave,coefficient,32,ood,96,64,False,neural:transformer:none,1.0500846228040595,0.948252981311819,1.1525180021455244,1.0247363674643637,4,transformer,none,archived_neural_scores,,,,,,43.63088068214711,43.675982692861,1.585851050913334,101122,NVIDIA GeForce RTX 3090 Ti,historical execution; no matched-hardware comparison with current calibration times
resolution_g32__wave__coefficient,resolution_g32,wave,coefficient,32,ood,96,64,False,neural:transformer:smooth,1.055350186888925,0.9055147824656795,1.231770158746797,1.027302383375472,4,transformer,smooth,archived_neural_scores,,,,,,73.89325552887749,75.85503405984491,1.5902088256552815,101122,NVIDIA GeForce RTX 3090 Ti,historical execution; no matched-hardware comparison with current calibration times
resolution_g32__wave__coefficient,resolution_g32,wave,coefficient,32,ood,96,64,False,validation_best_neural,0.10321935863186418,0.07709609157178071,0.12926420309261,0.3212776970657381,4,validation_best_neural,,frozen_validation_selection,,,,,,,,,,,
resolution_g32__wave__coefficient,resolution_g32,wave,coefficient,32,ood,96,64,False,validation_selected_route,4.062966562998763e-09,3.521893536176065e-09,4.603147881137154e-09,6.374140383611552e-05,4,validation_selected_route,,frozen_validation_selection,,,,,,,,,,,
resolution_g32__wave__correct,resolution_g32,wave,correct,32,test,64,64,True,calibrated,6.26352546068619e-11,4.517359131383405e-11,8.107563492290102e-11,7.914243779847946e-06,0,physics_calibrated,,new_frozen_physics_evaluation,0,0,0,6.26352546068619e-11,0.45473272500021267,,,,,,
resolution_g32__wave__correct,resolution_g32,wave,correct,32,test,64,64,True,uncalibrated,1.1694559534182765e-10,8.71087762742777e-11,1.4814027180491555e-10,1.0814138677760132e-05,0,physics_uncalibrated,,new_frozen_physics_evaluation,0,0,0,1.1694559534182765e-10,0.0,,,,,,
resolution_g32__wave__correct,resolution_g32,wave,correct,32,test,64,64,True,persistence,1.8038918814695535,1.6233942205230094,1.995340542466084,1.3430904219260718,0,persistence,,new_frozen_physics_evaluation,0,0,0,1.8038918814695535,0.0,,,,,,
resolution_g32__wave__correct,resolution_g32,wave,correct,32,test,64,64,True,neural:fno:none,0.00035478636890543956,0.00028784279854114213,0.00042403467289802907,0.01883577364764823,4,fno,none,archived_neural_scores,,,,,,25.283504726248793,25.338495848700404,1.2592095765285194,210306,NVIDIA GeForce RTX 3090 Ti,historical execution; no matched-hardware comparison with current calibration times
resolution_g32__wave__correct,resolution_g32,wave,correct,32,test,64,64,True,neural:fno:smooth,0.00014764975337474206,0.00010277004628513864,0.0002108592596585744,0.012151121486296731,4,fno,smooth,archived_neural_scores,,,,,,42.38244779407978,44.327879253658466,1.251298829447478,210306,NVIDIA GeForce RTX 3090 Ti,historical execution; no matched-hardware comparison with current calibration times
resolution_g32__wave__correct,resolution_g32,wave,correct,32,test,64,64,True,neural:looped:none,0.0030427721932881208,0.0024484316247344613,0.003741387603959779,0.055161328784648765,4,looped,none,archived_neural_scores,,,,,,39.517553059151396,39.55748467473313,1.5798932989127934,34178,NVIDIA GeForce RTX 3090 Ti,historical execution; no matched-hardware comparison with current calibration times
resolution_g32__wave__correct,resolution_g32,wave,correct,32,test,64,64,True,neural:looped:smooth,0.0031068342637689123,0.002451305700514005,0.0038772827313610426,0.055738983339929264,4,looped,smooth,archived_neural_scores,,,,,,70.67188832722604,72.6219917278504,1.5833475510589778,34178,NVIDIA GeForce RTX 3090 Ti,historical execution; no matched-hardware comparison with current calibration times
resolution_g32__wave__correct,resolution_g32,wave,correct,32,test,64,64,True,neural:transformer:none,0.002683165878490521,0.0021531686101467734,0.003341967826178213,0.05179928453647329,4,transformer,none,archived_neural_scores,,,,,,43.49449662910774,43.7082991466159,1.5932585578411818,101122,NVIDIA GeForce RTX 3090 Ti,historical execution; no matched-hardware comparison with current calibration times
resolution_g32__wave__correct,resolution_g32,wave,correct,32,test,64,64,True,neural:transformer:smooth,0.002703211883051282,0.0020432810684376176,0.0033769888369550934,0.05199242140015487,4,transformer,smooth,archived_neural_scores,,,,,,74.29944925324526,76.25344802008476,1.6154190641827881,101122,NVIDIA GeForce RTX 3090 Ti,historical execution; no matched-hardware comparison with current calibration times
resolution_g32__wave__correct,resolution_g32,wave,correct,32,test,64,64,True,validation_best_neural,0.00014764975337474206,0.00010277004628513864,0.0002108592596585744,0.012151121486296731,4,validation_best_neural,,frozen_validation_selection,,,,,,,,,,,
resolution_g32__wave__correct,resolution_g32,wave,correct,32,test,64,64,True,validation_selected_route,6.26352546068619e-11,4.517359131383405e-11,8.107563492290102e-11,7.914243779847946e-06,4,validation_selected_route,,frozen_validation_selection,,,,,,,,,,,
resolution_g32__wave__correct,resolution_g32,wave,correct,32,test,96,64,False,calibrated,1.2391431369737968e-10,9.030470154065609e-11,1.5909197232213248e-10,1.1131680632203732e-05,0,physics_calibrated,,new_frozen_physics_evaluation,0,0,0,1.2391431369737968e-10,0.45473272500021267,,,,,,
resolution_g32__wave__correct,resolution_g32,wave,correct,32,test,96,64,False,uncalibrated,2.335573055247989e-10,1.7640126062876127e-10,2.924905871775243e-10,1.5282581768955103e-05,0,physics_uncalibrated,,new_frozen_physics_evaluation,0,0,0,2.335573055247989e-10,0.0,,,,,,
resolution_g32__wave__correct,resolution_g32,wave,correct,32,test,96,64,False,persistence,1.8723386259798647,1.6843465925488061,2.0769548045177646,1.3683342522862842,0,persistence,,new_frozen_physics_evaluation,0,0,0,1.8723386259798647,0.0,,,,,,
resolution_g32__wave__correct,resolution_g32,wave,correct,32,test,96,64,False,neural:fno:none,0.0005928276839778988,0.0004738486871485338,0.0007232668013942321,0.02434805298125291,4,fno,none,archived_neural_scores,,,,,,25.283504726248793,25.338495848700404,1.2592095765285194,210306,NVIDIA GeForce RTX 3090 Ti,historical execution; no matched-hardware comparison with current calibration times
resolution_g32__wave__correct,resolution_g32,wave,correct,32,test,96,64,False,neural:fno:smooth,0.0002632707488723846,0.00017990080746186103,0.00038145465001928583,0.016225620138299323,4,fno,smooth,archived_neural_scores,,,,,,42.38244779407978,44.327879253658466,1.251298829447478,210306,NVIDIA GeForce RTX 3090 Ti,historical execution; no matched-hardware comparison with current calibration times
resolution_g32__wave__correct,resolution_g32,wave,correct,32,test,96,64,False,neural:looped:none,0.004730558455798941,0.0037656430505274233,0.0058719882151592705,0.06877905535698307,4,looped,none,archived_neural_scores,,,,,,39.517553059151396,39.55748467473313,1.5798932989127934,34178,NVIDIA GeForce RTX 3090 Ti,historical execution; no matched-hardware comparison with current calibration times
resolution_g32__wave__correct,resolution_g32,wave,correct,32,test,96,64,False,neural:looped:smooth,0.004849383881445189,0.00383440333042082,0.006017440184070622,0.06963751777199693,4,looped,smooth,archived_neural_scores,,,,,,70.67188832722604,72.6219917278504,1.5833475510589778,34178,NVIDIA GeForce RTX 3090 Ti,historical execution; no matched-hardware comparison with current calibration times
resolution_g32__wave__correct,resolution_g32,wave,correct,32,test,96,64,False,neural:transformer:none,0.004141840307255379,0.0032814760388643256,0.005223972796163884,0.06435713097439459,4,transformer,none,archived_neural_scores,,,,,,43.49449662910774,43.7082991466159,1.5932585578411818,101122,NVIDIA GeForce RTX 3090 Ti,historical execution; no matched-hardware comparison with current calibration times
resolution_g32__wave__correct,resolution_g32,wave,correct,32,test,96,64,False,neural:transformer:smooth,0.00405210007157523,0.0030525089507170695,0.0051480997077515975,0.06365610788899388,4,transformer,smooth,archived_neural_scores,,,,,,74.29944925324526,76.25344802008476,1.6154190641827881,101122,NVIDIA GeForce RTX 3090 Ti,historical execution; no matched-hardware comparison with current calibration times
resolution_g32__wave__correct,resolution_g32,wave,correct,32,test,96,64,False,validation_best_neural,0.0002632707488723846,0.00017990080746186103,0.00038145465001928583,0.016225620138299323,4,validation_best_neural,,frozen_validation_selection,,,,,,,,,,,
resolution_g32__wave__correct,resolution_g32,wave,correct,32,test,96,64,False,validation_selected_route,1.2391431369737968e-10,9.030470154065609e-11,1.5909197232213245e-10,1.1131680632203732e-05,4,validation_selected_route,,frozen_validation_selection,,,,,,,,,,,
resolution_g32__wave__correct,resolution_g32,wave,correct,32,ood,64,64,True,calibrated,2.2134035276007565e-09,1.903260181192434e-09,2.5408524983754536e-09,4.70468227152563e-05,0,physics_calibrated,,new_frozen_physics_evaluation,0,0,0,2.2134035276007565e-09,0.45473272500021267,,,,,,
resolution_g32__wave__correct,resolution_g32,wave,correct,32,ood,64,64,True,uncalibrated,2.782841436335111e-09,2.408820811308581e-09,3.178302806000166e-09,5.2752643880047484e-05,0,physics_uncalibrated,,new_frozen_physics_evaluation,0,0,0,2.782841436335111e-09,0.0,,,,,,
resolution_g32__wave__correct,resolution_g32,wave,correct,32,ood,64,64,True,persistence,1.8752147398470242,1.726724507298178,2.038038210195856,1.3693848034234293,0,persistence,,new_frozen_physics_evaluation,0,0,0,1.8752147398470242,0.0,,,,,,
resolution_g32__wave__correct,resolution_g32,wave,correct,32,ood,64,64,True,neural:fno:none,0.0559860240690328,0.04092251985405881,0.07102080451809005,0.2366136599375294,4,fno,none,archived_neural_scores,,,,,,25.283504726248793,25.338495848700404,1.2592095765285194,210306,NVIDIA GeForce RTX 3090 Ti,historical execution; no matched-hardware comparison with current calibration times
resolution_g32__wave__correct,resolution_g32,wave,correct,32,ood,64,64,True,neural:fno:smooth,0.047609776454129005,0.03316538919239573,0.06308537261181824,0.2181966462944126,4,fno,smooth,archived_neural_scores,,,,,,42.38244779407978,44.327879253658466,1.251298829447478,210306,NVIDIA GeForce RTX 3090 Ti,historical execution; no matched-hardware comparison with current calibration times
resolution_g32__wave__correct,resolution_g32,wave,correct,32,ood,64,64,True,neural:looped:none,1.0871150868349275,0.8848065144883324,1.290080457869981,1.0426481126607037,4,looped,none,archived_neural_scores,,,,,,39.517553059151396,39.55748467473313,1.5798932989127934,34178,NVIDIA GeForce RTX 3090 Ti,historical execution; no matched-hardware comparison with current calibration times
resolution_g32__wave__correct,resolution_g32,wave,correct,32,ood,64,64,True,neural:looped:smooth,1.1726984939853722,0.9333533028748873,1.4169987575843381,1.0829120435129402,4,looped,smooth,archived_neural_scores,,,,,,70.67188832722604,72.6219917278504,1.5833475510589778,34178,NVIDIA GeForce RTX 3090 Ti,historical execution; no matched-hardware comparison with current calibration times
resolution_g32__wave__correct,resolution_g32,wave,correct,32,ood,64,64,True,neural:transformer:none,0.939685959036936,0.8566508975540064,1.0332823286538904,0.9693740036935878,4,transformer,none,archived_neural_scores,,,,,,43.49449662910774,43.7082991466159,1.5932585578411818,101122,NVIDIA GeForce RTX 3090 Ti,historical execution; no matched-hardware comparison with current calibration times
resolution_g32__wave__correct,resolution_g32,wave,correct,32,ood,64,64,True,neural:transformer:smooth,1.0055658236354788,0.8870516153046897,1.132682904719371,1.0027790502575724,4,transformer,smooth,archived_neural_scores,,,,,,74.29944925324526,76.25344802008476,1.6154190641827881,101122,NVIDIA GeForce RTX 3090 Ti,historical execution; no matched-hardware comparison with current calibration times
resolution_g32__wave__correct,resolution_g32,wave,correct,32,ood,64,64,True,validation_best_neural,0.047609776454129005,0.03316538919239573,0.06308537261181824,0.2181966462944126,4,validation_best_neural,,frozen_validation_selection,,,,,,,,,,,
resolution_g32__wave__correct,resolution_g32,wave,correct,32,ood,64,64,True,validation_selected_route,2.2134035276007565e-09,1.903260181192434e-09,2.5408524983754536e-09,4.70468227152563e-05,4,validation_selected_route,,frozen_validation_selection,,,,,,,,,,,
resolution_g32__wave__correct,resolution_g32,wave,correct,32,ood,96,64,False,calibrated,4.074629167216482e-09,3.528259053835807e-09,4.646713484262242e-09,6.38328220214059e-05,0,physics_calibrated,,new_frozen_physics_evaluation,0,0,0,4.074629167216482e-09,0.45473272500021267,,,,,,
resolution_g32__wave__correct,resolution_g32,wave,correct,32,ood,96,64,False,uncalibrated,5.10879281210595e-09,4.457568889587967e-09,5.791261244124897e-09,7.147581977218555e-05,0,physics_uncalibrated,,new_frozen_physics_evaluation,0,0,0,5.10879281210595e-09,0.0,,,,,,
resolution_g32__wave__correct,resolution_g32,wave,correct,32,ood,96,64,False,persistence,1.6234940538226206,1.5096484525039728,1.7480770577877176,1.2741640607953988,0,persistence,,new_frozen_physics_evaluation,0,0,0,1.6234940538226206,0.0,,,,,,
resolution_g32__wave__correct,resolution_g32,wave,correct,32,ood,96,64,False,neural:fno:none,0.10321935863186418,0.07668241196779294,0.12971851361905773,0.3212776970657381,4,fno,none,archived_neural_scores,,,,,,25.283504726248793,25.338495848700404,1.2592095765285194,210306,NVIDIA GeForce RTX 3090 Ti,historical execution; no matched-hardware comparison with current calibration times
resolution_g32__wave__correct,resolution_g32,wave,correct,32,ood,96,64,False,neural:fno:smooth,0.08172130888958287,0.05732471196842508,0.10786853428157421,0.28586939131285616,4,fno,smooth,archived_neural_scores,,,,,,42.38244779407978,44.327879253658466,1.251298829447478,210306,NVIDIA GeForce RTX 3090 Ti,historical execution; no matched-hardware comparison with current calibration times
resolution_g32__wave__correct,resolution_g32,wave,correct,32,ood,96,64,False,neural:looped:none,1.332140323480246,1.0724771811486205,1.6048591575051563,1.1541838343523296,4,looped,none,archived_neural_scores,,,,,,39.517553059151396,39.55748467473313,1.5798932989127934,34178,NVIDIA GeForce RTX 3090 Ti,historical execution; no matched-hardware comparison with current calibration times
resolution_g32__wave__correct,resolution_g32,wave,correct,32,ood,96,64,False,neural:looped:smooth,1.439937878287504,1.1241268460737623,1.801237898728612,1.1999741156739607,4,looped,smooth,archived_neural_scores,,,,,,70.67188832722604,72.6219917278504,1.5833475510589778,34178,NVIDIA GeForce RTX 3090 Ti,historical execution; no matched-hardware comparison with current calibration times
resolution_g32__wave__correct,resolution_g32,wave,correct,32,ood,96,64,False,neural:transformer:none,1.0500828483903224,0.9498084329733723,1.1573155256835832,1.024735501673638,4,transformer,none,archived_neural_scores,,,,,,43.49449662910774,43.7082991466159,1.5932585578411818,101122,NVIDIA GeForce RTX 3090 Ti,historical execution; no matched-hardware comparison with current calibration times
resolution_g32__wave__correct,resolution_g32,wave,correct,32,ood,96,64,False,neural:transformer:smooth,1.0995462957934308,0.951808667949694,1.2675570387230315,1.048592530868607,4,transformer,smooth,archived_neural_scores,,,,,,74.29944925324526,76.25344802008476,1.6154190641827881,101122,NVIDIA GeForce RTX 3090 Ti,historical execution; no matched-hardware comparison with current calibration times
resolution_g32__wave__correct,resolution_g32,wave,correct,32,ood,96,64,False,validation_best_neural,0.08172130888958287,0.05732471196842508,0.10786853428157421,0.28586939131285616,4,validation_best_neural,,frozen_validation_selection,,,,,,,,,,,
resolution_g32__wave__correct,resolution_g32,wave,correct,32,ood,96,64,False,validation_selected_route,4.074629167216481e-09,3.5282590538358066e-09,4.6467134842622435e-09,6.38328220214059e-05,4,validation_selected_route,,frozen_validation_selection,,,,,,,,,,,
resolution_g64__advection_diffusion__coefficient,resolution_g64,advection_diffusion,coefficient,64,test,64,64,True,calibrated,2.4621148923034074e-12,1.7588623958831215e-12,3.296134665381269e-12,1.5691127723345468e-06,0,physics_calibrated,,new_frozen_physics_evaluation,0,0,0,2.4621148923034074e-12,0.7696661519985355,,,,,,
resolution_g64__advection_diffusion__coefficient,resolution_g64,advection_diffusion,coefficient,64,test,64,64,True,uncalibrated,0.6843452418565761,0.5546417560097769,0.8279995134635615,0.8272516194342421,0,physics_uncalibrated,,new_frozen_physics_evaluation,0,0,0,0.6843452418565761,0.0,,,,,,
resolution_g64__advection_diffusion__coefficient,resolution_g64,advection_diffusion,coefficient,64,test,64,64,True,persistence,2.284433657354896,1.8583978674257011,2.764805483574336,1.5114343046771486,0,persistence,,new_frozen_physics_evaluation,0,0,0,2.284433657354896,0.0,,,,,,
resolution_g64__advection_diffusion__coefficient,resolution_g64,advection_diffusion,coefficient,64,test,64,64,True,neural:fno:none,0.000446428768592374,0.00034630926531045085,0.0005578032038663645,0.021128861033959546,4,fno,none,archived_neural_scores,,,,,,25.24184072529897,25.27669225016143,1.2602917035110295,209985,NVIDIA GeForce RTX 3090 Ti,historical execution; no matched-hardware comparison with current calibration times
resolution_g64__advection_diffusion__coefficient,resolution_g64,advection_diffusion,coefficient,64,test,64,64,True,neural:fno:smooth,0.002054883564123682,0.0014502123842695387,0.0028307743902251095,0.04533082355443901,4,fno,smooth,archived_neural_scores,,,,,,42.724939395091496,44.390321906423196,1.2656769715249538,209985,NVIDIA GeForce RTX 3090 Ti,historical execution; no matched-hardware comparison with current calibration times
resolution_g64__advection_diffusion__coefficient,resolution_g64,advection_diffusion,coefficient,64,test,64,64,True,neural:looped:none,0.0038629084201143304,0.0032149751704608058,0.004529992252709895,0.06215230019970565,4,looped,none,archived_neural_scores,,,,,,39.47785142553039,39.51699979859404,1.5799159067682922,34049,NVIDIA GeForce RTX 3090 Ti,historical execution; no matched-hardware comparison with current calibration times
resolution_g64__advection_diffusion__coefficient,resolution_g64,advection_diffusion,coefficient,64,test,64,64,True,neural:looped:smooth,0.009022392936275547,0.006531089917642683,0.012158697065932773,0.09498627762090452,4,looped,smooth,archived_neural_scores,,,,,,70.45912540215068,72.1309570746962,1.5966489329002798,34049,NVIDIA GeForce RTX 3090 Ti,historical execution; no matched-hardware comparison with current calibration times
resolution_g64__advection_diffusion__coefficient,resolution_g64,advection_diffusion,coefficient,64,test,64,64,True,neural:transformer:none,0.0016290375265280987,0.0012627224760868895,0.0020583807141540005,0.04036133702602156,4,transformer,none,archived_neural_scores,,,,,,43.16542616253719,43.210153258172795,1.5793664031662047,100993,NVIDIA GeForce RTX 3090 Ti,historical execution; no matched-hardware comparison with current calibration times
resolution_g64__advection_diffusion__coefficient,resolution_g64,advection_diffusion,coefficient,64,test,64,64,True,neural:transformer:smooth,0.007364762067045505,0.003682368508198197,0.011817918942314497,0.08581819193530883,4,transformer,smooth,archived_neural_scores,,,,,,73.16627737646922,74.84102866833564,1.578871684614569,100993,NVIDIA GeForce RTX 3090 Ti,historical execution; no matched-hardware comparison with current calibration times
resolution_g64__advection_diffusion__coefficient,resolution_g64,advection_diffusion,coefficient,64,test,64,64,True,validation_best_neural,0.000446428768592374,0.00034630926531045085,0.0005578032038663645,0.021128861033959546,4,validation_best_neural,,frozen_validation_selection,,,,,,,,,,,
resolution_g64__advection_diffusion__coefficient,resolution_g64,advection_diffusion,coefficient,64,test,64,64,True,validation_selected_route,2.4621148923034074e-12,1.7588623958831215e-12,3.296134665381269e-12,1.5691127723345468e-06,4,validation_selected_route,,frozen_validation_selection,,,,,,,,,,,
resolution_g64__advection_diffusion__coefficient,resolution_g64,advection_diffusion,coefficient,64,test,96,64,False,calibrated,4.272548172852631e-12,2.9098112459026513e-12,5.887557599176498e-12,2.0670143136545117e-06,0,physics_calibrated,,new_frozen_physics_evaluation,0,0,0,4.272548172852631e-12,0.7696661519985355,,,,,,
resolution_g64__advection_diffusion__coefficient,resolution_g64,advection_diffusion,coefficient,64,test,96,64,False,uncalibrated,0.9744071112448391,0.788959689798476,1.1821887220205478,0.9871206163609588,0,physics_uncalibrated,,new_frozen_physics_evaluation,0,0,0,0.9744071112448391,0.0,,,,,,
resolution_g64__advection_diffusion__coefficient,resolution_g64,advection_diffusion,coefficient,64,test,96,64,False,persistence,2.283803768966853,1.9082083047297629,2.703089131998838,1.5112259159261574,0,persistence,,new_frozen_physics_evaluation,0,0,0,2.283803768966853,0.0,,,,,,
resolution_g64__advection_diffusion__coefficient,resolution_g64,advection_diffusion,coefficient,64,test,96,64,False,neural:fno:none,0.0006863241248403518,0.0005277023458505266,0.0008699474671150843,0.02619778854866097,4,fno,none,archived_neural_scores,,,,,,25.24184072529897,25.27669225016143,1.2602917035110295,209985,NVIDIA GeForce RTX 3090 Ti,historical execution; no matched-hardware comparison with current calibration times
resolution_g64__advection_diffusion__coefficient,resolution_g64,advection_diffusion,coefficient,64,test,96,64,False,neural:fno:smooth,0.0031257206740217883,0.0020199618242720723,0.004540510672488735,0.055908144970315266,4,fno,smooth,archived_neural_scores,,,,,,42.724939395091496,44.390321906423196,1.2656769715249538,209985,NVIDIA GeForce RTX 3090 Ti,historical execution; no matched-hardware comparison with current calibration times
resolution_g64__advection_diffusion__coefficient,resolution_g64,advection_diffusion,coefficient,64,test,96,64,False,neural:looped:none,0.006281404221138653,0.004476017567569381,0.00870459942837947,0.07925531036554366,4,looped,none,archived_neural_scores,,,,,,39.47785142553039,39.51699979859404,1.5799159067682922,34049,NVIDIA GeForce RTX 3090 Ti,historical execution; no matched-hardware comparison with current calibration times
resolution_g64__advection_diffusion__coefficient,resolution_g64,advection_diffusion,coefficient,64,test,96,64,False,neural:looped:smooth,0.016730815403492603,0.00801536923130217,0.030683966900562472,0.1293476532585443,4,looped,smooth,archived_neural_scores,,,,,,70.45912540215068,72.1309570746962,1.5966489329002798,34049,NVIDIA GeForce RTX 3090 Ti,historical execution; no matched-hardware comparison with current calibration times
resolution_g64__advection_diffusion__coefficient,resolution_g64,advection_diffusion,coefficient,64,test,96,64,False,neural:transformer:none,0.0024692959029767687,0.001679115810294781,0.003492514028255675,0.04969201045416424,4,transformer,none,archived_neural_scores,,,,,,43.16542616253719,43.210153258172795,1.5793664031662047,100993,NVIDIA GeForce RTX 3090 Ti,historical execution; no matched-hardware comparison with current calibration times
resolution_g64__advection_diffusion__coefficient,resolution_g64,advection_diffusion,coefficient,64,test,96,64,False,neural:transformer:smooth,0.013922160885756929,0.00517892266090541,0.026379869200255403,0.11799220688569619,4,transformer,smooth,archived_neural_scores,,,,,,73.16627737646922,74.84102866833564,1.578871684614569,100993,NVIDIA GeForce RTX 3090 Ti,historical execution; no matched-hardware comparison with current calibration times
resolution_g64__advection_diffusion__coefficient,resolution_g64,advection_diffusion,coefficient,64,test,96,64,False,validation_best_neural,0.0006863241248403518,0.0005277023458505266,0.0008699474671150843,0.02619778854866097,4,validation_best_neural,,frozen_validation_selection,,,,,,,,,,,
resolution_g64__advection_diffusion__coefficient,resolution_g64,advection_diffusion,coefficient,64,test,96,64,False,validation_selected_route,4.272548172852633e-12,2.9098112459026513e-12,5.8875575991764995e-12,2.0670143136545117e-06,4,validation_selected_route,,frozen_validation_selection,,,,,,,,,,,
resolution_g64__advection_diffusion__coefficient,resolution_g64,advection_diffusion,coefficient,64,ood,64,64,True,calibrated,1.3944224512169182e-12,1.101861374353426e-12,1.7014923199334543e-12,1.180856659894383e-06,0,physics_calibrated,,new_frozen_physics_evaluation,0,0,0,1.3944224512169182e-12,0.7696661519985355,,,,,,
resolution_g64__advection_diffusion__coefficient,resolution_g64,advection_diffusion,coefficient,64,ood,64,64,True,uncalibrated,0.586601269237633,0.4825059719563967,0.6966826482025477,0.7658989941484667,0,physics_uncalibrated,,new_frozen_physics_evaluation,0,0,0,0.586601269237633,0.0,,,,,,
resolution_g64__advection_diffusion__coefficient,resolution_g64,advection_diffusion,coefficient,64,ood,64,64,True,persistence,1.3504375144481742,1.164500333047188,1.5459969571413665,1.1620832648516086,0,persistence,,new_frozen_physics_evaluation,0,0,0,1.3504375144481742,0.0,,,,,,
resolution_g64__advection_diffusion__coefficient,resolution_g64,advection_diffusion,coefficient,64,ood,64,64,True,neural:fno:none,0.049206144604447166,0.023734773722873147,0.07330948738485316,0.2218245807038687,4,fno,none,archived_neural_scores,,,,,,25.24184072529897,25.27669225016143,1.2602917035110295,209985,NVIDIA GeForce RTX 3090 Ti,historical execution; no matched-hardware comparison with current calibration times
resolution_g64__advection_diffusion__coefficient,resolution_g64,advection_diffusion,coefficient,64,ood,64,64,True,neural:fno:smooth,0.02250929691634851,0.016544933746652772,0.03055223922754731,0.1500309865206135,4,fno,smooth,archived_neural_scores,,,,,,42.724939395091496,44.390321906423196,1.2656769715249538,209985,NVIDIA GeForce RTX 3090 Ti,historical execution; no matched-hardware comparison with current calibration times
resolution_g64__advection_diffusion__coefficient,resolution_g64,advection_diffusion,coefficient,64,ood,64,64,True,neural:looped:none,7.755529290176952,1.548622049112635,16.1704472972306,2.784875094178723,4,looped,none,archived_neural_scores,,,,,,39.47785142553039,39.51699979859404,1.5799159067682922,34049,NVIDIA GeForce RTX 3090 Ti,historical execution; no matched-hardware comparison with current calibration times
resolution_g64__advection_diffusion__coefficient,resolution_g64,advection_diffusion,coefficient,64,ood,64,64,True,neural:looped:smooth,2.535188037439518,1.1152078250522226,3.825555138953106,1.5922273824550053,4,looped,smooth,archived_neural_scores,,,,,,70.45912540215068,72.1309570746962,1.5966489329002798,34049,NVIDIA GeForce RTX 3090 Ti,historical execution; no matched-hardware comparison with current calibration times
resolution_g64__advection_diffusion__coefficient,resolution_g64,advection_diffusion,coefficient,64,ood,64,64,True,neural:transformer:none,1.2092657748682853,0.7396114907560385,1.6629036345274322,1.0996662106604373,4,transformer,none,archived_neural_scores,,,,,,43.16542616253719,43.210153258172795,1.5793664031662047,100993,NVIDIA GeForce RTX 3090 Ti,historical execution; no matched-hardware comparison with current calibration times
resolution_g64__advection_diffusion__coefficient,resolution_g64,advection_diffusion,coefficient,64,ood,64,64,True,neural:transformer:smooth,1.341899019730171,0.7835602334652927,1.881466209749059,1.1584036514661766,4,transformer,smooth,archived_neural_scores,,,,,,73.16627737646922,74.84102866833564,1.578871684614569,100993,NVIDIA GeForce RTX 3090 Ti,historical execution; no matched-hardware comparison with current calibration times
resolution_g64__advection_diffusion__coefficient,resolution_g64,advection_diffusion,coefficient,64,ood,64,64,True,validation_best_neural,0.049206144604447166,0.023734773722873147,0.07330948738485316,0.2218245807038687,4,validation_best_neural,,frozen_validation_selection,,,,,,,,,,,
resolution_g64__advection_diffusion__coefficient,resolution_g64,advection_diffusion,coefficient,64,ood,64,64,True,validation_selected_route,1.3944224512169182e-12,1.101861374353426e-12,1.7014923199334543e-12,1.180856659894383e-06,4,validation_selected_route,,frozen_validation_selection,,,,,,,,,,,
resolution_g64__advection_diffusion__coefficient,resolution_g64,advection_diffusion,coefficient,64,ood,96,64,False,calibrated,2.0734768123046286e-12,1.6071605708815634e-12,2.5749352478121836e-12,1.4399572258593756e-06,0,physics_calibrated,,new_frozen_physics_evaluation,0,0,0,2.0734768123046286e-12,0.7696661519985355,,,,,,
resolution_g64__advection_diffusion__coefficient,resolution_g64,advection_diffusion,coefficient,64,ood,96,64,False,uncalibrated,0.6803638660506219,0.5573013630568221,0.8117339372766244,0.8248417218173568,0,physics_uncalibrated,,new_frozen_physics_evaluation,0,0,0,0.6803638660506219,0.0,,,,,,
resolution_g64__advection_diffusion__coefficient,resolution_g64,advection_diffusion,coefficient,64,ood,96,64,False,persistence,1.3387318533412251,1.1650956704680433,1.5173275942858888,1.1570358046928475,0,persistence,,new_frozen_physics_evaluation,0,0,0,1.3387318533412251,0.0,,,,,,
resolution_g64__advection_diffusion__coefficient,resolution_g64,advection_diffusion,coefficient,64,ood,96,64,False,neural:fno:none,0.07144209818428951,0.033275713612639035,0.10937872283422917,0.26728654695717385,4,fno,none,archived_neural_scores,,,,,,25.24184072529897,25.27669225016143,1.2602917035110295,209985,NVIDIA GeForce RTX 3090 Ti,historical execution; no matched-hardware comparison with current calibration times
resolution_g64__advection_diffusion__coefficient,resolution_g64,advection_diffusion,coefficient,64,ood,96,64,False,neural:fno:smooth,0.03312930413763704,0.02434944853459209,0.04495375706300642,0.18201457122339695,4,fno,smooth,archived_neural_scores,,,,,,42.724939395091496,44.390321906423196,1.2656769715249538,209985,NVIDIA GeForce RTX 3090 Ti,historical execution; no matched-hardware comparison with current calibration times
resolution_g64__advection_diffusion__coefficient,resolution_g64,advection_diffusion,coefficient,64,ood,96,64,False,neural:looped:none,22.14571872475011,3.02702640891909,49.90725056310803,4.705923790792846,4,looped,none,archived_neural_scores,,,,,,39.47785142553039,39.51699979859404,1.5799159067682922,34049,NVIDIA GeForce RTX 3090 Ti,historical execution; no matched-hardware comparison with current calibration times
resolution_g64__advection_diffusion__coefficient,resolution_g64,advection_diffusion,coefficient,64,ood,96,64,False,neural:looped:smooth,7.395931382304369,2.00441345540452,13.446231481629155,2.719546172122174,4,looped,smooth,archived_neural_scores,,,,,,70.45912540215068,72.1309570746962,1.5966489329002798,34049,NVIDIA GeForce RTX 3090 Ti,historical execution; no matched-hardware comparison with current calibration times
resolution_g64__advection_diffusion__coefficient,resolution_g64,advection_diffusion,coefficient,64,ood,96,64,False,neural:transformer:none,1.740269279179595,0.8768094979759301,2.606787299135195,1.3191926618881697,4,transformer,none,archived_neural_scores,,,,,,43.16542616253719,43.210153258172795,1.5793664031662047,100993,NVIDIA GeForce RTX 3090 Ti,historical execution; no matched-hardware comparison with current calibration times
resolution_g64__advection_diffusion__coefficient,resolution_g64,advection_diffusion,coefficient,64,ood,96,64,False,neural:transformer:smooth,1.886554934476128,0.9175920024305466,2.977192896692757,1.37351917877987,4,transformer,smooth,archived_neural_scores,,,,,,73.16627737646922,74.84102866833564,1.578871684614569,100993,NVIDIA GeForce RTX 3090 Ti,historical execution; no matched-hardware comparison with current calibration times
resolution_g64__advection_diffusion__coefficient,resolution_g64,advection_diffusion,coefficient,64,ood,96,64,False,validation_best_neural,0.07144209818428951,0.033275713612639035,0.10937872283422917,0.26728654695717385,4,validation_best_neural,,frozen_validation_selection,,,,,,,,,,,
resolution_g64__advection_diffusion__coefficient,resolution_g64,advection_diffusion,coefficient,64,ood,96,64,False,validation_selected_route,2.0734768123046286e-12,1.6071605708815634e-12,2.5749352478121836e-12,1.4399572258593756e-06,4,validation_selected_route,,frozen_validation_selection,,,,,,,,,,,
resolution_g64__advection_diffusion__correct,resolution_g64,advection_diffusion,correct,64,test,64,64,True,calibrated,2.3795059667397735e-12,1.7091614403188998e-12,3.1257265456941144e-12,1.5425647366447132e-06,0,physics_calibrated,,new_frozen_physics_evaluation,0,0,0,2.3795059667397735e-12,0.5114431229994807,,,,,,
resolution_g64__advection_diffusion__correct,resolution_g64,advection_diffusion,correct,64,test,64,64,True,uncalibrated,2.3719585895269115e-12,1.7001018821677412e-12,3.1212623833077745e-12,1.540116420770492e-06,0,physics_uncalibrated,,new_frozen_physics_evaluation,0,0,0,2.3719585895269115e-12,0.0,,,,,,
resolution_g64__advection_diffusion__correct,resolution_g64,advection_diffusion,correct,64,test,64,64,True,persistence,2.284433657354896,1.866289434941119,2.7359494053000586,1.5114343046771486,0,persistence,,new_frozen_physics_evaluation,0,0,0,2.284433657354896,0.0,,,,,,
resolution_g64__advection_diffusion__correct,resolution_g64,advection_diffusion,correct,64,test,64,64,True,neural:fno:none,0.0004353958452193989,0.00033335039903910563,0.0005488505309737049,0.020866141119512224,4,fno,none,archived_neural_scores,,,,,,25.234695325256325,25.270332995802164,1.2585432268679142,209985,NVIDIA GeForce RTX 3090 Ti,historical execution; no matched-hardware comparison with current calibration times
resolution_g64__advection_diffusion__correct,resolution_g64,advection_diffusion,correct,64,test,64,64,True,neural:fno:smooth,0.0001507772125546301,9.662164072958873e-05,0.0002304361033051712,0.01227913728869541,4,fno,smooth,archived_neural_scores,,,,,,42.78747345821466,44.42782523762435,1.2566967168822885,209985,NVIDIA GeForce RTX 3090 Ti,historical execution; no matched-hardware comparison with current calibration times
resolution_g64__advection_diffusion__correct,resolution_g64,advection_diffusion,correct,64,test,64,64,True,neural:looped:none,0.0038628679517837827,0.003215883775243113,0.004500239306986169,0.062151974641066574,4,looped,none,archived_neural_scores,,,,,,39.75419380236417,39.79370086174458,1.577272650320083,34049,NVIDIA GeForce RTX 3090 Ti,historical execution; no matched-hardware comparison with current calibration times
resolution_g64__advection_diffusion__correct,resolution_g64,advection_diffusion,correct,64,test,64,64,True,neural:looped:smooth,0.004665021434605843,0.0034547499511097036,0.005940314460124704,0.06830096217920976,4,looped,smooth,archived_neural_scores,,,,,,69.83826490025967,71.4837303966051,1.5773594030179083,34049,NVIDIA GeForce RTX 3090 Ti,historical execution; no matched-hardware comparison with current calibration times
resolution_g64__advection_diffusion__correct,resolution_g64,advection_diffusion,correct,64,test,64,64,True,neural:transformer:none,0.0016289262843475621,0.0012509252848684044,0.002060074647656854,0.04035995892400737,4,transformer,none,archived_neural_scores,,,,,,43.15357780852355,43.19690667302348,1.5788473887369037,100993,NVIDIA GeForce RTX 3090 Ti,historical execution; no matched-hardware comparison with current calibration times
resolution_g64__advection_diffusion__correct,resolution_g64,advection_diffusion,correct,64,test,64,64,True,neural:transformer:smooth,0.0018389460538037194,0.0013638173883212708,0.0023648080989991573,0.04288293429563466,4,transformer,smooth,archived_neural_scores,,,,,,73.77807762683369,75.42760069738142,1.5771421371027827,100993,NVIDIA GeForce RTX 3090 Ti,historical execution; no matched-hardware comparison with current calibration times
resolution_g64__advection_diffusion__correct,resolution_g64,advection_diffusion,correct,64,test,64,64,True,validation_best_neural,0.0001507772125546301,9.662164072958873e-05,0.0002304361033051712,0.01227913728869541,4,validation_best_neural,,frozen_validation_selection,,,,,,,,,,,
resolution_g64__advection_diffusion__correct,resolution_g64,advection_diffusion,correct,64,test,64,64,True,validation_selected_route,2.3795059667397735e-12,1.7091614403188998e-12,3.1257265456941144e-12,1.5425647366447132e-06,4,validation_selected_route,,frozen_validation_selection,,,,,,,,,,,
resolution_g64__advection_diffusion__correct,resolution_g64,advection_diffusion,correct,64,test,96,64,False,calibrated,4.24379761137698e-12,2.900506328009904e-12,5.804331501201313e-12,2.0600479633680813e-06,0,physics_calibrated,,new_frozen_physics_evaluation,0,0,0,4.24379761137698e-12,0.5114431229994807,,,,,,
resolution_g64__advection_diffusion__correct,resolution_g64,advection_diffusion,correct,64,test,96,64,False,uncalibrated,4.211284576397549e-12,2.8761125773605625e-12,5.770016153335853e-12,2.052141461107774e-06,0,physics_uncalibrated,,new_frozen_physics_evaluation,0,0,0,4.211284576397549e-12,0.0,,,,,,
resolution_g64__advection_diffusion__correct,resolution_g64,advection_diffusion,correct,64,test,96,64,False,persistence,2.283803768966853,1.9071212126149588,2.689106399734592,1.5112259159261574,0,persistence,,new_frozen_physics_evaluation,0,0,0,2.283803768966853,0.0,,,,,,
resolution_g64__advection_diffusion__correct,resolution_g64,advection_diffusion,correct,64,test,96,64,False,neural:fno:none,0.0006342070337748506,0.000495151534261824,0.0007859369289387865,0.02518346746925154,4,fno,none,archived_neural_scores,,,,,,25.234695325256325,25.270332995802164,1.2585432268679142,209985,NVIDIA GeForce RTX 3090 Ti,historical execution; no matched-hardware comparison with current calibration times
resolution_g64__advection_diffusion__correct,resolution_g64,advection_diffusion,correct,64,test,96,64,False,neural:fno:smooth,0.00022946813211125743,0.0001318935710682621,0.00036918004074500924,0.015148205573970055,4,fno,smooth,archived_neural_scores,,,,,,42.78747345821466,44.42782523762435,1.2566967168822885,209985,NVIDIA GeForce RTX 3090 Ti,historical execution; no matched-hardware comparison with current calibration times
resolution_g64__advection_diffusion__correct,resolution_g64,advection_diffusion,correct,64,test,96,64,False,neural:looped:none,0.0062812822455951545,0.004431880081714761,0.008753700902180679,0.07925454085158247,4,looped,none,archived_neural_scores,,,,,,39.75419380236417,39.79370086174458,1.577272650320083,34049,NVIDIA GeForce RTX 3090 Ti,historical execution; no matched-hardware comparison with current calibration times
resolution_g64__advection_diffusion__correct,resolution_g64,advection_diffusion,correct,64,test,96,64,False,neural:looped:smooth,0.00957346279901683,0.004067981410186198,0.018494877057477474,0.09784407390852463,4,looped,smooth,archived_neural_scores,,,,,,69.83826490025967,71.4837303966051,1.5773594030179083,34049,NVIDIA GeForce RTX 3090 Ti,historical execution; no matched-hardware comparison with current calibration times
resolution_g64__advection_diffusion__correct,resolution_g64,advection_diffusion,correct,64,test,96,64,False,neural:transformer:none,0.0024689372179302433,0.0016609316342432556,0.0035210051328906505,0.04968840124143906,4,transformer,none,archived_neural_scores,,,,,,43.15357780852355,43.19690667302348,1.5788473887369037,100993,NVIDIA GeForce RTX 3090 Ti,historical execution; no matched-hardware comparison with current calibration times
resolution_g64__advection_diffusion__correct,resolution_g64,advection_diffusion,correct,64,test,96,64,False,neural:transformer:smooth,0.0027627087765185005,0.0016438880795020883,0.0041933998719206516,0.05256147616380747,4,transformer,smooth,archived_neural_scores,,,,,,73.77807762683369,75.42760069738142,1.5771421371027827,100993,NVIDIA GeForce RTX 3090 Ti,historical execution; no matched-hardware comparison with current calibration times
resolution_g64__advection_diffusion__correct,resolution_g64,advection_diffusion,correct,64,test,96,64,False,validation_best_neural,0.00022946813211125743,0.0001318935710682621,0.00036918004074500924,0.015148205573970055,4,validation_best_neural,,frozen_validation_selection,,,,,,,,,,,
resolution_g64__advection_diffusion__correct,resolution_g64,advection_diffusion,correct,64,test,96,64,False,validation_selected_route,4.24379761137698e-12,2.9005063280099035e-12,5.804331501201315e-12,2.0600479633680813e-06,4,validation_selected_route,,frozen_validation_selection,,,,,,,,,,,
resolution_g64__advection_diffusion__correct,resolution_g64,advection_diffusion,correct,64,ood,64,64,True,calibrated,1.2217891229070599e-12,9.48703459154532e-13,1.5046556769970548e-12,1.105345702894375e-06,0,physics_calibrated,,new_frozen_physics_evaluation,0,0,0,1.2217891229070599e-12,0.5114431229994807,,,,,,
resolution_g64__advection_diffusion__correct,resolution_g64,advection_diffusion,correct,64,ood,64,64,True,uncalibrated,1.1812196071789283e-12,9.076691110586447e-13,1.4709356024270231e-12,1.086839273848221e-06,0,physics_uncalibrated,,new_frozen_physics_evaluation,0,0,0,1.1812196071789283e-12,0.0,,,,,,
resolution_g64__advection_diffusion__correct,resolution_g64,advection_diffusion,correct,64,ood,64,64,True,persistence,1.3504375144481742,1.166655271206625,1.5474821587829408,1.1620832648516086,0,persistence,,new_frozen_physics_evaluation,0,0,0,1.3504375144481742,0.0,,,,,,
resolution_g64__advection_diffusion__correct,resolution_g64,advection_diffusion,correct,64,ood,64,64,True,neural:fno:none,0.05062319779995572,0.02562096044553223,0.07399376943202654,0.22499599507536955,4,fno,none,archived_neural_scores,,,,,,25.234695325256325,25.270332995802164,1.2585432268679142,209985,NVIDIA GeForce RTX 3090 Ti,historical execution; no matched-hardware comparison with current calibration times
resolution_g64__advection_diffusion__correct,resolution_g64,advection_diffusion,correct,64,ood,64,64,True,neural:fno:smooth,0.029218411772438724,0.0164455095742017,0.043108595783302284,0.1709339397908991,4,fno,smooth,archived_neural_scores,,,,,,42.78747345821466,44.42782523762435,1.2566967168822885,209985,NVIDIA GeForce RTX 3090 Ti,historical execution; no matched-hardware comparison with current calibration times
resolution_g64__advection_diffusion__correct,resolution_g64,advection_diffusion,correct,64,ood,64,64,True,neural:looped:none,7.755582018009193,1.4037084577282524,16.328892010085013,2.7848845609843855,4,looped,none,archived_neural_scores,,,,,,39.75419380236417,39.79370086174458,1.577272650320083,34049,NVIDIA GeForce RTX 3090 Ti,historical execution; no matched-hardware comparison with current calibration times
resolution_g64__advection_diffusion__correct,resolution_g64,advection_diffusion,correct,64,ood,64,64,True,neural:looped:smooth,4.0820030522625,1.6376767610289644,5.995413683997854,2.020396756150262,4,looped,smooth,archived_neural_scores,,,,,,69.83826490025967,71.4837303966051,1.5773594030179083,34049,NVIDIA GeForce RTX 3090 Ti,historical execution; no matched-hardware comparison with current calibration times
resolution_g64__advection_diffusion__correct,resolution_g64,advection_diffusion,correct,64,ood,64,64,True,neural:transformer:none,1.209264869612305,0.7072405844885875,1.6797022501273813,1.09966579905547,4,transformer,none,archived_neural_scores,,,,,,43.15357780852355,43.19690667302348,1.5788473887369037,100993,NVIDIA GeForce RTX 3090 Ti,historical execution; no matched-hardware comparison with current calibration times
resolution_g64__advection_diffusion__correct,resolution_g64,advection_diffusion,correct,64,ood,64,64,True,neural:transformer:smooth,1.5128764494469706,0.8416539487558496,2.1209762146867503,1.2299904265672033,4,transformer,smooth,archived_neural_scores,,,,,,73.77807762683369,75.42760069738142,1.5771421371027827,100993,NVIDIA GeForce RTX 3090 Ti,historical execution; no matched-hardware comparison with current calibration times
resolution_g64__advection_diffusion__correct,resolution_g64,advection_diffusion,correct,64,ood,64,64,True,validation_best_neural,0.029218411772438724,0.0164455095742017,0.043108595783302284,0.1709339397908991,4,validation_best_neural,,frozen_validation_selection,,,,,,,,,,,
resolution_g64__advection_diffusion__correct,resolution_g64,advection_diffusion,correct,64,ood,64,64,True,validation_selected_route,1.2217891229070599e-12,9.48703459154532e-13,1.5046556769970548e-12,1.105345702894375e-06,4,validation_selected_route,,frozen_validation_selection,,,,,,,,,,,
resolution_g64__advection_diffusion__correct,resolution_g64,advection_diffusion,correct,64,ood,96,64,False,calibrated,1.844604307790057e-12,1.3985787635972948e-12,2.3144134276337515e-12,1.3581621065948119e-06,0,physics_calibrated,,new_frozen_physics_evaluation,0,0,0,1.844604307790057e-12,0.5114431229994807,,,,,,
resolution_g64__advection_diffusion__correct,resolution_g64,advection_diffusion,correct,64,ood,96,64,False,uncalibrated,1.8031730649039418e-12,1.3578803964064506e-12,2.2842598278555782e-12,1.3428227972833726e-06,0,physics_uncalibrated,,new_frozen_physics_evaluation,0,0,0,1.8031730649039418e-12,0.0,,,,,,
resolution_g64__advection_diffusion__correct,resolution_g64,advection_diffusion,correct,64,ood,96,64,False,persistence,1.3387318533412251,1.1638567798582282,1.5217238617519597,1.1570358046928475,0,persistence,,new_frozen_physics_evaluation,0,0,0,1.3387318533412251,0.0,,,,,,
resolution_g64__advection_diffusion__correct,resolution_g64,advection_diffusion,correct,64,ood,96,64,False,neural:fno:none,0.07366888054129454,0.036158852433274664,0.11120466704412849,0.27142011815872186,4,fno,none,archived_neural_scores,,,,,,25.234695325256325,25.270332995802164,1.2585432268679142,209985,NVIDIA GeForce RTX 3090 Ti,historical execution; no matched-hardware comparison with current calibration times
resolution_g64__advection_diffusion__correct,resolution_g64,advection_diffusion,correct,64,ood,96,64,False,neural:fno:smooth,0.0446295084833526,0.024257751535896894,0.06702191005525668,0.2112569726265919,4,fno,smooth,archived_neural_scores,,,,,,42.78747345821466,44.42782523762435,1.2566967168822885,209985,NVIDIA GeForce RTX 3090 Ti,historical execution; no matched-hardware comparison with current calibration times
resolution_g64__advection_diffusion__correct,resolution_g64,advection_diffusion,correct,64,ood,96,64,False,neural:looped:none,22.145840381861376,2.7422018038902576,50.14889225781118,4.7059367167293455,4,looped,none,archived_neural_scores,,,,,,39.75419380236417,39.79370086174458,1.577272650320083,34049,NVIDIA GeForce RTX 3090 Ti,historical execution; no matched-hardware comparison with current calibration times
resolution_g64__advection_diffusion__correct,resolution_g64,advection_diffusion,correct,64,ood,96,64,False,neural:looped:smooth,12.15879111796986,3.9471104072722394,20.746497353540928,3.4869458151754897,4,looped,smooth,archived_neural_scores,,,,,,69.83826490025967,71.4837303966051,1.5773594030179083,34049,NVIDIA GeForce RTX 3090 Ti,historical execution; no matched-hardware comparison with current calibration times
resolution_g64__advection_diffusion__correct,resolution_g64,advection_diffusion,correct,64,ood,96,64,False,neural:transformer:none,1.7402678984124929,0.8344411023283805,2.6328326985263,1.3191921385501404,4,transformer,none,archived_neural_scores,,,,,,43.15357780852355,43.19690667302348,1.5788473887369037,100993,NVIDIA GeForce RTX 3090 Ti,historical execution; no matched-hardware comparison with current calibration times
resolution_g64__advection_diffusion__correct,resolution_g64,advection_diffusion,correct,64,ood,96,64,False,neural:transformer:smooth,2.3025700717203343,1.0325661112923818,3.630817034420073,1.5174221797905598,4,transformer,smooth,archived_neural_scores,,,,,,73.77807762683369,75.42760069738142,1.5771421371027827,100993,NVIDIA GeForce RTX 3090 Ti,historical execution; no matched-hardware comparison with current calibration times
resolution_g64__advection_diffusion__correct,resolution_g64,advection_diffusion,correct,64,ood,96,64,False,validation_best_neural,0.0446295084833526,0.024257751535896894,0.06702191005525668,0.2112569726265919,4,validation_best_neural,,frozen_validation_selection,,,,,,,,,,,
resolution_g64__advection_diffusion__correct,resolution_g64,advection_diffusion,correct,64,ood,96,64,False,validation_selected_route,1.844604307790057e-12,1.3985787635972952e-12,2.314413427633751e-12,1.3581621065948119e-06,4,validation_selected_route,,frozen_validation_selection,,,,,,,,,,,
resolution_g64__allen_cahn__coefficient,resolution_g64,allen_cahn,coefficient,64,test,64,64,True,calibrated,4.459289287252943e-12,3.2073042006386516e-12,5.8633525772646165e-12,2.1117029353706318e-06,0,physics_calibrated,,new_frozen_physics_evaluation,0,0,0,4.459289287252943e-12,0.8907262700013234,,,,,,
resolution_g64__allen_cahn__coefficient,resolution_g64,allen_cahn,coefficient,64,test,64,64,True,uncalibrated,0.005892348846835205,0.0034916974009221668,0.010280149354081081,0.07676163655651959,0,physics_uncalibrated,,new_frozen_physics_evaluation,0,0,0,0.005892348846835205,0.0,,,,,,
resolution_g64__allen_cahn__coefficient,resolution_g64,allen_cahn,coefficient,64,test,64,64,True,persistence,0.03637508854955751,0.02520663127399423,0.048872439390912785,0.1907225433700943,0,persistence,,new_frozen_physics_evaluation,0,0,0,0.03637508854955751,0.0,,,,,,
resolution_g64__allen_cahn__coefficient,resolution_g64,allen_cahn,coefficient,64,test,64,64,True,neural:fno:none,0.013463545766949534,0.008989345904958656,0.017591648491717713,0.11603252029905035,4,fno,none,archived_neural_scores,,,,,,25.322841644636355,25.357245451654308,1.2894574902020395,209985,NVIDIA GeForce RTX 3090 Ti,historical execution; no matched-hardware comparison with current calibration times
resolution_g64__allen_cahn__coefficient,resolution_g64,allen_cahn,coefficient,64,test,64,64,True,neural:fno:smooth,0.000561304436022262,0.00039347969613751424,0.0007990817642992625,0.0236918643424755,4,fno,smooth,archived_neural_scores,,,,,,43.009085569065064,46.26053974556271,1.2864567223004997,209985,NVIDIA GeForce RTX 3090 Ti,historical execution; no matched-hardware comparison with current calibration times
resolution_g64__allen_cahn__coefficient,resolution_g64,allen_cahn,coefficient,64,test,64,64,True,neural:looped:none,0.004590080832873933,0.0029265577989215225,0.007110586601475763,0.0677501352978275,4,looped,none,archived_neural_scores,,,,,,39.72885516809765,39.76842537499033,1.5772164217196405,34049,NVIDIA GeForce RTX 3090 Ti,historical execution; no matched-hardware comparison with current calibration times
resolution_g64__allen_cahn__coefficient,resolution_g64,allen_cahn,coefficient,64,test,64,64,True,neural:looped:smooth,0.0024689878878531163,0.001738389592762142,0.003719139827456271,0.049688911115591136,4,looped,smooth,archived_neural_scores,,,,,,70.28140836791135,73.53810877306387,1.5841952059417963,34049,NVIDIA GeForce RTX 3090 Ti,historical execution; no matched-hardware comparison with current calibration times
resolution_g64__allen_cahn__coefficient,resolution_g64,allen_cahn,coefficient,64,test,64,64,True,neural:transformer:none,0.0022382848136654754,0.0014557308999293237,0.00341494474474752,0.04731051483196389,4,transformer,none,archived_neural_scores,,,,,,43.25923025631346,43.30299679376185,1.5770594240166247,100993,NVIDIA GeForce RTX 3090 Ti,historical execution; no matched-hardware comparison with current calibration times
resolution_g64__allen_cahn__coefficient,resolution_g64,allen_cahn,coefficient,64,test,64,64,True,neural:transformer:smooth,0.0014741853266620197,0.0009203816826071903,0.002283669792543206,0.03839512113097209,4,transformer,smooth,archived_neural_scores,,,,,,73.85987387935165,77.11992748454213,1.5764699317514896,100993,NVIDIA GeForce RTX 3090 Ti,historical execution; no matched-hardware comparison with current calibration times
resolution_g64__allen_cahn__coefficient,resolution_g64,allen_cahn,coefficient,64,test,64,64,True,validation_best_neural,0.000561304436022262,0.00039347969613751424,0.0007990817642992625,0.0236918643424755,4,validation_best_neural,,frozen_validation_selection,,,,,,,,,,,
resolution_g64__allen_cahn__coefficient,resolution_g64,allen_cahn,coefficient,64,test,64,64,True,validation_selected_route,4.459289287252943e-12,3.2073042006386516e-12,5.8633525772646165e-12,2.1117029353706318e-06,4,validation_selected_route,,frozen_validation_selection,,,,,,,,,,,
resolution_g64__allen_cahn__coefficient,resolution_g64,allen_cahn,coefficient,64,test,96,64,False,calibrated,5.8085867827328395e-12,4.378028232543648e-12,7.403067453260025e-12,2.4101009901522466e-06,0,physics_calibrated,,new_frozen_physics_evaluation,0,0,0,5.8085867827328395e-12,0.8907262700013234,,,,,,
resolution_g64__allen_cahn__coefficient,resolution_g64,allen_cahn,coefficient,64,test,96,64,False,uncalibrated,0.006197853370248179,0.0035908466269775137,0.011023772505452605,0.07872644644748154,0,physics_uncalibrated,,new_frozen_physics_evaluation,0,0,0,0.006197853370248179,0.0,,,,,,
resolution_g64__allen_cahn__coefficient,resolution_g64,allen_cahn,coefficient,64,test,96,64,False,persistence,0.04256801569992004,0.029731210788241758,0.05697222114369085,0.20632017763641064,0,persistence,,new_frozen_physics_evaluation,0,0,0,0.04256801569992004,0.0,,,,,,
resolution_g64__allen_cahn__coefficient,resolution_g64,allen_cahn,coefficient,64,test,96,64,False,neural:fno:none,0.03007278708821789,0.01895299449673758,0.03980030885274192,0.1734150716870304,4,fno,none,archived_neural_scores,,,,,,25.322841644636355,25.357245451654308,1.2894574902020395,209985,NVIDIA GeForce RTX 3090 Ti,historical execution; no matched-hardware comparison with current calibration times
resolution_g64__allen_cahn__coefficient,resolution_g64,allen_cahn,coefficient,64,test,96,64,False,neural:fno:smooth,0.0010495593193795213,0.0007646436281914317,0.0013908135133654978,0.032396902928822094,4,fno,smooth,archived_neural_scores,,,,,,43.009085569065064,46.26053974556271,1.2864567223004997,209985,NVIDIA GeForce RTX 3090 Ti,historical execution; no matched-hardware comparison with current calibration times
resolution_g64__allen_cahn__coefficient,resolution_g64,allen_cahn,coefficient,64,test,96,64,False,neural:looped:none,0.005481155726062115,0.003731125237663319,0.008197707880738049,0.07403482779112892,4,looped,none,archived_neural_scores,,,,,,39.72885516809765,39.76842537499033,1.5772164217196405,34049,NVIDIA GeForce RTX 3090 Ti,historical execution; no matched-hardware comparison with current calibration times
resolution_g64__allen_cahn__coefficient,resolution_g64,allen_cahn,coefficient,64,test,96,64,False,neural:looped:smooth,0.003870767616427286,0.002869636259017531,0.005621503476438856,0.06221549337928042,4,looped,smooth,archived_neural_scores,,,,,,70.28140836791135,73.53810877306387,1.5841952059417963,34049,NVIDIA GeForce RTX 3090 Ti,historical execution; no matched-hardware comparison with current calibration times
resolution_g64__allen_cahn__coefficient,resolution_g64,allen_cahn,coefficient,64,test,96,64,False,neural:transformer:none,0.0030847589149902528,0.0020788650822322957,0.004614716149073628,0.0555406060012875,4,transformer,none,archived_neural_scores,,,,,,43.25923025631346,43.30299679376185,1.5770594240166247,100993,NVIDIA GeForce RTX 3090 Ti,historical execution; no matched-hardware comparison with current calibration times
resolution_g64__allen_cahn__coefficient,resolution_g64,allen_cahn,coefficient,64,test,96,64,False,neural:transformer:smooth,0.002201434824476637,0.0015006745478187687,0.003223626089170723,0.04691945038549191,4,transformer,smooth,archived_neural_scores,,,,,,73.85987387935165,77.11992748454213,1.5764699317514896,100993,NVIDIA GeForce RTX 3090 Ti,historical execution; no matched-hardware comparison with current calibration times
resolution_g64__allen_cahn__coefficient,resolution_g64,allen_cahn,coefficient,64,test,96,64,False,validation_best_neural,0.0010495593193795213,0.0007646436281914317,0.0013908135133654978,0.032396902928822094,4,validation_best_neural,,frozen_validation_selection,,,,,,,,,,,
resolution_g64__allen_cahn__coefficient,resolution_g64,allen_cahn,coefficient,64,test,96,64,False,validation_selected_route,5.8085867827328395e-12,4.378028232543648e-12,7.403067453260025e-12,2.4101009901522466e-06,4,validation_selected_route,,frozen_validation_selection,,,,,,,,,,,
resolution_g64__allen_cahn__coefficient,resolution_g64,allen_cahn,coefficient,64,ood,64,64,True,calibrated,1.736785754696435e-11,1.5024642756338604e-11,1.9858175665482238e-11,4.167476160335456e-06,0,physics_calibrated,,new_frozen_physics_evaluation,0,0,0,1.736785754696435e-11,0.8907262700013234,,,,,,
resolution_g64__allen_cahn__coefficient,resolution_g64,allen_cahn,coefficient,64,ood,64,64,True,uncalibrated,0.00453687934301783,0.003409413980819753,0.006754773198257613,0.06735636082077052,0,physics_uncalibrated,,new_frozen_physics_evaluation,0,0,0,0.00453687934301783,0.0,,,,,,
resolution_g64__allen_cahn__coefficient,resolution_g64,allen_cahn,coefficient,64,ood,64,64,True,persistence,0.022577522671257177,0.014767981139200371,0.03233711039611325,0.15025818670294533,0,persistence,,new_frozen_physics_evaluation,0,0,0,0.022577522671257177,0.0,,,,,,
resolution_g64__allen_cahn__coefficient,resolution_g64,allen_cahn,coefficient,64,ood,64,64,True,neural:fno:none,0.03284299911244434,0.01986670304827811,0.055072646456553825,0.18122637532225916,4,fno,none,archived_neural_scores,,,,,,25.322841644636355,25.357245451654308,1.2894574902020395,209985,NVIDIA GeForce RTX 3090 Ti,historical execution; no matched-hardware comparison with current calibration times
resolution_g64__allen_cahn__coefficient,resolution_g64,allen_cahn,coefficient,64,ood,64,64,True,neural:fno:smooth,0.009629759152993245,0.003793671960844754,0.016098611442000577,0.0981313362437975,4,fno,smooth,archived_neural_scores,,,,,,43.009085569065064,46.26053974556271,1.2864567223004997,209985,NVIDIA GeForce RTX 3090 Ti,historical execution; no matched-hardware comparison with current calibration times
resolution_g64__allen_cahn__coefficient,resolution_g64,allen_cahn,coefficient,64,ood,64,64,True,neural:looped:none,0.11850258574341743,0.0843829675531339,0.1520878723169253,0.34424204528705876,4,looped,none,archived_neural_scores,,,,,,39.72885516809765,39.76842537499033,1.5772164217196405,34049,NVIDIA GeForce RTX 3090 Ti,historical execution; no matched-hardware comparison with current calibration times
resolution_g64__allen_cahn__coefficient,resolution_g64,allen_cahn,coefficient,64,ood,64,64,True,neural:looped:smooth,0.11597778686893956,0.05291323536805101,0.20349458096838288,0.34055511575799235,4,looped,smooth,archived_neural_scores,,,,,,70.28140836791135,73.53810877306387,1.5841952059417963,34049,NVIDIA GeForce RTX 3090 Ti,historical execution; no matched-hardware comparison with current calibration times
resolution_g64__allen_cahn__coefficient,resolution_g64,allen_cahn,coefficient,64,ood,64,64,True,neural:transformer:none,0.09529700272229502,0.05081805330632236,0.14749107259536715,0.30870212620306814,4,transformer,none,archived_neural_scores,,,,,,43.25923025631346,43.30299679376185,1.5770594240166247,100993,NVIDIA GeForce RTX 3090 Ti,historical execution; no matched-hardware comparison with current calibration times
resolution_g64__allen_cahn__coefficient,resolution_g64,allen_cahn,coefficient,64,ood,64,64,True,neural:transformer:smooth,0.18891103362713935,0.10732269768272255,0.2615452721953572,0.4346389692919163,4,transformer,smooth,archived_neural_scores,,,,,,73.85987387935165,77.11992748454213,1.5764699317514896,100993,NVIDIA GeForce RTX 3090 Ti,historical execution; no matched-hardware comparison with current calibration times
resolution_g64__allen_cahn__coefficient,resolution_g64,allen_cahn,coefficient,64,ood,64,64,True,validation_best_neural,0.009629759152993245,0.003793671960844754,0.016098611442000577,0.0981313362437975,4,validation_best_neural,,frozen_validation_selection,,,,,,,,,,,
resolution_g64__allen_cahn__coefficient,resolution_g64,allen_cahn,coefficient,64,ood,64,64,True,validation_selected_route,1.736785754696435e-11,1.5024642756338604e-11,1.9858175665482238e-11,4.167476160335456e-06,4,validation_selected_route,,frozen_validation_selection,,,,,,,,,,,
resolution_g64__allen_cahn__coefficient,resolution_g64,allen_cahn,coefficient,64,ood,96,64,False,calibrated,1.848751596434639e-11,1.617572681149997e-11,2.1066994417681094e-11,4.299711148943192e-06,0,physics_calibrated,,new_frozen_physics_evaluation,0,0,0,1.848751596434639e-11,0.8907262700013234,,,,,,
resolution_g64__allen_cahn__coefficient,resolution_g64,allen_cahn,coefficient,64,ood,96,64,False,uncalibrated,0.004276018451811581,0.003511348606544177,0.005765567933700013,0.06539127198496433,0,physics_uncalibrated,,new_frozen_physics_evaluation,0,0,0,0.004276018451811581,0.0,,,,,,
resolution_g64__allen_cahn__coefficient,resolution_g64,allen_cahn,coefficient,64,ood,96,64,False,persistence,0.02900870622188123,0.019532799074131354,0.041274989521120756,0.170319424088626,0,persistence,,new_frozen_physics_evaluation,0,0,0,0.02900870622188123,0.0,,,,,,
resolution_g64__allen_cahn__coefficient,resolution_g64,allen_cahn,coefficient,64,ood,96,64,False,neural:fno:none,0.07877459933783221,0.04540418309353871,0.135711098827194,0.28066813024964593,4,fno,none,archived_neural_scores,,,,,,25.322841644636355,25.357245451654308,1.2894574902020395,209985,NVIDIA GeForce RTX 3090 Ti,historical execution; no matched-hardware comparison with current calibration times
resolution_g64__allen_cahn__coefficient,resolution_g64,allen_cahn,coefficient,64,ood,96,64,False,neural:fno:smooth,0.01904584887275007,0.007307703802250468,0.03198647356335865,0.13800669865173237,4,fno,smooth,archived_neural_scores,,,,,,43.009085569065064,46.26053974556271,1.2864567223004997,209985,NVIDIA GeForce RTX 3090 Ti,historical execution; no matched-hardware comparison with current calibration times
resolution_g64__allen_cahn__coefficient,resolution_g64,allen_cahn,coefficient,64,ood,96,64,False,neural:looped:none,0.24821023260371775,0.18528331292014408,0.3047113460430754,0.498207017818615,4,looped,none,archived_neural_scores,,,,,,39.72885516809765,39.76842537499033,1.5772164217196405,34049,NVIDIA GeForce RTX 3090 Ti,historical execution; no matched-hardware comparison with current calibration times
resolution_g64__allen_cahn__coefficient,resolution_g64,allen_cahn,coefficient,64,ood,96,64,False,neural:looped:smooth,0.22876223475437546,0.10375554514116123,0.39210419310117584,0.47829095198882393,4,looped,smooth,archived_neural_scores,,,,,,70.28140836791135,73.53810877306387,1.5841952059417963,34049,NVIDIA GeForce RTX 3090 Ti,historical execution; no matched-hardware comparison with current calibration times
resolution_g64__allen_cahn__coefficient,resolution_g64,allen_cahn,coefficient,64,ood,96,64,False,neural:transformer:none,0.16196839442211636,0.08780366812710795,0.23994900057236332,0.4024529716900055,4,transformer,none,archived_neural_scores,,,,,,43.25923025631346,43.30299679376185,1.5770594240166247,100993,NVIDIA GeForce RTX 3090 Ti,historical execution; no matched-hardware comparison with current calibration times
resolution_g64__allen_cahn__coefficient,resolution_g64,allen_cahn,coefficient,64,ood,96,64,False,neural:transformer:smooth,0.3174166044285798,0.17877187545820342,0.45220023758290656,0.563397377016063,4,transformer,smooth,archived_neural_scores,,,,,,73.85987387935165,77.11992748454213,1.5764699317514896,100993,NVIDIA GeForce RTX 3090 Ti,historical execution; no matched-hardware comparison with current calibration times
resolution_g64__allen_cahn__coefficient,resolution_g64,allen_cahn,coefficient,64,ood,96,64,False,validation_best_neural,0.01904584887275007,0.007307703802250468,0.03198647356335865,0.13800669865173237,4,validation_best_neural,,frozen_validation_selection,,,,,,,,,,,
resolution_g64__allen_cahn__coefficient,resolution_g64,allen_cahn,coefficient,64,ood,96,64,False,validation_selected_route,1.8487515964346392e-11,1.6175726811499967e-11,2.10669944176811e-11,4.299711148943193e-06,4,validation_selected_route,,frozen_validation_selection,,,,,,,,,,,
resolution_g64__allen_cahn__correct,resolution_g64,allen_cahn,correct,64,test,64,64,True,calibrated,4.327346222366756e-12,3.1175471729831295e-12,5.770263938694241e-12,2.0802274448643243e-06,0,physics_calibrated,,new_frozen_physics_evaluation,0,0,0,4.327346222366756e-12,0.6911619550010073,,,,,,
resolution_g64__allen_cahn__correct,resolution_g64,allen_cahn,correct,64,test,64,64,True,uncalibrated,1.5865641571990046e-12,1.387595780035196e-12,1.7914982113381573e-12,1.259588884199525e-06,0,physics_uncalibrated,,new_frozen_physics_evaluation,0,0,0,1.5865641571990046e-12,0.0,,,,,,
resolution_g64__allen_cahn__correct,resolution_g64,allen_cahn,correct,64,test,64,64,True,persistence,0.03637508854955751,0.02533013669628088,0.04909786342122737,0.1907225433700943,0,persistence,,new_frozen_physics_evaluation,0,0,0,0.03637508854955751,0.0,,,,,,
resolution_g64__allen_cahn__correct,resolution_g64,allen_cahn,correct,64,test,64,64,True,neural:fno:none,0.013370710183213955,0.009008456288193498,0.017448252102623324,0.11563178707956544,4,fno,none,archived_neural_scores,,,,,,25.155871438561007,25.19084601441864,1.2809042469598353,209985,NVIDIA GeForce RTX 3090 Ti,historical execution; no matched-hardware comparison with current calibration times
resolution_g64__allen_cahn__correct,resolution_g64,allen_cahn,correct,64,test,64,64,True,neural:fno:smooth,0.0002268041218828499,0.00015276193507719778,0.00032434702599860795,0.015060017326777878,4,fno,smooth,archived_neural_scores,,,,,,42.59086273831781,45.87380880501587,1.2709522503428161,209985,NVIDIA GeForce RTX 3090 Ti,historical execution; no matched-hardware comparison with current calibration times
resolution_g64__allen_cahn__correct,resolution_g64,allen_cahn,correct,64,test,64,64,True,neural:looped:none,0.0045900809233599404,0.0029208494095957294,0.007097036682450633,0.06775013596561959,4,looped,none,archived_neural_scores,,,,,,39.679956153733656,39.72016127081588,1.5772016486153007,34049,NVIDIA GeForce RTX 3090 Ti,historical execution; no matched-hardware comparison with current calibration times
resolution_g64__allen_cahn__correct,resolution_g64,allen_cahn,correct,64,test,64,64,True,neural:looped:smooth,0.0021448376800388136,0.001410554491758901,0.003239419528055026,0.04631239229449083,4,looped,smooth,archived_neural_scores,,,,,,70.0943652704591,73.38218099134974,1.5832309261895716,34049,NVIDIA GeForce RTX 3090 Ti,historical execution; no matched-hardware comparison with current calibration times
resolution_g64__allen_cahn__correct,resolution_g64,allen_cahn,correct,64,test,64,64,True,neural:transformer:none,0.002238284122659362,0.001454263692845874,0.0034993269489503208,0.0473105075290824,4,transformer,none,archived_neural_scores,,,,,,43.22044836706482,43.26427483931184,1.574439147952944,100993,NVIDIA GeForce RTX 3090 Ti,historical execution; no matched-hardware comparison with current calibration times
resolution_g64__allen_cahn__correct,resolution_g64,allen_cahn,correct,64,test,64,64,True,neural:transformer:smooth,0.0013139786851761315,0.0008685857353691057,0.0019569174082486344,0.03624884391502895,4,transformer,smooth,archived_neural_scores,,,,,,73.27978719654493,76.57166629517451,1.5742623945698142,100993,NVIDIA GeForce RTX 3090 Ti,historical execution; no matched-hardware comparison with current calibration times
resolution_g64__allen_cahn__correct,resolution_g64,allen_cahn,correct,64,test,64,64,True,validation_best_neural,0.0002268041218828499,0.00015276193507719778,0.00032434702599860795,0.015060017326777878,4,validation_best_neural,,frozen_validation_selection,,,,,,,,,,,
resolution_g64__allen_cahn__correct,resolution_g64,allen_cahn,correct,64,test,64,64,True,validation_selected_route,4.327346222366756e-12,3.1175471729831295e-12,5.770263938694241e-12,2.0802274448643243e-06,4,validation_selected_route,,frozen_validation_selection,,,,,,,,,,,
resolution_g64__allen_cahn__correct,resolution_g64,allen_cahn,correct,64,test,96,64,False,calibrated,5.660266113295494e-12,4.268053902030909e-12,7.29453592926318e-12,2.3791313778972976e-06,0,physics_calibrated,,new_frozen_physics_evaluation,0,0,0,5.660266113295494e-12,0.6911619550010073,,,,,,
resolution_g64__allen_cahn__correct,resolution_g64,allen_cahn,correct,64,test,96,64,False,uncalibrated,1.6179883314044244e-12,1.4108741272697442e-12,1.8253693045096796e-12,1.2720017025949393e-06,0,physics_uncalibrated,,new_frozen_physics_evaluation,0,0,0,1.6179883314044244e-12,0.0,,,,,,
resolution_g64__allen_cahn__correct,resolution_g64,allen_cahn,correct,64,test,96,64,False,persistence,0.04256801569992004,0.02981860468426727,0.057225127228282616,0.20632017763641064,0,persistence,,new_frozen_physics_evaluation,0,0,0,0.04256801569992004,0.0,,,,,,
resolution_g64__allen_cahn__correct,resolution_g64,allen_cahn,correct,64,test,96,64,False,neural:fno:none,0.029718368752533496,0.01898630933361499,0.03927275524719993,0.1723901643149443,4,fno,none,archived_neural_scores,,,,,,25.155871438561007,25.19084601441864,1.2809042469598353,209985,NVIDIA GeForce RTX 3090 Ti,historical execution; no matched-hardware comparison with current calibration times
resolution_g64__allen_cahn__correct,resolution_g64,allen_cahn,correct,64,test,96,64,False,neural:fno:smooth,0.000346266071863639,0.0002689799988640622,0.00043744860422014186,0.018608225919298137,4,fno,smooth,archived_neural_scores,,,,,,42.59086273831781,45.87380880501587,1.2709522503428161,209985,NVIDIA GeForce RTX 3090 Ti,historical execution; no matched-hardware comparison with current calibration times
resolution_g64__allen_cahn__correct,resolution_g64,allen_cahn,correct,64,test,96,64,False,neural:looped:none,0.0054811506690644425,0.0037176021024195897,0.00811122543808671,0.07403479363829174,4,looped,none,archived_neural_scores,,,,,,39.679956153733656,39.72016127081588,1.5772016486153007,34049,NVIDIA GeForce RTX 3090 Ti,historical execution; no matched-hardware comparison with current calibration times
resolution_g64__allen_cahn__correct,resolution_g64,allen_cahn,correct,64,test,96,64,False,neural:looped:smooth,0.0031818110946324474,0.002085838889802624,0.0047779348055013784,0.05640754466055447,4,looped,smooth,archived_neural_scores,,,,,,70.0943652704591,73.38218099134974,1.5832309261895716,34049,NVIDIA GeForce RTX 3090 Ti,historical execution; no matched-hardware comparison with current calibration times
resolution_g64__allen_cahn__correct,resolution_g64,allen_cahn,correct,64,test,96,64,False,neural:transformer:none,0.003084758869976352,0.0020743735687716067,0.0047064779719499005,0.055540605596053345,4,transformer,none,archived_neural_scores,,,,,,43.22044836706482,43.26427483931184,1.574439147952944,100993,NVIDIA GeForce RTX 3090 Ti,historical execution; no matched-hardware comparison with current calibration times
resolution_g64__allen_cahn__correct,resolution_g64,allen_cahn,correct,64,test,96,64,False,neural:transformer:smooth,0.0019317736882709842,0.0013786054505994625,0.0027399130386710946,0.04395194749122027,4,transformer,smooth,archived_neural_scores,,,,,,73.27978719654493,76.57166629517451,1.5742623945698142,100993,NVIDIA GeForce RTX 3090 Ti,historical execution; no matched-hardware comparison with current calibration times
resolution_g64__allen_cahn__correct,resolution_g64,allen_cahn,correct,64,test,96,64,False,validation_best_neural,0.000346266071863639,0.0002689799988640622,0.00043744860422014186,0.018608225919298137,4,validation_best_neural,,frozen_validation_selection,,,,,,,,,,,
resolution_g64__allen_cahn__correct,resolution_g64,allen_cahn,correct,64,test,96,64,False,validation_selected_route,5.660266113295494e-12,4.26805390203091e-12,7.29453592926318e-12,2.3791313778972976e-06,4,validation_selected_route,,frozen_validation_selection,,,,,,,,,,,
resolution_g64__allen_cahn__correct,resolution_g64,allen_cahn,correct,64,ood,64,64,True,calibrated,1.7237402552764397e-11,1.4915250687738146e-11,1.9772316322368088e-11,4.15179510004581e-06,0,physics_calibrated,,new_frozen_physics_evaluation,0,0,0,1.7237402552764397e-11,0.6911619550010073,,,,,,
resolution_g64__allen_cahn__correct,resolution_g64,allen_cahn,correct,64,ood,64,64,True,uncalibrated,1.547483975441897e-11,1.3357707718981113e-11,1.7856364463162405e-11,3.933807284860173e-06,0,physics_uncalibrated,,new_frozen_physics_evaluation,0,0,0,1.547483975441897e-11,0.0,,,,,,
resolution_g64__allen_cahn__correct,resolution_g64,allen_cahn,correct,64,ood,64,64,True,persistence,0.022577522671257177,0.014786683793221716,0.03214238997179916,0.15025818670294533,0,persistence,,new_frozen_physics_evaluation,0,0,0,0.022577522671257177,0.0,,,,,,
resolution_g64__allen_cahn__correct,resolution_g64,allen_cahn,correct,64,ood,64,64,True,neural:fno:none,0.032847410082211745,0.01989169335537462,0.05413634206946514,0.1812385446923798,4,fno,none,archived_neural_scores,,,,,,25.155871438561007,25.19084601441864,1.2809042469598353,209985,NVIDIA GeForce RTX 3090 Ti,historical execution; no matched-hardware comparison with current calibration times
resolution_g64__allen_cahn__correct,resolution_g64,allen_cahn,correct,64,ood,64,64,True,neural:fno:smooth,0.0077948854159254274,0.002360999554419236,0.016906081296288813,0.08828864828462053,4,fno,smooth,archived_neural_scores,,,,,,42.59086273831781,45.87380880501587,1.2709522503428161,209985,NVIDIA GeForce RTX 3090 Ti,historical execution; no matched-hardware comparison with current calibration times
resolution_g64__allen_cahn__correct,resolution_g64,allen_cahn,correct,64,ood,64,64,True,neural:looped:none,0.1185026222129365,0.08506462842073752,0.1508743144941174,0.34424209825780533,4,looped,none,archived_neural_scores,,,,,,39.679956153733656,39.72016127081588,1.5772016486153007,34049,NVIDIA GeForce RTX 3090 Ti,historical execution; no matched-hardware comparison with current calibration times
resolution_g64__allen_cahn__correct,resolution_g64,allen_cahn,correct,64,ood,64,64,True,neural:looped:smooth,0.10073708941490667,0.06209909013744806,0.13932366581650105,0.3173910670055266,4,looped,smooth,archived_neural_scores,,,,,,70.0943652704591,73.38218099134974,1.5832309261895716,34049,NVIDIA GeForce RTX 3090 Ti,historical execution; no matched-hardware comparison with current calibration times
resolution_g64__allen_cahn__correct,resolution_g64,allen_cahn,correct,64,ood,64,64,True,neural:transformer:none,0.09529695680310096,0.05158530836418646,0.14487382885385916,0.3087020518284596,4,transformer,none,archived_neural_scores,,,,,,43.22044836706482,43.26427483931184,1.574439147952944,100993,NVIDIA GeForce RTX 3090 Ti,historical execution; no matched-hardware comparison with current calibration times
resolution_g64__allen_cahn__correct,resolution_g64,allen_cahn,correct,64,ood,64,64,True,neural:transformer:smooth,0.2006655619464075,0.1393750847426814,0.26064421151543654,0.4479570983324268,4,transformer,smooth,archived_neural_scores,,,,,,73.27978719654493,76.57166629517451,1.5742623945698142,100993,NVIDIA GeForce RTX 3090 Ti,historical execution; no matched-hardware comparison with current calibration times
resolution_g64__allen_cahn__correct,resolution_g64,allen_cahn,correct,64,ood,64,64,True,validation_best_neural,0.0077948854159254274,0.002360999554419236,0.016906081296288813,0.08828864828462053,4,validation_best_neural,,frozen_validation_selection,,,,,,,,,,,
resolution_g64__allen_cahn__correct,resolution_g64,allen_cahn,correct,64,ood,64,64,True,validation_selected_route,1.7237402552764397e-11,1.4915250687738146e-11,1.9772316322368088e-11,4.15179510004581e-06,4,validation_selected_route,,frozen_validation_selection,,,,,,,,,,,
resolution_g64__allen_cahn__correct,resolution_g64,allen_cahn,correct,64,ood,96,64,False,calibrated,1.83696531192993e-11,1.5930003669223358e-11,2.1077464503278708e-11,4.2859833316637265e-06,0,physics_calibrated,,new_frozen_physics_evaluation,0,0,0,1.83696531192993e-11,0.6911619550010073,,,,,,
resolution_g64__allen_cahn__correct,resolution_g64,allen_cahn,correct,64,ood,96,64,False,uncalibrated,1.4330699334722319e-11,1.2587163459654394e-11,1.6266699943099332e-11,3.785591015247463e-06,0,physics_uncalibrated,,new_frozen_physics_evaluation,0,0,0,1.4330699334722319e-11,0.0,,,,,,
resolution_g64__allen_cahn__correct,resolution_g64,allen_cahn,correct,64,ood,96,64,False,persistence,0.02900870622188123,0.019353526753468284,0.04153431804729302,0.170319424088626,0,persistence,,new_frozen_physics_evaluation,0,0,0,0.02900870622188123,0.0,,,,,,
resolution_g64__allen_cahn__correct,resolution_g64,allen_cahn,correct,64,ood,96,64,False,neural:fno:none,0.07898408254384491,0.04575369044853968,0.13555796152848068,0.2810410691408729,4,fno,none,archived_neural_scores,,,,,,25.155871438561007,25.19084601441864,1.2809042469598353,209985,NVIDIA GeForce RTX 3090 Ti,historical execution; no matched-hardware comparison with current calibration times
resolution_g64__allen_cahn__correct,resolution_g64,allen_cahn,correct,64,ood,96,64,False,neural:fno:smooth,0.015770853050035408,0.00463415415145278,0.0343946373062735,0.1255820570385571,4,fno,smooth,archived_neural_scores,,,,,,42.59086273831781,45.87380880501587,1.2709522503428161,209985,NVIDIA GeForce RTX 3090 Ti,historical execution; no matched-hardware comparison with current calibration times
resolution_g64__allen_cahn__correct,resolution_g64,allen_cahn,correct,64,ood,96,64,False,neural:looped:none,0.24821038938819595,0.18666260904878978,0.30331015429841107,0.4982071751673153,4,looped,none,archived_neural_scores,,,,,,39.679956153733656,39.72016127081588,1.5772016486153007,34049,NVIDIA GeForce RTX 3090 Ti,historical execution; no matched-hardware comparison with current calibration times
resolution_g64__allen_cahn__correct,resolution_g64,allen_cahn,correct,64,ood,96,64,False,neural:looped:smooth,0.21102317651608882,0.12041919332171484,0.3159142075416041,0.45937259007921755,4,looped,smooth,archived_neural_scores,,,,,,70.0943652704591,73.38218099134974,1.5832309261895716,34049,NVIDIA GeForce RTX 3090 Ti,historical execution; no matched-hardware comparison with current calibration times
resolution_g64__allen_cahn__correct,resolution_g64,allen_cahn,correct,64,ood,96,64,False,neural:transformer:none,0.16196834661767248,0.08958457660641556,0.23769701226161666,0.4024529122986595,4,transformer,none,archived_neural_scores,,,,,,43.22044836706482,43.26427483931184,1.574439147952944,100993,NVIDIA GeForce RTX 3090 Ti,historical execution; no matched-hardware comparison with current calibration times
resolution_g64__allen_cahn__correct,resolution_g64,allen_cahn,correct,64,ood,96,64,False,neural:transformer:smooth,0.33241077365060256,0.24091057799757434,0.4371222072136295,0.5765507554852414,4,transformer,smooth,archived_neural_scores,,,,,,73.27978719654493,76.57166629517451,1.5742623945698142,100993,NVIDIA GeForce RTX 3090 Ti,historical execution; no matched-hardware comparison with current calibration times
resolution_g64__allen_cahn__correct,resolution_g64,allen_cahn,correct,64,ood,96,64,False,validation_best_neural,0.015770853050035408,0.00463415415145278,0.0343946373062735,0.1255820570385571,4,validation_best_neural,,frozen_validation_selection,,,,,,,,,,,
resolution_g64__allen_cahn__correct,resolution_g64,allen_cahn,correct,64,ood,96,64,False,validation_selected_route,1.83696531192993e-11,1.5930003669223358e-11,2.1077464503278708e-11,4.2859833316637265e-06,4,validation_selected_route,,frozen_validation_selection,,,,,,,,,,,
resolution_g64__wave__coefficient,resolution_g64,wave,coefficient,64,test,64,64,True,calibrated,4.903911291722245e-12,4.226099626572945e-12,5.629143175098965e-12,2.2144776566319755e-06,0,physics_calibrated,,new_frozen_physics_evaluation,0,0,0,4.903911291722245e-12,1.4320250989985652,,,,,,
resolution_g64__wave__coefficient,resolution_g64,wave,coefficient,64,test,64,64,True,uncalibrated,0.41355079302842057,0.3672044279604677,0.4598251300452666,0.643079149894024,0,physics_uncalibrated,,new_frozen_physics_evaluation,0,0,0,0.41355079302842057,0.0,,,,,,
resolution_g64__wave__coefficient,resolution_g64,wave,coefficient,64,test,64,64,True,persistence,1.8038918851002563,1.6241470197672285,1.9925460546580567,1.3430904232776943,0,persistence,,new_frozen_physics_evaluation,0,0,0,1.8038918851002563,0.0,,,,,,
resolution_g64__wave__coefficient,resolution_g64,wave,coefficient,64,test,64,64,True,neural:fno:none,0.0003730382182466365,0.00031465684348591194,0.0004356620513470605,0.01931419732338459,4,fno,none,archived_neural_scores,,,,,,25.218892073142342,25.25335628259927,1.3179865316487849,210306,NVIDIA GeForce RTX 3090 Ti,historical execution; no matched-hardware comparison with current calibration times
resolution_g64__wave__coefficient,resolution_g64,wave,coefficient,64,test,64,64,True,neural:fno:smooth,0.0023692450337140653,0.0016555174298730452,0.003210483966222012,0.04867489120392633,4,fno,smooth,archived_neural_scores,,,,,,42.87336381722707,46.26552612252999,1.263430225662887,210306,NVIDIA GeForce RTX 3090 Ti,historical execution; no matched-hardware comparison with current calibration times
resolution_g64__wave__coefficient,resolution_g64,wave,coefficient,64,test,64,64,True,neural:looped:none,0.0026134766703419868,0.002097264205170916,0.0032114785938667356,0.05112217395946681,4,looped,none,archived_neural_scores,,,,,,39.83101120905485,39.871266173082404,1.5768911456689239,34178,NVIDIA GeForce RTX 3090 Ti,historical execution; no matched-hardware comparison with current calibration times
resolution_g64__wave__coefficient,resolution_g64,wave,coefficient,64,test,64,64,True,neural:looped:smooth,0.005472019749735768,0.004247698041282926,0.006767322228166387,0.07397310152843241,4,looped,smooth,archived_neural_scores,,,,,,70.77296870423015,74.16993773938157,1.5726123936474323,34178,NVIDIA GeForce RTX 3090 Ti,historical execution; no matched-hardware comparison with current calibration times
resolution_g64__wave__coefficient,resolution_g64,wave,coefficient,64,test,64,64,True,neural:transformer:none,0.002481514295221976,0.001997121405222357,0.0030117391510546022,0.049814799961677814,4,transformer,none,archived_neural_scores,,,,,,43.46465536742471,43.509012560825795,1.5672791516408324,101122,NVIDIA GeForce RTX 3090 Ti,historical execution; no matched-hardware comparison with current calibration times
resolution_g64__wave__coefficient,resolution_g64,wave,coefficient,64,test,64,64,True,neural:transformer:smooth,0.005897740366637538,0.004728039885739148,0.007325071021659426,0.07679674710974117,4,transformer,smooth,archived_neural_scores,,,,,,73.92313746130094,77.32454290438909,1.5690601547248662,101122,NVIDIA GeForce RTX 3090 Ti,historical execution; no matched-hardware comparison with current calibration times
resolution_g64__wave__coefficient,resolution_g64,wave,coefficient,64,test,64,64,True,validation_best_neural,0.0003730382182466365,0.00031465684348591194,0.0004356620513470605,0.01931419732338459,4,validation_best_neural,,frozen_validation_selection,,,,,,,,,,,
resolution_g64__wave__coefficient,resolution_g64,wave,coefficient,64,test,64,64,True,validation_selected_route,4.903911291722245e-12,4.226099626572945e-12,5.629143175098965e-12,2.2144776566319755e-06,4,validation_selected_route,,frozen_validation_selection,,,,,,,,,,,
resolution_g64__wave__coefficient,resolution_g64,wave,coefficient,64,test,96,64,False,calibrated,7.061918553964398e-12,6.150265210859532e-12,8.002081615510358e-12,2.6574270552480643e-06,0,physics_calibrated,,new_frozen_physics_evaluation,0,0,0,7.061918553964398e-12,1.4320250989985652,,,,,,
resolution_g64__wave__coefficient,resolution_g64,wave,coefficient,64,test,96,64,False,uncalibrated,0.602408414771304,0.5406229027341586,0.6660217742258843,0.776149737338939,0,physics_uncalibrated,,new_frozen_physics_evaluation,0,0,0,0.602408414771304,0.0,,,,,,
resolution_g64__wave__coefficient,resolution_g64,wave,coefficient,64,test,96,64,False,persistence,1.8723386314125796,1.6841222520218668,2.0735149096156866,1.3683342542714407,0,persistence,,new_frozen_physics_evaluation,0,0,0,1.8723386314125796,0.0,,,,,,
resolution_g64__wave__coefficient,resolution_g64,wave,coefficient,64,test,96,64,False,neural:fno:none,0.0006323353923748025,0.000520222906077147,0.000750476060274942,0.025146279891363702,4,fno,none,archived_neural_scores,,,,,,25.218892073142342,25.25335628259927,1.3179865316487849,210306,NVIDIA GeForce RTX 3090 Ti,historical execution; no matched-hardware comparison with current calibration times
resolution_g64__wave__coefficient,resolution_g64,wave,coefficient,64,test,96,64,False,neural:fno:smooth,0.004517841059301503,0.0030719322196726593,0.006214365213000635,0.06721488718506863,4,fno,smooth,archived_neural_scores,,,,,,42.87336381722707,46.26552612252999,1.263430225662887,210306,NVIDIA GeForce RTX 3090 Ti,historical execution; no matched-hardware comparison with current calibration times
resolution_g64__wave__coefficient,resolution_g64,wave,coefficient,64,test,96,64,False,neural:looped:none,0.0040090379273781535,0.0031453560870326426,0.005031342703162184,0.0633169639778958,4,looped,none,archived_neural_scores,,,,,,39.83101120905485,39.871266173082404,1.5768911456689239,34178,NVIDIA GeForce RTX 3090 Ti,historical execution; no matched-hardware comparison with current calibration times
resolution_g64__wave__coefficient,resolution_g64,wave,coefficient,64,test,96,64,False,neural:looped:smooth,0.009014835014968803,0.007072145036928481,0.011120436365121944,0.09494648500586424,4,looped,smooth,archived_neural_scores,,,,,,70.77296870423015,74.16993773938157,1.5726123936474323,34178,NVIDIA GeForce RTX 3090 Ti,historical execution; no matched-hardware comparison with current calibration times
resolution_g64__wave__coefficient,resolution_g64,wave,coefficient,64,test,96,64,False,neural:transformer:none,0.003766680248455538,0.003040950149779803,0.004603565941962832,0.06137328611420068,4,transformer,none,archived_neural_scores,,,,,,43.46465536742471,43.509012560825795,1.5672791516408324,101122,NVIDIA GeForce RTX 3090 Ti,historical execution; no matched-hardware comparison with current calibration times
resolution_g64__wave__coefficient,resolution_g64,wave,coefficient,64,test,96,64,False,neural:transformer:smooth,0.009469341566691955,0.007598370794547085,0.011780924918047189,0.09731054190935304,4,transformer,smooth,archived_neural_scores,,,,,,73.92313746130094,77.32454290438909,1.5690601547248662,101122,NVIDIA GeForce RTX 3090 Ti,historical execution; no matched-hardware comparison with current calibration times
resolution_g64__wave__coefficient,resolution_g64,wave,coefficient,64,test,96,64,False,validation_best_neural,0.0006323353923748025,0.000520222906077147,0.000750476060274942,0.025146279891363702,4,validation_best_neural,,frozen_validation_selection,,,,,,,,,,,
resolution_g64__wave__coefficient,resolution_g64,wave,coefficient,64,test,96,64,False,validation_selected_route,7.0619185539643974e-12,6.150265210859532e-12,8.002081615510361e-12,2.657427055248064e-06,4,validation_selected_route,,frozen_validation_selection,,,,,,,,,,,
resolution_g64__wave__coefficient,resolution_g64,wave,coefficient,64,ood,64,64,True,calibrated,1.568312456346893e-11,1.4201337022612794e-11,1.7269261462848e-11,3.9601924907091236e-06,0,physics_calibrated,,new_frozen_physics_evaluation,0,0,0,1.568312456346893e-11,1.4320250989985652,,,,,,
resolution_g64__wave__coefficient,resolution_g64,wave,coefficient,64,ood,64,64,True,uncalibrated,0.694753454753851,0.6494864456935971,0.7418919351141495,0.8335187188982927,0,physics_uncalibrated,,new_frozen_physics_evaluation,0,0,0,0.694753454753851,0.0,,,,,,
resolution_g64__wave__coefficient,resolution_g64,wave,coefficient,64,ood,64,64,True,persistence,1.8752146512488252,1.725682123275942,2.0370950208664795,1.3693847710737932,0,persistence,,new_frozen_physics_evaluation,0,0,0,1.8752146512488252,0.0,,,,,,
resolution_g64__wave__coefficient,resolution_g64,wave,coefficient,64,ood,64,64,True,neural:fno:none,0.06763288631200037,0.043811149317733306,0.09467704176840616,0.2600632352178992,4,fno,none,archived_neural_scores,,,,,,25.218892073142342,25.25335628259927,1.3179865316487849,210306,NVIDIA GeForce RTX 3090 Ti,historical execution; no matched-hardware comparison with current calibration times
resolution_g64__wave__coefficient,resolution_g64,wave,coefficient,64,ood,64,64,True,neural:fno:smooth,0.10342233323181116,0.08762269034460415,0.12074921005523172,0.32159342846490374,4,fno,smooth,archived_neural_scores,,,,,,42.87336381722707,46.26552612252999,1.263430225662887,210306,NVIDIA GeForce RTX 3090 Ti,historical execution; no matched-hardware comparison with current calibration times
resolution_g64__wave__coefficient,resolution_g64,wave,coefficient,64,ood,64,64,True,neural:looped:none,1.0875161442352024,0.8552394932943548,1.3265225823870936,1.042840421270293,4,looped,none,archived_neural_scores,,,,,,39.83101120905485,39.871266173082404,1.5768911456689239,34178,NVIDIA GeForce RTX 3090 Ti,historical execution; no matched-hardware comparison with current calibration times
resolution_g64__wave__coefficient,resolution_g64,wave,coefficient,64,ood,64,64,True,neural:looped:smooth,1.0216548894175617,0.8202802160764942,1.2121216399796506,1.0107694541375702,4,looped,smooth,archived_neural_scores,,,,,,70.77296870423015,74.16993773938157,1.5726123936474323,34178,NVIDIA GeForce RTX 3090 Ti,historical execution; no matched-hardware comparison with current calibration times
resolution_g64__wave__coefficient,resolution_g64,wave,coefficient,64,ood,64,64,True,neural:transformer:none,0.964719929802726,0.8457896989831678,1.0876902403891577,0.9822015728977052,4,transformer,none,archived_neural_scores,,,,,,43.46465536742471,43.509012560825795,1.5672791516408324,101122,NVIDIA GeForce RTX 3090 Ti,historical execution; no matched-hardware comparison with current calibration times
resolution_g64__wave__coefficient,resolution_g64,wave,coefficient,64,ood,64,64,True,neural:transformer:smooth,0.9300690742301896,0.8213908025124894,1.0382061523181783,0.9644008887543549,4,transformer,smooth,archived_neural_scores,,,,,,73.92313746130094,77.32454290438909,1.5690601547248662,101122,NVIDIA GeForce RTX 3090 Ti,historical execution; no matched-hardware comparison with current calibration times
resolution_g64__wave__coefficient,resolution_g64,wave,coefficient,64,ood,64,64,True,validation_best_neural,0.06763288631200037,0.043811149317733306,0.09467704176840616,0.2600632352178992,4,validation_best_neural,,frozen_validation_selection,,,,,,,,,,,
resolution_g64__wave__coefficient,resolution_g64,wave,coefficient,64,ood,64,64,True,validation_selected_route,1.568312456346893e-11,1.4201337022612794e-11,1.7269261462848e-11,3.9601924907091236e-06,4,validation_selected_route,,frozen_validation_selection,,,,,,,,,,,
resolution_g64__wave__coefficient,resolution_g64,wave,coefficient,64,ood,96,64,False,calibrated,2.48979026028525e-11,2.2527755954872214e-11,2.746829240172344e-11,4.9897798150672445e-06,0,physics_calibrated,,new_frozen_physics_evaluation,0,0,0,2.48979026028525e-11,1.4320250989985652,,,,,,
resolution_g64__wave__coefficient,resolution_g64,wave,coefficient,64,ood,96,64,False,uncalibrated,0.8587812158823643,0.8027857785139293,0.9180407684284159,0.9267044922100919,0,physics_uncalibrated,,new_frozen_physics_evaluation,0,0,0,0.8587812158823643,0.0,,,,,,
resolution_g64__wave__coefficient,resolution_g64,wave,coefficient,64,ood,96,64,False,persistence,1.6234939565935442,1.5086350400229358,1.7475590481958305,1.2741640226413333,0,persistence,,new_frozen_physics_evaluation,0,0,0,1.6234939565935442,0.0,,,,,,
resolution_g64__wave__coefficient,resolution_g64,wave,coefficient,64,ood,96,64,False,neural:fno:none,0.12354429947604888,0.08186484906151988,0.17029302962282286,0.35148869039564967,4,fno,none,archived_neural_scores,,,,,,25.218892073142342,25.25335628259927,1.3179865316487849,210306,NVIDIA GeForce RTX 3090 Ti,historical execution; no matched-hardware comparison with current calibration times
resolution_g64__wave__coefficient,resolution_g64,wave,coefficient,64,ood,96,64,False,neural:fno:smooth,0.1779710627817928,0.1533253445535666,0.20479455091717869,0.421866166908171,4,fno,smooth,archived_neural_scores,,,,,,42.87336381722707,46.26552612252999,1.263430225662887,210306,NVIDIA GeForce RTX 3090 Ti,historical execution; no matched-hardware comparison with current calibration times
resolution_g64__wave__coefficient,resolution_g64,wave,coefficient,64,ood,96,64,False,neural:looped:none,1.357205969774275,1.0809424507134062,1.606537195136009,1.164991832492518,4,looped,none,archived_neural_scores,,,,,,39.83101120905485,39.871266173082404,1.5768911456689239,34178,NVIDIA GeForce RTX 3090 Ti,historical execution; no matched-hardware comparison with current calibration times
resolution_g64__wave__coefficient,resolution_g64,wave,coefficient,64,ood,96,64,False,neural:looped:smooth,1.2675999893840904,1.0240348791960086,1.4620804310268654,1.1258774308885005,4,looped,smooth,archived_neural_scores,,,,,,70.77296870423015,74.16993773938157,1.5726123936474323,34178,NVIDIA GeForce RTX 3090 Ti,historical execution; no matched-hardware comparison with current calibration times
resolution_g64__wave__coefficient,resolution_g64,wave,coefficient,64,ood,96,64,False,neural:transformer:none,1.130511019559189,0.9664464148220513,1.2874598560933892,1.0632549174864836,4,transformer,none,archived_neural_scores,,,,,,43.46465536742471,43.509012560825795,1.5672791516408324,101122,NVIDIA GeForce RTX 3090 Ti,historical execution; no matched-hardware comparison with current calibration times
resolution_g64__wave__coefficient,resolution_g64,wave,coefficient,64,ood,96,64,False,neural:transformer:smooth,1.056238875677053,0.9080743533962801,1.1824456504149192,1.0277348275100213,4,transformer,smooth,archived_neural_scores,,,,,,73.92313746130094,77.32454290438909,1.5690601547248662,101122,NVIDIA GeForce RTX 3090 Ti,historical execution; no matched-hardware comparison with current calibration times
resolution_g64__wave__coefficient,resolution_g64,wave,coefficient,64,ood,96,64,False,validation_best_neural,0.12354429947604888,0.08186484906151988,0.17029302962282286,0.35148869039564967,4,validation_best_neural,,frozen_validation_selection,,,,,,,,,,,
resolution_g64__wave__coefficient,resolution_g64,wave,coefficient,64,ood,96,64,False,validation_selected_route,2.48979026028525e-11,2.252775595487222e-11,2.746829240172344e-11,4.9897798150672445e-06,4,validation_selected_route,,frozen_validation_selection,,,,,,,,,,,
resolution_g64__wave__correct,resolution_g64,wave,correct,64,test,64,64,True,calibrated,5.11714806462174e-12,4.3466054157084304e-12,5.926695065089513e-12,2.2621114173757533e-06,0,physics_calibrated,,new_frozen_physics_evaluation,0,0,0,5.11714806462174e-12,0.9578821110007993,,,,,,
resolution_g64__wave__correct,resolution_g64,wave,correct,64,test,64,64,True,uncalibrated,5.343184139531495e-12,4.511441611264858e-12,6.246617347440444e-12,2.3115328549539363e-06,0,physics_uncalibrated,,new_frozen_physics_evaluation,0,0,0,5.343184139531495e-12,0.0,,,,,,
resolution_g64__wave__correct,resolution_g64,wave,correct,64,test,64,64,True,persistence,1.8038918851002563,1.6179371448698034,1.9889009741116153,1.3430904232776943,0,persistence,,new_frozen_physics_evaluation,0,0,0,1.8038918851002563,0.0,,,,,,
resolution_g64__wave__correct,resolution_g64,wave,correct,64,test,64,64,True,neural:fno:none,0.0003730363878338915,0.00031696290020142486,0.0004319263095651766,0.019314149938164285,4,fno,none,archived_neural_scores,,,,,,25.427673994912766,25.46289946581237,1.3861125451512635,210306,NVIDIA GeForce RTX 3090 Ti,historical execution; no matched-hardware comparison with current calibration times
resolution_g64__wave__correct,resolution_g64,wave,correct,64,test,64,64,True,neural:fno:smooth,0.00013402154539991665,0.00010408891011239133,0.00017416345925335075,0.011576767484920678,4,fno,smooth,archived_neural_scores,,,,,,42.907691781641915,46.31579996494111,1.3185827527195215,210306,NVIDIA GeForce RTX 3090 Ti,historical execution; no matched-hardware comparison with current calibration times
resolution_g64__wave__correct,resolution_g64,wave,correct,64,test,64,64,True,neural:looped:none,0.0026134825030961414,0.00212673532503269,0.0032168499129268274,0.0511222310066388,4,looped,none,archived_neural_scores,,,,,,40.12847349839285,40.16865773766767,1.5775061445310712,34178,NVIDIA GeForce RTX 3090 Ti,historical execution; no matched-hardware comparison with current calibration times
resolution_g64__wave__correct,resolution_g64,wave,correct,64,test,64,64,True,neural:looped:smooth,0.0025256463027838183,0.0019427549802718603,0.003243937961226233,0.05025580864719837,4,looped,smooth,archived_neural_scores,,,,,,70.52978415344842,73.94338951527607,1.5831579104997218,34178,NVIDIA GeForce RTX 3090 Ti,historical execution; no matched-hardware comparison with current calibration times
resolution_g64__wave__correct,resolution_g64,wave,correct,64,test,64,64,True,neural:transformer:none,0.0024834000814140805,0.0019980359900603145,0.003014212174623239,0.04983372433818368,4,transformer,none,archived_neural_scores,,,,,,43.05053738504648,43.09468336380087,1.5943236532621086,101122,NVIDIA GeForce RTX 3090 Ti,historical execution; no matched-hardware comparison with current calibration times
resolution_g64__wave__correct,resolution_g64,wave,correct,64,test,64,64,True,neural:transformer:smooth,0.002012938778039132,0.0016228785145099317,0.002447797431794389,0.04486578627461166,4,transformer,smooth,archived_neural_scores,,,,,,73.812921706005,77.23039357666858,1.573927653953433,101122,NVIDIA GeForce RTX 3090 Ti,historical execution; no matched-hardware comparison with current calibration times
resolution_g64__wave__correct,resolution_g64,wave,correct,64,test,64,64,True,validation_best_neural,0.00013402154539991665,0.00010408891011239133,0.00017416345925335075,0.011576767484920678,4,validation_best_neural,,frozen_validation_selection,,,,,,,,,,,
resolution_g64__wave__correct,resolution_g64,wave,correct,64,test,64,64,True,validation_selected_route,5.11714806462174e-12,4.3466054157084304e-12,5.926695065089513e-12,2.2621114173757533e-06,4,validation_selected_route,,frozen_validation_selection,,,,,,,,,,,
resolution_g64__wave__correct,resolution_g64,wave,correct,64,test,96,64,False,calibrated,7.331603558549925e-12,6.3264798057618584e-12,8.406854811135691e-12,2.707693401873618e-06,0,physics_calibrated,,new_frozen_physics_evaluation,0,0,0,7.331603558549925e-12,0.9578821110007993,,,,,,
resolution_g64__wave__correct,resolution_g64,wave,correct,64,test,96,64,False,uncalibrated,7.787434668506281e-12,6.715562088947414e-12,8.939972358875144e-12,2.7905975468537705e-06,0,physics_uncalibrated,,new_frozen_physics_evaluation,0,0,0,7.787434668506281e-12,0.0,,,,,,
resolution_g64__wave__correct,resolution_g64,wave,correct,64,test,96,64,False,persistence,1.8723386314125796,1.6767644928079952,2.0678739942413418,1.3683342542714407,0,persistence,,new_frozen_physics_evaluation,0,0,0,1.8723386314125796,0.0,,,,,,
resolution_g64__wave__correct,resolution_g64,wave,correct,64,test,96,64,False,neural:fno:none,0.0006323331007284992,0.0005260576801464841,0.000744642960872893,0.02514623432501374,4,fno,none,archived_neural_scores,,,,,,25.427673994912766,25.46289946581237,1.3861125451512635,210306,NVIDIA GeForce RTX 3090 Ti,historical execution; no matched-hardware comparison with current calibration times
resolution_g64__wave__correct,resolution_g64,wave,correct,64,test,96,64,False,neural:fno:smooth,0.00023098094513132535,0.00017394711791190898,0.0003051846463919065,0.01519805728148586,4,fno,smooth,archived_neural_scores,,,,,,42.907691781641915,46.31579996494111,1.3185827527195215,210306,NVIDIA GeForce RTX 3090 Ti,historical execution; no matched-hardware comparison with current calibration times
resolution_g64__wave__correct,resolution_g64,wave,correct,64,test,96,64,False,neural:looped:none,0.0040090420125828375,0.0031838383184495255,0.005059300859216965,0.06331699623784152,4,looped,none,archived_neural_scores,,,,,,40.12847349839285,40.16865773766767,1.5775061445310712,34178,NVIDIA GeForce RTX 3090 Ti,historical execution; no matched-hardware comparison with current calibration times
resolution_g64__wave__correct,resolution_g64,wave,correct,64,test,96,64,False,neural:looped:smooth,0.003937768617121714,0.003007882086224037,0.005147646426187978,0.06275164234601127,4,looped,smooth,archived_neural_scores,,,,,,70.52978415344842,73.94338951527607,1.5831579104997218,34178,NVIDIA GeForce RTX 3090 Ti,historical execution; no matched-hardware comparison with current calibration times
resolution_g64__wave__correct,resolution_g64,wave,correct,64,test,96,64,False,neural:transformer:none,0.003768827534219264,0.0030441440980547153,0.004590085877485086,0.061390777273294596,4,transformer,none,archived_neural_scores,,,,,,43.05053738504648,43.09468336380087,1.5943236532621086,101122,NVIDIA GeForce RTX 3090 Ti,historical execution; no matched-hardware comparison with current calibration times
resolution_g64__wave__correct,resolution_g64,wave,correct,64,test,96,64,False,neural:transformer:smooth,0.0030268208695894833,0.002383095467923555,0.0037720581291494602,0.055016550869619985,4,transformer,smooth,archived_neural_scores,,,,,,73.812921706005,77.23039357666858,1.573927653953433,101122,NVIDIA GeForce RTX 3090 Ti,historical execution; no matched-hardware comparison with current calibration times
resolution_g64__wave__correct,resolution_g64,wave,correct,64,test,96,64,False,validation_best_neural,0.00023098094513132535,0.00017394711791190898,0.0003051846463919065,0.01519805728148586,4,validation_best_neural,,frozen_validation_selection,,,,,,,,,,,
resolution_g64__wave__correct,resolution_g64,wave,correct,64,test,96,64,False,validation_selected_route,7.331603558549925e-12,6.326479805761859e-12,8.406854811135691e-12,2.707693401873618e-06,4,validation_selected_route,,frozen_validation_selection,,,,,,,,,,,
resolution_g64__wave__correct,resolution_g64,wave,correct,64,ood,64,64,True,calibrated,1.6573773825949924e-11,1.493769537166164e-11,1.833106456398181e-11,4.071090004648623e-06,0,physics_calibrated,,new_frozen_physics_evaluation,0,0,0,1.6573773825949924e-11,0.9578821110007993,,,,,,
resolution_g64__wave__correct,resolution_g64,wave,correct,64,ood,64,64,True,uncalibrated,1.7725150830181422e-11,1.6096808304891065e-11,1.9434544084164616e-11,4.210124799834492e-06,0,physics_uncalibrated,,new_frozen_physics_evaluation,0,0,0,1.7725150830181422e-11,0.0,,,,,,
resolution_g64__wave__correct,resolution_g64,wave,correct,64,ood,64,64,True,persistence,1.8752146512488252,1.7246250838719335,2.040351437714986,1.3693847710737932,0,persistence,,new_frozen_physics_evaluation,0,0,0,1.8752146512488252,0.0,,,,,,
resolution_g64__wave__correct,resolution_g64,wave,correct,64,ood,64,64,True,neural:fno:none,0.06763288631200037,0.04397805339221682,0.09374374070091993,0.2600632352178992,4,fno,none,archived_neural_scores,,,,,,25.427673994912766,25.46289946581237,1.3861125451512635,210306,NVIDIA GeForce RTX 3090 Ti,historical execution; no matched-hardware comparison with current calibration times
resolution_g64__wave__correct,resolution_g64,wave,correct,64,ood,64,64,True,neural:fno:smooth,0.043996854592213586,0.027931859100206357,0.06067221517410556,0.209754271928401,4,fno,smooth,archived_neural_scores,,,,,,42.907691781641915,46.31579996494111,1.3185827527195215,210306,NVIDIA GeForce RTX 3090 Ti,historical execution; no matched-hardware comparison with current calibration times
resolution_g64__wave__correct,resolution_g64,wave,correct,64,ood,64,64,True,neural:looped:none,1.0875135926338544,0.8623271923885,1.3367453150070971,1.0428391978794498,4,looped,none,archived_neural_scores,,,,,,40.12847349839285,40.16865773766767,1.5775061445310712,34178,NVIDIA GeForce RTX 3090 Ti,historical execution; no matched-hardware comparison with current calibration times
resolution_g64__wave__correct,resolution_g64,wave,correct,64,ood,64,64,True,neural:looped:smooth,1.110301616715347,0.8833678378836675,1.3371200946927915,1.0537085065212992,4,looped,smooth,archived_neural_scores,,,,,,70.52978415344842,73.94338951527607,1.5831579104997218,34178,NVIDIA GeForce RTX 3090 Ti,historical execution; no matched-hardware comparison with current calibration times
resolution_g64__wave__correct,resolution_g64,wave,correct,64,ood,64,64,True,neural:transformer:none,0.9647168059719533,0.8471907025876156,1.0879719336630804,0.9821999826776384,4,transformer,none,archived_neural_scores,,,,,,43.05053738504648,43.09468336380087,1.5943236532621086,101122,NVIDIA GeForce RTX 3090 Ti,historical execution; no matched-hardware comparison with current calibration times
resolution_g64__wave__correct,resolution_g64,wave,correct,64,ood,64,64,True,neural:transformer:smooth,0.9598101160683967,0.8271107698530293,1.095930261069158,0.9796989925831284,4,transformer,smooth,archived_neural_scores,,,,,,73.812921706005,77.23039357666858,1.573927653953433,101122,NVIDIA GeForce RTX 3090 Ti,historical execution; no matched-hardware comparison with current calibration times
resolution_g64__wave__correct,resolution_g64,wave,correct,64,ood,64,64,True,validation_best_neural,0.043996854592213586,0.027931859100206357,0.06067221517410556,0.209754271928401,4,validation_best_neural,,frozen_validation_selection,,,,,,,,,,,
resolution_g64__wave__correct,resolution_g64,wave,correct,64,ood,64,64,True,validation_selected_route,1.6573773825949924e-11,1.493769537166164e-11,1.833106456398181e-11,4.071090004648623e-06,4,validation_selected_route,,frozen_validation_selection,,,,,,,,,,,
resolution_g64__wave__correct,resolution_g64,wave,correct,64,ood,96,64,False,calibrated,2.576986783766128e-11,2.3381433493967056e-11,2.8358088779571173e-11,5.076403041294228e-06,0,physics_calibrated,,new_frozen_physics_evaluation,0,0,0,2.576986783766128e-11,0.9578821110007993,,,,,,
resolution_g64__wave__correct,resolution_g64,wave,correct,64,ood,96,64,False,uncalibrated,2.8318684037254268e-11,2.564693606766036e-11,3.113050486824271e-11,5.321530234552301e-06,0,physics_uncalibrated,,new_frozen_physics_evaluation,0,0,0,2.8318684037254268e-11,0.0,,,,,,
resolution_g64__wave__correct,resolution_g64,wave,correct,64,ood,96,64,False,persistence,1.6234939565935442,1.5061984887036108,1.7490249124570671,1.2741640226413333,0,persistence,,new_frozen_physics_evaluation,0,0,0,1.6234939565935442,0.0,,,,,,
resolution_g64__wave__correct,resolution_g64,wave,correct,64,ood,96,64,False,neural:fno:none,0.12354429947604888,0.08166211804917328,0.16826230936179126,0.35148869039564967,4,fno,none,archived_neural_scores,,,,,,25.427673994912766,25.46289946581237,1.3861125451512635,210306,NVIDIA GeForce RTX 3090 Ti,historical execution; no matched-hardware comparison with current calibration times
resolution_g64__wave__correct,resolution_g64,wave,correct,64,ood,96,64,False,neural:fno:smooth,0.0753032615253475,0.04776473407628584,0.10408023722346187,0.27441439744544655,4,fno,smooth,archived_neural_scores,,,,,,42.907691781641915,46.31579996494111,1.3185827527195215,210306,NVIDIA GeForce RTX 3090 Ti,historical execution; no matched-hardware comparison with current calibration times
resolution_g64__wave__correct,resolution_g64,wave,correct,64,ood,96,64,False,neural:looped:none,1.3572032014783417,1.0839884659192187,1.6223803433369057,1.16499064437374,4,looped,none,archived_neural_scores,,,,,,40.12847349839285,40.16865773766767,1.5775061445310712,34178,NVIDIA GeForce RTX 3090 Ti,historical execution; no matched-hardware comparison with current calibration times
resolution_g64__wave__correct,resolution_g64,wave,correct,64,ood,96,64,False,neural:looped:smooth,1.3756629424448665,1.1066546595940294,1.6041890755417108,1.1728865854995814,4,looped,smooth,archived_neural_scores,,,,,,70.52978415344842,73.94338951527607,1.5831579104997218,34178,NVIDIA GeForce RTX 3090 Ti,historical execution; no matched-hardware comparison with current calibration times
resolution_g64__wave__correct,resolution_g64,wave,correct,64,ood,96,64,False,neural:transformer:none,1.1304979290110992,0.9644953972104187,1.2875137849541967,1.0632487615845594,4,transformer,none,archived_neural_scores,,,,,,43.05053738504648,43.09468336380087,1.5943236532621086,101122,NVIDIA GeForce RTX 3090 Ti,historical execution; no matched-hardware comparison with current calibration times
resolution_g64__wave__correct,resolution_g64,wave,correct,64,ood,96,64,False,neural:transformer:smooth,1.1207838681504256,0.9290664281997344,1.3260068176370992,1.0586708025398763,4,transformer,smooth,archived_neural_scores,,,,,,73.812921706005,77.23039357666858,1.573927653953433,101122,NVIDIA GeForce RTX 3090 Ti,historical execution; no matched-hardware comparison with current calibration times
resolution_g64__wave__correct,resolution_g64,wave,correct,64,ood,96,64,False,validation_best_neural,0.0753032615253475,0.04776473407628584,0.10408023722346187,0.27441439744544655,4,validation_best_neural,,frozen_validation_selection,,,,,,,,,,,
resolution_g64__wave__correct,resolution_g64,wave,correct,64,ood,96,64,False,validation_selected_route,2.576986783766128e-11,2.338143349396706e-11,2.8358088779571177e-11,5.076403041294228e-06,4,validation_selected_route,,frozen_validation_selection,,,,,,,,,,,
selector_g64__cahn_hilliard__coefficient,selector_g64,cahn_hilliard,coefficient,64,test,64,64,True,calibrated,2.0521260467116596e-12,1.4563413647935869e-12,2.7150046433002796e-12,1.4325243616468306e-06,0,physics_calibrated,,new_frozen_physics_evaluation,0,0,0,2.0521260467116596e-12,1.1998282599997765,,,,,,
selector_g64__cahn_hilliard__coefficient,selector_g64,cahn_hilliard,coefficient,64,test,64,64,True,uncalibrated,0.11407926531838708,0.09262647311007162,0.13742037947136632,0.3377562217315724,0,physics_uncalibrated,,new_frozen_physics_evaluation,0,0,0,0.11407926531838708,0.0,,,,,,
selector_g64__cahn_hilliard__coefficient,selector_g64,cahn_hilliard,coefficient,64,test,64,64,True,persistence,0.10231210189892193,0.09326274824455238,0.11140942876603577,0.3198626297317677,0,persistence,,new_frozen_physics_evaluation,0,0,0,0.10231210189892193,0.0,,,,,,
selector_g64__cahn_hilliard__coefficient,selector_g64,cahn_hilliard,coefficient,64,test,64,64,True,neural:fno:iid,0.0007001438172831928,0.0004828752224255941,0.0009435901075079234,0.02646023086224292,6,fno,iid,archived_neural_scores,,,,,,42.464386491415404,45.966870355652645,1.2754683033563197,209985,NVIDIA GeForce RTX 3090 Ti,historical execution; no matched-hardware comparison with current calibration times
selector_g64__cahn_hilliard__coefficient,selector_g64,cahn_hilliard,coefficient,64,test,64,64,True,neural:fno:none,4.568056205063195e-05,3.487036387027803e-05,5.851496032539519e-05,0.00675873967915853,6,fno,none,archived_neural_scores,,,,,,25.328269887017086,25.362915674534936,1.2786685372702777,209985,NVIDIA GeForce RTX 3090 Ti,historical execution; no matched-hardware comparison with current calibration times
selector_g64__cahn_hilliard__coefficient,selector_g64,cahn_hilliard,coefficient,64,test,64,64,True,neural:fno:response_matched,0.0007232352225840314,0.0006061704888133625,0.0008543444726907661,0.02689303297480653,6,fno,response_matched,archived_neural_scores,,,,,,42.56221144623123,46.06463975870671,1.2878597830422223,209985,NVIDIA GeForce RTX 3090 Ti,historical execution; no matched-hardware comparison with current calibration times
selector_g64__cahn_hilliard__coefficient,selector_g64,cahn_hilliard,coefficient,64,test,64,64,True,neural:fno:smooth,0.00040331678201644994,0.0003078221605362948,0.000521949641743621,0.020082748368100665,6,fno,smooth,archived_neural_scores,,,,,,42.59244354829813,46.09515468783987,1.2773720198310912,209985,NVIDIA GeForce RTX 3090 Ti,historical execution; no matched-hardware comparison with current calibration times
selector_g64__cahn_hilliard__coefficient,selector_g64,cahn_hilliard,coefficient,64,test,64,64,True,neural:looped:iid,0.006382639069626332,0.0053334334765717814,0.007639545590583297,0.0798914205007417,6,looped,iid,archived_neural_scores,,,,,,69.70602648076601,73.21337515573639,1.6252345056273043,34049,NVIDIA GeForce RTX 3090 Ti,historical execution; no matched-hardware comparison with current calibration times
selector_g64__cahn_hilliard__coefficient,selector_g64,cahn_hilliard,coefficient,64,test,64,64,True,neural:looped:none,0.005936550572527774,0.004485035983996535,0.007815142213154495,0.07704901409186087,6,looped,none,archived_neural_scores,,,,,,39.54708478584265,39.58612943564852,1.6111545264720917,34049,NVIDIA GeForce RTX 3090 Ti,historical execution; no matched-hardware comparison with current calibration times
selector_g64__cahn_hilliard__coefficient,selector_g64,cahn_hilliard,coefficient,64,test,64,64,True,neural:looped:response_matched,0.008781007051020565,0.0062120568196605665,0.012375214596534368,0.0937070277568367,6,looped,response_matched,archived_neural_scores,,,,,,69.72639910822424,73.23327484230201,1.6248402651399374,34049,NVIDIA GeForce RTX 3090 Ti,historical execution; no matched-hardware comparison with current calibration times
selector_g64__cahn_hilliard__coefficient,selector_g64,cahn_hilliard,coefficient,64,test,64,64,True,neural:looped:smooth,0.008373599254950933,0.006762210397365045,0.010123451297683725,0.09150737268084431,6,looped,smooth,archived_neural_scores,,,,,,70.18402572131406,73.69112472600925,1.6062079928815365,34049,NVIDIA GeForce RTX 3090 Ti,historical execution; no matched-hardware comparison with current calibration times
selector_g64__cahn_hilliard__coefficient,selector_g64,cahn_hilliard,coefficient,64,test,64,64,True,neural:transformer:iid,0.006667767459065495,0.004392607354543075,0.009602013793741078,0.08165639876375577,6,transformer,iid,archived_neural_scores,,,,,,73.91817955649458,77.42987799846257,1.594302779994905,100993,NVIDIA GeForce RTX 3090 Ti,historical execution; no matched-hardware comparison with current calibration times
selector_g64__cahn_hilliard__coefficient,selector_g64,cahn_hilliard,coefficient,64,test,64,64,True,neural:transformer:none,0.004084385074384678,0.0029176036876478006,0.005627887846532012,0.0639091939738304,6,transformer,none,archived_neural_scores,,,,,,43.43261189417293,43.47625935962424,1.6052293009124696,100993,NVIDIA GeForce RTX 3090 Ti,historical execution; no matched-hardware comparison with current calibration times
selector_g64__cahn_hilliard__coefficient,selector_g64,cahn_hilliard,coefficient,64,test,64,64,True,neural:transformer:response_matched,0.013660856420386502,0.010103889273563978,0.01721191911989092,0.11687966641117052,6,transformer,response_matched,archived_neural_scores,,,,,,73.53076719127905,77.04228550001669,1.5912712668068707,100993,NVIDIA GeForce RTX 3090 Ti,historical execution; no matched-hardware comparison with current calibration times
selector_g64__cahn_hilliard__coefficient,selector_g64,cahn_hilliard,coefficient,64,test,64,64,True,neural:transformer:smooth,0.00469901395920476,0.003949648898282274,0.005516486833068074,0.0685493541851764,6,transformer,smooth,archived_neural_scores,,,,,,73.87966489396058,77.39225912637387,1.5851215575821698,100993,NVIDIA GeForce RTX 3090 Ti,historical execution; no matched-hardware comparison with current calibration times
selector_g64__cahn_hilliard__coefficient,selector_g64,cahn_hilliard,coefficient,64,test,64,64,True,validation_best_neural,4.568056205063195e-05,3.487036387027803e-05,5.851496032539519e-05,0.00675873967915853,6,validation_best_neural,,frozen_validation_selection,,,,,,,,,,,
selector_g64__cahn_hilliard__coefficient,selector_g64,cahn_hilliard,coefficient,64,test,64,64,True,validation_selected_route,2.0521260467116596e-12,1.4563413647935869e-12,2.7150046433002796e-12,1.4325243616468306e-06,6,validation_selected_route,,frozen_validation_selection,,,,,,,,,,,
selector_g64__cahn_hilliard__coefficient,selector_g64,cahn_hilliard,coefficient,64,test,96,64,False,calibrated,4.477537038268508e-12,3.286395869340567e-12,5.773056392972806e-12,2.1160191488425875e-06,0,physics_calibrated,,new_frozen_physics_evaluation,0,0,0,4.477537038268508e-12,1.1998282599997765,,,,,,
selector_g64__cahn_hilliard__coefficient,selector_g64,cahn_hilliard,coefficient,64,test,96,64,False,uncalibrated,0.13394824363025687,0.10395657868512423,0.16711428143566082,0.36598940371308136,0,physics_uncalibrated,,new_frozen_physics_evaluation,0,0,0,0.13394824363025687,0.0,,,,,,
selector_g64__cahn_hilliard__coefficient,selector_g64,cahn_hilliard,coefficient,64,test,96,64,False,persistence,0.22738141233401477,0.21304977406836603,0.24175117392897597,0.47684527085210227,0,persistence,,new_frozen_physics_evaluation,0,0,0,0.22738141233401477,0.0,,,,,,
selector_g64__cahn_hilliard__coefficient,selector_g64,cahn_hilliard,coefficient,64,test,96,64,False,neural:fno:iid,0.0014903698045320758,0.0009034641503204244,0.0021760867844955053,0.03860530798390392,6,fno,iid,archived_neural_scores,,,,,,42.464386491415404,45.966870355652645,1.2754683033563197,209985,NVIDIA GeForce RTX 3090 Ti,historical execution; no matched-hardware comparison with current calibration times
selector_g64__cahn_hilliard__coefficient,selector_g64,cahn_hilliard,coefficient,64,test,96,64,False,neural:fno:none,7.426414381371211e-05,5.440021016951199e-05,9.721956613180641e-05,0.008617664638039247,6,fno,none,archived_neural_scores,,,,,,25.328269887017086,25.362915674534936,1.2786685372702777,209985,NVIDIA GeForce RTX 3090 Ti,historical execution; no matched-hardware comparison with current calibration times
selector_g64__cahn_hilliard__coefficient,selector_g64,cahn_hilliard,coefficient,64,test,96,64,False,neural:fno:response_matched,0.0013814162032811253,0.0011040377255810497,0.0016985641229543473,0.037167407809546325,6,fno,response_matched,archived_neural_scores,,,,,,42.56221144623123,46.06463975870671,1.2878597830422223,209985,NVIDIA GeForce RTX 3090 Ti,historical execution; no matched-hardware comparison with current calibration times
selector_g64__cahn_hilliard__coefficient,selector_g64,cahn_hilliard,coefficient,64,test,96,64,False,neural:fno:smooth,0.0007411219510261533,0.0005341545171077016,0.0010069649637959519,0.02722355507692104,6,fno,smooth,archived_neural_scores,,,,,,42.59244354829813,46.09515468783987,1.2773720198310912,209985,NVIDIA GeForce RTX 3090 Ti,historical execution; no matched-hardware comparison with current calibration times
selector_g64__cahn_hilliard__coefficient,selector_g64,cahn_hilliard,coefficient,64,test,96,64,False,neural:looped:iid,0.01202210517520761,0.009840991018811368,0.014419040341443142,0.10964536093792392,6,looped,iid,archived_neural_scores,,,,,,69.70602648076601,73.21337515573639,1.6252345056273043,34049,NVIDIA GeForce RTX 3090 Ti,historical execution; no matched-hardware comparison with current calibration times
selector_g64__cahn_hilliard__coefficient,selector_g64,cahn_hilliard,coefficient,64,test,96,64,False,neural:looped:none,0.010816833429038662,0.007918935977934851,0.014711859317505033,0.1040040067931936,6,looped,none,archived_neural_scores,,,,,,39.54708478584265,39.58612943564852,1.6111545264720917,34049,NVIDIA GeForce RTX 3090 Ti,historical execution; no matched-hardware comparison with current calibration times
selector_g64__cahn_hilliard__coefficient,selector_g64,cahn_hilliard,coefficient,64,test,96,64,False,neural:looped:response_matched,0.017657855952928778,0.011759503155362745,0.026185550866714438,0.1328828655355113,6,looped,response_matched,archived_neural_scores,,,,,,69.72639910822424,73.23327484230201,1.6248402651399374,34049,NVIDIA GeForce RTX 3090 Ti,historical execution; no matched-hardware comparison with current calibration times
selector_g64__cahn_hilliard__coefficient,selector_g64,cahn_hilliard,coefficient,64,test,96,64,False,neural:looped:smooth,0.01834976270801058,0.01465694506580301,0.022525028817753295,0.13546129597789391,6,looped,smooth,archived_neural_scores,,,,,,70.18402572131406,73.69112472600925,1.6062079928815365,34049,NVIDIA GeForce RTX 3090 Ti,historical execution; no matched-hardware comparison with current calibration times
selector_g64__cahn_hilliard__coefficient,selector_g64,cahn_hilliard,coefficient,64,test,96,64,False,neural:transformer:iid,0.013616813420718655,0.008992087649018592,0.019601456776676237,0.11669110257735443,6,transformer,iid,archived_neural_scores,,,,,,73.91817955649458,77.42987799846257,1.594302779994905,100993,NVIDIA GeForce RTX 3090 Ti,historical execution; no matched-hardware comparison with current calibration times
selector_g64__cahn_hilliard__coefficient,selector_g64,cahn_hilliard,coefficient,64,test,96,64,False,neural:transformer:none,0.007279229127436584,0.00493494832688625,0.010415691607282009,0.08531839852831617,6,transformer,none,archived_neural_scores,,,,,,43.43261189417293,43.47625935962424,1.6052293009124696,100993,NVIDIA GeForce RTX 3090 Ti,historical execution; no matched-hardware comparison with current calibration times
selector_g64__cahn_hilliard__coefficient,selector_g64,cahn_hilliard,coefficient,64,test,96,64,False,neural:transformer:response_matched,0.030017002057397643,0.021666826948578424,0.03812016320691066,0.17325415451699172,6,transformer,response_matched,archived_neural_scores,,,,,,73.53076719127905,77.04228550001669,1.5912712668068707,100993,NVIDIA GeForce RTX 3090 Ti,historical execution; no matched-hardware comparison with current calibration times
selector_g64__cahn_hilliard__coefficient,selector_g64,cahn_hilliard,coefficient,64,test,96,64,False,neural:transformer:smooth,0.009167258764811649,0.00777209715595244,0.010727314250924734,0.0957458028574185,6,transformer,smooth,archived_neural_scores,,,,,,73.87966489396058,77.39225912637387,1.5851215575821698,100993,NVIDIA GeForce RTX 3090 Ti,historical execution; no matched-hardware comparison with current calibration times
selector_g64__cahn_hilliard__coefficient,selector_g64,cahn_hilliard,coefficient,64,test,96,64,False,validation_best_neural,7.426414381371211e-05,5.440021016951199e-05,9.721956613180641e-05,0.008617664638039247,6,validation_best_neural,,frozen_validation_selection,,,,,,,,,,,
selector_g64__cahn_hilliard__coefficient,selector_g64,cahn_hilliard,coefficient,64,test,96,64,False,validation_selected_route,4.477537038268507e-12,3.286395869340566e-12,5.773056392972804e-12,2.116019148842587e-06,6,validation_selected_route,,frozen_validation_selection,,,,,,,,,,,
selector_g64__cahn_hilliard__coefficient,selector_g64,cahn_hilliard,coefficient,64,ood,64,64,True,calibrated,5.3164795871662e-12,4.391673138981e-12,6.32605936048545e-12,2.3057492463765874e-06,0,physics_calibrated,,new_frozen_physics_evaluation,0,0,0,5.3164795871662e-12,1.1998282599997765,,,,,,
selector_g64__cahn_hilliard__coefficient,selector_g64,cahn_hilliard,coefficient,64,ood,64,64,True,uncalibrated,0.07848093674788537,0.06181010352394898,0.0997386454233485,0.2801444926245836,0,physics_uncalibrated,,new_frozen_physics_evaluation,0,0,0,0.07848093674788537,0.0,,,,,,
selector_g64__cahn_hilliard__coefficient,selector_g64,cahn_hilliard,coefficient,64,ood,64,64,True,persistence,0.21190483121856296,0.2034112610148052,0.22042204571426144,0.46033121903534086,0,persistence,,new_frozen_physics_evaluation,0,0,0,0.21190483121856296,0.0,,,,,,
selector_g64__cahn_hilliard__coefficient,selector_g64,cahn_hilliard,coefficient,64,ood,64,64,True,neural:fno:iid,0.009241035058059802,0.006031163608949423,0.012754462336799373,0.09613030249645427,6,fno,iid,archived_neural_scores,,,,,,42.464386491415404,45.966870355652645,1.2754683033563197,209985,NVIDIA GeForce RTX 3090 Ti,historical execution; no matched-hardware comparison with current calibration times
selector_g64__cahn_hilliard__coefficient,selector_g64,cahn_hilliard,coefficient,64,ood,64,64,True,neural:fno:none,0.0018641371714135525,0.0010148994993643017,0.00276887964396305,0.043175654846377864,6,fno,none,archived_neural_scores,,,,,,25.328269887017086,25.362915674534936,1.2786685372702777,209985,NVIDIA GeForce RTX 3090 Ti,historical execution; no matched-hardware comparison with current calibration times
selector_g64__cahn_hilliard__coefficient,selector_g64,cahn_hilliard,coefficient,64,ood,64,64,True,neural:fno:response_matched,0.0681771020664016,0.0198176329503076,0.1305033828236854,0.26110745310389283,6,fno,response_matched,archived_neural_scores,,,,,,42.56221144623123,46.06463975870671,1.2878597830422223,209985,NVIDIA GeForce RTX 3090 Ti,historical execution; no matched-hardware comparison with current calibration times
selector_g64__cahn_hilliard__coefficient,selector_g64,cahn_hilliard,coefficient,64,ood,64,64,True,neural:fno:smooth,0.003954704320811274,0.0020397055289289342,0.005981969263237131,0.06288643988024187,6,fno,smooth,archived_neural_scores,,,,,,42.59244354829813,46.09515468783987,1.2773720198310912,209985,NVIDIA GeForce RTX 3090 Ti,historical execution; no matched-hardware comparison with current calibration times
selector_g64__cahn_hilliard__coefficient,selector_g64,cahn_hilliard,coefficient,64,ood,64,64,True,neural:looped:iid,0.6140193622079266,0.48097621174877014,0.737660400621519,0.783593875810631,6,looped,iid,archived_neural_scores,,,,,,69.70602648076601,73.21337515573639,1.6252345056273043,34049,NVIDIA GeForce RTX 3090 Ti,historical execution; no matched-hardware comparison with current calibration times
selector_g64__cahn_hilliard__coefficient,selector_g64,cahn_hilliard,coefficient,64,ood,64,64,True,neural:looped:none,0.21124034892107038,0.17997904849545004,0.2552759817349509,0.4596089086615602,6,looped,none,archived_neural_scores,,,,,,39.54708478584265,39.58612943564852,1.6111545264720917,34049,NVIDIA GeForce RTX 3090 Ti,historical execution; no matched-hardware comparison with current calibration times
selector_g64__cahn_hilliard__coefficient,selector_g64,cahn_hilliard,coefficient,64,ood,64,64,True,neural:looped:response_matched,0.9529109070092355,0.7927045120022029,1.1199153880127684,0.9761715561361309,6,looped,response_matched,archived_neural_scores,,,,,,69.72639910822424,73.23327484230201,1.6248402651399374,34049,NVIDIA GeForce RTX 3090 Ti,historical execution; no matched-hardware comparison with current calibration times
selector_g64__cahn_hilliard__coefficient,selector_g64,cahn_hilliard,coefficient,64,ood,64,64,True,neural:looped:smooth,0.21852189051430057,0.19016679150248467,0.2502634684543194,0.4674632504425354,6,looped,smooth,archived_neural_scores,,,,,,70.18402572131406,73.69112472600925,1.6062079928815365,34049,NVIDIA GeForce RTX 3090 Ti,historical execution; no matched-hardware comparison with current calibration times
selector_g64__cahn_hilliard__coefficient,selector_g64,cahn_hilliard,coefficient,64,ood,64,64,True,neural:transformer:iid,0.6358002631054506,0.5658594382584328,0.704561100065739,0.7973708441531145,6,transformer,iid,archived_neural_scores,,,,,,73.91817955649458,77.42987799846257,1.594302779994905,100993,NVIDIA GeForce RTX 3090 Ti,historical execution; no matched-hardware comparison with current calibration times
selector_g64__cahn_hilliard__coefficient,selector_g64,cahn_hilliard,coefficient,64,ood,64,64,True,neural:transformer:none,0.20482504717143069,0.17229945547729794,0.23850644635584428,0.45257601258952146,6,transformer,none,archived_neural_scores,,,,,,43.43261189417293,43.47625935962424,1.6052293009124696,100993,NVIDIA GeForce RTX 3090 Ti,historical execution; no matched-hardware comparison with current calibration times
selector_g64__cahn_hilliard__coefficient,selector_g64,cahn_hilliard,coefficient,64,ood,64,64,True,neural:transformer:response_matched,0.9243507593478076,0.779029013589586,1.1356774743697886,0.9614316196941973,6,transformer,response_matched,archived_neural_scores,,,,,,73.53076719127905,77.04228550001669,1.5912712668068707,100993,NVIDIA GeForce RTX 3090 Ti,historical execution; no matched-hardware comparison with current calibration times
selector_g64__cahn_hilliard__coefficient,selector_g64,cahn_hilliard,coefficient,64,ood,64,64,True,neural:transformer:smooth,0.2838915729559589,0.18862233132832423,0.38911335250894064,0.5328147642060597,6,transformer,smooth,archived_neural_scores,,,,,,73.87966489396058,77.39225912637387,1.5851215575821698,100993,NVIDIA GeForce RTX 3090 Ti,historical execution; no matched-hardware comparison with current calibration times
selector_g64__cahn_hilliard__coefficient,selector_g64,cahn_hilliard,coefficient,64,ood,64,64,True,validation_best_neural,0.0018641371714135525,0.0010148994993643017,0.00276887964396305,0.043175654846377864,6,validation_best_neural,,frozen_validation_selection,,,,,,,,,,,
selector_g64__cahn_hilliard__coefficient,selector_g64,cahn_hilliard,coefficient,64,ood,64,64,True,validation_selected_route,5.3164795871662e-12,4.391673138981e-12,6.32605936048545e-12,2.3057492463765874e-06,6,validation_selected_route,,frozen_validation_selection,,,,,,,,,,,
selector_g64__cahn_hilliard__coefficient,selector_g64,cahn_hilliard,coefficient,64,ood,96,64,False,calibrated,7.53598654511301e-12,6.384554998504593e-12,8.77358526618902e-12,2.745175139242123e-06,0,physics_calibrated,,new_frozen_physics_evaluation,0,0,0,7.53598654511301e-12,1.1998282599997765,,,,,,
selector_g64__cahn_hilliard__coefficient,selector_g64,cahn_hilliard,coefficient,64,ood,96,64,False,uncalibrated,0.07536823740947676,0.055329805833091564,0.10326135509903464,0.27453276199659077,0,physics_uncalibrated,,new_frozen_physics_evaluation,0,0,0,0.07536823740947676,0.0,,,,,,
selector_g64__cahn_hilliard__coefficient,selector_g64,cahn_hilliard,coefficient,64,ood,96,64,False,persistence,0.36727928068207544,0.35676641068082426,0.3779233930264378,0.6060357090816312,0,persistence,,new_frozen_physics_evaluation,0,0,0,0.36727928068207544,0.0,,,,,,
selector_g64__cahn_hilliard__coefficient,selector_g64,cahn_hilliard,coefficient,64,ood,96,64,False,neural:fno:iid,0.01678131580538116,0.009896620981079263,0.02523913853419936,0.12954271807161202,6,fno,iid,archived_neural_scores,,,,,,42.464386491415404,45.966870355652645,1.2754683033563197,209985,NVIDIA GeForce RTX 3090 Ti,historical execution; no matched-hardware comparison with current calibration times
selector_g64__cahn_hilliard__coefficient,selector_g64,cahn_hilliard,coefficient,64,ood,96,64,False,neural:fno:none,0.0027540344269025205,0.0014248550442144741,0.004269204275238436,0.05247889506175336,6,fno,none,archived_neural_scores,,,,,,25.328269887017086,25.362915674534936,1.2786685372702777,209985,NVIDIA GeForce RTX 3090 Ti,historical execution; no matched-hardware comparison with current calibration times
selector_g64__cahn_hilliard__coefficient,selector_g64,cahn_hilliard,coefficient,64,ood,96,64,False,neural:fno:response_matched,0.1336331267679463,0.03811677346421213,0.24977051093198332,0.3655586502436323,6,fno,response_matched,archived_neural_scores,,,,,,42.56221144623123,46.06463975870671,1.2878597830422223,209985,NVIDIA GeForce RTX 3090 Ti,historical execution; no matched-hardware comparison with current calibration times
selector_g64__cahn_hilliard__coefficient,selector_g64,cahn_hilliard,coefficient,64,ood,96,64,False,neural:fno:smooth,0.007448335413963708,0.0033769113560847756,0.01258492481747449,0.08630373928146862,6,fno,smooth,archived_neural_scores,,,,,,42.59244354829813,46.09515468783987,1.2773720198310912,209985,NVIDIA GeForce RTX 3090 Ti,historical execution; no matched-hardware comparison with current calibration times
selector_g64__cahn_hilliard__coefficient,selector_g64,cahn_hilliard,coefficient,64,ood,96,64,False,neural:looped:iid,0.9800233330053251,0.8137467280121826,1.1340511627492373,0.9899612785383705,6,looped,iid,archived_neural_scores,,,,,,69.70602648076601,73.21337515573639,1.6252345056273043,34049,NVIDIA GeForce RTX 3090 Ti,historical execution; no matched-hardware comparison with current calibration times
selector_g64__cahn_hilliard__coefficient,selector_g64,cahn_hilliard,coefficient,64,ood,96,64,False,neural:looped:none,0.3652188315339479,0.3051720121512019,0.4532896978242131,0.6043333778089275,6,looped,none,archived_neural_scores,,,,,,39.54708478584265,39.58612943564852,1.6111545264720917,34049,NVIDIA GeForce RTX 3090 Ti,historical execution; no matched-hardware comparison with current calibration times
selector_g64__cahn_hilliard__coefficient,selector_g64,cahn_hilliard,coefficient,64,ood,96,64,False,neural:looped:response_matched,1.3225016270803154,1.1281120463200067,1.5098548616239358,1.1500007074260066,6,looped,response_matched,archived_neural_scores,,,,,,69.72639910822424,73.23327484230201,1.6248402651399374,34049,NVIDIA GeForce RTX 3090 Ti,historical execution; no matched-hardware comparison with current calibration times
selector_g64__cahn_hilliard__coefficient,selector_g64,cahn_hilliard,coefficient,64,ood,96,64,False,neural:looped:smooth,0.3776918205727275,0.3280729042840524,0.4356132416971025,0.6145663679154005,6,looped,smooth,archived_neural_scores,,,,,,70.18402572131406,73.69112472600925,1.6062079928815365,34049,NVIDIA GeForce RTX 3090 Ti,historical execution; no matched-hardware comparison with current calibration times
selector_g64__cahn_hilliard__coefficient,selector_g64,cahn_hilliard,coefficient,64,ood,96,64,False,neural:transformer:iid,0.9756312709781213,0.8912932257230736,1.0574144249572581,0.9877404876677484,6,transformer,iid,archived_neural_scores,,,,,,73.91817955649458,77.42987799846257,1.594302779994905,100993,NVIDIA GeForce RTX 3090 Ti,historical execution; no matched-hardware comparison with current calibration times
selector_g64__cahn_hilliard__coefficient,selector_g64,cahn_hilliard,coefficient,64,ood,96,64,False,neural:transformer:none,0.35818640318217093,0.2926762400551136,0.42831548366511524,0.5984867610751059,6,transformer,none,archived_neural_scores,,,,,,43.43261189417293,43.47625935962424,1.6052293009124696,100993,NVIDIA GeForce RTX 3090 Ti,historical execution; no matched-hardware comparison with current calibration times
selector_g64__cahn_hilliard__coefficient,selector_g64,cahn_hilliard,coefficient,64,ood,96,64,False,neural:transformer:response_matched,1.2722692447899375,1.0917777340511712,1.5432032973098788,1.127949132181916,6,transformer,response_matched,archived_neural_scores,,,,,,73.53076719127905,77.04228550001669,1.5912712668068707,100993,NVIDIA GeForce RTX 3090 Ti,historical execution; no matched-hardware comparison with current calibration times
selector_g64__cahn_hilliard__coefficient,selector_g64,cahn_hilliard,coefficient,64,ood,96,64,False,neural:transformer:smooth,0.5017010804226298,0.3260765596411282,0.6887633946313148,0.7083086053568951,6,transformer,smooth,archived_neural_scores,,,,,,73.87966489396058,77.39225912637387,1.5851215575821698,100993,NVIDIA GeForce RTX 3090 Ti,historical execution; no matched-hardware comparison with current calibration times
selector_g64__cahn_hilliard__coefficient,selector_g64,cahn_hilliard,coefficient,64,ood,96,64,False,validation_best_neural,0.0027540344269025205,0.0014248550442144741,0.004269204275238436,0.05247889506175336,6,validation_best_neural,,frozen_validation_selection,,,,,,,,,,,
selector_g64__cahn_hilliard__coefficient,selector_g64,cahn_hilliard,coefficient,64,ood,96,64,False,validation_selected_route,7.53598654511301e-12,6.384554998504592e-12,8.77358526618902e-12,2.745175139242123e-06,6,validation_selected_route,,frozen_validation_selection,,,,,,,,,,,
selector_g64__cahn_hilliard__correct,selector_g64,cahn_hilliard,correct,64,test,64,64,True,calibrated,2.3867937536463058e-12,1.7980099148963306e-12,3.0300777175347316e-12,1.5449251611797594e-06,0,physics_calibrated,,new_frozen_physics_evaluation,0,0,0,2.3867937536463058e-12,0.8949978560012823,,,,,,
selector_g64__cahn_hilliard__correct,selector_g64,cahn_hilliard,correct,64,test,64,64,True,uncalibrated,2.655886420299992e-12,2.083315454328469e-12,3.277894676171917e-12,1.6296890563233196e-06,0,physics_uncalibrated,,new_frozen_physics_evaluation,0,0,0,2.655886420299992e-12,0.0,,,,,,
selector_g64__cahn_hilliard__correct,selector_g64,cahn_hilliard,correct,64,test,64,64,True,persistence,0.10231210189892193,0.09333854617230095,0.1114941474981508,0.3198626297317677,0,persistence,,new_frozen_physics_evaluation,0,0,0,0.10231210189892193,0.0,,,,,,
selector_g64__cahn_hilliard__correct,selector_g64,cahn_hilliard,correct,64,test,64,64,True,neural:fno:iid,0.00015663932449867094,0.00011807318377307257,0.00019641198908957447,0.012515563291305386,6,fno,iid,archived_neural_scores,,,,,,42.70425641280599,46.228774051725246,1.2652585515752435,209985,NVIDIA GeForce RTX 3090 Ti,historical execution; no matched-hardware comparison with current calibration times
selector_g64__cahn_hilliard__correct,selector_g64,cahn_hilliard,correct,64,test,64,64,True,neural:fno:none,4.6968038146630204e-05,3.636298719748983e-05,5.965491028831426e-05,0.00685332314622842,6,fno,none,archived_neural_scores,,,,,,25.241873094346374,25.277012904407457,1.2634262791834772,209985,NVIDIA GeForce RTX 3090 Ti,historical execution; no matched-hardware comparison with current calibration times
selector_g64__cahn_hilliard__correct,selector_g64,cahn_hilliard,correct,64,test,64,64,True,neural:fno:response_matched,0.0004239090809382091,0.0003484348189326485,0.0005086129694222346,0.020589052453627122,6,fno,response_matched,archived_neural_scores,,,,,,42.59814747935161,46.12240101474648,1.275482273194939,209985,NVIDIA GeForce RTX 3090 Ti,historical execution; no matched-hardware comparison with current calibration times
selector_g64__cahn_hilliard__correct,selector_g64,cahn_hilliard,correct,64,test,64,64,True,neural:fno:smooth,2.9142350279843772e-05,2.2171355101302707e-05,3.78656727543194e-05,0.005398365519288572,6,fno,smooth,archived_neural_scores,,,,,,42.619354295311496,46.14386448233078,1.2648837524466217,209985,NVIDIA GeForce RTX 3090 Ti,historical execution; no matched-hardware comparison with current calibration times
selector_g64__cahn_hilliard__correct,selector_g64,cahn_hilliard,correct,64,test,64,64,True,neural:looped:iid,0.005600405746689211,0.003384166959011284,0.00904582453890532,0.07483585869547574,6,looped,iid,archived_neural_scores,,,,,,70.05953093765613,73.58914194294873,1.6035460168495774,34049,NVIDIA GeForce RTX 3090 Ti,historical execution; no matched-hardware comparison with current calibration times
selector_g64__cahn_hilliard__correct,selector_g64,cahn_hilliard,correct,64,test,64,64,True,neural:looped:none,0.00593654837935688,0.004455592570684435,0.007751229163563013,0.07704899985954963,6,looped,none,archived_neural_scores,,,,,,39.77850366414835,39.81810554854261,1.5929110231809318,34049,NVIDIA GeForce RTX 3090 Ti,historical execution; no matched-hardware comparison with current calibration times
selector_g64__cahn_hilliard__correct,selector_g64,cahn_hilliard,correct,64,test,64,64,True,neural:looped:response_matched,0.008936414492363293,0.004925195554195105,0.014928201732629688,0.09453261073493788,6,looped,response_matched,archived_neural_scores,,,,,,70.13776399117585,73.6667795793619,1.5941504971124232,34049,NVIDIA GeForce RTX 3090 Ti,historical execution; no matched-hardware comparison with current calibration times
selector_g64__cahn_hilliard__correct,selector_g64,cahn_hilliard,correct,64,test,64,64,True,neural:looped:smooth,0.004077548477607955,0.002919812505724309,0.0055658305942346015,0.0638556847712712,6,looped,smooth,archived_neural_scores,,,,,,70.18158377800137,73.71036769667019,1.592525525484234,34049,NVIDIA GeForce RTX 3090 Ti,historical execution; no matched-hardware comparison with current calibration times
selector_g64__cahn_hilliard__correct,selector_g64,cahn_hilliard,correct,64,test,64,64,True,neural:transformer:iid,0.004250360024593697,0.0026947586135927736,0.0061465135379558215,0.06519478525613606,6,transformer,iid,archived_neural_scores,,,,,,73.0399785360787,76.57347054919228,1.5866408008150756,100993,NVIDIA GeForce RTX 3090 Ti,historical execution; no matched-hardware comparison with current calibration times
selector_g64__cahn_hilliard__correct,selector_g64,cahn_hilliard,correct,64,test,64,64,True,neural:transformer:none,0.004084380733209904,0.0028743583655396142,0.005548808173202847,0.06390916001020436,6,transformer,none,archived_neural_scores,,,,,,43.46604075391466,43.50960965726214,1.5928382868878543,100993,NVIDIA GeForce RTX 3090 Ti,historical execution; no matched-hardware comparison with current calibration times
selector_g64__cahn_hilliard__correct,selector_g64,cahn_hilliard,correct,64,test,64,64,True,neural:transformer:response_matched,0.012088833577730182,0.007934158801149154,0.01751798871183651,0.10994923181964567,6,transformer,response_matched,archived_neural_scores,,,,,,73.3959871487071,76.9296537550011,1.606384280603379,100993,NVIDIA GeForce RTX 3090 Ti,historical execution; no matched-hardware comparison with current calibration times
selector_g64__cahn_hilliard__correct,selector_g64,cahn_hilliard,correct,64,test,64,64,True,neural:transformer:smooth,0.0026882936452468503,0.002171416244663591,0.003279418563350428,0.05184875741275629,6,transformer,smooth,archived_neural_scores,,,,,,73.60530172979149,77.13981768170682,1.6112323035486042,100993,NVIDIA GeForce RTX 3090 Ti,historical execution; no matched-hardware comparison with current calibration times
selector_g64__cahn_hilliard__correct,selector_g64,cahn_hilliard,correct,64,test,64,64,True,validation_best_neural,2.9142350279843772e-05,2.2171355101302707e-05,3.78656727543194e-05,0.005398365519288572,6,validation_best_neural,,frozen_validation_selection,,,,,,,,,,,
selector_g64__cahn_hilliard__correct,selector_g64,cahn_hilliard,correct,64,test,64,64,True,validation_selected_route,2.3867937536463058e-12,1.7980099148963304e-12,3.0300777175347308e-12,1.5449251611797594e-06,6,validation_selected_route,,frozen_validation_selection,,,,,,,,,,,
selector_g64__cahn_hilliard__correct,selector_g64,cahn_hilliard,correct,64,test,96,64,False,calibrated,5.075223743046921e-12,3.90610518756535e-12,6.364977267874066e-12,2.2528257240734183e-06,0,physics_calibrated,,new_frozen_physics_evaluation,0,0,0,5.075223743046921e-12,0.8949978560012823,,,,,,
selector_g64__cahn_hilliard__correct,selector_g64,cahn_hilliard,correct,64,test,96,64,False,uncalibrated,5.885077979867801e-12,4.699024891538834e-12,7.094187174921943e-12,2.4259179664341087e-06,0,physics_uncalibrated,,new_frozen_physics_evaluation,0,0,0,5.885077979867801e-12,0.0,,,,,,
selector_g64__cahn_hilliard__correct,selector_g64,cahn_hilliard,correct,64,test,96,64,False,persistence,0.22738141233401477,0.21266031779145725,0.24175114321384408,0.47684527085210227,0,persistence,,new_frozen_physics_evaluation,0,0,0,0.22738141233401477,0.0,,,,,,
selector_g64__cahn_hilliard__correct,selector_g64,cahn_hilliard,correct,64,test,96,64,False,neural:fno:iid,0.0003190072862038499,0.00023189409975128266,0.0004148386055925905,0.017860775072875475,6,fno,iid,archived_neural_scores,,,,,,42.70425641280599,46.228774051725246,1.2652585515752435,209985,NVIDIA GeForce RTX 3090 Ti,historical execution; no matched-hardware comparison with current calibration times
selector_g64__cahn_hilliard__correct,selector_g64,cahn_hilliard,correct,64,test,96,64,False,neural:fno:none,7.844308668563417e-05,5.71281920488329e-05,0.00010266522292918788,0.00885681018683556,6,fno,none,archived_neural_scores,,,,,,25.241873094346374,25.277012904407457,1.2634262791834772,209985,NVIDIA GeForce RTX 3090 Ti,historical execution; no matched-hardware comparison with current calibration times
selector_g64__cahn_hilliard__correct,selector_g64,cahn_hilliard,correct,64,test,96,64,False,neural:fno:response_matched,0.0009353202340046224,0.000724177843984045,0.001179654410692157,0.0305830056404635,6,fno,response_matched,archived_neural_scores,,,,,,42.59814747935161,46.12240101474648,1.275482273194939,209985,NVIDIA GeForce RTX 3090 Ti,historical execution; no matched-hardware comparison with current calibration times
selector_g64__cahn_hilliard__correct,selector_g64,cahn_hilliard,correct,64,test,96,64,False,neural:fno:smooth,4.962145645013736e-05,3.499545599165072e-05,6.724796974889768e-05,0.007044249885554697,6,fno,smooth,archived_neural_scores,,,,,,42.619354295311496,46.14386448233078,1.2648837524466217,209985,NVIDIA GeForce RTX 3090 Ti,historical execution; no matched-hardware comparison with current calibration times
selector_g64__cahn_hilliard__correct,selector_g64,cahn_hilliard,correct,64,test,96,64,False,neural:looped:iid,0.010950464081550778,0.006174765471094202,0.018707818703274214,0.10464446512621094,6,looped,iid,archived_neural_scores,,,,,,70.05953093765613,73.58914194294873,1.6035460168495774,34049,NVIDIA GeForce RTX 3090 Ti,historical execution; no matched-hardware comparison with current calibration times
selector_g64__cahn_hilliard__correct,selector_g64,cahn_hilliard,correct,64,test,96,64,False,neural:looped:none,0.01081683066859894,0.00785234495216558,0.014462760955287198,0.10400399352235923,6,looped,none,archived_neural_scores,,,,,,39.77850366414835,39.81810554854261,1.5929110231809318,34049,NVIDIA GeForce RTX 3090 Ti,historical execution; no matched-hardware comparison with current calibration times
selector_g64__cahn_hilliard__correct,selector_g64,cahn_hilliard,correct,64,test,96,64,False,neural:looped:response_matched,0.018458212928068762,0.009857694990191795,0.03101736402822745,0.13586100591438577,6,looped,response_matched,archived_neural_scores,,,,,,70.13776399117585,73.6667795793619,1.5941504971124232,34049,NVIDIA GeForce RTX 3090 Ti,historical execution; no matched-hardware comparison with current calibration times
selector_g64__cahn_hilliard__correct,selector_g64,cahn_hilliard,correct,64,test,96,64,False,neural:looped:smooth,0.00630174074682547,0.004254212555781475,0.009070730863873748,0.07938350424883919,6,looped,smooth,archived_neural_scores,,,,,,70.18158377800137,73.71036769667019,1.592525525484234,34049,NVIDIA GeForce RTX 3090 Ti,historical execution; no matched-hardware comparison with current calibration times
selector_g64__cahn_hilliard__correct,selector_g64,cahn_hilliard,correct,64,test,96,64,False,neural:transformer:iid,0.008344021991819354,0.005137256283721435,0.01216800973764066,0.09134561835041326,6,transformer,iid,archived_neural_scores,,,,,,73.0399785360787,76.57347054919228,1.5866408008150756,100993,NVIDIA GeForce RTX 3090 Ti,historical execution; no matched-hardware comparison with current calibration times
selector_g64__cahn_hilliard__correct,selector_g64,cahn_hilliard,correct,64,test,96,64,False,neural:transformer:none,0.007279214215489188,0.004864830280646693,0.010157527932808398,0.08531831113828489,6,transformer,none,archived_neural_scores,,,,,,43.46604075391466,43.50960965726214,1.5928382868878543,100993,NVIDIA GeForce RTX 3090 Ti,historical execution; no matched-hardware comparison with current calibration times
selector_g64__cahn_hilliard__correct,selector_g64,cahn_hilliard,correct,64,test,96,64,False,neural:transformer:response_matched,0.026657460902709967,0.017047459339466924,0.03940369849030827,0.16327112697200924,6,transformer,response_matched,archived_neural_scores,,,,,,73.3959871487071,76.9296537550011,1.606384280603379,100993,NVIDIA GeForce RTX 3090 Ti,historical execution; no matched-hardware comparison with current calibration times
selector_g64__cahn_hilliard__correct,selector_g64,cahn_hilliard,correct,64,test,96,64,False,neural:transformer:smooth,0.004333562984401663,0.0034830976676244398,0.005294823452163313,0.06582980316241013,6,transformer,smooth,archived_neural_scores,,,,,,73.60530172979149,77.13981768170682,1.6112323035486042,100993,NVIDIA GeForce RTX 3090 Ti,historical execution; no matched-hardware comparison with current calibration times
selector_g64__cahn_hilliard__correct,selector_g64,cahn_hilliard,correct,64,test,96,64,False,validation_best_neural,4.962145645013736e-05,3.499545599165072e-05,6.724796974889768e-05,0.007044249885554697,6,validation_best_neural,,frozen_validation_selection,,,,,,,,,,,
selector_g64__cahn_hilliard__correct,selector_g64,cahn_hilliard,correct,64,test,96,64,False,validation_selected_route,5.075223743046921e-12,3.906105187565348e-12,6.364977267874066e-12,2.2528257240734183e-06,6,validation_selected_route,,frozen_validation_selection,,,,,,,,,,,
selector_g64__cahn_hilliard__correct,selector_g64,cahn_hilliard,correct,64,ood,64,64,True,calibrated,5.976119406982119e-12,5.0120641240111346e-12,7.003643254725328e-12,2.444610277116195e-06,0,physics_calibrated,,new_frozen_physics_evaluation,0,0,0,5.976119406982119e-12,0.8949978560012823,,,,,,
selector_g64__cahn_hilliard__correct,selector_g64,cahn_hilliard,correct,64,ood,64,64,True,uncalibrated,6.6203208247469464e-12,5.527825879287284e-12,7.790543096093179e-12,2.57299841133782e-06,0,physics_uncalibrated,,new_frozen_physics_evaluation,0,0,0,6.6203208247469464e-12,0.0,,,,,,
selector_g64__cahn_hilliard__correct,selector_g64,cahn_hilliard,correct,64,ood,64,64,True,persistence,0.21190483121856296,0.20345741091417585,0.220608766809627,0.46033121903534086,0,persistence,,new_frozen_physics_evaluation,0,0,0,0.21190483121856296,0.0,,,,,,
selector_g64__cahn_hilliard__correct,selector_g64,cahn_hilliard,correct,64,ood,64,64,True,neural:fno:iid,0.016194524527002974,0.008772816117870891,0.02647462611003894,0.12725770910637585,6,fno,iid,archived_neural_scores,,,,,,42.70425641280599,46.228774051725246,1.2652585515752435,209985,NVIDIA GeForce RTX 3090 Ti,historical execution; no matched-hardware comparison with current calibration times
selector_g64__cahn_hilliard__correct,selector_g64,cahn_hilliard,correct,64,ood,64,64,True,neural:fno:none,0.0019430061658238535,0.0010437148178712257,0.0028668532176012148,0.04407954362086628,6,fno,none,archived_neural_scores,,,,,,25.241873094346374,25.277012904407457,1.2634262791834772,209985,NVIDIA GeForce RTX 3090 Ti,historical execution; no matched-hardware comparison with current calibration times
selector_g64__cahn_hilliard__correct,selector_g64,cahn_hilliard,correct,64,ood,64,64,True,neural:fno:response_matched,0.05816272286798357,0.018930321619672914,0.12028819697403377,0.2411694899194,6,fno,response_matched,archived_neural_scores,,,,,,42.59814747935161,46.12240101474648,1.275482273194939,209985,NVIDIA GeForce RTX 3090 Ti,historical execution; no matched-hardware comparison with current calibration times
selector_g64__cahn_hilliard__correct,selector_g64,cahn_hilliard,correct,64,ood,64,64,True,neural:fno:smooth,0.0020215444858378557,0.001095605950692454,0.0031286744415835437,0.04496158900481449,6,fno,smooth,archived_neural_scores,,,,,,42.619354295311496,46.14386448233078,1.2648837524466217,209985,NVIDIA GeForce RTX 3090 Ti,historical execution; no matched-hardware comparison with current calibration times
selector_g64__cahn_hilliard__correct,selector_g64,cahn_hilliard,correct,64,ood,64,64,True,neural:looped:iid,0.5993163966058187,0.3918479034562487,0.7905653084991603,0.7741552793889729,6,looped,iid,archived_neural_scores,,,,,,70.05953093765613,73.58914194294873,1.6035460168495774,34049,NVIDIA GeForce RTX 3090 Ti,historical execution; no matched-hardware comparison with current calibration times
selector_g64__cahn_hilliard__correct,selector_g64,cahn_hilliard,correct,64,ood,64,64,True,neural:looped:none,0.21124045762121557,0.18013546081951629,0.25581781967206774,0.45960902691441513,6,looped,none,archived_neural_scores,,,,,,39.77850366414835,39.81810554854261,1.5929110231809318,34049,NVIDIA GeForce RTX 3090 Ti,historical execution; no matched-hardware comparison with current calibration times
selector_g64__cahn_hilliard__correct,selector_g64,cahn_hilliard,correct,64,ood,64,64,True,neural:looped:response_matched,1.0287292034816151,0.853373432811023,1.28167145925445,1.0142628867712824,6,looped,response_matched,archived_neural_scores,,,,,,70.13776399117585,73.6667795793619,1.5941504971124232,34049,NVIDIA GeForce RTX 3090 Ti,historical execution; no matched-hardware comparison with current calibration times
selector_g64__cahn_hilliard__correct,selector_g64,cahn_hilliard,correct,64,ood,64,64,True,neural:looped:smooth,0.2534722705720806,0.20050088696806218,0.3314068890478479,0.5034602969173245,6,looped,smooth,archived_neural_scores,,,,,,70.18158377800137,73.71036769667019,1.592525525484234,34049,NVIDIA GeForce RTX 3090 Ti,historical execution; no matched-hardware comparison with current calibration times
selector_g64__cahn_hilliard__correct,selector_g64,cahn_hilliard,correct,64,ood,64,64,True,neural:transformer:iid,0.7088109883258404,0.5557816092924481,0.9389266745405082,0.8419091330576243,6,transformer,iid,archived_neural_scores,,,,,,73.0399785360787,76.57347054919228,1.5866408008150756,100993,NVIDIA GeForce RTX 3090 Ti,historical execution; no matched-hardware comparison with current calibration times
selector_g64__cahn_hilliard__correct,selector_g64,cahn_hilliard,correct,64,ood,64,64,True,neural:transformer:none,0.2048249762629187,0.17265450610303304,0.23840899333059712,0.4525759342507274,6,transformer,none,archived_neural_scores,,,,,,43.46604075391466,43.50960965726214,1.5928382868878543,100993,NVIDIA GeForce RTX 3090 Ti,historical execution; no matched-hardware comparison with current calibration times
selector_g64__cahn_hilliard__correct,selector_g64,cahn_hilliard,correct,64,ood,64,64,True,neural:transformer:response_matched,1.003444724249628,0.8066335494710403,1.2610864790697116,1.001720881408403,6,transformer,response_matched,archived_neural_scores,,,,,,73.3959871487071,76.9296537550011,1.606384280603379,100993,NVIDIA GeForce RTX 3090 Ti,historical execution; no matched-hardware comparison with current calibration times
selector_g64__cahn_hilliard__correct,selector_g64,cahn_hilliard,correct,64,ood,64,64,True,neural:transformer:smooth,0.31685526055198104,0.24099706268110546,0.4450848020549584,0.56289897899355,6,transformer,smooth,archived_neural_scores,,,,,,73.60530172979149,77.13981768170682,1.6112323035486042,100993,NVIDIA GeForce RTX 3090 Ti,historical execution; no matched-hardware comparison with current calibration times
selector_g64__cahn_hilliard__correct,selector_g64,cahn_hilliard,correct,64,ood,64,64,True,validation_best_neural,0.0020215444858378557,0.001095605950692454,0.0031286744415835437,0.04496158900481449,6,validation_best_neural,,frozen_validation_selection,,,,,,,,,,,
selector_g64__cahn_hilliard__correct,selector_g64,cahn_hilliard,correct,64,ood,64,64,True,validation_selected_route,5.976119406982119e-12,5.0120641240111346e-12,7.003643254725326e-12,2.444610277116195e-06,6,validation_selected_route,,frozen_validation_selection,,,,,,,,,,,
selector_g64__cahn_hilliard__correct,selector_g64,cahn_hilliard,correct,64,ood,96,64,False,calibrated,8.330131476385669e-12,7.169972034109294e-12,9.583131380525681e-12,2.8861967147763283e-06,0,physics_calibrated,,new_frozen_physics_evaluation,0,0,0,8.330131476385669e-12,0.8949978560012823,,,,,,
selector_g64__cahn_hilliard__correct,selector_g64,cahn_hilliard,correct,64,ood,96,64,False,uncalibrated,9.24071399054005e-12,7.862308297125971e-12,1.0700413982250658e-11,3.0398542712669714e-06,0,physics_uncalibrated,,new_frozen_physics_evaluation,0,0,0,9.24071399054005e-12,0.0,,,,,,
selector_g64__cahn_hilliard__correct,selector_g64,cahn_hilliard,correct,64,ood,96,64,False,persistence,0.36727928068207544,0.35661021146196775,0.3781869598100723,0.6060357090816312,0,persistence,,new_frozen_physics_evaluation,0,0,0,0.36727928068207544,0.0,,,,,,
selector_g64__cahn_hilliard__correct,selector_g64,cahn_hilliard,correct,64,ood,96,64,False,neural:fno:iid,0.034788267460895965,0.01872503671153073,0.055085482583714235,0.18651613190524824,6,fno,iid,archived_neural_scores,,,,,,42.70425641280599,46.228774051725246,1.2652585515752435,209985,NVIDIA GeForce RTX 3090 Ti,historical execution; no matched-hardware comparison with current calibration times
selector_g64__cahn_hilliard__correct,selector_g64,cahn_hilliard,correct,64,ood,96,64,False,neural:fno:none,0.002923829576671398,0.0014690239512807702,0.004559742964196737,0.05407244748179425,6,fno,none,archived_neural_scores,,,,,,25.241873094346374,25.277012904407457,1.2634262791834772,209985,NVIDIA GeForce RTX 3090 Ti,historical execution; no matched-hardware comparison with current calibration times
selector_g64__cahn_hilliard__correct,selector_g64,cahn_hilliard,correct,64,ood,96,64,False,neural:fno:response_matched,0.11781322306828125,0.04224210630680577,0.22607907525685578,0.3432393087457805,6,fno,response_matched,archived_neural_scores,,,,,,42.59814747935161,46.12240101474648,1.275482273194939,209985,NVIDIA GeForce RTX 3090 Ti,historical execution; no matched-hardware comparison with current calibration times
selector_g64__cahn_hilliard__correct,selector_g64,cahn_hilliard,correct,64,ood,96,64,False,neural:fno:smooth,0.003758771946261001,0.001943269845599538,0.005905656578052286,0.061308824375133804,6,fno,smooth,archived_neural_scores,,,,,,42.619354295311496,46.14386448233078,1.2648837524466217,209985,NVIDIA GeForce RTX 3090 Ti,historical execution; no matched-hardware comparison with current calibration times
selector_g64__cahn_hilliard__correct,selector_g64,cahn_hilliard,correct,64,ood,96,64,False,neural:looped:iid,0.9265469383492689,0.6299338789901645,1.196941288595046,0.9625730820822225,6,looped,iid,archived_neural_scores,,,,,,70.05953093765613,73.58914194294873,1.6035460168495774,34049,NVIDIA GeForce RTX 3090 Ti,historical execution; no matched-hardware comparison with current calibration times
selector_g64__cahn_hilliard__correct,selector_g64,cahn_hilliard,correct,64,ood,96,64,False,neural:looped:none,0.3652190293088702,0.3054092945326625,0.45430977281342544,0.6043335414395515,6,looped,none,archived_neural_scores,,,,,,39.77850366414835,39.81810554854261,1.5929110231809318,34049,NVIDIA GeForce RTX 3090 Ti,historical execution; no matched-hardware comparison with current calibration times
selector_g64__cahn_hilliard__correct,selector_g64,cahn_hilliard,correct,64,ood,96,64,False,neural:looped:response_matched,1.4385643461719837,1.2348550254713448,1.6943674410296905,1.19940166173471,6,looped,response_matched,archived_neural_scores,,,,,,70.13776399117585,73.6667795793619,1.5941504971124232,34049,NVIDIA GeForce RTX 3090 Ti,historical execution; no matched-hardware comparison with current calibration times
selector_g64__cahn_hilliard__correct,selector_g64,cahn_hilliard,correct,64,ood,96,64,False,neural:looped:smooth,0.4450743671751118,0.3560022390872871,0.5822195373726499,0.6671389414320766,6,looped,smooth,archived_neural_scores,,,,,,70.18158377800137,73.71036769667019,1.592525525484234,34049,NVIDIA GeForce RTX 3090 Ti,historical execution; no matched-hardware comparison with current calibration times
selector_g64__cahn_hilliard__correct,selector_g64,cahn_hilliard,correct,64,ood,96,64,False,neural:transformer:iid,1.0694753185475203,0.8657296994982947,1.3913535873585334,1.0341543978282548,6,transformer,iid,archived_neural_scores,,,,,,73.0399785360787,76.57347054919228,1.5866408008150756,100993,NVIDIA GeForce RTX 3090 Ti,historical execution; no matched-hardware comparison with current calibration times
selector_g64__cahn_hilliard__correct,selector_g64,cahn_hilliard,correct,64,ood,96,64,False,neural:transformer:none,0.35818626909229495,0.29151738640997865,0.4279846279262571,0.5984866490510001,6,transformer,none,archived_neural_scores,,,,,,43.46604075391466,43.50960965726214,1.5928382868878543,100993,NVIDIA GeForce RTX 3090 Ti,historical execution; no matched-hardware comparison with current calibration times
selector_g64__cahn_hilliard__correct,selector_g64,cahn_hilliard,correct,64,ood,96,64,False,neural:transformer:response_matched,1.364170365490856,1.1264143059809608,1.6812474337291667,1.167977039796098,6,transformer,response_matched,archived_neural_scores,,,,,,73.3959871487071,76.9296537550011,1.606384280603379,100993,NVIDIA GeForce RTX 3090 Ti,historical execution; no matched-hardware comparison with current calibration times
selector_g64__cahn_hilliard__correct,selector_g64,cahn_hilliard,correct,64,ood,96,64,False,neural:transformer:smooth,0.5649716604422371,0.4299364718439891,0.7945748577153263,0.7516459674888418,6,transformer,smooth,archived_neural_scores,,,,,,73.60530172979149,77.13981768170682,1.6112323035486042,100993,NVIDIA GeForce RTX 3090 Ti,historical execution; no matched-hardware comparison with current calibration times
selector_g64__cahn_hilliard__correct,selector_g64,cahn_hilliard,correct,64,ood,96,64,False,validation_best_neural,0.003758771946261001,0.001943269845599538,0.005905656578052286,0.061308824375133804,6,validation_best_neural,,frozen_validation_selection,,,,,,,,,,,
selector_g64__cahn_hilliard__correct,selector_g64,cahn_hilliard,correct,64,ood,96,64,False,validation_selected_route,8.330131476385669e-12,7.169972034109296e-12,9.583131380525681e-12,2.8861967147763283e-06,6,validation_selected_route,,frozen_validation_selection,,,,,,,,,,,
selector_g64__cahn_hilliard__structural,selector_g64,cahn_hilliard,structural,64,test,64,64,True,calibrated,0.26738078634641294,0.161197608832149,0.40282754128827425,0.5170887606073187,0,physics_calibrated,,new_frozen_physics_evaluation,0,0,0,0.26738078634641294,2.0216149900006712,,,,,,
selector_g64__cahn_hilliard__structural,selector_g64,cahn_hilliard,structural,64,test,64,64,True,uncalibrated,0.26738078634641294,0.161197608832149,0.40282754128827425,0.5170887606073187,0,physics_uncalibrated,,new_frozen_physics_evaluation,0,0,0,0.26738078634641294,0.0,,,,,,
selector_g64__cahn_hilliard__structural,selector_g64,cahn_hilliard,structural,64,test,64,64,True,persistence,0.10231210189892193,0.09326158027473222,0.1113700388815243,0.3198626297317677,0,persistence,,new_frozen_physics_evaluation,0,0,0,0.10231210189892193,0.0,,,,,,
selector_g64__cahn_hilliard__structural,selector_g64,cahn_hilliard,structural,64,test,64,64,True,neural:fno:iid,0.0005734290357586706,0.0004451280879663432,0.000717468342398816,0.023946378343262485,6,fno,iid,archived_neural_scores,,,,,,42.728439365979284,46.012475023201354,1.2707947636954486,209985,NVIDIA GeForce RTX 3090 Ti,historical execution; no matched-hardware comparison with current calibration times
selector_g64__cahn_hilliard__structural,selector_g64,cahn_hilliard,structural,64,test,64,64,True,neural:fno:none,4.6968038146630204e-05,3.604571196552915e-05,5.9879314091899896e-05,0.00685332314622842,6,fno,none,archived_neural_scores,,,,,,25.34065922962812,25.37575652434801,1.2710515060462058,209985,NVIDIA GeForce RTX 3090 Ti,historical execution; no matched-hardware comparison with current calibration times
selector_g64__cahn_hilliard__structural,selector_g64,cahn_hilliard,structural,64,test,64,64,True,neural:fno:response_matched,0.0006968628344968198,0.0005492029177478593,0.0008546324102361409,0.02639815968011444,6,fno,response_matched,archived_neural_scores,,,,,,42.50273608850936,45.78607067574436,1.2825632933527231,209985,NVIDIA GeForce RTX 3090 Ti,historical execution; no matched-hardware comparison with current calibration times
selector_g64__cahn_hilliard__structural,selector_g64,cahn_hilliard,structural,64,test,64,64,True,neural:fno:smooth,0.00042119297811346444,0.00033750940948777577,0.0005198197070700179,0.020522986578796577,6,fno,smooth,archived_neural_scores,,,,,,42.393347803270444,45.67640800649921,1.2788895634002984,209985,NVIDIA GeForce RTX 3090 Ti,historical execution; no matched-hardware comparison with current calibration times
selector_g64__cahn_hilliard__structural,selector_g64,cahn_hilliard,structural,64,test,64,64,True,neural:looped:iid,0.011007967210247658,0.008446592132949165,0.0141239262326409,0.10491886012651709,6,looped,iid,archived_neural_scores,,,,,,70.0768656146247,73.3644470308597,1.6195822739973664,34049,NVIDIA GeForce RTX 3090 Ti,historical execution; no matched-hardware comparison with current calibration times
selector_g64__cahn_hilliard__structural,selector_g64,cahn_hilliard,structural,64,test,64,64,True,neural:looped:none,0.00593654837935688,0.004471126872340578,0.007710622581751611,0.07704899985954963,6,looped,none,archived_neural_scores,,,,,,39.4426044827948,39.48218010932518,1.61853504832834,34049,NVIDIA GeForce RTX 3090 Ti,historical execution; no matched-hardware comparison with current calibration times
selector_g64__cahn_hilliard__structural,selector_g64,cahn_hilliard,structural,64,test,64,64,True,neural:looped:response_matched,0.011246410983944003,0.007202564395770979,0.017683243981649617,0.10604909704445391,6,looped,response_matched,archived_neural_scores,,,,,,69.94622468575835,73.23384816719529,1.6202585538849235,34049,NVIDIA GeForce RTX 3090 Ti,historical execution; no matched-hardware comparison with current calibration times
selector_g64__cahn_hilliard__structural,selector_g64,cahn_hilliard,structural,64,test,64,64,True,neural:looped:smooth,0.010126985466734371,0.00768722774672376,0.012847472611703525,0.10063292436739762,6,looped,smooth,archived_neural_scores,,,,,,69.99693630620216,73.28435067692772,1.5953695285134017,34049,NVIDIA GeForce RTX 3090 Ti,historical execution; no matched-hardware comparison with current calibration times
selector_g64__cahn_hilliard__structural,selector_g64,cahn_hilliard,structural,64,test,64,64,True,neural:transformer:iid,0.005252439654398464,0.003695907033506195,0.007042075651530037,0.0724737169903577,6,transformer,iid,archived_neural_scores,,,,,,73.76430243540865,77.05656313174404,1.5744475298561156,100993,NVIDIA GeForce RTX 3090 Ti,historical execution; no matched-hardware comparison with current calibration times
selector_g64__cahn_hilliard__structural,selector_g64,cahn_hilliard,structural,64,test,64,64,True,neural:transformer:none,0.004084380733209904,0.0029008591533782567,0.005568136985545592,0.06390916001020436,6,transformer,none,archived_neural_scores,,,,,,43.2062674141489,43.25009736985279,1.577428518794477,100993,NVIDIA GeForce RTX 3090 Ti,historical execution; no matched-hardware comparison with current calibration times
selector_g64__cahn_hilliard__structural,selector_g64,cahn_hilliard,structural,64,test,64,64,True,neural:transformer:response_matched,0.01254115730283012,0.008887075719642843,0.016601364507283868,0.11198730866857244,6,transformer,response_matched,archived_neural_scores,,,,,,73.8010886289024,77.0931255236889,1.5770317986607552,100993,NVIDIA GeForce RTX 3090 Ti,historical execution; no matched-hardware comparison with current calibration times
selector_g64__cahn_hilliard__structural,selector_g64,cahn_hilliard,structural,64,test,64,64,True,neural:transformer:smooth,0.00639871739561148,0.005194136246647117,0.0077728335477568475,0.0799919833209021,6,transformer,smooth,archived_neural_scores,,,,,,73.9944428241967,77.28750739588092,1.5720940427854657,100993,NVIDIA GeForce RTX 3090 Ti,historical execution; no matched-hardware comparison with current calibration times
selector_g64__cahn_hilliard__structural,selector_g64,cahn_hilliard,structural,64,test,64,64,True,validation_best_neural,4.6968038146630204e-05,3.604571196552915e-05,5.9879314091899896e-05,0.00685332314622842,6,validation_best_neural,,frozen_validation_selection,,,,,,,,,,,
selector_g64__cahn_hilliard__structural,selector_g64,cahn_hilliard,structural,64,test,64,64,True,validation_selected_route,4.6968038146630204e-05,3.604571196552915e-05,5.9879314091899896e-05,0.00685332314622842,6,validation_selected_route,,frozen_validation_selection,,,,,,,,,,,
selector_g64__cahn_hilliard__structural,selector_g64,cahn_hilliard,structural,64,test,96,64,False,calibrated,2.38040384481384,1.1445549846600207,4.153039074672563,1.5428557433583479,0,physics_calibrated,,new_frozen_physics_evaluation,0,0,0,2.38040384481384,2.0216149900006712,,,,,,
selector_g64__cahn_hilliard__structural,selector_g64,cahn_hilliard,structural,64,test,96,64,False,uncalibrated,2.38040384481384,1.1445549846600207,4.153039074672563,1.5428557433583479,0,physics_uncalibrated,,new_frozen_physics_evaluation,0,0,0,2.38040384481384,0.0,,,,,,
selector_g64__cahn_hilliard__structural,selector_g64,cahn_hilliard,structural,64,test,96,64,False,persistence,0.22738141233401477,0.21304295387186487,0.24179494813521046,0.47684527085210227,0,persistence,,new_frozen_physics_evaluation,0,0,0,0.22738141233401477,0.0,,,,,,
selector_g64__cahn_hilliard__structural,selector_g64,cahn_hilliard,structural,64,test,96,64,False,neural:fno:iid,0.0011341617672985629,0.000883226884244602,0.0014262435547460603,0.03367731829137473,6,fno,iid,archived_neural_scores,,,,,,42.728439365979284,46.012475023201354,1.2707947636954486,209985,NVIDIA GeForce RTX 3090 Ti,historical execution; no matched-hardware comparison with current calibration times
selector_g64__cahn_hilliard__structural,selector_g64,cahn_hilliard,structural,64,test,96,64,False,neural:fno:none,7.844308668563417e-05,5.688968503749841e-05,0.00010363871091333944,0.00885681018683556,6,fno,none,archived_neural_scores,,,,,,25.34065922962812,25.37575652434801,1.2710515060462058,209985,NVIDIA GeForce RTX 3090 Ti,historical execution; no matched-hardware comparison with current calibration times
selector_g64__cahn_hilliard__structural,selector_g64,cahn_hilliard,structural,64,test,96,64,False,neural:fno:response_matched,0.0014046282398003246,0.0010580694676153059,0.0017999571077035883,0.03747837029274785,6,fno,response_matched,archived_neural_scores,,,,,,42.50273608850936,45.78607067574436,1.2825632933527231,209985,NVIDIA GeForce RTX 3090 Ti,historical execution; no matched-hardware comparison with current calibration times
selector_g64__cahn_hilliard__structural,selector_g64,cahn_hilliard,structural,64,test,96,64,False,neural:fno:smooth,0.000913303639703056,0.0007201691889714253,0.0011368900675902463,0.030220913945528782,6,fno,smooth,archived_neural_scores,,,,,,42.393347803270444,45.67640800649921,1.2788895634002984,209985,NVIDIA GeForce RTX 3090 Ti,historical execution; no matched-hardware comparison with current calibration times
selector_g64__cahn_hilliard__structural,selector_g64,cahn_hilliard,structural,64,test,96,64,False,neural:looped:iid,0.02171861138311421,0.01621594682484889,0.02855665453884985,0.14737235623791256,6,looped,iid,archived_neural_scores,,,,,,70.0768656146247,73.3644470308597,1.6195822739973664,34049,NVIDIA GeForce RTX 3090 Ti,historical execution; no matched-hardware comparison with current calibration times
selector_g64__cahn_hilliard__structural,selector_g64,cahn_hilliard,structural,64,test,96,64,False,neural:looped:none,0.01081683066859894,0.007875105979344545,0.01442086944504772,0.10400399352235923,6,looped,none,archived_neural_scores,,,,,,39.4426044827948,39.48218010932518,1.61853504832834,34049,NVIDIA GeForce RTX 3090 Ti,historical execution; no matched-hardware comparison with current calibration times
selector_g64__cahn_hilliard__structural,selector_g64,cahn_hilliard,structural,64,test,96,64,False,neural:looped:response_matched,0.023757683782133582,0.014466248681698627,0.039021910240952834,0.15413527753935366,6,looped,response_matched,archived_neural_scores,,,,,,69.94622468575835,73.23384816719529,1.6202585538849235,34049,NVIDIA GeForce RTX 3090 Ti,historical execution; no matched-hardware comparison with current calibration times
selector_g64__cahn_hilliard__structural,selector_g64,cahn_hilliard,structural,64,test,96,64,False,neural:looped:smooth,0.022195357580755,0.016695394441189015,0.027921738693717755,0.14898106450403353,6,looped,smooth,archived_neural_scores,,,,,,69.99693630620216,73.28435067692772,1.5953695285134017,34049,NVIDIA GeForce RTX 3090 Ti,historical execution; no matched-hardware comparison with current calibration times
selector_g64__cahn_hilliard__structural,selector_g64,cahn_hilliard,structural,64,test,96,64,False,neural:transformer:iid,0.009657253531726914,0.006574929456791265,0.013100961452891875,0.09827132609122008,6,transformer,iid,archived_neural_scores,,,,,,73.76430243540865,77.05656313174404,1.5744475298561156,100993,NVIDIA GeForce RTX 3090 Ti,historical execution; no matched-hardware comparison with current calibration times
selector_g64__cahn_hilliard__structural,selector_g64,cahn_hilliard,structural,64,test,96,64,False,neural:transformer:none,0.007279214215489188,0.0048972133908244475,0.010315114486718308,0.08531831113828489,6,transformer,none,archived_neural_scores,,,,,,43.2062674141489,43.25009736985279,1.577428518794477,100993,NVIDIA GeForce RTX 3090 Ti,historical execution; no matched-hardware comparison with current calibration times
selector_g64__cahn_hilliard__structural,selector_g64,cahn_hilliard,structural,64,test,96,64,False,neural:transformer:response_matched,0.02567416472998422,0.01804516527648235,0.03430109622498037,0.16023159716480462,6,transformer,response_matched,archived_neural_scores,,,,,,73.8010886289024,77.0931255236889,1.5770317986607552,100993,NVIDIA GeForce RTX 3090 Ti,historical execution; no matched-hardware comparison with current calibration times
selector_g64__cahn_hilliard__structural,selector_g64,cahn_hilliard,structural,64,test,96,64,False,neural:transformer:smooth,0.013545454447608568,0.011104814594169402,0.016344718612478527,0.11638494081112284,6,transformer,smooth,archived_neural_scores,,,,,,73.9944428241967,77.28750739588092,1.5720940427854657,100993,NVIDIA GeForce RTX 3090 Ti,historical execution; no matched-hardware comparison with current calibration times
selector_g64__cahn_hilliard__structural,selector_g64,cahn_hilliard,structural,64,test,96,64,False,validation_best_neural,7.844308668563417e-05,5.688968503749841e-05,0.00010363871091333944,0.00885681018683556,6,validation_best_neural,,frozen_validation_selection,,,,,,,,,,,
selector_g64__cahn_hilliard__structural,selector_g64,cahn_hilliard,structural,64,test,96,64,False,validation_selected_route,7.844308668563417e-05,5.688968503749841e-05,0.00010363871091333944,0.00885681018683556,6,validation_selected_route,,frozen_validation_selection,,,,,,,,,,,
selector_g64__cahn_hilliard__structural,selector_g64,cahn_hilliard,structural,64,ood,64,64,True,calibrated,0.7086287292306963,0.5601096568912316,0.8758268675595726,0.8418008845509111,0,physics_calibrated,,new_frozen_physics_evaluation,0,0,0,0.7086287292306963,2.0216149900006712,,,,,,
selector_g64__cahn_hilliard__structural,selector_g64,cahn_hilliard,structural,64,ood,64,64,True,uncalibrated,0.7086287292306963,0.5601096568912316,0.8758268675595726,0.8418008845509111,0,physics_uncalibrated,,new_frozen_physics_evaluation,0,0,0,0.7086287292306963,0.0,,,,,,
selector_g64__cahn_hilliard__structural,selector_g64,cahn_hilliard,structural,64,ood,64,64,True,persistence,0.21190483121856296,0.2033809291699576,0.22039994862056075,0.46033121903534086,0,persistence,,new_frozen_physics_evaluation,0,0,0,0.21190483121856296,0.0,,,,,,
selector_g64__cahn_hilliard__structural,selector_g64,cahn_hilliard,structural,64,ood,64,64,True,neural:fno:iid,0.016246124680486192,0.007663848071917007,0.026222364210083667,0.1274602866797584,6,fno,iid,archived_neural_scores,,,,,,42.728439365979284,46.012475023201354,1.2707947636954486,209985,NVIDIA GeForce RTX 3090 Ti,historical execution; no matched-hardware comparison with current calibration times
selector_g64__cahn_hilliard__structural,selector_g64,cahn_hilliard,structural,64,ood,64,64,True,neural:fno:none,0.0019430061658238535,0.0010436756012684784,0.0029000364077366235,0.04407954362086628,6,fno,none,archived_neural_scores,,,,,,25.34065922962812,25.37575652434801,1.2710515060462058,209985,NVIDIA GeForce RTX 3090 Ti,historical execution; no matched-hardware comparison with current calibration times
selector_g64__cahn_hilliard__structural,selector_g64,cahn_hilliard,structural,64,ood,64,64,True,neural:fno:response_matched,0.04460960905807639,0.01582646065769281,0.09569201543884662,0.21120986969854508,6,fno,response_matched,archived_neural_scores,,,,,,42.50273608850936,45.78607067574436,1.2825632933527231,209985,NVIDIA GeForce RTX 3090 Ti,historical execution; no matched-hardware comparison with current calibration times
selector_g64__cahn_hilliard__structural,selector_g64,cahn_hilliard,structural,64,ood,64,64,True,neural:fno:smooth,0.0034482050024800003,0.0024849154584930424,0.004598377591983382,0.05872141860071162,6,fno,smooth,archived_neural_scores,,,,,,42.393347803270444,45.67640800649921,1.2788895634002984,209985,NVIDIA GeForce RTX 3090 Ti,historical execution; no matched-hardware comparison with current calibration times
selector_g64__cahn_hilliard__structural,selector_g64,cahn_hilliard,structural,64,ood,64,64,True,neural:looped:iid,0.373505884731218,0.2260094631301882,0.5319252625207047,0.6111512781065077,6,looped,iid,archived_neural_scores,,,,,,70.0768656146247,73.3644470308597,1.6195822739973664,34049,NVIDIA GeForce RTX 3090 Ti,historical execution; no matched-hardware comparison with current calibration times
selector_g64__cahn_hilliard__structural,selector_g64,cahn_hilliard,structural,64,ood,64,64,True,neural:looped:none,0.21124045762121557,0.1799799327745665,0.25497175263995636,0.45960902691441513,6,looped,none,archived_neural_scores,,,,,,39.4426044827948,39.48218010932518,1.61853504832834,34049,NVIDIA GeForce RTX 3090 Ti,historical execution; no matched-hardware comparison with current calibration times
selector_g64__cahn_hilliard__structural,selector_g64,cahn_hilliard,structural,64,ood,64,64,True,neural:looped:response_matched,1.0802148285010726,0.5874975707744909,1.8639622591086409,1.0393338388126658,6,looped,response_matched,archived_neural_scores,,,,,,69.94622468575835,73.23384816719529,1.6202585538849235,34049,NVIDIA GeForce RTX 3090 Ti,historical execution; no matched-hardware comparison with current calibration times
selector_g64__cahn_hilliard__structural,selector_g64,cahn_hilliard,structural,64,ood,64,64,True,neural:looped:smooth,0.11779286032904529,0.09063126500154302,0.14836449872371527,0.3432096448659992,6,looped,smooth,archived_neural_scores,,,,,,69.99693630620216,73.28435067692772,1.5953695285134017,34049,NVIDIA GeForce RTX 3090 Ti,historical execution; no matched-hardware comparison with current calibration times
selector_g64__cahn_hilliard__structural,selector_g64,cahn_hilliard,structural,64,ood,64,64,True,neural:transformer:iid,0.5805643456232676,0.43917594435897617,0.7573845247834228,0.7619477315559563,6,transformer,iid,archived_neural_scores,,,,,,73.76430243540865,77.05656313174404,1.5744475298561156,100993,NVIDIA GeForce RTX 3090 Ti,historical execution; no matched-hardware comparison with current calibration times
selector_g64__cahn_hilliard__structural,selector_g64,cahn_hilliard,structural,64,ood,64,64,True,neural:transformer:none,0.2048249762629187,0.17314906027612226,0.23865938659079208,0.4525759342507274,6,transformer,none,archived_neural_scores,,,,,,43.2062674141489,43.25009736985279,1.577428518794477,100993,NVIDIA GeForce RTX 3090 Ti,historical execution; no matched-hardware comparison with current calibration times
selector_g64__cahn_hilliard__structural,selector_g64,cahn_hilliard,structural,64,ood,64,64,True,neural:transformer:response_matched,0.9244757157263734,0.7735863450568395,1.1005337330816665,0.9614966020357916,6,transformer,response_matched,archived_neural_scores,,,,,,73.8010886289024,77.0931255236889,1.5770317986607552,100993,NVIDIA GeForce RTX 3090 Ti,historical execution; no matched-hardware comparison with current calibration times
selector_g64__cahn_hilliard__structural,selector_g64,cahn_hilliard,structural,64,ood,64,64,True,neural:transformer:smooth,0.1318389711453756,0.11260530505792891,0.15216604318212376,0.36309636619687563,6,transformer,smooth,archived_neural_scores,,,,,,73.9944428241967,77.28750739588092,1.5720940427854657,100993,NVIDIA GeForce RTX 3090 Ti,historical execution; no matched-hardware comparison with current calibration times
selector_g64__cahn_hilliard__structural,selector_g64,cahn_hilliard,structural,64,ood,64,64,True,validation_best_neural,0.0019430061658238535,0.0010436756012684784,0.0029000364077366235,0.04407954362086628,6,validation_best_neural,,frozen_validation_selection,,,,,,,,,,,
selector_g64__cahn_hilliard__structural,selector_g64,cahn_hilliard,structural,64,ood,64,64,True,validation_selected_route,0.0019430061658238535,0.0010436756012684784,0.0029000364077366235,0.04407954362086628,6,validation_selected_route,,frozen_validation_selection,,,,,,,,,,,
selector_g64__cahn_hilliard__structural,selector_g64,cahn_hilliard,structural,64,ood,96,64,False,calibrated,6.564257849733792,5.01263917858929,8.430393865001378,2.562080765653923,0,physics_calibrated,,new_frozen_physics_evaluation,0,0,0,6.564257849733792,2.0216149900006712,,,,,,
selector_g64__cahn_hilliard__structural,selector_g64,cahn_hilliard,structural,64,ood,96,64,False,uncalibrated,6.564257849733792,5.01263917858929,8.430393865001378,2.562080765653923,0,physics_uncalibrated,,new_frozen_physics_evaluation,0,0,0,6.564257849733792,0.0,,,,,,
selector_g64__cahn_hilliard__structural,selector_g64,cahn_hilliard,structural,64,ood,96,64,False,persistence,0.36727928068207544,0.3568448350741065,0.3780329088375046,0.6060357090816312,0,persistence,,new_frozen_physics_evaluation,0,0,0,0.36727928068207544,0.0,,,,,,
selector_g64__cahn_hilliard__structural,selector_g64,cahn_hilliard,structural,64,ood,96,64,False,neural:fno:iid,0.0298331707893507,0.012549784892270257,0.05064624585388067,0.1727228149068637,6,fno,iid,archived_neural_scores,,,,,,42.728439365979284,46.012475023201354,1.2707947636954486,209985,NVIDIA GeForce RTX 3090 Ti,historical execution; no matched-hardware comparison with current calibration times
selector_g64__cahn_hilliard__structural,selector_g64,cahn_hilliard,structural,64,ood,96,64,False,neural:fno:none,0.002923829576671398,0.001497316056112655,0.0045739133931116316,0.05407244748179425,6,fno,none,archived_neural_scores,,,,,,25.34065922962812,25.37575652434801,1.2710515060462058,209985,NVIDIA GeForce RTX 3090 Ti,historical execution; no matched-hardware comparison with current calibration times
selector_g64__cahn_hilliard__structural,selector_g64,cahn_hilliard,structural,64,ood,96,64,False,neural:fno:response_matched,0.094325881760098,0.03318419348996333,0.19449185346173642,0.3071251890680704,6,fno,response_matched,archived_neural_scores,,,,,,42.50273608850936,45.78607067574436,1.2825632933527231,209985,NVIDIA GeForce RTX 3090 Ti,historical execution; no matched-hardware comparison with current calibration times
selector_g64__cahn_hilliard__structural,selector_g64,cahn_hilliard,structural,64,ood,96,64,False,neural:fno:smooth,0.005003104004736496,0.004063090360088619,0.006130835816130282,0.07073262334125956,6,fno,smooth,archived_neural_scores,,,,,,42.393347803270444,45.67640800649921,1.2788895634002984,209985,NVIDIA GeForce RTX 3090 Ti,historical execution; no matched-hardware comparison with current calibration times
selector_g64__cahn_hilliard__structural,selector_g64,cahn_hilliard,structural,64,ood,96,64,False,neural:looped:iid,0.6264031124664212,0.38183742249364233,0.8839465376230359,0.7914563237895198,6,looped,iid,archived_neural_scores,,,,,,70.0768656146247,73.3644470308597,1.6195822739973664,34049,NVIDIA GeForce RTX 3090 Ti,historical execution; no matched-hardware comparison with current calibration times
selector_g64__cahn_hilliard__structural,selector_g64,cahn_hilliard,structural,64,ood,96,64,False,neural:looped:none,0.3652190293088702,0.3054488827593256,0.452890459671147,0.6043335414395515,6,looped,none,archived_neural_scores,,,,,,39.4426044827948,39.48218010932518,1.61853504832834,34049,NVIDIA GeForce RTX 3090 Ti,historical execution; no matched-hardware comparison with current calibration times
selector_g64__cahn_hilliard__structural,selector_g64,cahn_hilliard,structural,64,ood,96,64,False,neural:looped:response_matched,1.494631909141584,0.9094355546332956,2.3871057195311938,1.2225513932516636,6,looped,response_matched,archived_neural_scores,,,,,,69.94622468575835,73.23384816719529,1.6202585538849235,34049,NVIDIA GeForce RTX 3090 Ti,historical execution; no matched-hardware comparison with current calibration times
selector_g64__cahn_hilliard__structural,selector_g64,cahn_hilliard,structural,64,ood,96,64,False,neural:looped:smooth,0.19235252037820197,0.14178079483471884,0.2508026705970398,0.43858011853959133,6,looped,smooth,archived_neural_scores,,,,,,69.99693630620216,73.28435067692772,1.5953695285134017,34049,NVIDIA GeForce RTX 3090 Ti,historical execution; no matched-hardware comparison with current calibration times
selector_g64__cahn_hilliard__structural,selector_g64,cahn_hilliard,structural,64,ood,96,64,False,neural:transformer:iid,0.9178662145903708,0.7200595227902172,1.1681421376210328,0.9580533464219886,6,transformer,iid,archived_neural_scores,,,,,,73.76430243540865,77.05656313174404,1.5744475298561156,100993,NVIDIA GeForce RTX 3090 Ti,historical execution; no matched-hardware comparison with current calibration times
selector_g64__cahn_hilliard__structural,selector_g64,cahn_hilliard,structural,64,ood,96,64,False,neural:transformer:none,0.35818626909229495,0.2936706556823679,0.4283826752702346,0.5984866490510001,6,transformer,none,archived_neural_scores,,,,,,43.2062674141489,43.25009736985279,1.577428518794477,100993,NVIDIA GeForce RTX 3090 Ti,historical execution; no matched-hardware comparison with current calibration times
selector_g64__cahn_hilliard__structural,selector_g64,cahn_hilliard,structural,64,ood,96,64,False,neural:transformer:response_matched,1.2800532946277927,1.1035214418465116,1.485833613868801,1.13139440277376,6,transformer,response_matched,archived_neural_scores,,,,,,73.8010886289024,77.0931255236889,1.5770317986607552,100993,NVIDIA GeForce RTX 3090 Ti,historical execution; no matched-hardware comparison with current calibration times
selector_g64__cahn_hilliard__structural,selector_g64,cahn_hilliard,structural,64,ood,96,64,False,neural:transformer:smooth,0.2137149166412595,0.17728438165533444,0.25286320103033005,0.46229310685025304,6,transformer,smooth,archived_neural_scores,,,,,,73.9944428241967,77.28750739588092,1.5720940427854657,100993,NVIDIA GeForce RTX 3090 Ti,historical execution; no matched-hardware comparison with current calibration times
selector_g64__cahn_hilliard__structural,selector_g64,cahn_hilliard,structural,64,ood,96,64,False,validation_best_neural,0.002923829576671398,0.001497316056112655,0.0045739133931116316,0.05407244748179425,6,validation_best_neural,,frozen_validation_selection,,,,,,,,,,,
selector_g64__cahn_hilliard__structural,selector_g64,cahn_hilliard,structural,64,ood,96,64,False,validation_selected_route,0.002923829576671398,0.001497316056112655,0.0045739133931116316,0.05407244748179425,6,validation_selected_route,,frozen_validation_selection,,,,,,,,,,,
selector_g64__fitzhugh_nagumo__coefficient,selector_g64,fitzhugh_nagumo,coefficient,64,test,64,64,True,calibrated,3.541699357762429e-11,3.1543917309339694e-11,3.932836969231193e-11,5.951217823069854e-06,0,physics_calibrated,,new_frozen_physics_evaluation,0,0,0,3.541699357762429e-11,1.74861972600047,,,,,,
selector_g64__fitzhugh_nagumo__coefficient,selector_g64,fitzhugh_nagumo,coefficient,64,test,64,64,True,uncalibrated,0.03141502354817449,0.026608831896686013,0.03651575522135243,0.17724283779090905,0,physics_uncalibrated,,new_frozen_physics_evaluation,0,0,0,0.03141502354817449,0.0,,,,,,
selector_g64__fitzhugh_nagumo__coefficient,selector_g64,fitzhugh_nagumo,coefficient,64,test,64,64,True,persistence,1.337497051553207,1.267135758489493,1.4070792931091072,1.1565020758966267,0,persistence,,new_frozen_physics_evaluation,0,0,0,1.337497051553207,0.0,,,,,,
selector_g64__fitzhugh_nagumo__coefficient,selector_g64,fitzhugh_nagumo,coefficient,64,test,64,64,True,neural:fno:iid,0.0008585933654076788,0.0006015996446402246,0.0011489315402557678,0.029301763861714517,6,fno,iid,archived_neural_scores,,,,,,42.80993569393953,46.78288529378673,1.2671208125539124,210306,NVIDIA GeForce RTX 3090 Ti,historical execution; no matched-hardware comparison with current calibration times
selector_g64__fitzhugh_nagumo__coefficient,selector_g64,fitzhugh_nagumo,coefficient,64,test,64,64,True,neural:fno:none,0.0005070637675003963,0.00032915257336005397,0.0007237874701261464,0.022518076460932367,6,fno,none,archived_neural_scores,,,,,,25.23434611572884,25.268852677351486,1.259052287787199,210306,NVIDIA GeForce RTX 3090 Ti,historical execution; no matched-hardware comparison with current calibration times
selector_g64__fitzhugh_nagumo__coefficient,selector_g64,fitzhugh_nagumo,coefficient,64,test,64,64,True,neural:fno:response_matched,0.0009487441562220991,0.0006747909497337051,0.0012527622538357935,0.03080169080135211,6,fno,response_matched,archived_neural_scores,,,,,,42.909967478752755,46.88178960583173,1.2581180199049413,210306,NVIDIA GeForce RTX 3090 Ti,historical execution; no matched-hardware comparison with current calibration times
selector_g64__fitzhugh_nagumo__coefficient,selector_g64,fitzhugh_nagumo,coefficient,64,test,64,64,True,neural:fno:smooth,0.0006298184853579074,0.000505707072203605,0.0007783800446391442,0.025096184677315142,6,fno,smooth,archived_neural_scores,,,,,,42.8840195533509,46.85593254383033,1.2568602804094553,210306,NVIDIA GeForce RTX 3090 Ti,historical execution; no matched-hardware comparison with current calibration times
selector_g64__fitzhugh_nagumo__coefficient,selector_g64,fitzhugh_nagumo,coefficient,64,test,64,64,True,neural:looped:iid,0.013701955864257634,0.009131258571183055,0.019146843576362458,0.11705535384704809,6,looped,iid,archived_neural_scores,,,,,,70.32125640334561,74.29858679650351,1.5728955273516476,34178,NVIDIA GeForce RTX 3090 Ti,historical execution; no matched-hardware comparison with current calibration times
selector_g64__fitzhugh_nagumo__coefficient,selector_g64,fitzhugh_nagumo,coefficient,64,test,64,64,True,neural:looped:none,0.018997358879911535,0.012267923708658165,0.0276715597393027,0.13783090683845745,6,looped,none,archived_neural_scores,,,,,,39.6397314327769,39.68055658042431,1.5847862814553082,34178,NVIDIA GeForce RTX 3090 Ti,historical execution; no matched-hardware comparison with current calibration times
selector_g64__fitzhugh_nagumo__coefficient,selector_g64,fitzhugh_nagumo,coefficient,64,test,64,64,True,neural:looped:response_matched,0.01279969441776696,0.008295560218747831,0.017906862859231914,0.11313573448635475,6,looped,response_matched,archived_neural_scores,,,,,,70.32170862859736,74.29863096494228,1.5708733000792563,34178,NVIDIA GeForce RTX 3090 Ti,historical execution; no matched-hardware comparison with current calibration times
selector_g64__fitzhugh_nagumo__coefficient,selector_g64,fitzhugh_nagumo,coefficient,64,test,64,64,True,neural:looped:smooth,0.01720177768561835,0.011328135307047581,0.025075152954492922,0.13115554767381496,6,looped,smooth,archived_neural_scores,,,,,,69.84856260940433,73.82608989470948,1.5677595627494156,34178,NVIDIA GeForce RTX 3090 Ti,historical execution; no matched-hardware comparison with current calibration times
selector_g64__fitzhugh_nagumo__coefficient,selector_g64,fitzhugh_nagumo,coefficient,64,test,64,64,True,neural:transformer:iid,0.008679455781554787,0.006818380501617799,0.010889839657060809,0.09316359686892078,6,transformer,iid,archived_neural_scores,,,,,,73.51537986503293,77.49673801691581,1.5807265299372375,101122,NVIDIA GeForce RTX 3090 Ti,historical execution; no matched-hardware comparison with current calibration times
selector_g64__fitzhugh_nagumo__coefficient,selector_g64,fitzhugh_nagumo,coefficient,64,test,64,64,True,neural:transformer:none,0.012317135828642495,0.009198980865534272,0.016003650436899764,0.1109825924577476,6,transformer,none,archived_neural_scores,,,,,,43.58603665768169,43.630228870703526,1.5790442819707096,101122,NVIDIA GeForce RTX 3090 Ti,historical execution; no matched-hardware comparison with current calibration times
selector_g64__fitzhugh_nagumo__coefficient,selector_g64,fitzhugh_nagumo,coefficient,64,test,64,64,True,neural:transformer:response_matched,0.007348499353231397,0.005930010920142843,0.008996291704692974,0.08572338860096115,6,transformer,response_matched,archived_neural_scores,,,,,,73.22333200097394,77.20464521817242,1.5773130231536925,101122,NVIDIA GeForce RTX 3090 Ti,historical execution; no matched-hardware comparison with current calibration times
selector_g64__fitzhugh_nagumo__coefficient,selector_g64,fitzhugh_nagumo,coefficient,64,test,64,64,True,neural:transformer:smooth,0.010926536896467285,0.008616797801892716,0.013613257796928208,0.10453007651612661,6,transformer,smooth,archived_neural_scores,,,,,,73.43879180060078,77.42100085620768,1.575748750474304,101122,NVIDIA GeForce RTX 3090 Ti,historical execution; no matched-hardware comparison with current calibration times
selector_g64__fitzhugh_nagumo__coefficient,selector_g64,fitzhugh_nagumo,coefficient,64,test,64,64,True,validation_best_neural,0.00043432305328417836,0.00031792264445836975,0.0005550635170189512,0.020840418740615034,6,validation_best_neural,,frozen_validation_selection,,,,,,,,,,,
selector_g64__fitzhugh_nagumo__coefficient,selector_g64,fitzhugh_nagumo,coefficient,64,test,64,64,True,validation_selected_route,3.541699357762429e-11,3.1543917309339694e-11,3.932836969231193e-11,5.951217823069854e-06,6,validation_selected_route,,frozen_validation_selection,,,,,,,,,,,
selector_g64__fitzhugh_nagumo__coefficient,selector_g64,fitzhugh_nagumo,coefficient,64,test,96,64,False,calibrated,3.279958889215966e-11,2.937197413392364e-11,3.624922921540649e-11,5.727092533926762e-06,0,physics_calibrated,,new_frozen_physics_evaluation,0,0,0,3.279958889215966e-11,1.74861972600047,,,,,,
selector_g64__fitzhugh_nagumo__coefficient,selector_g64,fitzhugh_nagumo,coefficient,64,test,96,64,False,uncalibrated,0.03314589143478752,0.028597623924210502,0.038051212375201926,0.18206013137089494,0,physics_uncalibrated,,new_frozen_physics_evaluation,0,0,0,0.03314589143478752,0.0,,,,,,
selector_g64__fitzhugh_nagumo__coefficient,selector_g64,fitzhugh_nagumo,coefficient,64,test,96,64,False,persistence,2.098361059234392,1.9875196493863467,2.2109550186468776,1.4485720759542455,0,persistence,,new_frozen_physics_evaluation,0,0,0,2.098361059234392,0.0,,,,,,
selector_g64__fitzhugh_nagumo__coefficient,selector_g64,fitzhugh_nagumo,coefficient,64,test,96,64,False,neural:fno:iid,0.0007589309800733114,0.0005305720591349251,0.0010183954721805259,0.027548701967121995,6,fno,iid,archived_neural_scores,,,,,,42.80993569393953,46.78288529378673,1.2671208125539124,210306,NVIDIA GeForce RTX 3090 Ti,historical execution; no matched-hardware comparison with current calibration times
selector_g64__fitzhugh_nagumo__coefficient,selector_g64,fitzhugh_nagumo,coefficient,64,test,96,64,False,neural:fno:none,0.00041958887270472336,0.000271915339074957,0.0005937442554882485,0.020483868597135732,6,fno,none,archived_neural_scores,,,,,,25.23434611572884,25.268852677351486,1.259052287787199,210306,NVIDIA GeForce RTX 3090 Ti,historical execution; no matched-hardware comparison with current calibration times
selector_g64__fitzhugh_nagumo__coefficient,selector_g64,fitzhugh_nagumo,coefficient,64,test,96,64,False,neural:fno:response_matched,0.0008603299830957381,0.0006064912755269999,0.0011289531504646807,0.029331382222727555,6,fno,response_matched,archived_neural_scores,,,,,,42.909967478752755,46.88178960583173,1.2581180199049413,210306,NVIDIA GeForce RTX 3090 Ti,historical execution; no matched-hardware comparison with current calibration times
selector_g64__fitzhugh_nagumo__coefficient,selector_g64,fitzhugh_nagumo,coefficient,64,test,96,64,False,neural:fno:smooth,0.0005808948120547622,0.0004680409373735202,0.0007169018576099348,0.02410175952196773,6,fno,smooth,archived_neural_scores,,,,,,42.8840195533509,46.85593254383033,1.2568602804094553,210306,NVIDIA GeForce RTX 3090 Ti,historical execution; no matched-hardware comparison with current calibration times
selector_g64__fitzhugh_nagumo__coefficient,selector_g64,fitzhugh_nagumo,coefficient,64,test,96,64,False,neural:looped:iid,0.011353547234830853,0.0075446384073659225,0.015973026230378995,0.10655302546071066,6,looped,iid,archived_neural_scores,,,,,,70.32125640334561,74.29858679650351,1.5728955273516476,34178,NVIDIA GeForce RTX 3090 Ti,historical execution; no matched-hardware comparison with current calibration times
selector_g64__fitzhugh_nagumo__coefficient,selector_g64,fitzhugh_nagumo,coefficient,64,test,96,64,False,neural:looped:none,0.015561830318433575,0.01000442430412448,0.02259897901636003,0.12474706537002614,6,looped,none,archived_neural_scores,,,,,,39.6397314327769,39.68055658042431,1.5847862814553082,34178,NVIDIA GeForce RTX 3090 Ti,historical execution; no matched-hardware comparison with current calibration times
selector_g64__fitzhugh_nagumo__coefficient,selector_g64,fitzhugh_nagumo,coefficient,64,test,96,64,False,neural:looped:response_matched,0.010722054444106677,0.006896665987540465,0.01524138028096969,0.10354735363159542,6,looped,response_matched,archived_neural_scores,,,,,,70.32170862859736,74.29863096494228,1.5708733000792563,34178,NVIDIA GeForce RTX 3090 Ti,historical execution; no matched-hardware comparison with current calibration times
selector_g64__fitzhugh_nagumo__coefficient,selector_g64,fitzhugh_nagumo,coefficient,64,test,96,64,False,neural:looped:smooth,0.014180449146268,0.009351766604231334,0.02065087799020144,0.11908169106234594,6,looped,smooth,archived_neural_scores,,,,,,69.84856260940433,73.82608989470948,1.5677595627494156,34178,NVIDIA GeForce RTX 3090 Ti,historical execution; no matched-hardware comparison with current calibration times
selector_g64__fitzhugh_nagumo__coefficient,selector_g64,fitzhugh_nagumo,coefficient,64,test,96,64,False,neural:transformer:iid,0.007005114764813358,0.0054340045234913875,0.008868865997513934,0.08369656363802136,6,transformer,iid,archived_neural_scores,,,,,,73.51537986503293,77.49673801691581,1.5807265299372375,101122,NVIDIA GeForce RTX 3090 Ti,historical execution; no matched-hardware comparison with current calibration times
selector_g64__fitzhugh_nagumo__coefficient,selector_g64,fitzhugh_nagumo,coefficient,64,test,96,64,False,neural:transformer:none,0.009912098685839983,0.007332864652932134,0.013030311287141773,0.099559523330719,6,transformer,none,archived_neural_scores,,,,,,43.58603665768169,43.630228870703526,1.5790442819707096,101122,NVIDIA GeForce RTX 3090 Ti,historical execution; no matched-hardware comparison with current calibration times
selector_g64__fitzhugh_nagumo__coefficient,selector_g64,fitzhugh_nagumo,coefficient,64,test,96,64,False,neural:transformer:response_matched,0.005980127673578558,0.004782284253418851,0.007353442160977915,0.077331285218717,6,transformer,response_matched,archived_neural_scores,,,,,,73.22333200097394,77.20464521817242,1.5773130231536925,101122,NVIDIA GeForce RTX 3090 Ti,historical execution; no matched-hardware comparison with current calibration times
selector_g64__fitzhugh_nagumo__coefficient,selector_g64,fitzhugh_nagumo,coefficient,64,test,96,64,False,neural:transformer:smooth,0.008714428505231143,0.0067884523599357725,0.010945394575862733,0.09335110339589535,6,transformer,smooth,archived_neural_scores,,,,,,73.43879180060078,77.42100085620768,1.575748750474304,101122,NVIDIA GeForce RTX 3090 Ti,historical execution; no matched-hardware comparison with current calibration times
selector_g64__fitzhugh_nagumo__coefficient,selector_g64,fitzhugh_nagumo,coefficient,64,test,96,64,False,validation_best_neural,0.000365431138954591,0.0002614663028658525,0.0004741285294387975,0.01911625326664697,6,validation_best_neural,,frozen_validation_selection,,,,,,,,,,,
selector_g64__fitzhugh_nagumo__coefficient,selector_g64,fitzhugh_nagumo,coefficient,64,test,96,64,False,validation_selected_route,3.279958889215966e-11,2.937197413392365e-11,3.624922921540648e-11,5.727092533926762e-06,6,validation_selected_route,,frozen_validation_selection,,,,,,,,,,,
selector_g64__fitzhugh_nagumo__coefficient,selector_g64,fitzhugh_nagumo,coefficient,64,ood,64,64,True,calibrated,4.0129740021153515e-11,3.530887148461e-11,4.5282597437436124e-11,6.3348038660366996e-06,0,physics_calibrated,,new_frozen_physics_evaluation,0,0,0,4.0129740021153515e-11,1.74861972600047,,,,,,
selector_g64__fitzhugh_nagumo__coefficient,selector_g64,fitzhugh_nagumo,coefficient,64,ood,64,64,True,uncalibrated,0.01987286152298573,0.017978668623810368,0.02206343922795062,0.1409711371983135,0,physics_uncalibrated,,new_frozen_physics_evaluation,0,0,0,0.01987286152298573,0.0,,,,,,
selector_g64__fitzhugh_nagumo__coefficient,selector_g64,fitzhugh_nagumo,coefficient,64,ood,64,64,True,persistence,1.7552344165716391,1.6547657673509242,1.8535331980883512,1.3248526018284597,0,persistence,,new_frozen_physics_evaluation,0,0,0,1.7552344165716391,0.0,,,,,,
selector_g64__fitzhugh_nagumo__coefficient,selector_g64,fitzhugh_nagumo,coefficient,64,ood,64,64,True,neural:fno:iid,0.008356632375060105,0.005086967518438431,0.012316589922809398,0.09141461795063252,6,fno,iid,archived_neural_scores,,,,,,42.80993569393953,46.78288529378673,1.2671208125539124,210306,NVIDIA GeForce RTX 3090 Ti,historical execution; no matched-hardware comparison with current calibration times
selector_g64__fitzhugh_nagumo__coefficient,selector_g64,fitzhugh_nagumo,coefficient,64,ood,64,64,True,neural:fno:none,0.007753379953560226,0.00419127487522493,0.012151333816460518,0.08805327906194196,6,fno,none,archived_neural_scores,,,,,,25.23434611572884,25.268852677351486,1.259052287787199,210306,NVIDIA GeForce RTX 3090 Ti,historical execution; no matched-hardware comparison with current calibration times
selector_g64__fitzhugh_nagumo__coefficient,selector_g64,fitzhugh_nagumo,coefficient,64,ood,64,64,True,neural:fno:response_matched,0.009162574446963797,0.0049495815227412155,0.014259115292147755,0.09572133746957256,6,fno,response_matched,archived_neural_scores,,,,,,42.909967478752755,46.88178960583173,1.2581180199049413,210306,NVIDIA GeForce RTX 3090 Ti,historical execution; no matched-hardware comparison with current calibration times
selector_g64__fitzhugh_nagumo__coefficient,selector_g64,fitzhugh_nagumo,coefficient,64,ood,64,64,True,neural:fno:smooth,0.009629238957755692,0.005419364925962764,0.014854279623829722,0.09812868570278363,6,fno,smooth,archived_neural_scores,,,,,,42.8840195533509,46.85593254383033,1.2568602804094553,210306,NVIDIA GeForce RTX 3090 Ti,historical execution; no matched-hardware comparison with current calibration times
selector_g64__fitzhugh_nagumo__coefficient,selector_g64,fitzhugh_nagumo,coefficient,64,ood,64,64,True,neural:looped:iid,0.23867053158647047,0.17392655062578835,0.326028419582699,0.48853918121934753,6,looped,iid,archived_neural_scores,,,,,,70.32125640334561,74.29858679650351,1.5728955273516476,34178,NVIDIA GeForce RTX 3090 Ti,historical execution; no matched-hardware comparison with current calibration times
selector_g64__fitzhugh_nagumo__coefficient,selector_g64,fitzhugh_nagumo,coefficient,64,ood,64,64,True,neural:looped:none,0.1579916161936238,0.10624762332322883,0.22133611543685927,0.3974815922701626,6,looped,none,archived_neural_scores,,,,,,39.6397314327769,39.68055658042431,1.5847862814553082,34178,NVIDIA GeForce RTX 3090 Ti,historical execution; no matched-hardware comparison with current calibration times
selector_g64__fitzhugh_nagumo__coefficient,selector_g64,fitzhugh_nagumo,coefficient,64,ood,64,64,True,neural:looped:response_matched,0.2664089577231259,0.19448957308899326,0.35897798953521415,0.5161481935676283,6,looped,response_matched,archived_neural_scores,,,,,,70.32170862859736,74.29863096494228,1.5708733000792563,34178,NVIDIA GeForce RTX 3090 Ti,historical execution; no matched-hardware comparison with current calibration times
selector_g64__fitzhugh_nagumo__coefficient,selector_g64,fitzhugh_nagumo,coefficient,64,ood,64,64,True,neural:looped:smooth,0.1704240886768016,0.11959061545629468,0.23191607978704695,0.41282452528501934,6,looped,smooth,archived_neural_scores,,,,,,69.84856260940433,73.82608989470948,1.5677595627494156,34178,NVIDIA GeForce RTX 3090 Ti,historical execution; no matched-hardware comparison with current calibration times
selector_g64__fitzhugh_nagumo__coefficient,selector_g64,fitzhugh_nagumo,coefficient,64,ood,64,64,True,neural:transformer:iid,0.29958048768715884,0.24713184945262304,0.3614529034325558,0.5473394629360822,6,transformer,iid,archived_neural_scores,,,,,,73.51537986503293,77.49673801691581,1.5807265299372375,101122,NVIDIA GeForce RTX 3090 Ti,historical execution; no matched-hardware comparison with current calibration times
selector_g64__fitzhugh_nagumo__coefficient,selector_g64,fitzhugh_nagumo,coefficient,64,ood,64,64,True,neural:transformer:none,0.20867855181731917,0.17537239587111775,0.24904449935338221,0.45681347595853516,6,transformer,none,archived_neural_scores,,,,,,43.58603665768169,43.630228870703526,1.5790442819707096,101122,NVIDIA GeForce RTX 3090 Ti,historical execution; no matched-hardware comparison with current calibration times
selector_g64__fitzhugh_nagumo__coefficient,selector_g64,fitzhugh_nagumo,coefficient,64,ood,64,64,True,neural:transformer:response_matched,0.3160931423252957,0.25986620299067636,0.3843597744107128,0.5622216131787319,6,transformer,response_matched,archived_neural_scores,,,,,,73.22333200097394,77.20464521817242,1.5773130231536925,101122,NVIDIA GeForce RTX 3090 Ti,historical execution; no matched-hardware comparison with current calibration times
selector_g64__fitzhugh_nagumo__coefficient,selector_g64,fitzhugh_nagumo,coefficient,64,ood,64,64,True,neural:transformer:smooth,0.2114845950924741,0.17652407712756926,0.25410482047640004,0.4598745427749552,6,transformer,smooth,archived_neural_scores,,,,,,73.43879180060078,77.42100085620768,1.575748750474304,101122,NVIDIA GeForce RTX 3090 Ti,historical execution; no matched-hardware comparison with current calibration times
selector_g64__fitzhugh_nagumo__coefficient,selector_g64,fitzhugh_nagumo,coefficient,64,ood,64,64,True,validation_best_neural,0.00788476696035123,0.004420885819385632,0.012230889157785134,0.08879621028147108,6,validation_best_neural,,frozen_validation_selection,,,,,,,,,,,
selector_g64__fitzhugh_nagumo__coefficient,selector_g64,fitzhugh_nagumo,coefficient,64,ood,64,64,True,validation_selected_route,4.0129740021153515e-11,3.530887148461e-11,4.5282597437436124e-11,6.3348038660366996e-06,6,validation_selected_route,,frozen_validation_selection,,,,,,,,,,,
selector_g64__fitzhugh_nagumo__coefficient,selector_g64,fitzhugh_nagumo,coefficient,64,ood,96,64,False,calibrated,2.8497849955948695e-11,2.509859463289741e-11,3.211410700232401e-11,5.338337752142393e-06,0,physics_calibrated,,new_frozen_physics_evaluation,0,0,0,2.8497849955948695e-11,1.74861972600047,,,,,,
selector_g64__fitzhugh_nagumo__coefficient,selector_g64,fitzhugh_nagumo,coefficient,64,ood,96,64,False,uncalibrated,0.02390418810846621,0.021641053752583593,0.026401880345247736,0.15460979305485864,0,physics_uncalibrated,,new_frozen_physics_evaluation,0,0,0,0.02390418810846621,0.0,,,,,,
selector_g64__fitzhugh_nagumo__coefficient,selector_g64,fitzhugh_nagumo,coefficient,64,ood,96,64,False,persistence,2.3281262803339757,2.1840735888536775,2.47064547929857,1.52581987152284,0,persistence,,new_frozen_physics_evaluation,0,0,0,2.3281262803339757,0.0,,,,,,
selector_g64__fitzhugh_nagumo__coefficient,selector_g64,fitzhugh_nagumo,coefficient,64,ood,96,64,False,neural:fno:iid,0.006813536455849243,0.00414943087052292,0.01017029531702176,0.08254414852579947,6,fno,iid,archived_neural_scores,,,,,,42.80993569393953,46.78288529378673,1.2671208125539124,210306,NVIDIA GeForce RTX 3090 Ti,historical execution; no matched-hardware comparison with current calibration times
selector_g64__fitzhugh_nagumo__coefficient,selector_g64,fitzhugh_nagumo,coefficient,64,ood,96,64,False,neural:fno:none,0.005975043777299412,0.003435958046901315,0.00910803922708164,0.07729840733999253,6,fno,none,archived_neural_scores,,,,,,25.23434611572884,25.268852677351486,1.259052287787199,210306,NVIDIA GeForce RTX 3090 Ti,historical execution; no matched-hardware comparison with current calibration times
selector_g64__fitzhugh_nagumo__coefficient,selector_g64,fitzhugh_nagumo,coefficient,64,ood,96,64,False,neural:fno:response_matched,0.007490815412526201,0.004044028229122392,0.011694920495482979,0.08654949689354757,6,fno,response_matched,archived_neural_scores,,,,,,42.909967478752755,46.88178960583173,1.2581180199049413,210306,NVIDIA GeForce RTX 3090 Ti,historical execution; no matched-hardware comparison with current calibration times
selector_g64__fitzhugh_nagumo__coefficient,selector_g64,fitzhugh_nagumo,coefficient,64,ood,96,64,False,neural:fno:smooth,0.00791969448588375,0.004583411669711013,0.011750231027055054,0.08899266534880136,6,fno,smooth,archived_neural_scores,,,,,,42.8840195533509,46.85593254383033,1.2568602804094553,210306,NVIDIA GeForce RTX 3090 Ti,historical execution; no matched-hardware comparison with current calibration times
selector_g64__fitzhugh_nagumo__coefficient,selector_g64,fitzhugh_nagumo,coefficient,64,ood,96,64,False,neural:looped:iid,0.17899033914895077,0.13015479838062471,0.2422059155451825,0.42307249869135993,6,looped,iid,archived_neural_scores,,,,,,70.32125640334561,74.29858679650351,1.5728955273516476,34178,NVIDIA GeForce RTX 3090 Ti,historical execution; no matched-hardware comparison with current calibration times
selector_g64__fitzhugh_nagumo__coefficient,selector_g64,fitzhugh_nagumo,coefficient,64,ood,96,64,False,neural:looped:none,0.13678365911447996,0.08670909682263338,0.19333894607020738,0.36984274917115784,6,looped,none,archived_neural_scores,,,,,,39.6397314327769,39.68055658042431,1.5847862814553082,34178,NVIDIA GeForce RTX 3090 Ti,historical execution; no matched-hardware comparison with current calibration times
selector_g64__fitzhugh_nagumo__coefficient,selector_g64,fitzhugh_nagumo,coefficient,64,ood,96,64,False,neural:looped:response_matched,0.19824077411149452,0.14539884767758304,0.2632992191577026,0.44524237681457784,6,looped,response_matched,archived_neural_scores,,,,,,70.32170862859736,74.29863096494228,1.5708733000792563,34178,NVIDIA GeForce RTX 3090 Ti,historical execution; no matched-hardware comparison with current calibration times
selector_g64__fitzhugh_nagumo__coefficient,selector_g64,fitzhugh_nagumo,coefficient,64,ood,96,64,False,neural:looped:smooth,0.14075637929324317,0.09558453055347889,0.1909753444502314,0.3751751314962696,6,looped,smooth,archived_neural_scores,,,,,,69.84856260940433,73.82608989470948,1.5677595627494156,34178,NVIDIA GeForce RTX 3090 Ti,historical execution; no matched-hardware comparison with current calibration times
selector_g64__fitzhugh_nagumo__coefficient,selector_g64,fitzhugh_nagumo,coefficient,64,ood,96,64,False,neural:transformer:iid,0.23274060463376933,0.1985431571139573,0.2738611516251351,0.4824319689176592,6,transformer,iid,archived_neural_scores,,,,,,73.51537986503293,77.49673801691581,1.5807265299372375,101122,NVIDIA GeForce RTX 3090 Ti,historical execution; no matched-hardware comparison with current calibration times
selector_g64__fitzhugh_nagumo__coefficient,selector_g64,fitzhugh_nagumo,coefficient,64,ood,96,64,False,neural:transformer:none,0.18401915478112427,0.14691888657566893,0.2258313106283344,0.4289745386163662,6,transformer,none,archived_neural_scores,,,,,,43.58603665768169,43.630228870703526,1.5790442819707096,101122,NVIDIA GeForce RTX 3090 Ti,historical execution; no matched-hardware comparison with current calibration times
selector_g64__fitzhugh_nagumo__coefficient,selector_g64,fitzhugh_nagumo,coefficient,64,ood,96,64,False,neural:transformer:response_matched,0.24245672313226882,0.20639519558101022,0.2860346148577898,0.49239894712749827,6,transformer,response_matched,archived_neural_scores,,,,,,73.22333200097394,77.20464521817242,1.5773130231536925,101122,NVIDIA GeForce RTX 3090 Ti,historical execution; no matched-hardware comparison with current calibration times
selector_g64__fitzhugh_nagumo__coefficient,selector_g64,fitzhugh_nagumo,coefficient,64,ood,96,64,False,neural:transformer:smooth,0.179086430435365,0.14773856476972627,0.2121307958208087,0.4231860470707476,6,transformer,smooth,archived_neural_scores,,,,,,73.43879180060078,77.42100085620768,1.575748750474304,101122,NVIDIA GeForce RTX 3090 Ti,historical execution; no matched-hardware comparison with current calibration times
selector_g64__fitzhugh_nagumo__coefficient,selector_g64,fitzhugh_nagumo,coefficient,64,ood,96,64,False,validation_best_neural,0.00609586606050843,0.003647770557260842,0.009149960824594336,0.07807602743805829,6,validation_best_neural,,frozen_validation_selection,,,,,,,,,,,
selector_g64__fitzhugh_nagumo__coefficient,selector_g64,fitzhugh_nagumo,coefficient,64,ood,96,64,False,validation_selected_route,2.8497849955948695e-11,2.50985946328974e-11,3.2114107002324e-11,5.338337752142393e-06,6,validation_selected_route,,frozen_validation_selection,,,,,,,,,,,
selector_g64__fitzhugh_nagumo__correct,selector_g64,fitzhugh_nagumo,correct,64,test,64,64,True,calibrated,3.4932753118879175e-11,3.1225244587957026e-11,3.867625639076926e-11,5.910393651769667e-06,0,physics_calibrated,,new_frozen_physics_evaluation,0,0,0,3.4932753118879175e-11,1.3332422479979869,,,,,,
selector_g64__fitzhugh_nagumo__correct,selector_g64,fitzhugh_nagumo,correct,64,test,64,64,True,uncalibrated,3.0623723898230985e-11,2.7287384328328008e-11,3.413190729424524e-11,5.533870607290252e-06,0,physics_uncalibrated,,new_frozen_physics_evaluation,0,0,0,3.0623723898230985e-11,0.0,,,,,,
selector_g64__fitzhugh_nagumo__correct,selector_g64,fitzhugh_nagumo,correct,64,test,64,64,True,persistence,1.337497051553207,1.2702689085300194,1.4072784693096247,1.1565020758966267,0,persistence,,new_frozen_physics_evaluation,0,0,0,1.337497051553207,0.0,,,,,,
selector_g64__fitzhugh_nagumo__correct,selector_g64,fitzhugh_nagumo,correct,64,test,64,64,True,neural:fno:iid,0.0005368169889881994,0.0004074514312301901,0.0007049501456434918,0.023169311361976197,6,fno,iid,archived_neural_scores,,,,,,42.63910241285339,46.64688144492296,1.2626725481823087,210306,NVIDIA GeForce RTX 3090 Ti,historical execution; no matched-hardware comparison with current calibration times
selector_g64__fitzhugh_nagumo__correct,selector_g64,fitzhugh_nagumo,correct,64,test,64,64,True,neural:fno:none,0.0005038357312551391,0.00033432696500955157,0.0007093488561440218,0.022446285466756834,6,fno,none,archived_neural_scores,,,,,,25.279658279769745,25.314103176584467,1.269056007731706,210306,NVIDIA GeForce RTX 3090 Ti,historical execution; no matched-hardware comparison with current calibration times
selector_g64__fitzhugh_nagumo__correct,selector_g64,fitzhugh_nagumo,correct,64,test,64,64,True,neural:fno:response_matched,0.0006560063922640159,0.0004816594772467824,0.0008660139114781939,0.025612621737417195,6,fno,response_matched,archived_neural_scores,,,,,,42.500286974788956,46.50813572504558,1.2561117764562368,210306,NVIDIA GeForce RTX 3090 Ti,historical execution; no matched-hardware comparison with current calibration times
selector_g64__fitzhugh_nagumo__correct,selector_g64,fitzhugh_nagumo,correct,64,test,64,64,True,neural:fno:smooth,0.0004509334446988593,0.0003312086442397645,0.0005931477905277076,0.021235193540414445,6,fno,smooth,archived_neural_scores,,,,,,42.60506485030055,46.613091118788965,1.2819992611184716,210306,NVIDIA GeForce RTX 3090 Ti,historical execution; no matched-hardware comparison with current calibration times
selector_g64__fitzhugh_nagumo__correct,selector_g64,fitzhugh_nagumo,correct,64,test,64,64,True,neural:looped:iid,0.014160991606539533,0.009276175234441983,0.019712541390597926,0.11899996473335415,6,looped,iid,archived_neural_scores,,,,,,70.35063115375426,74.36402409911777,1.5742110554128885,34178,NVIDIA GeForce RTX 3090 Ti,historical execution; no matched-hardware comparison with current calibration times
selector_g64__fitzhugh_nagumo__correct,selector_g64,fitzhugh_nagumo,correct,64,test,64,64,True,neural:looped:none,0.018997376289588586,0.012125612620355003,0.027367703774749966,0.13783096999436878,6,looped,none,archived_neural_scores,,,,,,39.4606023527837,39.500714774243534,1.5965330530889332,34178,NVIDIA GeForce RTX 3090 Ti,historical execution; no matched-hardware comparison with current calibration times
selector_g64__fitzhugh_nagumo__correct,selector_g64,fitzhugh_nagumo,correct,64,test,64,64,True,neural:looped:response_matched,0.01062914915050415,0.007455492344957526,0.014435401953724615,0.10309776501216769,6,looped,response_matched,archived_neural_scores,,,,,,70.1572648092794,74.17053833107154,1.5865787747316062,34178,NVIDIA GeForce RTX 3090 Ti,historical execution; no matched-hardware comparison with current calibration times
selector_g64__fitzhugh_nagumo__correct,selector_g64,fitzhugh_nagumo,correct,64,test,64,64,True,neural:looped:smooth,0.01566752261026033,0.010482695353623474,0.022393131184188765,0.1251699748752085,6,looped,smooth,archived_neural_scores,,,,,,70.24246808087143,74.25607996340841,1.5932765323668718,34178,NVIDIA GeForce RTX 3090 Ti,historical execution; no matched-hardware comparison with current calibration times
selector_g64__fitzhugh_nagumo__correct,selector_g64,fitzhugh_nagumo,correct,64,test,64,64,True,neural:transformer:iid,0.00790888569782422,0.005968993033542335,0.010217986062328955,0.08893191608092238,6,transformer,iid,archived_neural_scores,,,,,,73.75749389718597,77.77504766033962,1.5902440529316664,101122,NVIDIA GeForce RTX 3090 Ti,historical execution; no matched-hardware comparison with current calibration times
selector_g64__fitzhugh_nagumo__correct,selector_g64,fitzhugh_nagumo,correct,64,test,64,64,True,neural:transformer:none,0.012317133254565562,0.00897754599451418,0.016133103614948262,0.1109825808609872,6,transformer,none,archived_neural_scores,,,,,,43.22752581032304,43.27184052222098,1.5833342680707574,101122,NVIDIA GeForce RTX 3090 Ti,historical execution; no matched-hardware comparison with current calibration times
selector_g64__fitzhugh_nagumo__correct,selector_g64,fitzhugh_nagumo,correct,64,test,64,64,True,neural:transformer:response_matched,0.007503452545307284,0.005793174387427997,0.009487644479963668,0.08662247136457886,6,transformer,response_matched,archived_neural_scores,,,,,,73.75577080412768,77.77365337622662,1.5751860570162535,101122,NVIDIA GeForce RTX 3090 Ti,historical execution; no matched-hardware comparison with current calibration times
selector_g64__fitzhugh_nagumo__correct,selector_g64,fitzhugh_nagumo,correct,64,test,64,64,True,neural:transformer:smooth,0.01048360825575966,0.008231660308002119,0.01315633341360436,0.10238949289726783,6,transformer,smooth,archived_neural_scores,,,,,,74.35748167716277,78.37612888721439,1.5920350328087807,101122,NVIDIA GeForce RTX 3090 Ti,historical execution; no matched-hardware comparison with current calibration times
selector_g64__fitzhugh_nagumo__correct,selector_g64,fitzhugh_nagumo,correct,64,test,64,64,True,validation_best_neural,0.0004465401444314852,0.0003278807252896864,0.0005891646376054057,0.02113149650241282,6,validation_best_neural,,frozen_validation_selection,,,,,,,,,,,
selector_g64__fitzhugh_nagumo__correct,selector_g64,fitzhugh_nagumo,correct,64,test,64,64,True,validation_selected_route,3.4932753118879175e-11,3.1225244587957026e-11,3.867625639076926e-11,5.910393651769667e-06,6,validation_selected_route,,frozen_validation_selection,,,,,,,,,,,
selector_g64__fitzhugh_nagumo__correct,selector_g64,fitzhugh_nagumo,correct,64,test,96,64,False,calibrated,3.2461678778383706e-11,2.917615935158781e-11,3.585099611442044e-11,5.69751514068929e-06,0,physics_calibrated,,new_frozen_physics_evaluation,0,0,0,3.2461678778383706e-11,1.3332422479979869,,,,,,
selector_g64__fitzhugh_nagumo__correct,selector_g64,fitzhugh_nagumo,correct,64,test,96,64,False,uncalibrated,2.9249056567468906e-11,2.6388751188500802e-11,3.212951270930646e-11,5.408239692124315e-06,0,physics_uncalibrated,,new_frozen_physics_evaluation,0,0,0,2.9249056567468906e-11,0.0,,,,,,
selector_g64__fitzhugh_nagumo__correct,selector_g64,fitzhugh_nagumo,correct,64,test,96,64,False,persistence,2.098361059234392,1.9897836321387863,2.206924216450702,1.4485720759542455,0,persistence,,new_frozen_physics_evaluation,0,0,0,2.098361059234392,0.0,,,,,,
selector_g64__fitzhugh_nagumo__correct,selector_g64,fitzhugh_nagumo,correct,64,test,96,64,False,neural:fno:iid,0.00043222987651996627,0.0003274592819905842,0.0005628690005918016,0.020790138924979946,6,fno,iid,archived_neural_scores,,,,,,42.63910241285339,46.64688144492296,1.2626725481823087,210306,NVIDIA GeForce RTX 3090 Ti,historical execution; no matched-hardware comparison with current calibration times
selector_g64__fitzhugh_nagumo__correct,selector_g64,fitzhugh_nagumo,correct,64,test,96,64,False,neural:fno:none,0.0004165076561902549,0.00027546916471337854,0.0005810578871421174,0.020408519206210306,6,fno,none,archived_neural_scores,,,,,,25.279658279769745,25.314103176584467,1.269056007731706,210306,NVIDIA GeForce RTX 3090 Ti,historical execution; no matched-hardware comparison with current calibration times
selector_g64__fitzhugh_nagumo__correct,selector_g64,fitzhugh_nagumo,correct,64,test,96,64,False,neural:fno:response_matched,0.0005280762470043576,0.00038854935182544,0.000699994964456683,0.022979909638733517,6,fno,response_matched,archived_neural_scores,,,,,,42.500286974788956,46.50813572504558,1.2561117764562368,210306,NVIDIA GeForce RTX 3090 Ti,historical execution; no matched-hardware comparison with current calibration times
selector_g64__fitzhugh_nagumo__correct,selector_g64,fitzhugh_nagumo,correct,64,test,96,64,False,neural:fno:smooth,0.00037321460548186204,0.0002701978786242757,0.000502783588799057,0.019318763042230784,6,fno,smooth,archived_neural_scores,,,,,,42.60506485030055,46.613091118788965,1.2819992611184716,210306,NVIDIA GeForce RTX 3090 Ti,historical execution; no matched-hardware comparison with current calibration times
selector_g64__fitzhugh_nagumo__correct,selector_g64,fitzhugh_nagumo,correct,64,test,96,64,False,neural:looped:iid,0.011658410558174565,0.0075791623915934594,0.016311069800797478,0.1079741198536694,6,looped,iid,archived_neural_scores,,,,,,70.35063115375426,74.36402409911777,1.5742110554128885,34178,NVIDIA GeForce RTX 3090 Ti,historical execution; no matched-hardware comparison with current calibration times
selector_g64__fitzhugh_nagumo__correct,selector_g64,fitzhugh_nagumo,correct,64,test,96,64,False,neural:looped:none,0.015561840102015978,0.009989084570131366,0.022534739685093664,0.12474710458369756,6,looped,none,archived_neural_scores,,,,,,39.4606023527837,39.500714774243534,1.5965330530889332,34178,NVIDIA GeForce RTX 3090 Ti,historical execution; no matched-hardware comparison with current calibration times
selector_g64__fitzhugh_nagumo__correct,selector_g64,fitzhugh_nagumo,correct,64,test,96,64,False,neural:looped:response_matched,0.008757239184201744,0.006057893170933613,0.012082923977590143,0.0935801217364123,6,looped,response_matched,archived_neural_scores,,,,,,70.1572648092794,74.17053833107154,1.5865787747316062,34178,NVIDIA GeForce RTX 3090 Ti,historical execution; no matched-hardware comparison with current calibration times
selector_g64__fitzhugh_nagumo__correct,selector_g64,fitzhugh_nagumo,correct,64,test,96,64,False,neural:looped:smooth,0.012799226233462796,0.008540970772047728,0.018462869068928092,0.1131336653408825,6,looped,smooth,archived_neural_scores,,,,,,70.24246808087143,74.25607996340841,1.5932765323668718,34178,NVIDIA GeForce RTX 3090 Ti,historical execution; no matched-hardware comparison with current calibration times
selector_g64__fitzhugh_nagumo__correct,selector_g64,fitzhugh_nagumo,correct,64,test,96,64,False,neural:transformer:iid,0.006295798064994103,0.004717858948274519,0.008205066924966045,0.07934606521431357,6,transformer,iid,archived_neural_scores,,,,,,73.75749389718597,77.77504766033962,1.5902440529316664,101122,NVIDIA GeForce RTX 3090 Ti,historical execution; no matched-hardware comparison with current calibration times
selector_g64__fitzhugh_nagumo__correct,selector_g64,fitzhugh_nagumo,correct,64,test,96,64,False,neural:transformer:none,0.009912095946257804,0.007179668455079309,0.01315848034372219,0.09955950957220412,6,transformer,none,archived_neural_scores,,,,,,43.22752581032304,43.27184052222098,1.5833342680707574,101122,NVIDIA GeForce RTX 3090 Ti,historical execution; no matched-hardware comparison with current calibration times
selector_g64__fitzhugh_nagumo__correct,selector_g64,fitzhugh_nagumo,correct,64,test,96,64,False,neural:transformer:response_matched,0.0062363908880797994,0.004715504832840506,0.008223043095193236,0.07897082301761708,6,transformer,response_matched,archived_neural_scores,,,,,,73.75577080412768,77.77365337622662,1.5751860570162535,101122,NVIDIA GeForce RTX 3090 Ti,historical execution; no matched-hardware comparison with current calibration times
selector_g64__fitzhugh_nagumo__correct,selector_g64,fitzhugh_nagumo,correct,64,test,96,64,False,neural:transformer:smooth,0.008485123012906647,0.006627702646135701,0.010773839542716197,0.09211472744847399,6,transformer,smooth,archived_neural_scores,,,,,,74.35748167716277,78.37612888721439,1.5920350328087807,101122,NVIDIA GeForce RTX 3090 Ti,historical execution; no matched-hardware comparison with current calibration times
selector_g64__fitzhugh_nagumo__correct,selector_g64,fitzhugh_nagumo,correct,64,test,96,64,False,validation_best_neural,0.0003719163110224053,0.0002679897382698282,0.000503661928007363,0.019285131864273195,6,validation_best_neural,,frozen_validation_selection,,,,,,,,,,,
selector_g64__fitzhugh_nagumo__correct,selector_g64,fitzhugh_nagumo,correct,64,test,96,64,False,validation_selected_route,3.2461678778383706e-11,2.9176159351587816e-11,3.585099611442045e-11,5.69751514068929e-06,6,validation_selected_route,,frozen_validation_selection,,,,,,,,,,,
selector_g64__fitzhugh_nagumo__correct,selector_g64,fitzhugh_nagumo,correct,64,ood,64,64,True,calibrated,3.9916421230106264e-11,3.52478212303197e-11,4.480720661403193e-11,6.317944383271055e-06,0,physics_calibrated,,new_frozen_physics_evaluation,0,0,0,3.9916421230106264e-11,1.3332422479979869,,,,,,
selector_g64__fitzhugh_nagumo__correct,selector_g64,fitzhugh_nagumo,correct,64,ood,64,64,True,uncalibrated,3.616690663565666e-11,3.250390941340446e-11,3.9926088827432937e-11,6.0138928021421085e-06,0,physics_uncalibrated,,new_frozen_physics_evaluation,0,0,0,3.616690663565666e-11,0.0,,,,,,
selector_g64__fitzhugh_nagumo__correct,selector_g64,fitzhugh_nagumo,correct,64,ood,64,64,True,persistence,1.7552344165716391,1.6599395003650455,1.8487692370851807,1.3248526018284597,0,persistence,,new_frozen_physics_evaluation,0,0,0,1.7552344165716391,0.0,,,,,,
selector_g64__fitzhugh_nagumo__correct,selector_g64,fitzhugh_nagumo,correct,64,ood,64,64,True,neural:fno:iid,0.011661656204134193,0.005050302328238794,0.019070005623210793,0.10798914854805641,6,fno,iid,archived_neural_scores,,,,,,42.63910241285339,46.64688144492296,1.2626725481823087,210306,NVIDIA GeForce RTX 3090 Ti,historical execution; no matched-hardware comparison with current calibration times
selector_g64__fitzhugh_nagumo__correct,selector_g64,fitzhugh_nagumo,correct,64,ood,64,64,True,neural:fno:none,0.007766451672739029,0.004132147394354994,0.012036308287471239,0.08812747399499789,6,fno,none,archived_neural_scores,,,,,,25.279658279769745,25.314103176584467,1.269056007731706,210306,NVIDIA GeForce RTX 3090 Ti,historical execution; no matched-hardware comparison with current calibration times
selector_g64__fitzhugh_nagumo__correct,selector_g64,fitzhugh_nagumo,correct,64,ood,64,64,True,neural:fno:response_matched,0.00623524979531892,0.0038168488554524674,0.009297614840591568,0.07896359791270229,6,fno,response_matched,archived_neural_scores,,,,,,42.500286974788956,46.50813572504558,1.2561117764562368,210306,NVIDIA GeForce RTX 3090 Ti,historical execution; no matched-hardware comparison with current calibration times
selector_g64__fitzhugh_nagumo__correct,selector_g64,fitzhugh_nagumo,correct,64,ood,64,64,True,neural:fno:smooth,0.008517618589464676,0.003914966309366831,0.013914919425993537,0.09229094532761421,6,fno,smooth,archived_neural_scores,,,,,,42.60506485030055,46.613091118788965,1.2819992611184716,210306,NVIDIA GeForce RTX 3090 Ti,historical execution; no matched-hardware comparison with current calibration times
selector_g64__fitzhugh_nagumo__correct,selector_g64,fitzhugh_nagumo,correct,64,ood,64,64,True,neural:looped:iid,0.2612289407050632,0.1905925930134381,0.34599654670240243,0.5111056062156462,6,looped,iid,archived_neural_scores,,,,,,70.35063115375426,74.36402409911777,1.5742110554128885,34178,NVIDIA GeForce RTX 3090 Ti,historical execution; no matched-hardware comparison with current calibration times
selector_g64__fitzhugh_nagumo__correct,selector_g64,fitzhugh_nagumo,correct,64,ood,64,64,True,neural:looped:none,0.1579916722288607,0.10575917883792928,0.21873972447831813,0.3974816627579953,6,looped,none,archived_neural_scores,,,,,,39.4606023527837,39.500714774243534,1.5965330530889332,34178,NVIDIA GeForce RTX 3090 Ti,historical execution; no matched-hardware comparison with current calibration times
selector_g64__fitzhugh_nagumo__correct,selector_g64,fitzhugh_nagumo,correct,64,ood,64,64,True,neural:looped:response_matched,0.2713721809951082,0.2060379688265594,0.34975525870875634,0.5209339507030696,6,looped,response_matched,archived_neural_scores,,,,,,70.1572648092794,74.17053833107154,1.5865787747316062,34178,NVIDIA GeForce RTX 3090 Ti,historical execution; no matched-hardware comparison with current calibration times
selector_g64__fitzhugh_nagumo__correct,selector_g64,fitzhugh_nagumo,correct,64,ood,64,64,True,neural:looped:smooth,0.17443402124201532,0.121030697032719,0.23526344529157012,0.41765299141992906,6,looped,smooth,archived_neural_scores,,,,,,70.24246808087143,74.25607996340841,1.5932765323668718,34178,NVIDIA GeForce RTX 3090 Ti,historical execution; no matched-hardware comparison with current calibration times
selector_g64__fitzhugh_nagumo__correct,selector_g64,fitzhugh_nagumo,correct,64,ood,64,64,True,neural:transformer:iid,0.31615184550222847,0.2644748769973278,0.3749621429570192,0.5622738171942817,6,transformer,iid,archived_neural_scores,,,,,,73.75749389718597,77.77504766033962,1.5902440529316664,101122,NVIDIA GeForce RTX 3090 Ti,historical execution; no matched-hardware comparison with current calibration times
selector_g64__fitzhugh_nagumo__correct,selector_g64,fitzhugh_nagumo,correct,64,ood,64,64,True,neural:transformer:none,0.20867860391615048,0.17434844394892712,0.24844434621683545,0.4568135329827155,6,transformer,none,archived_neural_scores,,,,,,43.22752581032304,43.27184052222098,1.5833342680707574,101122,NVIDIA GeForce RTX 3090 Ti,historical execution; no matched-hardware comparison with current calibration times
selector_g64__fitzhugh_nagumo__correct,selector_g64,fitzhugh_nagumo,correct,64,ood,64,64,True,neural:transformer:response_matched,0.3473341647621548,0.28920604466342203,0.4126746318111889,0.5893506297291577,6,transformer,response_matched,archived_neural_scores,,,,,,73.75577080412768,77.77365337622662,1.5751860570162535,101122,NVIDIA GeForce RTX 3090 Ti,historical execution; no matched-hardware comparison with current calibration times
selector_g64__fitzhugh_nagumo__correct,selector_g64,fitzhugh_nagumo,correct,64,ood,64,64,True,neural:transformer:smooth,0.21173168409158608,0.1776621910581989,0.25148861027851677,0.46014311261996094,6,transformer,smooth,archived_neural_scores,,,,,,74.35748167716277,78.37612888721439,1.5920350328087807,101122,NVIDIA GeForce RTX 3090 Ti,historical execution; no matched-hardware comparison with current calibration times
selector_g64__fitzhugh_nagumo__correct,selector_g64,fitzhugh_nagumo,correct,64,ood,64,64,True,validation_best_neural,0.008400252318421795,0.0038700034413861914,0.013750236479860178,0.09165289039862187,6,validation_best_neural,,frozen_validation_selection,,,,,,,,,,,
selector_g64__fitzhugh_nagumo__correct,selector_g64,fitzhugh_nagumo,correct,64,ood,64,64,True,validation_selected_route,3.9916421230106264e-11,3.52478212303197e-11,4.480720661403193e-11,6.317944383271055e-06,6,validation_selected_route,,frozen_validation_selection,,,,,,,,,,,
selector_g64__fitzhugh_nagumo__correct,selector_g64,fitzhugh_nagumo,correct,64,ood,96,64,False,calibrated,2.8338182266535904e-11,2.5055229925774164e-11,3.17967538694178e-11,5.3233619327015424e-06,0,physics_calibrated,,new_frozen_physics_evaluation,0,0,0,2.8338182266535904e-11,1.3332422479979869,,,,,,
selector_g64__fitzhugh_nagumo__correct,selector_g64,fitzhugh_nagumo,correct,64,ood,96,64,False,uncalibrated,2.558842117019915e-11,2.3027775075237384e-11,2.8184550035616028e-11,5.058499893268671e-06,0,physics_uncalibrated,,new_frozen_physics_evaluation,0,0,0,2.558842117019915e-11,0.0,,,,,,
selector_g64__fitzhugh_nagumo__correct,selector_g64,fitzhugh_nagumo,correct,64,ood,96,64,False,persistence,2.3281262803339757,2.1901294349525844,2.4617089026178967,1.52581987152284,0,persistence,,new_frozen_physics_evaluation,0,0,0,2.3281262803339757,0.0,,,,,,
selector_g64__fitzhugh_nagumo__correct,selector_g64,fitzhugh_nagumo,correct,64,ood,96,64,False,neural:fno:iid,0.008818732565102511,0.004098348350582764,0.014107831737678378,0.09390810702544541,6,fno,iid,archived_neural_scores,,,,,,42.63910241285339,46.64688144492296,1.2626725481823087,210306,NVIDIA GeForce RTX 3090 Ti,historical execution; no matched-hardware comparison with current calibration times
selector_g64__fitzhugh_nagumo__correct,selector_g64,fitzhugh_nagumo,correct,64,ood,96,64,False,neural:fno:none,0.005982852912417483,0.003450530217947533,0.009038121941453061,0.07734890375705064,6,fno,none,archived_neural_scores,,,,,,25.279658279769745,25.314103176584467,1.269056007731706,210306,NVIDIA GeForce RTX 3090 Ti,historical execution; no matched-hardware comparison with current calibration times
selector_g64__fitzhugh_nagumo__correct,selector_g64,fitzhugh_nagumo,correct,64,ood,96,64,False,neural:fno:response_matched,0.004813122251476343,0.003103003150149755,0.0069464900492130985,0.0693766693599249,6,fno,response_matched,archived_neural_scores,,,,,,42.500286974788956,46.50813572504558,1.2561117764562368,210306,NVIDIA GeForce RTX 3090 Ti,historical execution; no matched-hardware comparison with current calibration times
selector_g64__fitzhugh_nagumo__correct,selector_g64,fitzhugh_nagumo,correct,64,ood,96,64,False,neural:fno:smooth,0.006570357443395112,0.0030805788329695914,0.010674392183138792,0.08105774141558049,6,fno,smooth,archived_neural_scores,,,,,,42.60506485030055,46.613091118788965,1.2819992611184716,210306,NVIDIA GeForce RTX 3090 Ti,historical execution; no matched-hardware comparison with current calibration times
selector_g64__fitzhugh_nagumo__correct,selector_g64,fitzhugh_nagumo,correct,64,ood,96,64,False,neural:looped:iid,0.1945440171742495,0.1431376331533853,0.25464351858631357,0.4410714422565232,6,looped,iid,archived_neural_scores,,,,,,70.35063115375426,74.36402409911777,1.5742110554128885,34178,NVIDIA GeForce RTX 3090 Ti,historical execution; no matched-hardware comparison with current calibration times
selector_g64__fitzhugh_nagumo__correct,selector_g64,fitzhugh_nagumo,correct,64,ood,96,64,False,neural:looped:none,0.13678372657473284,0.08654313858191767,0.19301861066971188,0.3698428403724112,6,looped,none,archived_neural_scores,,,,,,39.4606023527837,39.500714774243534,1.5965330530889332,34178,NVIDIA GeForce RTX 3090 Ti,historical execution; no matched-hardware comparison with current calibration times
selector_g64__fitzhugh_nagumo__correct,selector_g64,fitzhugh_nagumo,correct,64,ood,96,64,False,neural:looped:response_matched,0.20206703618666055,0.15616344673383192,0.25516303335398294,0.44951867167745163,6,looped,response_matched,archived_neural_scores,,,,,,70.1572648092794,74.17053833107154,1.5865787747316062,34178,NVIDIA GeForce RTX 3090 Ti,historical execution; no matched-hardware comparison with current calibration times
selector_g64__fitzhugh_nagumo__correct,selector_g64,fitzhugh_nagumo,correct,64,ood,96,64,False,neural:looped:smooth,0.14597832610789632,0.09761627669841957,0.19776382737083859,0.3820711008541425,6,looped,smooth,archived_neural_scores,,,,,,70.24246808087143,74.25607996340841,1.5932765323668718,34178,NVIDIA GeForce RTX 3090 Ti,historical execution; no matched-hardware comparison with current calibration times
selector_g64__fitzhugh_nagumo__correct,selector_g64,fitzhugh_nagumo,correct,64,ood,96,64,False,neural:transformer:iid,0.2499275621061909,0.21391585420117587,0.2878977174460819,0.49992755685818213,6,transformer,iid,archived_neural_scores,,,,,,73.75749389718597,77.77504766033962,1.5902440529316664,101122,NVIDIA GeForce RTX 3090 Ti,historical execution; no matched-hardware comparison with current calibration times
selector_g64__fitzhugh_nagumo__correct,selector_g64,fitzhugh_nagumo,correct,64,ood,96,64,False,neural:transformer:none,0.18401919751321494,0.14702812381053745,0.22452598049520606,0.4289745884236209,6,transformer,none,archived_neural_scores,,,,,,43.22752581032304,43.27184052222098,1.5833342680707574,101122,NVIDIA GeForce RTX 3090 Ti,historical execution; no matched-hardware comparison with current calibration times
selector_g64__fitzhugh_nagumo__correct,selector_g64,fitzhugh_nagumo,correct,64,ood,96,64,False,neural:transformer:response_matched,0.26963270039662907,0.22917521141855646,0.3129838671023745,0.5192616877804765,6,transformer,response_matched,archived_neural_scores,,,,,,73.75577080412768,77.77365337622662,1.5751860570162535,101122,NVIDIA GeForce RTX 3090 Ti,historical execution; no matched-hardware comparison with current calibration times
selector_g64__fitzhugh_nagumo__correct,selector_g64,fitzhugh_nagumo,correct,64,ood,96,64,False,neural:transformer:smooth,0.18678721207791485,0.15225153388554483,0.22331088171651023,0.4321888615847415,6,transformer,smooth,archived_neural_scores,,,,,,74.35748167716277,78.37612888721439,1.5920350328087807,101122,NVIDIA GeForce RTX 3090 Ti,historical execution; no matched-hardware comparison with current calibration times
selector_g64__fitzhugh_nagumo__correct,selector_g64,fitzhugh_nagumo,correct,64,ood,96,64,False,validation_best_neural,0.006362612097341982,0.0030557865999146718,0.01031725192740945,0.07976598333463947,6,validation_best_neural,,frozen_validation_selection,,,,,,,,,,,
selector_g64__fitzhugh_nagumo__correct,selector_g64,fitzhugh_nagumo,correct,64,ood,96,64,False,validation_selected_route,2.8338182266535904e-11,2.5055229925774164e-11,3.17967538694178e-11,5.3233619327015424e-06,6,validation_selected_route,,frozen_validation_selection,,,,,,,,,,,
selector_g64__fitzhugh_nagumo__structural,selector_g64,fitzhugh_nagumo,structural,64,test,64,64,True,calibrated,1.4916272208111891,1.3763630266399145,1.6097208939917855,1.2213219153078312,0,physics_calibrated,,new_frozen_physics_evaluation,0,0,0,1.4916272208111891,1.8910651779988257,,,,,,
selector_g64__fitzhugh_nagumo__structural,selector_g64,fitzhugh_nagumo,structural,64,test,64,64,True,uncalibrated,1.6198748296659602,1.5027800688096513,1.7387677139749864,1.2727430336348182,0,physics_uncalibrated,,new_frozen_physics_evaluation,0,0,0,1.6198748296659602,0.0,,,,,,
selector_g64__fitzhugh_nagumo__structural,selector_g64,fitzhugh_nagumo,structural,64,test,64,64,True,persistence,1.337497051553207,1.268637757310019,1.4069579895660762,1.1565020758966267,0,persistence,,new_frozen_physics_evaluation,0,0,0,1.337497051553207,0.0,,,,,,
selector_g64__fitzhugh_nagumo__structural,selector_g64,fitzhugh_nagumo,structural,64,test,64,64,True,neural:fno:iid,0.08493136652293574,0.020794744620298913,0.21345389007104196,0.29142986553017475,6,fno,iid,archived_neural_scores,,,,,,42.62860825487102,46.669378522085026,1.257695269305259,210306,NVIDIA GeForce RTX 3090 Ti,historical execution; no matched-hardware comparison with current calibration times
selector_g64__fitzhugh_nagumo__structural,selector_g64,fitzhugh_nagumo,structural,64,test,64,64,True,neural:fno:none,0.0005038357312551391,0.00033380068329615353,0.0007153422903183623,0.022446285466756834,6,fno,none,archived_neural_scores,,,,,,25.025310362689197,25.06008428676675,1.2566522578708827,210306,NVIDIA GeForce RTX 3090 Ti,historical execution; no matched-hardware comparison with current calibration times
selector_g64__fitzhugh_nagumo__structural,selector_g64,fitzhugh_nagumo,structural,64,test,64,64,True,neural:fno:response_matched,0.03611639202855708,0.021824711716231703,0.05662473150712124,0.19004313202154158,6,fno,response_matched,archived_neural_scores,,,,,,42.81354041257873,46.853483994180955,1.258235250134021,210306,NVIDIA GeForce RTX 3090 Ti,historical execution; no matched-hardware comparison with current calibration times
selector_g64__fitzhugh_nagumo__structural,selector_g64,fitzhugh_nagumo,structural,64,test,64,64,True,neural:fno:smooth,0.01407154042305031,0.009452291605602754,0.019300070887711823,0.118623523902514,6,fno,smooth,archived_neural_scores,,,,,,42.65954149413543,46.69918141219144,1.2568870442919433,210306,NVIDIA GeForce RTX 3090 Ti,historical execution; no matched-hardware comparison with current calibration times
selector_g64__fitzhugh_nagumo__structural,selector_g64,fitzhugh_nagumo,structural,64,test,64,64,True,neural:looped:iid,0.07449717268356038,0.05637713365322136,0.0961739099437691,0.27294170198700013,6,looped,iid,archived_neural_scores,,,,,,70.5195311139493,74.5652472206081,1.5983865247108042,34178,NVIDIA GeForce RTX 3090 Ti,historical execution; no matched-hardware comparison with current calibration times
selector_g64__fitzhugh_nagumo__structural,selector_g64,fitzhugh_nagumo,structural,64,test,64,64,True,neural:looped:none,0.018997376289588586,0.012291651893111951,0.027239205763185302,0.13783096999436878,6,looped,none,archived_neural_scores,,,,,,39.48239777221655,39.52293698869956,1.5727525460533798,34178,NVIDIA GeForce RTX 3090 Ti,historical execution; no matched-hardware comparison with current calibration times
selector_g64__fitzhugh_nagumo__structural,selector_g64,fitzhugh_nagumo,structural,64,test,64,64,True,neural:looped:response_matched,0.06358633345003002,0.03686843378044403,0.1052058637089605,0.25216330710480067,6,looped,response_matched,archived_neural_scores,,,,,,70.26976250220712,74.31503310807359,1.588661305140704,34178,NVIDIA GeForce RTX 3090 Ti,historical execution; no matched-hardware comparison with current calibration times
selector_g64__fitzhugh_nagumo__structural,selector_g64,fitzhugh_nagumo,structural,64,test,64,64,True,neural:looped:smooth,0.08925256516034345,0.06456368226878233,0.11517296885518923,0.2987516780879121,6,looped,smooth,archived_neural_scores,,,,,,70.28414338439082,74.32967905203502,1.576780527830124,34178,NVIDIA GeForce RTX 3090 Ti,historical execution; no matched-hardware comparison with current calibration times
selector_g64__fitzhugh_nagumo__structural,selector_g64,fitzhugh_nagumo,structural,64,test,64,64,True,neural:transformer:iid,0.0411989303247093,0.01958732334966575,0.0889236724305556,0.2029751963287862,6,transformer,iid,archived_neural_scores,,,,,,73.94770122040063,77.99713560768093,1.6004510573111475,101122,NVIDIA GeForce RTX 3090 Ti,historical execution; no matched-hardware comparison with current calibration times
selector_g64__fitzhugh_nagumo__structural,selector_g64,fitzhugh_nagumo,structural,64,test,64,64,True,neural:transformer:none,0.012317133254565562,0.009174634529362923,0.016088512419074972,0.1109825808609872,6,transformer,none,archived_neural_scores,,,,,,43.38119576537671,43.42488803124676,1.5783602953888476,101122,NVIDIA GeForce RTX 3090 Ti,historical execution; no matched-hardware comparison with current calibration times
selector_g64__fitzhugh_nagumo__structural,selector_g64,fitzhugh_nagumo,structural,64,test,64,64,True,neural:transformer:response_matched,0.021981412833378327,0.016118168636819096,0.029063395614568825,0.1482612991760774,6,transformer,response_matched,archived_neural_scores,,,,,,73.70224163813207,77.75130772970927,1.5825664973817766,101122,NVIDIA GeForce RTX 3090 Ti,historical execution; no matched-hardware comparison with current calibration times
selector_g64__fitzhugh_nagumo__structural,selector_g64,fitzhugh_nagumo,structural,64,test,64,64,True,neural:transformer:smooth,0.08927993866326238,0.056197881017747066,0.13401633949788583,0.29879748771243436,6,transformer,smooth,archived_neural_scores,,,,,,73.6674218963987,77.71760401246138,1.5838900348171592,101122,NVIDIA GeForce RTX 3090 Ti,historical execution; no matched-hardware comparison with current calibration times
selector_g64__fitzhugh_nagumo__structural,selector_g64,fitzhugh_nagumo,structural,64,test,64,64,True,validation_best_neural,0.0005038357312551391,0.00033380068329615353,0.0007153422903183623,0.022446285466756834,6,validation_best_neural,,frozen_validation_selection,,,,,,,,,,,
selector_g64__fitzhugh_nagumo__structural,selector_g64,fitzhugh_nagumo,structural,64,test,64,64,True,validation_selected_route,0.0005038357312551391,0.00033380068329615353,0.0007153422903183623,0.022446285466756834,6,validation_selected_route,,frozen_validation_selection,,,,,,,,,,,
selector_g64__fitzhugh_nagumo__structural,selector_g64,fitzhugh_nagumo,structural,64,test,96,64,False,calibrated,2.883626199592437,2.672175665841888,3.0988162254005345,1.6981243180616774,0,physics_calibrated,,new_frozen_physics_evaluation,0,0,0,2.883626199592437,1.8910651779988257,,,,,,
selector_g64__fitzhugh_nagumo__structural,selector_g64,fitzhugh_nagumo,structural,64,test,96,64,False,uncalibrated,3.1023674087721345,2.895444612489775,3.313797703075627,1.7613538567738551,0,physics_uncalibrated,,new_frozen_physics_evaluation,0,0,0,3.1023674087721345,0.0,,,,,,
selector_g64__fitzhugh_nagumo__structural,selector_g64,fitzhugh_nagumo,structural,64,test,96,64,False,persistence,2.098361059234392,1.990977887703436,2.2112059225780505,1.4485720759542455,0,persistence,,new_frozen_physics_evaluation,0,0,0,2.098361059234392,0.0,,,,,,
selector_g64__fitzhugh_nagumo__structural,selector_g64,fitzhugh_nagumo,structural,64,test,96,64,False,neural:fno:iid,1492.0304748502313,0.36759558445225526,4458.944889311487,38.62681031162464,6,fno,iid,archived_neural_scores,,,,,,42.62860825487102,46.669378522085026,1.257695269305259,210306,NVIDIA GeForce RTX 3090 Ti,historical execution; no matched-hardware comparison with current calibration times
selector_g64__fitzhugh_nagumo__structural,selector_g64,fitzhugh_nagumo,structural,64,test,96,64,False,neural:fno:none,0.0004165076561902549,0.0002746206690620095,0.0005851612548838546,0.020408519206210306,6,fno,none,archived_neural_scores,,,,,,25.025310362689197,25.06008428676675,1.2566522578708827,210306,NVIDIA GeForce RTX 3090 Ti,historical execution; no matched-hardware comparison with current calibration times
selector_g64__fitzhugh_nagumo__structural,selector_g64,fitzhugh_nagumo,structural,64,test,96,64,False,neural:fno:response_matched,26.23510845296799,0.0731868668724425,112.65993526025962,5.122021910629433,6,fno,response_matched,archived_neural_scores,,,,,,42.81354041257873,46.853483994180955,1.258235250134021,210306,NVIDIA GeForce RTX 3090 Ti,historical execution; no matched-hardware comparison with current calibration times
selector_g64__fitzhugh_nagumo__structural,selector_g64,fitzhugh_nagumo,structural,64,test,96,64,False,neural:fno:smooth,0.013078465845236247,0.008738753213934806,0.017970091579172346,0.11436112033919678,6,fno,smooth,archived_neural_scores,,,,,,42.65954149413543,46.69918141219144,1.2568870442919433,210306,NVIDIA GeForce RTX 3090 Ti,historical execution; no matched-hardware comparison with current calibration times
selector_g64__fitzhugh_nagumo__structural,selector_g64,fitzhugh_nagumo,structural,64,test,96,64,False,neural:looped:iid,0.07113970872646025,0.05149717106851741,0.09565084374480702,0.2667202818056029,6,looped,iid,archived_neural_scores,,,,,,70.5195311139493,74.5652472206081,1.5983865247108042,34178,NVIDIA GeForce RTX 3090 Ti,historical execution; no matched-hardware comparison with current calibration times
selector_g64__fitzhugh_nagumo__structural,selector_g64,fitzhugh_nagumo,structural,64,test,96,64,False,neural:looped:none,0.015561840102015978,0.010027147083784644,0.022368898142781285,0.12474710458369756,6,looped,none,archived_neural_scores,,,,,,39.48239777221655,39.52293698869956,1.5727525460533798,34178,NVIDIA GeForce RTX 3090 Ti,historical execution; no matched-hardware comparison with current calibration times
selector_g64__fitzhugh_nagumo__structural,selector_g64,fitzhugh_nagumo,structural,64,test,96,64,False,neural:looped:response_matched,0.061216631972862035,0.03166727428629482,0.10937690493273493,0.24741995063628566,6,looped,response_matched,archived_neural_scores,,,,,,70.26976250220712,74.31503310807359,1.588661305140704,34178,NVIDIA GeForce RTX 3090 Ti,historical execution; no matched-hardware comparison with current calibration times
selector_g64__fitzhugh_nagumo__structural,selector_g64,fitzhugh_nagumo,structural,64,test,96,64,False,neural:looped:smooth,0.08890503024535368,0.06142573617447233,0.1202524555546517,0.29816946564890523,6,looped,smooth,archived_neural_scores,,,,,,70.28414338439082,74.32967905203502,1.576780527830124,34178,NVIDIA GeForce RTX 3090 Ti,historical execution; no matched-hardware comparison with current calibration times
selector_g64__fitzhugh_nagumo__structural,selector_g64,fitzhugh_nagumo,structural,64,test,96,64,False,neural:transformer:iid,0.05094105667979911,0.01581201792225332,0.1368979761929121,0.22570125537931576,6,transformer,iid,archived_neural_scores,,,,,,73.94770122040063,77.99713560768093,1.6004510573111475,101122,NVIDIA GeForce RTX 3090 Ti,historical execution; no matched-hardware comparison with current calibration times
selector_g64__fitzhugh_nagumo__structural,selector_g64,fitzhugh_nagumo,structural,64,test,96,64,False,neural:transformer:none,0.009912095946257804,0.007282004897870062,0.013074407456008097,0.09955950957220412,6,transformer,none,archived_neural_scores,,,,,,43.38119576537671,43.42488803124676,1.5783602953888476,101122,NVIDIA GeForce RTX 3090 Ti,historical execution; no matched-hardware comparison with current calibration times
selector_g64__fitzhugh_nagumo__structural,selector_g64,fitzhugh_nagumo,structural,64,test,96,64,False,neural:transformer:response_matched,0.018294474517640866,0.013358384501582547,0.024147796445299654,0.13525706827238593,6,transformer,response_matched,archived_neural_scores,,,,,,73.70224163813207,77.75130772970927,1.5825664973817766,101122,NVIDIA GeForce RTX 3090 Ti,historical execution; no matched-hardware comparison with current calibration times
selector_g64__fitzhugh_nagumo__structural,selector_g64,fitzhugh_nagumo,structural,64,test,96,64,False,neural:transformer:smooth,0.11193857842594586,0.05895018704142295,0.20211316732560564,0.3345722320007234,6,transformer,smooth,archived_neural_scores,,,,,,73.6674218963987,77.71760401246138,1.5838900348171592,101122,NVIDIA GeForce RTX 3090 Ti,historical execution; no matched-hardware comparison with current calibration times
selector_g64__fitzhugh_nagumo__structural,selector_g64,fitzhugh_nagumo,structural,64,test,96,64,False,validation_best_neural,0.0004165076561902549,0.0002746206690620095,0.0005851612548838546,0.020408519206210306,6,validation_best_neural,,frozen_validation_selection,,,,,,,,,,,
selector_g64__fitzhugh_nagumo__structural,selector_g64,fitzhugh_nagumo,structural,64,test,96,64,False,validation_selected_route,0.0004165076561902549,0.0002746206690620095,0.0005851612548838546,0.020408519206210306,6,validation_selected_route,,frozen_validation_selection,,,,,,,,,,,
selector_g64__fitzhugh_nagumo__structural,selector_g64,fitzhugh_nagumo,structural,64,ood,64,64,True,calibrated,2.4078911390298785,2.147420921495042,2.667278348889544,1.5517381025900854,0,physics_calibrated,,new_frozen_physics_evaluation,0,0,0,2.4078911390298785,1.8910651779988257,,,,,,
selector_g64__fitzhugh_nagumo__structural,selector_g64,fitzhugh_nagumo,structural,64,ood,64,64,True,uncalibrated,2.6153317137793977,2.3634307738571385,2.869548359131544,1.6171987242696544,0,physics_uncalibrated,,new_frozen_physics_evaluation,0,0,0,2.6153317137793977,0.0,,,,,,
selector_g64__fitzhugh_nagumo__structural,selector_g64,fitzhugh_nagumo,structural,64,ood,64,64,True,persistence,1.7552344165716391,1.6580257223150496,1.8514932140315667,1.3248526018284597,0,persistence,,new_frozen_physics_evaluation,0,0,0,1.7552344165716391,0.0,,,,,,
selector_g64__fitzhugh_nagumo__structural,selector_g64,fitzhugh_nagumo,structural,64,ood,64,64,True,neural:fno:iid,173.47385879588558,0.02225035949397406,613.5165976659894,13.17094752840074,6,fno,iid,archived_neural_scores,,,,,,42.62860825487102,46.669378522085026,1.257695269305259,210306,NVIDIA GeForce RTX 3090 Ti,historical execution; no matched-hardware comparison with current calibration times
selector_g64__fitzhugh_nagumo__structural,selector_g64,fitzhugh_nagumo,structural,64,ood,64,64,True,neural:fno:none,0.007766451672739029,0.004103451829984611,0.01231720851094767,0.08812747399499789,6,fno,none,archived_neural_scores,,,,,,25.025310362689197,25.06008428676675,1.2566522578708827,210306,NVIDIA GeForce RTX 3090 Ti,historical execution; no matched-hardware comparison with current calibration times
selector_g64__fitzhugh_nagumo__structural,selector_g64,fitzhugh_nagumo,structural,64,ood,64,64,True,neural:fno:response_matched,4.89025891466948,0.01018358479600058,18.228817246800435,2.2113929806050936,6,fno,response_matched,archived_neural_scores,,,,,,42.81354041257873,46.853483994180955,1.258235250134021,210306,NVIDIA GeForce RTX 3090 Ti,historical execution; no matched-hardware comparison with current calibration times
selector_g64__fitzhugh_nagumo__structural,selector_g64,fitzhugh_nagumo,structural,64,ood,64,64,True,neural:fno:smooth,0.02140288142165178,0.01154555434831267,0.03490140339203296,0.1462972365482403,6,fno,smooth,archived_neural_scores,,,,,,42.65954149413543,46.69918141219144,1.2568870442919433,210306,NVIDIA GeForce RTX 3090 Ti,historical execution; no matched-hardware comparison with current calibration times
selector_g64__fitzhugh_nagumo__structural,selector_g64,fitzhugh_nagumo,structural,64,ood,64,64,True,neural:looped:iid,0.2018861335461318,0.11977719512693011,0.3314690116924896,0.44931740846102525,6,looped,iid,archived_neural_scores,,,,,,70.5195311139493,74.5652472206081,1.5983865247108042,34178,NVIDIA GeForce RTX 3090 Ti,historical execution; no matched-hardware comparison with current calibration times
selector_g64__fitzhugh_nagumo__structural,selector_g64,fitzhugh_nagumo,structural,64,ood,64,64,True,neural:looped:none,0.1579916722288607,0.10687490063027383,0.22056727640501012,0.3974816627579953,6,looped,none,archived_neural_scores,,,,,,39.48239777221655,39.52293698869956,1.5727525460533798,34178,NVIDIA GeForce RTX 3090 Ti,historical execution; no matched-hardware comparison with current calibration times
selector_g64__fitzhugh_nagumo__structural,selector_g64,fitzhugh_nagumo,structural,64,ood,64,64,True,neural:looped:response_matched,0.18846859251929496,0.0957385123911907,0.3080603084802257,0.43412969550503566,6,looped,response_matched,archived_neural_scores,,,,,,70.26976250220712,74.31503310807359,1.588661305140704,34178,NVIDIA GeForce RTX 3090 Ti,historical execution; no matched-hardware comparison with current calibration times
selector_g64__fitzhugh_nagumo__structural,selector_g64,fitzhugh_nagumo,structural,64,ood,64,64,True,neural:looped:smooth,0.14185908755365695,0.07981286859399049,0.23924208770866548,0.37664185581750864,6,looped,smooth,archived_neural_scores,,,,,,70.28414338439082,74.32967905203502,1.576780527830124,34178,NVIDIA GeForce RTX 3090 Ti,historical execution; no matched-hardware comparison with current calibration times
selector_g64__fitzhugh_nagumo__structural,selector_g64,fitzhugh_nagumo,structural,64,ood,64,64,True,neural:transformer:iid,0.18298553625029848,0.13774821228350925,0.2417857288412456,0.427768086993757,6,transformer,iid,archived_neural_scores,,,,,,73.94770122040063,77.99713560768093,1.6004510573111475,101122,NVIDIA GeForce RTX 3090 Ti,historical execution; no matched-hardware comparison with current calibration times
selector_g64__fitzhugh_nagumo__structural,selector_g64,fitzhugh_nagumo,structural,64,ood,64,64,True,neural:transformer:none,0.20867860391615048,0.17409336665468944,0.2473112426901453,0.4568135329827155,6,transformer,none,archived_neural_scores,,,,,,43.38119576537671,43.42488803124676,1.5783602953888476,101122,NVIDIA GeForce RTX 3090 Ti,historical execution; no matched-hardware comparison with current calibration times
selector_g64__fitzhugh_nagumo__structural,selector_g64,fitzhugh_nagumo,structural,64,ood,64,64,True,neural:transformer:response_matched,0.21014186830801349,0.15382781897685385,0.27324557408753636,0.4584123343759562,6,transformer,response_matched,archived_neural_scores,,,,,,73.70224163813207,77.75130772970927,1.5825664973817766,101122,NVIDIA GeForce RTX 3090 Ti,historical execution; no matched-hardware comparison with current calibration times
selector_g64__fitzhugh_nagumo__structural,selector_g64,fitzhugh_nagumo,structural,64,ood,64,64,True,neural:transformer:smooth,0.18823855040439183,0.14680477039517523,0.23984451526456713,0.4338646683061342,6,transformer,smooth,archived_neural_scores,,,,,,73.6674218963987,77.71760401246138,1.5838900348171592,101122,NVIDIA GeForce RTX 3090 Ti,historical execution; no matched-hardware comparison with current calibration times
selector_g64__fitzhugh_nagumo__structural,selector_g64,fitzhugh_nagumo,structural,64,ood,64,64,True,validation_best_neural,0.007766451672739029,0.004103451829984611,0.01231720851094767,0.08812747399499789,6,validation_best_neural,,frozen_validation_selection,,,,,,,,,,,
selector_g64__fitzhugh_nagumo__structural,selector_g64,fitzhugh_nagumo,structural,64,ood,64,64,True,validation_selected_route,0.007766451672739029,0.004103451829984611,0.01231720851094767,0.08812747399499789,6,validation_selected_route,,frozen_validation_selection,,,,,,,,,,,
selector_g64__fitzhugh_nagumo__structural,selector_g64,fitzhugh_nagumo,structural,64,ood,96,64,False,calibrated,3.8848665306238814,3.4568587052482505,4.311259718174192,1.9710064765555393,0,physics_calibrated,,new_frozen_physics_evaluation,0,0,0,3.8848665306238814,1.8910651779988257,,,,,,
selector_g64__fitzhugh_nagumo__structural,selector_g64,fitzhugh_nagumo,structural,64,ood,96,64,False,uncalibrated,4.212885004261977,3.7986767406956834,4.630457160640147,2.052531364988603,0,physics_uncalibrated,,new_frozen_physics_evaluation,0,0,0,4.212885004261977,0.0,,,,,,
selector_g64__fitzhugh_nagumo__structural,selector_g64,fitzhugh_nagumo,structural,64,ood,96,64,False,persistence,2.3281262803339757,2.1886825261466045,2.4670344927892027,1.52581987152284,0,persistence,,new_frozen_physics_evaluation,0,0,0,2.3281262803339757,0.0,,,,,,
selector_g64__fitzhugh_nagumo__structural,selector_g64,fitzhugh_nagumo,structural,64,ood,96,64,False,neural:fno:iid,28501.92271573775,0.051796797355473295,73081.587963676,168.8251246578475,6,fno,iid,archived_neural_scores,,,,,,42.62860825487102,46.669378522085026,1.257695269305259,210306,NVIDIA GeForce RTX 3090 Ti,historical execution; no matched-hardware comparison with current calibration times
selector_g64__fitzhugh_nagumo__structural,selector_g64,fitzhugh_nagumo,structural,64,ood,96,64,False,neural:fno:none,0.005982852912417483,0.00341013693406004,0.009212386619099806,0.07734890375705064,6,fno,none,archived_neural_scores,,,,,,25.025310362689197,25.06008428676675,1.2566522578708827,210306,NVIDIA GeForce RTX 3090 Ti,historical execution; no matched-hardware comparison with current calibration times
selector_g64__fitzhugh_nagumo__structural,selector_g64,fitzhugh_nagumo,structural,64,ood,96,64,False,neural:fno:response_matched,4995.491752725736,0.029710361716288932,16209.83250914171,70.67879280750157,6,fno,response_matched,archived_neural_scores,,,,,,42.81354041257873,46.853483994180955,1.258235250134021,210306,NVIDIA GeForce RTX 3090 Ti,historical execution; no matched-hardware comparison with current calibration times
selector_g64__fitzhugh_nagumo__structural,selector_g64,fitzhugh_nagumo,structural,64,ood,96,64,False,neural:fno:smooth,0.019676111553013305,0.012562744979972668,0.029021096536113573,0.14027156359367107,6,fno,smooth,archived_neural_scores,,,,,,42.65954149413543,46.69918141219144,1.2568870442919433,210306,NVIDIA GeForce RTX 3090 Ti,historical execution; no matched-hardware comparison with current calibration times
selector_g64__fitzhugh_nagumo__structural,selector_g64,fitzhugh_nagumo,structural,64,ood,96,64,False,neural:looped:iid,0.17399853718547612,0.10165225625752872,0.29047233241527115,0.41713131887389626,6,looped,iid,archived_neural_scores,,,,,,70.5195311139493,74.5652472206081,1.5983865247108042,34178,NVIDIA GeForce RTX 3090 Ti,historical execution; no matched-hardware comparison with current calibration times
selector_g64__fitzhugh_nagumo__structural,selector_g64,fitzhugh_nagumo,structural,64,ood,96,64,False,neural:looped:none,0.13678372657473284,0.08693434497582889,0.19516710581948638,0.3698428403724112,6,looped,none,archived_neural_scores,,,,,,39.48239777221655,39.52293698869956,1.5727525460533798,34178,NVIDIA GeForce RTX 3090 Ti,historical execution; no matched-hardware comparison with current calibration times
selector_g64__fitzhugh_nagumo__structural,selector_g64,fitzhugh_nagumo,structural,64,ood,96,64,False,neural:looped:response_matched,0.1642124920213443,0.09212943123037773,0.2650111239919876,0.4052314055220107,6,looped,response_matched,archived_neural_scores,,,,,,70.26976250220712,74.31503310807359,1.588661305140704,34178,NVIDIA GeForce RTX 3090 Ti,historical execution; no matched-hardware comparison with current calibration times
selector_g64__fitzhugh_nagumo__structural,selector_g64,fitzhugh_nagumo,structural,64,ood,96,64,False,neural:looped:smooth,0.1452195070667774,0.07494117870252238,0.2532394738183461,0.3810767731924597,6,looped,smooth,archived_neural_scores,,,,,,70.28414338439082,74.32967905203502,1.576780527830124,34178,NVIDIA GeForce RTX 3090 Ti,historical execution; no matched-hardware comparison with current calibration times
selector_g64__fitzhugh_nagumo__structural,selector_g64,fitzhugh_nagumo,structural,64,ood,96,64,False,neural:transformer:iid,0.16010260339382001,0.12257011565438965,0.2079505247844542,0.4001282336874268,6,transformer,iid,archived_neural_scores,,,,,,73.94770122040063,77.99713560768093,1.6004510573111475,101122,NVIDIA GeForce RTX 3090 Ti,historical execution; no matched-hardware comparison with current calibration times
selector_g64__fitzhugh_nagumo__structural,selector_g64,fitzhugh_nagumo,structural,64,ood,96,64,False,neural:transformer:none,0.18401919751321494,0.14634605679655024,0.22503192795624316,0.4289745884236209,6,transformer,none,archived_neural_scores,,,,,,43.38119576537671,43.42488803124676,1.5783602953888476,101122,NVIDIA GeForce RTX 3090 Ti,historical execution; no matched-hardware comparison with current calibration times
selector_g64__fitzhugh_nagumo__structural,selector_g64,fitzhugh_nagumo,structural,64,ood,96,64,False,neural:transformer:response_matched,0.17612466803033813,0.13383617174523968,0.22387974899188245,0.41967209584428905,6,transformer,response_matched,archived_neural_scores,,,,,,73.70224163813207,77.75130772970927,1.5825664973817766,101122,NVIDIA GeForce RTX 3090 Ti,historical execution; no matched-hardware comparison with current calibration times
selector_g64__fitzhugh_nagumo__structural,selector_g64,fitzhugh_nagumo,structural,64,ood,96,64,False,neural:transformer:smooth,0.20442661948671179,0.1477851010749261,0.27098632391339583,0.4521356206789195,6,transformer,smooth,archived_neural_scores,,,,,,73.6674218963987,77.71760401246138,1.5838900348171592,101122,NVIDIA GeForce RTX 3090 Ti,historical execution; no matched-hardware comparison with current calibration times
selector_g64__fitzhugh_nagumo__structural,selector_g64,fitzhugh_nagumo,structural,64,ood,96,64,False,validation_best_neural,0.005982852912417483,0.00341013693406004,0.009212386619099806,0.07734890375705064,6,validation_best_neural,,frozen_validation_selection,,,,,,,,,,,
selector_g64__fitzhugh_nagumo__structural,selector_g64,fitzhugh_nagumo,structural,64,ood,96,64,False,validation_selected_route,0.005982852912417483,0.00341013693406004,0.009212386619099806,0.07734890375705064,6,validation_selected_route,,frozen_validation_selection,,,,,,,,,,,
