job_id,stage,family,prior,grid,split,horizon,n_trajectories,primary_horizon,candidate,baseline,candidate_mean_nmse,baseline_mean_nmse,difference_nmse_baseline_minus_candidate,difference_ci95_low,difference_ci95_high,mse_reduction_percent,reduction_ci95_low,reduction_ci95_high,undefined_ratio_draws,label,interpretation,inference_scope
development__advection_diffusion__coefficient,development,advection_diffusion,coefficient,32,test,64,64,True,calibrated,uncalibrated,3.5301689859694726e-12,0.5313236820958451,0.531323682092315,0.42399654199057574,0.6370455652447139,99.99999999933559,99.99999999920962,99.99999999945064,0,GREEN,candidate has lower error; pointwise interval is above zero,exploratory pointwise 95% paired bootstrap; no multiplicity adjustment; no minimum effect requirement
development__advection_diffusion__coefficient,development,advection_diffusion,coefficient,32,test,64,64,True,calibrated,validation_best_neural,3.5301689859694726e-12,0.0003369979012111661,0.0003369978976809971,0.0002513090624264449,0.0004463871431044133,99.99999895246559,99.99999854330648,99.9999992396098,0,GREEN,candidate has lower error; pointwise interval is above zero,exploratory pointwise 95% paired bootstrap; no multiplicity adjustment; no minimum effect requirement
development__advection_diffusion__coefficient,development,advection_diffusion,coefficient,32,test,64,64,True,validation_selected_route,validation_best_neural,3.5301689859694726e-12,0.0003369979012111661,0.0003369978976809971,0.0002513090624264449,0.0004463871431044133,99.99999895246559,99.99999854330648,99.9999992396098,0,GREEN,candidate has lower error; pointwise interval is above zero,exploratory pointwise 95% paired bootstrap; no multiplicity adjustment; no minimum effect requirement
development__advection_diffusion__coefficient,development,advection_diffusion,coefficient,32,test,64,64,True,validation_selected_route,calibrated,3.5301689859694726e-12,3.5301689859694726e-12,0.0,0.0,0.0,0.0,0.0,0.0,0,BLUE,the compared trajectory scores are identical,exploratory pointwise 95% paired bootstrap; no multiplicity adjustment; no minimum effect requirement
development__advection_diffusion__coefficient,development,advection_diffusion,coefficient,32,test,96,64,False,calibrated,uncalibrated,5.904761124412951e-12,0.744788770889888,0.7447887708839833,0.6024998946649792,0.8867474985874025,99.9999999992072,99.99999999905333,99.999999999344,0,GREEN,candidate has lower error; pointwise interval is above zero,exploratory pointwise 95% paired bootstrap; no multiplicity adjustment; no minimum effect requirement
development__advection_diffusion__coefficient,development,advection_diffusion,coefficient,32,test,96,64,False,calibrated,validation_best_neural,5.904761124412951e-12,0.0004868690648330344,0.0004868690589282733,0.00034241151208127526,0.0006813384072872931,99.99999878719731,99.99999820617217,99.99999916451759,0,GREEN,candidate has lower error; pointwise interval is above zero,exploratory pointwise 95% paired bootstrap; no multiplicity adjustment; no minimum effect requirement
development__advection_diffusion__coefficient,development,advection_diffusion,coefficient,32,test,96,64,False,validation_selected_route,validation_best_neural,5.904761124412951e-12,0.0004868690648330344,0.0004868690589282733,0.00034241151208127526,0.0006813384072872931,99.99999878719731,99.99999820617217,99.99999916451759,0,GREEN,candidate has lower error; pointwise interval is above zero,exploratory pointwise 95% paired bootstrap; no multiplicity adjustment; no minimum effect requirement
development__advection_diffusion__coefficient,development,advection_diffusion,coefficient,32,test,96,64,False,validation_selected_route,calibrated,5.904761124412951e-12,5.904761124412951e-12,0.0,0.0,0.0,0.0,0.0,0.0,0,BLUE,the compared trajectory scores are identical,exploratory pointwise 95% paired bootstrap; no multiplicity adjustment; no minimum effect requirement
development__advection_diffusion__coefficient,development,advection_diffusion,coefficient,32,ood,64,64,True,calibrated,uncalibrated,2.6173987332513946e-12,0.5686824071126146,0.5686824071099973,0.4617014798773125,0.6838158744314681,99.99999999953975,99.99999999944947,99.99999999962317,0,GREEN,candidate has lower error; pointwise interval is above zero,exploratory pointwise 95% paired bootstrap; no multiplicity adjustment; no minimum effect requirement
development__advection_diffusion__coefficient,development,advection_diffusion,coefficient,32,ood,64,64,True,calibrated,validation_best_neural,2.6173987332513946e-12,0.04972419711119871,0.04972419710858131,0.02785119194436231,0.0733411808703014,99.99999999473617,99.99999999030985,99.99999999662022,0,GREEN,candidate has lower error; pointwise interval is above zero,exploratory pointwise 95% paired bootstrap; no multiplicity adjustment; no minimum effect requirement
development__advection_diffusion__coefficient,development,advection_diffusion,coefficient,32,ood,64,64,True,validation_selected_route,validation_best_neural,2.6173987332513946e-12,0.04972419711119871,0.04972419710858131,0.02785119194436231,0.0733411808703014,99.99999999473617,99.99999999030985,99.99999999662022,0,GREEN,candidate has lower error; pointwise interval is above zero,exploratory pointwise 95% paired bootstrap; no multiplicity adjustment; no minimum effect requirement
development__advection_diffusion__coefficient,development,advection_diffusion,coefficient,32,ood,64,64,True,validation_selected_route,calibrated,2.6173987332513946e-12,2.6173987332513946e-12,0.0,0.0,0.0,0.0,0.0,0.0,0,BLUE,the compared trajectory scores are identical,exploratory pointwise 95% paired bootstrap; no multiplicity adjustment; no minimum effect requirement
development__advection_diffusion__coefficient,development,advection_diffusion,coefficient,32,ood,96,64,False,calibrated,uncalibrated,4.070228281396189e-12,0.7019233587782001,0.7019233587741299,0.5703811125707628,0.8487038328819446,99.99999999942013,99.99999999930372,99.99999999952408,0,GREEN,candidate has lower error; pointwise interval is above zero,exploratory pointwise 95% paired bootstrap; no multiplicity adjustment; no minimum effect requirement
development__advection_diffusion__coefficient,development,advection_diffusion,coefficient,32,ood,96,64,False,calibrated,validation_best_neural,4.070228281396189e-12,0.07315159807895903,0.0731515980748888,0.041136415134427035,0.10711383230117079,99.9999999944359,99.99999999003597,99.99999999631234,0,GREEN,candidate has lower error; pointwise interval is above zero,exploratory pointwise 95% paired bootstrap; no multiplicity adjustment; no minimum effect requirement
development__advection_diffusion__coefficient,development,advection_diffusion,coefficient,32,ood,96,64,False,validation_selected_route,validation_best_neural,4.070228281396189e-12,0.07315159807895903,0.0731515980748888,0.041136415134427035,0.10711383230117079,99.9999999944359,99.99999999003597,99.99999999631234,0,GREEN,candidate has lower error; pointwise interval is above zero,exploratory pointwise 95% paired bootstrap; no multiplicity adjustment; no minimum effect requirement
development__advection_diffusion__coefficient,development,advection_diffusion,coefficient,32,ood,96,64,False,validation_selected_route,calibrated,4.070228281396189e-12,4.070228281396189e-12,0.0,0.0,0.0,0.0,0.0,0.0,0,BLUE,the compared trajectory scores are identical,exploratory pointwise 95% paired bootstrap; no multiplicity adjustment; no minimum effect requirement
development__advection_diffusion__correct,development,advection_diffusion,correct,32,test,64,64,True,calibrated,uncalibrated,3.0629281019194087e-12,3.0629281019194087e-12,0.0,0.0,0.0,0.0,0.0,0.0,0,BLUE,the compared trajectory scores are identical,exploratory pointwise 95% paired bootstrap; no multiplicity adjustment; no minimum effect requirement
development__advection_diffusion__correct,development,advection_diffusion,correct,32,test,64,64,True,calibrated,validation_best_neural,3.0629281019194087e-12,0.00012019822972282196,0.00012019822665989386,9.074787592286959e-05,0.00015936439540471556,99.99999745176937,99.99999657607185,99.99999812295192,0,GREEN,candidate has lower error; pointwise interval is above zero,exploratory pointwise 95% paired bootstrap; no multiplicity adjustment; no minimum effect requirement
development__advection_diffusion__correct,development,advection_diffusion,correct,32,test,64,64,True,validation_selected_route,validation_best_neural,3.0629281019194087e-12,0.00012019822972282196,0.00012019822665989386,9.074787592286959e-05,0.00015936439540471556,99.99999745176937,99.99999657607185,99.99999812295192,0,GREEN,candidate has lower error; pointwise interval is above zero,exploratory pointwise 95% paired bootstrap; no multiplicity adjustment; no minimum effect requirement
development__advection_diffusion__correct,development,advection_diffusion,correct,32,test,64,64,True,validation_selected_route,calibrated,3.0629281019194087e-12,3.0629281019194087e-12,0.0,0.0,0.0,0.0,0.0,0.0,0,BLUE,the compared trajectory scores are identical,exploratory pointwise 95% paired bootstrap; no multiplicity adjustment; no minimum effect requirement
development__advection_diffusion__correct,development,advection_diffusion,correct,32,test,96,64,False,calibrated,uncalibrated,5.086514745198562e-12,5.086514745198562e-12,0.0,0.0,0.0,0.0,0.0,0.0,0,BLUE,the compared trajectory scores are identical,exploratory pointwise 95% paired bootstrap; no multiplicity adjustment; no minimum effect requirement
development__advection_diffusion__correct,development,advection_diffusion,correct,32,test,96,64,False,calibrated,validation_best_neural,5.086514745198562e-12,0.00016886941510165456,0.00016886941001513983,0.00012868799040892734,0.00021845624856907104,99.99999698790054,99.9999959729126,99.999997746584,0,GREEN,candidate has lower error; pointwise interval is above zero,exploratory pointwise 95% paired bootstrap; no multiplicity adjustment; no minimum effect requirement
development__advection_diffusion__correct,development,advection_diffusion,correct,32,test,96,64,False,validation_selected_route,validation_best_neural,5.086514745198561e-12,0.00016886941510165456,0.00016886941001513983,0.00012868799040892734,0.00021845624856907104,99.99999698790054,99.9999959729126,99.999997746584,0,GREEN,candidate has lower error; pointwise interval is above zero,exploratory pointwise 95% paired bootstrap; no multiplicity adjustment; no minimum effect requirement
development__advection_diffusion__correct,development,advection_diffusion,correct,32,test,96,64,False,validation_selected_route,calibrated,5.086514745198561e-12,5.086514745198562e-12,0.0,0.0,0.0,0.0,0.0,0.0,0,BLUE,the compared trajectory scores are identical,exploratory pointwise 95% paired bootstrap; no multiplicity adjustment; no minimum effect requirement
development__advection_diffusion__correct,development,advection_diffusion,correct,32,ood,64,64,True,calibrated,uncalibrated,2.1598008408486055e-12,2.1598008408486055e-12,0.0,0.0,0.0,0.0,0.0,0.0,0,BLUE,the compared trajectory scores are identical,exploratory pointwise 95% paired bootstrap; no multiplicity adjustment; no minimum effect requirement
development__advection_diffusion__correct,development,advection_diffusion,correct,32,ood,64,64,True,calibrated,validation_best_neural,2.1598008408486055e-12,0.036540852716647566,0.036540852714487766,0.025097442432595964,0.05002413321580324,99.99999999408935,99.99999999074389,99.99999999604839,0,GREEN,candidate has lower error; pointwise interval is above zero,exploratory pointwise 95% paired bootstrap; no multiplicity adjustment; no minimum effect requirement
development__advection_diffusion__correct,development,advection_diffusion,correct,32,ood,64,64,True,validation_selected_route,validation_best_neural,2.1598008408486055e-12,0.036540852716647566,0.036540852714487766,0.025097442432595964,0.05002413321580324,99.99999999408935,99.99999999074389,99.99999999604839,0,GREEN,candidate has lower error; pointwise interval is above zero,exploratory pointwise 95% paired bootstrap; no multiplicity adjustment; no minimum effect requirement
development__advection_diffusion__correct,development,advection_diffusion,correct,32,ood,64,64,True,validation_selected_route,calibrated,2.1598008408486055e-12,2.1598008408486055e-12,0.0,0.0,0.0,0.0,0.0,0.0,0,BLUE,the compared trajectory scores are identical,exploratory pointwise 95% paired bootstrap; no multiplicity adjustment; no minimum effect requirement
development__advection_diffusion__correct,development,advection_diffusion,correct,32,ood,96,64,False,calibrated,uncalibrated,3.2760481783379498e-12,3.2760481783379498e-12,0.0,0.0,0.0,0.0,0.0,0.0,0,BLUE,the compared trajectory scores are identical,exploratory pointwise 95% paired bootstrap; no multiplicity adjustment; no minimum effect requirement
development__advection_diffusion__correct,development,advection_diffusion,correct,32,ood,96,64,False,calibrated,validation_best_neural,3.2760481783379498e-12,0.05644289667908523,0.056442896675809186,0.03871911696430963,0.07764803318647924,99.99999999419582,99.99999999114026,99.999999996005,0,GREEN,candidate has lower error; pointwise interval is above zero,exploratory pointwise 95% paired bootstrap; no multiplicity adjustment; no minimum effect requirement
development__advection_diffusion__correct,development,advection_diffusion,correct,32,ood,96,64,False,validation_selected_route,validation_best_neural,3.2760481783379498e-12,0.05644289667908523,0.056442896675809186,0.03871911696430963,0.07764803318647924,99.99999999419582,99.99999999114026,99.999999996005,0,GREEN,candidate has lower error; pointwise interval is above zero,exploratory pointwise 95% paired bootstrap; no multiplicity adjustment; no minimum effect requirement
development__advection_diffusion__correct,development,advection_diffusion,correct,32,ood,96,64,False,validation_selected_route,calibrated,3.2760481783379498e-12,3.2760481783379498e-12,0.0,0.0,0.0,0.0,0.0,0.0,0,BLUE,the compared trajectory scores are identical,exploratory pointwise 95% paired bootstrap; no multiplicity adjustment; no minimum effect requirement
development__allen_cahn__coefficient,development,allen_cahn,coefficient,32,test,64,64,True,calibrated,uncalibrated,4.0747945426496945e-12,0.004758940167708836,0.004758940163634042,0.003859532201089245,0.006044006971384123,99.999999914376,99.9999998790395,99.99999994059624,0,GREEN,candidate has lower error; pointwise interval is above zero,exploratory pointwise 95% paired bootstrap; no multiplicity adjustment; no minimum effect requirement
development__allen_cahn__coefficient,development,allen_cahn,coefficient,32,test,64,64,True,calibrated,validation_best_neural,4.0747945426496945e-12,0.00026575334203924353,0.000265753337964449,0.0001443516349543819,0.000474876320687115,99.99999846670055,99.99999767146102,99.99999912031427,0,GREEN,candidate has lower error; pointwise interval is above zero,exploratory pointwise 95% paired bootstrap; no multiplicity adjustment; no minimum effect requirement
development__allen_cahn__coefficient,development,allen_cahn,coefficient,32,test,64,64,True,validation_selected_route,validation_best_neural,4.0747945426496945e-12,0.00026575334203924353,0.000265753337964449,0.0001443516349543819,0.000474876320687115,99.99999846670055,99.99999767146102,99.99999912031427,0,GREEN,candidate has lower error; pointwise interval is above zero,exploratory pointwise 95% paired bootstrap; no multiplicity adjustment; no minimum effect requirement
development__allen_cahn__coefficient,development,allen_cahn,coefficient,32,test,64,64,True,validation_selected_route,calibrated,4.0747945426496945e-12,4.0747945426496945e-12,0.0,0.0,0.0,0.0,0.0,0.0,0,BLUE,the compared trajectory scores are identical,exploratory pointwise 95% paired bootstrap; no multiplicity adjustment; no minimum effect requirement
development__allen_cahn__coefficient,development,allen_cahn,coefficient,32,test,96,64,False,calibrated,uncalibrated,4.861320051196148e-12,0.005153586947076979,0.00515358694221566,0.004215193246143173,0.006549587570103721,99.99999990567115,99.99999986895638,99.9999999337305,0,GREEN,candidate has lower error; pointwise interval is above zero,exploratory pointwise 95% paired bootstrap; no multiplicity adjustment; no minimum effect requirement
development__allen_cahn__coefficient,development,allen_cahn,coefficient,32,test,96,64,False,calibrated,validation_best_neural,4.861320051196148e-12,0.00036587697404830214,0.0003658769691869821,0.0002268315721234064,0.0005915086829123007,99.99999867132387,99.99999799070861,99.99999920851607,0,GREEN,candidate has lower error; pointwise interval is above zero,exploratory pointwise 95% paired bootstrap; no multiplicity adjustment; no minimum effect requirement
development__allen_cahn__coefficient,development,allen_cahn,coefficient,32,test,96,64,False,validation_selected_route,validation_best_neural,4.861320051196147e-12,0.00036587697404830214,0.0003658769691869821,0.0002268315721234064,0.0005915086829123007,99.99999867132387,99.99999799070861,99.99999920851607,0,GREEN,candidate has lower error; pointwise interval is above zero,exploratory pointwise 95% paired bootstrap; no multiplicity adjustment; no minimum effect requirement
development__allen_cahn__coefficient,development,allen_cahn,coefficient,32,test,96,64,False,validation_selected_route,calibrated,4.861320051196147e-12,4.861320051196148e-12,0.0,0.0,0.0,0.0,0.0,0.0,0,BLUE,the compared trajectory scores are identical,exploratory pointwise 95% paired bootstrap; no multiplicity adjustment; no minimum effect requirement
development__allen_cahn__coefficient,development,allen_cahn,coefficient,32,ood,64,64,True,calibrated,uncalibrated,1.6531219572223753e-11,0.004515158545309816,0.0045151585287785964,0.0038818337794318896,0.005684429721751693,99.99999963387289,99.99999955670464,99.99999971100752,0,GREEN,candidate has lower error; pointwise interval is above zero,exploratory pointwise 95% paired bootstrap; no multiplicity adjustment; no minimum effect requirement
development__allen_cahn__coefficient,development,allen_cahn,coefficient,32,ood,64,64,True,calibrated,validation_best_neural,1.6531219572223753e-11,0.0026368117788262563,0.0026368117622950367,0.0016175875169120429,0.003840186120278014,99.9999993730603,99.99999897691954,99.99999957045529,0,GREEN,candidate has lower error; pointwise interval is above zero,exploratory pointwise 95% paired bootstrap; no multiplicity adjustment; no minimum effect requirement
development__allen_cahn__coefficient,development,allen_cahn,coefficient,32,ood,64,64,True,validation_selected_route,validation_best_neural,1.6531219572223753e-11,0.0026368117788262563,0.0026368117622950367,0.0016175875169120429,0.003840186120278014,99.9999993730603,99.99999897691954,99.99999957045529,0,GREEN,candidate has lower error; pointwise interval is above zero,exploratory pointwise 95% paired bootstrap; no multiplicity adjustment; no minimum effect requirement
development__allen_cahn__coefficient,development,allen_cahn,coefficient,32,ood,64,64,True,validation_selected_route,calibrated,1.6531219572223753e-11,1.6531219572223753e-11,0.0,0.0,0.0,0.0,0.0,0.0,0,BLUE,the compared trajectory scores are identical,exploratory pointwise 95% paired bootstrap; no multiplicity adjustment; no minimum effect requirement
development__allen_cahn__coefficient,development,allen_cahn,coefficient,32,ood,96,64,False,calibrated,uncalibrated,1.845636428327467e-11,0.0047891766696513596,0.0047891766511949955,0.004256588777329649,0.005726405747887058,99.99999961462345,99.99999954662556,99.99999968236321,0,GREEN,candidate has lower error; pointwise interval is above zero,exploratory pointwise 95% paired bootstrap; no multiplicity adjustment; no minimum effect requirement
development__allen_cahn__coefficient,development,allen_cahn,coefficient,32,ood,96,64,False,calibrated,validation_best_neural,1.845636428327467e-11,0.005213317233047209,0.005213317214590845,0.0030786569104640695,0.007684231594988194,99.99999964597659,99.999999402664,99.99999975984093,0,GREEN,candidate has lower error; pointwise interval is above zero,exploratory pointwise 95% paired bootstrap; no multiplicity adjustment; no minimum effect requirement
development__allen_cahn__coefficient,development,allen_cahn,coefficient,32,ood,96,64,False,validation_selected_route,validation_best_neural,1.845636428327467e-11,0.005213317233047209,0.005213317214590845,0.0030786569104640695,0.007684231594988194,99.99999964597659,99.999999402664,99.99999975984093,0,GREEN,candidate has lower error; pointwise interval is above zero,exploratory pointwise 95% paired bootstrap; no multiplicity adjustment; no minimum effect requirement
development__allen_cahn__coefficient,development,allen_cahn,coefficient,32,ood,96,64,False,validation_selected_route,calibrated,1.845636428327467e-11,1.845636428327467e-11,0.0,0.0,0.0,0.0,0.0,0.0,0,BLUE,the compared trajectory scores are identical,exploratory pointwise 95% paired bootstrap; no multiplicity adjustment; no minimum effect requirement
development__allen_cahn__correct,development,allen_cahn,correct,32,test,64,64,True,calibrated,uncalibrated,3.914342203487285e-12,1.9568591795959958e-12,-1.9574830238912896e-12,-4.3873662357150775e-12,-4.790227702329079e-13,-100.03187987678412,-222.45579749726733,-24.656231742797967,0,RED,candidate has higher error; pointwise interval is below zero,exploratory pointwise 95% paired bootstrap; no multiplicity adjustment; no minimum effect requirement
development__allen_cahn__correct,development,allen_cahn,correct,32,test,64,64,True,calibrated,validation_best_neural,3.914342203487285e-12,0.00023640378065797104,0.00023640377674362883,9.964341062663446e-05,0.00048596449441724236,99.99999834421335,99.99999633249448,99.99999914499938,0,GREEN,candidate has lower error; pointwise interval is above zero,exploratory pointwise 95% paired bootstrap; no multiplicity adjustment; no minimum effect requirement
development__allen_cahn__correct,development,allen_cahn,correct,32,test,64,64,True,validation_selected_route,validation_best_neural,3.914342203487285e-12,0.00023640378065797104,0.00023640377674362883,9.964341062663446e-05,0.00048596449441724236,99.99999834421335,99.99999633249448,99.99999914499938,0,GREEN,candidate has lower error; pointwise interval is above zero,exploratory pointwise 95% paired bootstrap; no multiplicity adjustment; no minimum effect requirement
development__allen_cahn__correct,development,allen_cahn,correct,32,test,64,64,True,validation_selected_route,calibrated,3.914342203487285e-12,3.914342203487285e-12,0.0,0.0,0.0,0.0,0.0,0.0,0,BLUE,the compared trajectory scores are identical,exploratory pointwise 95% paired bootstrap; no multiplicity adjustment; no minimum effect requirement
development__allen_cahn__correct,development,allen_cahn,correct,32,test,96,64,False,calibrated,uncalibrated,4.684122655147794e-12,2.2202042954016277e-12,-2.4639183597461664e-12,-4.9266586870111605e-12,-8.691806312020379e-13,-110.97710083929243,-216.86541134107844,-39.302480218645556,0,RED,candidate has higher error; pointwise interval is below zero,exploratory pointwise 95% paired bootstrap; no multiplicity adjustment; no minimum effect requirement
development__allen_cahn__correct,development,allen_cahn,correct,32,test,96,64,False,calibrated,validation_best_neural,4.684122655147794e-12,0.00032433239470986574,0.0003243323900257431,0.0001567376056034931,0.0006065568231710576,99.99999855576478,99.99999709399326,99.99999921257844,0,GREEN,candidate has lower error; pointwise interval is above zero,exploratory pointwise 95% paired bootstrap; no multiplicity adjustment; no minimum effect requirement
development__allen_cahn__correct,development,allen_cahn,correct,32,test,96,64,False,validation_selected_route,validation_best_neural,4.684122655147794e-12,0.00032433239470986574,0.0003243323900257431,0.0001567376056034931,0.0006065568231710576,99.99999855576478,99.99999709399326,99.99999921257844,0,GREEN,candidate has lower error; pointwise interval is above zero,exploratory pointwise 95% paired bootstrap; no multiplicity adjustment; no minimum effect requirement
development__allen_cahn__correct,development,allen_cahn,correct,32,test,96,64,False,validation_selected_route,calibrated,4.684122655147794e-12,4.684122655147794e-12,0.0,0.0,0.0,0.0,0.0,0.0,0,BLUE,the compared trajectory scores are identical,exploratory pointwise 95% paired bootstrap; no multiplicity adjustment; no minimum effect requirement
development__allen_cahn__correct,development,allen_cahn,correct,32,ood,64,64,True,calibrated,uncalibrated,1.7105847863381803e-11,1.48348427226717e-11,-2.271005140710105e-12,-4.100145634714317e-12,-7.833860437441857e-13,-15.308589266264265,-28.89574620742754,-4.908538630528171,0,RED,candidate has higher error; pointwise interval is below zero,exploratory pointwise 95% paired bootstrap; no multiplicity adjustment; no minimum effect requirement
development__allen_cahn__correct,development,allen_cahn,correct,32,ood,64,64,True,calibrated,validation_best_neural,1.7105847863381803e-11,0.003438385973723479,0.003438385956617631,0.0017932782222088517,0.005299973874056707,99.99999950250356,99.99999905894897,99.99999967678627,0,GREEN,candidate has lower error; pointwise interval is above zero,exploratory pointwise 95% paired bootstrap; no multiplicity adjustment; no minimum effect requirement
development__allen_cahn__correct,development,allen_cahn,correct,32,ood,64,64,True,validation_selected_route,validation_best_neural,1.7105847863381803e-11,0.003438385973723479,0.003438385956617631,0.0017932782222088517,0.005299973874056707,99.99999950250356,99.99999905894897,99.99999967678627,0,GREEN,candidate has lower error; pointwise interval is above zero,exploratory pointwise 95% paired bootstrap; no multiplicity adjustment; no minimum effect requirement
development__allen_cahn__correct,development,allen_cahn,correct,32,ood,64,64,True,validation_selected_route,calibrated,1.7105847863381803e-11,1.7105847863381803e-11,0.0,0.0,0.0,0.0,0.0,0.0,0,BLUE,the compared trajectory scores are identical,exploratory pointwise 95% paired bootstrap; no multiplicity adjustment; no minimum effect requirement
development__allen_cahn__correct,development,allen_cahn,correct,32,ood,96,64,False,calibrated,uncalibrated,1.9191455101830118e-11,1.46132662205788e-11,-4.578188881251318e-12,-7.239599507052716e-12,-2.404635482894625e-12,-31.32899115191775,-51.28802059780907,-15.664483440734278,0,RED,candidate has higher error; pointwise interval is below zero,exploratory pointwise 95% paired bootstrap; no multiplicity adjustment; no minimum effect requirement
development__allen_cahn__correct,development,allen_cahn,correct,32,ood,96,64,False,calibrated,validation_best_neural,1.9191455101830118e-11,0.007033406040735842,0.007033406021544387,0.00348103297962121,0.011079454404407104,99.99999972713854,99.99999944810428,99.9999998277765,0,GREEN,candidate has lower error; pointwise interval is above zero,exploratory pointwise 95% paired bootstrap; no multiplicity adjustment; no minimum effect requirement
development__allen_cahn__correct,development,allen_cahn,correct,32,ood,96,64,False,validation_selected_route,validation_best_neural,1.9191455101830118e-11,0.007033406040735842,0.007033406021544387,0.00348103297962121,0.011079454404407104,99.99999972713854,99.99999944810428,99.9999998277765,0,GREEN,candidate has lower error; pointwise interval is above zero,exploratory pointwise 95% paired bootstrap; no multiplicity adjustment; no minimum effect requirement
development__allen_cahn__correct,development,allen_cahn,correct,32,ood,96,64,False,validation_selected_route,calibrated,1.9191455101830118e-11,1.9191455101830118e-11,0.0,0.0,0.0,0.0,0.0,0.0,0,BLUE,the compared trajectory scores are identical,exploratory pointwise 95% paired bootstrap; no multiplicity adjustment; no minimum effect requirement
development__burgers__coefficient,development,burgers,coefficient,32,test,64,64,True,calibrated,uncalibrated,3.6164333757879106e-11,0.017123439811957963,0.017123439775793628,0.012601883881235263,0.022484985274241424,99.99999978880216,99.99999971991978,99.99999986611572,0,GREEN,candidate has lower error; pointwise interval is above zero,exploratory pointwise 95% paired bootstrap; no multiplicity adjustment; no minimum effect requirement
development__burgers__coefficient,development,burgers,coefficient,32,test,64,64,True,calibrated,validation_best_neural,3.6164333757879106e-11,0.000520603293800368,0.0005206032576360342,0.0003672522948960832,0.0007056221315596556,99.99999305337975,99.99998984144604,99.99999586971921,0,GREEN,candidate has lower error; pointwise interval is above zero,exploratory pointwise 95% paired bootstrap; no multiplicity adjustment; no minimum effect requirement
development__burgers__coefficient,development,burgers,coefficient,32,test,64,64,True,validation_selected_route,validation_best_neural,3.6164333757879106e-11,0.000520603293800368,0.0005206032576360342,0.0003672522948960832,0.0007056221315596556,99.99999305337975,99.99998984144604,99.99999586971921,0,GREEN,candidate has lower error; pointwise interval is above zero,exploratory pointwise 95% paired bootstrap; no multiplicity adjustment; no minimum effect requirement
development__burgers__coefficient,development,burgers,coefficient,32,test,64,64,True,validation_selected_route,calibrated,3.6164333757879106e-11,3.6164333757879106e-11,0.0,0.0,0.0,0.0,0.0,0.0,0,BLUE,the compared trajectory scores are identical,exploratory pointwise 95% paired bootstrap; no multiplicity adjustment; no minimum effect requirement
development__burgers__coefficient,development,burgers,coefficient,32,test,96,64,False,calibrated,uncalibrated,3.299953674641873e-11,0.017177100389785448,0.01717710035678591,0.013304729523332446,0.02193602086741212,99.99999980788645,99.99999975651738,99.99999986186096,0,GREEN,candidate has lower error; pointwise interval is above zero,exploratory pointwise 95% paired bootstrap; no multiplicity adjustment; no minimum effect requirement
development__burgers__coefficient,development,burgers,coefficient,32,test,96,64,False,calibrated,validation_best_neural,3.299953674641873e-11,0.0006680682956761939,0.0006680682626766572,0.0004767560026812065,0.0008854067640791302,99.99999506045462,99.99999275952425,99.99999685375532,0,GREEN,candidate has lower error; pointwise interval is above zero,exploratory pointwise 95% paired bootstrap; no multiplicity adjustment; no minimum effect requirement
development__burgers__coefficient,development,burgers,coefficient,32,test,96,64,False,validation_selected_route,validation_best_neural,3.299953674641873e-11,0.0006680682956761939,0.0006680682626766572,0.0004767560026812065,0.0008854067640791302,99.99999506045462,99.99999275952425,99.99999685375532,0,GREEN,candidate has lower error; pointwise interval is above zero,exploratory pointwise 95% paired bootstrap; no multiplicity adjustment; no minimum effect requirement
development__burgers__coefficient,development,burgers,coefficient,32,test,96,64,False,validation_selected_route,calibrated,3.299953674641873e-11,3.299953674641873e-11,0.0,0.0,0.0,0.0,0.0,0.0,0,BLUE,the compared trajectory scores are identical,exploratory pointwise 95% paired bootstrap; no multiplicity adjustment; no minimum effect requirement
development__burgers__coefficient,development,burgers,coefficient,32,ood,64,64,True,calibrated,uncalibrated,1.672070575860471e-11,0.010053786692552413,0.010053786675831707,0.008125752540148303,0.012286432386179267,99.99999983368747,99.99999976049689,99.99999988373598,0,GREEN,candidate has lower error; pointwise interval is above zero,exploratory pointwise 95% paired bootstrap; no multiplicity adjustment; no minimum effect requirement
development__burgers__coefficient,development,burgers,coefficient,32,ood,64,64,True,calibrated,validation_best_neural,1.672070575860471e-11,0.00876815077780651,0.008768150761085804,0.0042689710301535315,0.014117598446230508,99.9999998093018,99.99999958368511,99.99999990318068,0,GREEN,candidate has lower error; pointwise interval is above zero,exploratory pointwise 95% paired bootstrap; no multiplicity adjustment; no minimum effect requirement
development__burgers__coefficient,development,burgers,coefficient,32,ood,64,64,True,validation_selected_route,validation_best_neural,1.672070575860471e-11,0.00876815077780651,0.008768150761085804,0.0042689710301535315,0.014117598446230508,99.9999998093018,99.99999958368511,99.99999990318068,0,GREEN,candidate has lower error; pointwise interval is above zero,exploratory pointwise 95% paired bootstrap; no multiplicity adjustment; no minimum effect requirement
development__burgers__coefficient,development,burgers,coefficient,32,ood,64,64,True,validation_selected_route,calibrated,1.672070575860471e-11,1.672070575860471e-11,0.0,0.0,0.0,0.0,0.0,0.0,0,BLUE,the compared trajectory scores are identical,exploratory pointwise 95% paired bootstrap; no multiplicity adjustment; no minimum effect requirement
development__burgers__coefficient,development,burgers,coefficient,32,ood,96,64,False,calibrated,uncalibrated,1.924141109328658e-11,0.011435151169138402,0.011435151149896992,0.00970302942783914,0.01336047238587342,99.99999983173453,99.99999978640417,99.99999986521752,0,GREEN,candidate has lower error; pointwise interval is above zero,exploratory pointwise 95% paired bootstrap; no multiplicity adjustment; no minimum effect requirement
development__burgers__coefficient,development,burgers,coefficient,32,ood,96,64,False,calibrated,validation_best_neural,1.924141109328658e-11,0.014893559087715363,0.014893559068473953,0.006530824277861602,0.02459229255232733,99.99999987080717,99.99999969596121,99.99999992779925,0,GREEN,candidate has lower error; pointwise interval is above zero,exploratory pointwise 95% paired bootstrap; no multiplicity adjustment; no minimum effect requirement
development__burgers__coefficient,development,burgers,coefficient,32,ood,96,64,False,validation_selected_route,validation_best_neural,1.9241411093286583e-11,0.014893559087715363,0.014893559068473953,0.006530824277861602,0.02459229255232733,99.99999987080717,99.99999969596121,99.99999992779925,0,GREEN,candidate has lower error; pointwise interval is above zero,exploratory pointwise 95% paired bootstrap; no multiplicity adjustment; no minimum effect requirement
development__burgers__coefficient,development,burgers,coefficient,32,ood,96,64,False,validation_selected_route,calibrated,1.9241411093286583e-11,1.924141109328658e-11,0.0,0.0,0.0,0.0,0.0,0.0,0,BLUE,the compared trajectory scores are identical,exploratory pointwise 95% paired bootstrap; no multiplicity adjustment; no minimum effect requirement
development__burgers__correct,development,burgers,correct,32,test,64,64,True,calibrated,uncalibrated,2.5307297822072228e-11,2.5307297822072228e-11,0.0,0.0,0.0,0.0,0.0,0.0,0,BLUE,the compared trajectory scores are identical,exploratory pointwise 95% paired bootstrap; no multiplicity adjustment; no minimum effect requirement
development__burgers__correct,development,burgers,correct,32,test,64,64,True,calibrated,validation_best_neural,2.5307297822072228e-11,0.00020412086126827636,0.00020412083596097854,0.00012774685377302757,0.0003005652934753778,99.99998760180726,99.99997908479556,99.9999961708894,0,GREEN,candidate has lower error; pointwise interval is above zero,exploratory pointwise 95% paired bootstrap; no multiplicity adjustment; no minimum effect requirement
development__burgers__correct,development,burgers,correct,32,test,64,64,True,validation_selected_route,validation_best_neural,2.5307297822072228e-11,0.00020412086126827636,0.00020412083596097854,0.00012774685377302757,0.0003005652934753778,99.99998760180726,99.99997908479556,99.9999961708894,0,GREEN,candidate has lower error; pointwise interval is above zero,exploratory pointwise 95% paired bootstrap; no multiplicity adjustment; no minimum effect requirement
development__burgers__correct,development,burgers,correct,32,test,64,64,True,validation_selected_route,calibrated,2.5307297822072228e-11,2.5307297822072228e-11,0.0,0.0,0.0,0.0,0.0,0.0,0,BLUE,the compared trajectory scores are identical,exploratory pointwise 95% paired bootstrap; no multiplicity adjustment; no minimum effect requirement
development__burgers__correct,development,burgers,correct,32,test,96,64,False,calibrated,uncalibrated,1.8963068646859797e-11,1.8963068646859797e-11,0.0,0.0,0.0,0.0,0.0,0.0,0,BLUE,the compared trajectory scores are identical,exploratory pointwise 95% paired bootstrap; no multiplicity adjustment; no minimum effect requirement
development__burgers__correct,development,burgers,correct,32,test,96,64,False,calibrated,validation_best_neural,1.8963068646859797e-11,0.0002330674480871573,0.00023306742912408866,0.00015518219045478047,0.0003262027235727213,99.9999918636992,99.99998636818128,99.99999703870361,0,GREEN,candidate has lower error; pointwise interval is above zero,exploratory pointwise 95% paired bootstrap; no multiplicity adjustment; no minimum effect requirement
development__burgers__correct,development,burgers,correct,32,test,96,64,False,validation_selected_route,validation_best_neural,1.8963068646859797e-11,0.0002330674480871573,0.00023306742912408866,0.00015518219045478047,0.0003262027235727213,99.9999918636992,99.99998636818128,99.99999703870361,0,GREEN,candidate has lower error; pointwise interval is above zero,exploratory pointwise 95% paired bootstrap; no multiplicity adjustment; no minimum effect requirement
development__burgers__correct,development,burgers,correct,32,test,96,64,False,validation_selected_route,calibrated,1.8963068646859797e-11,1.8963068646859797e-11,0.0,0.0,0.0,0.0,0.0,0.0,0,BLUE,the compared trajectory scores are identical,exploratory pointwise 95% paired bootstrap; no multiplicity adjustment; no minimum effect requirement
development__burgers__correct,development,burgers,correct,32,ood,64,64,True,calibrated,uncalibrated,9.77417205336146e-12,9.77417205336146e-12,0.0,0.0,0.0,0.0,0.0,0.0,0,BLUE,the compared trajectory scores are identical,exploratory pointwise 95% paired bootstrap; no multiplicity adjustment; no minimum effect requirement
development__burgers__correct,development,burgers,correct,32,ood,64,64,True,calibrated,validation_best_neural,9.77417205336146e-12,0.005650402192464418,0.005650402182690246,0.002924380990565292,0.008977664282707465,99.99999982701812,99.99999959686944,99.99999993470244,0,GREEN,candidate has lower error; pointwise interval is above zero,exploratory pointwise 95% paired bootstrap; no multiplicity adjustment; no minimum effect requirement
development__burgers__correct,development,burgers,correct,32,ood,64,64,True,validation_selected_route,validation_best_neural,9.77417205336146e-12,0.005650402192464418,0.005650402182690246,0.002924380990565292,0.008977664282707465,99.99999982701812,99.99999959686944,99.99999993470244,0,GREEN,candidate has lower error; pointwise interval is above zero,exploratory pointwise 95% paired bootstrap; no multiplicity adjustment; no minimum effect requirement
development__burgers__correct,development,burgers,correct,32,ood,64,64,True,validation_selected_route,calibrated,9.77417205336146e-12,9.77417205336146e-12,0.0,0.0,0.0,0.0,0.0,0.0,0,BLUE,the compared trajectory scores are identical,exploratory pointwise 95% paired bootstrap; no multiplicity adjustment; no minimum effect requirement
development__burgers__correct,development,burgers,correct,32,ood,96,64,False,calibrated,uncalibrated,1.0332348426283142e-11,1.0332348426283142e-11,0.0,0.0,0.0,0.0,0.0,0.0,0,BLUE,the compared trajectory scores are identical,exploratory pointwise 95% paired bootstrap; no multiplicity adjustment; no minimum effect requirement
development__burgers__correct,development,burgers,correct,32,ood,96,64,False,calibrated,validation_best_neural,1.0332348426283142e-11,0.009266344548259996,0.009266344537927648,0.003909483439686212,0.015615834690997973,99.99999988849596,99.99999971174638,99.99999994749646,0,GREEN,candidate has lower error; pointwise interval is above zero,exploratory pointwise 95% paired bootstrap; no multiplicity adjustment; no minimum effect requirement
development__burgers__correct,development,burgers,correct,32,ood,96,64,False,validation_selected_route,validation_best_neural,1.0332348426283142e-11,0.009266344548259996,0.009266344537927648,0.003909483439686212,0.015615834690997973,99.99999988849596,99.99999971174638,99.99999994749646,0,GREEN,candidate has lower error; pointwise interval is above zero,exploratory pointwise 95% paired bootstrap; no multiplicity adjustment; no minimum effect requirement
development__burgers__correct,development,burgers,correct,32,ood,96,64,False,validation_selected_route,calibrated,1.0332348426283142e-11,1.0332348426283142e-11,0.0,0.0,0.0,0.0,0.0,0.0,0,BLUE,the compared trajectory scores are identical,exploratory pointwise 95% paired bootstrap; no multiplicity adjustment; no minimum effect requirement
development__gray_scott__coefficient,development,gray_scott,coefficient,32,test,64,64,True,calibrated,uncalibrated,2.1063572677062424e-11,0.7340473871409614,0.7340473871198978,0.6948396114920852,0.7733467172648211,99.99999999713049,99.99999999659816,99.99999999760384,0,GREEN,candidate has lower error; pointwise interval is above zero,exploratory pointwise 95% paired bootstrap; no multiplicity adjustment; no minimum effect requirement
development__gray_scott__coefficient,development,gray_scott,coefficient,32,test,64,64,True,calibrated,validation_best_neural,2.1063572677062424e-11,0.00044348240312426686,0.0004434823820606942,0.00034509367088341944,0.0005740934450502134,99.99999525041524,99.99999351226587,99.99999655177265,0,GREEN,candidate has lower error; pointwise interval is above zero,exploratory pointwise 95% paired bootstrap; no multiplicity adjustment; no minimum effect requirement
development__gray_scott__coefficient,development,gray_scott,coefficient,32,test,64,64,True,validation_selected_route,validation_best_neural,2.1063572677062424e-11,0.00044348240312426686,0.0004434823820606942,0.00034509367088341944,0.0005740934450502134,99.99999525041524,99.99999351226587,99.99999655177265,0,GREEN,candidate has lower error; pointwise interval is above zero,exploratory pointwise 95% paired bootstrap; no multiplicity adjustment; no minimum effect requirement
development__gray_scott__coefficient,development,gray_scott,coefficient,32,test,64,64,True,validation_selected_route,calibrated,2.1063572677062424e-11,2.1063572677062424e-11,0.0,0.0,0.0,0.0,0.0,0.0,0,BLUE,the compared trajectory scores are identical,exploratory pointwise 95% paired bootstrap; no multiplicity adjustment; no minimum effect requirement
development__gray_scott__coefficient,development,gray_scott,coefficient,32,test,96,64,False,calibrated,uncalibrated,4.390007067671955e-11,1.2035563758182,1.2035563757743,1.137956733165108,1.2733527815786028,99.99999999635249,99.99999999545678,99.9999999971048,0,GREEN,candidate has lower error; pointwise interval is above zero,exploratory pointwise 95% paired bootstrap; no multiplicity adjustment; no minimum effect requirement
development__gray_scott__coefficient,development,gray_scott,coefficient,32,test,96,64,False,calibrated,validation_best_neural,4.390007067671955e-11,0.0011535942049467598,0.0011535941610466892,0.0007842333090136988,0.00165294757203625,99.99999619449626,99.99999412385704,99.99999754850897,0,GREEN,candidate has lower error; pointwise interval is above zero,exploratory pointwise 95% paired bootstrap; no multiplicity adjustment; no minimum effect requirement
development__gray_scott__coefficient,development,gray_scott,coefficient,32,test,96,64,False,validation_selected_route,validation_best_neural,4.3900070676719555e-11,0.0011535942049467598,0.0011535941610466892,0.0007842333090136988,0.00165294757203625,99.99999619449626,99.99999412385704,99.99999754850897,0,GREEN,candidate has lower error; pointwise interval is above zero,exploratory pointwise 95% paired bootstrap; no multiplicity adjustment; no minimum effect requirement
development__gray_scott__coefficient,development,gray_scott,coefficient,32,test,96,64,False,validation_selected_route,calibrated,4.3900070676719555e-11,4.390007067671955e-11,0.0,0.0,0.0,0.0,0.0,0.0,0,BLUE,the compared trajectory scores are identical,exploratory pointwise 95% paired bootstrap; no multiplicity adjustment; no minimum effect requirement
development__gray_scott__coefficient,development,gray_scott,coefficient,32,ood,64,64,True,calibrated,uncalibrated,4.283180781311804e-12,0.7143331766324437,0.7143331766281605,0.6753094136681402,0.7578667820573813,99.9999999994004,99.99999999931202,99.99999999947879,0,GREEN,candidate has lower error; pointwise interval is above zero,exploratory pointwise 95% paired bootstrap; no multiplicity adjustment; no minimum effect requirement
development__gray_scott__coefficient,development,gray_scott,coefficient,32,ood,64,64,True,calibrated,validation_best_neural,4.283180781311804e-12,0.11635146539602144,0.11635146539173825,0.08481562029445194,0.15221390310636862,99.99999999631876,99.9999999948903,99.99999999725641,0,GREEN,candidate has lower error; pointwise interval is above zero,exploratory pointwise 95% paired bootstrap; no multiplicity adjustment; no minimum effect requirement
development__gray_scott__coefficient,development,gray_scott,coefficient,32,ood,64,64,True,validation_selected_route,validation_best_neural,4.283180781311804e-12,0.11635146539602144,0.11635146539173825,0.08481562029445194,0.15221390310636862,99.99999999631876,99.9999999948903,99.99999999725641,0,GREEN,candidate has lower error; pointwise interval is above zero,exploratory pointwise 95% paired bootstrap; no multiplicity adjustment; no minimum effect requirement
development__gray_scott__coefficient,development,gray_scott,coefficient,32,ood,64,64,True,validation_selected_route,calibrated,4.283180781311804e-12,4.283180781311804e-12,0.0,0.0,0.0,0.0,0.0,0.0,0,BLUE,the compared trajectory scores are identical,exploratory pointwise 95% paired bootstrap; no multiplicity adjustment; no minimum effect requirement
development__gray_scott__coefficient,development,gray_scott,coefficient,32,ood,96,64,False,calibrated,uncalibrated,8.107799358411014e-12,1.3049249092325161,1.3049249092244084,1.2375545341845653,1.381657873420961,99.99999999937869,99.9999999992499,99.9999999994842,0,GREEN,candidate has lower error; pointwise interval is above zero,exploratory pointwise 95% paired bootstrap; no multiplicity adjustment; no minimum effect requirement
development__gray_scott__coefficient,development,gray_scott,coefficient,32,ood,96,64,False,calibrated,validation_best_neural,8.107799358411014e-12,0.3691750356780999,0.3691750356699921,0.27210012359880786,0.47526447396596805,99.9999999978038,99.99999999690439,99.9999999983937,0,GREEN,candidate has lower error; pointwise interval is above zero,exploratory pointwise 95% paired bootstrap; no multiplicity adjustment; no minimum effect requirement
development__gray_scott__coefficient,development,gray_scott,coefficient,32,ood,96,64,False,validation_selected_route,validation_best_neural,8.107799358411014e-12,0.3691750356780999,0.3691750356699921,0.27210012359880786,0.47526447396596805,99.9999999978038,99.99999999690439,99.9999999983937,0,GREEN,candidate has lower error; pointwise interval is above zero,exploratory pointwise 95% paired bootstrap; no multiplicity adjustment; no minimum effect requirement
development__gray_scott__coefficient,development,gray_scott,coefficient,32,ood,96,64,False,validation_selected_route,calibrated,8.107799358411014e-12,8.107799358411014e-12,0.0,0.0,0.0,0.0,0.0,0.0,0,BLUE,the compared trajectory scores are identical,exploratory pointwise 95% paired bootstrap; no multiplicity adjustment; no minimum effect requirement
development__gray_scott__correct,development,gray_scott,correct,32,test,64,64,True,calibrated,uncalibrated,2.0565963610449252e-11,1.994060227972013e-11,-6.253613307291228e-13,-3.1213042126104638e-12,1.907486531038738e-12,-3.1361205742773577,-16.009753757892902,9.20983447836767,0,YELLOW,pointwise interval includes zero,exploratory pointwise 95% paired bootstrap; no multiplicity adjustment; no minimum effect requirement
development__gray_scott__correct,development,gray_scott,correct,32,test,64,64,True,calibrated,validation_best_neural,2.0565963610449252e-11,0.0004188471318595048,0.0004188471112935412,0.00030773893067585713,0.0005592630525010181,99.99999508986404,99.99999288696503,99.99999660216338,0,GREEN,candidate has lower error; pointwise interval is above zero,exploratory pointwise 95% paired bootstrap; no multiplicity adjustment; no minimum effect requirement
development__gray_scott__correct,development,gray_scott,correct,32,test,64,64,True,validation_selected_route,validation_best_neural,2.0565963610449252e-11,0.0004188471318595048,0.0004188471112935412,0.00030773893067585713,0.0005592630525010181,99.99999508986404,99.99999288696503,99.99999660216338,0,GREEN,candidate has lower error; pointwise interval is above zero,exploratory pointwise 95% paired bootstrap; no multiplicity adjustment; no minimum effect requirement
development__gray_scott__correct,development,gray_scott,correct,32,test,64,64,True,validation_selected_route,calibrated,2.0565963610449252e-11,2.0565963610449252e-11,0.0,0.0,0.0,0.0,0.0,0.0,0,BLUE,the compared trajectory scores are identical,exploratory pointwise 95% paired bootstrap; no multiplicity adjustment; no minimum effect requirement
development__gray_scott__correct,development,gray_scott,correct,32,test,96,64,False,calibrated,uncalibrated,4.263215364600329e-11,3.995748662232707e-11,-2.6746670236762176e-12,-7.861960284144854e-12,2.5297471280489887e-12,-6.693781941183689,-20.295363906170838,6.237344689816902,0,YELLOW,pointwise interval includes zero,exploratory pointwise 95% paired bootstrap; no multiplicity adjustment; no minimum effect requirement
development__gray_scott__correct,development,gray_scott,correct,32,test,96,64,False,calibrated,validation_best_neural,4.263215364600329e-11,0.0010231126807857354,0.0010231126381535817,0.0006702192180723922,0.0014716477660080723,99.99999583309302,99.99999329766166,99.999997325572,0,GREEN,candidate has lower error; pointwise interval is above zero,exploratory pointwise 95% paired bootstrap; no multiplicity adjustment; no minimum effect requirement
development__gray_scott__correct,development,gray_scott,correct,32,test,96,64,False,validation_selected_route,validation_best_neural,4.2632153646003296e-11,0.0010231126807857354,0.0010231126381535817,0.0006702192180723922,0.0014716477660080723,99.99999583309302,99.99999329766166,99.999997325572,0,GREEN,candidate has lower error; pointwise interval is above zero,exploratory pointwise 95% paired bootstrap; no multiplicity adjustment; no minimum effect requirement
development__gray_scott__correct,development,gray_scott,correct,32,test,96,64,False,validation_selected_route,calibrated,4.2632153646003296e-11,4.263215364600329e-11,0.0,0.0,0.0,0.0,0.0,0.0,0,BLUE,the compared trajectory scores are identical,exploratory pointwise 95% paired bootstrap; no multiplicity adjustment; no minimum effect requirement
development__gray_scott__correct,development,gray_scott,correct,32,ood,64,64,True,calibrated,uncalibrated,4.280902369766356e-12,4.3349768822644334e-12,5.4074512498077624e-14,-3.2438173753523375e-13,4.770685669194518e-13,1.2474002507213158,-7.797308482179631,10.455318282937009,0,YELLOW,pointwise interval includes zero,exploratory pointwise 95% paired bootstrap; no multiplicity adjustment; no minimum effect requirement
development__gray_scott__correct,development,gray_scott,correct,32,ood,64,64,True,calibrated,validation_best_neural,4.280902369766356e-12,0.10015267331148703,0.10015267330720612,0.07986989064141307,0.12360402218438966,99.99999999572562,99.99999999443445,99.99999999664018,0,GREEN,candidate has lower error; pointwise interval is above zero,exploratory pointwise 95% paired bootstrap; no multiplicity adjustment; no minimum effect requirement
development__gray_scott__correct,development,gray_scott,correct,32,ood,64,64,True,validation_selected_route,validation_best_neural,4.280902369766356e-12,0.10015267331148703,0.10015267330720612,0.07986989064141307,0.12360402218438966,99.99999999572562,99.99999999443445,99.99999999664018,0,GREEN,candidate has lower error; pointwise interval is above zero,exploratory pointwise 95% paired bootstrap; no multiplicity adjustment; no minimum effect requirement
development__gray_scott__correct,development,gray_scott,correct,32,ood,64,64,True,validation_selected_route,calibrated,4.280902369766356e-12,4.280902369766356e-12,0.0,0.0,0.0,0.0,0.0,0.0,0,BLUE,the compared trajectory scores are identical,exploratory pointwise 95% paired bootstrap; no multiplicity adjustment; no minimum effect requirement
development__gray_scott__correct,development,gray_scott,correct,32,ood,96,64,False,calibrated,uncalibrated,8.032420479762876e-12,8.082874187375344e-12,5.045370761246822e-14,-9.651157963562315e-13,1.20892518987003e-12,0.6242050345318001,-13.229497843023504,13.577293649612677,0,YELLOW,pointwise interval includes zero,exploratory pointwise 95% paired bootstrap; no multiplicity adjustment; no minimum effect requirement
development__gray_scott__correct,development,gray_scott,correct,32,ood,96,64,False,calibrated,validation_best_neural,8.032420479762876e-12,0.31770229795771693,0.3177022979496845,0.26255049112103546,0.3789952841467542,99.99999999747172,99.99999999668188,99.99999999799675,0,GREEN,candidate has lower error; pointwise interval is above zero,exploratory pointwise 95% paired bootstrap; no multiplicity adjustment; no minimum effect requirement
development__gray_scott__correct,development,gray_scott,correct,32,ood,96,64,False,validation_selected_route,validation_best_neural,8.032420479762875e-12,0.31770229795771693,0.3177022979496845,0.26255049112103546,0.3789952841467542,99.99999999747172,99.99999999668188,99.99999999799675,0,GREEN,candidate has lower error; pointwise interval is above zero,exploratory pointwise 95% paired bootstrap; no multiplicity adjustment; no minimum effect requirement
development__gray_scott__correct,development,gray_scott,correct,32,ood,96,64,False,validation_selected_route,calibrated,8.032420479762875e-12,8.032420479762876e-12,0.0,0.0,0.0,0.0,0.0,0.0,0,BLUE,the compared trajectory scores are identical,exploratory pointwise 95% paired bootstrap; no multiplicity adjustment; no minimum effect requirement
development__ks__coefficient,development,ks,coefficient,32,test,64,64,True,calibrated,uncalibrated,1.8063354812870412e-07,0.586488938329353,0.5864887576958049,0.5010384560073998,0.6766018832991324,99.99996920086018,99.99995403677065,99.99998251227005,0,GREEN,candidate has lower error; pointwise interval is above zero,exploratory pointwise 95% paired bootstrap; no multiplicity adjustment; no minimum effect requirement
development__ks__coefficient,development,ks,coefficient,32,test,64,64,True,calibrated,validation_best_neural,1.8063354812870412e-07,0.02701678990113454,0.027016609267586412,0.013668825627222264,0.048151065148064616,99.99933140262485,99.99898331475465,99.99952434079073,0,GREEN,candidate has lower error; pointwise interval is above zero,exploratory pointwise 95% paired bootstrap; no multiplicity adjustment; no minimum effect requirement
development__ks__coefficient,development,ks,coefficient,32,test,64,64,True,validation_selected_route,validation_best_neural,1.8063354812870414e-07,0.02701678990113454,0.027016609267586412,0.013668825627222264,0.048151065148064616,99.99933140262485,99.99898331475465,99.99952434079073,0,GREEN,candidate has lower error; pointwise interval is above zero,exploratory pointwise 95% paired bootstrap; no multiplicity adjustment; no minimum effect requirement
development__ks__coefficient,development,ks,coefficient,32,test,64,64,True,validation_selected_route,calibrated,1.8063354812870414e-07,1.8063354812870412e-07,0.0,0.0,0.0,0.0,0.0,0.0,0,BLUE,the compared trajectory scores are identical,exploratory pointwise 95% paired bootstrap; no multiplicity adjustment; no minimum effect requirement
development__ks__coefficient,development,ks,coefficient,32,test,96,64,False,calibrated,uncalibrated,3.4690398949043888e-06,0.7736805793532919,0.773677110313397,0.6812657209656816,0.8698390807583674,99.99955161858945,99.9991210273331,99.99987814419356,0,GREEN,candidate has lower error; pointwise interval is above zero,exploratory pointwise 95% paired bootstrap; no multiplicity adjustment; no minimum effect requirement
development__ks__coefficient,development,ks,coefficient,32,test,96,64,False,calibrated,validation_best_neural,3.4690398949043888e-06,0.11005360631327661,0.11005013727338171,0.06537371569031268,0.16908633362753064,99.99684786349934,99.99407376136415,99.99898384139273,0,GREEN,candidate has lower error; pointwise interval is above zero,exploratory pointwise 95% paired bootstrap; no multiplicity adjustment; no minimum effect requirement
development__ks__coefficient,development,ks,coefficient,32,test,96,64,False,validation_selected_route,validation_best_neural,3.4690398949043888e-06,0.11005360631327661,0.11005013727338171,0.06537371569031268,0.16908633362753064,99.99684786349934,99.99407376136415,99.99898384139273,0,GREEN,candidate has lower error; pointwise interval is above zero,exploratory pointwise 95% paired bootstrap; no multiplicity adjustment; no minimum effect requirement
development__ks__coefficient,development,ks,coefficient,32,test,96,64,False,validation_selected_route,calibrated,3.4690398949043888e-06,3.4690398949043888e-06,0.0,0.0,0.0,0.0,0.0,0.0,0,BLUE,the compared trajectory scores are identical,exploratory pointwise 95% paired bootstrap; no multiplicity adjustment; no minimum effect requirement
development__ks__coefficient,development,ks,coefficient,32,ood,64,64,True,calibrated,uncalibrated,4.2727818402924705e-06,0.7806519249425037,0.7806476521606633,0.7118165032688336,0.8572305151461096,99.99945266491969,99.9991360084389,99.99968037184517,0,GREEN,candidate has lower error; pointwise interval is above zero,exploratory pointwise 95% paired bootstrap; no multiplicity adjustment; no minimum effect requirement
development__ks__coefficient,development,ks,coefficient,32,ood,64,64,True,calibrated,validation_best_neural,4.2727818402924705e-06,0.4755646330000136,0.47556036021817333,0.35564663306926986,0.607727146744868,99.9991015349873,99.99848368302396,99.99949166794441,0,GREEN,candidate has lower error; pointwise interval is above zero,exploratory pointwise 95% paired bootstrap; no multiplicity adjustment; no minimum effect requirement
development__ks__coefficient,development,ks,coefficient,32,ood,64,64,True,validation_selected_route,validation_best_neural,4.2727818402924705e-06,0.4755646330000136,0.47556036021817333,0.35564663306926986,0.607727146744868,99.9991015349873,99.99848368302396,99.99949166794441,0,GREEN,candidate has lower error; pointwise interval is above zero,exploratory pointwise 95% paired bootstrap; no multiplicity adjustment; no minimum effect requirement
development__ks__coefficient,development,ks,coefficient,32,ood,64,64,True,validation_selected_route,calibrated,4.2727818402924705e-06,4.2727818402924705e-06,0.0,0.0,0.0,0.0,0.0,0.0,0,BLUE,the compared trajectory scores are identical,exploratory pointwise 95% paired bootstrap; no multiplicity adjustment; no minimum effect requirement
development__ks__coefficient,development,ks,coefficient,32,ood,96,64,False,calibrated,uncalibrated,7.067615813370262e-05,0.9354261005161486,0.9353554243580149,0.8710144043624273,1.0045491422590354,99.9924444958191,99.98627653055605,99.9971615803678,0,GREEN,candidate has lower error; pointwise interval is above zero,exploratory pointwise 95% paired bootstrap; no multiplicity adjustment; no minimum effect requirement
development__ks__coefficient,development,ks,coefficient,32,ood,96,64,False,calibrated,validation_best_neural,7.067615813370262e-05,0.8960577538062399,0.8959870776481061,0.734220652327047,1.0683456384176473,99.99211254432724,99.98496027837027,99.99703960218257,0,GREEN,candidate has lower error; pointwise interval is above zero,exploratory pointwise 95% paired bootstrap; no multiplicity adjustment; no minimum effect requirement
development__ks__coefficient,development,ks,coefficient,32,ood,96,64,False,validation_selected_route,validation_best_neural,7.067615813370261e-05,0.8960577538062399,0.8959870776481061,0.734220652327047,1.0683456384176473,99.99211254432724,99.98496027837027,99.99703960218257,0,GREEN,candidate has lower error; pointwise interval is above zero,exploratory pointwise 95% paired bootstrap; no multiplicity adjustment; no minimum effect requirement
development__ks__coefficient,development,ks,coefficient,32,ood,96,64,False,validation_selected_route,calibrated,7.067615813370261e-05,7.067615813370262e-05,0.0,0.0,0.0,0.0,0.0,0.0,0,BLUE,the compared trajectory scores are identical,exploratory pointwise 95% paired bootstrap; no multiplicity adjustment; no minimum effect requirement
development__ks__correct,development,ks,correct,32,test,64,64,True,calibrated,uncalibrated,1.8056909080789612e-07,2.4259880928928445e-07,6.202971848138832e-08,-4.75647401443958e-08,2.3819244152522835e-07,25.56884704550286,-38.21282426878626,51.585283103210244,0,YELLOW,pointwise interval includes zero,exploratory pointwise 95% paired bootstrap; no multiplicity adjustment; no minimum effect requirement
development__ks__correct,development,ks,correct,32,test,64,64,True,calibrated,validation_best_neural,1.8056909080789612e-07,0.01478723677948623,0.014787056210395421,0.006297800723006138,0.03018376333140995,99.9987788855112,99.99776232849271,99.99923312227467,0,GREEN,candidate has lower error; pointwise interval is above zero,exploratory pointwise 95% paired bootstrap; no multiplicity adjustment; no minimum effect requirement
development__ks__correct,development,ks,correct,32,test,64,64,True,validation_selected_route,validation_best_neural,1.8056909080789612e-07,0.01478723677948623,0.014787056210395421,0.006297800723006138,0.03018376333140995,99.9987788855112,99.99776232849271,99.99923312227467,0,GREEN,candidate has lower error; pointwise interval is above zero,exploratory pointwise 95% paired bootstrap; no multiplicity adjustment; no minimum effect requirement
development__ks__correct,development,ks,correct,32,test,64,64,True,validation_selected_route,calibrated,1.8056909080789612e-07,1.8056909080789612e-07,0.0,0.0,0.0,0.0,0.0,0.0,0,BLUE,the compared trajectory scores are identical,exploratory pointwise 95% paired bootstrap; no multiplicity adjustment; no minimum effect requirement
development__ks__correct,development,ks,correct,32,test,96,64,False,calibrated,uncalibrated,3.461321767005529e-06,4.105139122896057e-06,6.438173558905277e-07,-6.941618052099649e-07,2.3783454838857873e-06,15.683204310901239,-26.89717582086377,38.185872986983,0,YELLOW,pointwise interval includes zero,exploratory pointwise 95% paired bootstrap; no multiplicity adjustment; no minimum effect requirement
development__ks__correct,development,ks,correct,32,test,96,64,False,calibrated,validation_best_neural,3.461321767005529e-06,0.06751894016477859,0.06751547884301158,0.033287776673058204,0.11478021796327498,99.9948735543559,99.99020550273411,99.99821683480278,0,GREEN,candidate has lower error; pointwise interval is above zero,exploratory pointwise 95% paired bootstrap; no multiplicity adjustment; no minimum effect requirement
development__ks__correct,development,ks,correct,32,test,96,64,False,validation_selected_route,validation_best_neural,3.4613217670055295e-06,0.06751894016477859,0.06751547884301158,0.033287776673058204,0.11478021796327498,99.9948735543559,99.99020550273411,99.99821683480278,0,GREEN,candidate has lower error; pointwise interval is above zero,exploratory pointwise 95% paired bootstrap; no multiplicity adjustment; no minimum effect requirement
development__ks__correct,development,ks,correct,32,test,96,64,False,validation_selected_route,calibrated,3.4613217670055295e-06,3.461321767005529e-06,0.0,0.0,0.0,0.0,0.0,0.0,0,BLUE,the compared trajectory scores are identical,exploratory pointwise 95% paired bootstrap; no multiplicity adjustment; no minimum effect requirement
development__ks__correct,development,ks,correct,32,ood,64,64,True,calibrated,uncalibrated,4.27508145196064e-06,4.22577132950489e-06,-4.9310122455750076e-08,-3.6974991416264085e-07,2.037124402371856e-07,-1.1668904588248856,-7.010286345975159,5.5295342747199685,0,YELLOW,pointwise interval includes zero,exploratory pointwise 95% paired bootstrap; no multiplicity adjustment; no minimum effect requirement
development__ks__correct,development,ks,correct,32,ood,64,64,True,calibrated,validation_best_neural,4.27508145196064e-06,0.29544154905355613,0.2954372739721042,0.22180744241323147,0.3844464822420757,99.99855298570372,99.9975932969537,99.99916258510703,0,GREEN,candidate has lower error; pointwise interval is above zero,exploratory pointwise 95% paired bootstrap; no multiplicity adjustment; no minimum effect requirement
development__ks__correct,development,ks,correct,32,ood,64,64,True,validation_selected_route,validation_best_neural,4.27508145196064e-06,0.29544154905355613,0.2954372739721042,0.22180744241323147,0.3844464822420757,99.99855298570372,99.9975932969537,99.99916258510703,0,GREEN,candidate has lower error; pointwise interval is above zero,exploratory pointwise 95% paired bootstrap; no multiplicity adjustment; no minimum effect requirement
development__ks__correct,development,ks,correct,32,ood,64,64,True,validation_selected_route,calibrated,4.27508145196064e-06,4.27508145196064e-06,0.0,0.0,0.0,0.0,0.0,0.0,0,BLUE,the compared trajectory scores are identical,exploratory pointwise 95% paired bootstrap; no multiplicity adjustment; no minimum effect requirement
development__ks__correct,development,ks,correct,32,ood,96,64,False,calibrated,uncalibrated,7.064598095602603e-05,7.657434359925911e-05,5.928362643233085e-06,-1.4226687421819908e-06,1.5711690681280837e-05,7.741969913915715,-3.698387980483197,18.988158842015995,0,YELLOW,pointwise interval includes zero,exploratory pointwise 95% paired bootstrap; no multiplicity adjustment; no minimum effect requirement
development__ks__correct,development,ks,correct,32,ood,96,64,False,calibrated,validation_best_neural,7.064598095602603e-05,0.6748703706051357,0.6747997246241796,0.5432702340511523,0.8270547886715743,99.98953191841973,99.98004822042175,99.99609091410413,0,GREEN,candidate has lower error; pointwise interval is above zero,exploratory pointwise 95% paired bootstrap; no multiplicity adjustment; no minimum effect requirement
development__ks__correct,development,ks,correct,32,ood,96,64,False,validation_selected_route,validation_best_neural,7.064598095602604e-05,0.6748703706051357,0.6747997246241796,0.5432702340511523,0.8270547886715743,99.98953191841973,99.98004822042175,99.99609091410413,0,GREEN,candidate has lower error; pointwise interval is above zero,exploratory pointwise 95% paired bootstrap; no multiplicity adjustment; no minimum effect requirement
development__ks__correct,development,ks,correct,32,ood,96,64,False,validation_selected_route,calibrated,7.064598095602604e-05,7.064598095602603e-05,0.0,0.0,0.0,0.0,0.0,0.0,0,BLUE,the compared trajectory scores are identical,exploratory pointwise 95% paired bootstrap; no multiplicity adjustment; no minimum effect requirement
development__wave__coefficient,development,wave,coefficient,32,test,64,64,True,calibrated,uncalibrated,4.458420675994616e-11,0.39735740397071595,0.3973574039261317,0.3579778544908014,0.4390742082287992,99.99999998877982,99.99999998646928,99.99999999111284,0,GREEN,candidate has lower error; pointwise interval is above zero,exploratory pointwise 95% paired bootstrap; no multiplicity adjustment; no minimum effect requirement
development__wave__coefficient,development,wave,coefficient,32,test,64,64,True,calibrated,validation_best_neural,4.458420675994616e-11,0.0004111781988375262,0.0004111781542533194,0.0003003817054076551,0.0005379685382799022,99.99998915696239,99.99998408445538,99.99999258776577,0,GREEN,candidate has lower error; pointwise interval is above zero,exploratory pointwise 95% paired bootstrap; no multiplicity adjustment; no minimum effect requirement
development__wave__coefficient,development,wave,coefficient,32,test,64,64,True,validation_selected_route,validation_best_neural,4.458420675994616e-11,0.0004111781988375262,0.0004111781542533194,0.0003003817054076551,0.0005379685382799022,99.99998915696239,99.99998408445538,99.99999258776577,0,GREEN,candidate has lower error; pointwise interval is above zero,exploratory pointwise 95% paired bootstrap; no multiplicity adjustment; no minimum effect requirement
development__wave__coefficient,development,wave,coefficient,32,test,64,64,True,validation_selected_route,calibrated,4.458420675994616e-11,4.458420675994616e-11,0.0,0.0,0.0,0.0,0.0,0.0,0,BLUE,the compared trajectory scores are identical,exploratory pointwise 95% paired bootstrap; no multiplicity adjustment; no minimum effect requirement
development__wave__coefficient,development,wave,coefficient,32,test,96,64,False,calibrated,uncalibrated,9.01406538016779e-11,0.5797535143190468,0.5797535142289061,0.5287977636185788,0.6354377318869564,99.9999999844519,99.99999998109764,99.99999998784625,0,GREEN,candidate has lower error; pointwise interval is above zero,exploratory pointwise 95% paired bootstrap; no multiplicity adjustment; no minimum effect requirement
development__wave__coefficient,development,wave,coefficient,32,test,96,64,False,calibrated,validation_best_neural,9.01406538016779e-11,0.0007304688009993331,0.0007304687108586793,0.0005306009430599896,0.0009554505213516685,99.99998765988995,99.99998191495159,99.99999155791242,0,GREEN,candidate has lower error; pointwise interval is above zero,exploratory pointwise 95% paired bootstrap; no multiplicity adjustment; no minimum effect requirement
development__wave__coefficient,development,wave,coefficient,32,test,96,64,False,validation_selected_route,validation_best_neural,9.01406538016779e-11,0.0007304688009993331,0.0007304687108586793,0.0005306009430599896,0.0009554505213516685,99.99998765988995,99.99998191495159,99.99999155791242,0,GREEN,candidate has lower error; pointwise interval is above zero,exploratory pointwise 95% paired bootstrap; no multiplicity adjustment; no minimum effect requirement
development__wave__coefficient,development,wave,coefficient,32,test,96,64,False,validation_selected_route,calibrated,9.01406538016779e-11,9.01406538016779e-11,0.0,0.0,0.0,0.0,0.0,0.0,0,BLUE,the compared trajectory scores are identical,exploratory pointwise 95% paired bootstrap; no multiplicity adjustment; no minimum effect requirement
development__wave__coefficient,development,wave,coefficient,32,ood,64,64,True,calibrated,uncalibrated,2.6456068605522642e-09,0.7427219562042069,0.7427219535586,0.700894618139888,0.7857190361477474,99.9999996437958,99.99999959507548,99.99999969470274,0,GREEN,candidate has lower error; pointwise interval is above zero,exploratory pointwise 95% paired bootstrap; no multiplicity adjustment; no minimum effect requirement
development__wave__coefficient,development,wave,coefficient,32,ood,64,64,True,calibrated,validation_best_neural,2.6456068605522642e-09,0.07736978093431557,0.07736977828870871,0.06168886717377071,0.09427555735901634,99.99999658056825,99.99999614574237,99.99999698911391,0,GREEN,candidate has lower error; pointwise interval is above zero,exploratory pointwise 95% paired bootstrap; no multiplicity adjustment; no minimum effect requirement
development__wave__coefficient,development,wave,coefficient,32,ood,64,64,True,validation_selected_route,validation_best_neural,2.6456068605522642e-09,0.07736978093431557,0.07736977828870871,0.06168886717377071,0.09427555735901634,99.99999658056825,99.99999614574237,99.99999698911391,0,GREEN,candidate has lower error; pointwise interval is above zero,exploratory pointwise 95% paired bootstrap; no multiplicity adjustment; no minimum effect requirement
development__wave__coefficient,development,wave,coefficient,32,ood,64,64,True,validation_selected_route,calibrated,2.6456068605522642e-09,2.6456068605522642e-09,0.0,0.0,0.0,0.0,0.0,0.0,0,BLUE,the compared trajectory scores are identical,exploratory pointwise 95% paired bootstrap; no multiplicity adjustment; no minimum effect requirement
development__wave__coefficient,development,wave,coefficient,32,ood,96,64,False,calibrated,uncalibrated,4.825767097103066e-09,0.9065306353508049,0.9065306305250378,0.8490197042245459,0.9674469190603506,99.99999946766641,99.9999993923009,99.99999954491612,0,GREEN,candidate has lower error; pointwise interval is above zero,exploratory pointwise 95% paired bootstrap; no multiplicity adjustment; no minimum effect requirement
development__wave__coefficient,development,wave,coefficient,32,ood,96,64,False,calibrated,validation_best_neural,4.825767097103066e-09,0.14507160849603992,0.14507160367027283,0.1159010403071239,0.17719713915797902,99.99999667352755,99.9999962068362,99.99999709192996,0,GREEN,candidate has lower error; pointwise interval is above zero,exploratory pointwise 95% paired bootstrap; no multiplicity adjustment; no minimum effect requirement
development__wave__coefficient,development,wave,coefficient,32,ood,96,64,False,validation_selected_route,validation_best_neural,4.825767097103067e-09,0.14507160849603992,0.14507160367027283,0.1159010403071239,0.17719713915797902,99.99999667352755,99.9999962068362,99.99999709192996,0,GREEN,candidate has lower error; pointwise interval is above zero,exploratory pointwise 95% paired bootstrap; no multiplicity adjustment; no minimum effect requirement
development__wave__coefficient,development,wave,coefficient,32,ood,96,64,False,validation_selected_route,calibrated,4.825767097103067e-09,4.825767097103066e-09,0.0,0.0,0.0,0.0,0.0,0.0,0,BLUE,the compared trajectory scores are identical,exploratory pointwise 95% paired bootstrap; no multiplicity adjustment; no minimum effect requirement
development__wave__correct,development,wave,correct,32,test,64,64,True,calibrated,uncalibrated,4.504966498154004e-11,8.927831367177165e-11,4.4228648690231615e-11,3.5906755367291265e-11,5.3031047792009656e-11,49.54019276488193,47.7135432074414,51.88804252339516,0,GREEN,candidate has lower error; pointwise interval is above zero,exploratory pointwise 95% paired bootstrap; no multiplicity adjustment; no minimum effect requirement
development__wave__correct,development,wave,correct,32,test,64,64,True,calibrated,validation_best_neural,4.504966498154004e-11,0.00014207506459798023,0.00014207501954831525,0.00011819567478431229,0.0001716881308186407,99.99996829164562,99.99995780884063,99.99997691111137,0,GREEN,candidate has lower error; pointwise interval is above zero,exploratory pointwise 95% paired bootstrap; no multiplicity adjustment; no minimum effect requirement
development__wave__correct,development,wave,correct,32,test,64,64,True,validation_selected_route,validation_best_neural,4.504966498154004e-11,0.00014207506459798023,0.00014207501954831525,0.00011819567478431229,0.0001716881308186407,99.99996829164562,99.99995780884063,99.99997691111137,0,GREEN,candidate has lower error; pointwise interval is above zero,exploratory pointwise 95% paired bootstrap; no multiplicity adjustment; no minimum effect requirement
development__wave__correct,development,wave,correct,32,test,64,64,True,validation_selected_route,calibrated,4.504966498154004e-11,4.504966498154004e-11,0.0,0.0,0.0,0.0,0.0,0.0,0,BLUE,the compared trajectory scores are identical,exploratory pointwise 95% paired bootstrap; no multiplicity adjustment; no minimum effect requirement
development__wave__correct,development,wave,correct,32,test,96,64,False,calibrated,uncalibrated,9.108584469457991e-11,1.8235930665800952e-10,9.12734619634296e-11,7.395795925234908e-11,1.0982046089307497e-10,50.05144164898629,48.13178620139,52.5176584294993,0,GREEN,candidate has lower error; pointwise interval is above zero,exploratory pointwise 95% paired bootstrap; no multiplicity adjustment; no minimum effect requirement
development__wave__correct,development,wave,correct,32,test,96,64,False,calibrated,validation_best_neural,9.108584469457991e-11,0.00024087244597621258,0.00024087235489036787,0.0002000047278020074,0.00029164161860865804,99.99996218502937,99.99994992398392,99.99997222061542,0,GREEN,candidate has lower error; pointwise interval is above zero,exploratory pointwise 95% paired bootstrap; no multiplicity adjustment; no minimum effect requirement
development__wave__correct,development,wave,correct,32,test,96,64,False,validation_selected_route,validation_best_neural,9.10858446945799e-11,0.00024087244597621258,0.00024087235489036787,0.0002000047278020074,0.00029164161860865804,99.99996218502937,99.99994992398392,99.99997222061542,0,GREEN,candidate has lower error; pointwise interval is above zero,exploratory pointwise 95% paired bootstrap; no multiplicity adjustment; no minimum effect requirement
development__wave__correct,development,wave,correct,32,test,96,64,False,validation_selected_route,calibrated,9.10858446945799e-11,9.108584469457991e-11,0.0,0.0,0.0,0.0,0.0,0.0,0,BLUE,the compared trajectory scores are identical,exploratory pointwise 95% paired bootstrap; no multiplicity adjustment; no minimum effect requirement
development__wave__correct,development,wave,correct,32,ood,64,64,True,calibrated,uncalibrated,2.6514557962517714e-09,3.3018618827145914e-09,6.5040608646282e-10,5.675176894510192e-10,7.358248572025408e-10,19.6981615090482,18.998138062752755,20.59510063851629,0,GREEN,candidate has lower error; pointwise interval is above zero,exploratory pointwise 95% paired bootstrap; no multiplicity adjustment; no minimum effect requirement
development__wave__correct,development,wave,correct,32,ood,64,64,True,calibrated,validation_best_neural,2.6514557962517714e-09,0.048061179201571824,0.048061176550116026,0.03609084989553537,0.06101220776459397,99.99999448316532,99.99999324070664,99.99999526117568,0,GREEN,candidate has lower error; pointwise interval is above zero,exploratory pointwise 95% paired bootstrap; no multiplicity adjustment; no minimum effect requirement
development__wave__correct,development,wave,correct,32,ood,64,64,True,validation_selected_route,validation_best_neural,2.6514557962517714e-09,0.048061179201571824,0.048061176550116026,0.03609084989553537,0.06101220776459397,99.99999448316532,99.99999324070664,99.99999526117568,0,GREEN,candidate has lower error; pointwise interval is above zero,exploratory pointwise 95% paired bootstrap; no multiplicity adjustment; no minimum effect requirement
development__wave__correct,development,wave,correct,32,ood,64,64,True,validation_selected_route,calibrated,2.6514557962517714e-09,2.6514557962517714e-09,0.0,0.0,0.0,0.0,0.0,0.0,0,BLUE,the compared trajectory scores are identical,exploratory pointwise 95% paired bootstrap; no multiplicity adjustment; no minimum effect requirement
development__wave__correct,development,wave,correct,32,ood,96,64,False,calibrated,uncalibrated,4.835600039314629e-09,6.0123727130081025e-09,1.1767726736934735e-09,1.038183277335176e-09,1.321673262273892e-09,19.572517038863214,18.885488243210123,20.456687711319926,0,GREEN,candidate has lower error; pointwise interval is above zero,exploratory pointwise 95% paired bootstrap; no multiplicity adjustment; no minimum effect requirement
development__wave__correct,development,wave,correct,32,ood,96,64,False,calibrated,validation_best_neural,4.835600039314629e-09,0.08075604565085294,0.0807560408152529,0.06067264227886806,0.1022218649398304,99.99999401208912,99.99999258538942,99.99999487242877,0,GREEN,candidate has lower error; pointwise interval is above zero,exploratory pointwise 95% paired bootstrap; no multiplicity adjustment; no minimum effect requirement
development__wave__correct,development,wave,correct,32,ood,96,64,False,validation_selected_route,validation_best_neural,4.835600039314629e-09,0.08075604565085294,0.0807560408152529,0.06067264227886806,0.1022218649398304,99.99999401208912,99.99999258538942,99.99999487242877,0,GREEN,candidate has lower error; pointwise interval is above zero,exploratory pointwise 95% paired bootstrap; no multiplicity adjustment; no minimum effect requirement
development__wave__correct,development,wave,correct,32,ood,96,64,False,validation_selected_route,calibrated,4.835600039314629e-09,4.835600039314629e-09,0.0,0.0,0.0,0.0,0.0,0.0,0,BLUE,the compared trajectory scores are identical,exploratory pointwise 95% paired bootstrap; no multiplicity adjustment; no minimum effect requirement
resolution_g32__advection_diffusion__coefficient,resolution_g32,advection_diffusion,coefficient,32,test,64,64,True,calibrated,uncalibrated,4.359743724663607e-12,0.6843441686841452,0.6843441686797854,0.5482171182287979,0.8268253532963408,99.99999999936293,99.99999999925183,99.99999999947885,0,GREEN,candidate has lower error; pointwise interval is above zero,exploratory pointwise 95% paired bootstrap; no multiplicity adjustment; no minimum effect requirement
resolution_g32__advection_diffusion__coefficient,resolution_g32,advection_diffusion,coefficient,32,test,64,64,True,calibrated,validation_best_neural,4.359743724663607e-12,0.00037867448995821404,0.0003786744855984703,0.00025658778323942917,0.0005258619017085877,99.999998848683,99.99999826720881,99.9999992079532,0,GREEN,candidate has lower error; pointwise interval is above zero,exploratory pointwise 95% paired bootstrap; no multiplicity adjustment; no minimum effect requirement
resolution_g32__advection_diffusion__coefficient,resolution_g32,advection_diffusion,coefficient,32,test,64,64,True,validation_selected_route,validation_best_neural,4.359743724663607e-12,0.00037867448995821404,0.0003786744855984703,0.00025658778323942917,0.0005258619017085877,99.999998848683,99.99999826720881,99.9999992079532,0,GREEN,candidate has lower error; pointwise interval is above zero,exploratory pointwise 95% paired bootstrap; no multiplicity adjustment; no minimum effect requirement
resolution_g32__advection_diffusion__coefficient,resolution_g32,advection_diffusion,coefficient,32,test,64,64,True,validation_selected_route,calibrated,4.359743724663607e-12,4.359743724663607e-12,0.0,0.0,0.0,0.0,0.0,0.0,0,BLUE,the compared trajectory scores are identical,exploratory pointwise 95% paired bootstrap; no multiplicity adjustment; no minimum effect requirement
resolution_g32__advection_diffusion__coefficient,resolution_g32,advection_diffusion,coefficient,32,test,96,64,False,calibrated,uncalibrated,7.379765517526188e-12,0.9744055309789581,0.9744055309715783,0.7791687729284816,1.1874963884553202,99.99999999924263,99.99999999910563,99.9999999993904,0,GREEN,candidate has lower error; pointwise interval is above zero,exploratory pointwise 95% paired bootstrap; no multiplicity adjustment; no minimum effect requirement
resolution_g32__advection_diffusion__coefficient,resolution_g32,advection_diffusion,coefficient,32,test,96,64,False,calibrated,validation_best_neural,7.379765517526188e-12,0.000584816852401715,0.0005848168450219495,0.0003943143655351058,0.0008123261275988068,99.99999873810656,99.99999812710855,99.99999912127122,0,GREEN,candidate has lower error; pointwise interval is above zero,exploratory pointwise 95% paired bootstrap; no multiplicity adjustment; no minimum effect requirement
resolution_g32__advection_diffusion__coefficient,resolution_g32,advection_diffusion,coefficient,32,test,96,64,False,validation_selected_route,validation_best_neural,7.379765517526188e-12,0.000584816852401715,0.0005848168450219495,0.0003943143655351058,0.0008123261275988068,99.99999873810656,99.99999812710855,99.99999912127122,0,GREEN,candidate has lower error; pointwise interval is above zero,exploratory pointwise 95% paired bootstrap; no multiplicity adjustment; no minimum effect requirement
resolution_g32__advection_diffusion__coefficient,resolution_g32,advection_diffusion,coefficient,32,test,96,64,False,validation_selected_route,calibrated,7.379765517526188e-12,7.379765517526188e-12,0.0,0.0,0.0,0.0,0.0,0.0,0,BLUE,the compared trajectory scores are identical,exploratory pointwise 95% paired bootstrap; no multiplicity adjustment; no minimum effect requirement
resolution_g32__advection_diffusion__coefficient,resolution_g32,advection_diffusion,coefficient,32,ood,64,64,True,calibrated,uncalibrated,2.2705780308658373e-12,0.586600614113074,0.5866006141108033,0.47987543879866795,0.6974581722684806,99.99999999961292,99.99999999954268,99.99999999967645,0,GREEN,candidate has lower error; pointwise interval is above zero,exploratory pointwise 95% paired bootstrap; no multiplicity adjustment; no minimum effect requirement
resolution_g32__advection_diffusion__coefficient,resolution_g32,advection_diffusion,coefficient,32,ood,64,64,True,calibrated,validation_best_neural,2.2705780308658373e-12,0.0472097204157485,0.04720972041347792,0.02325025871255523,0.07108645661455987,99.99999999519045,99.9999999903614,99.99999999691926,0,GREEN,candidate has lower error; pointwise interval is above zero,exploratory pointwise 95% paired bootstrap; no multiplicity adjustment; no minimum effect requirement
resolution_g32__advection_diffusion__coefficient,resolution_g32,advection_diffusion,coefficient,32,ood,64,64,True,validation_selected_route,validation_best_neural,2.2705780308658373e-12,0.0472097204157485,0.04720972041347792,0.02325025871255523,0.07108645661455987,99.99999999519045,99.9999999903614,99.99999999691926,0,GREEN,candidate has lower error; pointwise interval is above zero,exploratory pointwise 95% paired bootstrap; no multiplicity adjustment; no minimum effect requirement
resolution_g32__advection_diffusion__coefficient,resolution_g32,advection_diffusion,coefficient,32,ood,64,64,True,validation_selected_route,calibrated,2.2705780308658373e-12,2.2705780308658373e-12,0.0,0.0,0.0,0.0,0.0,0.0,0,BLUE,the compared trajectory scores are identical,exploratory pointwise 95% paired bootstrap; no multiplicity adjustment; no minimum effect requirement
resolution_g32__advection_diffusion__coefficient,resolution_g32,advection_diffusion,coefficient,32,ood,96,64,False,calibrated,uncalibrated,3.430622597872352e-12,0.6803631054513772,0.6803631054479466,0.5545532091960527,0.8116626153148573,99.99999999949576,99.999999999395,99.9999999995881,0,GREEN,candidate has lower error; pointwise interval is above zero,exploratory pointwise 95% paired bootstrap; no multiplicity adjustment; no minimum effect requirement
resolution_g32__advection_diffusion__coefficient,resolution_g32,advection_diffusion,coefficient,32,ood,96,64,False,calibrated,validation_best_neural,3.430622597872352e-12,0.0688325252468388,0.06883252524340819,0.03260798358038716,0.10556914701462976,99.99999999501598,99.99999998956773,99.99999999686422,0,GREEN,candidate has lower error; pointwise interval is above zero,exploratory pointwise 95% paired bootstrap; no multiplicity adjustment; no minimum effect requirement
resolution_g32__advection_diffusion__coefficient,resolution_g32,advection_diffusion,coefficient,32,ood,96,64,False,validation_selected_route,validation_best_neural,3.430622597872352e-12,0.0688325252468388,0.06883252524340819,0.03260798358038716,0.10556914701462976,99.99999999501598,99.99999998956773,99.99999999686422,0,GREEN,candidate has lower error; pointwise interval is above zero,exploratory pointwise 95% paired bootstrap; no multiplicity adjustment; no minimum effect requirement
resolution_g32__advection_diffusion__coefficient,resolution_g32,advection_diffusion,coefficient,32,ood,96,64,False,validation_selected_route,calibrated,3.430622597872352e-12,3.430622597872352e-12,0.0,0.0,0.0,0.0,0.0,0.0,0,BLUE,the compared trajectory scores are identical,exploratory pointwise 95% paired bootstrap; no multiplicity adjustment; no minimum effect requirement
resolution_g32__advection_diffusion__correct,resolution_g32,advection_diffusion,correct,32,test,64,64,True,calibrated,uncalibrated,4.236112706896565e-12,4.236112706896565e-12,0.0,0.0,0.0,0.0,0.0,0.0,0,BLUE,the compared trajectory scores are identical,exploratory pointwise 95% paired bootstrap; no multiplicity adjustment; no minimum effect requirement
resolution_g32__advection_diffusion__correct,resolution_g32,advection_diffusion,correct,32,test,64,64,True,calibrated,validation_best_neural,4.236112706896565e-12,0.00012568020643222155,0.00012568020219610884,9.597315053928968e-05,0.00016128416882877245,99.99999662945119,99.99999553528771,99.9999974660237,0,GREEN,candidate has lower error; pointwise interval is above zero,exploratory pointwise 95% paired bootstrap; no multiplicity adjustment; no minimum effect requirement
resolution_g32__advection_diffusion__correct,resolution_g32,advection_diffusion,correct,32,test,64,64,True,validation_selected_route,validation_best_neural,4.236112706896565e-12,0.00012568020643222155,0.00012568020219610884,9.597315053928968e-05,0.00016128416882877245,99.99999662945119,99.99999553528771,99.9999974660237,0,GREEN,candidate has lower error; pointwise interval is above zero,exploratory pointwise 95% paired bootstrap; no multiplicity adjustment; no minimum effect requirement
resolution_g32__advection_diffusion__correct,resolution_g32,advection_diffusion,correct,32,test,64,64,True,validation_selected_route,calibrated,4.236112706896565e-12,4.236112706896565e-12,0.0,0.0,0.0,0.0,0.0,0.0,0,BLUE,the compared trajectory scores are identical,exploratory pointwise 95% paired bootstrap; no multiplicity adjustment; no minimum effect requirement
resolution_g32__advection_diffusion__correct,resolution_g32,advection_diffusion,correct,32,test,96,64,False,calibrated,uncalibrated,7.291607886040979e-12,7.291607886040979e-12,0.0,0.0,0.0,0.0,0.0,0.0,0,BLUE,the compared trajectory scores are identical,exploratory pointwise 95% paired bootstrap; no multiplicity adjustment; no minimum effect requirement
resolution_g32__advection_diffusion__correct,resolution_g32,advection_diffusion,correct,32,test,96,64,False,calibrated,validation_best_neural,7.291607886040979e-12,0.0001861112196722507,0.0001861112123806428,0.0001326579753864765,0.00024858943082649185,99.99999608212343,99.999994721442,99.99999710916968,0,GREEN,candidate has lower error; pointwise interval is above zero,exploratory pointwise 95% paired bootstrap; no multiplicity adjustment; no minimum effect requirement
resolution_g32__advection_diffusion__correct,resolution_g32,advection_diffusion,correct,32,test,96,64,False,validation_selected_route,validation_best_neural,7.291607886040979e-12,0.0001861112196722507,0.0001861112123806428,0.0001326579753864765,0.00024858943082649185,99.99999608212343,99.999994721442,99.99999710916968,0,GREEN,candidate has lower error; pointwise interval is above zero,exploratory pointwise 95% paired bootstrap; no multiplicity adjustment; no minimum effect requirement
resolution_g32__advection_diffusion__correct,resolution_g32,advection_diffusion,correct,32,test,96,64,False,validation_selected_route,calibrated,7.291607886040979e-12,7.291607886040979e-12,0.0,0.0,0.0,0.0,0.0,0.0,0,BLUE,the compared trajectory scores are identical,exploratory pointwise 95% paired bootstrap; no multiplicity adjustment; no minimum effect requirement
resolution_g32__advection_diffusion__correct,resolution_g32,advection_diffusion,correct,32,ood,64,64,True,calibrated,uncalibrated,2.232394453415835e-12,2.232394453415835e-12,0.0,0.0,0.0,0.0,0.0,0.0,0,BLUE,the compared trajectory scores are identical,exploratory pointwise 95% paired bootstrap; no multiplicity adjustment; no minimum effect requirement
resolution_g32__advection_diffusion__correct,resolution_g32,advection_diffusion,correct,32,ood,64,64,True,calibrated,validation_best_neural,2.232394453415835e-12,0.029545257951837822,0.029545257949605427,0.014744108774773406,0.04321166617082467,99.99999999244415,99.99999998495775,99.99999999499462,0,GREEN,candidate has lower error; pointwise interval is above zero,exploratory pointwise 95% paired bootstrap; no multiplicity adjustment; no minimum effect requirement
resolution_g32__advection_diffusion__correct,resolution_g32,advection_diffusion,correct,32,ood,64,64,True,validation_selected_route,validation_best_neural,2.232394453415835e-12,0.029545257951837822,0.029545257949605427,0.014744108774773406,0.04321166617082467,99.99999999244415,99.99999998495775,99.99999999499462,0,GREEN,candidate has lower error; pointwise interval is above zero,exploratory pointwise 95% paired bootstrap; no multiplicity adjustment; no minimum effect requirement
resolution_g32__advection_diffusion__correct,resolution_g32,advection_diffusion,correct,32,ood,64,64,True,validation_selected_route,calibrated,2.232394453415835e-12,2.232394453415835e-12,0.0,0.0,0.0,0.0,0.0,0.0,0,BLUE,the compared trajectory scores are identical,exploratory pointwise 95% paired bootstrap; no multiplicity adjustment; no minimum effect requirement
resolution_g32__advection_diffusion__correct,resolution_g32,advection_diffusion,correct,32,ood,96,64,False,calibrated,uncalibrated,3.3566038316843385e-12,3.3566038316843385e-12,0.0,0.0,0.0,0.0,0.0,0.0,0,BLUE,the compared trajectory scores are identical,exploratory pointwise 95% paired bootstrap; no multiplicity adjustment; no minimum effect requirement
resolution_g32__advection_diffusion__correct,resolution_g32,advection_diffusion,correct,32,ood,96,64,False,calibrated,validation_best_neural,3.3566038316843385e-12,0.04454024340969287,0.04454024340633626,0.02179279560841663,0.06626940724928165,99.99999999246388,99.99999998438649,99.99999999507354,0,GREEN,candidate has lower error; pointwise interval is above zero,exploratory pointwise 95% paired bootstrap; no multiplicity adjustment; no minimum effect requirement
resolution_g32__advection_diffusion__correct,resolution_g32,advection_diffusion,correct,32,ood,96,64,False,validation_selected_route,validation_best_neural,3.3566038316843385e-12,0.04454024340969287,0.04454024340633626,0.02179279560841663,0.06626940724928165,99.99999999246388,99.99999998438649,99.99999999507354,0,GREEN,candidate has lower error; pointwise interval is above zero,exploratory pointwise 95% paired bootstrap; no multiplicity adjustment; no minimum effect requirement
resolution_g32__advection_diffusion__correct,resolution_g32,advection_diffusion,correct,32,ood,96,64,False,validation_selected_route,calibrated,3.3566038316843385e-12,3.3566038316843385e-12,0.0,0.0,0.0,0.0,0.0,0.0,0,BLUE,the compared trajectory scores are identical,exploratory pointwise 95% paired bootstrap; no multiplicity adjustment; no minimum effect requirement
resolution_g32__allen_cahn__coefficient,resolution_g32,allen_cahn,coefficient,32,test,64,64,True,calibrated,uncalibrated,4.7710586613342635e-12,0.00638033190255527,0.006380331897784211,0.003850522939896124,0.010800426984013881,99.9999999252224,99.99999987052402,99.99999995901936,0,GREEN,candidate has lower error; pointwise interval is above zero,exploratory pointwise 95% paired bootstrap; no multiplicity adjustment; no minimum effect requirement
resolution_g32__allen_cahn__coefficient,resolution_g32,allen_cahn,coefficient,32,test,64,64,True,calibrated,validation_best_neural,4.7710586613342635e-12,0.000506445731643039,0.0005064457268719804,0.0003821040525981028,0.0007521721801571338,99.99999905793288,99.99999862457115,99.99999938147101,0,GREEN,candidate has lower error; pointwise interval is above zero,exploratory pointwise 95% paired bootstrap; no multiplicity adjustment; no minimum effect requirement
resolution_g32__allen_cahn__coefficient,resolution_g32,allen_cahn,coefficient,32,test,64,64,True,validation_selected_route,validation_best_neural,4.7710586613342635e-12,0.000506445731643039,0.0005064457268719804,0.0003821040525981028,0.0007521721801571338,99.99999905793288,99.99999862457115,99.99999938147101,0,GREEN,candidate has lower error; pointwise interval is above zero,exploratory pointwise 95% paired bootstrap; no multiplicity adjustment; no minimum effect requirement
resolution_g32__allen_cahn__coefficient,resolution_g32,allen_cahn,coefficient,32,test,64,64,True,validation_selected_route,calibrated,4.7710586613342635e-12,4.7710586613342635e-12,0.0,0.0,0.0,0.0,0.0,0.0,0,BLUE,the compared trajectory scores are identical,exploratory pointwise 95% paired bootstrap; no multiplicity adjustment; no minimum effect requirement
resolution_g32__allen_cahn__coefficient,resolution_g32,allen_cahn,coefficient,32,test,96,64,False,calibrated,uncalibrated,6.465897089916651e-12,0.007134198511451472,0.007134198504985575,0.004192316015157295,0.012390414217136908,99.99999990936757,99.99999983497891,99.9999999525166,0,GREEN,candidate has lower error; pointwise interval is above zero,exploratory pointwise 95% paired bootstrap; no multiplicity adjustment; no minimum effect requirement
resolution_g32__allen_cahn__coefficient,resolution_g32,allen_cahn,coefficient,32,test,96,64,False,calibrated,validation_best_neural,6.465897089916651e-12,0.000922577543310594,0.000922577536844697,0.0007460041523090657,0.0011114552410469627,99.99999929914867,99.99999903744556,99.99999948761926,0,GREEN,candidate has lower error; pointwise interval is above zero,exploratory pointwise 95% paired bootstrap; no multiplicity adjustment; no minimum effect requirement
resolution_g32__allen_cahn__coefficient,resolution_g32,allen_cahn,coefficient,32,test,96,64,False,validation_selected_route,validation_best_neural,6.465897089916651e-12,0.000922577543310594,0.000922577536844697,0.0007460041523090657,0.0011114552410469627,99.99999929914867,99.99999903744556,99.99999948761926,0,GREEN,candidate has lower error; pointwise interval is above zero,exploratory pointwise 95% paired bootstrap; no multiplicity adjustment; no minimum effect requirement
resolution_g32__allen_cahn__coefficient,resolution_g32,allen_cahn,coefficient,32,test,96,64,False,validation_selected_route,calibrated,6.465897089916651e-12,6.465897089916651e-12,0.0,0.0,0.0,0.0,0.0,0.0,0,BLUE,the compared trajectory scores are identical,exploratory pointwise 95% paired bootstrap; no multiplicity adjustment; no minimum effect requirement
resolution_g32__allen_cahn__coefficient,resolution_g32,allen_cahn,coefficient,32,ood,64,64,True,calibrated,uncalibrated,1.7187082322514544e-11,0.005149319320860712,0.00514931930367363,0.003891086661282017,0.007599315389625185,99.99999966622612,99.99999953028147,99.99999977529777,0,GREEN,candidate has lower error; pointwise interval is above zero,exploratory pointwise 95% paired bootstrap; no multiplicity adjustment; no minimum effect requirement
resolution_g32__allen_cahn__coefficient,resolution_g32,allen_cahn,coefficient,32,ood,64,64,True,calibrated,validation_best_neural,1.7187082322514544e-11,0.00702469250782671,0.007024692490639628,0.004065514554499235,0.009819982270343452,99.99999975533332,99.99999957813274,99.99999982784517,0,GREEN,candidate has lower error; pointwise interval is above zero,exploratory pointwise 95% paired bootstrap; no multiplicity adjustment; no minimum effect requirement
resolution_g32__allen_cahn__coefficient,resolution_g32,allen_cahn,coefficient,32,ood,64,64,True,validation_selected_route,validation_best_neural,1.7187082322514544e-11,0.00702469250782671,0.007024692490639628,0.004065514554499235,0.009819982270343452,99.99999975533332,99.99999957813274,99.99999982784517,0,GREEN,candidate has lower error; pointwise interval is above zero,exploratory pointwise 95% paired bootstrap; no multiplicity adjustment; no minimum effect requirement
resolution_g32__allen_cahn__coefficient,resolution_g32,allen_cahn,coefficient,32,ood,64,64,True,validation_selected_route,calibrated,1.7187082322514544e-11,1.7187082322514544e-11,0.0,0.0,0.0,0.0,0.0,0.0,0,BLUE,the compared trajectory scores are identical,exploratory pointwise 95% paired bootstrap; no multiplicity adjustment; no minimum effect requirement
resolution_g32__allen_cahn__coefficient,resolution_g32,allen_cahn,coefficient,32,ood,96,64,False,calibrated,uncalibrated,1.816271013113061e-11,0.005111017803668479,0.005111017785505769,0.004208143277929207,0.00679528450782384,99.99999964463615,99.99999955335299,99.9999997278786,0,GREEN,candidate has lower error; pointwise interval is above zero,exploratory pointwise 95% paired bootstrap; no multiplicity adjustment; no minimum effect requirement
resolution_g32__allen_cahn__coefficient,resolution_g32,allen_cahn,coefficient,32,ood,96,64,False,calibrated,validation_best_neural,1.816271013113061e-11,0.013516344306670766,0.013516344288508056,0.007658983544042759,0.01902641234200153,99.99999986562409,99.99999976063198,99.9999999063647,0,GREEN,candidate has lower error; pointwise interval is above zero,exploratory pointwise 95% paired bootstrap; no multiplicity adjustment; no minimum effect requirement
resolution_g32__allen_cahn__coefficient,resolution_g32,allen_cahn,coefficient,32,ood,96,64,False,validation_selected_route,validation_best_neural,1.816271013113061e-11,0.013516344306670766,0.013516344288508056,0.007658983544042759,0.01902641234200153,99.99999986562409,99.99999976063198,99.9999999063647,0,GREEN,candidate has lower error; pointwise interval is above zero,exploratory pointwise 95% paired bootstrap; no multiplicity adjustment; no minimum effect requirement
resolution_g32__allen_cahn__coefficient,resolution_g32,allen_cahn,coefficient,32,ood,96,64,False,validation_selected_route,calibrated,1.816271013113061e-11,1.816271013113061e-11,0.0,0.0,0.0,0.0,0.0,0.0,0,BLUE,the compared trajectory scores are identical,exploratory pointwise 95% paired bootstrap; no multiplicity adjustment; no minimum effect requirement
resolution_g32__allen_cahn__correct,resolution_g32,allen_cahn,correct,32,test,64,64,True,calibrated,uncalibrated,4.798206410914103e-12,1.8868275307629117e-12,-2.911378880151191e-12,-4.383678686762914e-12,-1.643986197404761e-12,-154.30021200581152,-235.52101170495905,-85.62498269979105,0,RED,candidate has higher error; pointwise interval is below zero,exploratory pointwise 95% paired bootstrap; no multiplicity adjustment; no minimum effect requirement
resolution_g32__allen_cahn__correct,resolution_g32,allen_cahn,correct,32,test,64,64,True,calibrated,validation_best_neural,4.798206410914103e-12,0.00024532027826630436,0.00024532027346809793,0.0001566948166438871,0.0003580796012716329,99.99999804410525,99.99999694343188,99.99999867992597,0,GREEN,candidate has lower error; pointwise interval is above zero,exploratory pointwise 95% paired bootstrap; no multiplicity adjustment; no minimum effect requirement
resolution_g32__allen_cahn__correct,resolution_g32,allen_cahn,correct,32,test,64,64,True,validation_selected_route,validation_best_neural,4.798206410914103e-12,0.00024532027826630436,0.00024532027346809793,0.0001566948166438871,0.0003580796012716329,99.99999804410525,99.99999694343188,99.99999867992597,0,GREEN,candidate has lower error; pointwise interval is above zero,exploratory pointwise 95% paired bootstrap; no multiplicity adjustment; no minimum effect requirement
resolution_g32__allen_cahn__correct,resolution_g32,allen_cahn,correct,32,test,64,64,True,validation_selected_route,calibrated,4.798206410914103e-12,4.798206410914103e-12,0.0,0.0,0.0,0.0,0.0,0.0,0,BLUE,the compared trajectory scores are identical,exploratory pointwise 95% paired bootstrap; no multiplicity adjustment; no minimum effect requirement
resolution_g32__allen_cahn__correct,resolution_g32,allen_cahn,correct,32,test,96,64,False,calibrated,uncalibrated,6.466233021847084e-12,2.1930481256728145e-12,-4.273184896174269e-12,-6.020309516181792e-12,-2.7061837836335436e-12,-194.85139638070098,-279.43814781153657,-122.31862853309993,0,RED,candidate has higher error; pointwise interval is below zero,exploratory pointwise 95% paired bootstrap; no multiplicity adjustment; no minimum effect requirement
resolution_g32__allen_cahn__correct,resolution_g32,allen_cahn,correct,32,test,96,64,False,calibrated,validation_best_neural,6.466233021847084e-12,0.0003956784746692669,0.00039567846820303385,0.00025994089438702983,0.0005658408866474791,99.999998365786,99.99999742255973,99.9999989282205,0,GREEN,candidate has lower error; pointwise interval is above zero,exploratory pointwise 95% paired bootstrap; no multiplicity adjustment; no minimum effect requirement
resolution_g32__allen_cahn__correct,resolution_g32,allen_cahn,correct,32,test,96,64,False,validation_selected_route,validation_best_neural,6.466233021847084e-12,0.0003956784746692669,0.00039567846820303385,0.00025994089438702983,0.0005658408866474791,99.999998365786,99.99999742255973,99.9999989282205,0,GREEN,candidate has lower error; pointwise interval is above zero,exploratory pointwise 95% paired bootstrap; no multiplicity adjustment; no minimum effect requirement
resolution_g32__allen_cahn__correct,resolution_g32,allen_cahn,correct,32,test,96,64,False,validation_selected_route,calibrated,6.466233021847084e-12,6.466233021847084e-12,0.0,0.0,0.0,0.0,0.0,0.0,0,BLUE,the compared trajectory scores are identical,exploratory pointwise 95% paired bootstrap; no multiplicity adjustment; no minimum effect requirement
resolution_g32__allen_cahn__correct,resolution_g32,allen_cahn,correct,32,ood,64,64,True,calibrated,uncalibrated,1.7267652297606192e-11,1.5668254520399017e-11,-1.599397777207175e-12,-3.1308371535519305e-12,-2.9188948053073065e-13,-10.207887388635832,-21.03819339314911,-1.7413041105958957,0,RED,candidate has higher error; pointwise interval is below zero,exploratory pointwise 95% paired bootstrap; no multiplicity adjustment; no minimum effect requirement
resolution_g32__allen_cahn__correct,resolution_g32,allen_cahn,correct,32,ood,64,64,True,calibrated,validation_best_neural,1.7267652297606192e-11,0.008755918300564075,0.008755918283296422,0.0024635321992222577,0.018451175953597018,99.99999980278878,99.99999929687665,99.99999990752775,0,GREEN,candidate has lower error; pointwise interval is above zero,exploratory pointwise 95% paired bootstrap; no multiplicity adjustment; no minimum effect requirement
resolution_g32__allen_cahn__correct,resolution_g32,allen_cahn,correct,32,ood,64,64,True,validation_selected_route,validation_best_neural,1.7267652297606192e-11,0.008755918300564075,0.008755918283296422,0.0024635321992222577,0.018451175953597018,99.99999980278878,99.99999929687665,99.99999990752775,0,GREEN,candidate has lower error; pointwise interval is above zero,exploratory pointwise 95% paired bootstrap; no multiplicity adjustment; no minimum effect requirement
resolution_g32__allen_cahn__correct,resolution_g32,allen_cahn,correct,32,ood,64,64,True,validation_selected_route,calibrated,1.7267652297606192e-11,1.7267652297606192e-11,0.0,0.0,0.0,0.0,0.0,0.0,0,BLUE,the compared trajectory scores are identical,exploratory pointwise 95% paired bootstrap; no multiplicity adjustment; no minimum effect requirement
resolution_g32__allen_cahn__correct,resolution_g32,allen_cahn,correct,32,ood,96,64,False,calibrated,uncalibrated,1.8296595958939514e-11,1.4725674375075812e-11,-3.5709215838637023e-12,-5.639601395014078e-12,-1.7511447073669406e-12,-24.249630223439723,-39.59275955244151,-11.501810079738545,0,RED,candidate has higher error; pointwise interval is below zero,exploratory pointwise 95% paired bootstrap; no multiplicity adjustment; no minimum effect requirement
resolution_g32__allen_cahn__correct,resolution_g32,allen_cahn,correct,32,ood,96,64,False,calibrated,validation_best_neural,1.8296595958939514e-11,0.017690374495810773,0.017690374477514176,0.004876301529235653,0.037496507034063396,99.99999989657316,99.99999962346045,99.99999995178173,0,GREEN,candidate has lower error; pointwise interval is above zero,exploratory pointwise 95% paired bootstrap; no multiplicity adjustment; no minimum effect requirement
resolution_g32__allen_cahn__correct,resolution_g32,allen_cahn,correct,32,ood,96,64,False,validation_selected_route,validation_best_neural,1.8296595958939514e-11,0.017690374495810773,0.017690374477514176,0.004876301529235653,0.037496507034063396,99.99999989657316,99.99999962346045,99.99999995178173,0,GREEN,candidate has lower error; pointwise interval is above zero,exploratory pointwise 95% paired bootstrap; no multiplicity adjustment; no minimum effect requirement
resolution_g32__allen_cahn__correct,resolution_g32,allen_cahn,correct,32,ood,96,64,False,validation_selected_route,calibrated,1.8296595958939514e-11,1.8296595958939514e-11,0.0,0.0,0.0,0.0,0.0,0.0,0,BLUE,the compared trajectory scores are identical,exploratory pointwise 95% paired bootstrap; no multiplicity adjustment; no minimum effect requirement
resolution_g32__wave__coefficient,resolution_g32,wave,coefficient,32,test,64,64,True,calibrated,uncalibrated,6.169543753974572e-11,0.41355172672824736,0.41355172666655193,0.36779244582129217,0.46085708236286127,99.99999998508157,99.99999998191547,99.99999998826691,0,GREEN,candidate has lower error; pointwise interval is above zero,exploratory pointwise 95% paired bootstrap; no multiplicity adjustment; no minimum effect requirement
resolution_g32__wave__coefficient,resolution_g32,wave,coefficient,32,test,64,64,True,calibrated,validation_best_neural,6.169543753974572e-11,0.0003547843655189312,0.0003547843038234937,0.00028878760586875126,0.0004234899255800631,99.99998261044071,99.9999759161223,99.9999876627473,0,GREEN,candidate has lower error; pointwise interval is above zero,exploratory pointwise 95% paired bootstrap; no multiplicity adjustment; no minimum effect requirement
resolution_g32__wave__coefficient,resolution_g32,wave,coefficient,32,test,64,64,True,validation_selected_route,validation_best_neural,6.169543753974572e-11,0.0003547843655189312,0.0003547843038234937,0.00028878760586875126,0.0004234899255800631,99.99998261044071,99.9999759161223,99.9999876627473,0,GREEN,candidate has lower error; pointwise interval is above zero,exploratory pointwise 95% paired bootstrap; no multiplicity adjustment; no minimum effect requirement
resolution_g32__wave__coefficient,resolution_g32,wave,coefficient,32,test,64,64,True,validation_selected_route,calibrated,6.169543753974572e-11,6.169543753974572e-11,0.0,0.0,0.0,0.0,0.0,0.0,0,BLUE,the compared trajectory scores are identical,exploratory pointwise 95% paired bootstrap; no multiplicity adjustment; no minimum effect requirement
resolution_g32__wave__coefficient,resolution_g32,wave,coefficient,32,test,96,64,False,calibrated,uncalibrated,1.221013840420381e-10,0.6024088925045064,0.602408892382405,0.5422684389867167,0.6658639968315037,99.99999997973116,99.99999997541632,99.99999998417901,0,GREEN,candidate has lower error; pointwise interval is above zero,exploratory pointwise 95% paired bootstrap; no multiplicity adjustment; no minimum effect requirement
resolution_g32__wave__coefficient,resolution_g32,wave,coefficient,32,test,96,64,False,calibrated,validation_best_neural,1.221013840420381e-10,0.0005928292824398939,0.0005928291603385098,0.0004777646169586655,0.0007231543943864147,99.99997940361793,99.99997164383893,99.99998513475153,0,GREEN,candidate has lower error; pointwise interval is above zero,exploratory pointwise 95% paired bootstrap; no multiplicity adjustment; no minimum effect requirement
resolution_g32__wave__coefficient,resolution_g32,wave,coefficient,32,test,96,64,False,validation_selected_route,validation_best_neural,1.221013840420381e-10,0.0005928292824398939,0.0005928291603385098,0.0004777646169586655,0.0007231543943864147,99.99997940361793,99.99997164383893,99.99998513475153,0,GREEN,candidate has lower error; pointwise interval is above zero,exploratory pointwise 95% paired bootstrap; no multiplicity adjustment; no minimum effect requirement
resolution_g32__wave__coefficient,resolution_g32,wave,coefficient,32,test,96,64,False,validation_selected_route,calibrated,1.221013840420381e-10,1.221013840420381e-10,0.0,0.0,0.0,0.0,0.0,0.0,0,BLUE,the compared trajectory scores are identical,exploratory pointwise 95% paired bootstrap; no multiplicity adjustment; no minimum effect requirement
resolution_g32__wave__coefficient,resolution_g32,wave,coefficient,32,ood,64,64,True,calibrated,uncalibrated,2.2070312619309375e-09,0.6947557939500939,0.6947557917430627,0.6487998190552575,0.7414534952901947,99.99999968232991,99.99999964483236,99.99999971929587,0,GREEN,candidate has lower error; pointwise interval is above zero,exploratory pointwise 95% paired bootstrap; no multiplicity adjustment; no minimum effect requirement
resolution_g32__wave__coefficient,resolution_g32,wave,coefficient,32,ood,64,64,True,calibrated,validation_best_neural,2.2070312619309375e-09,0.0559860240690328,0.05598602186200154,0.041247657015330216,0.07061036584169197,99.99999605788892,99.99999474564721,99.99999670003442,0,GREEN,candidate has lower error; pointwise interval is above zero,exploratory pointwise 95% paired bootstrap; no multiplicity adjustment; no minimum effect requirement
resolution_g32__wave__coefficient,resolution_g32,wave,coefficient,32,ood,64,64,True,validation_selected_route,validation_best_neural,2.2070312619309375e-09,0.0559860240690328,0.05598602186200154,0.041247657015330216,0.07061036584169197,99.99999605788892,99.99999474564721,99.99999670003442,0,GREEN,candidate has lower error; pointwise interval is above zero,exploratory pointwise 95% paired bootstrap; no multiplicity adjustment; no minimum effect requirement
resolution_g32__wave__coefficient,resolution_g32,wave,coefficient,32,ood,64,64,True,validation_selected_route,calibrated,2.2070312619309375e-09,2.2070312619309375e-09,0.0,0.0,0.0,0.0,0.0,0.0,0,BLUE,the compared trajectory scores are identical,exploratory pointwise 95% paired bootstrap; no multiplicity adjustment; no minimum effect requirement
resolution_g32__wave__coefficient,resolution_g32,wave,coefficient,32,ood,96,64,False,calibrated,uncalibrated,4.062966562998763e-09,0.8587808394664382,0.8587808354034717,0.8017217389085594,0.9160798774354528,99.99999952689134,99.99999947016586,99.9999995819801,0,GREEN,candidate has lower error; pointwise interval is above zero,exploratory pointwise 95% paired bootstrap; no multiplicity adjustment; no minimum effect requirement
resolution_g32__wave__coefficient,resolution_g32,wave,coefficient,32,ood,96,64,False,calibrated,validation_best_neural,4.062966562998763e-09,0.10321935863186418,0.10321935456889762,0.07709608762817512,0.12926419877245832,99.99999606375526,99.9999948135242,99.99999668949177,0,GREEN,candidate has lower error; pointwise interval is above zero,exploratory pointwise 95% paired bootstrap; no multiplicity adjustment; no minimum effect requirement
resolution_g32__wave__coefficient,resolution_g32,wave,coefficient,32,ood,96,64,False,validation_selected_route,validation_best_neural,4.062966562998763e-09,0.10321935863186418,0.10321935456889762,0.07709608762817512,0.12926419877245832,99.99999606375526,99.9999948135242,99.99999668949177,0,GREEN,candidate has lower error; pointwise interval is above zero,exploratory pointwise 95% paired bootstrap; no multiplicity adjustment; no minimum effect requirement
resolution_g32__wave__coefficient,resolution_g32,wave,coefficient,32,ood,96,64,False,validation_selected_route,calibrated,4.062966562998763e-09,4.062966562998763e-09,0.0,0.0,0.0,0.0,0.0,0.0,0,BLUE,the compared trajectory scores are identical,exploratory pointwise 95% paired bootstrap; no multiplicity adjustment; no minimum effect requirement
resolution_g32__wave__correct,resolution_g32,wave,correct,32,test,64,64,True,calibrated,uncalibrated,6.26352546068619e-11,1.1694559534182765e-10,5.431034073496575e-11,4.21810046334991e-11,6.707230954969925e-11,46.440689430173606,45.05921477630792,48.44554808948128,0,GREEN,candidate has lower error; pointwise interval is above zero,exploratory pointwise 95% paired bootstrap; no multiplicity adjustment; no minimum effect requirement
resolution_g32__wave__correct,resolution_g32,wave,correct,32,test,64,64,True,calibrated,validation_best_neural,6.26352546068619e-11,0.00014764975337474206,0.00014764969073948747,0.00010276998776299103,0.00021085919670894515,99.99995757849021,99.99993324349397,99.99997291962508,0,GREEN,candidate has lower error; pointwise interval is above zero,exploratory pointwise 95% paired bootstrap; no multiplicity adjustment; no minimum effect requirement
resolution_g32__wave__correct,resolution_g32,wave,correct,32,test,64,64,True,validation_selected_route,validation_best_neural,6.26352546068619e-11,0.00014764975337474206,0.00014764969073948747,0.00010276998776299103,0.00021085919670894515,99.99995757849021,99.99993324349397,99.99997291962508,0,GREEN,candidate has lower error; pointwise interval is above zero,exploratory pointwise 95% paired bootstrap; no multiplicity adjustment; no minimum effect requirement
resolution_g32__wave__correct,resolution_g32,wave,correct,32,test,64,64,True,validation_selected_route,calibrated,6.26352546068619e-11,6.26352546068619e-11,0.0,0.0,0.0,0.0,0.0,0.0,0,BLUE,the compared trajectory scores are identical,exploratory pointwise 95% paired bootstrap; no multiplicity adjustment; no minimum effect requirement
resolution_g32__wave__correct,resolution_g32,wave,correct,32,test,96,64,False,calibrated,uncalibrated,1.2391431369737968e-10,2.335573055247989e-10,1.0964299182741923e-10,8.61092230605496e-11,1.340303236835212e-10,46.94479223463102,45.42894627359133,49.11740553664125,0,GREEN,candidate has lower error; pointwise interval is above zero,exploratory pointwise 95% paired bootstrap; no multiplicity adjustment; no minimum effect requirement
resolution_g32__wave__correct,resolution_g32,wave,correct,32,test,96,64,False,calibrated,validation_best_neural,1.2391431369737968e-10,0.0002632707488723846,0.0002632706249580709,0.00017990068622826183,0.0003814545243300428,99.99995293274539,99.99992551618608,99.99996990848877,0,GREEN,candidate has lower error; pointwise interval is above zero,exploratory pointwise 95% paired bootstrap; no multiplicity adjustment; no minimum effect requirement
resolution_g32__wave__correct,resolution_g32,wave,correct,32,test,96,64,False,validation_selected_route,validation_best_neural,1.2391431369737968e-10,0.0002632707488723846,0.0002632706249580709,0.00017990068622826183,0.0003814545243300428,99.99995293274539,99.99992551618608,99.99996990848877,0,GREEN,candidate has lower error; pointwise interval is above zero,exploratory pointwise 95% paired bootstrap; no multiplicity adjustment; no minimum effect requirement
resolution_g32__wave__correct,resolution_g32,wave,correct,32,test,96,64,False,validation_selected_route,calibrated,1.2391431369737968e-10,1.2391431369737968e-10,0.0,0.0,0.0,0.0,0.0,0.0,0,BLUE,the compared trajectory scores are identical,exploratory pointwise 95% paired bootstrap; no multiplicity adjustment; no minimum effect requirement
resolution_g32__wave__correct,resolution_g32,wave,correct,32,ood,64,64,True,calibrated,uncalibrated,2.2134035276007565e-09,2.782841436335111e-09,5.694379087343546e-10,5.058668033560523e-10,6.373941867253019e-10,20.462463340501394,19.797017973311178,21.229090998664805,0,GREEN,candidate has lower error; pointwise interval is above zero,exploratory pointwise 95% paired bootstrap; no multiplicity adjustment; no minimum effect requirement
resolution_g32__wave__correct,resolution_g32,wave,correct,32,ood,64,64,True,calibrated,validation_best_neural,2.2134035276007565e-09,0.047609776454129005,0.047609774240725475,0.033165387120617236,0.06308537020778615,99.99999535094744,99.99999351150056,99.999996390627,0,GREEN,candidate has lower error; pointwise interval is above zero,exploratory pointwise 95% paired bootstrap; no multiplicity adjustment; no minimum effect requirement
resolution_g32__wave__correct,resolution_g32,wave,correct,32,ood,64,64,True,validation_selected_route,validation_best_neural,2.2134035276007565e-09,0.047609776454129005,0.047609774240725475,0.033165387120617236,0.06308537020778615,99.99999535094744,99.99999351150056,99.999996390627,0,GREEN,candidate has lower error; pointwise interval is above zero,exploratory pointwise 95% paired bootstrap; no multiplicity adjustment; no minimum effect requirement
resolution_g32__wave__correct,resolution_g32,wave,correct,32,ood,64,64,True,validation_selected_route,calibrated,2.2134035276007565e-09,2.2134035276007565e-09,0.0,0.0,0.0,0.0,0.0,0.0,0,BLUE,the compared trajectory scores are identical,exploratory pointwise 95% paired bootstrap; no multiplicity adjustment; no minimum effect requirement
resolution_g32__wave__correct,resolution_g32,wave,correct,32,ood,96,64,False,calibrated,uncalibrated,4.074629167216482e-09,5.10879281210595e-09,1.0341636448894685e-09,9.248651686007514e-10,1.1494705868069136e-09,20.24281827281942,19.60780700007368,20.975232631836377,0,GREEN,candidate has lower error; pointwise interval is above zero,exploratory pointwise 95% paired bootstrap; no multiplicity adjustment; no minimum effect requirement
resolution_g32__wave__correct,resolution_g32,wave,correct,32,ood,96,64,False,calibrated,validation_best_neural,4.074629167216482e-09,0.08172130888958287,0.08172130481495371,0.0573247079821709,0.10786852963610523,99.99999501399425,99.99999312076577,99.99999612491588,0,GREEN,candidate has lower error; pointwise interval is above zero,exploratory pointwise 95% paired bootstrap; no multiplicity adjustment; no minimum effect requirement
resolution_g32__wave__correct,resolution_g32,wave,correct,32,ood,96,64,False,validation_selected_route,validation_best_neural,4.074629167216481e-09,0.08172130888958287,0.08172130481495371,0.0573247079821709,0.10786852963610523,99.99999501399425,99.99999312076577,99.99999612491588,0,GREEN,candidate has lower error; pointwise interval is above zero,exploratory pointwise 95% paired bootstrap; no multiplicity adjustment; no minimum effect requirement
resolution_g32__wave__correct,resolution_g32,wave,correct,32,ood,96,64,False,validation_selected_route,calibrated,4.074629167216481e-09,4.074629167216482e-09,0.0,0.0,0.0,0.0,0.0,0.0,0,BLUE,the compared trajectory scores are identical,exploratory pointwise 95% paired bootstrap; no multiplicity adjustment; no minimum effect requirement
resolution_g64__advection_diffusion__coefficient,resolution_g64,advection_diffusion,coefficient,64,test,64,64,True,calibrated,uncalibrated,2.4621148923034074e-12,0.6843452418565761,0.6843452418541139,0.5546417560078698,0.8279995134601578,99.99999999964021,99.99999999955536,99.99999999972066,0,GREEN,candidate has lower error; pointwise interval is above zero,exploratory pointwise 95% paired bootstrap; no multiplicity adjustment; no minimum effect requirement
resolution_g64__advection_diffusion__coefficient,resolution_g64,advection_diffusion,coefficient,64,test,64,64,True,calibrated,validation_best_neural,2.4621148923034074e-12,0.000446428768592374,0.00044642876613025913,0.0003463092630670712,0.0005578032006933432,99.9999994484865,99.99999924458368,99.9999996037881,0,GREEN,candidate has lower error; pointwise interval is above zero,exploratory pointwise 95% paired bootstrap; no multiplicity adjustment; no minimum effect requirement
resolution_g64__advection_diffusion__coefficient,resolution_g64,advection_diffusion,coefficient,64,test,64,64,True,validation_selected_route,validation_best_neural,2.4621148923034074e-12,0.000446428768592374,0.00044642876613025913,0.0003463092630670712,0.0005578032006933432,99.9999994484865,99.99999924458368,99.9999996037881,0,GREEN,candidate has lower error; pointwise interval is above zero,exploratory pointwise 95% paired bootstrap; no multiplicity adjustment; no minimum effect requirement
resolution_g64__advection_diffusion__coefficient,resolution_g64,advection_diffusion,coefficient,64,test,64,64,True,validation_selected_route,calibrated,2.4621148923034074e-12,2.4621148923034074e-12,0.0,0.0,0.0,0.0,0.0,0.0,0,BLUE,the compared trajectory scores are identical,exploratory pointwise 95% paired bootstrap; no multiplicity adjustment; no minimum effect requirement
resolution_g64__advection_diffusion__coefficient,resolution_g64,advection_diffusion,coefficient,64,test,96,64,False,calibrated,uncalibrated,4.272548172852631e-12,0.9744071112448391,0.9744071112405666,0.7889596897956358,1.1821887220145169,99.99999999956152,99.999999999455,99.99999999966771,0,GREEN,candidate has lower error; pointwise interval is above zero,exploratory pointwise 95% paired bootstrap; no multiplicity adjustment; no minimum effect requirement
resolution_g64__advection_diffusion__coefficient,resolution_g64,advection_diffusion,coefficient,64,test,96,64,False,calibrated,validation_best_neural,4.272548172852631e-12,0.0006863241248403518,0.0006863241205678037,0.0005277023416158575,0.0008699474619271483,99.9999993774737,99.99999914403641,99.99999956095583,0,GREEN,candidate has lower error; pointwise interval is above zero,exploratory pointwise 95% paired bootstrap; no multiplicity adjustment; no minimum effect requirement
resolution_g64__advection_diffusion__coefficient,resolution_g64,advection_diffusion,coefficient,64,test,96,64,False,validation_selected_route,validation_best_neural,4.272548172852633e-12,0.0006863241248403518,0.0006863241205678037,0.0005277023416158575,0.0008699474619271483,99.9999993774737,99.99999914403641,99.99999956095583,0,GREEN,candidate has lower error; pointwise interval is above zero,exploratory pointwise 95% paired bootstrap; no multiplicity adjustment; no minimum effect requirement
resolution_g64__advection_diffusion__coefficient,resolution_g64,advection_diffusion,coefficient,64,test,96,64,False,validation_selected_route,calibrated,4.272548172852633e-12,4.272548172852631e-12,0.0,0.0,0.0,0.0,0.0,0.0,0,BLUE,the compared trajectory scores are identical,exploratory pointwise 95% paired bootstrap; no multiplicity adjustment; no minimum effect requirement
resolution_g64__advection_diffusion__coefficient,resolution_g64,advection_diffusion,coefficient,64,ood,64,64,True,calibrated,uncalibrated,1.3944224512169182e-12,0.586601269237633,0.5866012692362386,0.48250597195516143,0.6966826482010146,99.99999999976228,99.99999999971295,99.99999999980695,0,GREEN,candidate has lower error; pointwise interval is above zero,exploratory pointwise 95% paired bootstrap; no multiplicity adjustment; no minimum effect requirement
resolution_g64__advection_diffusion__coefficient,resolution_g64,advection_diffusion,coefficient,64,ood,64,64,True,calibrated,validation_best_neural,1.3944224512169182e-12,0.049206144604447166,0.04920614460305275,0.023734773721373614,0.07330948738348224,99.99999999716616,99.9999999941167,99.99999999816917,0,GREEN,candidate has lower error; pointwise interval is above zero,exploratory pointwise 95% paired bootstrap; no multiplicity adjustment; no minimum effect requirement
resolution_g64__advection_diffusion__coefficient,resolution_g64,advection_diffusion,coefficient,64,ood,64,64,True,validation_selected_route,validation_best_neural,1.3944224512169182e-12,0.049206144604447166,0.04920614460305275,0.023734773721373614,0.07330948738348224,99.99999999716616,99.9999999941167,99.99999999816917,0,GREEN,candidate has lower error; pointwise interval is above zero,exploratory pointwise 95% paired bootstrap; no multiplicity adjustment; no minimum effect requirement
resolution_g64__advection_diffusion__coefficient,resolution_g64,advection_diffusion,coefficient,64,ood,64,64,True,validation_selected_route,calibrated,1.3944224512169182e-12,1.3944224512169182e-12,0.0,0.0,0.0,0.0,0.0,0.0,0,BLUE,the compared trajectory scores are identical,exploratory pointwise 95% paired bootstrap; no multiplicity adjustment; no minimum effect requirement
resolution_g64__advection_diffusion__coefficient,resolution_g64,advection_diffusion,coefficient,64,ood,96,64,False,calibrated,uncalibrated,2.0734768123046286e-12,0.6803638660506219,0.6803638660485485,0.5573013630550735,0.8117339372746397,99.99999999969525,99.99999999962982,99.99999999975469,0,GREEN,candidate has lower error; pointwise interval is above zero,exploratory pointwise 95% paired bootstrap; no multiplicity adjustment; no minimum effect requirement
resolution_g64__advection_diffusion__coefficient,resolution_g64,advection_diffusion,coefficient,64,ood,96,64,False,calibrated,validation_best_neural,2.0734768123046286e-12,0.07144209818428951,0.07144209818221603,0.03327571361083647,0.10937872283203075,99.99999999709767,99.99999999369062,99.99999999816792,0,GREEN,candidate has lower error; pointwise interval is above zero,exploratory pointwise 95% paired bootstrap; no multiplicity adjustment; no minimum effect requirement
resolution_g64__advection_diffusion__coefficient,resolution_g64,advection_diffusion,coefficient,64,ood,96,64,False,validation_selected_route,validation_best_neural,2.0734768123046286e-12,0.07144209818428951,0.07144209818221603,0.03327571361083647,0.10937872283203075,99.99999999709767,99.99999999369062,99.99999999816792,0,GREEN,candidate has lower error; pointwise interval is above zero,exploratory pointwise 95% paired bootstrap; no multiplicity adjustment; no minimum effect requirement
resolution_g64__advection_diffusion__coefficient,resolution_g64,advection_diffusion,coefficient,64,ood,96,64,False,validation_selected_route,calibrated,2.0734768123046286e-12,2.0734768123046286e-12,0.0,0.0,0.0,0.0,0.0,0.0,0,BLUE,the compared trajectory scores are identical,exploratory pointwise 95% paired bootstrap; no multiplicity adjustment; no minimum effect requirement
resolution_g64__advection_diffusion__correct,resolution_g64,advection_diffusion,correct,64,test,64,64,True,calibrated,uncalibrated,2.3795059667397735e-12,2.3719585895269115e-12,-7.547377212862026e-15,-2.365511809679604e-14,1.0129864582099631e-15,-0.3181917781442953,-1.162674187988229,0.04124583669788322,0,YELLOW,pointwise interval includes zero,exploratory pointwise 95% paired bootstrap; no multiplicity adjustment; no minimum effect requirement
resolution_g64__advection_diffusion__correct,resolution_g64,advection_diffusion,correct,64,test,64,64,True,calibrated,validation_best_neural,2.3795059667397735e-12,0.0001507772125546301,0.00015077721017512413,9.662163880616967e-05,0.00023043610022881756,99.99999842183979,99.99999743941366,99.9999989980188,0,GREEN,candidate has lower error; pointwise interval is above zero,exploratory pointwise 95% paired bootstrap; no multiplicity adjustment; no minimum effect requirement
resolution_g64__advection_diffusion__correct,resolution_g64,advection_diffusion,correct,64,test,64,64,True,validation_selected_route,validation_best_neural,2.3795059667397735e-12,0.0001507772125546301,0.00015077721017512413,9.662163880616967e-05,0.00023043610022881756,99.99999842183979,99.99999743941366,99.9999989980188,0,GREEN,candidate has lower error; pointwise interval is above zero,exploratory pointwise 95% paired bootstrap; no multiplicity adjustment; no minimum effect requirement
resolution_g64__advection_diffusion__correct,resolution_g64,advection_diffusion,correct,64,test,64,64,True,validation_selected_route,calibrated,2.3795059667397735e-12,2.3795059667397735e-12,0.0,0.0,0.0,0.0,0.0,0.0,0,BLUE,the compared trajectory scores are identical,exploratory pointwise 95% paired bootstrap; no multiplicity adjustment; no minimum effect requirement
resolution_g64__advection_diffusion__correct,resolution_g64,advection_diffusion,correct,64,test,96,64,False,calibrated,uncalibrated,4.24379761137698e-12,4.211284576397549e-12,-3.25130349794312e-14,-1.0193505471062136e-13,4.395949772331003e-15,-0.7720455454768569,-2.8473007435095394,0.10035480079249219,0,YELLOW,pointwise interval includes zero,exploratory pointwise 95% paired bootstrap; no multiplicity adjustment; no minimum effect requirement
resolution_g64__advection_diffusion__correct,resolution_g64,advection_diffusion,correct,64,test,96,64,False,calibrated,validation_best_neural,4.24379761137698e-12,0.00022946813211125743,0.00022946812786745982,0.00013189356589593133,0.0003691800359664077,99.99999815059391,99.9999967808561,99.99999886366435,0,GREEN,candidate has lower error; pointwise interval is above zero,exploratory pointwise 95% paired bootstrap; no multiplicity adjustment; no minimum effect requirement
resolution_g64__advection_diffusion__correct,resolution_g64,advection_diffusion,correct,64,test,96,64,False,validation_selected_route,validation_best_neural,4.24379761137698e-12,0.00022946813211125743,0.00022946812786745982,0.00013189356589593133,0.0003691800359664077,99.99999815059391,99.9999967808561,99.99999886366435,0,GREEN,candidate has lower error; pointwise interval is above zero,exploratory pointwise 95% paired bootstrap; no multiplicity adjustment; no minimum effect requirement
resolution_g64__advection_diffusion__correct,resolution_g64,advection_diffusion,correct,64,test,96,64,False,validation_selected_route,calibrated,4.24379761137698e-12,4.24379761137698e-12,0.0,0.0,0.0,0.0,0.0,0.0,0,BLUE,the compared trajectory scores are identical,exploratory pointwise 95% paired bootstrap; no multiplicity adjustment; no minimum effect requirement
resolution_g64__advection_diffusion__correct,resolution_g64,advection_diffusion,correct,64,ood,64,64,True,calibrated,uncalibrated,1.2217891229070599e-12,1.1812196071789283e-12,-4.056951572813153e-14,-1.1533546757676842e-13,7.205852748290979e-15,-3.434544726617136,-10.438628343509302,0.6012788037457792,0,YELLOW,pointwise interval includes zero,exploratory pointwise 95% paired bootstrap; no multiplicity adjustment; no minimum effect requirement
resolution_g64__advection_diffusion__correct,resolution_g64,advection_diffusion,correct,64,ood,64,64,True,calibrated,validation_best_neural,1.2217891229070599e-12,0.029218411772438724,0.029218411771216934,0.0164455095730357,0.0431085957817494,99.99999999581843,99.99999999250703,99.99999999724506,0,GREEN,candidate has lower error; pointwise interval is above zero,exploratory pointwise 95% paired bootstrap; no multiplicity adjustment; no minimum effect requirement
resolution_g64__advection_diffusion__correct,resolution_g64,advection_diffusion,correct,64,ood,64,64,True,validation_selected_route,validation_best_neural,1.2217891229070599e-12,0.029218411772438724,0.029218411771216934,0.0164455095730357,0.0431085957817494,99.99999999581843,99.99999999250703,99.99999999724506,0,GREEN,candidate has lower error; pointwise interval is above zero,exploratory pointwise 95% paired bootstrap; no multiplicity adjustment; no minimum effect requirement
resolution_g64__advection_diffusion__correct,resolution_g64,advection_diffusion,correct,64,ood,64,64,True,validation_selected_route,calibrated,1.2217891229070599e-12,1.2217891229070599e-12,0.0,0.0,0.0,0.0,0.0,0.0,0,BLUE,the compared trajectory scores are identical,exploratory pointwise 95% paired bootstrap; no multiplicity adjustment; no minimum effect requirement
resolution_g64__advection_diffusion__correct,resolution_g64,advection_diffusion,correct,64,ood,96,64,False,calibrated,uncalibrated,1.844604307790057e-12,1.8031730649039418e-12,-4.1431242886115335e-14,-1.424433088275266e-13,3.9388685670704965e-14,-2.297685324415738,-8.645777600167454,2.135646256204656,0,YELLOW,pointwise interval includes zero,exploratory pointwise 95% paired bootstrap; no multiplicity adjustment; no minimum effect requirement
resolution_g64__advection_diffusion__correct,resolution_g64,advection_diffusion,correct,64,ood,96,64,False,calibrated,validation_best_neural,1.844604307790057e-12,0.0446295084833526,0.044629508481508,0.024257751533872607,0.0670219100533505,99.99999999586686,99.9999999924002,99.99999999732118,0,GREEN,candidate has lower error; pointwise interval is above zero,exploratory pointwise 95% paired bootstrap; no multiplicity adjustment; no minimum effect requirement
resolution_g64__advection_diffusion__correct,resolution_g64,advection_diffusion,correct,64,ood,96,64,False,validation_selected_route,validation_best_neural,1.844604307790057e-12,0.0446295084833526,0.044629508481508,0.024257751533872607,0.0670219100533505,99.99999999586686,99.9999999924002,99.99999999732118,0,GREEN,candidate has lower error; pointwise interval is above zero,exploratory pointwise 95% paired bootstrap; no multiplicity adjustment; no minimum effect requirement
resolution_g64__advection_diffusion__correct,resolution_g64,advection_diffusion,correct,64,ood,96,64,False,validation_selected_route,calibrated,1.844604307790057e-12,1.844604307790057e-12,0.0,0.0,0.0,0.0,0.0,0.0,0,BLUE,the compared trajectory scores are identical,exploratory pointwise 95% paired bootstrap; no multiplicity adjustment; no minimum effect requirement
resolution_g64__allen_cahn__coefficient,resolution_g64,allen_cahn,coefficient,64,test,64,64,True,calibrated,uncalibrated,4.459289287252943e-12,0.005892348846835205,0.005892348842375915,0.0034916973969967937,0.0102801493485477,99.99999992432068,99.9999998675569,99.99999995826528,0,GREEN,candidate has lower error; pointwise interval is above zero,exploratory pointwise 95% paired bootstrap; no multiplicity adjustment; no minimum effect requirement
resolution_g64__allen_cahn__coefficient,resolution_g64,allen_cahn,coefficient,64,test,64,64,True,calibrated,validation_best_neural,4.459289287252943e-12,0.000561304436022262,0.0005613044315629727,0.0003934796926684811,0.0007990817600747035,99.9999992055489,99.99999881150686,99.99999946473028,0,GREEN,candidate has lower error; pointwise interval is above zero,exploratory pointwise 95% paired bootstrap; no multiplicity adjustment; no minimum effect requirement
resolution_g64__allen_cahn__coefficient,resolution_g64,allen_cahn,coefficient,64,test,64,64,True,validation_selected_route,validation_best_neural,4.459289287252943e-12,0.000561304436022262,0.0005613044315629727,0.0003934796926684811,0.0007990817600747035,99.9999992055489,99.99999881150686,99.99999946473028,0,GREEN,candidate has lower error; pointwise interval is above zero,exploratory pointwise 95% paired bootstrap; no multiplicity adjustment; no minimum effect requirement
resolution_g64__allen_cahn__coefficient,resolution_g64,allen_cahn,coefficient,64,test,64,64,True,validation_selected_route,calibrated,4.459289287252943e-12,4.459289287252943e-12,0.0,0.0,0.0,0.0,0.0,0.0,0,BLUE,the compared trajectory scores are identical,exploratory pointwise 95% paired bootstrap; no multiplicity adjustment; no minimum effect requirement
resolution_g64__allen_cahn__coefficient,resolution_g64,allen_cahn,coefficient,64,test,96,64,False,calibrated,uncalibrated,5.8085867827328395e-12,0.006197853370248179,0.006197853364439592,0.0035908466207951423,0.011023772498228574,99.99999990628066,99.99999983086128,99.9999999509188,0,GREEN,candidate has lower error; pointwise interval is above zero,exploratory pointwise 95% paired bootstrap; no multiplicity adjustment; no minimum effect requirement
resolution_g64__allen_cahn__coefficient,resolution_g64,allen_cahn,coefficient,64,test,96,64,False,calibrated,validation_best_neural,5.8085867827328395e-12,0.0010495593193795213,0.0010495593135709347,0.0007646436224178749,0.001390813507406152,99.99999944656899,99.99999918306438,99.99999962175478,0,GREEN,candidate has lower error; pointwise interval is above zero,exploratory pointwise 95% paired bootstrap; no multiplicity adjustment; no minimum effect requirement
resolution_g64__allen_cahn__coefficient,resolution_g64,allen_cahn,coefficient,64,test,96,64,False,validation_selected_route,validation_best_neural,5.8085867827328395e-12,0.0010495593193795213,0.0010495593135709347,0.0007646436224178749,0.001390813507406152,99.99999944656899,99.99999918306438,99.99999962175478,0,GREEN,candidate has lower error; pointwise interval is above zero,exploratory pointwise 95% paired bootstrap; no multiplicity adjustment; no minimum effect requirement
resolution_g64__allen_cahn__coefficient,resolution_g64,allen_cahn,coefficient,64,test,96,64,False,validation_selected_route,calibrated,5.8085867827328395e-12,5.8085867827328395e-12,0.0,0.0,0.0,0.0,0.0,0.0,0,BLUE,the compared trajectory scores are identical,exploratory pointwise 95% paired bootstrap; no multiplicity adjustment; no minimum effect requirement
resolution_g64__allen_cahn__coefficient,resolution_g64,allen_cahn,coefficient,64,ood,64,64,True,calibrated,uncalibrated,1.736785754696435e-11,0.00453687934301783,0.004536879325649973,0.003409413965086748,0.006754773179034807,99.99999961718494,99.99999946245241,99.99999974449707,0,GREEN,candidate has lower error; pointwise interval is above zero,exploratory pointwise 95% paired bootstrap; no multiplicity adjustment; no minimum effect requirement
resolution_g64__allen_cahn__coefficient,resolution_g64,allen_cahn,coefficient,64,ood,64,64,True,calibrated,validation_best_neural,1.736785754696435e-11,0.009629759152993245,0.009629759135625388,0.0037936719402041573,0.016098611423350215,99.9999998196439,99.9999995406166,99.99999989519411,0,GREEN,candidate has lower error; pointwise interval is above zero,exploratory pointwise 95% paired bootstrap; no multiplicity adjustment; no minimum effect requirement
resolution_g64__allen_cahn__coefficient,resolution_g64,allen_cahn,coefficient,64,ood,64,64,True,validation_selected_route,validation_best_neural,1.736785754696435e-11,0.009629759152993245,0.009629759135625388,0.0037936719402041573,0.016098611423350215,99.9999998196439,99.9999995406166,99.99999989519411,0,GREEN,candidate has lower error; pointwise interval is above zero,exploratory pointwise 95% paired bootstrap; no multiplicity adjustment; no minimum effect requirement
resolution_g64__allen_cahn__coefficient,resolution_g64,allen_cahn,coefficient,64,ood,64,64,True,validation_selected_route,calibrated,1.736785754696435e-11,1.736785754696435e-11,0.0,0.0,0.0,0.0,0.0,0.0,0,BLUE,the compared trajectory scores are identical,exploratory pointwise 95% paired bootstrap; no multiplicity adjustment; no minimum effect requirement
resolution_g64__allen_cahn__coefficient,resolution_g64,allen_cahn,coefficient,64,ood,96,64,False,calibrated,uncalibrated,1.848751596434639e-11,0.004276018451811581,0.0042760184333240645,0.0035113485886999504,0.005765567913340064,99.99999956764648,99.99999944918187,99.99999967427645,0,GREEN,candidate has lower error; pointwise interval is above zero,exploratory pointwise 95% paired bootstrap; no multiplicity adjustment; no minimum effect requirement
resolution_g64__allen_cahn__coefficient,resolution_g64,allen_cahn,coefficient,64,ood,96,64,False,calibrated,validation_best_neural,1.848751596434639e-11,0.01904584887275007,0.019045848854262554,0.0073077037847284,0.03198647354351312,99.9999999029315,99.99999974079034,99.99999994353367,0,GREEN,candidate has lower error; pointwise interval is above zero,exploratory pointwise 95% paired bootstrap; no multiplicity adjustment; no minimum effect requirement
resolution_g64__allen_cahn__coefficient,resolution_g64,allen_cahn,coefficient,64,ood,96,64,False,validation_selected_route,validation_best_neural,1.8487515964346392e-11,0.01904584887275007,0.019045848854262554,0.0073077037847284,0.03198647354351312,99.9999999029315,99.99999974079034,99.99999994353367,0,GREEN,candidate has lower error; pointwise interval is above zero,exploratory pointwise 95% paired bootstrap; no multiplicity adjustment; no minimum effect requirement
resolution_g64__allen_cahn__coefficient,resolution_g64,allen_cahn,coefficient,64,ood,96,64,False,validation_selected_route,calibrated,1.8487515964346392e-11,1.848751596434639e-11,0.0,0.0,0.0,0.0,0.0,0.0,0,BLUE,the compared trajectory scores are identical,exploratory pointwise 95% paired bootstrap; no multiplicity adjustment; no minimum effect requirement
resolution_g64__allen_cahn__correct,resolution_g64,allen_cahn,correct,64,test,64,64,True,calibrated,uncalibrated,4.327346222366756e-12,1.5865641571990046e-12,-2.7407820651677515e-12,-4.180081189731357e-12,-1.5178294303506589e-12,-172.7495262471111,-270.39561278531966,-94.52322532369129,0,RED,candidate has higher error; pointwise interval is below zero,exploratory pointwise 95% paired bootstrap; no multiplicity adjustment; no minimum effect requirement
resolution_g64__allen_cahn__correct,resolution_g64,allen_cahn,correct,64,test,64,64,True,calibrated,validation_best_neural,4.327346222366756e-12,0.0002268041218828499,0.00022680411755550365,0.00015276193165195926,0.0003243470216566717,99.99999809203369,99.99999733053363,99.9999986231305,0,GREEN,candidate has lower error; pointwise interval is above zero,exploratory pointwise 95% paired bootstrap; no multiplicity adjustment; no minimum effect requirement
resolution_g64__allen_cahn__correct,resolution_g64,allen_cahn,correct,64,test,64,64,True,validation_selected_route,validation_best_neural,4.327346222366756e-12,0.0002268041218828499,0.00022680411755550365,0.00015276193165195926,0.0003243470216566717,99.99999809203369,99.99999733053363,99.9999986231305,0,GREEN,candidate has lower error; pointwise interval is above zero,exploratory pointwise 95% paired bootstrap; no multiplicity adjustment; no minimum effect requirement
resolution_g64__allen_cahn__correct,resolution_g64,allen_cahn,correct,64,test,64,64,True,validation_selected_route,calibrated,4.327346222366756e-12,4.327346222366756e-12,0.0,0.0,0.0,0.0,0.0,0.0,0,BLUE,the compared trajectory scores are identical,exploratory pointwise 95% paired bootstrap; no multiplicity adjustment; no minimum effect requirement
resolution_g64__allen_cahn__correct,resolution_g64,allen_cahn,correct,64,test,96,64,False,calibrated,uncalibrated,5.660266113295494e-12,1.6179883314044244e-12,-4.04227778189107e-12,-5.680778556852415e-12,-2.6340445004416673e-12,-249.83355586886998,-365.36835969027635,-158.85635008374058,0,RED,candidate has higher error; pointwise interval is below zero,exploratory pointwise 95% paired bootstrap; no multiplicity adjustment; no minimum effect requirement
resolution_g64__allen_cahn__correct,resolution_g64,allen_cahn,correct,64,test,96,64,False,calibrated,validation_best_neural,5.660266113295494e-12,0.000346266071863639,0.0003462660662033729,0.0002689799936858311,0.0004374485963114503,99.99999836534198,99.9999978570754,99.99999876239525,0,GREEN,candidate has lower error; pointwise interval is above zero,exploratory pointwise 95% paired bootstrap; no multiplicity adjustment; no minimum effect requirement
resolution_g64__allen_cahn__correct,resolution_g64,allen_cahn,correct,64,test,96,64,False,validation_selected_route,validation_best_neural,5.660266113295494e-12,0.000346266071863639,0.0003462660662033729,0.0002689799936858311,0.0004374485963114503,99.99999836534198,99.9999978570754,99.99999876239525,0,GREEN,candidate has lower error; pointwise interval is above zero,exploratory pointwise 95% paired bootstrap; no multiplicity adjustment; no minimum effect requirement
resolution_g64__allen_cahn__correct,resolution_g64,allen_cahn,correct,64,test,96,64,False,validation_selected_route,calibrated,5.660266113295494e-12,5.660266113295494e-12,0.0,0.0,0.0,0.0,0.0,0.0,0,BLUE,the compared trajectory scores are identical,exploratory pointwise 95% paired bootstrap; no multiplicity adjustment; no minimum effect requirement
resolution_g64__allen_cahn__correct,resolution_g64,allen_cahn,correct,64,ood,64,64,True,calibrated,uncalibrated,1.7237402552764397e-11,1.547483975441897e-11,-1.7625627983454272e-12,-3.4827707504230558e-12,-3.210061216842954e-13,-11.38986138995147,-23.7884969132643,-2.0403890298300977,0,RED,candidate has higher error; pointwise interval is below zero,exploratory pointwise 95% paired bootstrap; no multiplicity adjustment; no minimum effect requirement
resolution_g64__allen_cahn__correct,resolution_g64,allen_cahn,correct,64,ood,64,64,True,calibrated,validation_best_neural,1.7237402552764397e-11,0.0077948854159254274,0.007794885398688025,0.0023609995394518898,0.016906081277863697,99.99999977886266,99.99999927033718,99.99999989870363,0,GREEN,candidate has lower error; pointwise interval is above zero,exploratory pointwise 95% paired bootstrap; no multiplicity adjustment; no minimum effect requirement
resolution_g64__allen_cahn__correct,resolution_g64,allen_cahn,correct,64,ood,64,64,True,validation_selected_route,validation_best_neural,1.7237402552764397e-11,0.0077948854159254274,0.007794885398688025,0.0023609995394518898,0.016906081277863697,99.99999977886266,99.99999927033718,99.99999989870363,0,GREEN,candidate has lower error; pointwise interval is above zero,exploratory pointwise 95% paired bootstrap; no multiplicity adjustment; no minimum effect requirement
resolution_g64__allen_cahn__correct,resolution_g64,allen_cahn,correct,64,ood,64,64,True,validation_selected_route,calibrated,1.7237402552764397e-11,1.7237402552764397e-11,0.0,0.0,0.0,0.0,0.0,0.0,0,BLUE,the compared trajectory scores are identical,exploratory pointwise 95% paired bootstrap; no multiplicity adjustment; no minimum effect requirement
resolution_g64__allen_cahn__correct,resolution_g64,allen_cahn,correct,64,ood,96,64,False,calibrated,uncalibrated,1.83696531192993e-11,1.4330699334722319e-11,-4.038953784576982e-12,-6.394973638688635e-12,-2.0399838361115646e-12,-28.183926619623293,-46.63017974782981,-13.747117713135923,0,RED,candidate has higher error; pointwise interval is below zero,exploratory pointwise 95% paired bootstrap; no multiplicity adjustment; no minimum effect requirement
resolution_g64__allen_cahn__correct,resolution_g64,allen_cahn,correct,64,ood,96,64,False,calibrated,validation_best_neural,1.83696531192993e-11,0.015770853050035408,0.015770853031665755,0.004634154132682616,0.03439463728921358,99.9999998835215,99.9999996018136,99.9999999465917,0,GREEN,candidate has lower error; pointwise interval is above zero,exploratory pointwise 95% paired bootstrap; no multiplicity adjustment; no minimum effect requirement
resolution_g64__allen_cahn__correct,resolution_g64,allen_cahn,correct,64,ood,96,64,False,validation_selected_route,validation_best_neural,1.83696531192993e-11,0.015770853050035408,0.015770853031665755,0.004634154132682616,0.03439463728921358,99.9999998835215,99.9999996018136,99.9999999465917,0,GREEN,candidate has lower error; pointwise interval is above zero,exploratory pointwise 95% paired bootstrap; no multiplicity adjustment; no minimum effect requirement
resolution_g64__allen_cahn__correct,resolution_g64,allen_cahn,correct,64,ood,96,64,False,validation_selected_route,calibrated,1.83696531192993e-11,1.83696531192993e-11,0.0,0.0,0.0,0.0,0.0,0.0,0,BLUE,the compared trajectory scores are identical,exploratory pointwise 95% paired bootstrap; no multiplicity adjustment; no minimum effect requirement
resolution_g64__wave__coefficient,resolution_g64,wave,coefficient,64,test,64,64,True,calibrated,uncalibrated,4.903911291722245e-12,0.41355079302842057,0.41355079302351666,0.3672044279559961,0.45982513003997616,99.9999999988142,99.9999999987059,99.99999999892161,0,GREEN,candidate has lower error; pointwise interval is above zero,exploratory pointwise 95% paired bootstrap; no multiplicity adjustment; no minimum effect requirement
resolution_g64__wave__coefficient,resolution_g64,wave,coefficient,64,test,64,64,True,calibrated,validation_best_neural,4.903911291722245e-12,0.0003730382182466365,0.0003730382133427252,0.0003146568385975787,0.0004356620460420771,99.99999868541317,99.99999846940432,99.99999884824987,0,GREEN,candidate has lower error; pointwise interval is above zero,exploratory pointwise 95% paired bootstrap; no multiplicity adjustment; no minimum effect requirement
resolution_g64__wave__coefficient,resolution_g64,wave,coefficient,64,test,64,64,True,validation_selected_route,validation_best_neural,4.903911291722245e-12,0.0003730382182466365,0.0003730382133427252,0.0003146568385975787,0.0004356620460420771,99.99999868541317,99.99999846940432,99.99999884824987,0,GREEN,candidate has lower error; pointwise interval is above zero,exploratory pointwise 95% paired bootstrap; no multiplicity adjustment; no minimum effect requirement
resolution_g64__wave__coefficient,resolution_g64,wave,coefficient,64,test,64,64,True,validation_selected_route,calibrated,4.903911291722245e-12,4.903911291722245e-12,0.0,0.0,0.0,0.0,0.0,0.0,0,BLUE,the compared trajectory scores are identical,exploratory pointwise 95% paired bootstrap; no multiplicity adjustment; no minimum effect requirement
resolution_g64__wave__coefficient,resolution_g64,wave,coefficient,64,test,96,64,False,calibrated,uncalibrated,7.061918553964398e-12,0.602408414771304,0.6024084147642421,0.5406229027278765,0.6660217742179891,99.99999999882772,99.999999998745,99.9999999989111,0,GREEN,candidate has lower error; pointwise interval is above zero,exploratory pointwise 95% paired bootstrap; no multiplicity adjustment; no minimum effect requirement
resolution_g64__wave__coefficient,resolution_g64,wave,coefficient,64,test,96,64,False,calibrated,validation_best_neural,7.061918553964398e-12,0.0006323353923748025,0.000632335385312884,0.0005202228994497613,0.0007504760527047006,99.99999888320049,99.99999868322243,99.99999901730995,0,GREEN,candidate has lower error; pointwise interval is above zero,exploratory pointwise 95% paired bootstrap; no multiplicity adjustment; no minimum effect requirement
resolution_g64__wave__coefficient,resolution_g64,wave,coefficient,64,test,96,64,False,validation_selected_route,validation_best_neural,7.0619185539643974e-12,0.0006323353923748025,0.000632335385312884,0.0005202228994497613,0.0007504760527047006,99.99999888320049,99.99999868322243,99.99999901730995,0,GREEN,candidate has lower error; pointwise interval is above zero,exploratory pointwise 95% paired bootstrap; no multiplicity adjustment; no minimum effect requirement
resolution_g64__wave__coefficient,resolution_g64,wave,coefficient,64,test,96,64,False,validation_selected_route,calibrated,7.0619185539643974e-12,7.061918553964398e-12,0.0,0.0,0.0,0.0,0.0,0.0,0,BLUE,the compared trajectory scores are identical,exploratory pointwise 95% paired bootstrap; no multiplicity adjustment; no minimum effect requirement
resolution_g64__wave__coefficient,resolution_g64,wave,coefficient,64,ood,64,64,True,calibrated,uncalibrated,1.568312456346893e-11,0.694753454753851,0.6947534547381679,0.6494864456793706,0.7418919350984,99.99999999774263,99.99999999760801,99.99999999787498,0,GREEN,candidate has lower error; pointwise interval is above zero,exploratory pointwise 95% paired bootstrap; no multiplicity adjustment; no minimum effect requirement
resolution_g64__wave__coefficient,resolution_g64,wave,coefficient,64,ood,64,64,True,calibrated,validation_best_neural,1.568312456346893e-11,0.06763288631200037,0.06763288629631725,0.04381114930261344,0.09467704175277485,99.99999997681141,99.99999996481516,99.9999999829281,0,GREEN,candidate has lower error; pointwise interval is above zero,exploratory pointwise 95% paired bootstrap; no multiplicity adjustment; no minimum effect requirement
resolution_g64__wave__coefficient,resolution_g64,wave,coefficient,64,ood,64,64,True,validation_selected_route,validation_best_neural,1.568312456346893e-11,0.06763288631200037,0.06763288629631725,0.04381114930261344,0.09467704175277485,99.99999997681141,99.99999996481516,99.9999999829281,0,GREEN,candidate has lower error; pointwise interval is above zero,exploratory pointwise 95% paired bootstrap; no multiplicity adjustment; no minimum effect requirement
resolution_g64__wave__coefficient,resolution_g64,wave,coefficient,64,ood,64,64,True,validation_selected_route,calibrated,1.568312456346893e-11,1.568312456346893e-11,0.0,0.0,0.0,0.0,0.0,0.0,0,BLUE,the compared trajectory scores are identical,exploratory pointwise 95% paired bootstrap; no multiplicity adjustment; no minimum effect requirement
resolution_g64__wave__coefficient,resolution_g64,wave,coefficient,64,ood,96,64,False,calibrated,uncalibrated,2.48979026028525e-11,0.8587812158823643,0.8587812158574665,0.8027857784897253,0.9180407684011003,99.99999999710079,99.99999999688818,99.99999999730457,0,GREEN,candidate has lower error; pointwise interval is above zero,exploratory pointwise 95% paired bootstrap; no multiplicity adjustment; no minimum effect requirement
resolution_g64__wave__coefficient,resolution_g64,wave,coefficient,64,ood,96,64,False,calibrated,validation_best_neural,2.48979026028525e-11,0.12354429947604888,0.12354429945115097,0.08186484903351975,0.17029302959581802,99.99999997984698,99.99999997007143,99.99999998497309,0,GREEN,candidate has lower error; pointwise interval is above zero,exploratory pointwise 95% paired bootstrap; no multiplicity adjustment; no minimum effect requirement
resolution_g64__wave__coefficient,resolution_g64,wave,coefficient,64,ood,96,64,False,validation_selected_route,validation_best_neural,2.48979026028525e-11,0.12354429947604888,0.12354429945115097,0.08186484903351975,0.17029302959581802,99.99999997984698,99.99999997007143,99.99999998497309,0,GREEN,candidate has lower error; pointwise interval is above zero,exploratory pointwise 95% paired bootstrap; no multiplicity adjustment; no minimum effect requirement
resolution_g64__wave__coefficient,resolution_g64,wave,coefficient,64,ood,96,64,False,validation_selected_route,calibrated,2.48979026028525e-11,2.48979026028525e-11,0.0,0.0,0.0,0.0,0.0,0.0,0,BLUE,the compared trajectory scores are identical,exploratory pointwise 95% paired bootstrap; no multiplicity adjustment; no minimum effect requirement
resolution_g64__wave__correct,resolution_g64,wave,correct,64,test,64,64,True,calibrated,uncalibrated,5.11714806462174e-12,5.343184139531495e-12,2.260360749097556e-13,-3.566889511050045e-13,8.007907417913996e-13,4.230362813765484,-6.984255167734656,13.926751573191716,0,YELLOW,pointwise interval includes zero,exploratory pointwise 95% paired bootstrap; no multiplicity adjustment; no minimum effect requirement
resolution_g64__wave__correct,resolution_g64,wave,correct,64,test,64,64,True,calibrated,validation_best_neural,5.11714806462174e-12,0.00013402154539991665,0.0001340215402827686,0.00010408890574049473,0.00017416345411696204,99.99999618184671,99.99999499964692,99.99999712616365,0,GREEN,candidate has lower error; pointwise interval is above zero,exploratory pointwise 95% paired bootstrap; no multiplicity adjustment; no minimum effect requirement
resolution_g64__wave__correct,resolution_g64,wave,correct,64,test,64,64,True,validation_selected_route,validation_best_neural,5.11714806462174e-12,0.00013402154539991665,0.0001340215402827686,0.00010408890574049473,0.00017416345411696204,99.99999618184671,99.99999499964692,99.99999712616365,0,GREEN,candidate has lower error; pointwise interval is above zero,exploratory pointwise 95% paired bootstrap; no multiplicity adjustment; no minimum effect requirement
resolution_g64__wave__correct,resolution_g64,wave,correct,64,test,64,64,True,validation_selected_route,calibrated,5.11714806462174e-12,5.11714806462174e-12,0.0,0.0,0.0,0.0,0.0,0.0,0,BLUE,the compared trajectory scores are identical,exploratory pointwise 95% paired bootstrap; no multiplicity adjustment; no minimum effect requirement
resolution_g64__wave__correct,resolution_g64,wave,correct,64,test,96,64,False,calibrated,uncalibrated,7.331603558549925e-12,7.787434668506281e-12,4.558311099563561e-13,-2.3917765285443465e-13,1.1036550698834066e-12,5.853418094148708,-3.290152423822742,13.381947722797642,0,YELLOW,pointwise interval includes zero,exploratory pointwise 95% paired bootstrap; no multiplicity adjustment; no minimum effect requirement
resolution_g64__wave__correct,resolution_g64,wave,correct,64,test,96,64,False,calibrated,validation_best_neural,7.331603558549925e-12,0.00023098094513132535,0.0002309809377997218,0.00017394711115195904,0.000305184639218272,99.99999682588383,99.99999575871689,99.99999763112532,0,GREEN,candidate has lower error; pointwise interval is above zero,exploratory pointwise 95% paired bootstrap; no multiplicity adjustment; no minimum effect requirement
resolution_g64__wave__correct,resolution_g64,wave,correct,64,test,96,64,False,validation_selected_route,validation_best_neural,7.331603558549925e-12,0.00023098094513132535,0.0002309809377997218,0.00017394711115195904,0.000305184639218272,99.99999682588383,99.99999575871689,99.99999763112532,0,GREEN,candidate has lower error; pointwise interval is above zero,exploratory pointwise 95% paired bootstrap; no multiplicity adjustment; no minimum effect requirement
resolution_g64__wave__correct,resolution_g64,wave,correct,64,test,96,64,False,validation_selected_route,calibrated,7.331603558549925e-12,7.331603558549925e-12,0.0,0.0,0.0,0.0,0.0,0.0,0,BLUE,the compared trajectory scores are identical,exploratory pointwise 95% paired bootstrap; no multiplicity adjustment; no minimum effect requirement
resolution_g64__wave__correct,resolution_g64,wave,correct,64,ood,64,64,True,calibrated,uncalibrated,1.6573773825949924e-11,1.7725150830181422e-11,1.151377004231498e-12,4.903754594523231e-13,1.7858200231357475e-12,6.495724720553553,2.797360138870347,9.968281314379476,0,GREEN,candidate has lower error; pointwise interval is above zero,exploratory pointwise 95% paired bootstrap; no multiplicity adjustment; no minimum effect requirement
resolution_g64__wave__correct,resolution_g64,wave,correct,64,ood,64,64,True,calibrated,validation_best_neural,1.6573773825949924e-11,0.043996854592213586,0.04399685457563981,0.027931859083430755,0.06067221515709343,99.99999996232964,99.99999994148075,99.99999997203444,0,GREEN,candidate has lower error; pointwise interval is above zero,exploratory pointwise 95% paired bootstrap; no multiplicity adjustment; no minimum effect requirement
resolution_g64__wave__correct,resolution_g64,wave,correct,64,ood,64,64,True,validation_selected_route,validation_best_neural,1.6573773825949924e-11,0.043996854592213586,0.04399685457563981,0.027931859083430755,0.06067221515709343,99.99999996232964,99.99999994148075,99.99999997203444,0,GREEN,candidate has lower error; pointwise interval is above zero,exploratory pointwise 95% paired bootstrap; no multiplicity adjustment; no minimum effect requirement
resolution_g64__wave__correct,resolution_g64,wave,correct,64,ood,64,64,True,validation_selected_route,calibrated,1.6573773825949924e-11,1.6573773825949924e-11,0.0,0.0,0.0,0.0,0.0,0.0,0,BLUE,the compared trajectory scores are identical,exploratory pointwise 95% paired bootstrap; no multiplicity adjustment; no minimum effect requirement
resolution_g64__wave__correct,resolution_g64,wave,correct,64,ood,96,64,False,calibrated,uncalibrated,2.576986783766128e-11,2.8318684037254268e-11,2.548816199592987e-12,1.861613037546761e-12,3.2551329398285738e-12,9.000475432544556,6.705489098630141,11.154993708798946,0,GREEN,candidate has lower error; pointwise interval is above zero,exploratory pointwise 95% paired bootstrap; no multiplicity adjustment; no minimum effect requirement
resolution_g64__wave__correct,resolution_g64,wave,correct,64,ood,96,64,False,calibrated,validation_best_neural,2.576986783766128e-11,0.0753032615253475,0.07530326149957763,0.047764734050067495,0.10408023719723249,99.99999996577854,99.99999994701294,99.99999997452403,0,GREEN,candidate has lower error; pointwise interval is above zero,exploratory pointwise 95% paired bootstrap; no multiplicity adjustment; no minimum effect requirement
resolution_g64__wave__correct,resolution_g64,wave,correct,64,ood,96,64,False,validation_selected_route,validation_best_neural,2.576986783766128e-11,0.0753032615253475,0.07530326149957763,0.047764734050067495,0.10408023719723249,99.99999996577854,99.99999994701294,99.99999997452403,0,GREEN,candidate has lower error; pointwise interval is above zero,exploratory pointwise 95% paired bootstrap; no multiplicity adjustment; no minimum effect requirement
resolution_g64__wave__correct,resolution_g64,wave,correct,64,ood,96,64,False,validation_selected_route,calibrated,2.576986783766128e-11,2.576986783766128e-11,0.0,0.0,0.0,0.0,0.0,0.0,0,BLUE,the compared trajectory scores are identical,exploratory pointwise 95% paired bootstrap; no multiplicity adjustment; no minimum effect requirement
selector_g64__cahn_hilliard__coefficient,selector_g64,cahn_hilliard,coefficient,64,test,64,64,True,calibrated,uncalibrated,2.0521260467116596e-12,0.11407926531838708,0.11407926531633496,0.09262647310833581,0.1374203794691196,99.99999999820115,99.9999999974618,99.99999999877481,0,GREEN,candidate has lower error; pointwise interval is above zero,exploratory pointwise 95% paired bootstrap; no multiplicity adjustment; no minimum effect requirement
selector_g64__cahn_hilliard__coefficient,selector_g64,cahn_hilliard,coefficient,64,test,64,64,True,calibrated,validation_best_neural,2.0521260467116596e-12,4.568056205063195e-05,4.56805599985059e-05,3.487036230081451e-05,5.851495838985885e-05,99.99999550766024,99.99999382055971,99.9999968033629,0,GREEN,candidate has lower error; pointwise interval is above zero,exploratory pointwise 95% paired bootstrap; no multiplicity adjustment; no minimum effect requirement
selector_g64__cahn_hilliard__coefficient,selector_g64,cahn_hilliard,coefficient,64,test,64,64,True,validation_selected_route,validation_best_neural,2.0521260467116596e-12,4.568056205063195e-05,4.56805599985059e-05,3.487036230081451e-05,5.851495838985885e-05,99.99999550766024,99.99999382055971,99.9999968033629,0,GREEN,candidate has lower error; pointwise interval is above zero,exploratory pointwise 95% paired bootstrap; no multiplicity adjustment; no minimum effect requirement
selector_g64__cahn_hilliard__coefficient,selector_g64,cahn_hilliard,coefficient,64,test,64,64,True,validation_selected_route,calibrated,2.0521260467116596e-12,2.0521260467116596e-12,0.0,0.0,0.0,0.0,0.0,0.0,0,BLUE,the compared trajectory scores are identical,exploratory pointwise 95% paired bootstrap; no multiplicity adjustment; no minimum effect requirement
selector_g64__cahn_hilliard__coefficient,selector_g64,cahn_hilliard,coefficient,64,test,96,64,False,calibrated,uncalibrated,4.477537038268508e-12,0.13394824363025687,0.13394824362577934,0.1039565786809348,0.16711428143062526,99.99999999665727,99.99999999530331,99.99999999768374,0,GREEN,candidate has lower error; pointwise interval is above zero,exploratory pointwise 95% paired bootstrap; no multiplicity adjustment; no minimum effect requirement
selector_g64__cahn_hilliard__coefficient,selector_g64,cahn_hilliard,coefficient,64,test,96,64,False,calibrated,validation_best_neural,4.477537038268508e-12,7.426414381371211e-05,7.426413933617508e-05,5.440020586403162e-05,9.721956207636324e-05,99.99999397079559,99.99999143163994,99.99999576882475,0,GREEN,candidate has lower error; pointwise interval is above zero,exploratory pointwise 95% paired bootstrap; no multiplicity adjustment; no minimum effect requirement
selector_g64__cahn_hilliard__coefficient,selector_g64,cahn_hilliard,coefficient,64,test,96,64,False,validation_selected_route,validation_best_neural,4.477537038268507e-12,7.426414381371211e-05,7.426413933617508e-05,5.440020586403162e-05,9.721956207636324e-05,99.99999397079559,99.99999143163994,99.99999576882475,0,GREEN,candidate has lower error; pointwise interval is above zero,exploratory pointwise 95% paired bootstrap; no multiplicity adjustment; no minimum effect requirement
selector_g64__cahn_hilliard__coefficient,selector_g64,cahn_hilliard,coefficient,64,test,96,64,False,validation_selected_route,calibrated,4.477537038268507e-12,4.477537038268508e-12,0.0,0.0,0.0,0.0,0.0,0.0,0,BLUE,the compared trajectory scores are identical,exploratory pointwise 95% paired bootstrap; no multiplicity adjustment; no minimum effect requirement
selector_g64__cahn_hilliard__coefficient,selector_g64,cahn_hilliard,coefficient,64,ood,64,64,True,calibrated,uncalibrated,5.3164795871662e-12,0.07848093674788537,0.07848093674256888,0.06181010351820553,0.09973864541848126,99.99999999322576,99.99999999069087,99.99999999519076,0,GREEN,candidate has lower error; pointwise interval is above zero,exploratory pointwise 95% paired bootstrap; no multiplicity adjustment; no minimum effect requirement
selector_g64__cahn_hilliard__coefficient,selector_g64,cahn_hilliard,coefficient,64,ood,64,64,True,calibrated,validation_best_neural,5.3164795871662e-12,0.0018641371714135525,0.0018641371660970728,0.001014899493732298,0.002768879638744875,99.99999971480213,99.99999947723357,99.99999980866592,0,GREEN,candidate has lower error; pointwise interval is above zero,exploratory pointwise 95% paired bootstrap; no multiplicity adjustment; no minimum effect requirement
selector_g64__cahn_hilliard__coefficient,selector_g64,cahn_hilliard,coefficient,64,ood,64,64,True,validation_selected_route,validation_best_neural,5.3164795871662e-12,0.0018641371714135525,0.0018641371660970728,0.001014899493732298,0.002768879638744875,99.99999971480213,99.99999947723357,99.99999980866592,0,GREEN,candidate has lower error; pointwise interval is above zero,exploratory pointwise 95% paired bootstrap; no multiplicity adjustment; no minimum effect requirement
selector_g64__cahn_hilliard__coefficient,selector_g64,cahn_hilliard,coefficient,64,ood,64,64,True,validation_selected_route,calibrated,5.3164795871662e-12,5.3164795871662e-12,0.0,0.0,0.0,0.0,0.0,0.0,0,BLUE,the compared trajectory scores are identical,exploratory pointwise 95% paired bootstrap; no multiplicity adjustment; no minimum effect requirement
selector_g64__cahn_hilliard__coefficient,selector_g64,cahn_hilliard,coefficient,64,ood,96,64,False,calibrated,uncalibrated,7.53598654511301e-12,0.07536823740947676,0.07536823740194078,0.055329805825205886,0.10326135509228035,99.99999999000111,99.99999998572149,99.99999999309932,0,GREEN,candidate has lower error; pointwise interval is above zero,exploratory pointwise 95% paired bootstrap; no multiplicity adjustment; no minimum effect requirement
selector_g64__cahn_hilliard__coefficient,selector_g64,cahn_hilliard,coefficient,64,ood,96,64,False,calibrated,validation_best_neural,7.53598654511301e-12,0.0027540344269025205,0.002754034419366534,0.0014248550375643189,0.004269204267355504,99.99999972636556,99.99999947523098,99.99999982247537,0,GREEN,candidate has lower error; pointwise interval is above zero,exploratory pointwise 95% paired bootstrap; no multiplicity adjustment; no minimum effect requirement
selector_g64__cahn_hilliard__coefficient,selector_g64,cahn_hilliard,coefficient,64,ood,96,64,False,validation_selected_route,validation_best_neural,7.53598654511301e-12,0.0027540344269025205,0.002754034419366534,0.0014248550375643189,0.004269204267355504,99.99999972636556,99.99999947523098,99.99999982247537,0,GREEN,candidate has lower error; pointwise interval is above zero,exploratory pointwise 95% paired bootstrap; no multiplicity adjustment; no minimum effect requirement
selector_g64__cahn_hilliard__coefficient,selector_g64,cahn_hilliard,coefficient,64,ood,96,64,False,validation_selected_route,calibrated,7.53598654511301e-12,7.53598654511301e-12,0.0,0.0,0.0,0.0,0.0,0.0,0,BLUE,the compared trajectory scores are identical,exploratory pointwise 95% paired bootstrap; no multiplicity adjustment; no minimum effect requirement
selector_g64__cahn_hilliard__correct,selector_g64,cahn_hilliard,correct,64,test,64,64,True,calibrated,uncalibrated,2.3867937536463058e-12,2.655886420299992e-12,2.6909266665368617e-13,-5.289455914766687e-14,6.272357103613029e-13,10.131934279903852,-2.022017415320932,22.71214316914395,0,YELLOW,pointwise interval includes zero,exploratory pointwise 95% paired bootstrap; no multiplicity adjustment; no minimum effect requirement
selector_g64__cahn_hilliard__correct,selector_g64,cahn_hilliard,correct,64,test,64,64,True,calibrated,validation_best_neural,2.3867937536463058e-12,2.9142350279843772e-05,2.914234789305002e-05,2.2171352943064367e-05,3.786566998153454e-05,99.99999180987899,99.99998864094259,99.9999941418058,0,GREEN,candidate has lower error; pointwise interval is above zero,exploratory pointwise 95% paired bootstrap; no multiplicity adjustment; no minimum effect requirement
selector_g64__cahn_hilliard__correct,selector_g64,cahn_hilliard,correct,64,test,64,64,True,validation_selected_route,validation_best_neural,2.3867937536463058e-12,2.9142350279843772e-05,2.914234789305002e-05,2.2171352943064367e-05,3.786566998153454e-05,99.99999180987899,99.99998864094259,99.9999941418058,0,GREEN,candidate has lower error; pointwise interval is above zero,exploratory pointwise 95% paired bootstrap; no multiplicity adjustment; no minimum effect requirement
selector_g64__cahn_hilliard__correct,selector_g64,cahn_hilliard,correct,64,test,64,64,True,validation_selected_route,calibrated,2.3867937536463058e-12,2.3867937536463058e-12,0.0,0.0,0.0,0.0,0.0,0.0,0,BLUE,the compared trajectory scores are identical,exploratory pointwise 95% paired bootstrap; no multiplicity adjustment; no minimum effect requirement
selector_g64__cahn_hilliard__correct,selector_g64,cahn_hilliard,correct,64,test,96,64,False,calibrated,uncalibrated,5.075223743046921e-12,5.885077979867801e-12,8.098542368208801e-13,1.694585463366326e-14,1.7064646155907513e-12,13.761147084053968,0.30330376719362523,27.643394861822557,0,GREEN,candidate has lower error; pointwise interval is above zero,exploratory pointwise 95% paired bootstrap; no multiplicity adjustment; no minimum effect requirement
selector_g64__cahn_hilliard__correct,selector_g64,cahn_hilliard,correct,64,test,96,64,False,calibrated,validation_best_neural,5.075223743046921e-12,4.962145645013736e-05,4.962145137491362e-05,3.499545104357369e-05,6.724796450492536e-05,99.99998977211855,99.99998506474834,99.99999278422607,0,GREEN,candidate has lower error; pointwise interval is above zero,exploratory pointwise 95% paired bootstrap; no multiplicity adjustment; no minimum effect requirement
selector_g64__cahn_hilliard__correct,selector_g64,cahn_hilliard,correct,64,test,96,64,False,validation_selected_route,validation_best_neural,5.075223743046921e-12,4.962145645013736e-05,4.962145137491362e-05,3.499545104357369e-05,6.724796450492536e-05,99.99998977211855,99.99998506474834,99.99999278422607,0,GREEN,candidate has lower error; pointwise interval is above zero,exploratory pointwise 95% paired bootstrap; no multiplicity adjustment; no minimum effect requirement
selector_g64__cahn_hilliard__correct,selector_g64,cahn_hilliard,correct,64,test,96,64,False,validation_selected_route,calibrated,5.075223743046921e-12,5.075223743046921e-12,0.0,0.0,0.0,0.0,0.0,0.0,0,BLUE,the compared trajectory scores are identical,exploratory pointwise 95% paired bootstrap; no multiplicity adjustment; no minimum effect requirement
selector_g64__cahn_hilliard__correct,selector_g64,cahn_hilliard,correct,64,ood,64,64,True,calibrated,uncalibrated,5.976119406982119e-12,6.6203208247469464e-12,6.442014177648273e-13,7.68362284696153e-14,1.3281073641391371e-12,9.730667664273675,1.285653303393747,18.703877500325877,0,GREEN,candidate has lower error; pointwise interval is above zero,exploratory pointwise 95% paired bootstrap; no multiplicity adjustment; no minimum effect requirement
selector_g64__cahn_hilliard__correct,selector_g64,cahn_hilliard,correct,64,ood,64,64,True,calibrated,validation_best_neural,5.976119406982119e-12,0.0020215444858378557,0.0020215444798617364,0.0010956059445591346,0.0031286744343753453,99.99999970437854,99.9999994425469,99.99999981544207,0,GREEN,candidate has lower error; pointwise interval is above zero,exploratory pointwise 95% paired bootstrap; no multiplicity adjustment; no minimum effect requirement
selector_g64__cahn_hilliard__correct,selector_g64,cahn_hilliard,correct,64,ood,64,64,True,validation_selected_route,validation_best_neural,5.976119406982119e-12,0.0020215444858378557,0.0020215444798617364,0.0010956059445591346,0.0031286744343753453,99.99999970437854,99.9999994425469,99.99999981544207,0,GREEN,candidate has lower error; pointwise interval is above zero,exploratory pointwise 95% paired bootstrap; no multiplicity adjustment; no minimum effect requirement
selector_g64__cahn_hilliard__correct,selector_g64,cahn_hilliard,correct,64,ood,64,64,True,validation_selected_route,calibrated,5.976119406982119e-12,5.976119406982119e-12,0.0,0.0,0.0,0.0,0.0,0.0,0,BLUE,the compared trajectory scores are identical,exploratory pointwise 95% paired bootstrap; no multiplicity adjustment; no minimum effect requirement
selector_g64__cahn_hilliard__correct,selector_g64,cahn_hilliard,correct,64,ood,96,64,False,calibrated,uncalibrated,8.330131476385669e-12,9.24071399054005e-12,9.105825141543804e-13,8.108170445697717e-14,1.8990041939744734e-12,9.85402767672029,0.9704606172232491,18.964959135934663,0,GREEN,candidate has lower error; pointwise interval is above zero,exploratory pointwise 95% paired bootstrap; no multiplicity adjustment; no minimum effect requirement
selector_g64__cahn_hilliard__correct,selector_g64,cahn_hilliard,correct,64,ood,96,64,False,calibrated,validation_best_neural,8.330131476385669e-12,0.003758771946261001,0.00375877193793087,0.0019432698365280808,0.00590565656974826,99.99999977838158,99.99999956837325,99.99999986365923,0,GREEN,candidate has lower error; pointwise interval is above zero,exploratory pointwise 95% paired bootstrap; no multiplicity adjustment; no minimum effect requirement
selector_g64__cahn_hilliard__correct,selector_g64,cahn_hilliard,correct,64,ood,96,64,False,validation_selected_route,validation_best_neural,8.330131476385669e-12,0.003758771946261001,0.00375877193793087,0.0019432698365280808,0.00590565656974826,99.99999977838158,99.99999956837325,99.99999986365923,0,GREEN,candidate has lower error; pointwise interval is above zero,exploratory pointwise 95% paired bootstrap; no multiplicity adjustment; no minimum effect requirement
selector_g64__cahn_hilliard__correct,selector_g64,cahn_hilliard,correct,64,ood,96,64,False,validation_selected_route,calibrated,8.330131476385669e-12,8.330131476385669e-12,0.0,0.0,0.0,0.0,0.0,0.0,0,BLUE,the compared trajectory scores are identical,exploratory pointwise 95% paired bootstrap; no multiplicity adjustment; no minimum effect requirement
selector_g64__cahn_hilliard__structural,selector_g64,cahn_hilliard,structural,64,test,64,64,True,calibrated,uncalibrated,0.26738078634641294,0.26738078634641294,0.0,0.0,0.0,0.0,0.0,0.0,0,BLUE,the compared trajectory scores are identical,exploratory pointwise 95% paired bootstrap; no multiplicity adjustment; no minimum effect requirement
selector_g64__cahn_hilliard__structural,selector_g64,cahn_hilliard,structural,64,test,64,64,True,calibrated,validation_best_neural,0.26738078634641294,4.6968038146630204e-05,-0.2673338183082663,-0.4027652414124071,-0.16116102345603778,-569182.4245962178,-794391.7316246165,-382666.5952095479,0,RED,candidate has higher error; pointwise interval is below zero,exploratory pointwise 95% paired bootstrap; no multiplicity adjustment; no minimum effect requirement
selector_g64__cahn_hilliard__structural,selector_g64,cahn_hilliard,structural,64,test,64,64,True,validation_selected_route,validation_best_neural,4.6968038146630204e-05,4.6968038146630204e-05,0.0,0.0,0.0,0.0,0.0,0.0,0,BLUE,the compared trajectory scores are identical,exploratory pointwise 95% paired bootstrap; no multiplicity adjustment; no minimum effect requirement
selector_g64__cahn_hilliard__structural,selector_g64,cahn_hilliard,structural,64,test,64,64,True,validation_selected_route,calibrated,4.6968038146630204e-05,0.26738078634641294,0.2673338183082663,0.16116102345603778,0.40276524141240705,99.98243402647273,99.97387441814094,99.98741333647925,0,GREEN,candidate has lower error; pointwise interval is above zero,exploratory pointwise 95% paired bootstrap; no multiplicity adjustment; no minimum effect requirement
selector_g64__cahn_hilliard__structural,selector_g64,cahn_hilliard,structural,64,test,96,64,False,calibrated,uncalibrated,2.38040384481384,2.38040384481384,0.0,0.0,0.0,0.0,0.0,0.0,0,BLUE,the compared trajectory scores are identical,exploratory pointwise 95% paired bootstrap; no multiplicity adjustment; no minimum effect requirement
selector_g64__cahn_hilliard__structural,selector_g64,cahn_hilliard,structural,64,test,96,64,False,calibrated,validation_best_neural,2.38040384481384,7.844308668563417e-05,-2.3803254017271542,-4.152952360745288,-1.1444886666376748,-3034461.674444894,-5113229.460272502,-1563276.299350434,0,RED,candidate has higher error; pointwise interval is below zero,exploratory pointwise 95% paired bootstrap; no multiplicity adjustment; no minimum effect requirement
selector_g64__cahn_hilliard__structural,selector_g64,cahn_hilliard,structural,64,test,96,64,False,validation_selected_route,validation_best_neural,7.844308668563417e-05,7.844308668563417e-05,0.0,0.0,0.0,0.0,0.0,0.0,0,BLUE,the compared trajectory scores are identical,exploratory pointwise 95% paired bootstrap; no multiplicity adjustment; no minimum effect requirement
selector_g64__cahn_hilliard__structural,selector_g64,cahn_hilliard,structural,64,test,96,64,False,validation_selected_route,calibrated,7.844308668563417e-05,2.38040384481384,2.3803254017271542,1.1444886666376748,4.152952360745283,99.99670463115505,99.99360358712852,99.9980443270714,0,GREEN,candidate has lower error; pointwise interval is above zero,exploratory pointwise 95% paired bootstrap; no multiplicity adjustment; no minimum effect requirement
selector_g64__cahn_hilliard__structural,selector_g64,cahn_hilliard,structural,64,ood,64,64,True,calibrated,uncalibrated,0.7086287292306963,0.7086287292306963,0.0,0.0,0.0,0.0,0.0,0.0,0,BLUE,the compared trajectory scores are identical,exploratory pointwise 95% paired bootstrap; no multiplicity adjustment; no minimum effect requirement
selector_g64__cahn_hilliard__structural,selector_g64,cahn_hilliard,structural,64,ood,64,64,True,calibrated,validation_best_neural,0.7086287292306963,0.0019430061658238535,-0.7066857230648724,-0.873791782485003,-0.5583556096842446,-36370.74011884213,-67559.46814820236,-23909.322228788635,0,RED,candidate has higher error; pointwise interval is below zero,exploratory pointwise 95% paired bootstrap; no multiplicity adjustment; no minimum effect requirement
selector_g64__cahn_hilliard__structural,selector_g64,cahn_hilliard,structural,64,ood,64,64,True,validation_selected_route,validation_best_neural,0.0019430061658238535,0.0019430061658238535,0.0,0.0,0.0,0.0,0.0,0.0,0,BLUE,the compared trajectory scores are identical,exploratory pointwise 95% paired bootstrap; no multiplicity adjustment; no minimum effect requirement
selector_g64__cahn_hilliard__structural,selector_g64,cahn_hilliard,structural,64,ood,64,64,True,validation_selected_route,calibrated,0.0019430061658238535,0.7086287292306963,0.7066857230648724,0.5583556096842444,0.873791782485003,99.72580759350059,99.58349511440308,99.85220102513405,0,GREEN,candidate has lower error; pointwise interval is above zero,exploratory pointwise 95% paired bootstrap; no multiplicity adjustment; no minimum effect requirement
selector_g64__cahn_hilliard__structural,selector_g64,cahn_hilliard,structural,64,ood,96,64,False,calibrated,uncalibrated,6.564257849733792,6.564257849733792,0.0,0.0,0.0,0.0,0.0,0.0,0,BLUE,the compared trajectory scores are identical,exploratory pointwise 95% paired bootstrap; no multiplicity adjustment; no minimum effect requirement
selector_g64__cahn_hilliard__structural,selector_g64,cahn_hilliard,structural,64,ood,96,64,False,calibrated,validation_best_neural,6.564257849733792,0.002923829576671398,-6.561334020157121,-8.427278806962631,-5.010449303871309,-224408.9078415713,-440249.1685238403,-138889.7090050592,0,RED,candidate has higher error; pointwise interval is below zero,exploratory pointwise 95% paired bootstrap; no multiplicity adjustment; no minimum effect requirement
selector_g64__cahn_hilliard__structural,selector_g64,cahn_hilliard,structural,64,ood,96,64,False,validation_selected_route,validation_best_neural,0.002923829576671398,0.002923829576671398,0.0,0.0,0.0,0.0,0.0,0.0,0,BLUE,the compared trajectory scores are identical,exploratory pointwise 95% paired bootstrap; no multiplicity adjustment; no minimum effect requirement
selector_g64__cahn_hilliard__structural,selector_g64,cahn_hilliard,structural,64,ood,96,64,False,validation_selected_route,calibrated,0.002923829576671398,6.564257849733792,6.561334020157121,5.010449303871309,8.427278806962628,99.9554583375059,99.92805222543238,99.97729074843832,0,GREEN,candidate has lower error; pointwise interval is above zero,exploratory pointwise 95% paired bootstrap; no multiplicity adjustment; no minimum effect requirement
selector_g64__fitzhugh_nagumo__coefficient,selector_g64,fitzhugh_nagumo,coefficient,64,test,64,64,True,calibrated,uncalibrated,3.541699357762429e-11,0.03141502354817449,0.031415023512757496,0.02660883186080893,0.0365157551901106,99.99999988726097,99.9999998670348,99.99999990423902,0,GREEN,candidate has lower error; pointwise interval is above zero,exploratory pointwise 95% paired bootstrap; no multiplicity adjustment; no minimum effect requirement
selector_g64__fitzhugh_nagumo__coefficient,selector_g64,fitzhugh_nagumo,coefficient,64,test,64,64,True,calibrated,validation_best_neural,3.541699357762429e-11,0.00043432305328417836,0.0004343230178671848,0.0003179226100048991,0.0005550634818208476,99.99999184547234,99.9999887581797,99.99999372482095,0,GREEN,candidate has lower error; pointwise interval is above zero,exploratory pointwise 95% paired bootstrap; no multiplicity adjustment; no minimum effect requirement
selector_g64__fitzhugh_nagumo__coefficient,selector_g64,fitzhugh_nagumo,coefficient,64,test,64,64,True,validation_selected_route,validation_best_neural,3.541699357762429e-11,0.00043432305328417836,0.0004343230178671848,0.0003179226100048991,0.0005550634818208476,99.99999184547234,99.9999887581797,99.99999372482095,0,GREEN,candidate has lower error; pointwise interval is above zero,exploratory pointwise 95% paired bootstrap; no multiplicity adjustment; no minimum effect requirement
selector_g64__fitzhugh_nagumo__coefficient,selector_g64,fitzhugh_nagumo,coefficient,64,test,64,64,True,validation_selected_route,calibrated,3.541699357762429e-11,3.541699357762429e-11,0.0,0.0,0.0,0.0,0.0,0.0,0,BLUE,the compared trajectory scores are identical,exploratory pointwise 95% paired bootstrap; no multiplicity adjustment; no minimum effect requirement
selector_g64__fitzhugh_nagumo__coefficient,selector_g64,fitzhugh_nagumo,coefficient,64,test,96,64,False,calibrated,uncalibrated,3.279958889215966e-11,0.03314589143478752,0.03314589140198793,0.028597623894637138,0.0380512123404903,99.99999990104477,99.99999989172049,99.99999990997661,0,GREEN,candidate has lower error; pointwise interval is above zero,exploratory pointwise 95% paired bootstrap; no multiplicity adjustment; no minimum effect requirement
selector_g64__fitzhugh_nagumo__coefficient,selector_g64,fitzhugh_nagumo,coefficient,64,test,96,64,False,calibrated,validation_best_neural,3.279958889215966e-11,0.000365431138954591,0.0003654311061550021,0.00026146627165823163,0.0004741284923210784,99.99999102441325,99.99998772952098,99.99999294371804,0,GREEN,candidate has lower error; pointwise interval is above zero,exploratory pointwise 95% paired bootstrap; no multiplicity adjustment; no minimum effect requirement
selector_g64__fitzhugh_nagumo__coefficient,selector_g64,fitzhugh_nagumo,coefficient,64,test,96,64,False,validation_selected_route,validation_best_neural,3.279958889215966e-11,0.000365431138954591,0.0003654311061550021,0.00026146627165823163,0.0004741284923210784,99.99999102441325,99.99998772952098,99.99999294371804,0,GREEN,candidate has lower error; pointwise interval is above zero,exploratory pointwise 95% paired bootstrap; no multiplicity adjustment; no minimum effect requirement
selector_g64__fitzhugh_nagumo__coefficient,selector_g64,fitzhugh_nagumo,coefficient,64,test,96,64,False,validation_selected_route,calibrated,3.279958889215966e-11,3.279958889215966e-11,0.0,0.0,0.0,0.0,0.0,0.0,0,BLUE,the compared trajectory scores are identical,exploratory pointwise 95% paired bootstrap; no multiplicity adjustment; no minimum effect requirement
selector_g64__fitzhugh_nagumo__coefficient,selector_g64,fitzhugh_nagumo,coefficient,64,ood,64,64,True,calibrated,uncalibrated,4.0129740021153515e-11,0.01987286152298573,0.01987286148285599,0.017978668585865092,0.02206343918768863,99.99999979806763,99.99999977800572,99.99999981680496,0,GREEN,candidate has lower error; pointwise interval is above zero,exploratory pointwise 95% paired bootstrap; no multiplicity adjustment; no minimum effect requirement
selector_g64__fitzhugh_nagumo__coefficient,selector_g64,fitzhugh_nagumo,coefficient,64,ood,64,64,True,calibrated,validation_best_neural,4.0129740021153515e-11,0.00788476696035123,0.00788476692022149,0.004420885780718216,0.012230889115711964,99.99999949104723,99.99999910675369,99.99999966380199,0,GREEN,candidate has lower error; pointwise interval is above zero,exploratory pointwise 95% paired bootstrap; no multiplicity adjustment; no minimum effect requirement
selector_g64__fitzhugh_nagumo__coefficient,selector_g64,fitzhugh_nagumo,coefficient,64,ood,64,64,True,validation_selected_route,validation_best_neural,4.0129740021153515e-11,0.00788476696035123,0.00788476692022149,0.004420885780718216,0.012230889115711964,99.99999949104723,99.99999910675369,99.99999966380199,0,GREEN,candidate has lower error; pointwise interval is above zero,exploratory pointwise 95% paired bootstrap; no multiplicity adjustment; no minimum effect requirement
selector_g64__fitzhugh_nagumo__coefficient,selector_g64,fitzhugh_nagumo,coefficient,64,ood,64,64,True,validation_selected_route,calibrated,4.0129740021153515e-11,4.0129740021153515e-11,0.0,0.0,0.0,0.0,0.0,0.0,0,BLUE,the compared trajectory scores are identical,exploratory pointwise 95% paired bootstrap; no multiplicity adjustment; no minimum effect requirement
selector_g64__fitzhugh_nagumo__coefficient,selector_g64,fitzhugh_nagumo,coefficient,64,ood,96,64,False,calibrated,uncalibrated,2.8497849955948695e-11,0.02390418810846621,0.02390418807996836,0.021641053727639376,0.026401880314525335,99.99999988078302,99.99999987073922,99.99999989021296,0,GREEN,candidate has lower error; pointwise interval is above zero,exploratory pointwise 95% paired bootstrap; no multiplicity adjustment; no minimum effect requirement
selector_g64__fitzhugh_nagumo__coefficient,selector_g64,fitzhugh_nagumo,coefficient,64,ood,96,64,False,calibrated,validation_best_neural,2.8497849955948695e-11,0.00609586606050843,0.00609586603201058,0.003647770530336108,0.00914996079481357,99.9999995325053,99.99999923126173,99.99999967936051,0,GREEN,candidate has lower error; pointwise interval is above zero,exploratory pointwise 95% paired bootstrap; no multiplicity adjustment; no minimum effect requirement
selector_g64__fitzhugh_nagumo__coefficient,selector_g64,fitzhugh_nagumo,coefficient,64,ood,96,64,False,validation_selected_route,validation_best_neural,2.8497849955948695e-11,0.00609586606050843,0.00609586603201058,0.003647770530336108,0.00914996079481357,99.9999995325053,99.99999923126173,99.99999967936051,0,GREEN,candidate has lower error; pointwise interval is above zero,exploratory pointwise 95% paired bootstrap; no multiplicity adjustment; no minimum effect requirement
selector_g64__fitzhugh_nagumo__coefficient,selector_g64,fitzhugh_nagumo,coefficient,64,ood,96,64,False,validation_selected_route,calibrated,2.8497849955948695e-11,2.8497849955948695e-11,0.0,0.0,0.0,0.0,0.0,0.0,0,BLUE,the compared trajectory scores are identical,exploratory pointwise 95% paired bootstrap; no multiplicity adjustment; no minimum effect requirement
selector_g64__fitzhugh_nagumo__correct,selector_g64,fitzhugh_nagumo,correct,64,test,64,64,True,calibrated,uncalibrated,3.4932753118879175e-11,3.0623723898230985e-11,-4.30902922064819e-12,-5.803051265000312e-12,-2.8940309273948156e-12,-14.070885810517336,-19.46332515158302,-9.273932568478516,0,RED,candidate has higher error; pointwise interval is below zero,exploratory pointwise 95% paired bootstrap; no multiplicity adjustment; no minimum effect requirement
selector_g64__fitzhugh_nagumo__correct,selector_g64,fitzhugh_nagumo,correct,64,test,64,64,True,calibrated,validation_best_neural,3.4932753118879175e-11,0.0004465401444314852,0.00044654010949873207,0.0003278806911607223,0.0005891646019656817,99.99999217701844,99.99998924096127,99.9999941625442,0,GREEN,candidate has lower error; pointwise interval is above zero,exploratory pointwise 95% paired bootstrap; no multiplicity adjustment; no minimum effect requirement
selector_g64__fitzhugh_nagumo__correct,selector_g64,fitzhugh_nagumo,correct,64,test,64,64,True,validation_selected_route,validation_best_neural,3.4932753118879175e-11,0.0004465401444314852,0.00044654010949873207,0.0003278806911607223,0.0005891646019656817,99.99999217701844,99.99998924096127,99.9999941625442,0,GREEN,candidate has lower error; pointwise interval is above zero,exploratory pointwise 95% paired bootstrap; no multiplicity adjustment; no minimum effect requirement
selector_g64__fitzhugh_nagumo__correct,selector_g64,fitzhugh_nagumo,correct,64,test,64,64,True,validation_selected_route,calibrated,3.4932753118879175e-11,3.4932753118879175e-11,0.0,0.0,0.0,0.0,0.0,0.0,0,BLUE,the compared trajectory scores are identical,exploratory pointwise 95% paired bootstrap; no multiplicity adjustment; no minimum effect requirement
selector_g64__fitzhugh_nagumo__correct,selector_g64,fitzhugh_nagumo,correct,64,test,96,64,False,calibrated,uncalibrated,3.2461678778383706e-11,2.9249056567468906e-11,-3.2126222109147994e-12,-4.716811772530119e-12,-1.8602741384440026e-12,-10.983678066689885,-16.29103904609361,-6.309976006650815,0,RED,candidate has higher error; pointwise interval is below zero,exploratory pointwise 95% paired bootstrap; no multiplicity adjustment; no minimum effect requirement
selector_g64__fitzhugh_nagumo__correct,selector_g64,fitzhugh_nagumo,correct,64,test,96,64,False,calibrated,validation_best_neural,3.2461678778383706e-11,0.0003719163110224053,0.0003719162785607265,0.00026798971061789547,0.0005036618920126951,99.99999127177867,99.99998816754001,99.99999346715799,0,GREEN,candidate has lower error; pointwise interval is above zero,exploratory pointwise 95% paired bootstrap; no multiplicity adjustment; no minimum effect requirement
selector_g64__fitzhugh_nagumo__correct,selector_g64,fitzhugh_nagumo,correct,64,test,96,64,False,validation_selected_route,validation_best_neural,3.2461678778383706e-11,0.0003719163110224053,0.0003719162785607265,0.00026798971061789547,0.0005036618920126951,99.99999127177867,99.99998816754001,99.99999346715799,0,GREEN,candidate has lower error; pointwise interval is above zero,exploratory pointwise 95% paired bootstrap; no multiplicity adjustment; no minimum effect requirement
selector_g64__fitzhugh_nagumo__correct,selector_g64,fitzhugh_nagumo,correct,64,test,96,64,False,validation_selected_route,calibrated,3.2461678778383706e-11,3.2461678778383706e-11,0.0,0.0,0.0,0.0,0.0,0.0,0,BLUE,the compared trajectory scores are identical,exploratory pointwise 95% paired bootstrap; no multiplicity adjustment; no minimum effect requirement
selector_g64__fitzhugh_nagumo__correct,selector_g64,fitzhugh_nagumo,correct,64,ood,64,64,True,calibrated,uncalibrated,3.9916421230106264e-11,3.616690663565666e-11,-3.749514594449603e-12,-5.393855800129849e-12,-2.215168411668416e-12,-10.367252671681317,-14.329708848059376,-6.414747849305486,0,RED,candidate has higher error; pointwise interval is below zero,exploratory pointwise 95% paired bootstrap; no multiplicity adjustment; no minimum effect requirement
selector_g64__fitzhugh_nagumo__correct,selector_g64,fitzhugh_nagumo,correct,64,ood,64,64,True,calibrated,validation_best_neural,3.9916421230106264e-11,0.008400252318421795,0.008400252278505374,0.0038700034060233945,0.013750236434712751,99.99999952481879,99.99999897351438,99.99999970473895,0,GREEN,candidate has lower error; pointwise interval is above zero,exploratory pointwise 95% paired bootstrap; no multiplicity adjustment; no minimum effect requirement
selector_g64__fitzhugh_nagumo__correct,selector_g64,fitzhugh_nagumo,correct,64,ood,64,64,True,validation_selected_route,validation_best_neural,3.9916421230106264e-11,0.008400252318421795,0.008400252278505374,0.0038700034060233945,0.013750236434712751,99.99999952481879,99.99999897351438,99.99999970473895,0,GREEN,candidate has lower error; pointwise interval is above zero,exploratory pointwise 95% paired bootstrap; no multiplicity adjustment; no minimum effect requirement
selector_g64__fitzhugh_nagumo__correct,selector_g64,fitzhugh_nagumo,correct,64,ood,64,64,True,validation_selected_route,calibrated,3.9916421230106264e-11,3.9916421230106264e-11,0.0,0.0,0.0,0.0,0.0,0.0,0,BLUE,the compared trajectory scores are identical,exploratory pointwise 95% paired bootstrap; no multiplicity adjustment; no minimum effect requirement
selector_g64__fitzhugh_nagumo__correct,selector_g64,fitzhugh_nagumo,correct,64,ood,96,64,False,calibrated,uncalibrated,2.8338182266535904e-11,2.558842117019915e-11,-2.7497610963367543e-12,-3.982273527772187e-12,-1.6051034839384088e-12,-10.746114729185354,-14.956154114580475,-6.464717937068824,0,RED,candidate has higher error; pointwise interval is below zero,exploratory pointwise 95% paired bootstrap; no multiplicity adjustment; no minimum effect requirement
selector_g64__fitzhugh_nagumo__correct,selector_g64,fitzhugh_nagumo,correct,64,ood,96,64,False,calibrated,validation_best_neural,2.8338182266535904e-11,0.006362612097341982,0.006362612069003799,0.0030557865741038196,0.01031725189673525,99.999999554614,99.99999908531973,99.99999971789423,0,GREEN,candidate has lower error; pointwise interval is above zero,exploratory pointwise 95% paired bootstrap; no multiplicity adjustment; no minimum effect requirement
selector_g64__fitzhugh_nagumo__correct,selector_g64,fitzhugh_nagumo,correct,64,ood,96,64,False,validation_selected_route,validation_best_neural,2.8338182266535904e-11,0.006362612097341982,0.006362612069003799,0.0030557865741038196,0.01031725189673525,99.999999554614,99.99999908531973,99.99999971789423,0,GREEN,candidate has lower error; pointwise interval is above zero,exploratory pointwise 95% paired bootstrap; no multiplicity adjustment; no minimum effect requirement
selector_g64__fitzhugh_nagumo__correct,selector_g64,fitzhugh_nagumo,correct,64,ood,96,64,False,validation_selected_route,calibrated,2.8338182266535904e-11,2.8338182266535904e-11,0.0,0.0,0.0,0.0,0.0,0.0,0,BLUE,the compared trajectory scores are identical,exploratory pointwise 95% paired bootstrap; no multiplicity adjustment; no minimum effect requirement
selector_g64__fitzhugh_nagumo__structural,selector_g64,fitzhugh_nagumo,structural,64,test,64,64,True,calibrated,uncalibrated,1.4916272208111891,1.6198748296659602,0.12824760885477104,0.10962501833574603,0.1489898653293176,7.917130787273076,6.796062367871874,9.249741066665088,0,GREEN,candidate has lower error; pointwise interval is above zero,exploratory pointwise 95% paired bootstrap; no multiplicity adjustment; no minimum effect requirement
selector_g64__fitzhugh_nagumo__structural,selector_g64,fitzhugh_nagumo,structural,64,test,64,64,True,calibrated,validation_best_neural,1.4916272208111891,0.0005038357312551391,-1.491123385079934,-1.609138007919938,-1.3760261882092883,-295954.2748914008,-449177.04889146535,-209581.9250866808,0,RED,candidate has higher error; pointwise interval is below zero,exploratory pointwise 95% paired bootstrap; no multiplicity adjustment; no minimum effect requirement
selector_g64__fitzhugh_nagumo__structural,selector_g64,fitzhugh_nagumo,structural,64,test,64,64,True,validation_selected_route,validation_best_neural,0.0005038357312551391,0.0005038357312551391,0.0,0.0,0.0,0.0,0.0,0.0,0,BLUE,the compared trajectory scores are identical,exploratory pointwise 95% paired bootstrap; no multiplicity adjustment; no minimum effect requirement
selector_g64__fitzhugh_nagumo__structural,selector_g64,fitzhugh_nagumo,structural,64,test,64,64,True,validation_selected_route,calibrated,0.0005038357312551391,1.4916272208111891,1.491123385079934,1.3760261882092883,1.609138007919938,99.96622240971298,99.9523087170787,99.9777420162288,0,GREEN,candidate has lower error; pointwise interval is above zero,exploratory pointwise 95% paired bootstrap; no multiplicity adjustment; no minimum effect requirement
selector_g64__fitzhugh_nagumo__structural,selector_g64,fitzhugh_nagumo,structural,64,test,96,64,False,calibrated,uncalibrated,2.883626199592437,3.1023674087721345,0.21874120917969764,0.18981496425794347,0.2518228551535357,7.0507834939599165,6.077577658468923,8.269125944118839,0,GREEN,candidate has lower error; pointwise interval is above zero,exploratory pointwise 95% paired bootstrap; no multiplicity adjustment; no minimum effect requirement
selector_g64__fitzhugh_nagumo__structural,selector_g64,fitzhugh_nagumo,structural,64,test,96,64,False,calibrated,validation_best_neural,2.883626199592437,0.0004165076561902549,-2.8832096919362464,-3.0983530438197544,-2.671812325086648,-692234.5001550792,-1040687.0627007064,-498763.67839593726,0,RED,candidate has higher error; pointwise interval is below zero,exploratory pointwise 95% paired bootstrap; no multiplicity adjustment; no minimum effect requirement
selector_g64__fitzhugh_nagumo__structural,selector_g64,fitzhugh_nagumo,structural,64,test,96,64,False,validation_selected_route,validation_best_neural,0.0004165076561902549,0.0004165076561902549,0.0,0.0,0.0,0.0,0.0,0.0,0,BLUE,the compared trajectory scores are identical,exploratory pointwise 95% paired bootstrap; no multiplicity adjustment; no minimum effect requirement
selector_g64__fitzhugh_nagumo__structural,selector_g64,fitzhugh_nagumo,structural,64,test,96,64,False,validation_selected_route,calibrated,0.0004165076561902549,2.883626199592437,2.8832096919362464,2.671812325086648,3.098353043819754,99.98555611485811,99.97995444360241,99.99039188659572,0,GREEN,candidate has lower error; pointwise interval is above zero,exploratory pointwise 95% paired bootstrap; no multiplicity adjustment; no minimum effect requirement
selector_g64__fitzhugh_nagumo__structural,selector_g64,fitzhugh_nagumo,structural,64,ood,64,64,True,calibrated,uncalibrated,2.4078911390298785,2.6153317137793977,0.20744057474951916,0.17861345079347046,0.2363649760204028,7.93171182288568,6.570993902887932,9.424595122307418,0,GREEN,candidate has lower error; pointwise interval is above zero,exploratory pointwise 95% paired bootstrap; no multiplicity adjustment; no minimum effect requirement
selector_g64__fitzhugh_nagumo__structural,selector_g64,fitzhugh_nagumo,structural,64,ood,64,64,True,calibrated,validation_best_neural,2.4078911390298785,0.007766451672739029,-2.4001246873571396,-2.6588984060642846,-2.139302599120215,-30903.74843613334,-58165.75578211303,-19712.9973524077,0,RED,candidate has higher error; pointwise interval is below zero,exploratory pointwise 95% paired bootstrap; no multiplicity adjustment; no minimum effect requirement
selector_g64__fitzhugh_nagumo__structural,selector_g64,fitzhugh_nagumo,structural,64,ood,64,64,True,validation_selected_route,validation_best_neural,0.007766451672739029,0.007766451672739029,0.0,0.0,0.0,0.0,0.0,0.0,0,BLUE,the compared trajectory scores are identical,exploratory pointwise 95% paired bootstrap; no multiplicity adjustment; no minimum effect requirement
selector_g64__fitzhugh_nagumo__structural,selector_g64,fitzhugh_nagumo,structural,64,ood,64,64,True,validation_selected_route,calibrated,0.007766451672739029,2.4078911390298785,2.4001246873571396,2.139302599120215,2.6588984060642846,99.67745835570175,99.49528079270665,99.82837260295044,0,GREEN,candidate has lower error; pointwise interval is above zero,exploratory pointwise 95% paired bootstrap; no multiplicity adjustment; no minimum effect requirement
selector_g64__fitzhugh_nagumo__structural,selector_g64,fitzhugh_nagumo,structural,64,ood,96,64,False,calibrated,uncalibrated,3.8848665306238814,4.212885004261977,0.328018473638096,0.2760199501674946,0.3791992181762034,7.786077077970444,6.348581540339606,9.401625873281189,0,GREEN,candidate has lower error; pointwise interval is above zero,exploratory pointwise 95% paired bootstrap; no multiplicity adjustment; no minimum effect requirement
selector_g64__fitzhugh_nagumo__structural,selector_g64,fitzhugh_nagumo,structural,64,ood,96,64,False,calibrated,validation_best_neural,3.8848665306238814,0.005982852912417483,-3.878883677711464,-4.306253815336963,-3.4511470746571975,-64833.34513641133,-111866.36156676055,-42542.80262836253,0,RED,candidate has higher error; pointwise interval is below zero,exploratory pointwise 95% paired bootstrap; no multiplicity adjustment; no minimum effect requirement
selector_g64__fitzhugh_nagumo__structural,selector_g64,fitzhugh_nagumo,structural,64,ood,96,64,False,validation_selected_route,validation_best_neural,0.005982852912417483,0.005982852912417483,0.0,0.0,0.0,0.0,0.0,0.0,0,BLUE,the compared trajectory scores are identical,exploratory pointwise 95% paired bootstrap; no multiplicity adjustment; no minimum effect requirement
selector_g64__fitzhugh_nagumo__structural,selector_g64,fitzhugh_nagumo,structural,64,ood,96,64,False,validation_selected_route,calibrated,0.005982852912417483,3.8848665306238814,3.878883677711464,3.4511470746571966,4.306253815336963,99.84599592121748,99.76549383704699,99.91068745833248,0,GREEN,candidate has lower error; pointwise interval is above zero,exploratory pointwise 95% paired bootstrap; no multiplicity adjustment; no minimum effect requirement
