stage,grid,family,prior,kind,arm,split,horizon,n_seeds,n_trajectories,mean_nmse,ci95_low,ci95_high,normalized_rmse,mean_training_validation_seconds,fixed_choice_setup_train_bank_seconds,median_inference_ms_per_step
development,32,advection_diffusion,coefficient,fno,iid,test,64,6,64,0.004944372244867633,0.001521846932532761,0.011513022244369854,0.07031623030899505,42.15209199495924,43.51371406352458,1.2630178360268474
development,32,advection_diffusion,coefficient,fno,iid,test,96,6,64,0.008634919838500272,0.002205820856279405,0.01924491593767405,0.09292426937296991,42.15209199495924,43.51371406352458,1.2630178360268474
development,32,advection_diffusion,coefficient,fno,iid,ood,64,6,64,0.05291497928719752,0.023840921915010523,0.09827240165473225,0.230032561362946,42.15209199495924,43.51371406352458,1.2630178360268474
development,32,advection_diffusion,coefficient,fno,iid,ood,96,6,64,0.11304923614192756,0.038316730313367534,0.24393182416625384,0.33622795264809197,42.15209199495924,43.51371406352458,1.2630178360268474
development,32,advection_diffusion,coefficient,fno,none,test,64,6,64,0.0003369979012111661,0.00025100831029209496,0.00044618472975495484,0.018357502586440404,24.847697846746694,24.881939032968756,1.2434787931852043
development,32,advection_diffusion,coefficient,fno,none,test,96,6,64,0.0004868690648330344,0.0003435043169037453,0.0006810882448659843,0.022065109671901346,24.847697846746694,24.881939032968756,1.2434787931852043
development,32,advection_diffusion,coefficient,fno,none,ood,64,6,64,0.04972419711119871,0.027791817564956665,0.07253933384368058,0.22298923093099968,24.847697846746694,24.881939032968756,1.2434787931852043
development,32,advection_diffusion,coefficient,fno,none,ood,96,6,64,0.07315159807895903,0.04121254196957056,0.10630082190849724,0.2704655210539026,24.847697846746694,24.881939032968756,1.2434787931852043
development,32,advection_diffusion,coefficient,fno,response_matched,test,64,6,64,0.002909496021394032,0.0014362081500335017,0.004713008432748326,0.05393974435788542,41.94662354762355,43.3085017791794,1.2301050242967904
development,32,advection_diffusion,coefficient,fno,response_matched,test,96,6,64,0.004695649061099541,0.002161271568262226,0.007966813197474134,0.06852480617338177,41.94662354762355,43.3085017791794,1.2301050242967904
development,32,advection_diffusion,coefficient,fno,response_matched,ood,64,6,64,0.047449007298000855,0.025689006085070364,0.07484655939196401,0.21782793048183893,41.94662354762355,43.3085017791794,1.2301050242967904
development,32,advection_diffusion,coefficient,fno,response_matched,ood,96,6,64,0.07991565999880841,0.03850984278896926,0.13766913914827378,0.2826935796915247,41.94662354762355,43.3085017791794,1.2301050242967904
development,32,advection_diffusion,coefficient,fno,smooth,test,64,6,64,0.0026457905739177487,0.0020094119545734823,0.0034396469394905914,0.051437248895306875,42.259653414289154,43.62127066155275,1.243226311635226
development,32,advection_diffusion,coefficient,fno,smooth,test,96,6,64,0.004040881321821715,0.0030881414655188066,0.005160394563982175,0.0635679268328118,42.259653414289154,43.62127066155275,1.243226311635226
development,32,advection_diffusion,coefficient,fno,smooth,ood,64,6,64,0.037418212140607005,0.01847796344672164,0.0583120816155371,0.19343787669587104,42.259653414289154,43.62127066155275,1.243226311635226
development,32,advection_diffusion,coefficient,fno,smooth,ood,96,6,64,0.05680942181426413,0.027872056795154008,0.08952020446932152,0.23834727146385404,42.259653414289154,43.62127066155275,1.243226311635226
development,32,advection_diffusion,coefficient,looped,iid,test,64,6,64,0.022516218616878508,0.007157049241620152,0.05383846715634203,0.1500540523174183,70.35288086471458,71.7188390319546,1.5433653490617871
development,32,advection_diffusion,coefficient,looped,iid,test,96,6,64,0.5441895854204434,0.010876357124211262,1.7918414790047241,0.7376920668005339,70.35288086471458,71.7188390319546,1.5433653490617871
development,32,advection_diffusion,coefficient,looped,iid,ood,64,6,64,12.174830416810712,1.842359599020923,27.93989831283483,3.4892449637150316,70.35288086471458,71.7188390319546,1.5433653490617871
development,32,advection_diffusion,coefficient,looped,iid,ood,96,6,64,32.010143730208995,2.741254692716097,75.86001132264774,5.657750766003129,70.35288086471458,71.7188390319546,1.5433653490617871
development,32,advection_diffusion,coefficient,looped,none,test,64,6,64,0.12916381224012002,0.0034692024127228344,0.42287877379152977,0.3593936730663466,39.358808988860496,39.39760175145542,1.5390768297947943
development,32,advection_diffusion,coefficient,looped,none,test,96,6,64,4.02097421098805,0.005080249033225614,12.784580788745197,2.00523669699815,39.358808988860496,39.39760175145542,1.5390768297947943
development,32,advection_diffusion,coefficient,looped,none,ood,64,6,64,21.733185064308703,1.4356230655925228,46.078414571918444,4.661886427650153,39.358808988860496,39.39760175145542,1.5390768297947943
development,32,advection_diffusion,coefficient,looped,none,ood,96,6,64,50.43172309530607,2.0829385114415317,112.24794140115904,7.101529630671555,39.358808988860496,39.39760175145542,1.5390768297947943
development,32,advection_diffusion,coefficient,looped,response_matched,test,64,6,64,0.02188734691323857,0.007707506825086682,0.05734866919018519,0.1479437288743209,70.26036299555562,71.62623201667641,1.53994660358876
development,32,advection_diffusion,coefficient,looped,response_matched,test,96,6,64,0.6124283653209514,0.010801347490401958,2.0499881315564217,0.7825780250690351,70.26036299555562,71.62623201667641,1.53994660358876
development,32,advection_diffusion,coefficient,looped,response_matched,ood,64,6,64,9.180421777300467,1.7791097163428113,22.734864672683372,3.029921084335443,70.26036299555562,71.62623201667641,1.53994660358876
development,32,advection_diffusion,coefficient,looped,response_matched,ood,96,6,64,24.53624236379753,2.5711075346500603,61.277859378251094,4.953407146984541,70.26036299555562,71.62623201667641,1.53994660358876
development,32,advection_diffusion,coefficient,looped,smooth,test,64,6,64,0.6154627709056067,0.011110063147443784,1.647079560908771,0.7845143535370189,70.07274281202506,71.43901466329892,1.5425625606440008
development,32,advection_diffusion,coefficient,looped,smooth,test,96,6,64,6.466729805571988,0.018335441671096464,18.68898834471695,2.542976564101995,70.07274281202506,71.43901466329892,1.5425625606440008
development,32,advection_diffusion,coefficient,looped,smooth,ood,64,6,64,23.77547079901652,2.845800264577952,53.84434265103278,4.876009720972315,70.07274281202506,71.43901466329892,1.5425625606440008
development,32,advection_diffusion,coefficient,looped,smooth,ood,96,6,64,51.17059353386508,4.4322308257116285,118.24787834196296,7.153362393578637,70.07274281202506,71.43901466329892,1.5425625606440008
development,32,advection_diffusion,coefficient,transformer,iid,test,64,6,64,0.004330061106250153,0.003485630914565373,0.0054205773941000054,0.0658031998177152,72.77893490980689,74.14889250090346,1.5341021004132926
development,32,advection_diffusion,coefficient,transformer,iid,test,96,6,64,0.005758860334432934,0.0043696217719004175,0.007376894809139263,0.07588715526644106,72.77893490980689,74.14889250090346,1.5341021004132926
development,32,advection_diffusion,coefficient,transformer,iid,ood,64,6,64,1.1793981179517015,0.7881017941142573,1.5888259536696354,1.086000975115447,72.77893490980689,74.14889250090346,1.5341021004132926
development,32,advection_diffusion,coefficient,transformer,iid,ood,96,6,64,1.5023045689203733,0.9013782035687975,2.108402167540774,1.2256853466205646,72.77893490980689,74.14889250090346,1.5341021004132926
development,32,advection_diffusion,coefficient,transformer,none,test,64,6,64,0.0026425709727570155,0.0020381450712597237,0.0033857184055015774,0.05140594297118783,42.78361937085477,42.82592737100398,1.5332015813328326
development,32,advection_diffusion,coefficient,transformer,none,test,96,6,64,0.0038172295540544036,0.002587060556389428,0.005277097870281964,0.06178373211497023,42.78361937085477,42.82592737100398,1.5332015813328326
development,32,advection_diffusion,coefficient,transformer,none,ood,64,6,64,1.1576989852044715,0.8648459136116509,1.5614285212997279,1.0759642118604464,42.78361937085477,42.82592737100398,1.5332015813328326
development,32,advection_diffusion,coefficient,transformer,none,ood,96,6,64,1.462410404479139,0.9755204035780806,2.147544798157053,1.2093016184885965,42.78361937085477,42.82592737100398,1.5332015813328326
development,32,advection_diffusion,coefficient,transformer,response_matched,test,64,6,64,0.005363435797302696,0.004544115339544095,0.00632311131887351,0.07323548181928413,73.23333207556668,74.6032719433618,1.5334005933254957
development,32,advection_diffusion,coefficient,transformer,response_matched,test,96,6,64,0.0070622351911461155,0.006010560983871871,0.00836581477455314,0.08403710603742917,73.23333207556668,74.6032719433618,1.5334005933254957
development,32,advection_diffusion,coefficient,transformer,response_matched,ood,64,6,64,1.2867876219691017,0.8092958110586654,1.7602998942445462,1.1343666170903928,73.23333207556668,74.6032719433618,1.5334005933254957
development,32,advection_diffusion,coefficient,transformer,response_matched,ood,96,6,64,1.6637708274325511,0.9499603746141533,2.359989643725028,1.2898724074235215,73.23333207556668,74.6032719433618,1.5334005933254957
development,32,advection_diffusion,coefficient,transformer,smooth,test,64,6,64,0.005886501893033784,0.004420193408852204,0.007610059322960058,0.07672354197398465,74.02974590542726,75.3994480384669,1.5343170729465783
development,32,advection_diffusion,coefficient,transformer,smooth,test,96,6,64,0.008226187886307714,0.005550117532695433,0.011355517035846132,0.09069833452885293,74.02974590542726,75.3994480384669,1.5343170729465783
development,32,advection_diffusion,coefficient,transformer,smooth,ood,64,6,64,1.1733013756955895,0.8553680810390097,1.5571261004054209,1.0831903690928892,74.02974590542726,75.3994480384669,1.5343170729465783
development,32,advection_diffusion,coefficient,transformer,smooth,ood,96,6,64,1.4754495721238594,0.9596367291513908,2.099251386402526,1.2146808519623002,74.02974590542726,75.3994480384669,1.5343170729465783
development,32,advection_diffusion,correct,fno,iid,test,64,6,64,0.00022707441679326612,0.00017842731138637203,0.0002808615541735876,0.015068988578974573,41.913991620686524,43.329350356090195,1.26599483191967
development,32,advection_diffusion,correct,fno,iid,test,96,6,64,0.00033676522569500174,0.00026030353390211965,0.0004279355727667632,0.018351164150946984,41.913991620686524,43.329350356090195,1.26599483191967
development,32,advection_diffusion,correct,fno,iid,ood,64,6,64,0.02851748480462975,0.015086255852590868,0.044817807363606854,0.1688712077431489,41.913991620686524,43.329350356090195,1.26599483191967
development,32,advection_diffusion,correct,fno,iid,ood,96,6,64,0.04323042843087229,0.022271768246341857,0.06778780772191043,0.20791928345122848,41.913991620686524,43.329350356090195,1.26599483191967
development,32,advection_diffusion,correct,fno,none,test,64,6,64,0.0004245626818379534,0.0003080466401415564,0.0005679415228090545,0.02060491887482097,25.358475003701944,25.392690100939944,1.25926632899791
development,32,advection_diffusion,correct,fno,none,test,96,6,64,0.000625304228676767,0.00042860169370131696,0.0008586629396792916,0.025006083833274795,25.358475003701944,25.392690100939944,1.25926632899791
development,32,advection_diffusion,correct,fno,none,ood,64,6,64,0.0559033271343174,0.028622040982776726,0.08843616787289144,0.23643884438542961,25.358475003701944,25.392690100939944,1.25926632899791
development,32,advection_diffusion,correct,fno,none,ood,96,6,64,0.08174468868864478,0.04238080823671576,0.12820506119329236,0.28591028083761655,25.358475003701944,25.392690100939944,1.25926632899791
development,32,advection_diffusion,correct,fno,response_matched,test,64,6,64,0.00021473667526100923,0.000156776425111974,0.00029043309438976043,0.014653896248472938,41.65945835178718,43.07475024772187,1.2468260945752263
development,32,advection_diffusion,correct,fno,response_matched,test,96,6,64,0.00030977761001248525,0.00022984052814041398,0.00040422275761351276,0.01760050027733545,41.65945835178718,43.07475024772187,1.2468260945752263
development,32,advection_diffusion,correct,fno,response_matched,ood,64,6,64,0.037758882797809125,0.024330605728695786,0.052630283085810324,0.19431645014719964,41.65945835178718,43.07475024772187,1.2468260945752263
development,32,advection_diffusion,correct,fno,response_matched,ood,96,6,64,0.05925277025297377,0.037552234376176316,0.08508939888380336,0.24341891925849513,41.65945835178718,43.07475024772187,1.2468260945752263
development,32,advection_diffusion,correct,fno,smooth,test,64,6,64,0.00012019822972282196,8.969498265420811e-05,0.00016179347088011607,0.010963495324157435,41.77893476296837,43.19431246646369,1.2501598452217877
development,32,advection_diffusion,correct,fno,smooth,test,96,6,64,0.00016886941510165456,0.0001276598944218799,0.00022039770780878988,0.012994976533324504,41.77893476296837,43.19431246646369,1.2501598452217877
development,32,advection_diffusion,correct,fno,smooth,ood,64,6,64,0.036540852716647566,0.024658458779145704,0.050700315965609165,0.19115661829151395,41.77893476296837,43.19431246646369,1.2501598452217877
development,32,advection_diffusion,correct,fno,smooth,ood,96,6,64,0.05644289667908523,0.03769086604800566,0.07857179750116138,0.23757713837632868,41.77893476296837,43.19431246646369,1.2501598452217877
development,32,advection_diffusion,correct,looped,iid,test,64,6,64,0.02671264922534315,0.0029986869897803228,0.08769885515048086,0.16344004780145882,69.99603867034118,71.41556914810401,1.5392183559015393
development,32,advection_diffusion,correct,looped,iid,test,96,6,64,0.866273604015928,0.0038322146470891414,2.9375673538842473,0.9307382038016534,69.99603867034118,71.41556914810401,1.5392183559015393
development,32,advection_diffusion,correct,looped,iid,ood,64,6,64,12.974816010720838,1.5767111030103775,29.827040041860283,3.602057191483894,69.99603867034118,71.41556914810401,1.5392183559015393
development,32,advection_diffusion,correct,looped,iid,ood,96,6,64,34.36667510460052,2.5342540102767623,80.8598747978206,5.8623097073253065,69.99603867034118,71.41556914810401,1.5392183559015393
development,32,advection_diffusion,correct,looped,none,test,64,6,64,0.12916480399682628,0.0034690859692499483,0.42288390639171647,0.3593950528274232,39.04703431444553,39.085240431207545,1.5399115975014865
development,32,advection_diffusion,correct,looped,none,test,96,6,64,4.0209885007981425,0.005080165340049689,12.784617291749553,2.0052402601180095,39.04703431444553,39.085240431207545,1.5399115975014865
development,32,advection_diffusion,correct,looped,none,ood,64,6,64,21.733231509564963,1.4356187969636005,46.07857510758461,4.661891409027559,39.04703431444553,39.085240431207545,1.5399115975014865
development,32,advection_diffusion,correct,looped,none,ood,96,6,64,50.43178745037054,2.0829313174132813,112.24822398645763,7.101534161740725,39.04703431444553,39.085240431207545,1.5399115975014865
development,32,advection_diffusion,correct,looped,response_matched,test,64,6,64,0.014824484388784845,0.003371539659518447,0.04332464395516858,0.12175583923896564,69.97939420336236,71.3990755409468,1.5375075512565672
development,32,advection_diffusion,correct,looped,response_matched,test,96,6,64,0.325956604248764,0.004392273935723453,1.173153395125411,0.5709260935084015,69.97939420336236,71.3990755409468,1.5375075512565672
development,32,advection_diffusion,correct,looped,response_matched,ood,64,6,64,10.185364562243032,1.545124120993687,25.838335383819977,3.1914517953813797,69.97939420336236,71.3990755409468,1.5375075512565672
development,32,advection_diffusion,correct,looped,response_matched,ood,96,6,64,27.072844847825607,2.5400595429966053,68.19202216546655,5.203157199991713,69.97939420336236,71.3990755409468,1.5375075512565672
development,32,advection_diffusion,correct,looped,smooth,test,64,6,64,0.4634224528078173,0.0037268997209892875,1.5345055013956859,0.6807513883994782,69.93041624121058,71.35016499886599,1.5397191047668457
development,32,advection_diffusion,correct,looped,smooth,test,96,6,64,7.3168939051749815,0.005441773499090115,23.034690911701848,2.704975767945987,69.93041624121058,71.35016499886599,1.5397191047668457
development,32,advection_diffusion,correct,looped,smooth,ood,64,6,64,23.49456692778953,2.0603107422113887,53.86725710048311,4.847119446412429,69.93041624121058,71.35016499886599,1.5397191047668457
development,32,advection_diffusion,correct,looped,smooth,ood,96,6,64,52.81034812240576,3.095238170821377,123.27510579196094,7.267072871686768,69.93041624121058,71.35016499886599,1.5397191047668457
development,32,advection_diffusion,correct,transformer,iid,test,64,6,64,0.002481551997572995,0.0017919979131699453,0.0033425383944749817,0.04981517838543786,72.33967783891906,73.76297706109472,1.5483743511140347
development,32,advection_diffusion,correct,transformer,iid,test,96,6,64,0.003602002790016237,0.0022502639578138167,0.005727623672872697,0.06001668759616976,72.33967783891906,73.76297706109472,1.5483743511140347
development,32,advection_diffusion,correct,transformer,iid,ood,64,6,64,1.2561389718037173,0.8141205897276602,1.699534891922309,1.1207760578294477,72.33967783891906,73.76297706109472,1.5483743511140347
development,32,advection_diffusion,correct,transformer,iid,ood,96,6,64,1.6506100901189058,0.9530430246413443,2.3344647692423948,1.284760713175378,72.33967783891906,73.76297706109472,1.5483743511140347
development,32,advection_diffusion,correct,transformer,none,test,64,6,64,0.002642837333670008,0.0020387734683272713,0.00338563407705146,0.05140853366582253,42.67953908645237,42.722266539620854,1.5533850877545774
development,32,advection_diffusion,correct,transformer,none,test,96,6,64,0.0038178056507215392,0.002588159537018066,0.0052777287244593265,0.06178839414260205,42.67953908645237,42.722266539620854,1.5533850877545774
development,32,advection_diffusion,correct,transformer,none,ood,64,6,64,1.1577025875452118,0.8648397347227926,1.561443968736467,1.0759658858649803,42.67953908645237,42.722266539620854,1.5533850877545774
development,32,advection_diffusion,correct,transformer,none,ood,96,6,64,1.4624164011937195,0.9755150970369191,2.1475763127275806,1.2093040978983407,42.67953908645237,42.722266539620854,1.5533850877545774
development,32,advection_diffusion,correct,transformer,response_matched,test,64,6,64,0.0029761873766303015,0.0018629523102857842,0.004495744692575649,0.054554444151052456,72.95189055451192,74.37513144073698,1.543921569827944
development,32,advection_diffusion,correct,transformer,response_matched,test,96,6,64,0.004368465922635018,0.0021408838751218783,0.008058220731733375,0.06609437133852639,72.95189055451192,74.37513144073698,1.543921569827944
development,32,advection_diffusion,correct,transformer,response_matched,ood,64,6,64,1.3619347201686953,0.8558997513339077,1.9050984803599675,1.1670195885968218,72.95189055451192,74.37513144073698,1.543921569827944
development,32,advection_diffusion,correct,transformer,response_matched,ood,96,6,64,1.8242473760702118,1.0079120005463953,2.711662605791523,1.3506470212717354,72.95189055451192,74.37513144073698,1.543921569827944
development,32,advection_diffusion,correct,transformer,smooth,test,64,6,64,0.0020983857733757974,0.001532840111593874,0.0027775267912644014,0.045808140907220816,72.88749042750958,74.31129602420454,1.556385587900877
development,32,advection_diffusion,correct,transformer,smooth,test,96,6,64,0.00260247599282793,0.001787753916072332,0.0037847226823640415,0.051014468465602286,72.88749042750958,74.31129602420454,1.556385587900877
development,32,advection_diffusion,correct,transformer,smooth,ood,64,6,64,1.2974756762536164,0.9208426309363831,1.8213728071436013,1.1390678979997708,72.88749042750958,74.31129602420454,1.556385587900877
development,32,advection_diffusion,correct,transformer,smooth,ood,96,6,64,1.6846851553968698,1.0329776641090118,2.5972894645439766,1.2979542192993057,72.88749042750958,74.31129602420454,1.556385587900877
development,32,allen_cahn,coefficient,fno,iid,test,64,6,64,0.00042324915638537394,0.00015979362318565277,0.0009564345381816019,0.020573020108515278,41.970619364796825,44.899466254748404,1.238400221336633
development,32,allen_cahn,coefficient,fno,iid,test,96,6,64,0.0005521611146695973,0.0002569126383345908,0.0010905004497386006,0.023498108746654426,41.970619364796825,44.899466254748404,1.238400221336633
development,32,allen_cahn,coefficient,fno,iid,ood,64,6,64,0.0034978818932210887,0.0022300210137341987,0.0049587781271303024,0.05914289385227179,41.970619364796825,44.899466254748404,1.238400221336633
development,32,allen_cahn,coefficient,fno,iid,ood,96,6,64,0.006930265596734364,0.004264156348448308,0.009965556374747202,0.08324821677810501,41.970619364796825,44.899466254748404,1.238400221336633
development,32,allen_cahn,coefficient,fno,none,test,64,6,64,0.016806808686309644,0.007826513392606437,0.02643578108981704,0.12964107638518604,24.77128365286626,24.80513102320644,1.242835191078484
development,32,allen_cahn,coefficient,fno,none,test,96,6,64,0.037486932199779444,0.015885203063495203,0.06082781169943966,0.19361542345531113,24.77128365286626,24.80513102320644,1.242835191078484
development,32,allen_cahn,coefficient,fno,none,ood,64,6,64,0.029298709697683476,0.01573022895922784,0.04637807318951701,0.17116865863143135,24.77128365286626,24.80513102320644,1.242835191078484
development,32,allen_cahn,coefficient,fno,none,ood,96,6,64,0.06641230115740641,0.03367420445639215,0.107081261655686,0.257705842303597,24.77128365286626,24.80513102320644,1.242835191078484
development,32,allen_cahn,coefficient,fno,response_matched,test,64,6,64,0.00028121050900853487,0.00014778154346057094,0.0005205873220282187,0.01676933239602981,42.17218142383111,45.10113978626517,1.2430222006514668
development,32,allen_cahn,coefficient,fno,response_matched,test,96,6,64,0.0003836858684508962,0.00023195535192532287,0.0006466790141186163,0.01958790107313431,42.17218142383111,45.10113978626517,1.2430222006514668
development,32,allen_cahn,coefficient,fno,response_matched,ood,64,6,64,0.002858958169413677,0.0016146560503294554,0.004337671908032535,0.05346922637754989,42.17218142383111,45.10113978626517,1.2430222006514668
development,32,allen_cahn,coefficient,fno,response_matched,ood,96,6,64,0.005688780663900072,0.003072362183185381,0.008780773481431843,0.07542400588605774,42.17218142383111,45.10113978626517,1.2430222006514668
development,32,allen_cahn,coefficient,fno,smooth,test,64,6,64,0.000584530824661287,0.0003230078012217713,0.001024170967288924,0.024177072293007005,42.249166880501434,45.177906030711405,1.2522101984359324
development,32,allen_cahn,coefficient,fno,smooth,test,96,6,64,0.0009197637223500888,0.000610238889534057,0.001394707571372949,0.030327606604380913,42.249166880501434,45.177906030711405,1.2522101984359324
development,32,allen_cahn,coefficient,fno,smooth,ood,64,6,64,0.0044239158787631044,0.0022475258811876842,0.007571178054922594,0.06651252422486388,42.249166880501434,45.177906030711405,1.2522101984359324
development,32,allen_cahn,coefficient,fno,smooth,ood,96,6,64,0.00857714303543547,0.004039387143525216,0.015196188277141746,0.09261286646808568,42.249166880501434,45.177906030711405,1.2522101984359324
development,32,allen_cahn,coefficient,looped,iid,test,64,6,64,0.0028180495824711347,0.0017808827289962342,0.004210822323793383,0.0530853047695041,70.21883572288789,73.15220788920608,1.5392142231576145
development,32,allen_cahn,coefficient,looped,iid,test,96,6,64,0.0043318775553433785,0.0029636283348039925,0.006096169851579552,0.0658170005039988,70.21883572288789,73.15220788920608,1.5392142231576145
development,32,allen_cahn,coefficient,looped,iid,ood,64,6,64,0.3292556193290717,0.21579726756487452,0.49422930776534874,0.5738079986625071,70.21883572288789,73.15220788920608,1.5392142231576145
development,32,allen_cahn,coefficient,looped,iid,ood,96,6,64,0.6536713489293325,0.4233238308908303,0.948299277323653,0.8084994427514051,70.21883572288789,73.15220788920608,1.5392142231576145
development,32,allen_cahn,coefficient,looped,none,test,64,6,64,0.004818466871804557,0.003133637845994937,0.007316805357099073,0.06941517753203946,38.45743158824431,38.49564117022479,1.579642458818853
development,32,allen_cahn,coefficient,looped,none,test,96,6,64,0.006080767397885853,0.004273742800297641,0.008962406052289481,0.07797927543832305,38.45743158824431,38.49564117022479,1.579642458818853
development,32,allen_cahn,coefficient,looped,none,ood,64,6,64,0.16448091802431222,0.06908706239058116,0.3130581922734155,0.405562471173446,38.45743158824431,38.49564117022479,1.579642458818853
development,32,allen_cahn,coefficient,looped,none,ood,96,6,64,0.3677123672627622,0.13644704414460984,0.7258771727270608,0.6063929149180111,38.45743158824431,38.49564117022479,1.579642458818853
development,32,allen_cahn,coefficient,looped,response_matched,test,64,6,64,0.003057443400623666,0.0016957508389770165,0.005504614741844589,0.05529415340362547,69.89342529846665,72.82716873831426,1.5385342063382268
development,32,allen_cahn,coefficient,looped,response_matched,test,96,6,64,0.004821550200329156,0.002908384325827166,0.008302629848711189,0.06943738330560244,69.89342529846665,72.82716873831426,1.5385342063382268
development,32,allen_cahn,coefficient,looped,response_matched,ood,64,6,64,0.4253715553361654,0.28106199532138076,0.6080218046150441,0.6522051481981459,69.89342529846665,72.82716873831426,1.5385342063382268
development,32,allen_cahn,coefficient,looped,response_matched,ood,96,6,64,0.7773625007453276,0.5205963332240109,1.088426768657331,0.8816816323057477,69.89342529846665,72.82716873831426,1.5385342063382268
development,32,allen_cahn,coefficient,looped,smooth,test,64,6,64,0.0025013901248312487,0.0013509917865004192,0.004155213329809427,0.05001389931640252,69.91731476108544,72.85081668927644,1.5755006927065551
development,32,allen_cahn,coefficient,looped,smooth,test,96,6,64,0.003629299783797236,0.002224345546379119,0.005569352262013196,0.060243670072441934,69.91731476108544,72.85081668927644,1.5755006927065551
development,32,allen_cahn,coefficient,looped,smooth,ood,64,6,64,0.209600206079496,0.12055231896886817,0.31280643989553497,0.45782115075594315,69.91731476108544,72.85081668927644,1.5755006927065551
development,32,allen_cahn,coefficient,looped,smooth,ood,96,6,64,0.452404385202136,0.22186298098882146,0.7100007358411623,0.6726101286794126,69.91731476108544,72.85081668927644,1.5755006927065551
development,32,allen_cahn,coefficient,transformer,iid,test,64,6,64,0.001837912621547209,0.0012503643671352975,0.0025874478616319647,0.04287088314400823,73.28118235509221,76.21823070912312,1.5384624479338527
development,32,allen_cahn,coefficient,transformer,iid,test,96,6,64,0.003013522970097635,0.002165984918678775,0.004039566240531609,0.0548955642114883,73.28118235509221,76.21823070912312,1.5384624479338527
development,32,allen_cahn,coefficient,transformer,iid,ood,64,6,64,0.4272020063561328,0.2834140815543433,0.586404285419351,0.6536069203704417,73.28118235509221,76.21823070912312,1.5384624479338527
development,32,allen_cahn,coefficient,transformer,iid,ood,96,6,64,0.6521541586075048,0.45809442001016726,0.8549883096854238,0.8075606222491937,73.28118235509221,76.21823070912312,1.5384624479338527
development,32,allen_cahn,coefficient,transformer,none,test,64,6,64,0.00212180364903522,0.0014166313040467594,0.003193220964683245,0.046063039945657296,42.638597640752174,42.6810622313836,1.532376476097852
development,32,allen_cahn,coefficient,transformer,none,test,96,6,64,0.0026521580892819928,0.0019535647396118887,0.0036259962265568664,0.051499107655201104,42.638597640752174,42.6810622313836,1.532376476097852
development,32,allen_cahn,coefficient,transformer,none,ood,64,6,64,0.10276754481067307,0.061707740712396125,0.1578950613935908,0.3205737743650798,42.638597640752174,42.6810622313836,1.532376476097852
development,32,allen_cahn,coefficient,transformer,none,ood,96,6,64,0.18693566216789473,0.10609177879747386,0.30349943825472886,0.4323605696266656,42.638597640752174,42.6810622313836,1.532376476097852
development,32,allen_cahn,coefficient,transformer,response_matched,test,64,6,64,0.00195036064808841,0.0012082857381442956,0.0030699412303600146,0.04416288767832568,72.60890028827514,75.54609718879995,1.5312616946175694
development,32,allen_cahn,coefficient,transformer,response_matched,test,96,6,64,0.003090295193990357,0.0020700356745469452,0.004604267400036176,0.05559042358167778,72.60890028827514,75.54609718879995,1.5312616946175694
development,32,allen_cahn,coefficient,transformer,response_matched,ood,64,6,64,0.4931868326185042,0.34950466575479533,0.6456870283400533,0.7022726198695947,72.60890028827514,75.54609718879995,1.5312616946175694
development,32,allen_cahn,coefficient,transformer,response_matched,ood,96,6,64,0.7225108060839847,0.5413668383924098,0.9072535454928132,0.8500063564962232,72.60890028827514,75.54609718879995,1.5312616946175694
development,32,allen_cahn,coefficient,transformer,smooth,test,64,6,64,0.001305426375804548,0.000877077764622038,0.0019356614550319878,0.036130684684967544,73.01240397834529,75.94950823214215,1.5370319713838398
development,32,allen_cahn,coefficient,transformer,smooth,test,96,6,64,0.001967457248114186,0.0013956560127697257,0.002749469555595633,0.04435602831762765,73.01240397834529,75.94950823214215,1.5370319713838398
development,32,allen_cahn,coefficient,transformer,smooth,ood,64,6,64,0.3335937645177231,0.2425675317362461,0.4284210879713616,0.5775757651752046,73.01240397834529,75.94950823214215,1.5370319713838398
development,32,allen_cahn,coefficient,transformer,smooth,ood,96,6,64,0.5739943769121795,0.4196362197399536,0.7335238611807036,0.7576241660032892,73.01240397834529,75.94950823214215,1.5370319713838398
development,32,allen_cahn,correct,fno,iid,test,64,6,64,0.0007669464939288306,0.00012599236892343204,0.003113410466537416,0.027693798835277738,42.024380051065236,44.94385312350156,1.2436234625056386
development,32,allen_cahn,correct,fno,iid,test,96,6,64,0.0012770085199977587,0.00020319903026090946,0.0056174652292852395,0.03573525598058252,42.024380051065236,44.94385312350156,1.2436234625056386
development,32,allen_cahn,correct,fno,iid,ood,64,6,64,0.0036953859311257644,0.001991556246148656,0.005342977218227782,0.06078968605878603,42.024380051065236,44.94385312350156,1.2436234625056386
development,32,allen_cahn,correct,fno,iid,ood,96,6,64,0.007559929699206873,0.0037644357878146174,0.011204722537655512,0.08694785620822904,42.024380051065236,44.94385312350156,1.2436234625056386
development,32,allen_cahn,correct,fno,none,test,64,6,64,0.016914534244604266,0.007861861864192552,0.026630399854902575,0.13005588892704653,25.01461238095847,25.048850260131683,1.255962229333818
development,32,allen_cahn,correct,fno,none,test,96,6,64,0.03791100843523428,0.015857929960452457,0.06182819887879403,0.1947074945533281,25.01461238095847,25.048850260131683,1.255962229333818
development,32,allen_cahn,correct,fno,none,ood,64,6,64,0.029283935669245253,0.01566340789509261,0.04652716946642041,0.17112549684148548,25.01461238095847,25.048850260131683,1.255962229333818
development,32,allen_cahn,correct,fno,none,ood,96,6,64,0.06628356010545426,0.03357727537653616,0.10728762865116032,0.25745593818254464,25.01461238095847,25.048850260131683,1.255962229333818
development,32,allen_cahn,correct,fno,response_matched,test,64,6,64,0.00021259085706289062,8.300532449213132e-05,0.00045391346781823593,0.014580495775620615,41.84448352696685,44.7639262622688,1.2604435090906918
development,32,allen_cahn,correct,fno,response_matched,test,96,6,64,0.00027963578213970145,0.00012411734547796663,0.0005531032953397067,0.016722313899090086,41.84448352696685,44.7639262622688,1.2604435090906918
development,32,allen_cahn,correct,fno,response_matched,ood,64,6,64,0.0031238829408429167,0.0014592626631740552,0.005004407155658879,0.05589170726362648,41.84448352696685,44.7639262622688,1.2604435090906918
development,32,allen_cahn,correct,fno,response_matched,ood,96,6,64,0.00636964197074005,0.002778034715166289,0.010376733491961243,0.07981003677946809,41.84448352696685,44.7639262622688,1.2604435090906918
development,32,allen_cahn,correct,fno,smooth,test,64,6,64,0.0004584393818871807,0.00020494208288144493,0.000857179395813988,0.021411197581807064,41.734554222552106,44.6540730377504,1.244509732350707
development,32,allen_cahn,correct,fno,smooth,test,96,6,64,0.0006379063428373085,0.00032734406618597557,0.0010822047890345409,0.02525680785129642,41.734554222552106,44.6540730377504,1.244509732350707
development,32,allen_cahn,correct,fno,smooth,ood,64,6,64,0.004042319170222454,0.001679791696650347,0.008412611394798158,0.06357923536991031,41.734554222552106,44.6540730377504,1.244509732350707
development,32,allen_cahn,correct,fno,smooth,ood,96,6,64,0.00815014438329043,0.0031060590808658388,0.017610200490400615,0.09027815008788356,41.734554222552106,44.6540730377504,1.244509732350707
development,32,allen_cahn,correct,looped,iid,test,64,6,64,0.0033353636570340925,0.0018627448030547231,0.005591810636035409,0.05775260736134857,70.14937950957876,73.07319082583611,1.5376577386632562
development,32,allen_cahn,correct,looped,iid,test,96,6,64,0.005248466371245715,0.003173018732816657,0.008414555638045367,0.07244629991411373,70.14937950957876,73.07319082583611,1.5376577386632562
development,32,allen_cahn,correct,looped,iid,ood,64,6,64,0.31458875651534396,0.24849165854664496,0.37931760375306,0.5608821235476702,70.14937950957876,73.07319082583611,1.5376577386632562
development,32,allen_cahn,correct,looped,iid,ood,96,6,64,0.6500652114089543,0.5327106170029358,0.8107280755337112,0.8062662162145666,70.14937950957876,73.07319082583611,1.5376577386632562
development,32,allen_cahn,correct,looped,none,test,64,6,64,0.004818463955338932,0.0031336396372907594,0.007316802895489759,0.06941515652463036,38.82971056799094,38.868256478880845,1.539204001892358
development,32,allen_cahn,correct,looped,none,test,96,6,64,0.006080765778163989,0.004273758157033773,0.00896241131038024,0.07797926505273045,38.82971056799094,38.868256478880845,1.539204001892358
development,32,allen_cahn,correct,looped,none,ood,64,6,64,0.1644810956901983,0.06908702987790526,0.3130579421938857,0.40556269020978536,38.82971056799094,38.868256478880845,1.539204001892358
development,32,allen_cahn,correct,looped,none,ood,96,6,64,0.36771285790925806,0.13644740506628966,0.7258777655801065,0.6063933194794102,38.82971056799094,38.868256478880845,1.539204001892358
development,32,allen_cahn,correct,looped,response_matched,test,64,6,64,0.0031331615558112536,0.0014823393179819525,0.006059366961177884,0.055974651011071554,68.91778680806358,71.84220966673456,1.5388821950182319
development,32,allen_cahn,correct,looped,response_matched,test,96,6,64,0.004823425624090629,0.0024786281469783822,0.009087789131983725,0.0694508864168819,68.91778680806358,71.84220966673456,1.5388821950182319
development,32,allen_cahn,correct,looped,response_matched,ood,64,6,64,0.6381063591812376,0.41637708874254636,0.8542101743922051,0.798815597732817,68.91778680806358,71.84220966673456,1.5388821950182319
development,32,allen_cahn,correct,looped,response_matched,ood,96,6,64,1.052914715568626,0.691769267570032,1.3911326567012952,1.0261163265286377,68.91778680806358,71.84220966673456,1.5388821950182319
development,32,allen_cahn,correct,looped,smooth,test,64,6,64,0.0025270289477670274,0.001339207213490318,0.00434797218763455,0.050269562836442364,69.88395280018449,72.80796073268478,1.5408949460834265
development,32,allen_cahn,correct,looped,smooth,test,96,6,64,0.003606908407103864,0.002092453997860754,0.006045101602946042,0.06005754246640353,69.88395280018449,72.80796073268478,1.5408949460834265
development,32,allen_cahn,correct,looped,smooth,ood,64,6,64,0.22986185060362585,0.11235949656680663,0.35967651816904717,0.47943909999459355,69.88395280018449,72.80796073268478,1.5408949460834265
development,32,allen_cahn,correct,looped,smooth,ood,96,6,64,0.4921900383589146,0.22268418824159653,0.7931236356372295,0.701562569097664,69.88395280018449,72.80796073268478,1.5408949460834265
development,32,allen_cahn,correct,transformer,iid,test,64,6,64,0.0024670339766016403,0.0012234935552726059,0.005145012009437663,0.04966924578249241,73.29804506346893,76.22563881551226,1.5369217260740697
development,32,allen_cahn,correct,transformer,iid,test,96,6,64,0.00395944363812966,0.00210093271436591,0.008053530216525615,0.06292411014968476,73.29804506346893,76.22563881551226,1.5369217260740697
development,32,allen_cahn,correct,transformer,iid,ood,64,6,64,0.42232000768672123,0.2877685689470687,0.5447900558538792,0.6498615296251358,73.29804506346893,76.22563881551226,1.5369217260740697
development,32,allen_cahn,correct,transformer,iid,ood,96,6,64,0.644278465465403,0.46543955963198835,0.807036538450006,0.8026695867325503,73.29804506346893,76.22563881551226,1.5369217260740697
development,32,allen_cahn,correct,transformer,none,test,64,6,64,0.002121800733544075,0.0014166269077988088,0.0031932113085239174,0.04606300829889506,42.94276600400917,42.98502013863375,1.57662722049281
development,32,allen_cahn,correct,transformer,none,test,96,6,64,0.0026521525434529867,0.0019535573296279147,0.0036259780373896025,0.05149905381123994,42.94276600400917,42.98502013863375,1.57662722049281
development,32,allen_cahn,correct,transformer,none,ood,64,6,64,0.1027676756592113,0.061707877620493325,0.1578949814214809,0.32057397844992236,42.94276600400917,42.98502013863375,1.57662722049281
development,32,allen_cahn,correct,transformer,none,ood,96,6,64,0.18693593013539436,0.10609254335620806,0.30349952301472294,0.43236087951547414,42.94276600400917,42.98502013863375,1.57662722049281
development,32,allen_cahn,correct,transformer,response_matched,test,64,6,64,0.0023675737252620657,0.001522339694999338,0.0038087137098528896,0.04865772009930249,72.54323337902315,75.47071919745456,1.5397784882225096
development,32,allen_cahn,correct,transformer,response_matched,test,96,6,64,0.00399731276203335,0.002772317760982242,0.006064195160835122,0.06322430515263375,72.54323337902315,75.47071919745456,1.5397784882225096
development,32,allen_cahn,correct,transformer,response_matched,ood,64,6,64,0.6200002096372733,0.46358178879286976,0.7643050117580885,0.7874009205209715,72.54323337902315,75.47071919745456,1.5397784882225096
development,32,allen_cahn,correct,transformer,response_matched,ood,96,6,64,0.8350700896119368,0.6351685731780733,1.0257933265777992,0.9138216946494194,72.54323337902315,75.47071919745456,1.5397784882225096
development,32,allen_cahn,correct,transformer,smooth,test,64,6,64,0.0017264936987012685,0.0009128718471561005,0.003200203757975036,0.0415510974428025,72.62630665434214,75.5537157941144,1.578070712275803
development,32,allen_cahn,correct,transformer,smooth,test,96,6,64,0.0025527218065151433,0.0014856649690275928,0.004465515795853283,0.050524467404566904,72.62630665434214,75.5537157941144,1.578070712275803
development,32,allen_cahn,correct,transformer,smooth,ood,64,6,64,0.2662675015693499,0.175371639572241,0.3698778604122935,0.5160111448111852,72.62630665434214,75.5537157941144,1.578070712275803
development,32,allen_cahn,correct,transformer,smooth,ood,96,6,64,0.4633257136122148,0.30300206131372703,0.6371616127815705,0.6806803314421644,72.62630665434214,75.5537157941144,1.578070712275803
development,32,burgers,coefficient,fno,iid,test,64,6,64,0.0008287844862643959,0.0005342358879378816,0.0011786827312060117,0.02878861730379554,41.83530970608505,44.92205141973682,1.2587503297254443
development,32,burgers,coefficient,fno,iid,test,96,6,64,0.0011701365529226575,0.0007463777013010243,0.001635176354182029,0.03420725877533389,41.83530970608505,44.92205141973682,1.2587503297254443
development,32,burgers,coefficient,fno,iid,ood,64,6,64,0.021864367445440975,0.008200433686004692,0.04006775662550882,0.14786604561372763,41.83530970608505,44.92205141973682,1.2587503297254443
development,32,burgers,coefficient,fno,iid,ood,96,6,64,0.0389781821123877,0.013605166528509686,0.07357435256917662,0.1974289292692125,41.83530970608505,44.92205141973682,1.2587503297254443
development,32,burgers,coefficient,fno,none,test,64,6,64,0.0006509336796864854,0.000425250135304933,0.0009387957173597811,0.02551340196223321,25.063914816748973,25.097965341992676,1.29736257949844
development,32,burgers,coefficient,fno,none,test,96,6,64,0.0008144398427109819,0.0005407245070923341,0.0011222055280651006,0.028538392433894763,25.063914816748973,25.097965341992676,1.29736257949844
development,32,burgers,coefficient,fno,none,ood,64,6,64,0.01701398137382378,0.009080689397300704,0.027116564452159053,0.13043765320575104,25.063914816748973,25.097965341992676,1.29736257949844
development,32,burgers,coefficient,fno,none,ood,96,6,64,0.02458264682492207,0.013009965322033969,0.03814187280842273,0.15678854175264872,25.063914816748973,25.097965341992676,1.29736257949844
development,32,burgers,coefficient,fno,response_matched,test,64,6,64,0.0006817666061782525,0.0005231134205020757,0.0008826069387011584,0.026110660776362066,41.867022273984425,44.95388159629268,1.307970064226538
development,32,burgers,coefficient,fno,response_matched,test,96,6,64,0.0009247097835326921,0.0007327217679288244,0.0011664449871191655,0.03040904114786739,41.867022273984425,44.95388159629268,1.307970064226538
development,32,burgers,coefficient,fno,response_matched,ood,64,6,64,0.02228999848902727,0.009239920422195303,0.03731154562971996,0.14929835393944324,41.867022273984425,44.95388159629268,1.307970064226538
development,32,burgers,coefficient,fno,response_matched,ood,96,6,64,0.03839878302903288,0.01439738625479326,0.06625370653470758,0.19595607423357123,41.867022273984425,44.95388159629268,1.307970064226538
development,32,burgers,coefficient,fno,smooth,test,64,6,64,0.0005711963473191131,0.00038899516293196506,0.0007860478832979397,0.023899714377354244,41.6963123138994,44.783142329271264,1.2744765845127404
development,32,burgers,coefficient,fno,smooth,test,96,6,64,0.0006813443217763429,0.00048513687985002975,0.000920760678272614,0.026102573087271357,41.6963123138994,44.783142329271264,1.2744765845127404
development,32,burgers,coefficient,fno,smooth,ood,64,6,64,0.0057781685316203755,0.00274416367305231,0.009689761147855434,0.07601426531658631,41.6963123138994,44.783142329271264,1.2744765845127404
development,32,burgers,coefficient,fno,smooth,ood,96,6,64,0.009938413709162947,0.004232705155869356,0.018138952367596738,0.0996915929713381,41.6963123138994,44.783142329271264,1.2744765845127404
development,32,burgers,coefficient,looped,iid,test,64,6,64,0.010294348561739053,0.007315438026582511,0.01395617374722438,0.10146106919276503,69.08306386927143,72.1738682622866,1.5383370337076485
development,32,burgers,coefficient,looped,iid,test,96,6,64,0.012292102516459636,0.008974622606239368,0.016188494737569694,0.11086975474158693,69.08306386927143,72.1738682622866,1.5383370337076485
development,32,burgers,coefficient,looped,iid,ood,64,6,64,1.015228845616661,0.34964302121162966,2.1162121969966186,1.0075856517520785,69.08306386927143,72.1738682622866,1.5383370337076485
development,32,burgers,coefficient,looped,iid,ood,96,6,64,2.085336194491876,0.48066514838832003,4.881604180463752,1.4440693177586303,69.08306386927143,72.1738682622866,1.5383370337076485
development,32,burgers,coefficient,looped,none,test,64,6,64,0.011035458482731861,0.007368886747672522,0.015904018193340395,0.10504979049351722,39.012222901297115,39.05039693089202,1.5649137669242918
development,32,burgers,coefficient,looped,none,test,96,6,64,0.012735244558711785,0.008367830791233676,0.018659911744094603,0.1128505407993767,39.012222901297115,39.05039693089202,1.5649137669242918
development,32,burgers,coefficient,looped,none,ood,64,6,64,0.8081382884497046,0.394837052124455,1.4417870085507714,0.8989651208193256,39.012222901297115,39.05039693089202,1.5649137669242918
development,32,burgers,coefficient,looped,none,ood,96,6,64,1.5718285958972524,0.5667725616883401,3.236469932927071,1.2537258854698872,39.012222901297115,39.05039693089202,1.5649137669242918
development,32,burgers,coefficient,looped,response_matched,test,64,6,64,0.009327412437635916,0.0062139442391266906,0.013221455129771539,0.09657852989995197,69.0717775109224,72.16294071171433,1.5405815443955362
development,32,burgers,coefficient,looped,response_matched,test,96,6,64,0.01075001496899495,0.007441863669162636,0.014799566068538801,0.10368227895351717,69.0717775109224,72.16294071171433,1.5405815443955362
development,32,burgers,coefficient,looped,response_matched,ood,64,6,64,0.8559398747858079,0.3665759235531402,1.6283337462168137,0.9251701869309278,69.0717775109224,72.16294071171433,1.5405815443955362
development,32,burgers,coefficient,looped,response_matched,ood,96,6,64,1.725781957118041,0.4952933226175167,3.8304412014230285,1.313690205915398,69.0717775109224,72.16294071171433,1.5405815443955362
development,32,burgers,coefficient,looped,smooth,test,64,6,64,0.010207495767216607,0.00715187061615731,0.014089323934930323,0.10103215214582241,69.4088247505327,72.49963433171312,1.5538573265075684
development,32,burgers,coefficient,looped,smooth,test,96,6,64,0.011256668550219113,0.008186897586660332,0.015014940330166622,0.10609744836808806,69.4088247505327,72.49963433171312,1.5538573265075684
development,32,burgers,coefficient,looped,smooth,ood,64,6,64,1.1002163369274083,0.3796501201509635,2.2985944681069808,1.0489119776832603,69.4088247505327,72.49963433171312,1.5538573265075684
development,32,burgers,coefficient,looped,smooth,ood,96,6,64,2.2257258905986035,0.5326771313143245,5.1763874996953385,1.4918866882570552,69.4088247505327,72.49963433171312,1.5538573265075684
development,32,burgers,coefficient,transformer,iid,test,64,6,64,0.0067713944814743465,0.004508339110524987,0.009587590202128715,0.08228848328578153,72.69828271322574,75.79325524523544,1.5397716546431184
development,32,burgers,coefficient,transformer,iid,test,96,6,64,0.007934112226975895,0.005561079052796353,0.010615271685173028,0.08907363373622912,72.69828271322574,75.79325524523544,1.5397716546431184
development,32,burgers,coefficient,transformer,iid,ood,64,6,64,0.629661069803617,0.4349957191905173,0.9254692688351084,0.7935118586408253,72.69828271322574,75.79325524523544,1.5397716546431184
development,32,burgers,coefficient,transformer,iid,ood,96,6,64,0.9734951170555597,0.6101927343097994,1.5559194018928928,0.9866585615376576,72.69828271322574,75.79325524523544,1.5397716546431184
development,32,burgers,coefficient,transformer,none,test,64,6,64,0.006637938893562252,0.004161025349071872,0.00999280808839875,0.08147354720129873,43.58832743616464,43.630592009751126,1.5387109015136957
development,32,burgers,coefficient,transformer,none,test,96,6,64,0.007344714650311329,0.004882238075953775,0.010598501004860317,0.08570131066857338,43.58832743616464,43.630592009751126,1.5387109015136957
development,32,burgers,coefficient,transformer,none,ood,64,6,64,0.542459863897987,0.44662173296867935,0.639699916140598,0.7365187464674521,43.58832743616464,43.630592009751126,1.5387109015136957
development,32,burgers,coefficient,transformer,none,ood,96,6,64,0.8271068722388755,0.6502184770075701,1.0053590486794861,0.909454161702983,43.58832743616464,43.630592009751126,1.5387109015136957
development,32,burgers,coefficient,transformer,response_matched,test,64,6,64,0.005877705233532797,0.00416962665827342,0.008101207032793961,0.07666619355056567,72.81695752668504,75.91196773309882,1.5378066571429372
development,32,burgers,coefficient,transformer,response_matched,test,96,6,64,0.006974787796594747,0.00506836630439326,0.009488789562798984,0.0835151950042311,72.81695752668504,75.91196773309882,1.5378066571429372
development,32,burgers,coefficient,transformer,response_matched,ood,64,6,64,0.5552663068658052,0.3987877668305326,0.7635768575155805,0.7451619333177221,72.81695752668504,75.91196773309882,1.5378066571429372
development,32,burgers,coefficient,transformer,response_matched,ood,96,6,64,0.8115286408673997,0.5199977839589078,1.2044800047366016,0.9008488446278875,72.81695752668504,75.91196773309882,1.5378066571429372
development,32,burgers,coefficient,transformer,smooth,test,64,6,64,0.006662913922609703,0.0044453044276099325,0.00958232147279014,0.0816266740876394,73.29967685625888,76.39466220947604,1.5381196630187333
development,32,burgers,coefficient,transformer,smooth,test,96,6,64,0.007000061868353682,0.004888941232709411,0.009616247348030831,0.08366637238672227,73.29967685625888,76.39466220947604,1.5381196630187333
development,32,burgers,coefficient,transformer,smooth,ood,64,6,64,0.6733912302014691,0.5020330210454438,0.9279809913728653,0.8206041860735717,73.29967685625888,76.39466220947604,1.5381196630187333
development,32,burgers,coefficient,transformer,smooth,ood,96,6,64,1.0661974296942494,0.7403372614314484,1.5632198761136147,1.0325683656273077,73.29967685625888,76.39466220947604,1.5381196630187333
development,32,burgers,correct,fno,iid,test,64,6,64,0.0003816500066346343,0.0002816417422356293,0.0004908314941622592,0.019535864624700753,41.76643800168919,44.832169696533434,1.2506848550401628
development,32,burgers,correct,fno,iid,test,96,6,64,0.0005417284466050527,0.0004072795529058568,0.0006918696673291726,0.023275060614422742,41.76643800168919,44.832169696533434,1.2506848550401628
development,32,burgers,correct,fno,iid,ood,64,6,64,0.024378475914665593,0.00765071502488395,0.04452212468923484,0.1561360813990975,41.76643800168919,44.832169696533434,1.2506848550401628
development,32,burgers,correct,fno,iid,ood,96,6,64,0.044349989885148766,0.011394015670463983,0.08462191685683491,0.2105943728715199,41.76643800168919,44.832169696533434,1.2506848550401628
development,32,burgers,correct,fno,none,test,64,6,64,0.0006018920915045993,0.000407255776249071,0.000818513615801058,0.024533489183249074,24.974350878891226,25.010247424710542,1.2510888278484344
development,32,burgers,correct,fno,none,test,96,6,64,0.0007758365739974578,0.0005238186707721924,0.0010500608903542539,0.027853843074115602,24.974350878891226,25.010247424710542,1.2510888278484344
development,32,burgers,correct,fno,none,ood,64,6,64,0.016767783225356644,0.008906967211916389,0.026890929442269566,0.12949047542331693,24.974350878891226,25.010247424710542,1.2510888278484344
development,32,burgers,correct,fno,none,ood,96,6,64,0.024538422953364124,0.012891833813574328,0.03821240383963117,0.15664744796313831,24.974350878891226,25.010247424710542,1.2510888278484344
development,32,burgers,correct,fno,response_matched,test,64,6,64,0.00043727900215512785,0.00029265047383813576,0.0006177640689805671,0.02091121713710438,42.00548887128631,45.07094484521076,1.2453735806047916
development,32,burgers,correct,fno,response_matched,test,96,6,64,0.0006366365255060058,0.0004213560213099489,0.000885558476074576,0.02523165720887167,42.00548887128631,45.07094484521076,1.2453735806047916
development,32,burgers,correct,fno,response_matched,ood,64,6,64,0.03647544985138176,0.012102661411421956,0.06945739497385105,0.19098547026248294,42.00548887128631,45.07094484521076,1.2453735806047916
development,32,burgers,correct,fno,response_matched,ood,96,6,64,0.06945889546528478,0.02031962865228011,0.13528420324278578,0.26355055580530423,42.00548887128631,45.07094484521076,1.2453735806047916
development,32,burgers,correct,fno,smooth,test,64,6,64,0.00020412086126827636,0.00013238363309229408,0.0002980097433754242,0.014287087221273493,42.36106056052571,45.426626055579014,1.2773475958965719
development,32,burgers,correct,fno,smooth,test,96,6,64,0.0002330674480871573,0.0001577172562963002,0.00032270740819374414,0.015266546698161876,42.36106056052571,45.426626055579014,1.2773475958965719
development,32,burgers,correct,fno,smooth,ood,64,6,64,0.005650402192464418,0.0028665778718730316,0.00907572623121657,0.0751691571887328,42.36106056052571,45.426626055579014,1.2773475958965719
development,32,burgers,correct,fno,smooth,ood,96,6,64,0.009266344548259996,0.003904844440375822,0.015586025716953228,0.09626185406618759,42.36106056052571,45.426626055579014,1.2773475958965719
development,32,burgers,correct,looped,iid,test,64,6,64,0.009538695818492204,0.00673139587069421,0.013005453411204652,0.09766624707897915,70.34002730025288,73.40975614124909,1.5411196509376168
development,32,burgers,correct,looped,iid,test,96,6,64,0.011864371860732722,0.008517210780594612,0.015995065278189197,0.10892369742499894,70.34002730025288,73.40975614124909,1.5411196509376168
development,32,burgers,correct,looped,iid,ood,64,6,64,0.8103905252266431,0.29848774073888,1.6110890607624846,0.9002169323150077,70.34002730025288,73.40975614124909,1.5411196509376168
development,32,burgers,correct,looped,iid,ood,96,6,64,1.6459130642647486,0.39359247879474446,3.782593663894763,1.282931433968608,70.34002730025288,73.40975614124909,1.5411196509376168
development,32,burgers,correct,looped,none,test,64,6,64,0.011035485003383694,0.007368921985156077,0.015904042249369456,0.10504991672240246,39.26055950873221,39.29905022261664,1.5385346487164497
development,32,burgers,correct,looped,none,test,96,6,64,0.012735292490225808,0.008367900866214662,0.01865992103608045,0.11285075316640916,39.26055950873221,39.29905022261664,1.5385346487164497
development,32,burgers,correct,looped,none,ood,64,6,64,0.8081389471137879,0.3948360631782563,1.44178747997271,0.89896548716499,39.26055950873221,39.29905022261664,1.5385346487164497
development,32,burgers,correct,looped,none,ood,96,6,64,1.571829909743083,0.5667713396906954,3.236472652760708,1.2537264094462885,39.26055950873221,39.29905022261664,1.5385346487164497
development,32,burgers,correct,looped,response_matched,test,64,6,64,0.010386579672573282,0.0071562640292261006,0.014208107127730454,0.10191457046258538,69.06154850358143,72.13113929098472,1.5413084183819592
development,32,burgers,correct,looped,response_matched,test,96,6,64,0.012577249830601378,0.009036058212803691,0.01659979672858988,0.11214833851021325,69.06154850358143,72.13113929098472,1.5413084183819592
development,32,burgers,correct,looped,response_matched,ood,64,6,64,0.6236408336024759,0.38595262943373126,0.9332849900930836,0.7897093348837128,69.06154850358143,72.13113929098472,1.5413084183819592
development,32,burgers,correct,looped,response_matched,ood,96,6,64,1.0805902839399337,0.49046508264339056,1.974796844954015,1.0395144462391726,69.06154850358143,72.13113929098472,1.5413084183819592
development,32,burgers,correct,looped,smooth,test,64,6,64,0.009705862691645806,0.006825713181827967,0.013407003885939052,0.09851833682947457,69.63273873203434,72.7024206748077,1.5413571847602725
development,32,burgers,correct,looped,smooth,test,96,6,64,0.010789432466922938,0.007866561955087168,0.014332586608749724,0.10387219294365041,69.63273873203434,72.7024206748077,1.5413571847602725
development,32,burgers,correct,looped,smooth,ood,64,6,64,1.0476027928697438,0.36507073136772983,2.1510022399008197,1.0235246908940419,69.63273873203434,72.7024206748077,1.5413571847602725
development,32,burgers,correct,looped,smooth,ood,96,6,64,2.1214357172201015,0.5213736707250829,4.856083334073246,1.4565149217292974,69.63273873203434,72.7024206748077,1.5413571847602725
development,32,burgers,correct,transformer,iid,test,64,6,64,0.005018726848107928,0.003252250957795146,0.007408315441791457,0.07084297317382951,73.08153712524411,76.15521648681413,1.5363703947514296
development,32,burgers,correct,transformer,iid,test,96,6,64,0.00536510390395385,0.003661471061588591,0.007640214946493649,0.07324686958467133,73.08153712524411,76.15521648681413,1.5363703947514296
development,32,burgers,correct,transformer,iid,ood,64,6,64,0.5886032460516036,0.43303675898072963,0.8264227548497658,0.767204826660784,73.08153712524411,76.15521648681413,1.5363703947514296
development,32,burgers,correct,transformer,iid,ood,96,6,64,0.8930001558844517,0.6195866702254165,1.3552027214250626,0.9449868548738928,73.08153712524411,76.15521648681413,1.5363703947514296
development,32,burgers,correct,transformer,none,test,64,6,64,0.006638130040853433,0.004161000943040826,0.009993078849848697,0.08147472025636807,44.18545188956583,44.22919861793829,1.5535904210992157
development,32,burgers,correct,transformer,none,test,96,6,64,0.007345084592112176,0.0048822440649950866,0.010598401793473725,0.08570346896195145,44.18545188956583,44.22919861793829,1.5535904210992157
development,32,burgers,correct,transformer,none,ood,64,6,64,0.5424575538944006,0.4466189682886938,0.6397014666641299,0.7365171782751578,44.18545188956583,44.22919861793829,1.5535904210992157
development,32,burgers,correct,transformer,none,ood,96,6,64,0.8271032354344463,0.6502173414512024,1.0053616530480236,0.9094521622572824,44.18545188956583,44.22919861793829,1.5535904210992157
development,32,burgers,correct,transformer,response_matched,test,64,6,64,0.00733420799260794,0.005054896487612691,0.010132742440360413,0.0856399906154125,72.95600936794654,76.02985936193727,1.5406874008476734
development,32,burgers,correct,transformer,response_matched,test,96,6,64,0.00924161964619747,0.006378409352567842,0.0125987879395031,0.09613334305118838,72.95600936794654,76.02985936193727,1.5406874008476734
development,32,burgers,correct,transformer,response_matched,ood,64,6,64,0.5841253343836392,0.451371550743214,0.7434859287262251,0.7642809263508015,72.95600936794654,76.02985936193727,1.5406874008476734
development,32,burgers,correct,transformer,response_matched,ood,96,6,64,0.8540120978968978,0.6113034801385118,1.1488029480665738,0.9241277497710464,72.95600936794654,76.02985936193727,1.5406874008476734
development,32,burgers,correct,transformer,smooth,test,64,6,64,0.005796979630184347,0.003728663535563752,0.008734679841397572,0.07613789877705024,73.78602075654392,76.86013833068621,1.5389379113912582
development,32,burgers,correct,transformer,smooth,test,96,6,64,0.0062105741255061115,0.004214155116969748,0.009003605916673174,0.07880719589927122,73.78602075654392,76.86013833068621,1.5389379113912582
development,32,burgers,correct,transformer,smooth,ood,64,6,64,0.6605072579111256,0.4836655403656028,0.8877232690861628,0.8127159761633369,73.78602075654392,76.86013833068621,1.5389379113912582
development,32,burgers,correct,transformer,smooth,ood,96,6,64,1.0505527553356886,0.706449522865322,1.501705182408468,1.0249647580944863,73.78602075654392,76.86013833068621,1.5389379113912582
development,32,gray_scott,coefficient,fno,iid,test,64,6,64,0.004105812277428148,0.003057629167692,0.005282318615140042,0.06407661256205846,42.05564064136706,45.552131966610126,1.261874008923769
development,32,gray_scott,coefficient,fno,iid,test,96,6,64,0.00805938125902944,0.005120321138685189,0.011657047492224194,0.08977405671478503,42.05564064136706,45.552131966610126,1.261874008923769
development,32,gray_scott,coefficient,fno,iid,ood,64,6,64,0.1560460450858274,0.09546859436532333,0.23377245383154774,0.3950266384509118,42.05564064136706,45.552131966610126,1.261874008923769
development,32,gray_scott,coefficient,fno,iid,ood,96,6,64,0.49193282716077597,0.3294773040842895,0.6649262209439991,0.7013792320569351,42.05564064136706,45.552131966610126,1.261874008923769
development,32,gray_scott,coefficient,fno,none,test,64,6,64,0.00044348240312426686,0.00034381996925192897,0.0005700161332823963,0.021059021893817073,25.045804808847606,25.080757798704628,1.2757554417476058
development,32,gray_scott,coefficient,fno,none,test,96,6,64,0.0011535942049467598,0.0007837358109488696,0.0016371680057061238,0.03396460223448465,25.045804808847606,25.080757798704628,1.2757554417476058
development,32,gray_scott,coefficient,fno,none,ood,64,6,64,0.11635146539602144,0.08498743249930703,0.15085915169576877,0.341103306046748,25.045804808847606,25.080757798704628,1.2757554417476058
development,32,gray_scott,coefficient,fno,none,ood,96,6,64,0.3691750356780999,0.2717999497065125,0.47405842590267355,0.6075977581246493,25.045804808847606,25.080757798704628,1.2757554417476058
development,32,gray_scott,coefficient,fno,response_matched,test,64,6,64,0.002550624502759641,0.0017476419050483874,0.0034649927226970685,0.050503707811997735,42.49532724909174,45.99199266009964,1.2567032012157142
development,32,gray_scott,coefficient,fno,response_matched,test,96,6,64,0.00466613417050191,0.0028651416265426445,0.006760262736028232,0.06830910752236417,42.49532724909174,45.99199266009964,1.2567032012157142
development,32,gray_scott,coefficient,fno,response_matched,ood,64,6,64,0.33210578299370047,0.16565198221880076,0.567388780729673,0.5762861988575646,42.49532724909174,45.99199266009964,1.2567032012157142
development,32,gray_scott,coefficient,fno,response_matched,ood,96,6,64,2.2446119849199184,0.6024009376829903,5.4969845691672665,1.4982029184726342,42.49532724909174,45.99199266009964,1.2567032012157142
development,32,gray_scott,coefficient,fno,smooth,test,64,6,64,0.005444026896559521,0.003213525452126078,0.00853242574574118,0.07378364924940702,42.163343978502475,45.660141976860665,1.25428750179708
development,32,gray_scott,coefficient,fno,smooth,test,96,6,64,0.011312268426115782,0.006139878223064395,0.01856369271688108,0.10635914829536659,42.163343978502475,45.660141976860665,1.25428750179708
development,32,gray_scott,coefficient,fno,smooth,ood,64,6,64,0.12638432386562548,0.08368183922717012,0.18207134590901772,0.3555057297226382,42.163343978502475,45.660141976860665,1.25428750179708
development,32,gray_scott,coefficient,fno,smooth,ood,96,6,64,0.4193760940245211,0.3023258027278722,0.5413432375657912,0.6475925370358441,42.163343978502475,45.660141976860665,1.25428750179708
development,32,gray_scott,coefficient,looped,iid,test,64,6,64,0.023504857956141822,0.0193826844276078,0.028405920995026368,0.15331294125461759,69.40773414944609,72.9082672658842,1.531083951704204
development,32,gray_scott,coefficient,looped,iid,test,96,6,64,0.05034554348808318,0.03939345091174503,0.06324630555925109,0.22437812613551075,69.40773414944609,72.9082672658842,1.531083951704204
development,32,gray_scott,coefficient,looped,iid,ood,64,6,64,0.5161936487255576,0.3322905908734692,0.7891380136841895,0.7184661778577733,69.40773414944609,72.9082672658842,1.531083951704204
development,32,gray_scott,coefficient,looped,iid,ood,96,6,64,1.280553577485102,0.8689950693431641,1.8461160768302827,1.131615472448615,69.40773414944609,72.9082672658842,1.531083951704204
development,32,gray_scott,coefficient,looped,none,test,64,6,64,0.018285120352365708,0.014738567135070157,0.022440195364347715,0.13522248464055714,39.601634229766205,39.64029876437659,1.53174321167171
development,32,gray_scott,coefficient,looped,none,test,96,6,64,0.0479297032196379,0.0342835663860329,0.06756688418489662,0.21892853450301517,39.601634229766205,39.64029876437659,1.53174321167171
development,32,gray_scott,coefficient,looped,none,ood,64,6,64,0.5207373227907711,0.28488394190815025,0.8518340419166821,0.721621315366149,39.601634229766205,39.64029876437659,1.53174321167171
development,32,gray_scott,coefficient,looped,none,ood,96,6,64,1.2478603634032963,0.71082658660083,1.9418157819300257,1.1170767043508232,39.601634229766205,39.64029876437659,1.53174321167171
development,32,gray_scott,coefficient,looped,response_matched,test,64,6,64,0.023708975911659675,0.019358083526530973,0.028953075023203344,0.1539771928295216,69.4808187361341,72.98156419582665,1.5334232128225267
development,32,gray_scott,coefficient,looped,response_matched,test,96,6,64,0.05032939678208531,0.03897905843005806,0.06399947458971285,0.22434214223387747,69.4808187361341,72.98156419582665,1.5334232128225267
development,32,gray_scott,coefficient,looped,response_matched,ood,64,6,64,0.5162578211689889,0.3350621737486439,0.7759945217309824,0.7185108358048533,69.4808187361341,72.98156419582665,1.5334232128225267
development,32,gray_scott,coefficient,looped,response_matched,ood,96,6,64,1.2813356741706672,0.8796086319928385,1.8196959262094294,1.1319609861522026,69.4808187361341,72.98156419582665,1.5334232128225267
development,32,gray_scott,coefficient,looped,smooth,test,64,6,64,0.023428687306140932,0.019551900189474485,0.027933197106891853,0.15306432408024062,69.40323275273356,72.90358132620652,1.5334117226302624
development,32,gray_scott,coefficient,looped,smooth,test,96,6,64,0.051611426066827275,0.04080670122702218,0.06373257054197205,0.2271814826671119,69.40323275273356,72.90358132620652,1.5334117226302624
development,32,gray_scott,coefficient,looped,smooth,ood,64,6,64,0.49780178464640096,0.33400640888932115,0.7396970625878845,0.7055506960143977,69.40323275273356,72.90358132620652,1.5334117226302624
development,32,gray_scott,coefficient,looped,smooth,ood,96,6,64,1.254003118936066,0.8799427691659107,1.7668296964395465,1.1198228069369127,69.40323275273356,72.90358132620652,1.5334117226302624
development,32,gray_scott,coefficient,transformer,iid,test,64,6,64,0.031002147154874943,0.025730837096977807,0.03663041694651279,0.17607426602111662,73.50820899265818,77.0124367075817,1.5302419429644942
development,32,gray_scott,coefficient,transformer,iid,test,96,6,64,0.07649633271162476,0.05556503178138354,0.1026593449201212,0.2765797040847805,73.50820899265818,77.0124367075817,1.5302419429644942
development,32,gray_scott,coefficient,transformer,iid,ood,64,6,64,0.33470801132074296,0.2398197724131497,0.44905610256049255,0.5785395503513506,73.50820899265818,77.0124367075817,1.5302419429644942
development,32,gray_scott,coefficient,transformer,iid,ood,96,6,64,0.7644568008134659,0.47253875065145473,1.1947845923328408,0.8743322027773345,73.50820899265818,77.0124367075817,1.5302419429644942
development,32,gray_scott,coefficient,transformer,none,test,64,6,64,0.0168203597655275,0.013123205776694133,0.021397042974030642,0.1296933296878737,42.74332523493407,42.78603178813743,1.5238542458973825
development,32,gray_scott,coefficient,transformer,none,test,96,6,64,0.0556515086208992,0.039930482699331506,0.07747178294260554,0.2359057197714782,42.74332523493407,42.78603178813743,1.5238542458973825
development,32,gray_scott,coefficient,transformer,none,ood,64,6,64,0.5249475163304789,0.2973406112609677,0.8924313037568196,0.7245326192315146,42.74332523493407,42.78603178813743,1.5238542458973825
development,32,gray_scott,coefficient,transformer,none,ood,96,6,64,1.2738312004986314,0.6310838504913923,2.3400149738827127,1.1286413072799664,42.74332523493407,42.78603178813743,1.5238542458973825
development,32,gray_scott,coefficient,transformer,response_matched,test,64,6,64,0.030074143567785577,0.024997840577637792,0.03556790913395878,0.17341898272042072,73.41557938729723,76.9202291938321,1.5239160042256117
development,32,gray_scott,coefficient,transformer,response_matched,test,96,6,64,0.07658647952377377,0.056970896691250696,0.10085780596588496,0.27674262325087146,73.41557938729723,76.9202291938321,1.5239160042256117
development,32,gray_scott,coefficient,transformer,response_matched,ood,64,6,64,0.3765159997948122,0.25915214063030084,0.5000202734486091,0.613608995855514,73.41557938729723,76.9202291938321,1.5239160042256117
development,32,gray_scott,coefficient,transformer,response_matched,ood,96,6,64,0.8870156306807188,0.5070676439873235,1.3223058816095803,0.9418150724429498,73.41557938729723,76.9202291938321,1.5239160042256117
development,32,gray_scott,coefficient,transformer,smooth,test,64,6,64,0.031127025338310743,0.02629784517045034,0.03664884792392881,0.17642852756374391,73.55562385567464,77.06042383098975,1.5240659471601248
development,32,gray_scott,coefficient,transformer,smooth,test,96,6,64,0.08307370845851779,0.059011956764599305,0.11649500974677234,0.28822510032701487,73.55562385567464,77.06042383098975,1.5240659471601248
development,32,gray_scott,coefficient,transformer,smooth,ood,64,6,64,0.3250162441224049,0.22557127188809128,0.43765467231741156,0.5701019594093717,73.55562385567464,77.06042383098975,1.5240659471601248
development,32,gray_scott,coefficient,transformer,smooth,ood,96,6,64,0.7403962953346008,0.43831580287835575,1.1486608008861179,0.8604628378579756,73.55562385567464,77.06042383098975,1.5240659471601248
development,32,gray_scott,correct,fno,iid,test,64,6,64,0.0007325018444213939,0.0005379678169198396,0.0009398030479312216,0.027064771279680048,41.90694115000466,45.395279148826376,1.2584229814819992
development,32,gray_scott,correct,fno,iid,test,96,6,64,0.0016263315405334593,0.0010681149239666204,0.002267996593110254,0.04032780108725815,41.90694115000466,45.395279148826376,1.2584229814819992
development,32,gray_scott,correct,fno,iid,ood,64,6,64,0.12836084105806436,0.08524223070655713,0.17700004628877708,0.35827481220156177,41.90694115000466,45.395279148826376,1.2584229814819992
development,32,gray_scott,correct,fno,iid,ood,96,6,64,0.44104507997818504,0.28936437063102816,0.5925159066781854,0.6641122495317979,41.90694115000466,45.395279148826376,1.2584229814819992
development,32,gray_scott,correct,fno,none,test,64,6,64,0.0004434856750632372,0.0003438128485036161,0.0005700428061511418,0.021059099578643842,24.999767874833196,25.034792294260114,1.2483337195590138
development,32,gray_scott,correct,fno,none,test,96,6,64,0.0011536196835882468,0.000783783881950372,0.0016372353114777322,0.033964977308813954,24.999767874833196,25.034792294260114,1.2483337195590138
development,32,gray_scott,correct,fno,none,ood,64,6,64,0.11635146539602144,0.08498743249930703,0.15085915169576877,0.341103306046748,24.999767874833196,25.034792294260114,1.2483337195590138
development,32,gray_scott,correct,fno,none,ood,96,6,64,0.3691750356780999,0.2717999497065125,0.47405842590267355,0.6075977581246493,24.999767874833196,25.034792294260114,1.2483337195590138
development,32,gray_scott,correct,fno,response_matched,test,64,6,64,0.0009075119044478046,0.000657903975918302,0.0012155918127021567,0.03012493824803305,42.03137489346167,45.51951545864964,1.24907698482275
development,32,gray_scott,correct,fno,response_matched,test,96,6,64,0.0024361131665657427,0.0013853111677055775,0.003832912798727747,0.04935699713886312,42.03137489346167,45.51951545864964,1.24907698482275
development,32,gray_scott,correct,fno,response_matched,ood,64,6,64,0.14228787006306245,0.08125872414519943,0.20706297520742475,0.37721064415398253,42.03137489346167,45.51951545864964,1.24907698482275
development,32,gray_scott,correct,fno,response_matched,ood,96,6,64,0.5423496571328347,0.28317229634696156,0.8291394622267004,0.7364439266725163,42.03137489346167,45.51951545864964,1.24907698482275
development,32,gray_scott,correct,fno,smooth,test,64,6,64,0.00042400102816236965,0.0003166538057966414,0.0005562733353331318,0.02059128524794821,41.96917047887109,45.457594395925604,1.2532072374597192
development,32,gray_scott,correct,fno,smooth,test,96,6,64,0.0010401302276491257,0.0007081224371081785,0.0014712338290919205,0.03225105002397791,41.96917047887109,45.457594395925604,1.2532072374597192
development,32,gray_scott,correct,fno,smooth,ood,64,6,64,0.09972236454958294,0.07928999232961856,0.1230089633080646,0.3157884807107171,41.96917047887109,45.457594395925604,1.2532072374597192
development,32,gray_scott,correct,fno,smooth,ood,96,6,64,0.3178796042148458,0.26335161263418816,0.37956581938792483,0.5638081271273462,41.96917047887109,45.457594395925604,1.2532072374597192
development,32,gray_scott,correct,looped,iid,test,64,6,64,0.01584899640826461,0.012479442659600255,0.019441735534798936,0.1258927972850894,70.05743617479068,73.54952533372368,1.5313504613004625
development,32,gray_scott,correct,looped,iid,test,96,6,64,0.0422570646075705,0.029654381679817664,0.057129792914277416,0.20556523200086754,70.05743617479068,73.54952533372368,1.5313504613004625
development,32,gray_scott,correct,looped,iid,ood,64,6,64,0.5635137389955304,0.2761069389334476,0.9622022617875818,0.7506755217772392,70.05743617479068,73.54952533372368,1.5313504613004625
development,32,gray_scott,correct,looped,iid,ood,96,6,64,1.303958054268827,0.6649337474847855,2.1140974988972943,1.1419098275559358,70.05743617479068,73.54952533372368,1.5313504613004625
development,32,gray_scott,correct,looped,none,test,64,6,64,0.01828511733519697,0.014738590694076903,0.02244012739339066,0.13522247348424363,39.37214013289971,39.41068594631118,1.5319807222113013
development,32,gray_scott,correct,looped,none,test,96,6,64,0.047929467080608974,0.034283010362439345,0.06756705311668525,0.218927995196158,39.37214013289971,39.41068594631118,1.5319807222113013
development,32,gray_scott,correct,looped,none,ood,64,6,64,0.5207359346596561,0.28488407124401516,0.8518323247160636,0.7216203535514059,39.37214013289971,39.41068594631118,1.5319807222113013
development,32,gray_scott,correct,looped,none,ood,96,6,64,1.247856862152889,0.7108237968191351,1.9418119306658508,1.1170751372011145,39.37214013289971,39.41068594631118,1.5319807222113013
development,32,gray_scott,correct,looped,response_matched,test,64,6,64,0.015901098089207588,0.012536860888893367,0.019552706355626708,0.1260995562609464,69.19842272934814,72.69050541628773,1.5299442340619862
development,32,gray_scott,correct,looped,response_matched,test,96,6,64,0.041619683973476866,0.02901776997757408,0.05645608490508258,0.20400902914693964,69.19842272934814,72.69050541628773,1.5299442340619862
development,32,gray_scott,correct,looped,response_matched,ood,64,6,64,0.598090076561372,0.27043282372785904,1.0416930856386266,0.7733628362944344,69.19842272934814,72.69050541628773,1.5299442340619862
development,32,gray_scott,correct,looped,response_matched,ood,96,6,64,1.3349159730674323,0.6320496340423875,2.2126584407158085,1.155385638247002,69.19842272934814,72.69050541628773,1.5299442340619862
development,32,gray_scott,correct,looped,smooth,test,64,6,64,0.018146469799754133,0.014480432592666232,0.022062196266209783,0.13470883341397524,69.63023335735004,73.12205327216846,1.529782940633595
development,32,gray_scott,correct,looped,smooth,test,96,6,64,0.05262559341044238,0.03748350352452306,0.06952694980568808,0.22940268832435765,69.63023335735004,73.12205327216846,1.529782940633595
development,32,gray_scott,correct,looped,smooth,ood,64,6,64,0.5255362411064476,0.2883326537527141,0.891738675626266,0.7249387843855836,69.63023335735004,73.12205327216846,1.529782940633595
development,32,gray_scott,correct,looped,smooth,ood,96,6,64,1.2688413146628372,0.7214069131818653,2.042258981713754,1.126428566160694,69.63023335735004,73.12205327216846,1.529782940633595
development,32,gray_scott,correct,transformer,iid,test,64,6,64,0.014873210188828681,0.01163176119600068,0.018641333963921262,0.12195577144534277,73.12251334552032,76.61836096830666,1.5663900063373148
development,32,gray_scott,correct,transformer,iid,test,96,6,64,0.04556035149627094,0.033464550225490775,0.06083197967074184,0.21344870928696416,73.12251334552032,76.61836096830666,1.5663900063373148
development,32,gray_scott,correct,transformer,iid,ood,64,6,64,0.4608025027421829,0.28999775640411907,0.7043603998962722,0.6788243533803003,73.12251334552032,76.61836096830666,1.5663900063373148
development,32,gray_scott,correct,transformer,iid,ood,96,6,64,1.087699163630317,0.5964098110960125,1.8558326201940005,1.0429281680107778,73.12251334552032,76.61836096830666,1.5663900063373148
development,32,gray_scott,correct,transformer,none,test,64,6,64,0.016820524071875703,0.013123314405009903,0.021397499157413218,0.12969396312811057,43.113414487646274,43.15571585289823,1.5247316914610565
development,32,gray_scott,correct,transformer,none,test,96,6,64,0.05565241355215652,0.03993103812872911,0.07747341138628787,0.23590763775714538,43.113414487646274,43.15571585289823,1.5247316914610565
development,32,gray_scott,correct,transformer,none,ood,64,6,64,0.5249526503440768,0.29734176005501833,0.8924452254881006,0.7245361622059155,43.113414487646274,43.15571585289823,1.5247316914610565
development,32,gray_scott,correct,transformer,none,ood,96,6,64,1.2738446621081643,0.6310854952873688,2.340049841210834,1.1286472708991788,43.113414487646274,43.15571585289823,1.5247316914610565
development,32,gray_scott,correct,transformer,response_matched,test,64,6,64,0.014818221835583012,0.012182109022200864,0.017748361984728737,0.12173011885142893,72.58579508696373,76.0820047565115,1.55442722607404
development,32,gray_scott,correct,transformer,response_matched,test,96,6,64,0.044232231398616116,0.03521447852880387,0.05459095706870744,0.21031460101147548,72.58579508696373,76.0820047565115,1.55442722607404
development,32,gray_scott,correct,transformer,response_matched,ood,64,6,64,0.43937286204795517,0.28924995842748186,0.654993594319404,0.6628520664884098,72.58579508696373,76.0820047565115,1.55442722607404
development,32,gray_scott,correct,transformer,response_matched,ood,96,6,64,1.012642382977364,0.5775165148589348,1.7059120425055134,1.0063013380580212,72.58579508696373,76.0820047565115,1.55442722607404
development,32,gray_scott,correct,transformer,smooth,test,64,6,64,0.018535818578545898,0.013882283997901748,0.024380781005168432,0.1361463131287289,72.71769380771245,76.21379967864293,1.524726243223995
development,32,gray_scott,correct,transformer,smooth,test,96,6,64,0.0706087420828392,0.04729795944005483,0.10108959907748805,0.2657230552339017,72.71769380771245,76.21379967864293,1.524726243223995
development,32,gray_scott,correct,transformer,smooth,ood,64,6,64,0.48952311386241104,0.28917430774050373,0.7731300533100873,0.699659284125074,72.71769380771245,76.21379967864293,1.524726243223995
development,32,gray_scott,correct,transformer,smooth,ood,96,6,64,1.1887941993307136,0.6308122622722404,2.0423498090973853,1.0903183935579155,72.71769380771245,76.21379967864293,1.524726243223995
development,32,ks,coefficient,fno,iid,test,64,6,64,0.07856639697088645,0.04825507131995178,0.11755316548224903,0.2802969799532033,42.21833630177813,45.42533864096428,1.2599807931110263
development,32,ks,coefficient,fno,iid,test,96,6,64,0.2473265056569268,0.1730360914115995,0.33840585131905326,0.49731931960957115,42.21833630177813,45.42533864096428,1.2599807931110263
development,32,ks,coefficient,fno,iid,ood,64,6,64,0.40444862826291295,0.3164858301335122,0.5027927324901748,0.6359627569778854,42.21833630177813,45.42533864096428,1.2599807931110263
development,32,ks,coefficient,fno,iid,ood,96,6,64,0.820252403334432,0.6947296175396038,0.9580855659289909,0.9056778695178722,42.21833630177813,45.42533864096428,1.2599807931110263
development,32,ks,coefficient,fno,none,test,64,6,64,0.02701678990113454,0.013746094329818685,0.04828458695931495,0.16436784935362067,25.474661851922672,25.508863172183435,1.253801817074418
development,32,ks,coefficient,fno,none,test,96,6,64,0.11005360631327661,0.06568686835862003,0.16929050775890397,0.33174328375006573,25.474661851922672,25.508863172183435,1.253801817074418
development,32,ks,coefficient,fno,none,ood,64,6,64,0.4755646330000136,0.3575150927657365,0.6075243744108121,0.689611943777088,25.474661851922672,25.508863172183435,1.253801817074418
development,32,ks,coefficient,fno,none,ood,96,6,64,0.8960577538062399,0.7351932126088643,1.0671579391564499,0.9466032716012764,25.474661851922672,25.508863172183435,1.253801817074418
development,32,ks,coefficient,fno,response_matched,test,64,6,64,0.08034419572132706,0.04922238569032533,0.12124633730819012,0.28345051723594905,42.11022716814963,45.317505820499115,1.2645773007534444
development,32,ks,coefficient,fno,response_matched,test,96,6,64,0.2251152908407609,0.15780665356871218,0.3021856553906508,0.4744631606782142,42.11022716814963,45.317505820499115,1.2645773007534444
development,32,ks,coefficient,fno,response_matched,ood,64,6,64,0.4260560286949265,0.35171850954154243,0.5101296394245693,0.6527296750531008,42.11022716814963,45.317505820499115,1.2645773007534444
development,32,ks,coefficient,fno,response_matched,ood,96,6,64,0.8508664347612589,0.7520904218768436,0.9535179043896331,0.9224242162699648,42.11022716814963,45.317505820499115,1.2645773007534444
development,32,ks,coefficient,fno,smooth,test,64,6,64,0.10068325265073859,0.06441041602708993,0.14699605790917694,0.31730624426685744,41.385593929948904,44.592618029254176,1.275335787795484
development,32,ks,coefficient,fno,smooth,test,96,6,64,0.28607795280537535,0.20748867188833067,0.37571893595933575,0.5348625550600596,41.385593929948904,44.592618029254176,1.275335787795484
development,32,ks,coefficient,fno,smooth,ood,64,6,64,0.42661593692742206,0.3430443183474656,0.5154143747780702,0.6531584317203768,41.385593929948904,44.592618029254176,1.275335787795484
development,32,ks,coefficient,fno,smooth,ood,96,6,64,0.802375919556806,0.6808464135121971,0.9210702392922598,0.8957543857312706,41.385593929948904,44.592618029254176,1.275335787795484
development,32,ks,coefficient,looped,iid,test,64,6,64,0.4516573833507202,0.3620952988922864,0.5571529392860783,0.6720545984893789,69.02064514672384,72.23208071167271,1.5465280856005847
development,32,ks,coefficient,looped,iid,test,96,6,64,0.8593695151060067,0.7216692542409524,1.0087535783946346,0.9270218525504168,69.02064514672384,72.23208071167271,1.5465280856005847
development,32,ks,coefficient,looped,iid,ood,64,6,64,6.127545035312655,3.6127130336771165,9.54049358008747,2.475387855531463,69.02064514672384,72.23208071167271,1.5465280856005847
development,32,ks,coefficient,looped,iid,ood,96,6,64,9.80665165129299,4.932872240782012,15.503289575960245,3.131557384320618,69.02064514672384,72.23208071167271,1.5465280856005847
development,32,ks,coefficient,looped,none,test,64,6,64,0.6417572968844559,0.3268437423549586,1.1420158862187983,0.8010975576572781,38.942994286616646,38.981424583354965,1.5680603450164199
development,32,ks,coefficient,looped,none,test,96,6,64,1.4423298322555158,0.7508610936620761,2.6421193742447358,1.2009703710981032,38.942994286616646,38.981424583354965,1.5680603450164199
development,32,ks,coefficient,looped,none,ood,64,6,64,12.079012388739462,5.671854965246399,21.067888671920727,3.475487359887741,38.942994286616646,38.981424583354965,1.5680603450164199
development,32,ks,coefficient,looped,none,ood,96,6,64,32.50008056269632,9.93422772664361,65.51352819917976,5.700884191307197,38.942994286616646,38.981424583354965,1.5680603450164199
development,32,ks,coefficient,looped,response_matched,test,64,6,64,0.4321289612792297,0.3551696653172562,0.5166820017054256,0.6573651658547399,69.0903275468542,72.3017377591071,1.5443890821188688
development,32,ks,coefficient,looped,response_matched,test,96,6,64,0.8573232765039157,0.7348273103219877,0.9928166815203989,0.9259175322370323,69.0903275468542,72.3017377591071,1.5443890821188688
development,32,ks,coefficient,looped,response_matched,ood,64,6,64,5.500136895205657,2.550709750861762,9.81162272677401,2.3452370658860175,69.0903275468542,72.3017377591071,1.5443890821188688
development,32,ks,coefficient,looped,response_matched,ood,96,6,64,7.675281747666955,3.5712971735922094,12.937646812845609,2.770429884993835,69.0903275468542,72.3017377591071,1.5443890821188688
development,32,ks,coefficient,looped,smooth,test,64,6,64,0.4444507062483954,0.356664818262897,0.5413601113371551,0.6666713630030882,68.98003031305659,72.1913958870961,1.5743931056931615
development,32,ks,coefficient,looped,smooth,test,96,6,64,0.85834878695143,0.7206023092781564,1.0049914515192928,0.9264711473928533,68.98003031305659,72.1913958870961,1.5743931056931615
development,32,ks,coefficient,looped,smooth,ood,64,6,64,7.003505868084839,4.2740140948492495,10.115881090532495,2.6464137749197194,68.98003031305659,72.1913958870961,1.5743931056931615
development,32,ks,coefficient,looped,smooth,ood,96,6,64,12.276752507485108,5.462242545564837,21.700852737535566,3.503819702479725,68.98003031305659,72.1913958870961,1.5743931056931615
development,32,ks,coefficient,transformer,iid,test,64,6,64,0.31489680156420036,0.24121589998103737,0.39512443449170526,0.5611566640112192,73.76424099054809,76.97938018431887,1.5683288569562137
development,32,ks,coefficient,transformer,iid,test,96,6,64,0.7088802727874949,0.5947627376576962,0.8301241919445198,0.8419502792846468,73.76424099054809,76.97938018431887,1.5683288569562137
development,32,ks,coefficient,transformer,iid,ood,64,6,64,4.534834293623116,2.80800220674969,6.8155874692677,2.1295150371911244,73.76424099054809,76.97938018431887,1.5683288569562137
development,32,ks,coefficient,transformer,iid,ood,96,6,64,7.632762621204556,4.07927154155989,12.473683213034306,2.7627454861431873,73.76424099054809,76.97938018431887,1.5683288569562137
development,32,ks,coefficient,transformer,none,test,64,6,64,0.9422125910968019,0.5717281430673569,1.386850640178164,0.9706763575449862,43.20425667443002,43.2472209041783,1.5512355719693005
development,32,ks,coefficient,transformer,none,test,96,6,64,1.8009271930242423,1.2625700431242874,2.365442361352641,1.3419862864516323,43.20425667443002,43.2472209041783,1.5512355719693005
development,32,ks,coefficient,transformer,none,ood,64,6,64,7.854271307064498,4.89087074194414,11.546204385641861,2.8025472889970113,43.20425667443002,43.2472209041783,1.5512355719693005
development,32,ks,coefficient,transformer,none,ood,96,6,64,18.844362982083606,6.574418072418982,37.41696707151892,4.341009442754485,43.20425667443002,43.2472209041783,1.5512355719693005
development,32,ks,coefficient,transformer,response_matched,test,64,6,64,0.3314762193199004,0.2659662132395237,0.3993646588473204,0.5757397149058769,73.54837304004468,76.76373893138953,1.5610943431966007
development,32,ks,coefficient,transformer,response_matched,test,96,6,64,0.7273385227862136,0.6131038934913056,0.8490110080746701,0.8528414405891717,73.54837304004468,76.76373893138953,1.5610943431966007
development,32,ks,coefficient,transformer,response_matched,ood,64,6,64,2.8546416296598522,1.7356713019186631,4.381771414805094,1.6895684743921604,73.54837304004468,76.76373893138953,1.5610943431966007
development,32,ks,coefficient,transformer,response_matched,ood,96,6,64,4.534856794057873,2.2065988646279266,7.884237225158027,2.129520320179611,73.54837304004468,76.76373893138953,1.5610943431966007
development,32,ks,coefficient,transformer,smooth,test,64,6,64,0.3283971585123659,0.25813729439423583,0.4046826022863684,0.5730594720553582,73.49937257356942,76.71464557868119,1.553008088376373
development,32,ks,coefficient,transformer,smooth,test,96,6,64,0.7206529282809614,0.6063198132997474,0.8364124051929926,0.8489127919173802,73.49937257356942,76.71464557868119,1.553008088376373
development,32,ks,coefficient,transformer,smooth,ood,64,6,64,5.522684676279965,3.841830819732594,7.564079060770009,2.3500392924970352,73.49937257356942,76.71464557868119,1.553008088376373
development,32,ks,coefficient,transformer,smooth,ood,96,6,64,10.41664145595748,5.967176723413277,15.380053074677951,3.227482216210878,73.49937257356942,76.71464557868119,1.553008088376373
development,32,ks,correct,fno,iid,test,64,6,64,0.01791829097466813,0.010817106987508785,0.029197912614018263,0.13385922073084144,41.83389293200647,45.04311167208167,1.2676600832492113
development,32,ks,correct,fno,iid,test,96,6,64,0.09145492839935042,0.05482183816697151,0.14162566452137523,0.3024151590105073,41.83389293200647,45.04311167208167,1.2676600832492113
development,32,ks,correct,fno,iid,ood,64,6,64,0.35074487500328067,0.27872794429554754,0.4259666065737658,0.5922371779982076,41.83389293200647,45.04311167208167,1.2676600832492113
development,32,ks,correct,fno,iid,ood,96,6,64,0.7488388094014963,0.6351809592265542,0.8700719092304973,0.8653547303860402,41.83389293200647,45.04311167208167,1.2676600832492113
development,32,ks,correct,fno,none,test,64,6,64,0.027114328001445254,0.013685482407725155,0.048699475999177996,0.1646642887861398,24.868850124146167,24.9029763196595,1.2562355492264032
development,32,ks,correct,fno,none,test,96,6,64,0.11030210041203241,0.06572019746994157,0.16998829333893647,0.33211760027440945,24.868850124146167,24.9029763196595,1.2562355492264032
development,32,ks,correct,fno,none,ood,64,6,64,0.4766748559927754,0.35959108375280047,0.6076302441586781,0.6904164366473147,24.868850124146167,24.9029763196595,1.2562355492264032
development,32,ks,correct,fno,none,ood,96,6,64,0.8992052989487034,0.7395131720097499,1.068973708696558,0.9482643613195127,24.868850124146167,24.9029763196595,1.2562355492264032
development,32,ks,correct,fno,response_matched,test,64,6,64,0.01966957810717529,0.01155078309212605,0.03473507850922662,0.14024827309872764,42.619782591393836,45.829056587225445,1.2488045846112072
development,32,ks,correct,fno,response_matched,test,96,6,64,0.08985397833534041,0.056845272386007936,0.13456518030684794,0.2997565317642643,42.619782591393836,45.829056587225445,1.2488045846112072
development,32,ks,correct,fno,response_matched,ood,64,6,64,0.3206727943938584,0.23926416351924817,0.4131883278615891,0.5662797845534117,42.619782591393836,45.829056587225445,1.2488045846112072
development,32,ks,correct,fno,response_matched,ood,96,6,64,0.6970433264455922,0.5760382104088546,0.8204979076975405,0.8348912063530147,42.619782591393836,45.829056587225445,1.2488045846112072
development,32,ks,correct,fno,smooth,test,64,6,64,0.01478723677948623,0.006202985263673307,0.030414182737217934,0.12160278277854594,42.28679179446772,45.49646694865078,1.2403515516780317
development,32,ks,correct,fno,smooth,test,96,6,64,0.06751894016477859,0.03322227101394947,0.11597018365535973,0.2598440689428539,42.28679179446772,45.49646694865078,1.2403515516780317
development,32,ks,correct,fno,smooth,ood,64,6,64,0.29544154905355613,0.22479064821764413,0.3873087360065598,0.5435453514230033,42.28679179446772,45.49646694865078,1.2403515516780317
development,32,ks,correct,fno,smooth,ood,96,6,64,0.6748703706051357,0.5500979794230446,0.8388983750024916,0.821504942532384,42.28679179446772,45.49646694865078,1.2403515516780317
development,32,ks,correct,looped,iid,test,64,6,64,0.40907117552708333,0.2896064963188997,0.552648772433937,0.6395867224443322,69.44949828305592,72.66324590169825,1.5455555403605103
development,32,ks,correct,looped,iid,test,96,6,64,0.905778873007891,0.6874517925054259,1.1880833160367794,0.9517241580457496,69.44949828305592,72.66324590169825,1.5455555403605103
development,32,ks,correct,looped,iid,ood,64,6,64,14.35673978962484,4.6227921127098455,27.53317807925684,3.789028871574462,69.44949828305592,72.66324590169825,1.5455555403605103
development,32,ks,correct,looped,iid,ood,96,6,64,40.27600150682067,7.363994052800769,86.98846011666804,6.346337645195114,69.44949828305592,72.66324590169825,1.5455555403605103
development,32,ks,correct,looped,none,test,64,6,64,0.6417590423799143,0.3268450400327523,1.1420160729420803,0.8010986470965448,39.15360099279011,39.191879835290216,1.5545718488283455
development,32,ks,correct,looped,none,test,96,6,64,1.4423314332938428,0.7508631971883917,2.6421228255898086,1.2009710376582121,39.15360099279011,39.191879835290216,1.5545718488283455
development,32,ks,correct,looped,none,ood,64,6,64,12.078983662774021,5.671858949713164,21.06778036762111,3.475483227232441,39.15360099279011,39.191879835290216,1.5545718488283455
development,32,ks,correct,looped,none,ood,96,6,64,32.5000380268921,9.93421646569031,65.51336804757965,5.700880460673781,39.15360099279011,39.191879835290216,1.5545718488283455
development,32,ks,correct,looped,response_matched,test,64,6,64,0.4054710031273798,0.30341184055148385,0.5276007740730113,0.6367660505455515,69.76054874442828,72.97359784777898,1.5462115523405373
development,32,ks,correct,looped,response_matched,test,96,6,64,0.857448556735544,0.7165996885311599,1.01825191592088,0.9259851817040832,69.76054874442828,72.97359784777898,1.5462115523405373
development,32,ks,correct,looped,response_matched,ood,64,6,64,10.534356063517729,3.3206003516185802,24.647910032313067,3.2456672755409985,69.76054874442828,72.97359784777898,1.5462115523405373
development,32,ks,correct,looped,response_matched,ood,96,6,64,29.673235119824724,4.823881214523194,78.37040346180984,5.447314486958204,69.76054874442828,72.97359784777898,1.5462115523405373
development,32,ks,correct,looped,smooth,test,64,6,64,0.4323190522320918,0.29807715696269405,0.6181152296611867,0.657509735465637,69.94277446072859,73.15604692061122,1.5608950867317617
development,32,ks,correct,looped,smooth,test,96,6,64,0.9930466330337984,0.7039836900715152,1.4230132141652276,0.99651725174921,69.94277446072859,73.15604692061122,1.5608950867317617
development,32,ks,correct,looped,smooth,ood,64,6,64,15.122103911522117,6.062730572390038,31.88546962929632,3.888714943464244,69.94277446072859,73.15604692061122,1.5608950867317617
development,32,ks,correct,looped,smooth,ood,96,6,64,38.867620034109876,9.774825414785045,92.4242048028031,6.234390109233611,69.94277446072859,73.15604692061122,1.5608950867317617
development,32,ks,correct,transformer,iid,test,64,6,64,0.5586784997366335,0.3458185929301284,0.8575064405664009,0.7474479913255728,72.86626057233661,76.08343486208469,1.5470578335225582
development,32,ks,correct,transformer,iid,test,96,6,64,1.1288394061199016,0.7820921182146566,1.6125446742327878,1.0624685435907746,72.86626057233661,76.08343486208469,1.5470578335225582
development,32,ks,correct,transformer,iid,ood,64,6,64,11.22966237724747,2.6577104216251035,27.044065242832456,3.351068841018858,72.86626057233661,76.08343486208469,1.5470578335225582
development,32,ks,correct,transformer,iid,ood,96,6,64,26.53652375900509,3.4254739714450104,69.87613612168957,5.151361350070978,72.86626057233661,76.08343486208469,1.5470578335225582
development,32,ks,correct,transformer,none,test,64,6,64,0.9422128653470313,0.5717301553123569,1.3868517307637804,0.9706764988125711,42.853026484604925,42.89551488837848,1.5553328092209995
development,32,ks,correct,transformer,none,test,96,6,64,1.800931154123062,1.2625683903085776,2.3654596934341185,1.3419877622851342,42.853026484604925,42.89551488837848,1.5553328092209995
development,32,ks,correct,transformer,none,ood,64,6,64,7.8543285414834445,4.8908696623451595,11.546304480155943,2.8025575001208174,42.853026484604925,42.89551488837848,1.5553328092209995
development,32,ks,correct,transformer,none,ood,96,6,64,18.844580490226566,6.574431473728463,37.41761242638919,4.341034495396986,42.853026484604925,42.89551488837848,1.5553328092209995
development,32,ks,correct,transformer,response_matched,test,64,6,64,0.4284416672179047,0.3349497381292618,0.532310523587367,0.6545545563342331,73.57900318480097,76.79618041962385,1.5432932996191084
development,32,ks,correct,transformer,response_matched,test,96,6,64,0.8800462653288207,0.733013711856794,1.0318789796065093,0.9381078111436982,73.57900318480097,76.79618041962385,1.5432932996191084
development,32,ks,correct,transformer,response_matched,ood,64,6,64,9.547966454142747,2.645144618202031,21.118848782413377,3.0899783905624236,73.57900318480097,76.79618041962385,1.5432932996191084
development,32,ks,correct,transformer,response_matched,ood,96,6,64,20.648000962038555,3.31555719738188,51.77492369317985,4.544007148106014,73.57900318480097,76.79618041962385,1.5432932996191084
development,32,ks,correct,transformer,smooth,test,64,6,64,0.9132761658862106,0.5807520400937245,1.3016328945808613,0.9556548361653441,73.35965639694284,76.57736987077321,1.547532097902149
development,32,ks,correct,transformer,smooth,test,96,6,64,1.8785938586632487,1.3184669202545027,2.549031016578655,1.3706180571783113,73.35965639694284,76.57736987077321,1.547532097902149
development,32,ks,correct,transformer,smooth,ood,64,6,64,13.438201600832903,3.7954321514902314,30.31355878412682,3.6658152709640053,73.35965639694284,76.57736987077321,1.547532097902149
development,32,ks,correct,transformer,smooth,ood,96,6,64,32.490110860561394,5.120848088759717,82.55535207142509,5.700009724602353,73.35965639694284,76.57736987077321,1.547532097902149
development,32,wave,coefficient,fno,iid,test,64,6,64,0.0032977122746942872,0.0022160642305850513,0.004508409834049367,0.05742571092023404,41.84471892324897,43.76153073258077,1.3269816641695797
development,32,wave,coefficient,fno,iid,test,96,6,64,0.007732496302632369,0.004719608467931735,0.013743377005020534,0.0879346137913414,41.84471892324897,43.76153073258077,1.3269816641695797
development,32,wave,coefficient,fno,iid,ood,64,6,64,0.35461393602504315,0.2446974333133443,0.4656214417860812,0.5954946985700571,41.84471892324897,43.76153073258077,1.3269816641695797
development,32,wave,coefficient,fno,iid,ood,96,6,64,0.6424464776009393,0.4189719858720966,0.929355321311844,0.8015275900434989,41.84471892324897,43.76153073258077,1.3269816641695797
development,32,wave,coefficient,fno,none,test,64,6,64,0.0004111781988375262,0.000296105983143519,0.0005400080801844591,0.020277529406649276,25.330485401054222,25.36525363405235,1.2562271673232317
development,32,wave,coefficient,fno,none,test,96,6,64,0.0007304688009993331,0.0005244415218938733,0.0009592967481241526,0.027027186331531686,25.330485401054222,25.36525363405235,1.2562271673232317
development,32,wave,coefficient,fno,none,ood,64,6,64,0.07736978093431557,0.062105348560203284,0.09452052567577975,0.27815423946852863,25.330485401054222,25.36525363405235,1.2562271673232317
development,32,wave,coefficient,fno,none,ood,96,6,64,0.14507160849603992,0.11623855830028329,0.17756964736012534,0.38088267024904127,25.330485401054222,25.36525363405235,1.2562271673232317
development,32,wave,coefficient,fno,response_matched,test,64,6,64,0.006703985581383141,0.004978260491861158,0.008649164064979984,0.08187786991234652,41.85174378302569,43.768411099910736,1.2513533933088183
development,32,wave,coefficient,fno,response_matched,test,96,6,64,0.013100775048435905,0.00972842782761058,0.016779045522608248,0.11445861718733066,41.85174378302569,43.768411099910736,1.2513533933088183
development,32,wave,coefficient,fno,response_matched,ood,64,6,64,0.1345419308915188,0.08672760347715755,0.18654892667572442,0.36679957864141394,41.85174378302569,43.768411099910736,1.2513533933088183
development,32,wave,coefficient,fno,response_matched,ood,96,6,64,0.25147553460113564,0.16197784542526356,0.33821978560610755,0.5014733638002478,41.85174378302569,43.768411099910736,1.2513533933088183
development,32,wave,coefficient,fno,smooth,test,64,6,64,0.0029518031675563397,0.0021262668339915827,0.003899440641740616,0.05433049942303438,42.409771215481065,44.32650165888481,1.2644559028558433
development,32,wave,coefficient,fno,smooth,test,96,6,64,0.005405177346772647,0.0038563816054703105,0.007239320444740514,0.07351991122663742,42.409771215481065,44.32650165888481,1.2644559028558433
development,32,wave,coefficient,fno,smooth,ood,64,6,64,0.10336093394014045,0.07436602407921142,0.13385629267357124,0.32149795324409214,42.409771215481065,44.32650165888481,1.2644559028558433
development,32,wave,coefficient,fno,smooth,ood,96,6,64,0.17937546594385703,0.13090467952981472,0.22935610404297047,0.42352740872800315,42.409771215481065,44.32650165888481,1.2644559028558433
development,32,wave,coefficient,looped,iid,test,64,6,64,0.015017474353556196,0.012228584559025117,0.018641257409784465,0.1225458051242726,69.25524675791773,71.17576358684649,1.5301469014957547
development,32,wave,coefficient,looped,iid,test,96,6,64,0.029156710507082958,0.020430222793000115,0.04295057407746477,0.17075336162747415,69.25524675791773,71.17576358684649,1.5301469014957547
development,32,wave,coefficient,looped,iid,ood,64,6,64,1.4435368664242532,0.9867442580900575,2.1815180450182847,1.2014727905467744,69.25524675791773,71.17576358684649,1.5301469014957547
development,32,wave,coefficient,looped,iid,ood,96,6,64,1.8017416128613837,1.1705785228764805,2.8146736332856297,1.342289690365453,69.25524675791773,71.17576358684649,1.5301469014957547
development,32,wave,coefficient,looped,none,test,64,6,64,0.0035747351129067676,0.0024976286767388355,0.005091609861038503,0.05978908857732126,38.937134669627994,38.97561190960308,1.5349891735240817
development,32,wave,coefficient,looped,none,test,96,6,64,0.005532799228291661,0.00379529059059525,0.008017097247035053,0.0743827885218863,38.937134669627994,38.97561190960308,1.5349891735240817
development,32,wave,coefficient,looped,none,ood,64,6,64,1.092795045761747,0.8893329620527672,1.3865991906062596,1.0453683780188432,38.937134669627994,38.97561190960308,1.5349891735240817
development,32,wave,coefficient,looped,none,ood,96,6,64,1.4387729137704894,1.1316598763547334,1.926914256087671,1.199488605102395,38.937134669627994,38.97561190960308,1.5349891735240817
development,32,wave,coefficient,looped,response_matched,test,64,6,64,0.008004717141920378,0.006495494766782446,0.00966430625957872,0.0894690848389564,69.45602650692065,71.37637238879688,1.5323356492444873
development,32,wave,coefficient,looped,response_matched,test,96,6,64,0.013483601419371624,0.010779626503188242,0.016462144212495734,0.1161189106880168,69.45602650692065,71.37637238879688,1.5323356492444873
development,32,wave,coefficient,looped,response_matched,ood,64,6,64,1.2491979432474665,0.9398204335544786,1.6896546298753545,1.1176752405092754,69.45602650692065,71.37637238879688,1.5323356492444873
development,32,wave,coefficient,looped,response_matched,ood,96,6,64,1.6304840877636322,1.1913632544295463,2.303163607688723,1.2769041028063275,69.45602650692065,71.37637238879688,1.5323356492444873
development,32,wave,coefficient,looped,smooth,test,64,6,64,0.007120698567040747,0.00543555248097597,0.009252322732359018,0.08438423174409272,69.55599039754209,71.47627588633138,1.5329668996855617
development,32,wave,coefficient,looped,smooth,test,96,6,64,0.01253214837233147,0.009504615520612311,0.016194802248830173,0.11194707844482352,69.55599039754209,71.47627588633138,1.5329668996855617
development,32,wave,coefficient,looped,smooth,ood,64,6,64,1.0098892682490046,0.8635540554921974,1.1958857908573215,1.0049324694968338,69.55599039754209,71.47627588633138,1.5329668996855617
development,32,wave,coefficient,looped,smooth,ood,96,6,64,1.306331106593346,1.0866664494625076,1.6265918551021321,1.1429484269175691,69.55599039754209,71.47627588633138,1.5329668996855617
development,32,wave,coefficient,transformer,iid,test,64,6,64,0.013326911218504564,0.009741987704356199,0.01832799232008126,0.11544224191562014,72.92843259017293,74.85318378731608,1.5340856509283185
development,32,wave,coefficient,transformer,iid,test,96,6,64,0.02138458631763318,0.014568794926129766,0.03248910666744078,0.14623469601169614,72.92843259017293,74.85318378731608,1.5340856509283185
development,32,wave,coefficient,transformer,iid,ood,64,6,64,1.3177692955483025,0.7420665804752804,2.196666676406346,1.1479413293144831,72.92843259017293,74.85318378731608,1.5340856509283185
development,32,wave,coefficient,transformer,iid,ood,96,6,64,1.4601120326302288,0.832125264773618,2.40326521611012,1.2083509559023937,72.92843259017293,74.85318378731608,1.5340856509283185
development,32,wave,coefficient,transformer,none,test,64,6,64,0.0030526994247878033,0.002187654870889792,0.004268241914078453,0.05525123912445587,43.124457186087966,43.16769759038774,1.5355606563389301
development,32,wave,coefficient,transformer,none,test,96,6,64,0.004856745401683752,0.003227882884870858,0.007259795562505029,0.0696903537204666,43.124457186087966,43.16769759038774,1.5355606563389301
development,32,wave,coefficient,transformer,none,ood,64,6,64,1.2979737384062275,0.813389964774033,2.1438389502768325,1.139286504092025,43.124457186087966,43.16769759038774,1.5355606563389301
development,32,wave,coefficient,transformer,none,ood,96,6,64,1.425995391892804,0.9031942689150043,2.365713188987024,1.1941504896338668,43.124457186087966,43.16769759038774,1.5355606563389301
development,32,wave,coefficient,transformer,response_matched,test,64,6,64,0.007141929637934502,0.00586111351549699,0.008582504960245266,0.08450993810158958,72.88589705542351,74.81041382090189,1.532910903915763
development,32,wave,coefficient,transformer,response_matched,test,96,6,64,0.012144897095184978,0.00981319589376837,0.014793895602392896,0.1102038887480155,72.88589705542351,74.81041382090189,1.532910903915763
development,32,wave,coefficient,transformer,response_matched,ood,64,6,64,1.2998336681581435,0.8502395570475881,2.0593749583750802,1.1401024814279388,72.88589705542351,74.81041382090189,1.532910903915763
development,32,wave,coefficient,transformer,response_matched,ood,96,6,64,1.4421990294117835,0.9342227672064399,2.2966168720669753,1.2009159127148676,72.88589705542351,74.81041382090189,1.532910903915763
development,32,wave,coefficient,transformer,smooth,test,64,6,64,0.006338876644357561,0.005044634474285391,0.0080091315766063,0.07961706252027614,73.14945739135146,75.07470117975026,1.5315886470489204
development,32,wave,coefficient,transformer,smooth,test,96,6,64,0.010437968497448775,0.008387076958466995,0.012769515072052715,0.10216637655045213,73.14945739135146,75.07470117975026,1.5315886470489204
development,32,wave,coefficient,transformer,smooth,ood,64,6,64,1.2419806614636097,0.8126653394061447,1.9947635799189811,1.114441860961625,73.14945739135146,75.07470117975026,1.5315886470489204
development,32,wave,coefficient,transformer,smooth,ood,96,6,64,1.3424218219144881,0.8804658160558629,2.1774657239671935,1.1586292858004619,73.14945739135146,75.07470117975026,1.5315886470489204
development,32,wave,correct,fno,iid,test,64,6,64,0.006583801053140439,0.0039008936209071745,0.009733956880148326,0.08114062517099828,42.20088601267586,44.19744271521146,1.3043629238381982
development,32,wave,correct,fno,iid,test,96,6,64,0.011717548163699508,0.006734763880737276,0.017463273287504178,0.10824762428663046,42.20088601267586,44.19744271521146,1.3043629238381982
development,32,wave,correct,fno,iid,ood,64,6,64,0.45466942761770834,0.2694926969734581,0.6562384723231975,0.6742917970861787,42.20088601267586,44.19744271521146,1.3043629238381982
development,32,wave,correct,fno,iid,ood,96,6,64,0.893198268290747,0.5002621883653663,1.344549406725724,0.945091671897889,42.20088601267586,44.19744271521146,1.3043629238381982
development,32,wave,correct,fno,none,test,64,6,64,0.00043589340111315264,0.00033557798446164343,0.0005574086658866796,0.020878060281385162,24.940786502556875,25.016792079045747,1.2501401477493346
development,32,wave,correct,fno,none,test,96,6,64,0.0007926253053878596,0.0005613640754399244,0.0010704016937976616,0.028153601996687025,24.940786502556875,25.016792079045747,1.2501401477493346
development,32,wave,correct,fno,none,ood,64,6,64,0.07804421111638275,0.0602149423065723,0.09930991547167367,0.2793639402578342,24.940786502556875,25.016792079045747,1.2501401477493346
development,32,wave,correct,fno,none,ood,96,6,64,0.14453253786803408,0.11084804264186186,0.18416232425236767,0.3801743519334702,24.940786502556875,25.016792079045747,1.2501401477493346
development,32,wave,correct,fno,response_matched,test,64,6,64,0.0009113170266777446,0.0005276753995347898,0.0013548987070909593,0.030188027869964353,42.09377787611447,44.09041965333745,1.3381019234657288
development,32,wave,correct,fno,response_matched,test,96,6,64,0.0029256355812464323,0.0009646559509739473,0.006066484604179049,0.05408914476349605,42.09377787611447,44.09041965333745,1.3381019234657288
development,32,wave,correct,fno,response_matched,ood,64,6,64,0.09931365020323817,0.07402563855275211,0.13122497467755515,0.3151406831928213,42.09377787611447,44.09041965333745,1.3381019234657288
development,32,wave,correct,fno,response_matched,ood,96,6,64,0.2674285169403782,0.1509566275106265,0.44056339411054907,0.5171349117400393,42.09377787611447,44.09041965333745,1.3381019234657288
development,32,wave,correct,fno,smooth,test,64,6,64,0.00014207506459798023,0.00011740606218845474,0.00017091083544737765,0.011919524512243776,42.27864634788906,44.275120010599494,1.2499119038693607
development,32,wave,correct,fno,smooth,test,96,6,64,0.00024087244597621258,0.00019833531732318398,0.0002907200500531003,0.015520065914042137,42.27864634788906,44.275120010599494,1.2499119038693607
development,32,wave,correct,fno,smooth,ood,64,6,64,0.048061179201571824,0.036462625073641744,0.06070297296672417,0.219228600327539,42.27864634788906,44.275120010599494,1.2499119038693607
development,32,wave,correct,fno,smooth,ood,96,6,64,0.08075604565085294,0.06157524830549993,0.10151027942045801,0.2841760821231318,42.27864634788906,44.275120010599494,1.2499119038693607
development,32,wave,correct,looped,iid,test,64,6,64,0.0184618432697737,0.014464339340132228,0.0240424519056167,0.13587436575665662,69.70503229469371,71.70576036123869,1.5316573902964592
development,32,wave,correct,looped,iid,test,96,6,64,0.033435318229144355,0.021936295025667473,0.052324841873490735,0.18285326967036808,69.70503229469371,71.70576036123869,1.5316573902964592
development,32,wave,correct,looped,iid,ood,64,6,64,2.2006492805037303,1.516825665191948,2.968219725704892,1.4834585536858556,69.70503229469371,71.70576036123869,1.5316573902964592
development,32,wave,correct,looped,iid,ood,96,6,64,2.4131068503476487,1.5903462212728219,3.4121414281815805,1.5534177964564615,69.70503229469371,71.70576036123869,1.5316573902964592
development,32,wave,correct,looped,none,test,64,6,64,0.003574791434776972,0.002497683712975861,0.005091664376577713,0.05978955958005521,39.402164041996,39.44089099632887,1.5334483934566379
development,32,wave,correct,looped,none,test,96,6,64,0.005532873928204732,0.003795366861537319,0.008017193448820114,0.07438329065189797,39.402164041996,39.44089099632887,1.5334483934566379
development,32,wave,correct,looped,none,ood,64,6,64,1.0927935179993777,0.8893323879314847,1.3865964128730148,1.0453676472894011,39.402164041996,39.44089099632887,1.5334483934566379
development,32,wave,correct,looped,none,ood,96,6,64,1.4387708726656097,1.1316592139543804,1.926909751567656,1.199487754279138,39.402164041996,39.44089099632887,1.5334483934566379
development,32,wave,correct,looped,response_matched,test,64,6,64,0.004516049215331071,0.00359483209352137,0.005512245700734335,0.0672015566436602,69.3710866002366,71.37161751859821,1.5315711381845176
development,32,wave,correct,looped,response_matched,test,96,6,64,0.006834650433796434,0.0054188523159120405,0.008358984803330092,0.08267194465957864,69.3710866002366,71.37161751859821,1.5315711381845176
development,32,wave,correct,looped,response_matched,ood,64,6,64,1.3731184644336973,0.9763495933241171,2.0173009920462923,1.171801375845624,69.3710866002366,71.37161751859821,1.5315711381845176
development,32,wave,correct,looped,response_matched,ood,96,6,64,1.8229935842921758,1.2421535582328957,2.8261765017439733,1.3501827966213227,69.3710866002366,71.37161751859821,1.5315711381845176
development,32,wave,correct,looped,smooth,test,64,6,64,0.003234618166947622,0.0022233363190992937,0.004587193837819318,0.05687370365069978,69.55429707389946,71.55454889421041,1.5354319009929895
development,32,wave,correct,looped,smooth,test,96,6,64,0.004995134137529189,0.0033708384573427857,0.007190843278553627,0.07067626290013634,69.55429707389946,71.55454889421041,1.5354319009929895
development,32,wave,correct,looped,smooth,ood,64,6,64,1.0454929379192468,0.864472555484111,1.299360066796097,1.0224934904043383,69.55429707389946,71.55454889421041,1.5354319009929895
development,32,wave,correct,looped,smooth,ood,96,6,64,1.3877106000540982,1.1009098772808938,1.8521880666371564,1.178011290291438,69.55429707389946,71.55454889421041,1.5354319009929895
development,32,wave,correct,transformer,iid,test,64,6,64,0.022857439324222944,0.01353755739953248,0.03940905960199737,0.1511867696732189,72.92859143499906,74.93338177787761,1.5406574122607708
development,32,wave,correct,transformer,iid,test,96,6,64,0.04244079525805522,0.019272247001284458,0.0877844790395783,0.2060116386470804,72.92859143499906,74.93338177787761,1.5406574122607708
development,32,wave,correct,transformer,iid,ood,64,6,64,1.4891439262983586,0.8462392113139946,2.4094940747628595,1.220304849739752,72.92859143499906,74.93338177787761,1.5406574122607708
development,32,wave,correct,transformer,iid,ood,96,6,64,1.594189489883048,0.9260612747753697,2.6134391362373424,1.2626121692281633,72.92859143499906,74.93338177787761,1.5406574122607708
development,32,wave,correct,transformer,none,test,64,6,64,0.003052697390183832,0.0021872508874001806,0.0042682839080019136,0.055251220712160126,42.56732114078477,42.798215327008315,1.532055635470897
development,32,wave,correct,transformer,none,test,96,6,64,0.00485685164067227,0.003227865528293367,0.007260080939336589,0.06969111593791759,42.56732114078477,42.798215327008315,1.532055635470897
development,32,wave,correct,transformer,none,ood,64,6,64,1.2979885718515665,0.8133889038775575,2.1438504562834115,1.1392930140449236,42.56732114078477,42.798215327008315,1.532055635470897
development,32,wave,correct,transformer,none,ood,96,6,64,1.4260104577767043,0.9031944792710118,2.3657393795814636,1.1941567978187388,42.56732114078477,42.798215327008315,1.532055635470897
development,32,wave,correct,transformer,response_matched,test,64,6,64,0.003820377290616193,0.0027296847941646074,0.005520271832373816,0.061809200695496724,73.09052711174202,75.09569274603079,1.5405138954520226
development,32,wave,correct,transformer,response_matched,test,96,6,64,0.006310265965344571,0.0039700305288735025,0.010403915286391823,0.07943718251136914,73.09052711174202,75.09569274603079,1.5405138954520226
development,32,wave,correct,transformer,response_matched,ood,64,6,64,1.304182267472342,0.8379895335446882,2.0894872457352744,1.142007997989656,73.09052711174202,75.09569274603079,1.5405138954520226
development,32,wave,correct,transformer,response_matched,ood,96,6,64,1.4445068929652287,0.9319578719365333,2.30522760297912,1.201876405028915,73.09052711174202,75.09569274603079,1.5405138954520226
development,32,wave,correct,transformer,smooth,test,64,6,64,0.002450980560814988,0.0018346870453898048,0.003277362516296116,0.049507378852197255,73.28799781490427,75.30465591326356,1.534771651495248
development,32,wave,correct,transformer,smooth,test,96,6,64,0.004065346097712728,0.002785715290815124,0.0060321322191093565,0.0637600666382394,73.28799781490427,75.30465591326356,1.534771651495248
development,32,wave,correct,transformer,smooth,ood,64,6,64,1.279353252325393,0.8091984428351446,2.1048284591840574,1.1310849889930434,73.28799781490427,75.30465591326356,1.534771651495248
development,32,wave,correct,transformer,smooth,ood,96,6,64,1.3965819700932798,0.8931995995830697,2.3070789098668967,1.1817706926867326,73.28799781490427,75.30465591326356,1.534771651495248
resolution_g32,32,advection_diffusion,coefficient,fno,none,test,64,4,64,0.00037867448995821404,0.00025636006984643703,0.0005183049953882779,0.01945956037422773,25.07520374143496,25.110681791091338,1.261765300296247
resolution_g32,32,advection_diffusion,coefficient,fno,none,test,96,4,64,0.000584816852401715,0.00039598631811552874,0.0008070578377539515,0.024182986837893185,25.07520374143496,25.110681791091338,1.261765300296247
resolution_g32,32,advection_diffusion,coefficient,fno,none,ood,64,4,64,0.0472097204157485,0.023084080214892774,0.07057328760873212,0.21727797959238415,25.07520374143496,25.110681791091338,1.261765300296247
resolution_g32,32,advection_diffusion,coefficient,fno,none,ood,96,4,64,0.0688325252468388,0.03193194298106117,0.10454348954050835,0.26235953431662973,25.07520374143496,25.110681791091338,1.261765300296247
resolution_g32,32,advection_diffusion,coefficient,fno,smooth,test,64,4,64,0.002153847829671679,0.0014143771949165413,0.0030653595933075543,0.046409566143971646,42.82822107488755,44.193102890392765,1.253364107105881
resolution_g32,32,advection_diffusion,coefficient,fno,smooth,test,96,4,64,0.0032801367826448087,0.0019573025596448953,0.004934665713127366,0.05727247840494428,42.82822107488755,44.193102890392765,1.253364107105881
resolution_g32,32,advection_diffusion,coefficient,fno,smooth,ood,64,4,64,0.022384278611332534,0.016469365743819447,0.029549398842066362,0.1496137647789552,42.82822107488755,44.193102890392765,1.253364107105881
resolution_g32,32,advection_diffusion,coefficient,fno,smooth,ood,96,4,64,0.032917145918670725,0.024144004226706636,0.043090414862565055,0.18143082957058518,42.82822107488755,44.193102890392765,1.253364107105881
resolution_g32,32,advection_diffusion,coefficient,looped,none,test,64,4,64,0.0032494113731092455,0.002425258056392543,0.004205674792302949,0.05700360842182928,39.880233572097495,39.921678179176524,1.5900293015874922
resolution_g32,32,advection_diffusion,coefficient,looped,none,test,96,4,64,0.0049833269325556175,0.00305037896241521,0.00792324139540756,0.07059268327918707,39.880233572097495,39.921678179176524,1.5900293015874922
resolution_g32,32,advection_diffusion,coefficient,looped,none,ood,64,4,64,1.4555550249024876,1.0877788612029058,1.8223922890024502,1.2064638514694452,39.880233572097495,39.921678179176524,1.5900293015874922
resolution_g32,32,advection_diffusion,coefficient,looped,none,ood,96,4,64,3.0889924844502397,1.5907172993241436,4.834280143762486,1.7575529819752915,39.880233572097495,39.921678179176524,1.5900293015874922
resolution_g32,32,advection_diffusion,coefficient,looped,smooth,test,64,4,64,0.008122587822900151,0.005850634568218787,0.010593069909114064,0.09012540054224531,70.91047068021726,72.28033831948414,1.5937175485305488
resolution_g32,32,advection_diffusion,coefficient,looped,smooth,test,96,4,64,0.013126383544381967,0.008500846540522647,0.01939430357161867,0.11457043049749777,70.91047068021726,72.28033831948414,1.5937175485305488
resolution_g32,32,advection_diffusion,coefficient,looped,smooth,ood,64,4,64,1.5289560204555102,0.981122831042945,2.202051453066246,1.2365096119543553,70.91047068021726,72.28033831948414,1.5937175485305488
resolution_g32,32,advection_diffusion,coefficient,looped,smooth,ood,96,4,64,2.9280588044520166,1.3274403618442625,5.065602087484241,1.7111571536396113,70.91047068021726,72.28033831948414,1.5937175485305488
resolution_g32,32,advection_diffusion,coefficient,transformer,none,test,64,4,64,0.002605952517162252,0.001806202745809432,0.0037953945668948766,0.05104853099906257,43.86017973348498,43.90452429745346,1.6343238414265215
resolution_g32,32,advection_diffusion,coefficient,transformer,none,test,96,4,64,0.0037501829016301507,0.0022105253768522773,0.006107710665183835,0.06123873693692703,43.86017973348498,43.90452429745346,1.6343238414265215
resolution_g32,32,advection_diffusion,coefficient,transformer,none,ood,64,4,64,0.9685136822522722,0.6867087955127037,1.2867178658961569,0.98413092739344,43.86017973348498,43.90452429745346,1.6343238414265215
resolution_g32,32,advection_diffusion,coefficient,transformer,none,ood,96,4,64,1.082674230207748,0.7214826949464987,1.4799212805728124,1.040516328659838,43.86017973348498,43.90452429745346,1.6343238414265215
resolution_g32,32,advection_diffusion,coefficient,transformer,smooth,test,64,4,64,0.006143301842324478,0.004426146266191159,0.007754650058592998,0.078379218178829,74.58139765181113,75.95718731952365,1.6712805954739451
resolution_g32,32,advection_diffusion,coefficient,transformer,smooth,test,96,4,64,0.009145597414725426,0.006512054274224206,0.011857211371665207,0.09563261689782114,74.58139765181113,75.95718731952365,1.6712805954739451
resolution_g32,32,advection_diffusion,coefficient,transformer,smooth,ood,64,4,64,1.2629040138514966,0.7450040539527443,1.7954513478343699,1.123790022135584,74.58139765181113,75.95718731952365,1.6712805954739451
resolution_g32,32,advection_diffusion,coefficient,transformer,smooth,ood,96,4,64,1.5501382932240042,0.768091476791715,2.3544749809190746,1.2450454984553794,74.58139765181113,75.95718731952365,1.6712805954739451
resolution_g32,32,advection_diffusion,correct,fno,none,test,64,4,64,0.00036281444604947225,0.00025742564481354325,0.0005223473773627972,0.0190476887324807,25.133773137116805,25.169273326639086,1.2544245459139347
resolution_g32,32,advection_diffusion,correct,fno,none,test,96,4,64,0.0005572246339685355,0.0003919426286349008,0.000792010191569217,0.023605605986047794,25.133773137116805,25.169273326639086,1.2544245459139347
resolution_g32,32,advection_diffusion,correct,fno,none,ood,64,4,64,0.04502795692480166,0.020314626245353632,0.06800270202276118,0.21219791922825648,25.133773137116805,25.169273326639086,1.2544245459139347
resolution_g32,32,advection_diffusion,correct,fno,none,ood,96,4,64,0.06480587047994384,0.0290430967263143,0.09798458376299157,0.2545699716776192,25.133773137116805,25.169273326639086,1.2544245459139347
resolution_g32,32,advection_diffusion,correct,fno,smooth,test,64,4,64,0.00012568020643222155,9.589621179036773e-05,0.00016112365157015883,0.011210718372710178,42.67841582163237,44.057360567501746,1.2429955531843007
resolution_g32,32,advection_diffusion,correct,fno,smooth,test,96,4,64,0.0001861112196722507,0.00013233041719503866,0.00025151570719088447,0.013642258598643067,42.67841582163237,44.057360567501746,1.2429955531843007
resolution_g32,32,advection_diffusion,correct,fno,smooth,ood,64,4,64,0.029545257951837822,0.014091195220827754,0.04282571535565954,0.17188734087139118,42.67841582163237,44.057360567501746,1.2429955531843007
resolution_g32,32,advection_diffusion,correct,fno,smooth,ood,96,4,64,0.04454024340969287,0.020536721595364134,0.06533111627435462,0.2110455955704664,42.67841582163237,44.057360567501746,1.2429955531843007
resolution_g32,32,advection_diffusion,correct,looped,none,test,64,4,64,0.0032494224834761776,0.002425257213548869,0.004205772154710205,0.05700370587493569,39.62537132855505,39.66576843522489,1.6226483159698546
resolution_g32,32,advection_diffusion,correct,looped,none,test,96,4,64,0.0049834241789443925,0.0030503247602731262,0.007923650554177713,0.07059337206101145,39.62537132855505,39.66576843522489,1.6226483159698546
resolution_g32,32,advection_diffusion,correct,looped,none,ood,64,4,64,1.455551058443092,1.0877790366779578,1.8223852924515223,1.206462207631508,39.62537132855505,39.66576843522489,1.6226483159698546
resolution_g32,32,advection_diffusion,correct,looped,none,ood,96,4,64,3.0889823667417318,1.590714439928294,4.834256451698371,1.7575501036220083,39.62537132855505,39.66576843522489,1.6226483159698546
resolution_g32,32,advection_diffusion,correct,looped,smooth,test,64,4,64,0.0039017446703237257,0.003082086257125573,0.0048029446147972304,0.06246394696401858,70.86711668292992,72.25035568070598,1.607888040598482
resolution_g32,32,advection_diffusion,correct,looped,smooth,test,96,4,64,0.006329740867943431,0.00434005086418135,0.009243286996793974,0.07955966860126701,70.86711668292992,72.25035568070598,1.607888040598482
resolution_g32,32,advection_diffusion,correct,looped,smooth,ood,64,4,64,1.4329120938712165,1.1238049213348327,1.8172825294368888,1.197043062663669,70.86711668292992,72.25035568070598,1.607888040598482
resolution_g32,32,advection_diffusion,correct,looped,smooth,ood,96,4,64,3.1508847803732705,1.5079638713091648,6.269274253924963,1.775073176061559,70.86711668292992,72.25035568070598,1.607888040598482
resolution_g32,32,advection_diffusion,correct,transformer,none,test,64,4,64,0.0026059228300537862,0.0018062184844343215,0.003795330455257144,0.05104824022484797,43.74982558807824,43.7934661610052,1.5935263014398515
resolution_g32,32,advection_diffusion,correct,transformer,none,test,96,4,64,0.0037501377959997155,0.002210564508737959,0.0061075359303699945,0.06123836865887036,43.74982558807824,43.7934661610052,1.5935263014398515
resolution_g32,32,advection_diffusion,correct,transformer,none,ood,64,4,64,0.9685125100801031,0.6867073459230226,1.286716695738638,0.9841303318565601,43.74982558807824,43.7934661610052,1.5935263014398515
resolution_g32,32,advection_diffusion,correct,transformer,none,ood,96,4,64,1.0826724723681878,0.7214792020640355,1.4799189960254762,1.0405154839636879,43.74982558807824,43.7934661610052,1.5935263014398515
resolution_g32,32,advection_diffusion,correct,transformer,smooth,test,64,4,64,0.002491102584230548,0.001826845005706763,0.0032279923433343846,0.049910946537112956,73.94785582332406,75.3363195367856,1.6059755580499768
resolution_g32,32,advection_diffusion,correct,transformer,smooth,test,96,4,64,0.003884312822248973,0.0023334343756767724,0.00585931939143197,0.0623242554889264,73.94785582332406,75.3363195367856,1.6059755580499768
resolution_g32,32,advection_diffusion,correct,transformer,smooth,ood,64,4,64,1.2852202067357865,0.7966906138208845,1.8203556767419675,1.133675529741992,73.94785582332406,75.3363195367856,1.6059755580499768
resolution_g32,32,advection_diffusion,correct,transformer,smooth,ood,96,4,64,1.5776857353155926,0.8304052223977951,2.353407863299854,1.2560596065934102,73.94785582332406,75.3363195367856,1.6059755580499768
resolution_g32,32,allen_cahn,coefficient,fno,none,test,64,4,64,0.013548787169610006,0.009140743816587759,0.01789205741090578,0.11639925759905002,24.921635564998724,24.95611753826961,1.2679088511504233
resolution_g32,32,allen_cahn,coefficient,fno,none,test,96,4,64,0.03066063426956023,0.01912028512583365,0.041816729399429535,0.17510178259960757,24.921635564998724,24.95611753826961,1.2679088511504233
resolution_g32,32,allen_cahn,coefficient,fno,none,ood,64,4,64,0.034667510701652096,0.02068918791439462,0.057905927807831985,0.1861921338339837,24.921635564998724,24.95611753826961,1.2679088511504233
resolution_g32,32,allen_cahn,coefficient,fno,none,ood,96,4,64,0.08329166677764482,0.046758003817674657,0.14438625057281065,0.2886029569800781,24.921635564998724,24.95611753826961,1.2679088511504233
resolution_g32,32,allen_cahn,coefficient,fno,smooth,test,64,4,64,0.000506445731643039,0.00038337601889430674,0.000747803638726436,0.022504349171727653,42.16939474036917,45.1122489675181,1.2526190606877208
resolution_g32,32,allen_cahn,coefficient,fno,smooth,test,96,4,64,0.000922577543310594,0.0007481244333929083,0.0011127374096286805,0.030373961600532025,42.16939474036917,45.1122489675181,1.2526190606877208
resolution_g32,32,allen_cahn,coefficient,fno,smooth,ood,64,4,64,0.00702469250782671,0.004106749065589019,0.009855283766920499,0.08381343870661023,42.16939474036917,45.1122489675181,1.2526190606877208
resolution_g32,32,allen_cahn,coefficient,fno,smooth,ood,96,4,64,0.013516344306670766,0.007701547004250829,0.01907777950828534,0.11625981380799974,42.16939474036917,45.1122489675181,1.2526190606877208
resolution_g32,32,allen_cahn,coefficient,looped,none,test,64,4,64,0.005325955978468577,0.0032523845610235914,0.008451103474778383,0.07297914755920747,39.515112224267796,39.55486821313389,1.5938645228743553
resolution_g32,32,allen_cahn,coefficient,looped,none,test,96,4,64,0.006585548987941133,0.004249198384340571,0.01042618550593868,0.08115139547747242,39.515112224267796,39.55486821313389,1.5938645228743553
resolution_g32,32,allen_cahn,coefficient,looped,none,ood,64,4,64,0.0841035658052608,0.05089627548756508,0.11187877039488438,0.29000614787493867,39.515112224267796,39.55486821313389,1.5938645228743553
resolution_g32,32,allen_cahn,coefficient,looped,none,ood,96,4,64,0.1819048840098174,0.1021390267230168,0.24931627794399974,0.42650308792530145,39.515112224267796,39.55486821313389,1.5938645228743553
resolution_g32,32,allen_cahn,coefficient,looped,smooth,test,64,4,64,0.002102082766726493,0.0015054656478206095,0.002860916991193701,0.04584847616580613,70.16118759242818,73.1096947947517,1.5939565491862595
resolution_g32,32,allen_cahn,coefficient,looped,smooth,test,96,4,64,0.0032683777897155415,0.00243831072631983,0.004248097370341078,0.05716972791360425,70.16118759242818,73.1096947947517,1.5939565491862595
resolution_g32,32,allen_cahn,coefficient,looped,smooth,ood,64,4,64,0.21574230770903302,0.09096659468469483,0.42492144506560997,0.4644806860452144,70.16118759242818,73.1096947947517,1.5939565491862595
resolution_g32,32,allen_cahn,coefficient,looped,smooth,ood,96,4,64,0.41416720617867797,0.17093545478764685,0.8497217583121983,0.643558238373714,70.16118759242818,73.1096947947517,1.5939565491862595
resolution_g32,32,allen_cahn,coefficient,transformer,none,test,64,4,64,0.002489714405090049,0.001508452874162513,0.00400778055850081,0.04989703803924687,43.42719925264828,43.47091139550321,1.5910845366306603
resolution_g32,32,allen_cahn,coefficient,transformer,none,test,96,4,64,0.0034150459660376624,0.0021602968515124707,0.005283429945359386,0.05843839462235134,43.42719925264828,43.47091139550321,1.5910845366306603
resolution_g32,32,allen_cahn,coefficient,transformer,none,ood,64,4,64,0.15365147236472687,0.10855596060750726,0.1987185925617328,0.39198402054768366,43.42719925264828,43.47091139550321,1.5910845366306603
resolution_g32,32,allen_cahn,coefficient,transformer,none,ood,96,4,64,0.2846344386222093,0.19045683206276143,0.40808135482794977,0.5335114231412569,43.42719925264828,43.47091139550321,1.5910845366306603
resolution_g32,32,allen_cahn,coefficient,transformer,smooth,test,64,4,64,0.0015777918265072674,0.0008471230081125231,0.002830622902505474,0.039721427800461395,73.68929332052357,76.64165152749047,1.5987165621481836
resolution_g32,32,allen_cahn,coefficient,transformer,smooth,test,96,4,64,0.0023478824045862164,0.0013294420635355738,0.003975145946787933,0.04845495232260802,73.68929332052357,76.64165152749047,1.5987165621481836
resolution_g32,32,allen_cahn,coefficient,transformer,smooth,ood,64,4,64,0.44017319320999526,0.2660253118239335,0.6949968632146106,0.6634554945209176,73.68929332052357,76.64165152749047,1.5987165621481836
resolution_g32,32,allen_cahn,coefficient,transformer,smooth,ood,96,4,64,0.6518555623853182,0.40412511039102683,1.02966132833145,0.8073757256601899,73.68929332052357,76.64165152749047,1.5987165621481836
resolution_g32,32,allen_cahn,correct,fno,none,test,64,4,64,0.013360392749672802,0.008962750354871485,0.017648718557479535,0.1155871651597737,24.81355619558599,24.848084958968684,1.2519801035523415
resolution_g32,32,allen_cahn,correct,fno,none,test,96,4,64,0.029956505857245876,0.018558161393589335,0.040967264900463124,0.17307947844052995,24.81355619558599,24.848084958968684,1.2519801035523415
resolution_g32,32,allen_cahn,correct,fno,none,ood,64,4,64,0.03484330714156867,0.02083033718387226,0.058170546376194995,0.1866636202948198,24.81355619558599,24.848084958968684,1.2519801035523415
resolution_g32,32,allen_cahn,correct,fno,none,ood,96,4,64,0.08347741905406583,0.046950523260064686,0.14482560437403927,0.288924590601191,24.81355619558599,24.848084958968684,1.2519801035523415
resolution_g32,32,allen_cahn,correct,fno,smooth,test,64,4,64,0.00024532027826630436,0.00015649644034087485,0.0003571408378493698,0.01566270341500165,41.73617167130578,44.6450572629692,1.2527790968306363
resolution_g32,32,allen_cahn,correct,fno,smooth,test,96,4,64,0.0003956784746692669,0.00026076549625762824,0.0005586693103162157,0.019891668473742137,41.73617167130578,44.6450572629692,1.2527790968306363
resolution_g32,32,allen_cahn,correct,fno,smooth,ood,64,4,64,0.008755918300564075,0.0025019029714961273,0.018147095268285868,0.09357306396909355,41.73617167130578,44.6450572629692,1.2527790968306363
resolution_g32,32,allen_cahn,correct,fno,smooth,ood,96,4,64,0.017690374495810773,0.004917793882121526,0.036698349357912614,0.13300516717710922,41.73617167130578,44.6450572629692,1.2527790968306363
resolution_g32,32,allen_cahn,correct,looped,none,test,64,4,64,0.005325969098747052,0.003252390234725823,0.008451150031456725,0.0729792374497504,39.88589983631391,39.92544490052387,1.5953900408931077
resolution_g32,32,allen_cahn,correct,looped,none,test,96,4,64,0.0065855702641914125,0.0042492133458299,0.010426270591208356,0.08115152656722739,39.88589983631391,39.92544490052387,1.5953900408931077
resolution_g32,32,allen_cahn,correct,looped,none,ood,64,4,64,0.08410358183649919,0.05089648948146248,0.11187903517383088,0.2900061755144176,39.88589983631391,39.92544490052387,1.5953900408931077
resolution_g32,32,allen_cahn,correct,looped,none,ood,96,4,64,0.18190496902417258,0.10213956009117903,0.2493158465993205,0.42650318758969735,39.88589983631391,39.92544490052387,1.5953900408931077
resolution_g32,32,allen_cahn,correct,looped,smooth,test,64,4,64,0.002025071687901156,0.0015266511573177447,0.0025935032962799056,0.0450007965251856,70.48071676190011,73.3950557593489,1.5874065458774567
resolution_g32,32,allen_cahn,correct,looped,smooth,test,96,4,64,0.0030646487791606745,0.002390332101359627,0.003769347736310599,0.05535927003818488,70.48071676190011,73.3950557593489,1.5874065458774567
resolution_g32,32,allen_cahn,correct,looped,smooth,ood,64,4,64,0.13521601999167143,0.07209452757215509,0.2094339230792515,0.36771730988854934,70.48071676190011,73.3950557593489,1.5874065458774567
resolution_g32,32,allen_cahn,correct,looped,smooth,ood,96,4,64,0.2903616099177937,0.141452344531559,0.4782722630142232,0.5388521224953964,70.48071676190011,73.3950557593489,1.5874065458774567
resolution_g32,32,allen_cahn,correct,transformer,none,test,64,4,64,0.002489711731400973,0.0015084533461695963,0.004007774234989008,0.04989701124717765,43.48366230202373,43.527835245244205,1.594774064142257
resolution_g32,32,allen_cahn,correct,transformer,none,test,96,4,64,0.003415045503932475,0.0021603037868352017,0.005283420290479038,0.05843839066857056,43.48366230202373,43.527835245244205,1.594774064142257
resolution_g32,32,allen_cahn,correct,transformer,none,ood,64,4,64,0.15365171880909534,0.10855593615736457,0.19871894740665824,0.39198433490267864,43.48366230202373,43.527835245244205,1.594774064142257
resolution_g32,32,allen_cahn,correct,transformer,none,ood,96,4,64,0.2846348018031183,0.1904566185049065,0.4080818089506264,0.5335117635095953,43.48366230202373,43.527835245244205,1.594774064142257
resolution_g32,32,allen_cahn,correct,transformer,smooth,test,64,4,64,0.0015276312548332949,0.0008820153318926001,0.002809826037178486,0.03908492362578306,73.93603051954415,76.85446161427535,1.6522280755452812
resolution_g32,32,allen_cahn,correct,transformer,smooth,test,96,4,64,0.0022008183152123495,0.0014016858070449378,0.003845076629572865,0.04691288005667899,73.93603051954415,76.85446161427535,1.6522280755452812
resolution_g32,32,allen_cahn,correct,transformer,smooth,ood,64,4,64,0.38365385033266897,0.2747394653124528,0.4881383344836412,0.6193979741108854,73.93603051954415,76.85446161427535,1.6522280755452812
resolution_g32,32,allen_cahn,correct,transformer,smooth,ood,96,4,64,0.5875287795860171,0.42754155416220263,0.7710070940207248,0.7665042593397751,73.93603051954415,76.85446161427535,1.6522280755452812
resolution_g32,32,wave,coefficient,fno,none,test,64,4,64,0.0003547843655189312,0.0002907083439037421,0.0004232627579784598,0.018835720467211527,25.15901200217195,25.19362273637671,1.2592353275977075
resolution_g32,32,wave,coefficient,fno,none,test,96,4,64,0.0005928292824398939,0.0004791531392344837,0.0007219581913992365,0.02434808580648372,25.15901200217195,25.19362273637671,1.2592353275977075
resolution_g32,32,wave,coefficient,fno,none,ood,64,4,64,0.0559860240690328,0.0402727128558234,0.07127693200762944,0.2366136599375294,25.15901200217195,25.19362273637671,1.2592353275977075
resolution_g32,32,wave,coefficient,fno,none,ood,96,4,64,0.10321935863186418,0.07540410688023746,0.13016375593565208,0.3212776970657381,25.15901200217195,25.19362273637671,1.2592353275977075
resolution_g32,32,wave,coefficient,fno,smooth,test,64,4,64,0.0024712025153001693,0.001659849134071794,0.0033204663455062336,0.04971119104688772,42.36732094781473,44.32082879380323,1.2651073513552547
resolution_g32,32,wave,coefficient,fno,smooth,test,96,4,64,0.00474944419591696,0.0030834006331841492,0.006452890228611634,0.06891621141587051,42.36732094781473,44.32082879380323,1.2651073513552547
resolution_g32,32,wave,coefficient,fno,smooth,ood,64,4,64,0.10375928126145828,0.08659774343674118,0.12193080204560588,0.32211687515785054,42.36732094781473,44.32082879380323,1.2651073513552547
resolution_g32,32,wave,coefficient,fno,smooth,ood,96,4,64,0.1798297676845649,0.1527078943576469,0.20883344078897503,0.42406340054827285,42.36732094781473,44.32082879380323,1.2651073513552547
resolution_g32,32,wave,coefficient,looped,none,test,64,4,64,0.003042797602079872,0.0024544355630238216,0.0037310646334479405,0.05516155909761681,39.72133411944378,39.76261751039419,1.5813350561074913
resolution_g32,32,wave,coefficient,looped,none,test,96,4,64,0.004730589067555191,0.0037888798244580784,0.005843235758472161,0.0687792778935283,39.72133411944378,39.76261751039419,1.5813350561074913
resolution_g32,32,wave,coefficient,looped,none,ood,64,4,64,1.0871150079582819,0.8885005728260538,1.282892798534831,1.0426480748355516,39.72133411944378,39.76261751039419,1.5813350561074913
resolution_g32,32,wave,coefficient,looped,none,ood,96,4,64,1.3321410612915798,1.0747744932822099,1.5962380739153101,1.15418415397699,39.72133411944378,39.76261751039419,1.5813350561074913
resolution_g32,32,wave,coefficient,looped,smooth,test,64,4,64,0.006916466783315825,0.0056754502613938305,0.008407980497966016,0.08316529795122377,70.39697646384593,72.35434259241447,1.5753090498037636
resolution_g32,32,wave,coefficient,looped,smooth,test,96,4,64,0.011662883398926377,0.009396028454408543,0.014475158697714013,0.1079948304268606,70.39697646384593,72.35434259241447,1.5753090498037636
resolution_g32,32,wave,coefficient,looped,smooth,ood,64,4,64,1.072181745258824,0.8994429147305446,1.2223938487368884,1.0354620926228173,70.39697646384593,72.35434259241447,1.5753090498037636
resolution_g32,32,wave,coefficient,looped,smooth,ood,96,4,64,1.285808936584388,1.079055273870802,1.4957689106607113,1.1339351553701773,70.39697646384593,72.35434259241447,1.5753090498037636
resolution_g32,32,wave,coefficient,transformer,none,test,64,4,64,0.0026831578901313075,0.0021514282444438353,0.0033671076586892193,0.051799207427636454,43.63088068214711,43.675982692861,1.585851050913334
resolution_g32,32,wave,coefficient,transformer,none,test,96,4,64,0.0041418236259567285,0.003272420218497839,0.00522516576039986,0.06435700137480559,43.63088068214711,43.675982692861,1.585851050913334
resolution_g32,32,wave,coefficient,transformer,none,ood,64,4,64,0.9396860820718373,0.8560654729773993,1.0308360121918578,0.969374067154593,43.63088068214711,43.675982692861,1.585851050913334
resolution_g32,32,wave,coefficient,transformer,none,ood,96,4,64,1.0500846228040595,0.9499617617448375,1.1558934303057538,1.0247363674643637,43.63088068214711,43.675982692861,1.585851050913334
resolution_g32,32,wave,coefficient,transformer,smooth,test,64,4,64,0.006899404233935175,0.0052279580393572375,0.008639547931323184,0.08306265246147136,73.89325552887749,75.85503405984491,1.5902088256552815
resolution_g32,32,wave,coefficient,transformer,smooth,test,96,4,64,0.011730493115224061,0.008831441306419044,0.01475344292254984,0.10830740101777007,73.89325552887749,75.85503405984491,1.5902088256552815
resolution_g32,32,wave,coefficient,transformer,smooth,ood,64,4,64,0.9762603212620178,0.8530454105013178,1.1164657928429809,0.9880588652818302,73.89325552887749,75.85503405984491,1.5902088256552815
resolution_g32,32,wave,coefficient,transformer,smooth,ood,96,4,64,1.055350186888925,0.9028570983841787,1.2354193234666124,1.027302383375472,73.89325552887749,75.85503405984491,1.5902088256552815
resolution_g32,32,wave,correct,fno,none,test,64,4,64,0.00035478636890543956,0.000290705993113566,0.0004232627579784598,0.01883577364764823,25.283504726248793,25.338495848700404,1.2592095765285194
resolution_g32,32,wave,correct,fno,none,test,96,4,64,0.0005928276839778988,0.0004791502151836058,0.0007219548980123107,0.02434805298125291,25.283504726248793,25.338495848700404,1.2592095765285194
resolution_g32,32,wave,correct,fno,none,ood,64,4,64,0.0559860240690328,0.0402727128558234,0.07127693200762944,0.2366136599375294,25.283504726248793,25.338495848700404,1.2592095765285194
resolution_g32,32,wave,correct,fno,none,ood,96,4,64,0.10321935863186418,0.07540410688023746,0.13016375593565208,0.3212776970657381,25.283504726248793,25.338495848700404,1.2592095765285194
resolution_g32,32,wave,correct,fno,smooth,test,64,4,64,0.00014764975337474206,0.00010357569752919231,0.00021456374886205158,0.012151121486296731,42.38244779407978,44.327879253658466,1.251298829447478
resolution_g32,32,wave,correct,fno,smooth,test,96,4,64,0.0002632707488723846,0.00018057123589409137,0.0003881948831121792,0.016225620138299323,42.38244779407978,44.327879253658466,1.251298829447478
resolution_g32,32,wave,correct,fno,smooth,ood,64,4,64,0.047609776454129005,0.03269911148093013,0.06395791055137795,0.2181966462944126,42.38244779407978,44.327879253658466,1.251298829447478
resolution_g32,32,wave,correct,fno,smooth,ood,96,4,64,0.08172130888958287,0.05664615368334792,0.10904469916497625,0.28586939131285616,42.38244779407978,44.327879253658466,1.251298829447478
resolution_g32,32,wave,correct,looped,none,test,64,4,64,0.0030427721932881208,0.0024544520033000245,0.0037310466299196863,0.055161328784648765,39.517553059151396,39.55748467473313,1.5798932989127934
resolution_g32,32,wave,correct,looped,none,test,96,4,64,0.004730558455798941,0.0037889050482121456,0.005843151959320099,0.06877905535698307,39.517553059151396,39.55748467473313,1.5798932989127934
resolution_g32,32,wave,correct,looped,none,ood,64,4,64,1.0871150868349275,0.8885002738966262,1.2828934537390793,1.0426481126607037,39.517553059151396,39.55748467473313,1.5798932989127934
resolution_g32,32,wave,correct,looped,none,ood,96,4,64,1.332140323480246,1.0747739344159728,1.5962368032792318,1.1541838343523296,39.517553059151396,39.55748467473313,1.5798932989127934
resolution_g32,32,wave,correct,looped,smooth,test,64,4,64,0.0031068342637689123,0.002457863645809716,0.0038481611286423733,0.055738983339929264,70.67188832722604,72.6219917278504,1.5833475510589778
resolution_g32,32,wave,correct,looped,smooth,test,96,4,64,0.004849383881445189,0.003861027728706229,0.006007387070623755,0.06963751777199693,70.67188832722604,72.6219917278504,1.5833475510589778
resolution_g32,32,wave,correct,looped,smooth,ood,64,4,64,1.1726984939853722,0.9322992015825455,1.422326832409874,1.0829120435129402,70.67188832722604,72.6219917278504,1.5833475510589778
resolution_g32,32,wave,correct,looped,smooth,ood,96,4,64,1.439937878287504,1.1260690827969373,1.8092184372213305,1.1999741156739607,70.67188832722604,72.6219917278504,1.5833475510589778
resolution_g32,32,wave,correct,transformer,none,test,64,4,64,0.002683165878490521,0.0021514237903492075,0.003367122975093609,0.05179928453647329,43.49449662910774,43.7082991466159,1.5932585578411818
resolution_g32,32,wave,correct,transformer,none,test,96,4,64,0.004141840307255379,0.0032725114637511283,0.005225210898093987,0.06435713097439459,43.49449662910774,43.7082991466159,1.5932585578411818
resolution_g32,32,wave,correct,transformer,none,ood,64,4,64,0.939685959036936,0.8560599147458674,1.0308412470394426,0.9693740036935878,43.49449662910774,43.7082991466159,1.5932585578411818
resolution_g32,32,wave,correct,transformer,none,ood,96,4,64,1.0500828483903224,0.9499574131710435,1.1558993956034938,1.024735501673638,43.49449662910774,43.7082991466159,1.5932585578411818
resolution_g32,32,wave,correct,transformer,smooth,test,64,4,64,0.002703211883051282,0.0020814069106797955,0.0033943019307567865,0.05199242140015487,74.29944925324526,76.25344802008476,1.6154190641827881
resolution_g32,32,wave,correct,transformer,smooth,test,96,4,64,0.00405210007157523,0.003102201185683361,0.005135360843983186,0.06365610788899388,74.29944925324526,76.25344802008476,1.6154190641827881
resolution_g32,32,wave,correct,transformer,smooth,ood,64,4,64,1.0055658236354788,0.8872506417837016,1.1300722922230142,1.0027790502575724,74.29944925324526,76.25344802008476,1.6154190641827881
resolution_g32,32,wave,correct,transformer,smooth,ood,96,4,64,1.0995462957934308,0.9500636586840941,1.2649590057732574,1.048592530868607,74.29944925324526,76.25344802008476,1.6154190641827881
resolution_g64,64,advection_diffusion,coefficient,fno,none,test,64,4,64,0.000446428768592374,0.0003454550324815901,0.0005556332197084074,0.021128861033959546,25.24184072529897,25.27669225016143,1.2602917035110295
resolution_g64,64,advection_diffusion,coefficient,fno,none,test,96,4,64,0.0006863241248403518,0.0005217755326080998,0.0008668437455012684,0.02619778854866097,25.24184072529897,25.27669225016143,1.2602917035110295
resolution_g64,64,advection_diffusion,coefficient,fno,none,ood,64,4,64,0.049206144604447166,0.022843175498250465,0.07397275047916295,0.2218245807038687,25.24184072529897,25.27669225016143,1.2602917035110295
resolution_g64,64,advection_diffusion,coefficient,fno,none,ood,96,4,64,0.07144209818428951,0.03181935427680186,0.11028043905623941,0.26728654695717385,25.24184072529897,25.27669225016143,1.2602917035110295
resolution_g64,64,advection_diffusion,coefficient,fno,smooth,test,64,4,64,0.002054883564123682,0.0014517700564916415,0.0028014155000407512,0.04533082355443901,42.724939395091496,44.390321906423196,1.2656769715249538
resolution_g64,64,advection_diffusion,coefficient,fno,smooth,test,96,4,64,0.0031257206740217883,0.0020386459501316795,0.0045125234462280875,0.055908144970315266,42.724939395091496,44.390321906423196,1.2656769715249538
resolution_g64,64,advection_diffusion,coefficient,fno,smooth,ood,64,4,64,0.02250929691634851,0.016326297509589163,0.03081957194580011,0.1500309865206135,42.724939395091496,44.390321906423196,1.2656769715249538
resolution_g64,64,advection_diffusion,coefficient,fno,smooth,ood,96,4,64,0.03312930413763704,0.02436616351561709,0.044556050287232085,0.18201457122339695,42.724939395091496,44.390321906423196,1.2656769715249538
resolution_g64,64,advection_diffusion,coefficient,looped,none,test,64,4,64,0.0038629084201143304,0.0032006666509550863,0.004553233666159449,0.06215230019970565,39.47785142553039,39.51699979859404,1.5799159067682922
resolution_g64,64,advection_diffusion,coefficient,looped,none,test,96,4,64,0.006281404221138653,0.0044224972053043465,0.008663218157398822,0.07925531036554366,39.47785142553039,39.51699979859404,1.5799159067682922
resolution_g64,64,advection_diffusion,coefficient,looped,none,ood,64,4,64,7.755529290176952,1.5029878776594665,16.410404248781415,2.784875094178723,39.47785142553039,39.51699979859404,1.5799159067682922
resolution_g64,64,advection_diffusion,coefficient,looped,none,ood,96,4,64,22.14571872475011,2.9546279692520017,50.24835675086788,4.705923790792846,39.47785142553039,39.51699979859404,1.5799159067682922
resolution_g64,64,advection_diffusion,coefficient,looped,smooth,test,64,4,64,0.009022392936275547,0.0065266473423423454,0.012203831165441796,0.09498627762090452,70.45912540215068,72.1309570746962,1.5966489329002798
resolution_g64,64,advection_diffusion,coefficient,looped,smooth,test,96,4,64,0.016730815403492603,0.007933757194885368,0.030890976833572125,0.1293476532585443,70.45912540215068,72.1309570746962,1.5966489329002798
resolution_g64,64,advection_diffusion,coefficient,looped,smooth,ood,64,4,64,2.535188037439518,1.1014254400630255,3.826859661150964,1.5922273824550053,70.45912540215068,72.1309570746962,1.5966489329002798
resolution_g64,64,advection_diffusion,coefficient,looped,smooth,ood,96,4,64,7.395931382304369,1.9609706725196374,13.596444207649457,2.719546172122174,70.45912540215068,72.1309570746962,1.5966489329002798
resolution_g64,64,advection_diffusion,coefficient,transformer,none,test,64,4,64,0.0016290375265280987,0.0012536186823462851,0.0020561341576616756,0.04036133702602156,43.16542616253719,43.210153258172795,1.5793664031662047
resolution_g64,64,advection_diffusion,coefficient,transformer,none,test,96,4,64,0.0024692959029767687,0.0016602400061509885,0.003500904628502069,0.04969201045416424,43.16542616253719,43.210153258172795,1.5793664031662047
resolution_g64,64,advection_diffusion,coefficient,transformer,none,ood,64,4,64,1.2092657748682853,0.720975788591554,1.6702499290765689,1.0996662106604373,43.16542616253719,43.210153258172795,1.5793664031662047
resolution_g64,64,advection_diffusion,coefficient,transformer,none,ood,96,4,64,1.740269279179595,0.8438624878356606,2.6295607169319366,1.3191926618881697,43.16542616253719,43.210153258172795,1.5793664031662047
resolution_g64,64,advection_diffusion,coefficient,transformer,smooth,test,64,4,64,0.007364762067045505,0.0036851386305158,0.011961527431657185,0.08581819193530883,73.16627737646922,74.84102866833564,1.578871684614569
resolution_g64,64,advection_diffusion,coefficient,transformer,smooth,test,96,4,64,0.013922160885756929,0.005255608577356858,0.026544486811845062,0.11799220688569619,73.16627737646922,74.84102866833564,1.578871684614569
resolution_g64,64,advection_diffusion,coefficient,transformer,smooth,ood,64,4,64,1.341899019730171,0.7619941312671797,1.888462068451385,1.1584036514661766,73.16627737646922,74.84102866833564,1.578871684614569
resolution_g64,64,advection_diffusion,coefficient,transformer,smooth,ood,96,4,64,1.886554934476128,0.8809424895309572,2.9899954015951504,1.37351917877987,73.16627737646922,74.84102866833564,1.578871684614569
resolution_g64,64,advection_diffusion,correct,fno,none,test,64,4,64,0.0004353958452193989,0.00033507431273899,0.0005529497048054249,0.020866141119512224,25.234695325256325,25.270332995802164,1.2585432268679142
resolution_g64,64,advection_diffusion,correct,fno,none,test,96,4,64,0.0006342070337748506,0.0004917690098047156,0.0007848511912731679,0.02518346746925154,25.234695325256325,25.270332995802164,1.2585432268679142
resolution_g64,64,advection_diffusion,correct,fno,none,ood,64,4,64,0.05062319779995572,0.025091960618724613,0.07459829092529698,0.22499599507536955,25.234695325256325,25.270332995802164,1.2585432268679142
resolution_g64,64,advection_diffusion,correct,fno,none,ood,96,4,64,0.07366888054129454,0.035376354817767235,0.11097993849822405,0.27142011815872186,25.234695325256325,25.270332995802164,1.2585432268679142
resolution_g64,64,advection_diffusion,correct,fno,smooth,test,64,4,64,0.0001507772125546301,9.596563063286734e-05,0.00022704250040455644,0.01227913728869541,42.78747345821466,44.42782523762435,1.2566967168822885
resolution_g64,64,advection_diffusion,correct,fno,smooth,test,96,4,64,0.00022946813211125743,0.00013003406301521355,0.00036564700723267846,0.015148205573970055,42.78747345821466,44.42782523762435,1.2566967168822885
resolution_g64,64,advection_diffusion,correct,fno,smooth,ood,64,4,64,0.029218411772438724,0.01639095553622639,0.04328297118660553,0.1709339397908991,42.78747345821466,44.42782523762435,1.2566967168822885
resolution_g64,64,advection_diffusion,correct,fno,smooth,ood,96,4,64,0.0446295084833526,0.02428597816500529,0.06737237949559863,0.2112569726265919,42.78747345821466,44.42782523762435,1.2566967168822885
resolution_g64,64,advection_diffusion,correct,looped,none,test,64,4,64,0.0038628679517837827,0.003200654175185414,0.004553175048196715,0.062151974641066574,39.75419380236417,39.79370086174458,1.577272650320083
resolution_g64,64,advection_diffusion,correct,looped,none,test,96,4,64,0.0062812822455951545,0.00442244108966928,0.008663056516526317,0.07925454085158247,39.75419380236417,39.79370086174458,1.577272650320083
resolution_g64,64,advection_diffusion,correct,looped,none,ood,64,4,64,7.755582018009193,1.5029944967068587,16.41051990594937,2.7848845609843855,39.75419380236417,39.79370086174458,1.577272650320083
resolution_g64,64,advection_diffusion,correct,looped,none,ood,96,4,64,22.145840381861376,2.9546429498209483,50.248631164611645,4.7059367167293455,39.75419380236417,39.79370086174458,1.577272650320083
resolution_g64,64,advection_diffusion,correct,looped,smooth,test,64,4,64,0.004665021434605843,0.003438138960244665,0.00592880882088092,0.06830096217920976,69.83826490025967,71.4837303966051,1.5773594030179083
resolution_g64,64,advection_diffusion,correct,looped,smooth,test,96,4,64,0.00957346279901683,0.004013576457027528,0.018325554863563274,0.09784407390852463,69.83826490025967,71.4837303966051,1.5773594030179083
resolution_g64,64,advection_diffusion,correct,looped,smooth,ood,64,4,64,4.0820030522625,1.6842716080876976,6.044111781997584,2.020396756150262,69.83826490025967,71.4837303966051,1.5773594030179083
resolution_g64,64,advection_diffusion,correct,looped,smooth,ood,96,4,64,12.15879111796986,4.023163895281418,20.85413771963976,3.4869458151754897,69.83826490025967,71.4837303966051,1.5773594030179083
resolution_g64,64,advection_diffusion,correct,transformer,none,test,64,4,64,0.0016289262843475621,0.001253587788400096,0.002055911411942015,0.04035995892400737,43.15357780852355,43.19690667302348,1.5788473887369037
resolution_g64,64,advection_diffusion,correct,transformer,none,test,96,4,64,0.0024689372179302433,0.0016602025917162803,0.003500056851258022,0.04968840124143906,43.15357780852355,43.19690667302348,1.5788473887369037
resolution_g64,64,advection_diffusion,correct,transformer,none,ood,64,4,64,1.209264869612305,0.7209746316998334,1.6702476657446321,1.09966579905547,43.15357780852355,43.19690667302348,1.5788473887369037
resolution_g64,64,advection_diffusion,correct,transformer,none,ood,96,4,64,1.7402678984124929,0.8438601927877056,2.629560280806608,1.3191921385501404,43.15357780852355,43.19690667302348,1.5788473887369037
resolution_g64,64,advection_diffusion,correct,transformer,smooth,test,64,4,64,0.0018389460538037194,0.0013608586582871667,0.0023495676840318285,0.04288293429563466,73.77807762683369,75.42760069738142,1.5771421371027827
resolution_g64,64,advection_diffusion,correct,transformer,smooth,test,96,4,64,0.0027627087765185005,0.0016235156202672482,0.0041224142115409675,0.05256147616380747,73.77807762683369,75.42760069738142,1.5771421371027827
resolution_g64,64,advection_diffusion,correct,transformer,smooth,ood,64,4,64,1.5128764494469706,0.8623060440865448,2.1181374173975023,1.2299904265672033,73.77807762683369,75.42760069738142,1.5771421371027827
resolution_g64,64,advection_diffusion,correct,transformer,smooth,ood,96,4,64,2.3025700717203343,1.0656509823277858,3.6218029621424623,1.5174221797905598,73.77807762683369,75.42760069738142,1.5771421371027827
resolution_g64,64,allen_cahn,coefficient,fno,none,test,64,4,64,0.013463545766949534,0.009051457437316104,0.01764166442997443,0.11603252029905035,25.322841644636355,25.357245451654308,1.2894574902020395
resolution_g64,64,allen_cahn,coefficient,fno,none,test,96,4,64,0.03007278708821789,0.019156549479973136,0.039800583234041745,0.1734150716870304,25.322841644636355,25.357245451654308,1.2894574902020395
resolution_g64,64,allen_cahn,coefficient,fno,none,ood,64,4,64,0.03284299911244434,0.019941668239326825,0.05348928315074841,0.18122637532225916,25.322841644636355,25.357245451654308,1.2894574902020395
resolution_g64,64,allen_cahn,coefficient,fno,none,ood,96,4,64,0.07877459933783221,0.045922071794944314,0.13198335398411315,0.28066813024964593,25.322841644636355,25.357245451654308,1.2894574902020395
resolution_g64,64,allen_cahn,coefficient,fno,smooth,test,64,4,64,0.000561304436022262,0.0003964510197742594,0.0008144002124598575,0.0236918643424755,43.009085569065064,46.26053974556271,1.2864567223004997
resolution_g64,64,allen_cahn,coefficient,fno,smooth,test,96,4,64,0.0010495593193795213,0.0007687927567447669,0.0014027941731695887,0.032396902928822094,43.009085569065064,46.26053974556271,1.2864567223004997
resolution_g64,64,allen_cahn,coefficient,fno,smooth,ood,64,4,64,0.009629759152993245,0.0035823042704744698,0.016032476965877607,0.0981313362437975,43.009085569065064,46.26053974556271,1.2864567223004997
resolution_g64,64,allen_cahn,coefficient,fno,smooth,ood,96,4,64,0.01904584887275007,0.006777664383690419,0.03187611173994279,0.13800669865173237,43.009085569065064,46.26053974556271,1.2864567223004997
resolution_g64,64,allen_cahn,coefficient,looped,none,test,64,4,64,0.004590080832873933,0.0028906147530482914,0.0070131363725146854,0.0677501352978275,39.72885516809765,39.76842537499033,1.5772164217196405
resolution_g64,64,allen_cahn,coefficient,looped,none,test,96,4,64,0.005481155726062115,0.003685256139544382,0.008054562388049621,0.07403482779112892,39.72885516809765,39.76842537499033,1.5772164217196405
resolution_g64,64,allen_cahn,coefficient,looped,none,ood,64,4,64,0.11850258574341743,0.08560826114595378,0.15115181369590658,0.34424204528705876,39.72885516809765,39.76842537499033,1.5772164217196405
resolution_g64,64,allen_cahn,coefficient,looped,none,ood,96,4,64,0.24821023260371775,0.1871334947079996,0.30459794939236723,0.498207017818615,39.72885516809765,39.76842537499033,1.5772164217196405
resolution_g64,64,allen_cahn,coefficient,looped,smooth,test,64,4,64,0.0024689878878531163,0.0017385091227839517,0.003760460222891663,0.049688911115591136,70.28140836791135,73.53810877306387,1.5841952059417963
resolution_g64,64,allen_cahn,coefficient,looped,smooth,test,96,4,64,0.003870767616427286,0.0028648848187342204,0.0056692573540061955,0.06221549337928042,70.28140836791135,73.53810877306387,1.5841952059417963
resolution_g64,64,allen_cahn,coefficient,looped,smooth,ood,64,4,64,0.11597778686893956,0.05389198908599573,0.2081576115255749,0.34055511575799235,70.28140836791135,73.53810877306387,1.5841952059417963
resolution_g64,64,allen_cahn,coefficient,looped,smooth,ood,96,4,64,0.22876223475437546,0.10747852335386401,0.40072058443229974,0.47829095198882393,70.28140836791135,73.53810877306387,1.5841952059417963
resolution_g64,64,allen_cahn,coefficient,transformer,none,test,64,4,64,0.0022382848136654754,0.0014719289948459384,0.0035114647615730908,0.04731051483196389,43.25923025631346,43.30299679376185,1.5770594240166247
resolution_g64,64,allen_cahn,coefficient,transformer,none,test,96,4,64,0.0030847589149902528,0.0020888724094037,0.004726223587192961,0.0555406060012875,43.25923025631346,43.30299679376185,1.5770594240166247
resolution_g64,64,allen_cahn,coefficient,transformer,none,ood,64,4,64,0.09529700272229502,0.05135295847627898,0.14321018510043995,0.30870212620306814,43.25923025631346,43.30299679376185,1.5770594240166247
resolution_g64,64,allen_cahn,coefficient,transformer,none,ood,96,4,64,0.16196839442211636,0.08903023438958443,0.23411480439659407,0.4024529716900055,43.25923025631346,43.30299679376185,1.5770594240166247
resolution_g64,64,allen_cahn,coefficient,transformer,smooth,test,64,4,64,0.0014741853266620197,0.0009372984328138379,0.002325235640053793,0.03839512113097209,73.85987387935165,77.11992748454213,1.5764699317514896
resolution_g64,64,allen_cahn,coefficient,transformer,smooth,test,96,4,64,0.002201434824476637,0.001521700557025314,0.003301032862629977,0.04691945038549191,73.85987387935165,77.11992748454213,1.5764699317514896
resolution_g64,64,allen_cahn,coefficient,transformer,smooth,ood,64,4,64,0.18891103362713935,0.10863456572297799,0.2635384040245251,0.4346389692919163,73.85987387935165,77.11992748454213,1.5764699317514896
resolution_g64,64,allen_cahn,coefficient,transformer,smooth,ood,96,4,64,0.3174166044285798,0.17971386415545204,0.4574453367782111,0.563397377016063,73.85987387935165,77.11992748454213,1.5764699317514896
resolution_g64,64,allen_cahn,correct,fno,none,test,64,4,64,0.013370710183213955,0.008983117161839416,0.01754174498339413,0.11563178707956544,25.155871438561007,25.19084601441864,1.2809042469598353
resolution_g64,64,allen_cahn,correct,fno,none,test,96,4,64,0.029718368752533496,0.01891201355051042,0.039257111489157864,0.1723901643149443,25.155871438561007,25.19084601441864,1.2809042469598353
resolution_g64,64,allen_cahn,correct,fno,none,ood,64,4,64,0.032847410082211745,0.019956698767646972,0.053507302505067286,0.1812385446923798,25.155871438561007,25.19084601441864,1.2809042469598353
resolution_g64,64,allen_cahn,correct,fno,none,ood,96,4,64,0.07898408254384491,0.04598705994301263,0.13294284951964816,0.2810410691408729,25.155871438561007,25.19084601441864,1.2809042469598353
resolution_g64,64,allen_cahn,correct,fno,smooth,test,64,4,64,0.0002268041218828499,0.00015325657752853693,0.00032695066673681214,0.015060017326777878,42.59086273831781,45.87380880501587,1.2709522503428161
resolution_g64,64,allen_cahn,correct,fno,smooth,test,96,4,64,0.000346266071863639,0.0002699968516994806,0.0004409886744420435,0.018608225919298137,42.59086273831781,45.87380880501587,1.2709522503428161
resolution_g64,64,allen_cahn,correct,fno,smooth,ood,64,4,64,0.0077948854159254274,0.0023827981127550486,0.01683488568466399,0.08828864828462053,42.59086273831781,45.87380880501587,1.2709522503428161
resolution_g64,64,allen_cahn,correct,fno,smooth,ood,96,4,64,0.015770853050035408,0.004672910110805955,0.03440172010018438,0.1255820570385571,42.59086273831781,45.87380880501587,1.2709522503428161
resolution_g64,64,allen_cahn,correct,looped,none,test,64,4,64,0.0045900809233599404,0.002890609365723581,0.007013152398540366,0.06775013596561959,39.679956153733656,39.72016127081588,1.5772016486153007
resolution_g64,64,allen_cahn,correct,looped,none,test,96,4,64,0.0054811506690644425,0.003685258928132845,0.008054538510464521,0.07403479363829174,39.679956153733656,39.72016127081588,1.5772016486153007
resolution_g64,64,allen_cahn,correct,looped,none,ood,64,4,64,0.1185026222129365,0.08560820960881611,0.1511519599837831,0.34424209825780533,39.679956153733656,39.72016127081588,1.5772016486153007
resolution_g64,64,allen_cahn,correct,looped,none,ood,96,4,64,0.24821038938819595,0.187132463647344,0.3045985908425385,0.4982071751673153,39.679956153733656,39.72016127081588,1.5772016486153007
resolution_g64,64,allen_cahn,correct,looped,smooth,test,64,4,64,0.0021448376800388136,0.0014207382521990483,0.0032214245669141854,0.04631239229449083,70.0943652704591,73.38218099134974,1.5832309261895716
resolution_g64,64,allen_cahn,correct,looped,smooth,test,96,4,64,0.0031818110946324474,0.002102676897884644,0.004740372609301557,0.05640754466055447,70.0943652704591,73.38218099134974,1.5832309261895716
resolution_g64,64,allen_cahn,correct,looped,smooth,ood,64,4,64,0.10073708941490667,0.06230605393463159,0.1393824645866442,0.3173910670055266,70.0943652704591,73.38218099134974,1.5832309261895716
resolution_g64,64,allen_cahn,correct,looped,smooth,ood,96,4,64,0.21102317651608882,0.12281429954305309,0.31431948081065453,0.45937259007921755,70.0943652704591,73.38218099134974,1.5832309261895716
resolution_g64,64,allen_cahn,correct,transformer,none,test,64,4,64,0.002238284122659362,0.0014719274713807754,0.0035114639770094658,0.0473105075290824,43.22044836706482,43.26427483931184,1.574439147952944
resolution_g64,64,allen_cahn,correct,transformer,none,test,96,4,64,0.003084758869976352,0.0020888711455209204,0.004726226656808306,0.055540605596053345,43.22044836706482,43.26427483931184,1.574439147952944
resolution_g64,64,allen_cahn,correct,transformer,none,ood,64,4,64,0.09529695680310096,0.0513531820154102,0.14320986793930662,0.3087020518284596,43.22044836706482,43.26427483931184,1.574439147952944
resolution_g64,64,allen_cahn,correct,transformer,none,ood,96,4,64,0.16196834661767248,0.08903129218882153,0.23411410220695722,0.4024529122986595,43.22044836706482,43.26427483931184,1.574439147952944
resolution_g64,64,allen_cahn,correct,transformer,smooth,test,64,4,64,0.0013139786851761315,0.0008777813538508702,0.0019426944862081423,0.03624884391502895,73.27978719654493,76.57166629517451,1.5742623945698142
resolution_g64,64,allen_cahn,correct,transformer,smooth,test,96,4,64,0.0019317736882709842,0.0013853141250588228,0.0027203256688799423,0.04395194749122027,73.27978719654493,76.57166629517451,1.5742623945698142
resolution_g64,64,allen_cahn,correct,transformer,smooth,ood,64,4,64,0.2006655619464075,0.139809441329512,0.2619617230991577,0.4479570983324268,73.27978719654493,76.57166629517451,1.5742623945698142
resolution_g64,64,allen_cahn,correct,transformer,smooth,ood,96,4,64,0.33241077365060256,0.24251375377121534,0.43710266940027975,0.5765507554852414,73.27978719654493,76.57166629517451,1.5742623945698142
resolution_g64,64,wave,coefficient,fno,none,test,64,4,64,0.0003730382182466365,0.00031430322595749934,0.00043548840828164817,0.01931419732338459,25.218892073142342,25.25335628259927,1.3179865316487849
resolution_g64,64,wave,coefficient,fno,none,test,96,4,64,0.0006323353923748025,0.0005201595058677203,0.0007508928063464319,0.025146279891363702,25.218892073142342,25.25335628259927,1.3179865316487849
resolution_g64,64,wave,coefficient,fno,none,ood,64,4,64,0.06763288631200037,0.04345494603187233,0.094002973693634,0.2600632352178992,25.218892073142342,25.25335628259927,1.3179865316487849
resolution_g64,64,wave,coefficient,fno,none,ood,96,4,64,0.12354429947604888,0.08137022296958074,0.16873351474818835,0.35148869039564967,25.218892073142342,25.25335628259927,1.3179865316487849
resolution_g64,64,wave,coefficient,fno,smooth,test,64,4,64,0.0023692450337140653,0.001652449286626942,0.0032093556932661477,0.04867489120392633,42.87336381722707,46.26552612252999,1.263430225662887
resolution_g64,64,wave,coefficient,fno,smooth,test,96,4,64,0.004517841059301503,0.0030844636713141427,0.006213469795534158,0.06721488718506863,42.87336381722707,46.26552612252999,1.263430225662887
resolution_g64,64,wave,coefficient,fno,smooth,ood,64,4,64,0.10342233323181116,0.08707406798579446,0.12035622009676512,0.32159342846490374,42.87336381722707,46.26552612252999,1.263430225662887
resolution_g64,64,wave,coefficient,fno,smooth,ood,96,4,64,0.1779710627817928,0.15293772683963056,0.2037295961043682,0.421866166908171,42.87336381722707,46.26552612252999,1.263430225662887
resolution_g64,64,wave,coefficient,looped,none,test,64,4,64,0.0026134766703419868,0.002110604190603206,0.0032391497726597393,0.05112217395946681,39.83101120905485,39.871266173082404,1.5768911456689239
resolution_g64,64,wave,coefficient,looped,none,test,96,4,64,0.0040090379273781535,0.0031680813779616165,0.0051055223718705035,0.0633169639778958,39.83101120905485,39.871266173082404,1.5768911456689239
resolution_g64,64,wave,coefficient,looped,none,ood,64,4,64,1.0875161442352024,0.8519508069923338,1.319680162843993,1.042840421270293,39.83101120905485,39.871266173082404,1.5768911456689239
resolution_g64,64,wave,coefficient,looped,none,ood,96,4,64,1.357205969774275,1.0701119301937916,1.6085035279627962,1.164991832492518,39.83101120905485,39.871266173082404,1.5768911456689239
resolution_g64,64,wave,coefficient,looped,smooth,test,64,4,64,0.005472019749735768,0.004271239919356369,0.006800820796253319,0.07397310152843241,70.77296870423015,74.16993773938157,1.5726123936474323
resolution_g64,64,wave,coefficient,looped,smooth,test,96,4,64,0.009014835014968803,0.007074010259660267,0.011194242132219305,0.09494648500586424,70.77296870423015,74.16993773938157,1.5726123936474323
resolution_g64,64,wave,coefficient,looped,smooth,ood,64,4,64,1.0216548894175617,0.8157473076442094,1.2086284746255447,1.0107694541375702,70.77296870423015,74.16993773938157,1.5726123936474323
resolution_g64,64,wave,coefficient,looped,smooth,ood,96,4,64,1.2675999893840904,1.021948673574531,1.4580979791966668,1.1258774308885005,70.77296870423015,74.16993773938157,1.5726123936474323
resolution_g64,64,wave,coefficient,transformer,none,test,64,4,64,0.002481514295221976,0.002000283813827006,0.0030271445785123117,0.049814799961677814,43.46465536742471,43.509012560825795,1.5672791516408324
resolution_g64,64,wave,coefficient,transformer,none,test,96,4,64,0.003766680248455538,0.003040486742144929,0.004646532062872303,0.06137328611420068,43.46465536742471,43.509012560825795,1.5672791516408324
resolution_g64,64,wave,coefficient,transformer,none,ood,64,4,64,0.964719929802726,0.844120026889841,1.0838259580444214,0.9822015728977052,43.46465536742471,43.509012560825795,1.5672791516408324
resolution_g64,64,wave,coefficient,transformer,none,ood,96,4,64,1.130511019559189,0.9662117604419946,1.2840664665511303,1.0632549174864836,43.46465536742471,43.509012560825795,1.5672791516408324
resolution_g64,64,wave,coefficient,transformer,smooth,test,64,4,64,0.005897740366637538,0.004743726493823142,0.0073858257264516995,0.07679674710974117,73.92313746130094,77.32454290438909,1.5690601547248662
resolution_g64,64,wave,coefficient,transformer,smooth,test,96,4,64,0.009469341566691955,0.007618224160492232,0.01183880176964567,0.09731054190935304,73.92313746130094,77.32454290438909,1.5690601547248662
resolution_g64,64,wave,coefficient,transformer,smooth,ood,64,4,64,0.9300690742301896,0.8200089354897966,1.0346413443540001,0.9644008887543549,73.92313746130094,77.32454290438909,1.5690601547248662
resolution_g64,64,wave,coefficient,transformer,smooth,ood,96,4,64,1.056238875677053,0.9079072212030663,1.180053414256655,1.0277348275100213,73.92313746130094,77.32454290438909,1.5690601547248662
resolution_g64,64,wave,correct,fno,none,test,64,4,64,0.0003730363878338915,0.0003143030788525931,0.00043548840828164817,0.019314149938164285,25.427673994912766,25.46289946581237,1.3861125451512635
resolution_g64,64,wave,correct,fno,none,test,96,4,64,0.0006323331007284992,0.0005201472213474332,0.000750892736512083,0.02514623432501374,25.427673994912766,25.46289946581237,1.3861125451512635
resolution_g64,64,wave,correct,fno,none,ood,64,4,64,0.06763288631200037,0.04345494603187233,0.094002973693634,0.2600632352178992,25.427673994912766,25.46289946581237,1.3861125451512635
resolution_g64,64,wave,correct,fno,none,ood,96,4,64,0.12354429947604888,0.08137022296958074,0.16873351474818835,0.35148869039564967,25.427673994912766,25.46289946581237,1.3861125451512635
resolution_g64,64,wave,correct,fno,smooth,test,64,4,64,0.00013402154539991665,0.00010297617458771745,0.00017559875030157573,0.011576767484920678,42.907691781641915,46.31579996494111,1.3185827527195215
resolution_g64,64,wave,correct,fno,smooth,test,96,4,64,0.00023098094513132535,0.00017116848193740337,0.00030835836397689306,0.01519805728148586,42.907691781641915,46.31579996494111,1.3185827527195215
resolution_g64,64,wave,correct,fno,smooth,ood,64,4,64,0.043996854592213586,0.027946283423974688,0.061408328095428635,0.209754271928401,42.907691781641915,46.31579996494111,1.3185827527195215
resolution_g64,64,wave,correct,fno,smooth,ood,96,4,64,0.0753032615253475,0.048043519654620684,0.10480882929575616,0.27441439744544655,42.907691781641915,46.31579996494111,1.3185827527195215
resolution_g64,64,wave,correct,looped,none,test,64,4,64,0.0026134825030961414,0.002110614179778783,0.0032391415946003105,0.0511222310066388,40.12847349839285,40.16865773766767,1.5775061445310712
resolution_g64,64,wave,correct,looped,none,test,96,4,64,0.0040090420125828375,0.00316808664693742,0.0051055245028769495,0.06331699623784152,40.12847349839285,40.16865773766767,1.5775061445310712
resolution_g64,64,wave,correct,looped,none,ood,64,4,64,1.0875135926338544,0.8519495392408889,1.3196748737495596,1.0428391978794498,40.12847349839285,40.16865773766767,1.5775061445310712
resolution_g64,64,wave,correct,looped,none,ood,96,4,64,1.3572032014783417,1.0701109871413728,1.6084988569651404,1.16499064437374,40.12847349839285,40.16865773766767,1.5775061445310712
resolution_g64,64,wave,correct,looped,smooth,test,64,4,64,0.0025256463027838183,0.0019409444344409281,0.0032659303575302847,0.05025580864719837,70.52978415344842,73.94338951527607,1.5831579104997218
resolution_g64,64,wave,correct,looped,smooth,test,96,4,64,0.003937768617121714,0.003020978378055499,0.005201447250053265,0.06275164234601127,70.52978415344842,73.94338951527607,1.5831579104997218
resolution_g64,64,wave,correct,looped,smooth,ood,64,4,64,1.110301616715347,0.8717546701820815,1.326199754570702,1.0537085065212992,70.52978415344842,73.94338951527607,1.5831579104997218
resolution_g64,64,wave,correct,looped,smooth,ood,96,4,64,1.3756629424448665,1.0950263000736695,1.5986912581765325,1.1728865854995814,70.52978415344842,73.94338951527607,1.5831579104997218
resolution_g64,64,wave,correct,transformer,none,test,64,4,64,0.0024834000814140805,0.002001404816036606,0.003029971666534645,0.04983372433818368,43.05053738504648,43.09468336380087,1.5943236532621086
resolution_g64,64,wave,correct,transformer,none,test,96,4,64,0.003768827534219264,0.003041670898448869,0.004647077712150099,0.061390777273294596,43.05053738504648,43.09468336380087,1.5943236532621086
resolution_g64,64,wave,correct,transformer,none,ood,64,4,64,0.9647168059719533,0.8441192718791019,1.0838227838190369,0.9821999826776384,43.05053738504648,43.09468336380087,1.5943236532621086
resolution_g64,64,wave,correct,transformer,none,ood,96,4,64,1.1304979290110992,0.9662125333470204,1.2840347813921202,1.0632487615845594,43.05053738504648,43.09468336380087,1.5943236532621086
resolution_g64,64,wave,correct,transformer,smooth,test,64,4,64,0.002012938778039132,0.001621419505833805,0.002465115445034305,0.04486578627461166,73.812921706005,77.23039357666858,1.573927653953433
resolution_g64,64,wave,correct,transformer,smooth,test,96,4,64,0.0030268208695894833,0.002373294510901285,0.003791486710355787,0.055016550869619985,73.812921706005,77.23039357666858,1.573927653953433
resolution_g64,64,wave,correct,transformer,smooth,ood,64,4,64,0.9598101160683967,0.8256696298851764,1.0988724820853484,0.9796989925831284,73.812921706005,77.23039357666858,1.573927653953433
resolution_g64,64,wave,correct,transformer,smooth,ood,96,4,64,1.1207838681504256,0.9306175493580496,1.3260869104688426,1.0586708025398763,73.812921706005,77.23039357666858,1.573927653953433
selector_g64,64,cahn_hilliard,coefficient,fno,iid,test,64,6,64,0.0007001438172831928,0.0004865490978620903,0.0009489226019709751,0.02646023086224292,42.464386491415404,45.966870355652645,1.2754683033563197
selector_g64,64,cahn_hilliard,coefficient,fno,iid,test,96,6,64,0.0014903698045320758,0.0009017559057282622,0.002167337240566426,0.03860530798390392,42.464386491415404,45.966870355652645,1.2754683033563197
selector_g64,64,cahn_hilliard,coefficient,fno,iid,ood,64,6,64,0.009241035058059802,0.005926342822384688,0.01271251818668668,0.09613030249645427,42.464386491415404,45.966870355652645,1.2754683033563197
selector_g64,64,cahn_hilliard,coefficient,fno,iid,ood,96,6,64,0.01678131580538116,0.009769603909640948,0.02523617559735009,0.12954271807161202,42.464386491415404,45.966870355652645,1.2754683033563197
selector_g64,64,cahn_hilliard,coefficient,fno,none,test,64,6,64,4.568056205063195e-05,3.4622635779936254e-05,5.825248701698724e-05,0.00675873967915853,25.328269887017086,25.362915674534936,1.2786685372702777
selector_g64,64,cahn_hilliard,coefficient,fno,none,test,96,6,64,7.426414381371211e-05,5.411186896742969e-05,9.800436587829984e-05,0.008617664638039247,25.328269887017086,25.362915674534936,1.2786685372702777
selector_g64,64,cahn_hilliard,coefficient,fno,none,ood,64,6,64,0.0018641371714135525,0.0010037252500447664,0.0028004186534757365,0.043175654846377864,25.328269887017086,25.362915674534936,1.2786685372702777
selector_g64,64,cahn_hilliard,coefficient,fno,none,ood,96,6,64,0.0027540344269025205,0.0014009099445457022,0.004351938673514968,0.05247889506175336,25.328269887017086,25.362915674534936,1.2786685372702777
selector_g64,64,cahn_hilliard,coefficient,fno,response_matched,test,64,6,64,0.0007232352225840314,0.0006049644718649163,0.0008591055173085488,0.02689303297480653,42.56221144623123,46.06463975870671,1.2878597830422223
selector_g64,64,cahn_hilliard,coefficient,fno,response_matched,test,96,6,64,0.0013814162032811253,0.0011035151645029332,0.001700421534049155,0.037167407809546325,42.56221144623123,46.06463975870671,1.2878597830422223
selector_g64,64,cahn_hilliard,coefficient,fno,response_matched,ood,64,6,64,0.0681771020664016,0.019954728351914048,0.1295194447528084,0.26110745310389283,42.56221144623123,46.06463975870671,1.2878597830422223
selector_g64,64,cahn_hilliard,coefficient,fno,response_matched,ood,96,6,64,0.1336331267679463,0.038499178296115426,0.24822109885342195,0.3655586502436323,42.56221144623123,46.06463975870671,1.2878597830422223
selector_g64,64,cahn_hilliard,coefficient,fno,smooth,test,64,6,64,0.00040331678201644994,0.0003045347962328892,0.000521851376384503,0.020082748368100665,42.59244354829813,46.09515468783987,1.2773720198310912
selector_g64,64,cahn_hilliard,coefficient,fno,smooth,test,96,6,64,0.0007411219510261533,0.0005297553009191146,0.0010057096098142174,0.02722355507692104,42.59244354829813,46.09515468783987,1.2773720198310912
selector_g64,64,cahn_hilliard,coefficient,fno,smooth,ood,64,6,64,0.003954704320811274,0.0020501593935222146,0.006050345469125471,0.06288643988024187,42.59244354829813,46.09515468783987,1.2773720198310912
selector_g64,64,cahn_hilliard,coefficient,fno,smooth,ood,96,6,64,0.007448335413963708,0.003363731748434412,0.012746707037221803,0.08630373928146862,42.59244354829813,46.09515468783987,1.2773720198310912
selector_g64,64,cahn_hilliard,coefficient,looped,iid,test,64,6,64,0.006382639069626332,0.005322704515764057,0.007670133392353024,0.0798914205007417,69.70602648076601,73.21337515573639,1.6252345056273043
selector_g64,64,cahn_hilliard,coefficient,looped,iid,test,96,6,64,0.01202210517520761,0.009796747577477762,0.014558452220377471,0.10964536093792392,69.70602648076601,73.21337515573639,1.6252345056273043
selector_g64,64,cahn_hilliard,coefficient,looped,iid,ood,64,6,64,0.6140193622079266,0.48206418722569144,0.7378191041776652,0.783593875810631,69.70602648076601,73.21337515573639,1.6252345056273043
selector_g64,64,cahn_hilliard,coefficient,looped,iid,ood,96,6,64,0.9800233330053251,0.8105996066668967,1.1342244093677818,0.9899612785383705,69.70602648076601,73.21337515573639,1.6252345056273043
selector_g64,64,cahn_hilliard,coefficient,looped,none,test,64,6,64,0.005936550572527774,0.00449340324875844,0.007670997293535057,0.07704901409186087,39.54708478584265,39.58612943564852,1.6111545264720917
selector_g64,64,cahn_hilliard,coefficient,looped,none,test,96,6,64,0.010816833429038662,0.00796001245292437,0.014524558643108566,0.1040040067931936,39.54708478584265,39.58612943564852,1.6111545264720917
selector_g64,64,cahn_hilliard,coefficient,looped,none,ood,64,6,64,0.21124034892107038,0.17963303387743526,0.25617811824471054,0.4596089086615602,39.54708478584265,39.58612943564852,1.6111545264720917
selector_g64,64,cahn_hilliard,coefficient,looped,none,ood,96,6,64,0.3652188315339479,0.3041873583781698,0.4548011328658361,0.6043333778089275,39.54708478584265,39.58612943564852,1.6111545264720917
selector_g64,64,cahn_hilliard,coefficient,looped,response_matched,test,64,6,64,0.008781007051020565,0.00615275828356497,0.012534493967513424,0.0937070277568367,69.72639910822424,73.23327484230201,1.6248402651399374
selector_g64,64,cahn_hilliard,coefficient,looped,response_matched,test,96,6,64,0.017657855952928778,0.011663374536128963,0.026597076832207012,0.1328828655355113,69.72639910822424,73.23327484230201,1.6248402651399374
selector_g64,64,cahn_hilliard,coefficient,looped,response_matched,ood,64,6,64,0.9529109070092355,0.7950646763269351,1.110811823427228,0.9761715561361309,69.72639910822424,73.23327484230201,1.6248402651399374
selector_g64,64,cahn_hilliard,coefficient,looped,response_matched,ood,96,6,64,1.3225016270803154,1.1306255640662137,1.5058592923592162,1.1500007074260066,69.72639910822424,73.23327484230201,1.6248402651399374
selector_g64,64,cahn_hilliard,coefficient,looped,smooth,test,64,6,64,0.008373599254950933,0.006750094204890809,0.010125874310356926,0.09150737268084431,70.18402572131406,73.69112472600925,1.6062079928815365
selector_g64,64,cahn_hilliard,coefficient,looped,smooth,test,96,6,64,0.01834976270801058,0.01458087636380104,0.022657175392219574,0.13546129597789391,70.18402572131406,73.69112472600925,1.6062079928815365
selector_g64,64,cahn_hilliard,coefficient,looped,smooth,ood,64,6,64,0.21852189051430057,0.18967730704946184,0.2511771320572544,0.4674632504425354,70.18402572131406,73.69112472600925,1.6062079928815365
selector_g64,64,cahn_hilliard,coefficient,looped,smooth,ood,96,6,64,0.3776918205727275,0.32710258369943435,0.4362534160988559,0.6145663679154005,70.18402572131406,73.69112472600925,1.6062079928815365
selector_g64,64,cahn_hilliard,coefficient,transformer,iid,test,64,6,64,0.006667767459065495,0.00442453328461729,0.00968859433425159,0.08165639876375577,73.91817955649458,77.42987799846257,1.594302779994905
selector_g64,64,cahn_hilliard,coefficient,transformer,iid,test,96,6,64,0.013616813420718655,0.00908378523023432,0.019655576434719046,0.11669110257735443,73.91817955649458,77.42987799846257,1.594302779994905
selector_g64,64,cahn_hilliard,coefficient,transformer,iid,ood,64,6,64,0.6358002631054506,0.5635218838024707,0.7052747970008659,0.7973708441531145,73.91817955649458,77.42987799846257,1.594302779994905
selector_g64,64,cahn_hilliard,coefficient,transformer,iid,ood,96,6,64,0.9756312709781213,0.8881680335146932,1.0579023806870709,0.9877404876677484,73.91817955649458,77.42987799846257,1.594302779994905
selector_g64,64,cahn_hilliard,coefficient,transformer,none,test,64,6,64,0.004084385074384678,0.002898892940870989,0.005572007008256037,0.0639091939738304,43.43261189417293,43.47625935962424,1.6052293009124696
selector_g64,64,cahn_hilliard,coefficient,transformer,none,test,96,6,64,0.007279229127436584,0.004902218421030078,0.010261636491995666,0.08531839852831617,43.43261189417293,43.47625935962424,1.6052293009124696
selector_g64,64,cahn_hilliard,coefficient,transformer,none,ood,64,6,64,0.20482504717143069,0.17279160042907918,0.23983536187578122,0.45257601258952146,43.43261189417293,43.47625935962424,1.6052293009124696
selector_g64,64,cahn_hilliard,coefficient,transformer,none,ood,96,6,64,0.35818640318217093,0.29243268443122694,0.43105623660284126,0.5984867610751059,43.43261189417293,43.47625935962424,1.6052293009124696
selector_g64,64,cahn_hilliard,coefficient,transformer,response_matched,test,64,6,64,0.013660856420386502,0.010061046087748864,0.01737296629958202,0.11687966641117052,73.53076719127905,77.04228550001669,1.5912712668068707
selector_g64,64,cahn_hilliard,coefficient,transformer,response_matched,test,96,6,64,0.030017002057397643,0.021469052091728898,0.038510566028557,0.17325415451699172,73.53076719127905,77.04228550001669,1.5912712668068707
selector_g64,64,cahn_hilliard,coefficient,transformer,response_matched,ood,64,6,64,0.9243507593478076,0.7797633156727166,1.134520009725673,0.9614316196941973,73.53076719127905,77.04228550001669,1.5912712668068707
selector_g64,64,cahn_hilliard,coefficient,transformer,response_matched,ood,96,6,64,1.2722692447899375,1.0905812560454495,1.544654698381902,1.127949132181916,73.53076719127905,77.04228550001669,1.5912712668068707
selector_g64,64,cahn_hilliard,coefficient,transformer,smooth,test,64,6,64,0.00469901395920476,0.0039775451140261105,0.0055062704304140375,0.0685493541851764,73.87966489396058,77.39225912637387,1.5851215575821698
selector_g64,64,cahn_hilliard,coefficient,transformer,smooth,test,96,6,64,0.009167258764811649,0.00781938598044882,0.010790368828740217,0.0957458028574185,73.87966489396058,77.39225912637387,1.5851215575821698
selector_g64,64,cahn_hilliard,coefficient,transformer,smooth,ood,64,6,64,0.2838915729559589,0.18825154371465083,0.38721180639388153,0.5328147642060597,73.87966489396058,77.39225912637387,1.5851215575821698
selector_g64,64,cahn_hilliard,coefficient,transformer,smooth,ood,96,6,64,0.5017010804226298,0.3237184850040798,0.6867208071927655,0.7083086053568951,73.87966489396058,77.39225912637387,1.5851215575821698
selector_g64,64,cahn_hilliard,correct,fno,iid,test,64,6,64,0.00015663932449867094,0.00011754052425301466,0.00019955883231475706,0.012515563291305386,42.70425641280599,46.228774051725246,1.2652585515752435
selector_g64,64,cahn_hilliard,correct,fno,iid,test,96,6,64,0.0003190072862038499,0.00023071185530455676,0.00041815751959843427,0.017860775072875475,42.70425641280599,46.228774051725246,1.2652585515752435
selector_g64,64,cahn_hilliard,correct,fno,iid,ood,64,6,64,0.016194524527002974,0.008650206992946616,0.02641277983202712,0.12725770910637585,42.70425641280599,46.228774051725246,1.2652585515752435
selector_g64,64,cahn_hilliard,correct,fno,iid,ood,96,6,64,0.034788267460895965,0.018522881601674333,0.05512126941056936,0.18651613190524824,42.70425641280599,46.228774051725246,1.2652585515752435
selector_g64,64,cahn_hilliard,correct,fno,none,test,64,6,64,4.6968038146630204e-05,3.608656721038566e-05,5.944722632240641e-05,0.00685332314622842,25.241873094346374,25.277012904407457,1.2634262791834772
selector_g64,64,cahn_hilliard,correct,fno,none,test,96,6,64,7.844308668563417e-05,5.6612740698127954e-05,0.000103333842280462,0.00885681018683556,25.241873094346374,25.277012904407457,1.2634262791834772
selector_g64,64,cahn_hilliard,correct,fno,none,ood,64,6,64,0.0019430061658238535,0.001045284902192598,0.0028709195941350914,0.04407954362086628,25.241873094346374,25.277012904407457,1.2634262791834772
selector_g64,64,cahn_hilliard,correct,fno,none,ood,96,6,64,0.002923829576671398,0.001489563755614084,0.004591662624201863,0.05407244748179425,25.241873094346374,25.277012904407457,1.2634262791834772
selector_g64,64,cahn_hilliard,correct,fno,response_matched,test,64,6,64,0.0004239090809382091,0.00034582087652891173,0.000509922706371981,0.020589052453627122,42.59814747935161,46.12240101474648,1.275482273194939
selector_g64,64,cahn_hilliard,correct,fno,response_matched,test,96,6,64,0.0009353202340046224,0.0007250855855933518,0.0011778834650382737,0.0305830056404635,42.59814747935161,46.12240101474648,1.275482273194939
selector_g64,64,cahn_hilliard,correct,fno,response_matched,ood,64,6,64,0.05816272286798357,0.01944219327345906,0.12110913909396227,0.2411694899194,42.59814747935161,46.12240101474648,1.275482273194939
selector_g64,64,cahn_hilliard,correct,fno,response_matched,ood,96,6,64,0.11781322306828125,0.04344102566638434,0.228124355236453,0.3432393087457805,42.59814747935161,46.12240101474648,1.275482273194939
selector_g64,64,cahn_hilliard,correct,fno,smooth,test,64,6,64,2.9142350279843772e-05,2.2285180349836696e-05,3.7957018428597694e-05,0.005398365519288572,42.619354295311496,46.14386448233078,1.2648837524466217
selector_g64,64,cahn_hilliard,correct,fno,smooth,test,96,6,64,4.962145645013736e-05,3.531807088875024e-05,6.775744047280048e-05,0.007044249885554697,42.619354295311496,46.14386448233078,1.2648837524466217
selector_g64,64,cahn_hilliard,correct,fno,smooth,ood,64,6,64,0.0020215444858378557,0.0010825778696913516,0.003071782907726837,0.04496158900481449,42.619354295311496,46.14386448233078,1.2648837524466217
selector_g64,64,cahn_hilliard,correct,fno,smooth,ood,96,6,64,0.003758771946261001,0.0019130832465541145,0.005821488679810243,0.061308824375133804,42.619354295311496,46.14386448233078,1.2648837524466217
selector_g64,64,cahn_hilliard,correct,looped,iid,test,64,6,64,0.005600405746689211,0.0033648433048705,0.00902439056907388,0.07483585869547574,70.05953093765613,73.58914194294873,1.6035460168495774
selector_g64,64,cahn_hilliard,correct,looped,iid,test,96,6,64,0.010950464081550778,0.006200181353480843,0.018613734049584975,0.10464446512621094,70.05953093765613,73.58914194294873,1.6035460168495774
selector_g64,64,cahn_hilliard,correct,looped,iid,ood,64,6,64,0.5993163966058187,0.39402871194258876,0.7947670063805877,0.7741552793889729,70.05953093765613,73.58914194294873,1.6035460168495774
selector_g64,64,cahn_hilliard,correct,looped,iid,ood,96,6,64,0.9265469383492689,0.6348277026149264,1.1986869239805171,0.9625730820822225,70.05953093765613,73.58914194294873,1.6035460168495774
selector_g64,64,cahn_hilliard,correct,looped,none,test,64,6,64,0.00593654837935688,0.004493410004563623,0.007670984814958762,0.07704899985954963,39.77850366414835,39.81810554854261,1.5929110231809318
selector_g64,64,cahn_hilliard,correct,looped,none,test,96,6,64,0.01081683066859894,0.007960026056653238,0.014524544461973321,0.10400399352235923,39.77850366414835,39.81810554854261,1.5929110231809318
selector_g64,64,cahn_hilliard,correct,looped,none,ood,64,6,64,0.21124045762121557,0.17963304507023298,0.25617835932708055,0.45960902691441513,39.77850366414835,39.81810554854261,1.5929110231809318
selector_g64,64,cahn_hilliard,correct,looped,none,ood,96,6,64,0.3652190293088702,0.3041877424084806,0.454801658844097,0.6043335414395515,39.77850366414835,39.81810554854261,1.5929110231809318
selector_g64,64,cahn_hilliard,correct,looped,response_matched,test,64,6,64,0.008936414492363293,0.004909317365682529,0.014958589079408663,0.09453261073493788,70.13776399117585,73.6667795793619,1.5941504971124232
selector_g64,64,cahn_hilliard,correct,looped,response_matched,test,96,6,64,0.018458212928068762,0.009776224203609685,0.030671786876180943,0.13586100591438577,70.13776399117585,73.6667795793619,1.5941504971124232
selector_g64,64,cahn_hilliard,correct,looped,response_matched,ood,64,6,64,1.0287292034816151,0.8505289255177014,1.2638524004831202,1.0142628867712824,70.13776399117585,73.6667795793619,1.5941504971124232
selector_g64,64,cahn_hilliard,correct,looped,response_matched,ood,96,6,64,1.4385643461719837,1.2316095222377446,1.6741266273803477,1.19940166173471,70.13776399117585,73.6667795793619,1.5941504971124232
selector_g64,64,cahn_hilliard,correct,looped,smooth,test,64,6,64,0.004077548477607955,0.0028915417978298,0.005513360663605491,0.0638556847712712,70.18158377800137,73.71036769667019,1.592525525484234
selector_g64,64,cahn_hilliard,correct,looped,smooth,test,96,6,64,0.00630174074682547,0.004202601825798698,0.009040562701614355,0.07938350424883919,70.18158377800137,73.71036769667019,1.592525525484234
selector_g64,64,cahn_hilliard,correct,looped,smooth,ood,64,6,64,0.2534722705720806,0.20027093982340743,0.33215046181043273,0.5034602969173245,70.18158377800137,73.71036769667019,1.592525525484234
selector_g64,64,cahn_hilliard,correct,looped,smooth,ood,96,6,64,0.4450743671751118,0.355189653457061,0.583432144075389,0.6671389414320766,70.18158377800137,73.71036769667019,1.592525525484234
selector_g64,64,cahn_hilliard,correct,transformer,iid,test,64,6,64,0.004250360024593697,0.0027248191099243113,0.006161844335003339,0.06519478525613606,73.0399785360787,76.57347054919228,1.5866408008150756
selector_g64,64,cahn_hilliard,correct,transformer,iid,test,96,6,64,0.008344021991819354,0.0051427656889028095,0.01220289150870416,0.09134561835041326,73.0399785360787,76.57347054919228,1.5866408008150756
selector_g64,64,cahn_hilliard,correct,transformer,iid,ood,64,6,64,0.7088109883258404,0.5564316370427475,0.9335087521274337,0.8419091330576243,73.0399785360787,76.57347054919228,1.5866408008150756
selector_g64,64,cahn_hilliard,correct,transformer,iid,ood,96,6,64,1.0694753185475203,0.8653871035832266,1.3848894544043393,1.0341543978282548,73.0399785360787,76.57347054919228,1.5866408008150756
selector_g64,64,cahn_hilliard,correct,transformer,none,test,64,6,64,0.004084380733209904,0.002898892646933119,0.0055720035555377875,0.06390916001020436,43.46604075391466,43.50960965726214,1.5928382868878543
selector_g64,64,cahn_hilliard,correct,transformer,none,test,96,6,64,0.007279214215489188,0.004902212633874492,0.010261629954055596,0.08531831113828489,43.46604075391466,43.50960965726214,1.5928382868878543
selector_g64,64,cahn_hilliard,correct,transformer,none,ood,64,6,64,0.2048249762629187,0.17279147672004638,0.23983521103264505,0.4525759342507274,43.46604075391466,43.50960965726214,1.5928382868878543
selector_g64,64,cahn_hilliard,correct,transformer,none,ood,96,6,64,0.35818626909229495,0.29243262554047966,0.43105621863330507,0.5984866490510001,43.46604075391466,43.50960965726214,1.5928382868878543
selector_g64,64,cahn_hilliard,correct,transformer,response_matched,test,64,6,64,0.012088833577730182,0.007919408320645513,0.017503215056564634,0.10994923181964567,73.3959871487071,76.9296537550011,1.606384280603379
selector_g64,64,cahn_hilliard,correct,transformer,response_matched,test,96,6,64,0.026657460902709967,0.016972436182172538,0.03953922203992106,0.16327112697200924,73.3959871487071,76.9296537550011,1.606384280603379
selector_g64,64,cahn_hilliard,correct,transformer,response_matched,ood,64,6,64,1.003444724249628,0.809286423950933,1.258544084955163,1.001720881408403,73.3959871487071,76.9296537550011,1.606384280603379
selector_g64,64,cahn_hilliard,correct,transformer,response_matched,ood,96,6,64,1.364170365490856,1.1288314563425013,1.6782897657180118,1.167977039796098,73.3959871487071,76.9296537550011,1.606384280603379
selector_g64,64,cahn_hilliard,correct,transformer,smooth,test,64,6,64,0.0026882936452468503,0.0021599521550688407,0.0033418723093050187,0.05184875741275629,73.60530172979149,77.13981768170682,1.6112323035486042
selector_g64,64,cahn_hilliard,correct,transformer,smooth,test,96,6,64,0.004333562984401663,0.0034970448075979797,0.005299360690318583,0.06582980316241013,73.60530172979149,77.13981768170682,1.6112323035486042
selector_g64,64,cahn_hilliard,correct,transformer,smooth,ood,64,6,64,0.31685526055198104,0.24040467011483882,0.4475816316908349,0.56289897899355,73.60530172979149,77.13981768170682,1.6112323035486042
selector_g64,64,cahn_hilliard,correct,transformer,smooth,ood,96,6,64,0.5649716604422371,0.43012449293788724,0.8001179443697698,0.7516459674888418,73.60530172979149,77.13981768170682,1.6112323035486042
selector_g64,64,cahn_hilliard,structural,fno,iid,test,64,6,64,0.0005734290357586706,0.00045039970774588147,0.000724187729462423,0.023946378343262485,42.728439365979284,46.012475023201354,1.2707947636954486
selector_g64,64,cahn_hilliard,structural,fno,iid,test,96,6,64,0.0011341617672985629,0.0008933929912420839,0.0014379345153587577,0.03367731829137473,42.728439365979284,46.012475023201354,1.2707947636954486
selector_g64,64,cahn_hilliard,structural,fno,iid,ood,64,6,64,0.016246124680486192,0.007511986575642948,0.026125431797661677,0.1274602866797584,42.728439365979284,46.012475023201354,1.2707947636954486
selector_g64,64,cahn_hilliard,structural,fno,iid,ood,96,6,64,0.0298331707893507,0.012357782498042254,0.050149920891764496,0.1727228149068637,42.728439365979284,46.012475023201354,1.2707947636954486
selector_g64,64,cahn_hilliard,structural,fno,none,test,64,6,64,4.6968038146630204e-05,3.608656721038566e-05,5.944722632240641e-05,0.00685332314622842,25.34065922962812,25.37575652434801,1.2710515060462058
selector_g64,64,cahn_hilliard,structural,fno,none,test,96,6,64,7.844308668563417e-05,5.6612740698127954e-05,0.000103333842280462,0.00885681018683556,25.34065922962812,25.37575652434801,1.2710515060462058
selector_g64,64,cahn_hilliard,structural,fno,none,ood,64,6,64,0.0019430061658238535,0.001045284902192598,0.0028709195941350914,0.04407954362086628,25.34065922962812,25.37575652434801,1.2710515060462058
selector_g64,64,cahn_hilliard,structural,fno,none,ood,96,6,64,0.002923829576671398,0.001489563755614084,0.004591662624201863,0.05407244748179425,25.34065922962812,25.37575652434801,1.2710515060462058
selector_g64,64,cahn_hilliard,structural,fno,response_matched,test,64,6,64,0.0006968628344968198,0.000554347061365495,0.0008567689973882869,0.02639815968011444,42.50273608850936,45.78607067574436,1.2825632933527231
selector_g64,64,cahn_hilliard,structural,fno,response_matched,test,96,6,64,0.0014046282398003246,0.0010663028505525968,0.0018038201053873274,0.03747837029274785,42.50273608850936,45.78607067574436,1.2825632933527231
selector_g64,64,cahn_hilliard,structural,fno,response_matched,ood,64,6,64,0.04460960905807639,0.015791975336909028,0.09707522339673633,0.21120986969854508,42.50273608850936,45.78607067574436,1.2825632933527231
selector_g64,64,cahn_hilliard,structural,fno,response_matched,ood,96,6,64,0.094325881760098,0.033294481632058885,0.1978757509369762,0.3071251890680704,42.50273608850936,45.78607067574436,1.2825632933527231
selector_g64,64,cahn_hilliard,structural,fno,smooth,test,64,6,64,0.00042119297811346444,0.00033836704919472876,0.0005202812656028018,0.020522986578796577,42.393347803270444,45.67640800649921,1.2788895634002984
selector_g64,64,cahn_hilliard,structural,fno,smooth,test,96,6,64,0.000913303639703056,0.0007189274860623954,0.0011403366160521139,0.030220913945528782,42.393347803270444,45.67640800649921,1.2788895634002984
selector_g64,64,cahn_hilliard,structural,fno,smooth,ood,64,6,64,0.0034482050024800003,0.0024658335075563604,0.004560939189963458,0.05872141860071162,42.393347803270444,45.67640800649921,1.2788895634002984
selector_g64,64,cahn_hilliard,structural,fno,smooth,ood,96,6,64,0.005003104004736496,0.0040437983021988965,0.006118690353354066,0.07073262334125956,42.393347803270444,45.67640800649921,1.2788895634002984
selector_g64,64,cahn_hilliard,structural,looped,iid,test,64,6,64,0.011007967210247658,0.008389626466043859,0.014081269850822819,0.10491886012651709,70.0768656146247,73.3644470308597,1.6195822739973664
selector_g64,64,cahn_hilliard,structural,looped,iid,test,96,6,64,0.02171861138311421,0.016182375910382917,0.028427209114840236,0.14737235623791256,70.0768656146247,73.3644470308597,1.6195822739973664
selector_g64,64,cahn_hilliard,structural,looped,iid,ood,64,6,64,0.373505884731218,0.22008252837898076,0.5301547708833984,0.6111512781065077,70.0768656146247,73.3644470308597,1.6195822739973664
selector_g64,64,cahn_hilliard,structural,looped,iid,ood,96,6,64,0.6264031124664212,0.3684065560948457,0.8724826022686631,0.7914563237895198,70.0768656146247,73.3644470308597,1.6195822739973664
selector_g64,64,cahn_hilliard,structural,looped,none,test,64,6,64,0.00593654837935688,0.004493410004563623,0.007670984814958762,0.07704899985954963,39.4426044827948,39.48218010932518,1.61853504832834
selector_g64,64,cahn_hilliard,structural,looped,none,test,96,6,64,0.01081683066859894,0.007960026056653238,0.014524544461973321,0.10400399352235923,39.4426044827948,39.48218010932518,1.61853504832834
selector_g64,64,cahn_hilliard,structural,looped,none,ood,64,6,64,0.21124045762121557,0.17963304507023298,0.25617835932708055,0.45960902691441513,39.4426044827948,39.48218010932518,1.61853504832834
selector_g64,64,cahn_hilliard,structural,looped,none,ood,96,6,64,0.3652190293088702,0.3041877424084806,0.454801658844097,0.6043335414395515,39.4426044827948,39.48218010932518,1.61853504832834
selector_g64,64,cahn_hilliard,structural,looped,response_matched,test,64,6,64,0.011246410983944003,0.007247869706898051,0.018010791115878364,0.10604909704445391,69.94622468575835,73.23384816719529,1.6202585538849235
selector_g64,64,cahn_hilliard,structural,looped,response_matched,test,96,6,64,0.023757683782133582,0.014545079186161533,0.040013477596294166,0.15413527753935366,69.94622468575835,73.23384816719529,1.6202585538849235
selector_g64,64,cahn_hilliard,structural,looped,response_matched,ood,64,6,64,1.0802148285010726,0.5786516054432417,1.8571793114378745,1.0393338388126658,69.94622468575835,73.23384816719529,1.6202585538849235
selector_g64,64,cahn_hilliard,structural,looped,response_matched,ood,96,6,64,1.494631909141584,0.896002524753787,2.3626136595819753,1.2225513932516636,69.94622468575835,73.23384816719529,1.6202585538849235
selector_g64,64,cahn_hilliard,structural,looped,smooth,test,64,6,64,0.010126985466734371,0.00771094627733523,0.012824269585625882,0.10063292436739762,69.99693630620216,73.28435067692772,1.5953695285134017
selector_g64,64,cahn_hilliard,structural,looped,smooth,test,96,6,64,0.022195357580755,0.016887310227347976,0.02800254513696983,0.14898106450403353,69.99693630620216,73.28435067692772,1.5953695285134017
selector_g64,64,cahn_hilliard,structural,looped,smooth,ood,64,6,64,0.11779286032904529,0.09014423224967162,0.14921906884064262,0.3432096448659992,69.99693630620216,73.28435067692772,1.5953695285134017
selector_g64,64,cahn_hilliard,structural,looped,smooth,ood,96,6,64,0.19235252037820197,0.14217563354283,0.2527198611914765,0.43858011853959133,69.99693630620216,73.28435067692772,1.5953695285134017
selector_g64,64,cahn_hilliard,structural,transformer,iid,test,64,6,64,0.005252439654398464,0.0037347538796361325,0.00703591036260987,0.0724737169903577,73.76430243540865,77.05656313174404,1.5744475298561156
selector_g64,64,cahn_hilliard,structural,transformer,iid,test,96,6,64,0.009657253531726914,0.006685757629454076,0.013130930084919147,0.09827132609122008,73.76430243540865,77.05656313174404,1.5744475298561156
selector_g64,64,cahn_hilliard,structural,transformer,iid,ood,64,6,64,0.5805643456232676,0.43766071888044134,0.7522927813302169,0.7619477315559563,73.76430243540865,77.05656313174404,1.5744475298561156
selector_g64,64,cahn_hilliard,structural,transformer,iid,ood,96,6,64,0.9178662145903708,0.7155279423056684,1.1618642576325364,0.9580533464219886,73.76430243540865,77.05656313174404,1.5744475298561156
selector_g64,64,cahn_hilliard,structural,transformer,none,test,64,6,64,0.004084380733209904,0.002898892646933119,0.0055720035555377875,0.06390916001020436,43.2062674141489,43.25009736985279,1.577428518794477
selector_g64,64,cahn_hilliard,structural,transformer,none,test,96,6,64,0.007279214215489188,0.004902212633874492,0.010261629954055596,0.08531831113828489,43.2062674141489,43.25009736985279,1.577428518794477
selector_g64,64,cahn_hilliard,structural,transformer,none,ood,64,6,64,0.2048249762629187,0.17279147672004638,0.23983521103264505,0.4525759342507274,43.2062674141489,43.25009736985279,1.577428518794477
selector_g64,64,cahn_hilliard,structural,transformer,none,ood,96,6,64,0.35818626909229495,0.29243262554047966,0.43105621863330507,0.5984866490510001,43.2062674141489,43.25009736985279,1.577428518794477
selector_g64,64,cahn_hilliard,structural,transformer,response_matched,test,64,6,64,0.01254115730283012,0.008914144962013355,0.01682322353325669,0.11198730866857244,73.8010886289024,77.0931255236889,1.5770317986607552
selector_g64,64,cahn_hilliard,structural,transformer,response_matched,test,96,6,64,0.02567416472998422,0.01812299172545441,0.03451504775162696,0.16023159716480462,73.8010886289024,77.0931255236889,1.5770317986607552
selector_g64,64,cahn_hilliard,structural,transformer,response_matched,ood,64,6,64,0.9244757157263734,0.7745188352063891,1.11144170792477,0.9614966020357916,73.8010886289024,77.0931255236889,1.5770317986607552
selector_g64,64,cahn_hilliard,structural,transformer,response_matched,ood,96,6,64,1.2800532946277927,1.104526943122293,1.4999402790005518,1.13139440277376,73.8010886289024,77.0931255236889,1.5770317986607552
selector_g64,64,cahn_hilliard,structural,transformer,smooth,test,64,6,64,0.00639871739561148,0.005200994529291777,0.0077529020957941355,0.0799919833209021,73.9944428241967,77.28750739588092,1.5720940427854657
selector_g64,64,cahn_hilliard,structural,transformer,smooth,test,96,6,64,0.013545454447608568,0.011131294317165249,0.0163250967226043,0.11638494081112284,73.9944428241967,77.28750739588092,1.5720940427854657
selector_g64,64,cahn_hilliard,structural,transformer,smooth,ood,64,6,64,0.1318389711453756,0.11228418658249893,0.15137365886214643,0.36309636619687563,73.9944428241967,77.28750739588092,1.5720940427854657
selector_g64,64,cahn_hilliard,structural,transformer,smooth,ood,96,6,64,0.2137149166412595,0.17609895586726465,0.2524190697280313,0.46229310685025304,73.9944428241967,77.28750739588092,1.5720940427854657
selector_g64,64,fitzhugh_nagumo,coefficient,fno,iid,test,64,6,64,0.0008585933654076788,0.0006119661914732663,0.0011437579162165063,0.029301763861714517,42.80993569393953,46.78288529378673,1.2671208125539124
selector_g64,64,fitzhugh_nagumo,coefficient,fno,iid,test,96,6,64,0.0007589309800733114,0.0005389425436887711,0.0010102951206950267,0.027548701967121995,42.80993569393953,46.78288529378673,1.2671208125539124
selector_g64,64,fitzhugh_nagumo,coefficient,fno,iid,ood,64,6,64,0.008356632375060105,0.005111167303590096,0.012317780257738817,0.09141461795063252,42.80993569393953,46.78288529378673,1.2671208125539124
selector_g64,64,fitzhugh_nagumo,coefficient,fno,iid,ood,96,6,64,0.006813536455849243,0.004188331469506757,0.010187849416340666,0.08254414852579947,42.80993569393953,46.78288529378673,1.2671208125539124
selector_g64,64,fitzhugh_nagumo,coefficient,fno,none,test,64,6,64,0.0005070637675003963,0.0003293665134044857,0.000731305875412497,0.022518076460932367,25.23434611572884,25.268852677351486,1.259052287787199
selector_g64,64,fitzhugh_nagumo,coefficient,fno,none,test,96,6,64,0.00041958887270472336,0.00027251157698685323,0.0005967648741772023,0.020483868597135732,25.23434611572884,25.268852677351486,1.259052287787199
selector_g64,64,fitzhugh_nagumo,coefficient,fno,none,ood,64,6,64,0.007753379953560226,0.004192822592048183,0.012140738636757775,0.08805327906194196,25.23434611572884,25.268852677351486,1.259052287787199
selector_g64,64,fitzhugh_nagumo,coefficient,fno,none,ood,96,6,64,0.005975043777299412,0.003459739380642628,0.009119815249226733,0.07729840733999253,25.23434611572884,25.268852677351486,1.259052287787199
selector_g64,64,fitzhugh_nagumo,coefficient,fno,response_matched,test,64,6,64,0.0009487441562220991,0.0006593838399558087,0.001254781836224313,0.03080169080135211,42.909967478752755,46.88178960583173,1.2581180199049413
selector_g64,64,fitzhugh_nagumo,coefficient,fno,response_matched,test,96,6,64,0.0008603299830957381,0.0006015474115728254,0.0011193998283463937,0.029331382222727555,42.909967478752755,46.88178960583173,1.2581180199049413
selector_g64,64,fitzhugh_nagumo,coefficient,fno,response_matched,ood,64,6,64,0.009162574446963797,0.004920267548419927,0.014174128959251244,0.09572133746957256,42.909967478752755,46.88178960583173,1.2581180199049413
selector_g64,64,fitzhugh_nagumo,coefficient,fno,response_matched,ood,96,6,64,0.007490815412526201,0.004085645583905057,0.011728287201814751,0.08654949689354757,42.909967478752755,46.88178960583173,1.2581180199049413
selector_g64,64,fitzhugh_nagumo,coefficient,fno,smooth,test,64,6,64,0.0006298184853579074,0.0005049627262671423,0.0007696920866320373,0.025096184677315142,42.8840195533509,46.85593254383033,1.2568602804094553
selector_g64,64,fitzhugh_nagumo,coefficient,fno,smooth,test,96,6,64,0.0005808948120547622,0.00046798980783714525,0.0007106328108199608,0.02410175952196773,42.8840195533509,46.85593254383033,1.2568602804094553
selector_g64,64,fitzhugh_nagumo,coefficient,fno,smooth,ood,64,6,64,0.009629238957755692,0.0054607969474320065,0.014857958836466718,0.09812868570278363,42.8840195533509,46.85593254383033,1.2568602804094553
selector_g64,64,fitzhugh_nagumo,coefficient,fno,smooth,ood,96,6,64,0.00791969448588375,0.004616004353706212,0.011828591774081318,0.08899266534880136,42.8840195533509,46.85593254383033,1.2568602804094553
selector_g64,64,fitzhugh_nagumo,coefficient,looped,iid,test,64,6,64,0.013701955864257634,0.00896966343611576,0.019198648326858424,0.11705535384704809,70.32125640334561,74.29858679650351,1.5728955273516476
selector_g64,64,fitzhugh_nagumo,coefficient,looped,iid,test,96,6,64,0.011353547234830853,0.007419788587608692,0.016041011281441354,0.10655302546071066,70.32125640334561,74.29858679650351,1.5728955273516476
selector_g64,64,fitzhugh_nagumo,coefficient,looped,iid,ood,64,6,64,0.23867053158647047,0.17262225691191738,0.32485842149787275,0.48853918121934753,70.32125640334561,74.29858679650351,1.5728955273516476
selector_g64,64,fitzhugh_nagumo,coefficient,looped,iid,ood,96,6,64,0.17899033914895077,0.12929498269491577,0.2399755346058836,0.42307249869135993,70.32125640334561,74.29858679650351,1.5728955273516476
selector_g64,64,fitzhugh_nagumo,coefficient,looped,none,test,64,6,64,0.018997358879911535,0.012107171006532,0.027547153392252145,0.13783090683845745,39.6397314327769,39.68055658042431,1.5847862814553082
selector_g64,64,fitzhugh_nagumo,coefficient,looped,none,test,96,6,64,0.015561830318433575,0.009937623126164821,0.022636016404578834,0.12474706537002614,39.6397314327769,39.68055658042431,1.5847862814553082
selector_g64,64,fitzhugh_nagumo,coefficient,looped,none,ood,64,6,64,0.1579916161936238,0.10519766601576919,0.22073109236942848,0.3974815922701626,39.6397314327769,39.68055658042431,1.5847862814553082
selector_g64,64,fitzhugh_nagumo,coefficient,looped,none,ood,96,6,64,0.13678365911447996,0.08578063603569992,0.19410698767008838,0.36984274917115784,39.6397314327769,39.68055658042431,1.5847862814553082
selector_g64,64,fitzhugh_nagumo,coefficient,looped,response_matched,test,64,6,64,0.01279969441776696,0.008155181654193678,0.018042232629700096,0.11313573448635475,70.32170862859736,74.29863096494228,1.5708733000792563
selector_g64,64,fitzhugh_nagumo,coefficient,looped,response_matched,test,96,6,64,0.010722054444106677,0.006778818952447218,0.015258473255114681,0.10354735363159542,70.32170862859736,74.29863096494228,1.5708733000792563
selector_g64,64,fitzhugh_nagumo,coefficient,looped,response_matched,ood,64,6,64,0.2664089577231259,0.19354149373455531,0.3577503628859065,0.5161481935676283,70.32170862859736,74.29863096494228,1.5708733000792563
selector_g64,64,fitzhugh_nagumo,coefficient,looped,response_matched,ood,96,6,64,0.19824077411149452,0.14528150181843494,0.26286130007369435,0.44524237681457784,70.32170862859736,74.29863096494228,1.5708733000792563
selector_g64,64,fitzhugh_nagumo,coefficient,looped,smooth,test,64,6,64,0.01720177768561835,0.01115633925013385,0.025129468243950605,0.13115554767381496,69.84856260940433,73.82608989470948,1.5677595627494156
selector_g64,64,fitzhugh_nagumo,coefficient,looped,smooth,test,96,6,64,0.014180449146268,0.0092525329148508,0.0207183302076136,0.11908169106234594,69.84856260940433,73.82608989470948,1.5677595627494156
selector_g64,64,fitzhugh_nagumo,coefficient,looped,smooth,ood,64,6,64,0.1704240886768016,0.11905407574362617,0.23153926234188718,0.41282452528501934,69.84856260940433,73.82608989470948,1.5677595627494156
selector_g64,64,fitzhugh_nagumo,coefficient,looped,smooth,ood,96,6,64,0.14075637929324317,0.09471306546360023,0.19114316696792974,0.3751751314962696,69.84856260940433,73.82608989470948,1.5677595627494156
selector_g64,64,fitzhugh_nagumo,coefficient,transformer,iid,test,64,6,64,0.008679455781554787,0.006790862786218451,0.011017066235118446,0.09316359686892078,73.51537986503293,77.49673801691581,1.5807265299372375
selector_g64,64,fitzhugh_nagumo,coefficient,transformer,iid,test,96,6,64,0.007005114764813358,0.005421782421120349,0.008969910155735077,0.08369656363802136,73.51537986503293,77.49673801691581,1.5807265299372375
selector_g64,64,fitzhugh_nagumo,coefficient,transformer,iid,ood,64,6,64,0.29958048768715884,0.246719042090554,0.35913943802659126,0.5473394629360822,73.51537986503293,77.49673801691581,1.5807265299372375
selector_g64,64,fitzhugh_nagumo,coefficient,transformer,iid,ood,96,6,64,0.23274060463376933,0.19759934719363043,0.27094910337562195,0.4824319689176592,73.51537986503293,77.49673801691581,1.5807265299372375
selector_g64,64,fitzhugh_nagumo,coefficient,transformer,none,test,64,6,64,0.012317135828642495,0.009091757563925763,0.016036985550932605,0.1109825924577476,43.58603665768169,43.630228870703526,1.5790442819707096
selector_g64,64,fitzhugh_nagumo,coefficient,transformer,none,test,96,6,64,0.009912098685839983,0.007272072605798657,0.013039630971592182,0.099559523330719,43.58603665768169,43.630228870703526,1.5790442819707096
selector_g64,64,fitzhugh_nagumo,coefficient,transformer,none,ood,64,6,64,0.20867855181731917,0.17435732486913305,0.24693730025331437,0.45681347595853516,43.58603665768169,43.630228870703526,1.5790442819707096
selector_g64,64,fitzhugh_nagumo,coefficient,transformer,none,ood,96,6,64,0.18401915478112427,0.1464185545992962,0.224926288885159,0.4289745386163662,43.58603665768169,43.630228870703526,1.5790442819707096
selector_g64,64,fitzhugh_nagumo,coefficient,transformer,response_matched,test,64,6,64,0.007348499353231397,0.005877102865017958,0.009023066357474215,0.08572338860096115,73.22333200097394,77.20464521817242,1.5773130231536925
selector_g64,64,fitzhugh_nagumo,coefficient,transformer,response_matched,test,96,6,64,0.005980127673578558,0.004737306428610532,0.007382969695744398,0.077331285218717,73.22333200097394,77.20464521817242,1.5773130231536925
selector_g64,64,fitzhugh_nagumo,coefficient,transformer,response_matched,ood,64,6,64,0.3160931423252957,0.25975300994677597,0.3804820240256019,0.5622216131787319,73.22333200097394,77.20464521817242,1.5773130231536925
selector_g64,64,fitzhugh_nagumo,coefficient,transformer,response_matched,ood,96,6,64,0.24245672313226882,0.20559687270632035,0.2831715434230562,0.49239894712749827,73.22333200097394,77.20464521817242,1.5773130231536925
selector_g64,64,fitzhugh_nagumo,coefficient,transformer,smooth,test,64,6,64,0.010926536896467285,0.008552088738305035,0.013655144039441864,0.10453007651612661,73.43879180060078,77.42100085620768,1.575748750474304
selector_g64,64,fitzhugh_nagumo,coefficient,transformer,smooth,test,96,6,64,0.008714428505231143,0.006769025008406829,0.010949133228169134,0.09335110339589535,73.43879180060078,77.42100085620768,1.575748750474304
selector_g64,64,fitzhugh_nagumo,coefficient,transformer,smooth,ood,64,6,64,0.2114845950924741,0.17514159814230318,0.2524948650450245,0.4598745427749552,73.43879180060078,77.42100085620768,1.575748750474304
selector_g64,64,fitzhugh_nagumo,coefficient,transformer,smooth,ood,96,6,64,0.179086430435365,0.14729737818330638,0.2109579459255494,0.4231860470707476,73.43879180060078,77.42100085620768,1.575748750474304
selector_g64,64,fitzhugh_nagumo,correct,fno,iid,test,64,6,64,0.0005368169889881994,0.0004060812258902481,0.0007014793237670524,0.023169311361976197,42.63910241285339,46.64688144492296,1.2626725481823087
selector_g64,64,fitzhugh_nagumo,correct,fno,iid,test,96,6,64,0.00043222987651996627,0.00032642777125888956,0.0005616060519526214,0.020790138924979946,42.63910241285339,46.64688144492296,1.2626725481823087
selector_g64,64,fitzhugh_nagumo,correct,fno,iid,ood,64,6,64,0.011661656204134193,0.005294097619032041,0.019289330803977912,0.10798914854805641,42.63910241285339,46.64688144492296,1.2626725481823087
selector_g64,64,fitzhugh_nagumo,correct,fno,iid,ood,96,6,64,0.008818732565102511,0.004227104236516352,0.014293073857866134,0.09390810702544541,42.63910241285339,46.64688144492296,1.2626725481823087
selector_g64,64,fitzhugh_nagumo,correct,fno,none,test,64,6,64,0.0005038357312551391,0.0003319352646868179,0.0007159925881443376,0.022446285466756834,25.279658279769745,25.314103176584467,1.269056007731706
selector_g64,64,fitzhugh_nagumo,correct,fno,none,test,96,6,64,0.0004165076561902549,0.0002738962343058775,0.0005824348466963095,0.020408519206210306,25.279658279769745,25.314103176584467,1.269056007731706
selector_g64,64,fitzhugh_nagumo,correct,fno,none,ood,64,6,64,0.007766451672739029,0.004194613194511844,0.012138738550884784,0.08812747399499789,25.279658279769745,25.314103176584467,1.269056007731706
selector_g64,64,fitzhugh_nagumo,correct,fno,none,ood,96,6,64,0.005982852912417483,0.003462906983303441,0.009123683467163328,0.07734890375705064,25.279658279769745,25.314103176584467,1.269056007731706
selector_g64,64,fitzhugh_nagumo,correct,fno,response_matched,test,64,6,64,0.0006560063922640159,0.00048045004522441617,0.0008637236117273918,0.025612621737417195,42.500286974788956,46.50813572504558,1.2561117764562368
selector_g64,64,fitzhugh_nagumo,correct,fno,response_matched,test,96,6,64,0.0005280762470043576,0.0003848396716501734,0.0006988436344128386,0.022979909638733517,42.500286974788956,46.50813572504558,1.2561117764562368
selector_g64,64,fitzhugh_nagumo,correct,fno,response_matched,ood,64,6,64,0.00623524979531892,0.003838366996946581,0.009212339631910562,0.07896359791270229,42.500286974788956,46.50813572504558,1.2561117764562368
selector_g64,64,fitzhugh_nagumo,correct,fno,response_matched,ood,96,6,64,0.004813122251476343,0.0031123802806840625,0.006878169501846098,0.0693766693599249,42.500286974788956,46.50813572504558,1.2561117764562368
selector_g64,64,fitzhugh_nagumo,correct,fno,smooth,test,64,6,64,0.0004509334446988593,0.0003294380576092292,0.0005901175117991492,0.021235193540414445,42.60506485030055,46.613091118788965,1.2819992611184716
selector_g64,64,fitzhugh_nagumo,correct,fno,smooth,test,96,6,64,0.00037321460548186204,0.00027008818430899236,0.0005001759250503275,0.019318763042230784,42.60506485030055,46.613091118788965,1.2819992611184716
selector_g64,64,fitzhugh_nagumo,correct,fno,smooth,ood,64,6,64,0.008517618589464676,0.003914858961757155,0.01392008446528256,0.09229094532761421,42.60506485030055,46.613091118788965,1.2819992611184716
selector_g64,64,fitzhugh_nagumo,correct,fno,smooth,ood,96,6,64,0.006570357443395112,0.003054775560451778,0.010629509480934283,0.08105774141558049,42.60506485030055,46.613091118788965,1.2819992611184716
selector_g64,64,fitzhugh_nagumo,correct,looped,iid,test,64,6,64,0.014160991606539533,0.009272342587108231,0.019714843368019347,0.11899996473335415,70.35063115375426,74.36402409911777,1.5742110554128885
selector_g64,64,fitzhugh_nagumo,correct,looped,iid,test,96,6,64,0.011658410558174565,0.00757121792210313,0.016320054229558668,0.1079741198536694,70.35063115375426,74.36402409911777,1.5742110554128885
selector_g64,64,fitzhugh_nagumo,correct,looped,iid,ood,64,6,64,0.2612289407050632,0.19096530265207254,0.347568700518137,0.5111056062156462,70.35063115375426,74.36402409911777,1.5742110554128885
selector_g64,64,fitzhugh_nagumo,correct,looped,iid,ood,96,6,64,0.1945440171742495,0.14340058807353573,0.25475799111971714,0.4410714422565232,70.35063115375426,74.36402409911777,1.5742110554128885
selector_g64,64,fitzhugh_nagumo,correct,looped,none,test,64,6,64,0.018997376289588586,0.012107180285292576,0.0275472252781808,0.13783096999436878,39.4606023527837,39.500714774243534,1.5965330530889332
selector_g64,64,fitzhugh_nagumo,correct,looped,none,test,96,6,64,0.015561840102015978,0.009937630838101848,0.02263601646230652,0.12474710458369756,39.4606023527837,39.500714774243534,1.5965330530889332
selector_g64,64,fitzhugh_nagumo,correct,looped,none,ood,64,6,64,0.1579916722288607,0.1051976951032742,0.2207310754466378,0.3974816627579953,39.4606023527837,39.500714774243534,1.5965330530889332
selector_g64,64,fitzhugh_nagumo,correct,looped,none,ood,96,6,64,0.13678372657473284,0.08578064926588655,0.19410704315771132,0.3698428403724112,39.4606023527837,39.500714774243534,1.5965330530889332
selector_g64,64,fitzhugh_nagumo,correct,looped,response_matched,test,64,6,64,0.01062914915050415,0.007413855075119082,0.014448493289975108,0.10309776501216769,70.1572648092794,74.17053833107154,1.5865787747316062
selector_g64,64,fitzhugh_nagumo,correct,looped,response_matched,test,96,6,64,0.008757239184201744,0.006055464535133981,0.012052515031885062,0.0935801217364123,70.1572648092794,74.17053833107154,1.5865787747316062
selector_g64,64,fitzhugh_nagumo,correct,looped,response_matched,ood,64,6,64,0.2713721809951082,0.20485239583580594,0.3497801766376184,0.5209339507030696,70.1572648092794,74.17053833107154,1.5865787747316062
selector_g64,64,fitzhugh_nagumo,correct,looped,response_matched,ood,96,6,64,0.20206703618666055,0.15572709665042006,0.25574870996118465,0.44951867167745163,70.1572648092794,74.17053833107154,1.5865787747316062
selector_g64,64,fitzhugh_nagumo,correct,looped,smooth,test,64,6,64,0.01566752261026033,0.010424413260211133,0.022543748064733686,0.1251699748752085,70.24246808087143,74.25607996340841,1.5932765323668718
selector_g64,64,fitzhugh_nagumo,correct,looped,smooth,test,96,6,64,0.012799226233462796,0.008453415126503518,0.018559615067816133,0.1131336653408825,70.24246808087143,74.25607996340841,1.5932765323668718
selector_g64,64,fitzhugh_nagumo,correct,looped,smooth,ood,64,6,64,0.17443402124201532,0.1212267056018802,0.23817484889125592,0.41765299141992906,70.24246808087143,74.25607996340841,1.5932765323668718
selector_g64,64,fitzhugh_nagumo,correct,looped,smooth,ood,96,6,64,0.14597832610789632,0.09753169009397167,0.19883114577613337,0.3820711008541425,70.24246808087143,74.25607996340841,1.5932765323668718
selector_g64,64,fitzhugh_nagumo,correct,transformer,iid,test,64,6,64,0.00790888569782422,0.0060473632431359975,0.010142133207629512,0.08893191608092238,73.75749389718597,77.77504766033962,1.5902440529316664
selector_g64,64,fitzhugh_nagumo,correct,transformer,iid,test,96,6,64,0.006295798064994103,0.004772897004746775,0.008114217296713524,0.07934606521431357,73.75749389718597,77.77504766033962,1.5902440529316664
selector_g64,64,fitzhugh_nagumo,correct,transformer,iid,ood,64,6,64,0.31615184550222847,0.2645993887234757,0.3747257116281681,0.5622738171942817,73.75749389718597,77.77504766033962,1.5902440529316664
selector_g64,64,fitzhugh_nagumo,correct,transformer,iid,ood,96,6,64,0.2499275621061909,0.21348871637644143,0.28734383524647905,0.49992755685818213,73.75749389718597,77.77504766033962,1.5902440529316664
selector_g64,64,fitzhugh_nagumo,correct,transformer,none,test,64,6,64,0.012317133254565562,0.009091753578047283,0.016036962252342458,0.1109825808609872,43.22752581032304,43.27184052222098,1.5833342680707574
selector_g64,64,fitzhugh_nagumo,correct,transformer,none,test,96,6,64,0.009912095946257804,0.007272074795294101,0.013039629923515206,0.09955950957220412,43.22752581032304,43.27184052222098,1.5833342680707574
selector_g64,64,fitzhugh_nagumo,correct,transformer,none,ood,64,6,64,0.20867860391615048,0.1743573648556256,0.24693729589677313,0.4568135329827155,43.22752581032304,43.27184052222098,1.5833342680707574
selector_g64,64,fitzhugh_nagumo,correct,transformer,none,ood,96,6,64,0.18401919751321494,0.14641857514624318,0.22492627843223467,0.4289745884236209,43.22752581032304,43.27184052222098,1.5833342680707574
selector_g64,64,fitzhugh_nagumo,correct,transformer,response_matched,test,64,6,64,0.007503452545307284,0.00581821673211545,0.009468059803135866,0.08662247136457886,73.75577080412768,77.77365337622662,1.5751860570162535
selector_g64,64,fitzhugh_nagumo,correct,transformer,response_matched,test,96,6,64,0.0062363908880797994,0.004719847004391952,0.008278477073657413,0.07897082301761708,73.75577080412768,77.77365337622662,1.5751860570162535
selector_g64,64,fitzhugh_nagumo,correct,transformer,response_matched,ood,64,6,64,0.3473341647621548,0.28935702298520416,0.41266408593703796,0.5893506297291577,73.75577080412768,77.77365337622662,1.5751860570162535
selector_g64,64,fitzhugh_nagumo,correct,transformer,response_matched,ood,96,6,64,0.26963270039662907,0.2288821317145809,0.312219643805943,0.5192616877804765,73.75577080412768,77.77365337622662,1.5751860570162535
selector_g64,64,fitzhugh_nagumo,correct,transformer,smooth,test,64,6,64,0.01048360825575966,0.008234902171647372,0.013071543978019282,0.10238949289726783,74.35748167716277,78.37612888721439,1.5920350328087807
selector_g64,64,fitzhugh_nagumo,correct,transformer,smooth,test,96,6,64,0.008485123012906647,0.006598281114012547,0.010722611793084683,0.09211472744847399,74.35748167716277,78.37612888721439,1.5920350328087807
selector_g64,64,fitzhugh_nagumo,correct,transformer,smooth,ood,64,6,64,0.21173168409158608,0.1777563651559757,0.24985837314830864,0.46014311261996094,74.35748167716277,78.37612888721439,1.5920350328087807
selector_g64,64,fitzhugh_nagumo,correct,transformer,smooth,ood,96,6,64,0.18678721207791485,0.1516360062547783,0.221912693733479,0.4321888615847415,74.35748167716277,78.37612888721439,1.5920350328087807
selector_g64,64,fitzhugh_nagumo,structural,fno,iid,test,64,6,64,0.08493136652293574,0.021380621775358773,0.21047523267739857,0.29142986553017475,42.62860825487102,46.669378522085026,1.257695269305259
selector_g64,64,fitzhugh_nagumo,structural,fno,iid,test,96,6,64,1492.0304748502313,0.42533795968522703,4411.769665966078,38.62681031162464,42.62860825487102,46.669378522085026,1.257695269305259
selector_g64,64,fitzhugh_nagumo,structural,fno,iid,ood,64,6,64,173.47385879588558,0.0219078236186912,619.9995656979332,13.17094752840074,42.62860825487102,46.669378522085026,1.257695269305259
selector_g64,64,fitzhugh_nagumo,structural,fno,iid,ood,96,6,64,28501.92271573775,0.05062710445451003,73386.75233001726,168.8251246578475,42.62860825487102,46.669378522085026,1.257695269305259
selector_g64,64,fitzhugh_nagumo,structural,fno,none,test,64,6,64,0.0005038357312551391,0.0003319352646868179,0.0007159925881443376,0.022446285466756834,25.025310362689197,25.06008428676675,1.2566522578708827
selector_g64,64,fitzhugh_nagumo,structural,fno,none,test,96,6,64,0.0004165076561902549,0.0002738962343058775,0.0005824348466963095,0.020408519206210306,25.025310362689197,25.06008428676675,1.2566522578708827
selector_g64,64,fitzhugh_nagumo,structural,fno,none,ood,64,6,64,0.007766451672739029,0.004194613194511844,0.012138738550884784,0.08812747399499789,25.025310362689197,25.06008428676675,1.2566522578708827
selector_g64,64,fitzhugh_nagumo,structural,fno,none,ood,96,6,64,0.005982852912417483,0.003462906983303441,0.009123683467163328,0.07734890375705064,25.025310362689197,25.06008428676675,1.2566522578708827
selector_g64,64,fitzhugh_nagumo,structural,fno,response_matched,test,64,6,64,0.03611639202855708,0.02226547156035386,0.05727948256039041,0.19004313202154158,42.81354041257873,46.853483994180955,1.258235250134021
selector_g64,64,fitzhugh_nagumo,structural,fno,response_matched,test,96,6,64,26.23510845296799,0.0741050985644102,114.54001860391733,5.122021910629433,42.81354041257873,46.853483994180955,1.258235250134021
selector_g64,64,fitzhugh_nagumo,structural,fno,response_matched,ood,64,6,64,4.89025891466948,0.010647301007529655,18.36446080617705,2.2113929806050936,42.81354041257873,46.853483994180955,1.258235250134021
selector_g64,64,fitzhugh_nagumo,structural,fno,response_matched,ood,96,6,64,4995.491752725736,0.02989083071075531,16921.726528261395,70.67879280750157,42.81354041257873,46.853483994180955,1.258235250134021
selector_g64,64,fitzhugh_nagumo,structural,fno,smooth,test,64,6,64,0.01407154042305031,0.00945726913524583,0.018936599109607172,0.118623523902514,42.65954149413543,46.69918141219144,1.2568870442919433
selector_g64,64,fitzhugh_nagumo,structural,fno,smooth,test,96,6,64,0.013078465845236247,0.008773074572708161,0.017872310378297385,0.11436112033919678,42.65954149413543,46.69918141219144,1.2568870442919433
selector_g64,64,fitzhugh_nagumo,structural,fno,smooth,ood,64,6,64,0.02140288142165178,0.011424088806626504,0.03478176733080785,0.1462972365482403,42.65954149413543,46.69918141219144,1.2568870442919433
selector_g64,64,fitzhugh_nagumo,structural,fno,smooth,ood,96,6,64,0.019676111553013305,0.012628305794985433,0.029132613270698705,0.14027156359367107,42.65954149413543,46.69918141219144,1.2568870442919433
selector_g64,64,fitzhugh_nagumo,structural,looped,iid,test,64,6,64,0.07449717268356038,0.05618127170202841,0.09643749730681371,0.27294170198700013,70.5195311139493,74.5652472206081,1.5983865247108042
selector_g64,64,fitzhugh_nagumo,structural,looped,iid,test,96,6,64,0.07113970872646025,0.051342510130304574,0.09623234175344297,0.2667202818056029,70.5195311139493,74.5652472206081,1.5983865247108042
selector_g64,64,fitzhugh_nagumo,structural,looped,iid,ood,64,6,64,0.2018861335461318,0.12055451021174331,0.33295580698703275,0.44931740846102525,70.5195311139493,74.5652472206081,1.5983865247108042
selector_g64,64,fitzhugh_nagumo,structural,looped,iid,ood,96,6,64,0.17399853718547612,0.10257504580296567,0.2897956418171408,0.41713131887389626,70.5195311139493,74.5652472206081,1.5983865247108042
selector_g64,64,fitzhugh_nagumo,structural,looped,none,test,64,6,64,0.018997376289588586,0.012107180285292576,0.0275472252781808,0.13783096999436878,39.48239777221655,39.52293698869956,1.5727525460533798
selector_g64,64,fitzhugh_nagumo,structural,looped,none,test,96,6,64,0.015561840102015978,0.009937630838101848,0.02263601646230652,0.12474710458369756,39.48239777221655,39.52293698869956,1.5727525460533798
selector_g64,64,fitzhugh_nagumo,structural,looped,none,ood,64,6,64,0.1579916722288607,0.1051976951032742,0.2207310754466378,0.3974816627579953,39.48239777221655,39.52293698869956,1.5727525460533798
selector_g64,64,fitzhugh_nagumo,structural,looped,none,ood,96,6,64,0.13678372657473284,0.08578064926588655,0.19410704315771132,0.3698428403724112,39.48239777221655,39.52293698869956,1.5727525460533798
selector_g64,64,fitzhugh_nagumo,structural,looped,response_matched,test,64,6,64,0.06358633345003002,0.03662353483947937,0.10613193337930786,0.25216330710480067,70.26976250220712,74.31503310807359,1.588661305140704
selector_g64,64,fitzhugh_nagumo,structural,looped,response_matched,test,96,6,64,0.061216631972862035,0.03173716884919423,0.11124626842680058,0.24741995063628566,70.26976250220712,74.31503310807359,1.588661305140704
selector_g64,64,fitzhugh_nagumo,structural,looped,response_matched,ood,64,6,64,0.18846859251929496,0.09780573185853123,0.3053005596085026,0.43412969550503566,70.26976250220712,74.31503310807359,1.588661305140704
selector_g64,64,fitzhugh_nagumo,structural,looped,response_matched,ood,96,6,64,0.1642124920213443,0.09382924497142359,0.26312853992666707,0.4052314055220107,70.26976250220712,74.31503310807359,1.588661305140704
selector_g64,64,fitzhugh_nagumo,structural,looped,smooth,test,64,6,64,0.08925256516034345,0.06467459290176275,0.11602400414562021,0.2987516780879121,70.28414338439082,74.32967905203502,1.576780527830124
selector_g64,64,fitzhugh_nagumo,structural,looped,smooth,test,96,6,64,0.08890503024535368,0.061788002150747416,0.1209818214597853,0.29816946564890523,70.28414338439082,74.32967905203502,1.576780527830124
selector_g64,64,fitzhugh_nagumo,structural,looped,smooth,ood,64,6,64,0.14185908755365695,0.07960805673545727,0.23947124890699975,0.37664185581750864,70.28414338439082,74.32967905203502,1.576780527830124
selector_g64,64,fitzhugh_nagumo,structural,looped,smooth,ood,96,6,64,0.1452195070667774,0.07500177638459322,0.2541235008225007,0.3810767731924597,70.28414338439082,74.32967905203502,1.576780527830124
selector_g64,64,fitzhugh_nagumo,structural,transformer,iid,test,64,6,64,0.0411989303247093,0.01941198264802225,0.08879178330733438,0.2029751963287862,73.94770122040063,77.99713560768093,1.6004510573111475
selector_g64,64,fitzhugh_nagumo,structural,transformer,iid,test,96,6,64,0.05094105667979911,0.015446758978272036,0.1335525397985569,0.22570125537931576,73.94770122040063,77.99713560768093,1.6004510573111475
selector_g64,64,fitzhugh_nagumo,structural,transformer,iid,ood,64,6,64,0.18298553625029848,0.13792854986327688,0.24238358155226516,0.427768086993757,73.94770122040063,77.99713560768093,1.6004510573111475
selector_g64,64,fitzhugh_nagumo,structural,transformer,iid,ood,96,6,64,0.16010260339382001,0.12216760566397136,0.20773329311356084,0.4001282336874268,73.94770122040063,77.99713560768093,1.6004510573111475
selector_g64,64,fitzhugh_nagumo,structural,transformer,none,test,64,6,64,0.012317133254565562,0.009091753578047283,0.016036962252342458,0.1109825808609872,43.38119576537671,43.42488803124676,1.5783602953888476
selector_g64,64,fitzhugh_nagumo,structural,transformer,none,test,96,6,64,0.009912095946257804,0.007272074795294101,0.013039629923515206,0.09955950957220412,43.38119576537671,43.42488803124676,1.5783602953888476
selector_g64,64,fitzhugh_nagumo,structural,transformer,none,ood,64,6,64,0.20867860391615048,0.1743573648556256,0.24693729589677313,0.4568135329827155,43.38119576537671,43.42488803124676,1.5783602953888476
selector_g64,64,fitzhugh_nagumo,structural,transformer,none,ood,96,6,64,0.18401919751321494,0.14641857514624318,0.22492627843223467,0.4289745884236209,43.38119576537671,43.42488803124676,1.5783602953888476
selector_g64,64,fitzhugh_nagumo,structural,transformer,response_matched,test,64,6,64,0.021981412833378327,0.016015930787950328,0.028987364840960223,0.1482612991760774,73.70224163813207,77.75130772970927,1.5825664973817766
selector_g64,64,fitzhugh_nagumo,structural,transformer,response_matched,test,96,6,64,0.018294474517640866,0.013274880618939212,0.024281000691894122,0.13525706827238593,73.70224163813207,77.75130772970927,1.5825664973817766
selector_g64,64,fitzhugh_nagumo,structural,transformer,response_matched,ood,64,6,64,0.21014186830801349,0.15413533908773694,0.2728994011454145,0.4584123343759562,73.70224163813207,77.75130772970927,1.5825664973817766
selector_g64,64,fitzhugh_nagumo,structural,transformer,response_matched,ood,96,6,64,0.17612466803033813,0.13431347279311712,0.2238196126282784,0.41967209584428905,73.70224163813207,77.75130772970927,1.5825664973817766
selector_g64,64,fitzhugh_nagumo,structural,transformer,smooth,test,64,6,64,0.08927993866326238,0.05664053313726794,0.1358574112522558,0.29879748771243436,73.6674218963987,77.71760401246138,1.5838900348171592
selector_g64,64,fitzhugh_nagumo,structural,transformer,smooth,test,96,6,64,0.11193857842594586,0.05952074728679964,0.2065473402828231,0.3345722320007234,73.6674218963987,77.71760401246138,1.5838900348171592
selector_g64,64,fitzhugh_nagumo,structural,transformer,smooth,ood,64,6,64,0.18823855040439183,0.14594521982395942,0.24180845094073464,0.4338646683061342,73.6674218963987,77.71760401246138,1.5838900348171592
selector_g64,64,fitzhugh_nagumo,structural,transformer,smooth,ood,96,6,64,0.20442661948671179,0.14605928384817615,0.2713627424683933,0.4521356206789195,73.6674218963987,77.71760401246138,1.5838900348171592
development,32,advection_diffusion,coefficient,mechanistic,,ood,64,0,64,0.5686829936930753,0.46324844734483733,0.6825837662705506,0.7541107303924771,0.0,,
development,32,advection_diffusion,coefficient,mechanistic,,ood,96,0,64,0.7019240169255561,0.5736975001099142,0.848931630835158,0.8378090575576013,0.0,,
development,32,advection_diffusion,coefficient,mechanistic,,test,64,0,64,0.5313244237183632,0.4301989685443083,0.635748622249621,0.7289200393173199,0.0,,
development,32,advection_diffusion,coefficient,mechanistic,,test,96,0,64,0.7447897696842862,0.6086400047641856,0.8856455127550054,0.8630120333368975,0.0,,
development,32,advection_diffusion,coefficient,persistence,,ood,64,0,64,1.4053722400260824,1.1768615036722678,1.6562432698047578,1.1854839686921466,0.0,,
development,32,advection_diffusion,coefficient,persistence,,ood,96,0,64,1.3804845171685165,1.1633000904902366,1.6242867227625934,1.174940218550934,0.0,,
development,32,advection_diffusion,coefficient,persistence,,test,64,0,64,1.9041640608216994,1.529639374064584,2.3269373346637447,1.3799145121425818,0.0,,
development,32,advection_diffusion,coefficient,persistence,,test,96,0,64,1.7984063014237868,1.4822366261116457,2.1458186903494507,1.3410467185835797,0.0,,
development,32,advection_diffusion,correct,mechanistic,,ood,64,0,64,1.6124238090315633e-12,1.1721532853896551e-12,2.12424352969963e-12,1.2698125094011176e-06,0.0,,
development,32,advection_diffusion,correct,mechanistic,,ood,96,0,64,2.5465141721039888e-12,1.8520002879655815e-12,3.309351294082479e-12,1.5957801139580567e-06,0.0,,
development,32,advection_diffusion,correct,mechanistic,,test,64,0,64,2.266825511260489e-12,1.692685398138174e-12,2.9789553857575883e-12,1.5055980576702697e-06,0.0,,
development,32,advection_diffusion,correct,mechanistic,,test,96,0,64,3.76763665163941e-12,2.8631139578655782e-12,4.868912871007354e-12,1.9410400953198803e-06,0.0,,
development,32,advection_diffusion,correct,persistence,,ood,64,0,64,1.4053722400260824,1.1768615036722678,1.6562432698047578,1.1854839686921466,0.0,,
development,32,advection_diffusion,correct,persistence,,ood,96,0,64,1.3804845171685165,1.1633000904902366,1.6242867227625934,1.174940218550934,0.0,,
development,32,advection_diffusion,correct,persistence,,test,64,0,64,1.9041640608216994,1.529639374064584,2.3269373346637447,1.3799145121425818,0.0,,
development,32,advection_diffusion,correct,persistence,,test,96,0,64,1.7984063014237868,1.4822366261116457,2.1458186903494507,1.3410467185835797,0.0,,
development,32,allen_cahn,coefficient,mechanistic,,ood,64,0,64,0.0045151424073957,0.003882376995414649,0.005685663116644067,0.06719480937837163,0.0,,
development,32,allen_cahn,coefficient,mechanistic,,ood,96,0,64,0.004789149836670484,0.0042541390652102015,0.005724344011661783,0.06920368369292551,0.0,,
development,32,allen_cahn,coefficient,mechanistic,,test,64,0,64,0.0047589258591633765,0.0038762708591119077,0.006025757982851298,0.06898496835661648,0.0,,
development,32,allen_cahn,coefficient,mechanistic,,test,96,0,64,0.005153575108806171,0.004227316243495785,0.006514454857827253,0.07178840511396092,0.0,,
development,32,allen_cahn,coefficient,persistence,,ood,64,0,64,0.022939436636376875,0.01600807103045826,0.031584485380818345,0.15145770576757353,0.0,,
development,32,allen_cahn,coefficient,persistence,,ood,96,0,64,0.029400801832146918,0.02115957441340824,0.03940882292780821,0.17146662016890318,0.0,,
development,32,allen_cahn,coefficient,persistence,,test,64,0,64,0.036351599148498615,0.028361031460717067,0.046152238957575094,0.1906609533923992,0.0,,
development,32,allen_cahn,coefficient,persistence,,test,96,0,64,0.04164775024330621,0.03172318640100224,0.05427967233915244,0.20407780438672457,0.0,,
development,32,allen_cahn,correct,mechanistic,,ood,64,0,64,1.51318133840564e-11,1.323518478810524e-11,1.7174373564805493e-11,3.889963159729974e-06,0.0,,
development,32,allen_cahn,correct,mechanistic,,ood,96,0,64,1.5225838458365952e-11,1.357327782480181e-11,1.7102907934165412e-11,3.902030043242357e-06,0.0,,
development,32,allen_cahn,correct,mechanistic,,test,64,0,64,2.3103475413200626e-12,2.0424622065608257e-12,2.591797159845488e-12,1.5199827437573305e-06,0.0,,
development,32,allen_cahn,correct,mechanistic,,test,96,0,64,2.9833712767948858e-12,2.625509117580207e-12,3.3544042841076236e-12,1.7272438382564536e-06,0.0,,
development,32,allen_cahn,correct,persistence,,ood,64,0,64,0.022939436636376875,0.01600807103045826,0.031584485380818345,0.15145770576757353,0.0,,
development,32,allen_cahn,correct,persistence,,ood,96,0,64,0.029400801832146918,0.02115957441340824,0.03940882292780821,0.17146662016890318,0.0,,
development,32,allen_cahn,correct,persistence,,test,64,0,64,0.036351599148498615,0.028361031460717067,0.046152238957575094,0.1906609533923992,0.0,,
development,32,allen_cahn,correct,persistence,,test,96,0,64,0.04164775024330621,0.03172318640100224,0.05427967233915244,0.20407780438672457,0.0,,
development,32,burgers,coefficient,mechanistic,,ood,64,0,64,0.010053777077486337,0.008142505562250957,0.012330221404089016,0.10026852485943102,0.0,,
development,32,burgers,coefficient,mechanistic,,ood,96,0,64,0.01143513866150081,0.009710423710088466,0.013396464631194104,0.10693520777321569,0.0,,
development,32,burgers,coefficient,mechanistic,,test,64,0,64,0.017123447088257304,0.012731554863964023,0.02228862003584089,0.13085658977773074,0.0,,
development,32,burgers,coefficient,mechanistic,,test,96,0,64,0.01717711214944343,0.013375725349392811,0.021703808579012357,0.1310614823258284,0.0,,
development,32,burgers,coefficient,persistence,,ood,64,0,64,0.8137521693437755,0.6715615155045135,0.9717856309834318,0.9020821300434764,0.0,,
development,32,burgers,coefficient,persistence,,ood,96,0,64,1.0417534398496027,0.8793722876484433,1.22095098448028,1.0206632352787097,0.0,,
development,32,burgers,coefficient,persistence,,test,64,0,64,0.8117043097119208,0.6364110574400511,1.0357099588988212,0.9009463411945912,0.0,,
development,32,burgers,coefficient,persistence,,test,96,0,64,1.065330482570758,0.8664844242598468,1.2937856778186556,1.0321484789364164,0.0,,
development,32,burgers,correct,mechanistic,,ood,64,0,64,9.585305980781706e-12,3.4623148129252374e-12,2.0132452900374034e-11,3.0960145317458874e-06,0.0,,
development,32,burgers,correct,mechanistic,,ood,96,0,64,9.999906570371725e-12,5.138723143118359e-12,1.738932967770066e-11,3.1622628876125598e-06,0.0,,
development,32,burgers,correct,mechanistic,,test,64,0,64,2.4338614891118654e-11,5.58908379958259e-12,4.914583203068129e-11,4.933418175172124e-06,0.0,,
development,32,burgers,correct,mechanistic,,test,96,0,64,1.7938560267601827e-11,4.9664622803842235e-12,3.5317239389239534e-11,4.2353937559100484e-06,0.0,,
development,32,burgers,correct,persistence,,ood,64,0,64,0.8137521693437755,0.6715615155045135,0.9717856309834318,0.9020821300434764,0.0,,
development,32,burgers,correct,persistence,,ood,96,0,64,1.0417534398496027,0.8793722876484433,1.22095098448028,1.0206632352787097,0.0,,
development,32,burgers,correct,persistence,,test,64,0,64,0.8117043097119208,0.6364110574400511,1.0357099588988212,0.9009463411945912,0.0,,
development,32,burgers,correct,persistence,,test,96,0,64,1.065330482570758,0.8664844242598468,1.2937856778186556,1.0321484789364164,0.0,,
development,32,gray_scott,coefficient,mechanistic,,ood,64,0,64,0.7143332629876973,0.6736989931478288,0.7570329601886268,0.8451823844518397,0.0,,
development,32,gray_scott,coefficient,mechanistic,,ood,96,0,64,1.3049250369817216,1.2354225147873281,1.3791176681515949,1.142333154986636,0.0,,
development,32,gray_scott,coefficient,mechanistic,,test,64,0,64,0.7340474576230349,0.6950040177449172,0.7740461396421147,0.8567656958720015,0.0,,
development,32,gray_scott,coefficient,mechanistic,,test,96,0,64,1.2035565650754734,1.1391683893022582,1.273456066656538,1.0970672564047628,0.0,,
development,32,gray_scott,coefficient,persistence,,ood,64,0,64,0.3179615925723578,0.290757674809592,0.34670110311119307,0.5638808318894674,0.0,,
development,32,gray_scott,coefficient,persistence,,ood,96,0,64,0.4601266148647376,0.4218161258588065,0.5002899761030192,0.6783263336070167,0.0,,
development,32,gray_scott,coefficient,persistence,,test,64,0,64,2.036077323424337,1.932049122186274,2.145637297286098,1.426911813471434,0.0,,
development,32,gray_scott,coefficient,persistence,,test,96,0,64,2.684817013444804,2.551082000560602,2.820831449924432,1.638541123513476,0.0,,
development,32,gray_scott,correct,mechanistic,,ood,64,0,64,4.261032775467628e-12,3.650462176846535e-12,4.959247387363332e-12,2.0642269195676205e-06,0.0,,
development,32,gray_scott,correct,mechanistic,,ood,96,0,64,7.426304209213775e-12,6.010740130068538e-12,9.139958664667205e-12,2.725124622694121e-06,0.0,,
development,32,gray_scott,correct,mechanistic,,test,64,0,64,1.9796401041082864e-11,1.678111076853175e-11,2.320032159827079e-11,4.449314670944601e-06,0.0,,
development,32,gray_scott,correct,mechanistic,,test,96,0,64,4.0578150651907634e-11,3.268834500049384e-11,5.006739090048049e-11,6.370098166583278e-06,0.0,,
development,32,gray_scott,correct,persistence,,ood,64,0,64,0.3179615925723578,0.290757674809592,0.34670110311119307,0.5638808318894674,0.0,,
development,32,gray_scott,correct,persistence,,ood,96,0,64,0.4601266148647376,0.4218161258588065,0.5002899761030192,0.6783263336070167,0.0,,
development,32,gray_scott,correct,persistence,,test,64,0,64,2.036077323424337,1.932049122186274,2.145637297286098,1.426911813471434,0.0,,
development,32,gray_scott,correct,persistence,,test,96,0,64,2.684817013444804,2.551082000560602,2.820831449924432,1.638541123513476,0.0,,
development,32,ks,coefficient,mechanistic,,ood,64,0,64,0.7806522957038737,0.7098739362504716,0.8560246582709552,0.8835452991804515,0.0,,
development,32,ks,coefficient,mechanistic,,ood,96,0,64,0.9354263466911638,0.8711077613445412,1.0037743492854976,0.967174413790586,0.0,,
development,32,ks,coefficient,mechanistic,,test,64,0,64,0.5864891998136557,0.4984727991871942,0.6750782908334088,0.7658258286409878,0.0,,
development,32,ks,coefficient,mechanistic,,test,96,0,64,0.7736807441446558,0.6803875799532263,0.8687963413256602,0.8795912369644526,0.0,,
development,32,ks,coefficient,persistence,,ood,64,0,64,1.2648281788780196,1.1761856594896607,1.357183142506978,1.1246458015206475,0.0,,
development,32,ks,coefficient,persistence,,ood,96,0,64,1.45571875150146,1.3514034885329562,1.567549053907885,1.206531703479631,0.0,,
development,32,ks,coefficient,persistence,,test,64,0,64,1.049688953232721,0.9466035712811116,1.1547730247094024,1.0245432900725673,0.0,,
development,32,ks,coefficient,persistence,,test,96,0,64,1.2703809033915572,1.15624746808043,1.3887961226675054,1.1271117528406653,0.0,,
development,32,ks,correct,mechanistic,,ood,64,0,64,4.230233293450578e-06,2.5453421866671002e-06,6.5208779399601595e-06,0.0020567530949169807,0.0,,
development,32,ks,correct,mechanistic,,ood,96,0,64,7.650853992920555e-05,2.7293210521988034e-05,0.00014033144245708691,0.008746916023902684,0.0,,
development,32,ks,correct,mechanistic,,test,64,0,64,2.4466611887692054e-07,9.155835454130354e-08,5.087319435671822e-07,0.0004946373609796581,0.0,,
development,32,ks,correct,mechanistic,,test,96,0,64,4.134586746803756e-06,1.0147726824149085e-06,8.80662157141225e-06,0.0020333683254156773,0.0,,
development,32,ks,correct,persistence,,ood,64,0,64,1.2648281788780196,1.1761856594896607,1.357183142506978,1.1246458015206475,0.0,,
development,32,ks,correct,persistence,,ood,96,0,64,1.45571875150146,1.3514034885329562,1.567549053907885,1.206531703479631,0.0,,
development,32,ks,correct,persistence,,test,64,0,64,1.049688953232721,0.9466035712811116,1.1547730247094024,1.0245432900725673,0.0,,
development,32,ks,correct,persistence,,test,96,0,64,1.2703809033915572,1.15624746808043,1.3887961226675054,1.1271117528406653,0.0,,
development,32,wave,coefficient,mechanistic,,ood,64,0,64,0.7427219720342464,0.7016262463594828,0.7853993776251342,0.8618131885938195,0.0,,
development,32,wave,coefficient,mechanistic,,ood,96,0,64,0.9065306222767049,0.8502977338002333,0.9653059230755312,0.9521190168653837,0.0,,
development,32,wave,coefficient,mechanistic,,test,64,0,64,0.3973574188504543,0.3577090429425292,0.440068463872951,0.6303629262975847,0.0,,
development,32,wave,coefficient,mechanistic,,test,96,0,64,0.5797535210131978,0.5298208798092353,0.6356397244403755,0.7614154720080213,0.0,,
development,32,wave,coefficient,persistence,,ood,64,0,64,1.9645933161420999,1.8184209758910015,2.1183282635921388,1.4016395100531733,0.0,,
development,32,wave,coefficient,persistence,,ood,96,0,64,1.7150026325751544,1.6005689188929715,1.8317694787842735,1.3095810904923584,0.0,,
development,32,wave,coefficient,persistence,,test,64,0,64,1.6768549624499656,1.481157627036231,1.8973475146141878,1.2949343467720538,0.0,,
development,32,wave,coefficient,persistence,,test,96,0,64,1.7335639317871787,1.5280312772656133,1.974320391830245,1.3166487503458084,0.0,,
development,32,wave,correct,mechanistic,,ood,64,0,64,3.311938286009314e-09,2.795083168904861e-09,3.84498299208457e-09,5.754944209989628e-05,0.0,,
development,32,wave,correct,mechanistic,,ood,96,0,64,6.030947453685284e-09,5.143395779411646e-09,6.961418994541115e-09,7.765917494852288e-05,0.0,,
development,32,wave,correct,mechanistic,,test,64,0,64,9.012607192846287e-11,7.007637985384849e-11,1.1192751310008966e-10,9.493475229254188e-06,0.0,,
development,32,wave,correct,mechanistic,,test,96,0,64,1.8419312303956248e-10,1.4304184067365745e-10,2.2840261100897496e-10,1.3571776709022385e-05,0.0,,
development,32,wave,correct,persistence,,ood,64,0,64,1.9645933161420999,1.8184209758910015,2.1183282635921388,1.4016395100531733,0.0,,
development,32,wave,correct,persistence,,ood,96,0,64,1.7150026325751544,1.6005689188929715,1.8317694787842735,1.3095810904923584,0.0,,
development,32,wave,correct,persistence,,test,64,0,64,1.6768549624499656,1.481157627036231,1.8973475146141878,1.2949343467720538,0.0,,
development,32,wave,correct,persistence,,test,96,0,64,1.7335639317871787,1.5280312772656133,1.974320391830245,1.3166487503458084,0.0,,
resolution_g32,32,advection_diffusion,coefficient,mechanistic,,ood,64,0,64,0.5866012694523803,0.47734835999824304,0.7012966897871745,0.7658989942886597,0.0,,
resolution_g32,32,advection_diffusion,coefficient,mechanistic,,ood,96,0,64,0.6803637666768765,0.5540290615059864,0.8147198210439967,0.8248416615792855,0.0,,
resolution_g32,32,advection_diffusion,coefficient,mechanistic,,test,64,0,64,0.6843453090496823,0.5527520289187408,0.8286726901129023,0.8272516600464953,0.0,,
resolution_g32,32,advection_diffusion,coefficient,mechanistic,,test,96,0,64,0.9744070420805571,0.7852175614853052,1.1910570956491993,0.9871205813276092,0.0,,
resolution_g32,32,advection_diffusion,coefficient,persistence,,ood,64,0,64,1.3504375145042786,1.161637011241254,1.5451728044239186,1.1620832648757484,0.0,,
resolution_g32,32,advection_diffusion,coefficient,persistence,,ood,96,0,64,1.3387318527886691,1.163523164836418,1.5201820560627215,1.1570358044540667,0.0,,
resolution_g32,32,advection_diffusion,coefficient,persistence,,test,64,0,64,2.28443365828457,1.8629515152519318,2.755981364541307,1.5114343049846957,0.0,,
resolution_g32,32,advection_diffusion,coefficient,persistence,,test,96,0,64,2.283803768231489,1.9113498014029422,2.6964503843159404,1.5112259156828567,0.0,,
resolution_g32,32,advection_diffusion,correct,mechanistic,,ood,64,0,64,1.6459573823300017e-12,1.2756531429397282e-12,2.014255028462199e-12,1.2829487060401135e-06,0.0,,
resolution_g32,32,advection_diffusion,correct,mechanistic,,ood,96,0,64,2.482847745287367e-12,1.8825292280431034e-12,3.10417100603363e-12,1.575705475425965e-06,0.0,,
resolution_g32,32,advection_diffusion,correct,mechanistic,,test,64,0,64,3.5812997761011587e-12,2.4893512387658117e-12,4.881240758244779e-12,1.892432238179523e-06,0.0,,
resolution_g32,32,advection_diffusion,correct,mechanistic,,test,96,0,64,6.037265423259061e-12,4.112742043422967e-12,8.376691505955788e-12,2.457084740756627e-06,0.0,,
resolution_g32,32,advection_diffusion,correct,persistence,,ood,64,0,64,1.3504375145042786,1.161637011241254,1.5451728044239186,1.1620832648757484,0.0,,
resolution_g32,32,advection_diffusion,correct,persistence,,ood,96,0,64,1.3387318527886691,1.163523164836418,1.5201820560627215,1.1570358044540667,0.0,,
resolution_g32,32,advection_diffusion,correct,persistence,,test,64,0,64,2.28443365828457,1.8629515152519318,2.755981364541307,1.5114343049846957,0.0,,
resolution_g32,32,advection_diffusion,correct,persistence,,test,96,0,64,2.283803768231489,1.9113498014029422,2.6964503843159404,1.5112259156828567,0.0,,
resolution_g32,32,allen_cahn,coefficient,mechanistic,,ood,64,0,64,0.005149294107226865,0.003890715456431959,0.007586082304820607,0.07175858211549936,0.0,,
resolution_g32,32,allen_cahn,coefficient,mechanistic,,ood,96,0,64,0.0051109949497363995,0.004211041228046496,0.006790045838070391,0.07149122288600468,0.0,,
resolution_g32,32,allen_cahn,coefficient,mechanistic,,test,64,0,64,0.0063803123204326795,0.003862570772318952,0.010924703343507546,0.07987685722681306,0.0,,
resolution_g32,32,allen_cahn,coefficient,mechanistic,,test,96,0,64,0.007134171414029093,0.004202961653661083,0.012512741913061048,0.08446402437741818,0.0,,
resolution_g32,32,allen_cahn,coefficient,persistence,,ood,64,0,64,0.02256286905040239,0.014689232118627892,0.03218570915809188,0.1502094173159672,0.0,,
resolution_g32,32,allen_cahn,coefficient,persistence,,ood,96,0,64,0.028976578514335435,0.01929189879609194,0.040918417477004934,0.1702250819190152,0.0,,
resolution_g32,32,allen_cahn,coefficient,persistence,,test,64,0,64,0.03637705263326518,0.025479008178378927,0.04894360809260086,0.19072769236077172,0.0,,
resolution_g32,32,allen_cahn,coefficient,persistence,,test,96,0,64,0.04256250604356312,0.029917933019255917,0.05697020440585534,0.2063068250048047,0.0,,
resolution_g32,32,allen_cahn,correct,mechanistic,,ood,64,0,64,1.6149378132901073e-11,1.4026560112044614e-11,1.8625655857549127e-11,4.018628887182925e-06,0.0,,
resolution_g32,32,allen_cahn,correct,mechanistic,,ood,96,0,64,1.5679096186708626e-11,1.3897763684143106e-11,1.7710790412084414e-11,3.959683849338054e-06,0.0,,
resolution_g32,32,allen_cahn,correct,mechanistic,,test,64,0,64,2.20833678792635e-12,1.9658081127724116e-12,2.4769099438426494e-12,1.4860473706872033e-06,0.0,,
resolution_g32,32,allen_cahn,correct,mechanistic,,test,96,0,64,2.8494588976364417e-12,2.4875495739487383e-12,3.2519835400032667e-12,1.688034033316995e-06,0.0,,
resolution_g32,32,allen_cahn,correct,persistence,,ood,64,0,64,0.02256286905040239,0.014689232118627892,0.03218570915809188,0.1502094173159672,0.0,,
resolution_g32,32,allen_cahn,correct,persistence,,ood,96,0,64,0.028976578514335435,0.01929189879609194,0.040918417477004934,0.1702250819190152,0.0,,
resolution_g32,32,allen_cahn,correct,persistence,,test,64,0,64,0.03637705263326518,0.025479008178378927,0.04894360809260086,0.19072769236077172,0.0,,
resolution_g32,32,allen_cahn,correct,persistence,,test,96,0,64,0.04256250604356312,0.029917933019255917,0.05697020440585534,0.2063068250048047,0.0,,
resolution_g32,32,wave,coefficient,mechanistic,,ood,64,0,64,0.6947558091339374,0.6474430043887878,0.7430081245091855,0.8335201312109609,0.0,,
resolution_g32,32,wave,coefficient,mechanistic,,ood,96,0,64,0.8587808344307557,0.8004289178228704,0.9185921537531224,0.9267042863992567,0.0,,
resolution_g32,32,wave,coefficient,mechanistic,,test,64,0,64,0.4135517373198283,0.36900286194869364,0.4619468197493548,0.6430798840889274,0.0,,
resolution_g32,32,wave,coefficient,mechanistic,,test,96,0,64,0.6024088900437572,0.5430393277981532,0.6675901167045848,0.7761500435120501,0.0,,
resolution_g32,32,wave,coefficient,persistence,,ood,64,0,64,1.8752147405275537,1.7281581950554425,2.0350862930166103,1.3693848036719094,0.0,,
resolution_g32,32,wave,coefficient,persistence,,ood,96,0,64,1.6234940541526157,1.5092810315199698,1.7456162044229624,1.2741640609248934,0.0,,
resolution_g32,32,wave,coefficient,persistence,,test,64,0,64,1.803891878650063,1.630723470274144,1.995679740052698,1.3430904208764438,0.0,,
resolution_g32,32,wave,coefficient,persistence,,test,96,0,64,1.8723386242214701,1.6856888682741584,2.075322145456256,1.368334251643753,0.0,,
resolution_g32,32,wave,correct,mechanistic,,ood,64,0,64,2.7932736912067328e-09,2.4241100725193464e-09,3.173959604383119e-09,5.285143036102933e-05,0.0,,
resolution_g32,32,wave,correct,mechanistic,,ood,96,0,64,5.126741288686028e-09,4.482269146680588e-09,5.7980903809373365e-09,7.160126597125241e-05,0.0,,
resolution_g32,32,wave,correct,mechanistic,,test,64,0,64,1.1797122658245497e-10,8.89284316277022e-11,1.4955142823904198e-10,1.0861456006560767e-05,0.0,,
resolution_g32,32,wave,correct,mechanistic,,test,96,0,64,2.355786598454151e-10,1.8018255142201317e-10,2.9593702443862116e-10,1.5348571915504554e-05,0.0,,
resolution_g32,32,wave,correct,persistence,,ood,64,0,64,1.8752147405275537,1.7281581950554425,2.0350862930166103,1.3693848036719094,0.0,,
resolution_g32,32,wave,correct,persistence,,ood,96,0,64,1.6234940541526157,1.5092810315199698,1.7456162044229624,1.2741640609248934,0.0,,
resolution_g32,32,wave,correct,persistence,,test,64,0,64,1.803891878650063,1.630723470274144,1.995679740052698,1.3430904208764438,0.0,,
resolution_g32,32,wave,correct,persistence,,test,96,0,64,1.8723386242214701,1.6856888682741584,2.075322145456256,1.368334251643753,0.0,,
resolution_g64,64,advection_diffusion,coefficient,mechanistic,,ood,64,0,64,0.5866011770092996,0.47833205463300243,0.6970347426910206,0.765898933939263,0.0,,
resolution_g64,64,advection_diffusion,coefficient,mechanistic,,ood,96,0,64,0.6803637107522036,0.5561650671610369,0.8125273247924326,0.8248416276790373,0.0,,
resolution_g64,64,advection_diffusion,coefficient,mechanistic,,test,64,0,64,0.6843451949922859,0.5536766532615343,0.830032044992354,0.8272515911089479,0.0,,
resolution_g64,64,advection_diffusion,coefficient,mechanistic,,test,96,0,64,0.9744069063983882,0.7896734336330731,1.186746062633561,0.9871205126013683,0.0,,
resolution_g64,64,advection_diffusion,coefficient,persistence,,ood,64,0,64,1.3504375152134003,1.1602152502957097,1.5424774037022246,1.1620832651808564,0.0,,
resolution_g64,64,advection_diffusion,coefficient,persistence,,ood,96,0,64,1.3387318541151294,1.16038901067393,1.5155658577694775,1.1570358050272815,0.0,,
resolution_g64,64,advection_diffusion,coefficient,persistence,,test,64,0,64,2.284433657603188,1.8571269681167693,2.7661079622338915,1.5114343047592866,0.0,,
resolution_g64,64,advection_diffusion,coefficient,persistence,,test,96,0,64,2.2838037694021978,1.9103062304696095,2.7017646490083496,1.5112259160701942,0.0,,
resolution_g64,64,advection_diffusion,correct,mechanistic,,ood,64,0,64,1.4087050288203623e-12,1.0980975422763359e-12,1.732504814754138e-12,1.1868888022137382e-06,0.0,,
resolution_g64,64,advection_diffusion,correct,mechanistic,,ood,96,0,64,2.1311640766080192e-12,1.613822105655797e-12,2.6995165663947095e-12,1.4598507035337618e-06,0.0,,
resolution_g64,64,advection_diffusion,correct,mechanistic,,test,64,0,64,2.9301991684989413e-12,2.0791952759899267e-12,3.91641114234012e-12,1.711782453613467e-06,0.0,,
resolution_g64,64,advection_diffusion,correct,mechanistic,,test,96,0,64,5.076716209261053e-12,3.4327015762153034e-12,6.966124128693122e-12,2.2531569428828194e-06,0.0,,
resolution_g64,64,advection_diffusion,correct,persistence,,ood,64,0,64,1.3504375152134003,1.1602152502957097,1.5424774037022246,1.1620832651808564,0.0,,
resolution_g64,64,advection_diffusion,correct,persistence,,ood,96,0,64,1.3387318541151294,1.16038901067393,1.5155658577694775,1.1570358050272815,0.0,,
resolution_g64,64,advection_diffusion,correct,persistence,,test,64,0,64,2.284433657603188,1.8571269681167693,2.7661079622338915,1.5114343047592866,0.0,,
resolution_g64,64,advection_diffusion,correct,persistence,,test,96,0,64,2.2838037694021978,1.9103062304696095,2.7017646490083496,1.5112259160701942,0.0,,
resolution_g64,64,allen_cahn,coefficient,mechanistic,,ood,64,0,64,0.00453687570660577,0.0034081645429144382,0.006755664508159143,0.06735633382693694,0.0,,
resolution_g64,64,allen_cahn,coefficient,mechanistic,,ood,96,0,64,0.004276016600783805,0.0035120829811169448,0.005767592493483656,0.06539125783148543,0.0,,
resolution_g64,64,allen_cahn,coefficient,mechanistic,,test,64,0,64,0.005892335089258793,0.0034991490176598194,0.010164626373259364,0.07676154694414902,0.0,,
resolution_g64,64,allen_cahn,coefficient,mechanistic,,test,96,0,64,0.006197829078067466,0.003598119039822745,0.010963937769569,0.07872629216511766,0.0,,
resolution_g64,64,allen_cahn,coefficient,persistence,,ood,64,0,64,0.022577522686336393,0.014836326670939991,0.03280289427952705,0.15025818675312302,0.0,,
resolution_g64,64,allen_cahn,coefficient,persistence,,ood,96,0,64,0.0290087062832447,0.0193619793819958,0.04158352977092972,0.1703194242687683,0.0,,
resolution_g64,64,allen_cahn,coefficient,persistence,,test,64,0,64,0.03637508842426662,0.025670382517104316,0.04897064280649148,0.19072254304163055,0.0,,
resolution_g64,64,allen_cahn,coefficient,persistence,,test,96,0,64,0.04256801557770137,0.030231273836364043,0.05700970788725669,0.20632017734022373,0.0,,
resolution_g64,64,allen_cahn,correct,mechanistic,,ood,64,0,64,1.560791677954801e-11,1.3497764092014591e-11,1.8014210897363328e-11,3.950685608796023e-06,0.0,,
resolution_g64,64,allen_cahn,correct,mechanistic,,ood,96,0,64,1.4585245588120035e-11,1.279923039823975e-11,1.6535333964949197e-11,3.819063443845891e-06,0.0,,
resolution_g64,64,allen_cahn,correct,mechanistic,,test,64,0,64,1.7511839457505798e-12,1.5450672416779045e-12,1.9754699079157733e-12,1.3233230693034032e-06,0.0,,
resolution_g64,64,allen_cahn,correct,mechanistic,,test,96,0,64,1.8972465293115697e-12,1.6798819243003975e-12,2.1309126817594633e-12,1.3774057242917098e-06,0.0,,
resolution_g64,64,allen_cahn,correct,persistence,,ood,64,0,64,0.022577522686336393,0.014836326670939991,0.03280289427952705,0.15025818675312302,0.0,,
resolution_g64,64,allen_cahn,correct,persistence,,ood,96,0,64,0.0290087062832447,0.0193619793819958,0.04158352977092972,0.1703194242687683,0.0,,
resolution_g64,64,allen_cahn,correct,persistence,,test,64,0,64,0.03637508842426662,0.025670382517104316,0.04897064280649148,0.19072254304163055,0.0,,
resolution_g64,64,allen_cahn,correct,persistence,,test,96,0,64,0.04256801557770137,0.030231273836364043,0.05700970788725669,0.20632017734022373,0.0,,
resolution_g64,64,wave,coefficient,mechanistic,,ood,64,0,64,0.6947534594580134,0.6493994500738992,0.7420659886295112,0.8335187217201623,0.0,,
resolution_g64,64,wave,coefficient,mechanistic,,ood,96,0,64,0.858781234627827,0.8011353283624213,0.9184328219945502,0.9267045023241373,0.0,,
resolution_g64,64,wave,coefficient,mechanistic,,test,64,0,64,0.4135507871999593,0.36878896557586993,0.4615024080586,0.6430791453623413,0.0,,
resolution_g64,64,wave,coefficient,mechanistic,,test,96,0,64,0.6024084244820027,0.5411121083569984,0.6676602342929333,0.7761497435946254,0.0,,
resolution_g64,64,wave,coefficient,persistence,,ood,64,0,64,1.875214651628312,1.7261139429724097,2.035263314971053,1.3693847712123544,0.0,,
resolution_g64,64,wave,coefficient,persistence,,ood,96,0,64,1.623493956384512,1.5068676958799263,1.7456378883513894,1.2741640225593063,0.0,,
resolution_g64,64,wave,coefficient,persistence,,test,64,0,64,1.803891884386644,1.6236733109574473,1.9969634388888096,1.343090423012034,0.0,,
resolution_g64,64,wave,coefficient,persistence,,test,96,0,64,1.8723386298745481,1.6844239834027965,2.077476862028639,1.368334253709432,0.0,,
resolution_g64,64,wave,correct,mechanistic,,ood,64,0,64,1.5989339094200027e-11,1.4347117116761523e-11,1.7681108476418325e-11,3.998667164718768e-06,0.0,,
resolution_g64,64,wave,correct,mechanistic,,ood,96,0,64,2.592780379906504e-11,2.3258507871234384e-11,2.8694782264193068e-11,5.091935172315634e-06,0.0,,
resolution_g64,64,wave,correct,mechanistic,,test,64,0,64,4.457002186911351e-12,3.825462790917661e-12,5.149146391790135e-12,2.1111613360686937e-06,0.0,,
resolution_g64,64,wave,correct,mechanistic,,test,96,0,64,6.179649647545887e-12,5.371212653436786e-12,7.063463288753415e-12,2.485890111719721e-06,0.0,,
resolution_g64,64,wave,correct,persistence,,ood,64,0,64,1.875214651628312,1.7261139429724097,2.035263314971053,1.3693847712123544,0.0,,
resolution_g64,64,wave,correct,persistence,,ood,96,0,64,1.623493956384512,1.5068676958799263,1.7456378883513894,1.2741640225593063,0.0,,
resolution_g64,64,wave,correct,persistence,,test,64,0,64,1.803891884386644,1.6236733109574473,1.9969634388888096,1.343090423012034,0.0,,
resolution_g64,64,wave,correct,persistence,,test,96,0,64,1.8723386298745481,1.6844239834027965,2.077476862028639,1.368334253709432,0.0,,
selector_g64,64,cahn_hilliard,coefficient,mechanistic,,ood,64,0,64,0.07848085846743125,0.062153278959810355,0.0997510965966777,0.28014435291012246,0.0,,
selector_g64,64,cahn_hilliard,coefficient,mechanistic,,ood,96,0,64,0.07536813599307497,0.055478281120951996,0.10318990593861484,0.27453257728924446,0.0,,
selector_g64,64,cahn_hilliard,coefficient,mechanistic,,test,64,0,64,0.11407906138970425,0.09267244150149821,0.13740451436904288,0.3377559198440558,0.0,,
selector_g64,64,cahn_hilliard,coefficient,mechanistic,,test,96,0,64,0.13394798441565214,0.10384525793884532,0.1681321877224221,0.365989049584345,0.0,,
selector_g64,64,cahn_hilliard,coefficient,persistence,,ood,64,0,64,0.21190483106085223,0.20351361317047448,0.22033531619979466,0.4603312188640395,0.0,,
selector_g64,64,cahn_hilliard,coefficient,persistence,,ood,96,0,64,0.367279280683649,0.35709849884859307,0.3780039309452372,0.6060357090829294,0.0,,
selector_g64,64,cahn_hilliard,coefficient,persistence,,test,64,0,64,0.10231210217426945,0.09343961829232282,0.11116824630441492,0.31986263016218297,0.0,,
selector_g64,64,cahn_hilliard,coefficient,persistence,,test,96,0,64,0.2273814125806381,0.21275301451946585,0.2415999037173591,0.4768452711107012,0.0,,
selector_g64,64,cahn_hilliard,correct,mechanistic,,ood,64,0,64,7.10217453259105e-12,5.9209361106760774e-12,8.349819303410452e-12,2.6649905314261532e-06,0.0,,
selector_g64,64,cahn_hilliard,correct,mechanistic,,ood,96,0,64,9.851209261785439e-12,8.402052138781323e-12,1.1398393715886024e-11,3.1386636108040376e-06,0.0,,
selector_g64,64,cahn_hilliard,correct,mechanistic,,test,64,0,64,3.0924970280116437e-12,2.4405912511168854e-12,3.785933256525694e-12,1.7585496944959059e-06,0.0,,
selector_g64,64,cahn_hilliard,correct,mechanistic,,test,96,0,64,6.596604439046001e-12,5.284104972647516e-12,7.934929752412157e-12,2.568385570557116e-06,0.0,,
selector_g64,64,cahn_hilliard,correct,persistence,,ood,64,0,64,0.21190483106085223,0.20351361317047448,0.22033531619979466,0.4603312188640395,0.0,,
selector_g64,64,cahn_hilliard,correct,persistence,,ood,96,0,64,0.367279280683649,0.35709849884859307,0.3780039309452372,0.6060357090829294,0.0,,
selector_g64,64,cahn_hilliard,correct,persistence,,test,64,0,64,0.10231210217426945,0.09343961829232282,0.11116824630441492,0.31986263016218297,0.0,,
selector_g64,64,cahn_hilliard,correct,persistence,,test,96,0,64,0.2273814125806381,0.21275301451946585,0.2415999037173591,0.4768452711107012,0.0,,
selector_g64,64,cahn_hilliard,structural,mechanistic,,ood,64,0,64,0.7086269936451364,0.5606485763118003,0.8796902750041883,0.8417998536737438,0.0,,
selector_g64,64,cahn_hilliard,structural,mechanistic,,ood,96,0,64,6.564238334727499,5.03283842552467,8.465822847034728,2.5620769572219135,0.0,,
selector_g64,64,cahn_hilliard,structural,mechanistic,,test,64,0,64,0.2673796713480453,0.16461764179085972,0.40585313984807936,0.5170876824563173,0.0,,
selector_g64,64,cahn_hilliard,structural,mechanistic,,test,96,0,64,2.380389824394176,1.1735464924857373,4.2076491925110835,1.5428511996930152,0.0,,
selector_g64,64,cahn_hilliard,structural,persistence,,ood,64,0,64,0.21190483106085223,0.20351361317047448,0.22033531619979466,0.4603312188640395,0.0,,
selector_g64,64,cahn_hilliard,structural,persistence,,ood,96,0,64,0.367279280683649,0.35709849884859307,0.3780039309452372,0.6060357090829294,0.0,,
selector_g64,64,cahn_hilliard,structural,persistence,,test,64,0,64,0.10231210217426945,0.09343961829232282,0.11116824630441492,0.31986263016218297,0.0,,
selector_g64,64,cahn_hilliard,structural,persistence,,test,96,0,64,0.2273814125806381,0.21275301451946585,0.2415999037173591,0.4768452711107012,0.0,,
selector_g64,64,fitzhugh_nagumo,coefficient,mechanistic,,ood,64,0,64,0.019872867267123784,0.0179418095432493,0.022003246667516515,0.14097115757176637,0.0,,
selector_g64,64,fitzhugh_nagumo,coefficient,mechanistic,,ood,96,0,64,0.02390420692788009,0.021615293209343057,0.02630838569858757,0.15460985391584875,0.0,,
selector_g64,64,fitzhugh_nagumo,coefficient,mechanistic,,test,64,0,64,0.03141501721936013,0.026632456643883473,0.03668811935407516,0.17724281993739585,0.0,,
selector_g64,64,fitzhugh_nagumo,coefficient,mechanistic,,test,96,0,64,0.033145908145173195,0.028618122691678995,0.03806401607329517,0.18206017726337959,0.0,,
selector_g64,64,fitzhugh_nagumo,coefficient,persistence,,ood,64,0,64,1.7552344142102498,1.6605510611470973,1.850375734957352,1.3248526009372703,0.0,,
selector_g64,64,fitzhugh_nagumo,coefficient,persistence,,ood,96,0,64,2.3281262777895884,2.189853778283546,2.467283421797354,1.5258198706890629,0.0,,
selector_g64,64,fitzhugh_nagumo,coefficient,persistence,,test,64,0,64,1.3374970532242827,1.2698045659340362,1.4091311949124201,1.1565020766190965,0.0,,
selector_g64,64,fitzhugh_nagumo,coefficient,persistence,,test,96,0,64,2.098361058990264,1.9868583762930694,2.2099578186208584,1.4485720758699803,0.0,,
selector_g64,64,fitzhugh_nagumo,correct,mechanistic,,ood,64,0,64,4.136085975322065e-11,3.713966535938174e-11,4.5567728516893156e-11,6.431240918611326e-06,0.0,,
selector_g64,64,fitzhugh_nagumo,correct,mechanistic,,ood,96,0,64,3.2082528927591556e-11,2.8860527332989176e-11,3.529533134038226e-11,5.664144147847189e-06,0.0,,
selector_g64,64,fitzhugh_nagumo,correct,mechanistic,,test,64,0,64,3.6728313592948177e-11,3.3149418401340986e-11,4.05657937657558e-11,6.060388897830582e-06,0.0,,
selector_g64,64,fitzhugh_nagumo,correct,mechanistic,,test,96,0,64,3.9303792654183866e-11,3.580288934467976e-11,4.2777030074259795e-11,6.269273694311317e-06,0.0,,
selector_g64,64,fitzhugh_nagumo,correct,persistence,,ood,64,0,64,1.7552344142102498,1.6605510611470973,1.850375734957352,1.3248526009372703,0.0,,
selector_g64,64,fitzhugh_nagumo,correct,persistence,,ood,96,0,64,2.3281262777895884,2.189853778283546,2.467283421797354,1.5258198706890629,0.0,,
selector_g64,64,fitzhugh_nagumo,correct,persistence,,test,64,0,64,1.3374970532242827,1.2698045659340362,1.4091311949124201,1.1565020766190965,0.0,,
selector_g64,64,fitzhugh_nagumo,correct,persistence,,test,96,0,64,2.098361058990264,1.9868583762930694,2.2099578186208584,1.4485720758699803,0.0,,
selector_g64,64,fitzhugh_nagumo,structural,mechanistic,,ood,64,0,64,2.61533095004755,2.370162574842828,2.8586483300345065,1.6171984881416226,0.0,,
selector_g64,64,fitzhugh_nagumo,structural,mechanistic,,ood,96,0,64,4.212883355218301,3.7989889309312073,4.612884179008304,2.0525309632788247,0.0,,
selector_g64,64,fitzhugh_nagumo,structural,mechanistic,,test,64,0,64,1.6198745177830176,1.5061958530918858,1.7398647555789322,1.2727429111108879,0.0,,
selector_g64,64,fitzhugh_nagumo,structural,mechanistic,,test,96,0,64,3.1023666565697376,2.8911231745103128,3.3155238177963127,1.7613536432442343,0.0,,
selector_g64,64,fitzhugh_nagumo,structural,persistence,,ood,64,0,64,1.7552344142102498,1.6605510611470973,1.850375734957352,1.3248526009372703,0.0,,
selector_g64,64,fitzhugh_nagumo,structural,persistence,,ood,96,0,64,2.3281262777895884,2.189853778283546,2.467283421797354,1.5258198706890629,0.0,,
selector_g64,64,fitzhugh_nagumo,structural,persistence,,test,64,0,64,1.3374970532242827,1.2698045659340362,1.4091311949124201,1.1565020766190965,0.0,,
selector_g64,64,fitzhugh_nagumo,structural,persistence,,test,96,0,64,2.098361058990264,1.9868583762930694,2.2099578186208584,1.4485720758699803,0.0,,
