stage,grid,family,prior,kind,arm,n_seeds,parameter_count,mean_training_validation_seconds,mean_setup_plus_training_plus_bank_seconds,median_inference_ms_per_step,min_inference_ms,max_inference_ms,latency_scope,cost_scope
development,32,advection_diffusion,coefficient,fno,iid,6,209985,42.15209199495924,43.51371406352458,1.2630178360268474,1.2466285144910216,1.3124844525009394,"Measured batch one; 5 warmups, one block of 20 forwards, synchronized CUDA; input transfers excluded.","Fixed-choice route; common reference-data generation, evaluation, and development search excluded. Shared bank construction includes every augmentation arm."
development,32,advection_diffusion,coefficient,fno,none,6,209985,24.847697846746694,24.881939032968756,1.2434787931852043,1.2287385296076536,1.2746815802529454,"Measured batch one; 5 warmups, one block of 20 forwards, synchronized CUDA; input transfers excluded.","Fixed-choice route; common reference-data generation, evaluation, and development search excluded. Shared bank construction includes every augmentation arm."
development,32,advection_diffusion,coefficient,fno,response_matched,6,209985,41.94662354762355,43.3085017791794,1.2301050242967904,1.2273780535906553,1.3134910492226481,"Measured batch one; 5 warmups, one block of 20 forwards, synchronized CUDA; input transfers excluded.","Fixed-choice route; common reference-data generation, evaluation, and development search excluded. Shared bank construction includes every augmentation arm."
development,32,advection_diffusion,coefficient,fno,smooth,6,209985,42.259653414289154,43.62127066155275,1.243226311635226,1.2351800920441747,1.2880294350907207,"Measured batch one; 5 warmups, one block of 20 forwards, synchronized CUDA; input transfers excluded.","Fixed-choice route; common reference-data generation, evaluation, and development search excluded. Shared bank construction includes every augmentation arm."
development,32,advection_diffusion,coefficient,looped,iid,6,34049,70.35288086471458,71.7188390319546,1.5433653490617871,1.5233305981382728,1.5712035354226828,"Measured batch one; 5 warmups, one block of 20 forwards, synchronized CUDA; input transfers excluded.","Fixed-choice route; common reference-data generation, evaluation, and development search excluded. Shared bank construction includes every augmentation arm."
development,32,advection_diffusion,coefficient,looped,none,6,34049,39.358808988860496,39.39760175145542,1.5390768297947943,1.5259395819157362,1.610389119014144,"Measured batch one; 5 warmups, one block of 20 forwards, synchronized CUDA; input transfers excluded.","Fixed-choice route; common reference-data generation, evaluation, and development search excluded. Shared bank construction includes every augmentation arm."
development,32,advection_diffusion,coefficient,looped,response_matched,6,34049,70.26036299555562,71.62623201667641,1.53994660358876,1.5257145510986447,1.5575115568935871,"Measured batch one; 5 warmups, one block of 20 forwards, synchronized CUDA; input transfers excluded.","Fixed-choice route; common reference-data generation, evaluation, and development search excluded. Shared bank construction includes every augmentation arm."
development,32,advection_diffusion,coefficient,looped,smooth,6,34049,70.07274281202506,71.43901466329892,1.5425625606440008,1.5384300611913204,1.5802905894815922,"Measured batch one; 5 warmups, one block of 20 forwards, synchronized CUDA; input transfers excluded.","Fixed-choice route; common reference-data generation, evaluation, and development search excluded. Shared bank construction includes every augmentation arm."
development,32,advection_diffusion,coefficient,transformer,iid,6,100993,72.77893490980689,74.14889250090346,1.5341021004132926,1.5307550551369786,1.5366210602223873,"Measured batch one; 5 warmups, one block of 20 forwards, synchronized CUDA; input transfers excluded.","Fixed-choice route; common reference-data generation, evaluation, and development search excluded. Shared bank construction includes every augmentation arm."
development,32,advection_diffusion,coefficient,transformer,none,6,100993,42.78361937085477,42.82592737100398,1.5332015813328326,1.5311040915548801,1.537341601215303,"Measured batch one; 5 warmups, one block of 20 forwards, synchronized CUDA; input transfers excluded.","Fixed-choice route; common reference-data generation, evaluation, and development search excluded. Shared bank construction includes every augmentation arm."
development,32,advection_diffusion,coefficient,transformer,response_matched,6,100993,73.23333207556668,74.6032719433618,1.5334005933254957,1.51515060570091,1.5378570416942239,"Measured batch one; 5 warmups, one block of 20 forwards, synchronized CUDA; input transfers excluded.","Fixed-choice route; common reference-data generation, evaluation, and development search excluded. Shared bank construction includes every augmentation arm."
development,32,advection_diffusion,coefficient,transformer,smooth,6,100993,74.02974590542726,75.3994480384669,1.5343170729465783,1.53115454595536,1.5365565894171596,"Measured batch one; 5 warmups, one block of 20 forwards, synchronized CUDA; input transfers excluded.","Fixed-choice route; common reference-data generation, evaluation, and development search excluded. Shared bank construction includes every augmentation arm."
development,32,advection_diffusion,correct,fno,iid,6,209985,41.913991620686524,43.329350356090195,1.26599483191967,1.2418115511536598,1.2897975509986281,"Measured batch one; 5 warmups, one block of 20 forwards, synchronized CUDA; input transfers excluded.","Fixed-choice route; common reference-data generation, evaluation, and development search excluded. Shared bank construction includes every augmentation arm."
development,32,advection_diffusion,correct,fno,none,6,209985,25.358475003701944,25.392690100939944,1.25926632899791,1.247180555947125,1.2786826118826866,"Measured batch one; 5 warmups, one block of 20 forwards, synchronized CUDA; input transfers excluded.","Fixed-choice route; common reference-data generation, evaluation, and development search excluded. Shared bank construction includes every augmentation arm."
development,32,advection_diffusion,correct,fno,response_matched,6,209985,41.65945835178718,43.07475024772187,1.2468260945752263,1.244359603151679,1.3903521001338959,"Measured batch one; 5 warmups, one block of 20 forwards, synchronized CUDA; input transfers excluded.","Fixed-choice route; common reference-data generation, evaluation, and development search excluded. Shared bank construction includes every augmentation arm."
development,32,advection_diffusion,correct,fno,smooth,6,209985,41.77893476296837,43.19431246646369,1.2501598452217877,1.2450935551896691,1.278586545959115,"Measured batch one; 5 warmups, one block of 20 forwards, synchronized CUDA; input transfers excluded.","Fixed-choice route; common reference-data generation, evaluation, and development search excluded. Shared bank construction includes every augmentation arm."
development,32,advection_diffusion,correct,looped,iid,6,34049,69.99603867034118,71.41556914810401,1.5392183559015393,1.5259560896083713,1.542094093747437,"Measured batch one; 5 warmups, one block of 20 forwards, synchronized CUDA; input transfers excluded.","Fixed-choice route; common reference-data generation, evaluation, and development search excluded. Shared bank construction includes every augmentation arm."
development,32,advection_diffusion,correct,looped,none,6,34049,39.04703431444553,39.085240431207545,1.5399115975014865,1.5357850585132837,1.5459411079064012,"Measured batch one; 5 warmups, one block of 20 forwards, synchronized CUDA; input transfers excluded.","Fixed-choice route; common reference-data generation, evaluation, and development search excluded. Shared bank construction includes every augmentation arm."
development,32,advection_diffusion,correct,looped,response_matched,6,34049,69.97939420336236,71.3990755409468,1.5375075512565672,1.5370815992355347,1.5432100975885987,"Measured batch one; 5 warmups, one block of 20 forwards, synchronized CUDA; input transfers excluded.","Fixed-choice route; common reference-data generation, evaluation, and development search excluded. Shared bank construction includes every augmentation arm."
development,32,advection_diffusion,correct,looped,smooth,6,34049,69.93041624121058,71.35016499886599,1.5397191047668457,1.535919588059187,1.5476101078093052,"Measured batch one; 5 warmups, one block of 20 forwards, synchronized CUDA; input transfers excluded.","Fixed-choice route; common reference-data generation, evaluation, and development search excluded. Shared bank construction includes every augmentation arm."
development,32,advection_diffusion,correct,transformer,iid,6,100993,72.33967783891906,73.76297706109472,1.5483743511140347,1.5348190907388926,1.578280096873641,"Measured batch one; 5 warmups, one block of 20 forwards, synchronized CUDA; input transfers excluded.","Fixed-choice route; common reference-data generation, evaluation, and development search excluded. Shared bank construction includes every augmentation arm."
development,32,advection_diffusion,correct,transformer,none,6,100993,42.67953908645237,42.722266539620854,1.5533850877545774,1.5474710380658507,1.5915530966594815,"Measured batch one; 5 warmups, one block of 20 forwards, synchronized CUDA; input transfers excluded.","Fixed-choice route; common reference-data generation, evaluation, and development search excluded. Shared bank construction includes every augmentation arm."
development,32,advection_diffusion,correct,transformer,response_matched,6,100993,72.95189055451192,74.37513144073698,1.543921569827944,1.53253055177629,1.5723325312137604,"Measured batch one; 5 warmups, one block of 20 forwards, synchronized CUDA; input transfers excluded.","Fixed-choice route; common reference-data generation, evaluation, and development search excluded. Shared bank construction includes every augmentation arm."
development,32,advection_diffusion,correct,transformer,smooth,6,100993,72.88749042750958,74.31129602420454,1.556385587900877,1.5464951051399112,1.5764865558594465,"Measured batch one; 5 warmups, one block of 20 forwards, synchronized CUDA; input transfers excluded.","Fixed-choice route; common reference-data generation, evaluation, and development search excluded. Shared bank construction includes every augmentation arm."
development,32,allen_cahn,coefficient,fno,iid,6,209985,41.970619364796825,44.899466254748404,1.238400221336633,1.2229364598169923,1.312537444755435,"Measured batch one; 5 warmups, one block of 20 forwards, synchronized CUDA; input transfers excluded.","Fixed-choice route; common reference-data generation, evaluation, and development search excluded. Shared bank construction includes every augmentation arm."
development,32,allen_cahn,coefficient,fno,none,6,209985,24.77128365286626,24.80513102320644,1.242835191078484,1.223480491898954,1.2622904498130083,"Measured batch one; 5 warmups, one block of 20 forwards, synchronized CUDA; input transfers excluded.","Fixed-choice route; common reference-data generation, evaluation, and development search excluded. Shared bank construction includes every augmentation arm."
development,32,allen_cahn,coefficient,fno,response_matched,6,209985,42.17218142383111,45.10113978626517,1.2430222006514668,1.2250595027580857,1.2652284931391478,"Measured batch one; 5 warmups, one block of 20 forwards, synchronized CUDA; input transfers excluded.","Fixed-choice route; common reference-data generation, evaluation, and development search excluded. Shared bank construction includes every augmentation arm."
development,32,allen_cahn,coefficient,fno,smooth,6,209985,42.249166880501434,45.177906030711405,1.2522101984359324,1.2217029463499784,1.267828932031989,"Measured batch one; 5 warmups, one block of 20 forwards, synchronized CUDA; input transfers excluded.","Fixed-choice route; common reference-data generation, evaluation, and development search excluded. Shared bank construction includes every augmentation arm."
development,32,allen_cahn,coefficient,looped,iid,6,34049,70.21883572288789,73.15220788920608,1.5392142231576145,1.5323704574257135,1.543311937712133,"Measured batch one; 5 warmups, one block of 20 forwards, synchronized CUDA; input transfers excluded.","Fixed-choice route; common reference-data generation, evaluation, and development search excluded. Shared bank construction includes every augmentation arm."
development,32,allen_cahn,coefficient,looped,none,6,34049,38.45743158824431,38.49564117022479,1.579642458818853,1.5378379495814443,1.5858684433624148,"Measured batch one; 5 warmups, one block of 20 forwards, synchronized CUDA; input transfers excluded.","Fixed-choice route; common reference-data generation, evaluation, and development search excluded. Shared bank construction includes every augmentation arm."
development,32,allen_cahn,coefficient,looped,response_matched,6,34049,69.89342529846665,72.82716873831426,1.5385342063382268,1.5340009471401572,1.5466829529032111,"Measured batch one; 5 warmups, one block of 20 forwards, synchronized CUDA; input transfers excluded.","Fixed-choice route; common reference-data generation, evaluation, and development search excluded. Shared bank construction includes every augmentation arm."
development,32,allen_cahn,coefficient,looped,smooth,6,34049,69.91731476108544,72.85081668927644,1.5755006927065551,1.5207839896902442,1.6690399497747421,"Measured batch one; 5 warmups, one block of 20 forwards, synchronized CUDA; input transfers excluded.","Fixed-choice route; common reference-data generation, evaluation, and development search excluded. Shared bank construction includes every augmentation arm."
development,32,allen_cahn,coefficient,transformer,iid,6,100993,73.28118235509221,76.21823070912312,1.5384624479338527,1.5294694574549794,1.567957946099341,"Measured batch one; 5 warmups, one block of 20 forwards, synchronized CUDA; input transfers excluded.","Fixed-choice route; common reference-data generation, evaluation, and development search excluded. Shared bank construction includes every augmentation arm."
development,32,allen_cahn,coefficient,transformer,none,6,100993,42.638597640752174,42.6810622313836,1.532376476097852,1.5294329496100545,1.7238854663446546,"Measured batch one; 5 warmups, one block of 20 forwards, synchronized CUDA; input transfers excluded.","Fixed-choice route; common reference-data generation, evaluation, and development search excluded. Shared bank construction includes every augmentation arm."
development,32,allen_cahn,coefficient,transformer,response_matched,6,100993,72.60890028827514,75.54609718879995,1.5312616946175694,1.517323451116681,1.5646694460883737,"Measured batch one; 5 warmups, one block of 20 forwards, synchronized CUDA; input transfers excluded.","Fixed-choice route; common reference-data generation, evaluation, and development search excluded. Shared bank construction includes every augmentation arm."
development,32,allen_cahn,coefficient,transformer,smooth,6,100993,73.01240397834529,75.94950823214215,1.5370319713838398,1.5319609548896551,1.6433929558843374,"Measured batch one; 5 warmups, one block of 20 forwards, synchronized CUDA; input transfers excluded.","Fixed-choice route; common reference-data generation, evaluation, and development search excluded. Shared bank construction includes every augmentation arm."
development,32,allen_cahn,correct,fno,iid,6,209985,42.024380051065236,44.94385312350156,1.2436234625056386,1.2386519461870193,1.2936909915879369,"Measured batch one; 5 warmups, one block of 20 forwards, synchronized CUDA; input transfers excluded.","Fixed-choice route; common reference-data generation, evaluation, and development search excluded. Shared bank construction includes every augmentation arm."
development,32,allen_cahn,correct,fno,none,6,209985,25.01461238095847,25.048850260131683,1.255962229333818,1.2333905091509223,1.2836199486628175,"Measured batch one; 5 warmups, one block of 20 forwards, synchronized CUDA; input transfers excluded.","Fixed-choice route; common reference-data generation, evaluation, and development search excluded. Shared bank construction includes every augmentation arm."
development,32,allen_cahn,correct,fno,response_matched,6,209985,41.84448352696685,44.7639262622688,1.2604435090906918,1.2394239660352468,1.5183639945462346,"Measured batch one; 5 warmups, one block of 20 forwards, synchronized CUDA; input transfers excluded.","Fixed-choice route; common reference-data generation, evaluation, and development search excluded. Shared bank construction includes every augmentation arm."
development,32,allen_cahn,correct,fno,smooth,6,209985,41.734554222552106,44.6540730377504,1.244509732350707,1.240948447957635,1.2750174617394805,"Measured batch one; 5 warmups, one block of 20 forwards, synchronized CUDA; input transfers excluded.","Fixed-choice route; common reference-data generation, evaluation, and development search excluded. Shared bank construction includes every augmentation arm."
development,32,allen_cahn,correct,looped,iid,6,34049,70.14937950957876,73.07319082583611,1.5376577386632562,1.520104450173676,1.5668274369090796,"Measured batch one; 5 warmups, one block of 20 forwards, synchronized CUDA; input transfers excluded.","Fixed-choice route; common reference-data generation, evaluation, and development search excluded. Shared bank construction includes every augmentation arm."
development,32,allen_cahn,correct,looped,none,6,34049,38.82971056799094,38.868256478880845,1.539204001892358,1.5350884525105357,1.5449154423549771,"Measured batch one; 5 warmups, one block of 20 forwards, synchronized CUDA; input transfers excluded.","Fixed-choice route; common reference-data generation, evaluation, and development search excluded. Shared bank construction includes every augmentation arm."
development,32,allen_cahn,correct,looped,response_matched,6,34049,68.91778680806358,71.84220966673456,1.5388821950182319,1.5354714589193463,1.547755510546267,"Measured batch one; 5 warmups, one block of 20 forwards, synchronized CUDA; input transfers excluded.","Fixed-choice route; common reference-data generation, evaluation, and development search excluded. Shared bank construction includes every augmentation arm."
development,32,allen_cahn,correct,looped,smooth,6,34049,69.88395280018449,72.80796073268478,1.5408949460834265,1.5240814536809921,1.549209514632821,"Measured batch one; 5 warmups, one block of 20 forwards, synchronized CUDA; input transfers excluded.","Fixed-choice route; common reference-data generation, evaluation, and development search excluded. Shared bank construction includes every augmentation arm."
development,32,allen_cahn,correct,transformer,iid,6,100993,73.29804506346893,76.22563881551226,1.5369217260740697,1.5322109451517463,1.6181389335542917,"Measured batch one; 5 warmups, one block of 20 forwards, synchronized CUDA; input transfers excluded.","Fixed-choice route; common reference-data generation, evaluation, and development search excluded. Shared bank construction includes every augmentation arm."
development,32,allen_cahn,correct,transformer,none,6,100993,42.94276600400917,42.98502013863375,1.57662722049281,1.5535024460405111,1.6464939806610346,"Measured batch one; 5 warmups, one block of 20 forwards, synchronized CUDA; input transfers excluded.","Fixed-choice route; common reference-data generation, evaluation, and development search excluded. Shared bank construction includes every augmentation arm."
development,32,allen_cahn,correct,transformer,response_matched,6,100993,72.54323337902315,75.47071919745456,1.5397784882225096,1.5230949502438307,1.5635964926332235,"Measured batch one; 5 warmups, one block of 20 forwards, synchronized CUDA; input transfers excluded.","Fixed-choice route; common reference-data generation, evaluation, and development search excluded. Shared bank construction includes every augmentation arm."
development,32,allen_cahn,correct,transformer,smooth,6,100993,72.62630665434214,75.5537157941144,1.578070712275803,1.5335794538259506,1.6350754536688328,"Measured batch one; 5 warmups, one block of 20 forwards, synchronized CUDA; input transfers excluded.","Fixed-choice route; common reference-data generation, evaluation, and development search excluded. Shared bank construction includes every augmentation arm."
development,32,burgers,coefficient,fno,iid,6,209985,41.83530970608505,44.92205141973682,1.2587503297254443,1.2520990567281842,1.3602416031062603,"Measured batch one; 5 warmups, one block of 20 forwards, synchronized CUDA; input transfers excluded.","Fixed-choice route; common reference-data generation, evaluation, and development search excluded. Shared bank construction includes every augmentation arm."
development,32,burgers,coefficient,fno,none,6,209985,25.063914816748973,25.097965341992676,1.29736257949844,1.2390260584652424,1.348851597867906,"Measured batch one; 5 warmups, one block of 20 forwards, synchronized CUDA; input transfers excluded.","Fixed-choice route; common reference-data generation, evaluation, and development search excluded. Shared bank construction includes every augmentation arm."
development,32,burgers,coefficient,fno,response_matched,6,209985,41.867022273984425,44.95388159629268,1.307970064226538,1.25085455365479,1.3463206123560667,"Measured batch one; 5 warmups, one block of 20 forwards, synchronized CUDA; input transfers excluded.","Fixed-choice route; common reference-data generation, evaluation, and development search excluded. Shared bank construction includes every augmentation arm."
development,32,burgers,coefficient,fno,smooth,6,209985,41.6963123138994,44.783142329271264,1.2744765845127404,1.2395810568705201,1.3508216012269258,"Measured batch one; 5 warmups, one block of 20 forwards, synchronized CUDA; input transfers excluded.","Fixed-choice route; common reference-data generation, evaluation, and development search excluded. Shared bank construction includes every augmentation arm."
development,32,burgers,coefficient,looped,iid,6,34049,69.08306386927143,72.1738682622866,1.5383370337076485,1.5376891009509563,1.5424511162564158,"Measured batch one; 5 warmups, one block of 20 forwards, synchronized CUDA; input transfers excluded.","Fixed-choice route; common reference-data generation, evaluation, and development search excluded. Shared bank construction includes every augmentation arm."
development,32,burgers,coefficient,looped,none,6,34049,39.012222901297115,39.05039693089202,1.5649137669242918,1.5316046075895429,1.615045894868672,"Measured batch one; 5 warmups, one block of 20 forwards, synchronized CUDA; input transfers excluded.","Fixed-choice route; common reference-data generation, evaluation, and development search excluded. Shared bank construction includes every augmentation arm."
development,32,burgers,coefficient,looped,response_matched,6,34049,69.0717775109224,72.16294071171433,1.5405815443955362,1.539208902977407,1.5637143980711699,"Measured batch one; 5 warmups, one block of 20 forwards, synchronized CUDA; input transfers excluded.","Fixed-choice route; common reference-data generation, evaluation, and development search excluded. Shared bank construction includes every augmentation arm."
development,32,burgers,coefficient,looped,smooth,6,34049,69.4088247505327,72.49963433171312,1.5538573265075684,1.5378971118479967,1.5877983998507261,"Measured batch one; 5 warmups, one block of 20 forwards, synchronized CUDA; input transfers excluded.","Fixed-choice route; common reference-data generation, evaluation, and development search excluded. Shared bank construction includes every augmentation arm."
development,32,burgers,coefficient,transformer,iid,6,100993,72.69828271322574,75.79325524523544,1.5397716546431184,1.52425488922745,1.5594073804095387,"Measured batch one; 5 warmups, one block of 20 forwards, synchronized CUDA; input transfers excluded.","Fixed-choice route; common reference-data generation, evaluation, and development search excluded. Shared bank construction includes every augmentation arm."
development,32,burgers,coefficient,transformer,none,6,100993,43.58832743616464,43.630592009751126,1.5387109015136957,1.5354884089902043,1.6593673964962363,"Measured batch one; 5 warmups, one block of 20 forwards, synchronized CUDA; input transfers excluded.","Fixed-choice route; common reference-data generation, evaluation, and development search excluded. Shared bank construction includes every augmentation arm."
development,32,burgers,coefficient,transformer,response_matched,6,100993,72.81695752668504,75.91196773309882,1.5378066571429372,1.535859890282154,1.546667399816215,"Measured batch one; 5 warmups, one block of 20 forwards, synchronized CUDA; input transfers excluded.","Fixed-choice route; common reference-data generation, evaluation, and development search excluded. Shared bank construction includes every augmentation arm."
development,32,burgers,coefficient,transformer,smooth,6,100993,73.29967685625888,76.39466220947604,1.5381196630187333,1.5213004080578685,1.541631412692368,"Measured batch one; 5 warmups, one block of 20 forwards, synchronized CUDA; input transfers excluded.","Fixed-choice route; common reference-data generation, evaluation, and development search excluded. Shared bank construction includes every augmentation arm."
development,32,burgers,correct,fno,iid,6,209985,41.76643800168919,44.832169696533434,1.2506848550401628,1.238257042132318,1.402056566439569,"Measured batch one; 5 warmups, one block of 20 forwards, synchronized CUDA; input transfers excluded.","Fixed-choice route; common reference-data generation, evaluation, and development search excluded. Shared bank construction includes every augmentation arm."
development,32,burgers,correct,fno,none,6,209985,24.974350878891226,25.010247424710542,1.2510888278484344,1.2257130583748221,1.2941250577569008,"Measured batch one; 5 warmups, one block of 20 forwards, synchronized CUDA; input transfers excluded.","Fixed-choice route; common reference-data generation, evaluation, and development search excluded. Shared bank construction includes every augmentation arm."
development,32,burgers,correct,fno,response_matched,6,209985,42.00548887128631,45.07094484521076,1.2453735806047916,1.2272425927221775,1.3916580937802792,"Measured batch one; 5 warmups, one block of 20 forwards, synchronized CUDA; input transfers excluded.","Fixed-choice route; common reference-data generation, evaluation, and development search excluded. Shared bank construction includes every augmentation arm."
development,32,burgers,correct,fno,smooth,6,209985,42.36106056052571,45.426626055579014,1.2773475958965719,1.241544564254582,1.5454156091436744,"Measured batch one; 5 warmups, one block of 20 forwards, synchronized CUDA; input transfers excluded.","Fixed-choice route; common reference-data generation, evaluation, and development search excluded. Shared bank construction includes every augmentation arm."
development,32,burgers,correct,looped,iid,6,34049,70.34002730025288,73.40975614124909,1.5411196509376168,1.5376149443909526,1.5707639046013355,"Measured batch one; 5 warmups, one block of 20 forwards, synchronized CUDA; input transfers excluded.","Fixed-choice route; common reference-data generation, evaluation, and development search excluded. Shared bank construction includes every augmentation arm."
development,32,burgers,correct,looped,none,6,34049,39.26055950873221,39.29905022261664,1.5385346487164497,1.525806961581111,1.587005378678441,"Measured batch one; 5 warmups, one block of 20 forwards, synchronized CUDA; input transfers excluded.","Fixed-choice route; common reference-data generation, evaluation, and development search excluded. Shared bank construction includes every augmentation arm."
development,32,burgers,correct,looped,response_matched,6,34049,69.06154850358143,72.13113929098472,1.5413084183819592,1.5209679026156664,1.6868239035829902,"Measured batch one; 5 warmups, one block of 20 forwards, synchronized CUDA; input transfers excluded.","Fixed-choice route; common reference-data generation, evaluation, and development search excluded. Shared bank construction includes every augmentation arm."
development,32,burgers,correct,looped,smooth,6,34049,69.63273873203434,72.7024206748077,1.5413571847602725,1.5362134436145425,1.5769643941894174,"Measured batch one; 5 warmups, one block of 20 forwards, synchronized CUDA; input transfers excluded.","Fixed-choice route; common reference-data generation, evaluation, and development search excluded. Shared bank construction includes every augmentation arm."
development,32,burgers,correct,transformer,iid,6,100993,73.08153712524411,76.15521648681413,1.5363703947514296,1.5225989045575261,1.7064083833247423,"Measured batch one; 5 warmups, one block of 20 forwards, synchronized CUDA; input transfers excluded.","Fixed-choice route; common reference-data generation, evaluation, and development search excluded. Shared bank construction includes every augmentation arm."
development,32,burgers,correct,transformer,none,6,100993,44.18545188956583,44.22919861793829,1.5535904210992157,1.5329454094171524,1.6108924057334661,"Measured batch one; 5 warmups, one block of 20 forwards, synchronized CUDA; input transfers excluded.","Fixed-choice route; common reference-data generation, evaluation, and development search excluded. Shared bank construction includes every augmentation arm."
development,32,burgers,correct,transformer,response_matched,6,100993,72.95600936794654,76.02985936193727,1.5406874008476734,1.5212238999083638,1.5439888928085566,"Measured batch one; 5 warmups, one block of 20 forwards, synchronized CUDA; input transfers excluded.","Fixed-choice route; common reference-data generation, evaluation, and development search excluded. Shared bank construction includes every augmentation arm."
development,32,burgers,correct,transformer,smooth,6,100993,73.78602075654392,76.86013833068621,1.5389379113912582,1.5344993909820914,1.6435713972896338,"Measured batch one; 5 warmups, one block of 20 forwards, synchronized CUDA; input transfers excluded.","Fixed-choice route; common reference-data generation, evaluation, and development search excluded. Shared bank construction includes every augmentation arm."
development,32,gray_scott,coefficient,fno,iid,6,210306,42.05564064136706,45.552131966610126,1.261874008923769,1.2477239361032844,1.306655490770936,"Measured batch one; 5 warmups, one block of 20 forwards, synchronized CUDA; input transfers excluded.","Fixed-choice route; common reference-data generation, evaluation, and development search excluded. Shared bank construction includes every augmentation arm."
development,32,gray_scott,coefficient,fno,none,6,210306,25.045804808847606,25.080757798704628,1.2757554417476058,1.2496234849095345,1.3397794449701905,"Measured batch one; 5 warmups, one block of 20 forwards, synchronized CUDA; input transfers excluded.","Fixed-choice route; common reference-data generation, evaluation, and development search excluded. Shared bank construction includes every augmentation arm."
development,32,gray_scott,coefficient,fno,response_matched,6,210306,42.49532724909174,45.99199266009964,1.2567032012157142,1.2518594972789288,1.5780169516801834,"Measured batch one; 5 warmups, one block of 20 forwards, synchronized CUDA; input transfers excluded.","Fixed-choice route; common reference-data generation, evaluation, and development search excluded. Shared bank construction includes every augmentation arm."
development,32,gray_scott,coefficient,fno,smooth,6,210306,42.163343978502475,45.660141976860665,1.25428750179708,1.2493049493059516,1.3141554314643145,"Measured batch one; 5 warmups, one block of 20 forwards, synchronized CUDA; input transfers excluded.","Fixed-choice route; common reference-data generation, evaluation, and development search excluded. Shared bank construction includes every augmentation arm."
development,32,gray_scott,coefficient,looped,iid,6,34178,69.40773414944609,72.9082672658842,1.531083951704204,1.5264639630913734,1.5663639642298222,"Measured batch one; 5 warmups, one block of 20 forwards, synchronized CUDA; input transfers excluded.","Fixed-choice route; common reference-data generation, evaluation, and development search excluded. Shared bank construction includes every augmentation arm."
development,32,gray_scott,coefficient,looped,none,6,34178,39.601634229766205,39.64029876437659,1.53174321167171,1.5270999632775784,1.5633769566193223,"Measured batch one; 5 warmups, one block of 20 forwards, synchronized CUDA; input transfers excluded.","Fixed-choice route; common reference-data generation, evaluation, and development search excluded. Shared bank construction includes every augmentation arm."
development,32,gray_scott,coefficient,looped,response_matched,6,34178,69.4808187361341,72.98156419582665,1.5334232128225267,1.5274339588358998,1.6125694615766406,"Measured batch one; 5 warmups, one block of 20 forwards, synchronized CUDA; input transfers excluded.","Fixed-choice route; common reference-data generation, evaluation, and development search excluded. Shared bank construction includes every augmentation arm."
development,32,gray_scott,coefficient,looped,smooth,6,34178,69.40323275273356,72.90358132620652,1.5334117226302624,1.5272949589416385,1.7820329405367374,"Measured batch one; 5 warmups, one block of 20 forwards, synchronized CUDA; input transfers excluded.","Fixed-choice route; common reference-data generation, evaluation, and development search excluded. Shared bank construction includes every augmentation arm."
development,32,gray_scott,coefficient,transformer,iid,6,101122,73.50820899265818,77.0124367075817,1.5302419429644942,1.5239379601553082,1.5397999435663223,"Measured batch one; 5 warmups, one block of 20 forwards, synchronized CUDA; input transfers excluded.","Fixed-choice route; common reference-data generation, evaluation, and development search excluded. Shared bank construction includes every augmentation arm."
development,32,gray_scott,coefficient,transformer,none,6,101122,42.74332523493407,42.78603178813743,1.5238542458973825,1.5072909416630864,1.5660139499232173,"Measured batch one; 5 warmups, one block of 20 forwards, synchronized CUDA; input transfers excluded.","Fixed-choice route; common reference-data generation, evaluation, and development search excluded. Shared bank construction includes every augmentation arm."
development,32,gray_scott,coefficient,transformer,response_matched,6,101122,73.41557938729723,76.9202291938321,1.5239160042256117,1.5226734336465597,1.5272879507392645,"Measured batch one; 5 warmups, one block of 20 forwards, synchronized CUDA; input transfers excluded.","Fixed-choice route; common reference-data generation, evaluation, and development search excluded. Shared bank construction includes every augmentation arm."
development,32,gray_scott,coefficient,transformer,smooth,6,101122,73.55562385567464,77.06042383098975,1.5240659471601248,1.5215804567560554,1.5318484511226416,"Measured batch one; 5 warmups, one block of 20 forwards, synchronized CUDA; input transfers excluded.","Fixed-choice route; common reference-data generation, evaluation, and development search excluded. Shared bank construction includes every augmentation arm."
development,32,gray_scott,correct,fno,iid,6,210306,41.90694115000466,45.395279148826376,1.2584229814819992,1.2307734927162528,1.2815139489248395,"Measured batch one; 5 warmups, one block of 20 forwards, synchronized CUDA; input transfers excluded.","Fixed-choice route; common reference-data generation, evaluation, and development search excluded. Shared bank construction includes every augmentation arm."
development,32,gray_scott,correct,fno,none,6,210306,24.999767874833196,25.034792294260114,1.2483337195590138,1.238006493076682,1.252087950706482,"Measured batch one; 5 warmups, one block of 20 forwards, synchronized CUDA; input transfers excluded.","Fixed-choice route; common reference-data generation, evaluation, and development search excluded. Shared bank construction includes every augmentation arm."
development,32,gray_scott,correct,fno,response_matched,6,210306,42.03137489346167,45.51951545864964,1.24907698482275,1.230523455888033,1.3630619505420327,"Measured batch one; 5 warmups, one block of 20 forwards, synchronized CUDA; input transfers excluded.","Fixed-choice route; common reference-data generation, evaluation, and development search excluded. Shared bank construction includes every augmentation arm."
development,32,gray_scott,correct,fno,smooth,6,210306,41.96917047887109,45.457594395925604,1.2532072374597192,1.2341279303655028,1.2746399501338601,"Measured batch one; 5 warmups, one block of 20 forwards, synchronized CUDA; input transfers excluded.","Fixed-choice route; common reference-data generation, evaluation, and development search excluded. Shared bank construction includes every augmentation arm."
development,32,gray_scott,correct,looped,iid,6,34178,70.05743617479068,73.54952533372368,1.5313504613004625,1.5294984448701143,1.5347779961302876,"Measured batch one; 5 warmups, one block of 20 forwards, synchronized CUDA; input transfers excluded.","Fixed-choice route; common reference-data generation, evaluation, and development search excluded. Shared bank construction includes every augmentation arm."
development,32,gray_scott,correct,looped,none,6,34178,39.37214013289971,39.41068594631118,1.5319807222113013,1.5142889460548759,1.5370014356449246,"Measured batch one; 5 warmups, one block of 20 forwards, synchronized CUDA; input transfers excluded.","Fixed-choice route; common reference-data generation, evaluation, and development search excluded. Shared bank construction includes every augmentation arm."
development,32,gray_scott,correct,looped,response_matched,6,34178,69.19842272934814,72.69050541628773,1.5299442340619862,1.5278989681974053,1.5332265058532357,"Measured batch one; 5 warmups, one block of 20 forwards, synchronized CUDA; input transfers excluded.","Fixed-choice route; common reference-data generation, evaluation, and development search excluded. Shared bank construction includes every augmentation arm."
development,32,gray_scott,correct,looped,smooth,6,34178,69.63023335735004,73.12205327216846,1.529782940633595,1.5244914684444666,1.5373619506135583,"Measured batch one; 5 warmups, one block of 20 forwards, synchronized CUDA; input transfers excluded.","Fixed-choice route; common reference-data generation, evaluation, and development search excluded. Shared bank construction includes every augmentation arm."
development,32,gray_scott,correct,transformer,iid,6,101122,73.12251334552032,76.61836096830666,1.5663900063373148,1.5534699661657214,1.6008819453418255,"Measured batch one; 5 warmups, one block of 20 forwards, synchronized CUDA; input transfers excluded.","Fixed-choice route; common reference-data generation, evaluation, and development search excluded. Shared bank construction includes every augmentation arm."
development,32,gray_scott,correct,transformer,none,6,101122,43.113414487646274,43.15571585289823,1.5247316914610565,1.5228379517793655,1.586699951440096,"Measured batch one; 5 warmups, one block of 20 forwards, synchronized CUDA; input transfers excluded.","Fixed-choice route; common reference-data generation, evaluation, and development search excluded. Shared bank construction includes every augmentation arm."
development,32,gray_scott,correct,transformer,response_matched,6,101122,72.58579508696373,76.0820047565115,1.55442722607404,1.5213844599202275,1.60620401147753,"Measured batch one; 5 warmups, one block of 20 forwards, synchronized CUDA; input transfers excluded.","Fixed-choice route; common reference-data generation, evaluation, and development search excluded. Shared bank construction includes every augmentation arm."
development,32,gray_scott,correct,transformer,smooth,6,101122,72.71769380771245,76.21379967864293,1.524726243223995,1.514535490423441,1.536668953485787,"Measured batch one; 5 warmups, one block of 20 forwards, synchronized CUDA; input transfers excluded.","Fixed-choice route; common reference-data generation, evaluation, and development search excluded. Shared bank construction includes every augmentation arm."
development,32,ks,coefficient,fno,iid,6,209985,42.21833630177813,45.42533864096428,1.2599807931110263,1.2428080895915627,1.2697440572082996,"Measured batch one; 5 warmups, one block of 20 forwards, synchronized CUDA; input transfers excluded.","Fixed-choice route; common reference-data generation, evaluation, and development search excluded. Shared bank construction includes every augmentation arm."
development,32,ks,coefficient,fno,none,6,209985,25.474661851922672,25.508863172183435,1.253801817074418,1.2388990493491292,1.3013395946472883,"Measured batch one; 5 warmups, one block of 20 forwards, synchronized CUDA; input transfers excluded.","Fixed-choice route; common reference-data generation, evaluation, and development search excluded. Shared bank construction includes every augmentation arm."
development,32,ks,coefficient,fno,response_matched,6,209985,42.11022716814963,45.317505820499115,1.2645773007534444,1.2583755422383547,1.428711088374257,"Measured batch one; 5 warmups, one block of 20 forwards, synchronized CUDA; input transfers excluded.","Fixed-choice route; common reference-data generation, evaluation, and development search excluded. Shared bank construction includes every augmentation arm."
development,32,ks,coefficient,fno,smooth,6,209985,41.385593929948904,44.592618029254176,1.275335787795484,1.248428551480174,1.3046680483967066,"Measured batch one; 5 warmups, one block of 20 forwards, synchronized CUDA; input transfers excluded.","Fixed-choice route; common reference-data generation, evaluation, and development search excluded. Shared bank construction includes every augmentation arm."
development,32,ks,coefficient,looped,iid,6,34049,69.02064514672384,72.23208071167271,1.5465280856005847,1.5440960880368948,1.5531275887042284,"Measured batch one; 5 warmups, one block of 20 forwards, synchronized CUDA; input transfers excluded.","Fixed-choice route; common reference-data generation, evaluation, and development search excluded. Shared bank construction includes every augmentation arm."
development,32,ks,coefficient,looped,none,6,34049,38.942994286616646,38.981424583354965,1.5680603450164199,1.5448241028934717,1.6542240511626005,"Measured batch one; 5 warmups, one block of 20 forwards, synchronized CUDA; input transfers excluded.","Fixed-choice route; common reference-data generation, evaluation, and development search excluded. Shared bank construction includes every augmentation arm."
development,32,ks,coefficient,looped,response_matched,6,34049,69.0903275468542,72.3017377591071,1.5443890821188688,1.542828045785427,1.5537941129878163,"Measured batch one; 5 warmups, one block of 20 forwards, synchronized CUDA; input transfers excluded.","Fixed-choice route; common reference-data generation, evaluation, and development search excluded. Shared bank construction includes every augmentation arm."
development,32,ks,coefficient,looped,smooth,6,34049,68.98003031305659,72.1913958870961,1.5743931056931615,1.5465825330466032,1.5945786144584417,"Measured batch one; 5 warmups, one block of 20 forwards, synchronized CUDA; input transfers excluded.","Fixed-choice route; common reference-data generation, evaluation, and development search excluded. Shared bank construction includes every augmentation arm."
development,32,ks,coefficient,transformer,iid,6,100993,73.76424099054809,76.97938018431887,1.5683288569562137,1.5405290527269244,1.6258161049336195,"Measured batch one; 5 warmups, one block of 20 forwards, synchronized CUDA; input transfers excluded.","Fixed-choice route; common reference-data generation, evaluation, and development search excluded. Shared bank construction includes every augmentation arm."
development,32,ks,coefficient,transformer,none,6,100993,43.20425667443002,43.2472209041783,1.5512355719693005,1.5401890967041254,1.5645141014829278,"Measured batch one; 5 warmups, one block of 20 forwards, synchronized CUDA; input transfers excluded.","Fixed-choice route; common reference-data generation, evaluation, and development search excluded. Shared bank construction includes every augmentation arm."
development,32,ks,coefficient,transformer,response_matched,6,100993,73.54837304004468,76.76373893138953,1.5610943431966007,1.5299045946449041,1.639029593206942,"Measured batch one; 5 warmups, one block of 20 forwards, synchronized CUDA; input transfers excluded.","Fixed-choice route; common reference-data generation, evaluation, and development search excluded. Shared bank construction includes every augmentation arm."
development,32,ks,coefficient,transformer,smooth,6,100993,73.49937257356942,76.71464557868119,1.553008088376373,1.546814595349133,1.5621800906956196,"Measured batch one; 5 warmups, one block of 20 forwards, synchronized CUDA; input transfers excluded.","Fixed-choice route; common reference-data generation, evaluation, and development search excluded. Shared bank construction includes every augmentation arm."
development,32,ks,correct,fno,iid,6,209985,41.83389293200647,45.04311167208167,1.2676600832492113,1.2461015488952398,1.2857775669544935,"Measured batch one; 5 warmups, one block of 20 forwards, synchronized CUDA; input transfers excluded.","Fixed-choice route; common reference-data generation, evaluation, and development search excluded. Shared bank construction includes every augmentation arm."
development,32,ks,correct,fno,none,6,209985,24.868850124146167,24.9029763196595,1.2562355492264032,1.2479766039177775,1.279733027331531,"Measured batch one; 5 warmups, one block of 20 forwards, synchronized CUDA; input transfers excluded.","Fixed-choice route; common reference-data generation, evaluation, and development search excluded. Shared bank construction includes every augmentation arm."
development,32,ks,correct,fno,response_matched,6,209985,42.619782591393836,45.829056587225445,1.2488045846112072,1.243737037293613,1.3871205504983664,"Measured batch one; 5 warmups, one block of 20 forwards, synchronized CUDA; input transfers excluded.","Fixed-choice route; common reference-data generation, evaluation, and development search excluded. Shared bank construction includes every augmentation arm."
development,32,ks,correct,fno,smooth,6,209985,42.28679179446772,45.49646694865078,1.2403515516780317,1.2345685856416821,1.3232235563918948,"Measured batch one; 5 warmups, one block of 20 forwards, synchronized CUDA; input transfers excluded.","Fixed-choice route; common reference-data generation, evaluation, and development search excluded. Shared bank construction includes every augmentation arm."
development,32,ks,correct,looped,iid,6,34049,69.44949828305592,72.66324590169825,1.5455555403605103,1.5324540436267853,1.5477190958335996,"Measured batch one; 5 warmups, one block of 20 forwards, synchronized CUDA; input transfers excluded.","Fixed-choice route; common reference-data generation, evaluation, and development search excluded. Shared bank construction includes every augmentation arm."
development,32,ks,correct,looped,none,6,34049,39.15360099279011,39.191879835290216,1.5545718488283455,1.543819042854011,1.569654536433518,"Measured batch one; 5 warmups, one block of 20 forwards, synchronized CUDA; input transfers excluded.","Fixed-choice route; common reference-data generation, evaluation, and development search excluded. Shared bank construction includes every augmentation arm."
development,32,ks,correct,looped,response_matched,6,34049,69.76054874442828,72.97359784777898,1.5462115523405373,1.543108094483614,1.584659586660564,"Measured batch one; 5 warmups, one block of 20 forwards, synchronized CUDA; input transfers excluded.","Fixed-choice route; common reference-data generation, evaluation, and development search excluded. Shared bank construction includes every augmentation arm."
development,32,ks,correct,looped,smooth,6,34049,69.94277446072859,73.15604692061122,1.5608950867317617,1.543095544911921,1.5806715469807386,"Measured batch one; 5 warmups, one block of 20 forwards, synchronized CUDA; input transfers excluded.","Fixed-choice route; common reference-data generation, evaluation, and development search excluded. Shared bank construction includes every augmentation arm."
development,32,ks,correct,transformer,iid,6,100993,72.86626057233661,76.08343486208469,1.5470578335225582,1.5393581008538604,1.5942230820655823,"Measured batch one; 5 warmups, one block of 20 forwards, synchronized CUDA; input transfers excluded.","Fixed-choice route; common reference-data generation, evaluation, and development search excluded. Shared bank construction includes every augmentation arm."
development,32,ks,correct,transformer,none,6,100993,42.853026484604925,42.89551488837848,1.5553328092209995,1.5383475460112095,1.5894075855612755,"Measured batch one; 5 warmups, one block of 20 forwards, synchronized CUDA; input transfers excluded.","Fixed-choice route; common reference-data generation, evaluation, and development search excluded. Shared bank construction includes every augmentation arm."
development,32,ks,correct,transformer,response_matched,6,100993,73.57900318480097,76.79618041962385,1.5432932996191084,1.534507586620748,1.5750101068988442,"Measured batch one; 5 warmups, one block of 20 forwards, synchronized CUDA; input transfers excluded.","Fixed-choice route; common reference-data generation, evaluation, and development search excluded. Shared bank construction includes every augmentation arm."
development,32,ks,correct,transformer,smooth,6,100993,73.35965639694284,76.57736987077321,1.547532097902149,1.5406515449285507,1.5615296084433794,"Measured batch one; 5 warmups, one block of 20 forwards, synchronized CUDA; input transfers excluded.","Fixed-choice route; common reference-data generation, evaluation, and development search excluded. Shared bank construction includes every augmentation arm."
development,32,wave,coefficient,fno,iid,6,210306,41.84471892324897,43.76153073258077,1.3269816641695797,1.2499889126047492,1.4988149050623178,"Measured batch one; 5 warmups, one block of 20 forwards, synchronized CUDA; input transfers excluded.","Fixed-choice route; common reference-data generation, evaluation, and development search excluded. Shared bank construction includes every augmentation arm."
development,32,wave,coefficient,fno,none,6,210306,25.330485401054222,25.36525363405235,1.2562271673232317,1.2459884397685528,1.279902900569141,"Measured batch one; 5 warmups, one block of 20 forwards, synchronized CUDA; input transfers excluded.","Fixed-choice route; common reference-data generation, evaluation, and development search excluded. Shared bank construction includes every augmentation arm."
development,32,wave,coefficient,fno,response_matched,6,210306,41.85174378302569,43.768411099910736,1.2513533933088183,1.2463329592719674,1.3704133918508887,"Measured batch one; 5 warmups, one block of 20 forwards, synchronized CUDA; input transfers excluded.","Fixed-choice route; common reference-data generation, evaluation, and development search excluded. Shared bank construction includes every augmentation arm."
development,32,wave,coefficient,fno,smooth,6,210306,42.409771215481065,44.32650165888481,1.2644559028558433,1.2449888978153467,1.4467083849012852,"Measured batch one; 5 warmups, one block of 20 forwards, synchronized CUDA; input transfers excluded.","Fixed-choice route; common reference-data generation, evaluation, and development search excluded. Shared bank construction includes every augmentation arm."
development,32,wave,coefficient,looped,iid,6,34178,69.25524675791773,71.17576358684649,1.5301469014957547,1.526318397372961,1.5589318936690688,"Measured batch one; 5 warmups, one block of 20 forwards, synchronized CUDA; input transfers excluded.","Fixed-choice route; common reference-data generation, evaluation, and development search excluded. Shared bank construction includes every augmentation arm."
development,32,wave,coefficient,looped,none,6,34178,38.937134669627994,38.97561190960308,1.5349891735240817,1.5193664003163576,1.5679144067689776,"Measured batch one; 5 warmups, one block of 20 forwards, synchronized CUDA; input transfers excluded.","Fixed-choice route; common reference-data generation, evaluation, and development search excluded. Shared bank construction includes every augmentation arm."
development,32,wave,coefficient,looped,response_matched,6,34178,69.45602650692065,71.37637238879688,1.5323356492444873,1.5294343931600451,1.53513690456748,"Measured batch one; 5 warmups, one block of 20 forwards, synchronized CUDA; input transfers excluded.","Fixed-choice route; common reference-data generation, evaluation, and development search excluded. Shared bank construction includes every augmentation arm."
development,32,wave,coefficient,looped,smooth,6,34178,69.55599039754209,71.47627588633138,1.5329668996855617,1.5312483999878168,1.5700489049777389,"Measured batch one; 5 warmups, one block of 20 forwards, synchronized CUDA; input transfers excluded.","Fixed-choice route; common reference-data generation, evaluation, and development search excluded. Shared bank construction includes every augmentation arm."
development,32,wave,coefficient,transformer,iid,6,101122,72.92843259017293,74.85318378731608,1.5340856509283185,1.5129348961636424,1.5411688946187496,"Measured batch one; 5 warmups, one block of 20 forwards, synchronized CUDA; input transfers excluded.","Fixed-choice route; common reference-data generation, evaluation, and development search excluded. Shared bank construction includes every augmentation arm."
development,32,wave,coefficient,transformer,none,6,101122,43.124457186087966,43.16769759038774,1.5355606563389301,1.5273928875103593,1.5796053921803832,"Measured batch one; 5 warmups, one block of 20 forwards, synchronized CUDA; input transfers excluded.","Fixed-choice route; common reference-data generation, evaluation, and development search excluded. Shared bank construction includes every augmentation arm."
development,32,wave,coefficient,transformer,response_matched,6,101122,72.88589705542351,74.81041382090189,1.532910903915763,1.5275269048288465,1.5348794171586633,"Measured batch one; 5 warmups, one block of 20 forwards, synchronized CUDA; input transfers excluded.","Fixed-choice route; common reference-data generation, evaluation, and development search excluded. Shared bank construction includes every augmentation arm."
development,32,wave,coefficient,transformer,smooth,6,101122,73.14945739135146,75.07470117975026,1.5315886470489204,1.5268968883901834,1.5603503910824656,"Measured batch one; 5 warmups, one block of 20 forwards, synchronized CUDA; input transfers excluded.","Fixed-choice route; common reference-data generation, evaluation, and development search excluded. Shared bank construction includes every augmentation arm."
development,32,wave,correct,fno,iid,6,210306,42.20088601267586,44.19744271521146,1.3043629238381982,1.2473999056965113,1.3717344030737877,"Measured batch one; 5 warmups, one block of 20 forwards, synchronized CUDA; input transfers excluded.","Fixed-choice route; common reference-data generation, evaluation, and development search excluded. Shared bank construction includes every augmentation arm."
development,32,wave,correct,fno,none,6,210306,24.940786502556875,25.016792079045747,1.2501401477493346,1.245655445381999,1.356950937770307,"Measured batch one; 5 warmups, one block of 20 forwards, synchronized CUDA; input transfers excluded.","Fixed-choice route; common reference-data generation, evaluation, and development search excluded. Shared bank construction includes every augmentation arm."
development,32,wave,correct,fno,response_matched,6,210306,42.09377787611447,44.09041965333745,1.3381019234657288,1.2490254361182451,1.392122940160334,"Measured batch one; 5 warmups, one block of 20 forwards, synchronized CUDA; input transfers excluded.","Fixed-choice route; common reference-data generation, evaluation, and development search excluded. Shared bank construction includes every augmentation arm."
development,32,wave,correct,fno,smooth,6,210306,42.27864634788906,44.275120010599494,1.2499119038693607,1.2454879004508257,1.340812910348177,"Measured batch one; 5 warmups, one block of 20 forwards, synchronized CUDA; input transfers excluded.","Fixed-choice route; common reference-data generation, evaluation, and development search excluded. Shared bank construction includes every augmentation arm."
development,32,wave,correct,looped,iid,6,34178,69.70503229469371,71.70576036123869,1.5316573902964592,1.516470406204462,1.5345744090154767,"Measured batch one; 5 warmups, one block of 20 forwards, synchronized CUDA; input transfers excluded.","Fixed-choice route; common reference-data generation, evaluation, and development search excluded. Shared bank construction includes every augmentation arm."
development,32,wave,correct,looped,none,6,34178,39.402164041996,39.44089099632887,1.5334483934566379,1.515616406686604,1.5387444058433175,"Measured batch one; 5 warmups, one block of 20 forwards, synchronized CUDA; input transfers excluded.","Fixed-choice route; common reference-data generation, evaluation, and development search excluded. Shared bank construction includes every augmentation arm."
development,32,wave,correct,looped,response_matched,6,34178,69.3710866002366,71.37161751859821,1.5315711381845176,1.51254388038069,1.539068901911378,"Measured batch one; 5 warmups, one block of 20 forwards, synchronized CUDA; input transfers excluded.","Fixed-choice route; common reference-data generation, evaluation, and development search excluded. Shared bank construction includes every augmentation arm."
development,32,wave,correct,looped,smooth,6,34178,69.55429707389946,71.55454889421041,1.5354319009929895,1.517458911985159,1.8557053990662098,"Measured batch one; 5 warmups, one block of 20 forwards, synchronized CUDA; input transfers excluded.","Fixed-choice route; common reference-data generation, evaluation, and development search excluded. Shared bank construction includes every augmentation arm."
development,32,wave,correct,transformer,iid,6,101122,72.92859143499906,74.93338177787761,1.5406574122607708,1.5253849094733596,1.5691309003159404,"Measured batch one; 5 warmups, one block of 20 forwards, synchronized CUDA; input transfers excluded.","Fixed-choice route; common reference-data generation, evaluation, and development search excluded. Shared bank construction includes every augmentation arm."
development,32,wave,correct,transformer,none,6,101122,42.56732114078477,42.798215327008315,1.532055635470897,1.5172559069469571,1.5803193906322122,"Measured batch one; 5 warmups, one block of 20 forwards, synchronized CUDA; input transfers excluded.","Fixed-choice route; common reference-data generation, evaluation, and development search excluded. Shared bank construction includes every augmentation arm."
development,32,wave,correct,transformer,response_matched,6,101122,73.09052711174202,75.09569274603079,1.5405138954520226,1.5326319029554725,1.585414889268577,"Measured batch one; 5 warmups, one block of 20 forwards, synchronized CUDA; input transfers excluded.","Fixed-choice route; common reference-data generation, evaluation, and development search excluded. Shared bank construction includes every augmentation arm."
development,32,wave,correct,transformer,smooth,6,101122,73.28799781490427,75.30465591326356,1.534771651495248,1.5151594066992402,1.5710213920101523,"Measured batch one; 5 warmups, one block of 20 forwards, synchronized CUDA; input transfers excluded.","Fixed-choice route; common reference-data generation, evaluation, and development search excluded. Shared bank construction includes every augmentation arm."
resolution_g32,32,advection_diffusion,coefficient,fno,none,4,209985,25.07520374143496,25.110681791091338,1.261765300296247,1.238879794254899,1.2811988592147827,"Measured batch one; 5 warmups, one block of 20 forwards, synchronized CUDA; input transfers excluded.","Fixed-choice route; common reference-data generation, evaluation, and development search excluded. Shared bank construction includes every augmentation arm."
resolution_g32,32,advection_diffusion,coefficient,fno,smooth,4,209985,42.82822107488755,44.193102890392765,1.253364107105881,1.2511217966675758,1.263740286231041,"Measured batch one; 5 warmups, one block of 20 forwards, synchronized CUDA; input transfers excluded.","Fixed-choice route; common reference-data generation, evaluation, and development search excluded. Shared bank construction includes every augmentation arm."
resolution_g32,32,advection_diffusion,coefficient,looped,none,4,34049,39.880233572097495,39.921678179176524,1.5900293015874922,1.5895360382273793,1.5911455499008298,"Measured batch one; 5 warmups, one block of 20 forwards, synchronized CUDA; input transfers excluded.","Fixed-choice route; common reference-data generation, evaluation, and development search excluded. Shared bank construction includes every augmentation arm."
resolution_g32,32,advection_diffusion,coefficient,looped,smooth,4,34049,70.91047068021726,72.28033831948414,1.5937175485305488,1.5871790470555425,1.619522599503398,"Measured batch one; 5 warmups, one block of 20 forwards, synchronized CUDA; input transfers excluded.","Fixed-choice route; common reference-data generation, evaluation, and development search excluded. Shared bank construction includes every augmentation arm."
resolution_g32,32,advection_diffusion,coefficient,transformer,none,4,100993,43.86017973348498,43.90452429745346,1.6343238414265215,1.6019330592826009,1.6633510822430253,"Measured batch one; 5 warmups, one block of 20 forwards, synchronized CUDA; input transfers excluded.","Fixed-choice route; common reference-data generation, evaluation, and development search excluded. Shared bank construction includes every augmentation arm."
resolution_g32,32,advection_diffusion,coefficient,transformer,smooth,4,100993,74.58139765181113,75.95718731952365,1.6712805954739451,1.606216048821807,1.6863565891981125,"Measured batch one; 5 warmups, one block of 20 forwards, synchronized CUDA; input transfers excluded.","Fixed-choice route; common reference-data generation, evaluation, and development search excluded. Shared bank construction includes every augmentation arm."
resolution_g32,32,advection_diffusion,correct,fno,none,4,209985,25.133773137116805,25.169273326639086,1.2544245459139347,1.2395682977512479,1.2577502988278866,"Measured batch one; 5 warmups, one block of 20 forwards, synchronized CUDA; input transfers excluded.","Fixed-choice route; common reference-data generation, evaluation, and development search excluded. Shared bank construction includes every augmentation arm."
resolution_g32,32,advection_diffusion,correct,fno,smooth,4,209985,42.67841582163237,44.057360567501746,1.2429955531843007,1.2345923110842705,1.2559623457491398,"Measured batch one; 5 warmups, one block of 20 forwards, synchronized CUDA; input transfers excluded.","Fixed-choice route; common reference-data generation, evaluation, and development search excluded. Shared bank construction includes every augmentation arm."
resolution_g32,32,advection_diffusion,correct,looped,none,4,34049,39.62537132855505,39.66576843522489,1.6226483159698546,1.6107000643387437,1.634495542384684,"Measured batch one; 5 warmups, one block of 20 forwards, synchronized CUDA; input transfers excluded.","Fixed-choice route; common reference-data generation, evaluation, and development search excluded. Shared bank construction includes every augmentation arm."
resolution_g32,32,advection_diffusion,correct,looped,smooth,4,34049,70.86711668292992,72.25035568070598,1.607888040598482,1.58643105532974,1.6258685616776347,"Measured batch one; 5 warmups, one block of 20 forwards, synchronized CUDA; input transfers excluded.","Fixed-choice route; common reference-data generation, evaluation, and development search excluded. Shared bank construction includes every augmentation arm."
resolution_g32,32,advection_diffusion,correct,transformer,none,4,100993,43.74982558807824,43.7934661610052,1.5935263014398515,1.5913170296698809,1.636369596235454,"Measured batch one; 5 warmups, one block of 20 forwards, synchronized CUDA; input transfers excluded.","Fixed-choice route; common reference-data generation, evaluation, and development search excluded. Shared bank construction includes every augmentation arm."
resolution_g32,32,advection_diffusion,correct,transformer,smooth,4,100993,73.94785582332406,75.3363195367856,1.6059755580499768,1.5941585414111614,1.6450836090371013,"Measured batch one; 5 warmups, one block of 20 forwards, synchronized CUDA; input transfers excluded.","Fixed-choice route; common reference-data generation, evaluation, and development search excluded. Shared bank construction includes every augmentation arm."
resolution_g32,32,allen_cahn,coefficient,fno,none,4,209985,24.921635564998724,24.95611753826961,1.2679088511504233,1.2549318606033921,1.2732078321278095,"Measured batch one; 5 warmups, one block of 20 forwards, synchronized CUDA; input transfers excluded.","Fixed-choice route; common reference-data generation, evaluation, and development search excluded. Shared bank construction includes every augmentation arm."
resolution_g32,32,allen_cahn,coefficient,fno,smooth,4,209985,42.16939474036917,45.1122489675181,1.2526190606877208,1.2509333668276668,1.2763678561896086,"Measured batch one; 5 warmups, one block of 20 forwards, synchronized CUDA; input transfers excluded.","Fixed-choice route; common reference-data generation, evaluation, and development search excluded. Shared bank construction includes every augmentation arm."
resolution_g32,32,allen_cahn,coefficient,looped,none,4,34049,39.515112224267796,39.55486821313389,1.5938645228743553,1.5879715327173471,1.6258175484836102,"Measured batch one; 5 warmups, one block of 20 forwards, synchronized CUDA; input transfers excluded.","Fixed-choice route; common reference-data generation, evaluation, and development search excluded. Shared bank construction includes every augmentation arm."
resolution_g32,32,allen_cahn,coefficient,looped,smooth,4,34049,70.16118759242818,73.1096947947517,1.5939565491862595,1.5864255605265498,1.627029082737863,"Measured batch one; 5 warmups, one block of 20 forwards, synchronized CUDA; input transfers excluded.","Fixed-choice route; common reference-data generation, evaluation, and development search excluded. Shared bank construction includes every augmentation arm."
resolution_g32,32,allen_cahn,coefficient,transformer,none,4,100993,43.42719925264828,43.47091139550321,1.5910845366306603,1.588142546825111,1.626905589364469,"Measured batch one; 5 warmups, one block of 20 forwards, synchronized CUDA; input transfers excluded.","Fixed-choice route; common reference-data generation, evaluation, and development search excluded. Shared bank construction includes every augmentation arm."
resolution_g32,32,allen_cahn,coefficient,transformer,smooth,4,100993,73.68929332052357,76.64165152749047,1.5987165621481836,1.5890995506197214,1.6200161073356867,"Measured batch one; 5 warmups, one block of 20 forwards, synchronized CUDA; input transfers excluded.","Fixed-choice route; common reference-data generation, evaluation, and development search excluded. Shared bank construction includes every augmentation arm."
resolution_g32,32,allen_cahn,correct,fno,none,4,209985,24.81355619558599,24.848084958968684,1.2519801035523415,1.2518693460151553,1.2551233638077974,"Measured batch one; 5 warmups, one block of 20 forwards, synchronized CUDA; input transfers excluded.","Fixed-choice route; common reference-data generation, evaluation, and development search excluded. Shared bank construction includes every augmentation arm."
resolution_g32,32,allen_cahn,correct,fno,smooth,4,209985,41.73617167130578,44.6450572629692,1.2527790968306363,1.252031303010881,1.2608268531039357,"Measured batch one; 5 warmups, one block of 20 forwards, synchronized CUDA; input transfers excluded.","Fixed-choice route; common reference-data generation, evaluation, and development search excluded. Shared bank construction includes every augmentation arm."
resolution_g32,32,allen_cahn,correct,looped,none,4,34049,39.88589983631391,39.92544490052387,1.5953900408931077,1.592412544414401,1.6003780532628298,"Measured batch one; 5 warmups, one block of 20 forwards, synchronized CUDA; input transfers excluded.","Fixed-choice route; common reference-data generation, evaluation, and development search excluded. Shared bank construction includes every augmentation arm."
resolution_g32,32,allen_cahn,correct,looped,smooth,4,34049,70.48071676190011,73.3950557593489,1.5874065458774567,1.5805120579898357,1.6033330466598272,"Measured batch one; 5 warmups, one block of 20 forwards, synchronized CUDA; input transfers excluded.","Fixed-choice route; common reference-data generation, evaluation, and development search excluded. Shared bank construction includes every augmentation arm."
resolution_g32,32,allen_cahn,correct,transformer,none,4,100993,43.48366230202373,43.527835245244205,1.594774064142257,1.5906770713627338,1.6188275534659624,"Measured batch one; 5 warmups, one block of 20 forwards, synchronized CUDA; input transfers excluded.","Fixed-choice route; common reference-data generation, evaluation, and development search excluded. Shared bank construction includes every augmentation arm."
resolution_g32,32,allen_cahn,correct,transformer,smooth,4,100993,73.93603051954415,76.85446161427535,1.6522280755452812,1.6219540499150753,1.6897461144253612,"Measured batch one; 5 warmups, one block of 20 forwards, synchronized CUDA; input transfers excluded.","Fixed-choice route; common reference-data generation, evaluation, and development search excluded. Shared bank construction includes every augmentation arm."
resolution_g32,32,wave,coefficient,fno,none,4,210306,25.15901200217195,25.19362273637671,1.2592353275977075,1.2454947922378778,1.2790258508175611,"Measured batch one; 5 warmups, one block of 20 forwards, synchronized CUDA; input transfers excluded.","Fixed-choice route; common reference-data generation, evaluation, and development search excluded. Shared bank construction includes every augmentation arm."
resolution_g32,32,wave,coefficient,fno,smooth,4,210306,42.36732094781473,44.32082879380323,1.2651073513552547,1.2552453437820077,1.2868848396465182,"Measured batch one; 5 warmups, one block of 20 forwards, synchronized CUDA; input transfers excluded.","Fixed-choice route; common reference-data generation, evaluation, and development search excluded. Shared bank construction includes every augmentation arm."
resolution_g32,32,wave,coefficient,looped,none,4,34178,39.72133411944378,39.76261751039419,1.5813350561074913,1.572429551742971,1.6189940506592393,"Measured batch one; 5 warmups, one block of 20 forwards, synchronized CUDA; input transfers excluded.","Fixed-choice route; common reference-data generation, evaluation, and development search excluded. Shared bank construction includes every augmentation arm."
resolution_g32,32,wave,coefficient,looped,smooth,4,34178,70.39697646384593,72.35434259241447,1.5753090498037636,1.5599795151501894,1.5945425489917397,"Measured batch one; 5 warmups, one block of 20 forwards, synchronized CUDA; input transfers excluded.","Fixed-choice route; common reference-data generation, evaluation, and development search excluded. Shared bank construction includes every augmentation arm."
resolution_g32,32,wave,coefficient,transformer,none,4,101122,43.63088068214711,43.675982692861,1.585851050913334,1.5828775009140372,1.5902160434052348,"Measured batch one; 5 warmups, one block of 20 forwards, synchronized CUDA; input transfers excluded.","Fixed-choice route; common reference-data generation, evaluation, and development search excluded. Shared bank construction includes every augmentation arm."
resolution_g32,32,wave,coefficient,transformer,smooth,4,101122,73.89325552887749,75.85503405984491,1.5902088256552815,1.5713795321062207,1.6316420398652554,"Measured batch one; 5 warmups, one block of 20 forwards, synchronized CUDA; input transfers excluded.","Fixed-choice route; common reference-data generation, evaluation, and development search excluded. Shared bank construction includes every augmentation arm."
resolution_g32,32,wave,correct,fno,none,4,210306,25.283504726248793,25.338495848700404,1.2592095765285194,1.2540818424895406,1.2647983385249972,"Measured batch one; 5 warmups, one block of 20 forwards, synchronized CUDA; input transfers excluded.","Fixed-choice route; common reference-data generation, evaluation, and development search excluded. Shared bank construction includes every augmentation arm."
resolution_g32,32,wave,correct,fno,smooth,4,210306,42.38244779407978,44.327879253658466,1.251298829447478,1.2384878005832434,1.2583527946844697,"Measured batch one; 5 warmups, one block of 20 forwards, synchronized CUDA; input transfers excluded.","Fixed-choice route; common reference-data generation, evaluation, and development search excluded. Shared bank construction includes every augmentation arm."
resolution_g32,32,wave,correct,looped,none,4,34178,39.517553059151396,39.55748467473313,1.5798932989127934,1.575239049270749,1.584249036386609,"Measured batch one; 5 warmups, one block of 20 forwards, synchronized CUDA; input transfers excluded.","Fixed-choice route; common reference-data generation, evaluation, and development search excluded. Shared bank construction includes every augmentation arm."
resolution_g32,32,wave,correct,looped,smooth,4,34178,70.67188832722604,72.6219917278504,1.5833475510589778,1.5761720016598701,1.599729061126709,"Measured batch one; 5 warmups, one block of 20 forwards, synchronized CUDA; input transfers excluded.","Fixed-choice route; common reference-data generation, evaluation, and development search excluded. Shared bank construction includes every augmentation arm."
resolution_g32,32,wave,correct,transformer,none,4,101122,43.49449662910774,43.7082991466159,1.5932585578411818,1.5797105617821217,1.6331390477716923,"Measured batch one; 5 warmups, one block of 20 forwards, synchronized CUDA; input transfers excluded.","Fixed-choice route; common reference-data generation, evaluation, and development search excluded. Shared bank construction includes every augmentation arm."
resolution_g32,32,wave,correct,transformer,smooth,4,101122,74.29944925324526,76.25344802008476,1.6154190641827881,1.583076547831297,1.636259094811976,"Measured batch one; 5 warmups, one block of 20 forwards, synchronized CUDA; input transfers excluded.","Fixed-choice route; common reference-data generation, evaluation, and development search excluded. Shared bank construction includes every augmentation arm."
resolution_g64,64,advection_diffusion,coefficient,fno,none,4,209985,25.24184072529897,25.27669225016143,1.2602917035110295,1.2571417493745685,1.272058254107833,"Measured batch one; 5 warmups, one block of 20 forwards, synchronized CUDA; input transfers excluded.","Fixed-choice route; common reference-data generation, evaluation, and development search excluded. Shared bank construction includes every augmentation arm."
resolution_g64,64,advection_diffusion,coefficient,fno,smooth,4,209985,42.724939395091496,44.390321906423196,1.2656769715249538,1.2581627117469907,1.2748556910082698,"Measured batch one; 5 warmups, one block of 20 forwards, synchronized CUDA; input transfers excluded.","Fixed-choice route; common reference-data generation, evaluation, and development search excluded. Shared bank construction includes every augmentation arm."
resolution_g64,64,advection_diffusion,coefficient,looped,none,4,34049,39.47785142553039,39.51699979859404,1.5799159067682922,1.5783534152433276,1.6229938948526978,"Measured batch one; 5 warmups, one block of 20 forwards, synchronized CUDA; input transfers excluded.","Fixed-choice route; common reference-data generation, evaluation, and development search excluded. Shared bank construction includes every augmentation arm."
resolution_g64,64,advection_diffusion,coefficient,looped,smooth,4,34049,70.45912540215068,72.1309570746962,1.5966489329002798,1.579671399667859,1.615302893333137,"Measured batch one; 5 warmups, one block of 20 forwards, synchronized CUDA; input transfers excluded.","Fixed-choice route; common reference-data generation, evaluation, and development search excluded. Shared bank construction includes every augmentation arm."
resolution_g64,64,advection_diffusion,coefficient,transformer,none,4,100993,43.16542616253719,43.210153258172795,1.5793664031662047,1.5592043986544013,1.6279748873785138,"Measured batch one; 5 warmups, one block of 20 forwards, synchronized CUDA; input transfers excluded.","Fixed-choice route; common reference-data generation, evaluation, and development search excluded. Shared bank construction includes every augmentation arm."
resolution_g64,64,advection_diffusion,coefficient,transformer,smooth,4,100993,73.16627737646922,74.84102866833564,1.578871684614569,1.5726214041933417,1.608526916243136,"Measured batch one; 5 warmups, one block of 20 forwards, synchronized CUDA; input transfers excluded.","Fixed-choice route; common reference-data generation, evaluation, and development search excluded. Shared bank construction includes every augmentation arm."
resolution_g64,64,advection_diffusion,correct,fno,none,4,209985,25.234695325256325,25.270332995802164,1.2585432268679142,1.2580172391608357,1.2647762428969145,"Measured batch one; 5 warmups, one block of 20 forwards, synchronized CUDA; input transfers excluded.","Fixed-choice route; common reference-data generation, evaluation, and development search excluded. Shared bank construction includes every augmentation arm."
resolution_g64,64,advection_diffusion,correct,fno,smooth,4,209985,42.78747345821466,44.42782523762435,1.2566967168822885,1.2562837451696396,1.2721502454951406,"Measured batch one; 5 warmups, one block of 20 forwards, synchronized CUDA; input transfers excluded.","Fixed-choice route; common reference-data generation, evaluation, and development search excluded. Shared bank construction includes every augmentation arm."
resolution_g64,64,advection_diffusion,correct,looped,none,4,34049,39.75419380236417,39.79370086174458,1.577272650320083,1.5651043970137835,1.5832894016057253,"Measured batch one; 5 warmups, one block of 20 forwards, synchronized CUDA; input transfers excluded.","Fixed-choice route; common reference-data generation, evaluation, and development search excluded. Shared bank construction includes every augmentation arm."
resolution_g64,64,advection_diffusion,correct,looped,smooth,4,34049,69.83826490025967,71.4837303966051,1.5773594030179083,1.558611891232431,1.5807983931154013,"Measured batch one; 5 warmups, one block of 20 forwards, synchronized CUDA; input transfers excluded.","Fixed-choice route; common reference-data generation, evaluation, and development search excluded. Shared bank construction includes every augmentation arm."
resolution_g64,64,advection_diffusion,correct,transformer,none,4,100993,43.15357780852355,43.19690667302348,1.5788473887369037,1.5746764140203595,1.6105084447190166,"Measured batch one; 5 warmups, one block of 20 forwards, synchronized CUDA; input transfers excluded.","Fixed-choice route; common reference-data generation, evaluation, and development search excluded. Shared bank construction includes every augmentation arm."
resolution_g64,64,advection_diffusion,correct,transformer,smooth,4,100993,73.77807762683369,75.42760069738142,1.5771421371027827,1.5736943809315562,1.5797449508681893,"Measured batch one; 5 warmups, one block of 20 forwards, synchronized CUDA; input transfers excluded.","Fixed-choice route; common reference-data generation, evaluation, and development search excluded. Shared bank construction includes every augmentation arm."
resolution_g64,64,allen_cahn,coefficient,fno,none,4,209985,25.322841644636355,25.357245451654308,1.2894574902020395,1.2784617487341166,1.3043857645243406,"Measured batch one; 5 warmups, one block of 20 forwards, synchronized CUDA; input transfers excluded.","Fixed-choice route; common reference-data generation, evaluation, and development search excluded. Shared bank construction includes every augmentation arm."
resolution_g64,64,allen_cahn,coefficient,fno,smooth,4,209985,43.009085569065064,46.26053974556271,1.2864567223004997,1.2623877497389913,1.294838753528893,"Measured batch one; 5 warmups, one block of 20 forwards, synchronized CUDA; input transfers excluded.","Fixed-choice route; common reference-data generation, evaluation, and development search excluded. Shared bank construction includes every augmentation arm."
resolution_g64,64,allen_cahn,coefficient,looped,none,4,34049,39.72885516809765,39.76842537499033,1.5772164217196405,1.5758489025756717,1.7435219837352633,"Measured batch one; 5 warmups, one block of 20 forwards, synchronized CUDA; input transfers excluded.","Fixed-choice route; common reference-data generation, evaluation, and development search excluded. Shared bank construction includes every augmentation arm."
resolution_g64,64,allen_cahn,coefficient,looped,smooth,4,34049,70.28140836791135,73.53810877306387,1.5841952059417963,1.578246895223856,1.589549914933741,"Measured batch one; 5 warmups, one block of 20 forwards, synchronized CUDA; input transfers excluded.","Fixed-choice route; common reference-data generation, evaluation, and development search excluded. Shared bank construction includes every augmentation arm."
resolution_g64,64,allen_cahn,coefficient,transformer,none,4,100993,43.25923025631346,43.30299679376185,1.5770594240166247,1.5706388978287578,1.6227934509515762,"Measured batch one; 5 warmups, one block of 20 forwards, synchronized CUDA; input transfers excluded.","Fixed-choice route; common reference-data generation, evaluation, and development search excluded. Shared bank construction includes every augmentation arm."
resolution_g64,64,allen_cahn,coefficient,transformer,smooth,4,100993,73.85987387935165,77.11992748454213,1.5764699317514896,1.5749479411169887,1.6101494431495667,"Measured batch one; 5 warmups, one block of 20 forwards, synchronized CUDA; input transfers excluded.","Fixed-choice route; common reference-data generation, evaluation, and development search excluded. Shared bank construction includes every augmentation arm."
resolution_g64,64,allen_cahn,correct,fno,none,4,209985,25.155871438561007,25.19084601441864,1.2809042469598353,1.2716921977698803,1.2905707582831383,"Measured batch one; 5 warmups, one block of 20 forwards, synchronized CUDA; input transfers excluded.","Fixed-choice route; common reference-data generation, evaluation, and development search excluded. Shared bank construction includes every augmentation arm."
resolution_g64,64,allen_cahn,correct,fno,smooth,4,209985,42.59086273831781,45.87380880501587,1.2709522503428161,1.2424716958776116,1.2951847398653626,"Measured batch one; 5 warmups, one block of 20 forwards, synchronized CUDA; input transfers excluded.","Fixed-choice route; common reference-data generation, evaluation, and development search excluded. Shared bank construction includes every augmentation arm."
resolution_g64,64,allen_cahn,correct,looped,none,4,34049,39.679956153733656,39.72016127081588,1.5772016486153007,1.5698194038122892,1.7406499944627285,"Measured batch one; 5 warmups, one block of 20 forwards, synchronized CUDA; input transfers excluded.","Fixed-choice route; common reference-data generation, evaluation, and development search excluded. Shared bank construction includes every augmentation arm."
resolution_g64,64,allen_cahn,correct,looped,smooth,4,34049,70.0943652704591,73.38218099134974,1.5832309261895716,1.5759273897856474,1.6199269099161029,"Measured batch one; 5 warmups, one block of 20 forwards, synchronized CUDA; input transfers excluded.","Fixed-choice route; common reference-data generation, evaluation, and development search excluded. Shared bank construction includes every augmentation arm."
resolution_g64,64,allen_cahn,correct,transformer,none,4,100993,43.22044836706482,43.26427483931184,1.574439147952944,1.5737574081867933,1.5821084612980485,"Measured batch one; 5 warmups, one block of 20 forwards, synchronized CUDA; input transfers excluded.","Fixed-choice route; common reference-data generation, evaluation, and development search excluded. Shared bank construction includes every augmentation arm."
resolution_g64,64,allen_cahn,correct,transformer,smooth,4,100993,73.27978719654493,76.57166629517451,1.5742623945698142,1.5736398985609412,1.5855614095926285,"Measured batch one; 5 warmups, one block of 20 forwards, synchronized CUDA; input transfers excluded.","Fixed-choice route; common reference-data generation, evaluation, and development search excluded. Shared bank construction includes every augmentation arm."
resolution_g64,64,wave,coefficient,fno,none,4,210306,25.218892073142342,25.25335628259927,1.3179865316487849,1.2633617501705885,1.4659647829830647,"Measured batch one; 5 warmups, one block of 20 forwards, synchronized CUDA; input transfers excluded.","Fixed-choice route; common reference-data generation, evaluation, and development search excluded. Shared bank construction includes every augmentation arm."
resolution_g64,64,wave,coefficient,fno,smooth,4,210306,42.87336381722707,46.26552612252999,1.263430225662887,1.2609102530404925,1.2949521886184812,"Measured batch one; 5 warmups, one block of 20 forwards, synchronized CUDA; input transfers excluded.","Fixed-choice route; common reference-data generation, evaluation, and development search excluded. Shared bank construction includes every augmentation arm."
resolution_g64,64,wave,coefficient,looped,none,4,34178,39.83101120905485,39.871266173082404,1.5768911456689239,1.5737433917820454,1.5820374013856053,"Measured batch one; 5 warmups, one block of 20 forwards, synchronized CUDA; input transfers excluded.","Fixed-choice route; common reference-data generation, evaluation, and development search excluded. Shared bank construction includes every augmentation arm."
resolution_g64,64,wave,coefficient,looped,smooth,4,34178,70.77296870423015,74.16993773938157,1.5726123936474323,1.5687029110267758,1.5931633999571204,"Measured batch one; 5 warmups, one block of 20 forwards, synchronized CUDA; input transfers excluded.","Fixed-choice route; common reference-data generation, evaluation, and development search excluded. Shared bank construction includes every augmentation arm."
resolution_g64,64,wave,coefficient,transformer,none,4,101122,43.46465536742471,43.509012560825795,1.5672791516408324,1.5509218908846378,1.5716339694336057,"Measured batch one; 5 warmups, one block of 20 forwards, synchronized CUDA; input transfers excluded.","Fixed-choice route; common reference-data generation, evaluation, and development search excluded. Shared bank construction includes every augmentation arm."
resolution_g64,64,wave,coefficient,transformer,smooth,4,101122,73.92313746130094,77.32454290438909,1.5690601547248662,1.558674406260252,1.5787659445777535,"Measured batch one; 5 warmups, one block of 20 forwards, synchronized CUDA; input transfers excluded.","Fixed-choice route; common reference-data generation, evaluation, and development search excluded. Shared bank construction includes every augmentation arm."
resolution_g64,64,wave,correct,fno,none,4,210306,25.427673994912766,25.46289946581237,1.3861125451512635,1.2681796913966537,1.420669793151319,"Measured batch one; 5 warmups, one block of 20 forwards, synchronized CUDA; input transfers excluded.","Fixed-choice route; common reference-data generation, evaluation, and development search excluded. Shared bank construction includes every augmentation arm."
resolution_g64,64,wave,correct,fno,smooth,4,210306,42.907691781641915,46.31579996494111,1.3185827527195215,1.2636587023735046,1.4329103054478765,"Measured batch one; 5 warmups, one block of 20 forwards, synchronized CUDA; input transfers excluded.","Fixed-choice route; common reference-data generation, evaluation, and development search excluded. Shared bank construction includes every augmentation arm."
resolution_g64,64,wave,correct,looped,none,4,34178,40.12847349839285,40.16865773766767,1.5775061445310712,1.5743028838187456,1.5829639043658972,"Measured batch one; 5 warmups, one block of 20 forwards, synchronized CUDA; input transfers excluded.","Fixed-choice route; common reference-data generation, evaluation, and development search excluded. Shared bank construction includes every augmentation arm."
resolution_g64,64,wave,correct,looped,smooth,4,34178,70.52978415344842,73.94338951527607,1.5831579104997218,1.5676629031077027,1.5910988906398416,"Measured batch one; 5 warmups, one block of 20 forwards, synchronized CUDA; input transfers excluded.","Fixed-choice route; common reference-data generation, evaluation, and development search excluded. Shared bank construction includes every augmentation arm."
resolution_g64,64,wave,correct,transformer,none,4,101122,43.05053738504648,43.09468336380087,1.5943236532621086,1.5835444210097194,1.6060244524851441,"Measured batch one; 5 warmups, one block of 20 forwards, synchronized CUDA; input transfers excluded.","Fixed-choice route; common reference-data generation, evaluation, and development search excluded. Shared bank construction includes every augmentation arm."
resolution_g64,64,wave,correct,transformer,smooth,4,101122,73.812921706005,77.23039357666858,1.573927653953433,1.5659388853237033,1.5931354137137532,"Measured batch one; 5 warmups, one block of 20 forwards, synchronized CUDA; input transfers excluded.","Fixed-choice route; common reference-data generation, evaluation, and development search excluded. Shared bank construction includes every augmentation arm."
selector_g64,64,cahn_hilliard,coefficient,fno,iid,6,209985,42.464386491415404,45.966870355652645,1.2754683033563197,1.2597335502505302,1.2833405286073685,"Measured batch one; 5 warmups, one block of 20 forwards, synchronized CUDA; input transfers excluded.","Fixed-choice route; common reference-data generation, evaluation, and development search excluded. Shared bank construction includes every augmentation arm."
selector_g64,64,cahn_hilliard,coefficient,fno,none,6,209985,25.328269887017086,25.362915674534936,1.2786685372702777,1.2507655192166567,1.301590004004538,"Measured batch one; 5 warmups, one block of 20 forwards, synchronized CUDA; input transfers excluded.","Fixed-choice route; common reference-data generation, evaluation, and development search excluded. Shared bank construction includes every augmentation arm."
selector_g64,64,cahn_hilliard,coefficient,fno,response_matched,6,209985,42.56221144623123,46.06463975870671,1.2878597830422223,1.250301068648696,1.2995790457352996,"Measured batch one; 5 warmups, one block of 20 forwards, synchronized CUDA; input transfers excluded.","Fixed-choice route; common reference-data generation, evaluation, and development search excluded. Shared bank construction includes every augmentation arm."
selector_g64,64,cahn_hilliard,coefficient,fno,smooth,6,209985,42.59244354829813,46.09515468783987,1.2773720198310912,1.2554845539852977,1.2993385316804051,"Measured batch one; 5 warmups, one block of 20 forwards, synchronized CUDA; input transfers excluded.","Fixed-choice route; common reference-data generation, evaluation, and development search excluded. Shared bank construction includes every augmentation arm."
selector_g64,64,cahn_hilliard,coefficient,looped,iid,6,34049,69.70602648076601,73.21337515573639,1.6252345056273043,1.5848129987716675,1.6326085664331913,"Measured batch one; 5 warmups, one block of 20 forwards, synchronized CUDA; input transfers excluded.","Fixed-choice route; common reference-data generation, evaluation, and development search excluded. Shared bank construction includes every augmentation arm."
selector_g64,64,cahn_hilliard,coefficient,looped,none,6,34049,39.54708478584265,39.58612943564852,1.6111545264720917,1.588582550175488,1.6435250407084823,"Measured batch one; 5 warmups, one block of 20 forwards, synchronized CUDA; input transfers excluded.","Fixed-choice route; common reference-data generation, evaluation, and development search excluded. Shared bank construction includes every augmentation arm."
selector_g64,64,cahn_hilliard,coefficient,looped,response_matched,6,34049,69.72639910822424,73.23327484230201,1.6248402651399374,1.589055499061942,1.639306009747088,"Measured batch one; 5 warmups, one block of 20 forwards, synchronized CUDA; input transfers excluded.","Fixed-choice route; common reference-data generation, evaluation, and development search excluded. Shared bank construction includes every augmentation arm."
selector_g64,64,cahn_hilliard,coefficient,looped,smooth,6,34049,70.18402572131406,73.69112472600925,1.6062079928815365,1.5830175718292594,1.6285490710288286,"Measured batch one; 5 warmups, one block of 20 forwards, synchronized CUDA; input transfers excluded.","Fixed-choice route; common reference-data generation, evaluation, and development search excluded. Shared bank construction includes every augmentation arm."
selector_g64,64,cahn_hilliard,coefficient,transformer,iid,6,100993,73.91817955649458,77.42987799846257,1.594302779994905,1.5877870609983802,1.6164669999852777,"Measured batch one; 5 warmups, one block of 20 forwards, synchronized CUDA; input transfers excluded.","Fixed-choice route; common reference-data generation, evaluation, and development search excluded. Shared bank construction includes every augmentation arm."
selector_g64,64,cahn_hilliard,coefficient,transformer,none,6,100993,43.43261189417293,43.47625935962424,1.6052293009124696,1.584765501320362,1.6276770504191518,"Measured batch one; 5 warmups, one block of 20 forwards, synchronized CUDA; input transfers excluded.","Fixed-choice route; common reference-data generation, evaluation, and development search excluded. Shared bank construction includes every augmentation arm."
selector_g64,64,cahn_hilliard,coefficient,transformer,response_matched,6,100993,73.53076719127905,77.04228550001669,1.5912712668068707,1.5706059988588095,1.6246049897745252,"Measured batch one; 5 warmups, one block of 20 forwards, synchronized CUDA; input transfers excluded.","Fixed-choice route; common reference-data generation, evaluation, and development search excluded. Shared bank construction includes every augmentation arm."
selector_g64,64,cahn_hilliard,coefficient,transformer,smooth,6,100993,73.87966489396058,77.39225912637387,1.5851215575821698,1.5709590632468462,1.597798545844853,"Measured batch one; 5 warmups, one block of 20 forwards, synchronized CUDA; input transfers excluded.","Fixed-choice route; common reference-data generation, evaluation, and development search excluded. Shared bank construction includes every augmentation arm."
selector_g64,64,cahn_hilliard,correct,fno,iid,6,209985,42.70425641280599,46.228774051725246,1.2652585515752435,1.2560139875859022,1.2839190196245909,"Measured batch one; 5 warmups, one block of 20 forwards, synchronized CUDA; input transfers excluded.","Fixed-choice route; common reference-data generation, evaluation, and development search excluded. Shared bank construction includes every augmentation arm."
selector_g64,64,cahn_hilliard,correct,fno,none,6,209985,25.241873094346374,25.277012904407457,1.2634262791834772,1.23278156388551,1.2797480449080467,"Measured batch one; 5 warmups, one block of 20 forwards, synchronized CUDA; input transfers excluded.","Fixed-choice route; common reference-data generation, evaluation, and development search excluded. Shared bank construction includes every augmentation arm."
selector_g64,64,cahn_hilliard,correct,fno,response_matched,6,209985,42.59814747935161,46.12240101474648,1.275482273194939,1.23874400742352,1.2969835428521037,"Measured batch one; 5 warmups, one block of 20 forwards, synchronized CUDA; input transfers excluded.","Fixed-choice route; common reference-data generation, evaluation, and development search excluded. Shared bank construction includes every augmentation arm."
selector_g64,64,cahn_hilliard,correct,fno,smooth,6,209985,42.619354295311496,46.14386448233078,1.2648837524466217,1.2468855595216155,1.2821100419387221,"Measured batch one; 5 warmups, one block of 20 forwards, synchronized CUDA; input transfers excluded.","Fixed-choice route; common reference-data generation, evaluation, and development search excluded. Shared bank construction includes every augmentation arm."
selector_g64,64,cahn_hilliard,correct,looped,iid,6,34049,70.05953093765613,73.58914194294873,1.6035460168495774,1.579229044727981,1.630411553196609,"Measured batch one; 5 warmups, one block of 20 forwards, synchronized CUDA; input transfers excluded.","Fixed-choice route; common reference-data generation, evaluation, and development search excluded. Shared bank construction includes every augmentation arm."
selector_g64,64,cahn_hilliard,correct,looped,none,6,34049,39.77850366414835,39.81810554854261,1.5929110231809318,1.5778930624946952,1.6197605524212122,"Measured batch one; 5 warmups, one block of 20 forwards, synchronized CUDA; input transfers excluded.","Fixed-choice route; common reference-data generation, evaluation, and development search excluded. Shared bank construction includes every augmentation arm."
selector_g64,64,cahn_hilliard,correct,looped,response_matched,6,34049,70.13776399117585,73.6667795793619,1.5941504971124232,1.5769940568134189,1.6316155437380075,"Measured batch one; 5 warmups, one block of 20 forwards, synchronized CUDA; input transfers excluded.","Fixed-choice route; common reference-data generation, evaluation, and development search excluded. Shared bank construction includes every augmentation arm."
selector_g64,64,cahn_hilliard,correct,looped,smooth,6,34049,70.18158377800137,73.71036769667019,1.592525525484234,1.5753805171698332,1.7821400426328182,"Measured batch one; 5 warmups, one block of 20 forwards, synchronized CUDA; input transfers excluded.","Fixed-choice route; common reference-data generation, evaluation, and development search excluded. Shared bank construction includes every augmentation arm."
selector_g64,64,cahn_hilliard,correct,transformer,iid,6,100993,73.0399785360787,76.57347054919228,1.5866408008150756,1.5776070533320308,1.6061000060290098,"Measured batch one; 5 warmups, one block of 20 forwards, synchronized CUDA; input transfers excluded.","Fixed-choice route; common reference-data generation, evaluation, and development search excluded. Shared bank construction includes every augmentation arm."
selector_g64,64,cahn_hilliard,correct,transformer,none,6,100993,43.46604075391466,43.50960965726214,1.5928382868878543,1.580854062922299,1.6177635407075286,"Measured batch one; 5 warmups, one block of 20 forwards, synchronized CUDA; input transfers excluded.","Fixed-choice route; common reference-data generation, evaluation, and development search excluded. Shared bank construction includes every augmentation arm."
selector_g64,64,cahn_hilliard,correct,transformer,response_matched,6,100993,73.3959871487071,76.9296537550011,1.606384280603379,1.5864874934777617,1.6294885659590364,"Measured batch one; 5 warmups, one block of 20 forwards, synchronized CUDA; input transfers excluded.","Fixed-choice route; common reference-data generation, evaluation, and development search excluded. Shared bank construction includes every augmentation arm."
selector_g64,64,cahn_hilliard,correct,transformer,smooth,6,100993,73.60530172979149,77.13981768170682,1.6112323035486042,1.581095065921545,1.6326895449310541,"Measured batch one; 5 warmups, one block of 20 forwards, synchronized CUDA; input transfers excluded.","Fixed-choice route; common reference-data generation, evaluation, and development search excluded. Shared bank construction includes every augmentation arm."
selector_g64,64,cahn_hilliard,structural,fno,iid,6,209985,42.728439365979284,46.012475023201354,1.2707947636954486,1.239695493131876,1.2776905437931418,"Measured batch one; 5 warmups, one block of 20 forwards, synchronized CUDA; input transfers excluded.","Fixed-choice route; common reference-data generation, evaluation, and development search excluded. Shared bank construction includes every augmentation arm."
selector_g64,64,cahn_hilliard,structural,fno,none,6,209985,25.34065922962812,25.37575652434801,1.2710515060462058,1.2563220225274563,1.3036215445026755,"Measured batch one; 5 warmups, one block of 20 forwards, synchronized CUDA; input transfers excluded.","Fixed-choice route; common reference-data generation, evaluation, and development search excluded. Shared bank construction includes every augmentation arm."
selector_g64,64,cahn_hilliard,structural,fno,response_matched,6,209985,42.50273608850936,45.78607067574436,1.2825632933527231,1.2608635006472468,1.2914890423417091,"Measured batch one; 5 warmups, one block of 20 forwards, synchronized CUDA; input transfers excluded.","Fixed-choice route; common reference-data generation, evaluation, and development search excluded. Shared bank construction includes every augmentation arm."
selector_g64,64,cahn_hilliard,structural,fno,smooth,6,209985,42.393347803270444,45.67640800649921,1.2788895634002984,1.2578414985910058,1.2907730648294091,"Measured batch one; 5 warmups, one block of 20 forwards, synchronized CUDA; input transfers excluded.","Fixed-choice route; common reference-data generation, evaluation, and development search excluded. Shared bank construction includes every augmentation arm."
selector_g64,64,cahn_hilliard,structural,looped,iid,6,34049,70.0768656146247,73.3644470308597,1.6195822739973664,1.5870190458372235,1.6315520508214831,"Measured batch one; 5 warmups, one block of 20 forwards, synchronized CUDA; input transfers excluded.","Fixed-choice route; common reference-data generation, evaluation, and development search excluded. Shared bank construction includes every augmentation arm."
selector_g64,64,cahn_hilliard,structural,looped,none,6,34049,39.4426044827948,39.48218010932518,1.61853504832834,1.5967560466378927,1.6353969927877188,"Measured batch one; 5 warmups, one block of 20 forwards, synchronized CUDA; input transfers excluded.","Fixed-choice route; common reference-data generation, evaluation, and development search excluded. Shared bank construction includes every augmentation arm."
selector_g64,64,cahn_hilliard,structural,looped,response_matched,6,34049,69.94622468575835,73.23384816719529,1.6202585538849235,1.5719275455921888,1.695133000612259,"Measured batch one; 5 warmups, one block of 20 forwards, synchronized CUDA; input transfers excluded.","Fixed-choice route; common reference-data generation, evaluation, and development search excluded. Shared bank construction includes every augmentation arm."
selector_g64,64,cahn_hilliard,structural,looped,smooth,6,34049,69.99693630620216,73.28435067692772,1.5953695285134017,1.58369904384017,1.9083265447989106,"Measured batch one; 5 warmups, one block of 20 forwards, synchronized CUDA; input transfers excluded.","Fixed-choice route; common reference-data generation, evaluation, and development search excluded. Shared bank construction includes every augmentation arm."
selector_g64,64,cahn_hilliard,structural,transformer,iid,6,100993,73.76430243540865,77.05656313174404,1.5744475298561156,1.5649729873985052,1.6041205497458577,"Measured batch one; 5 warmups, one block of 20 forwards, synchronized CUDA; input transfers excluded.","Fixed-choice route; common reference-data generation, evaluation, and development search excluded. Shared bank construction includes every augmentation arm."
selector_g64,64,cahn_hilliard,structural,transformer,none,6,100993,43.2062674141489,43.25009736985279,1.577428518794477,1.5720134833827615,1.6045570140704513,"Measured batch one; 5 warmups, one block of 20 forwards, synchronized CUDA; input transfers excluded.","Fixed-choice route; common reference-data generation, evaluation, and development search excluded. Shared bank construction includes every augmentation arm."
selector_g64,64,cahn_hilliard,structural,transformer,response_matched,6,100993,73.8010886289024,77.0931255236889,1.5770317986607552,1.566095044836402,1.6164150089025497,"Measured batch one; 5 warmups, one block of 20 forwards, synchronized CUDA; input transfers excluded.","Fixed-choice route; common reference-data generation, evaluation, and development search excluded. Shared bank construction includes every augmentation arm."
selector_g64,64,cahn_hilliard,structural,transformer,smooth,6,100993,73.9944428241967,77.28750739588092,1.5720940427854657,1.5563895693048835,1.5918645542114973,"Measured batch one; 5 warmups, one block of 20 forwards, synchronized CUDA; input transfers excluded.","Fixed-choice route; common reference-data generation, evaluation, and development search excluded. Shared bank construction includes every augmentation arm."
selector_g64,64,fitzhugh_nagumo,coefficient,fno,iid,6,210306,42.80993569393953,46.78288529378673,1.2671208125539124,1.2577605666592717,1.3522165128961205,"Measured batch one; 5 warmups, one block of 20 forwards, synchronized CUDA; input transfers excluded.","Fixed-choice route; common reference-data generation, evaluation, and development search excluded. Shared bank construction includes every augmentation arm."
selector_g64,64,fitzhugh_nagumo,coefficient,fno,none,6,210306,25.23434611572884,25.268852677351486,1.259052287787199,1.2545300414785743,1.2746320106089115,"Measured batch one; 5 warmups, one block of 20 forwards, synchronized CUDA; input transfers excluded.","Fixed-choice route; common reference-data generation, evaluation, and development search excluded. Shared bank construction includes every augmentation arm."
selector_g64,64,fitzhugh_nagumo,coefficient,fno,response_matched,6,210306,42.909967478752755,46.88178960583173,1.2581180199049413,1.2556190369650722,1.3645734870806336,"Measured batch one; 5 warmups, one block of 20 forwards, synchronized CUDA; input transfers excluded.","Fixed-choice route; common reference-data generation, evaluation, and development search excluded. Shared bank construction includes every augmentation arm."
selector_g64,64,fitzhugh_nagumo,coefficient,fno,smooth,6,210306,42.8840195533509,46.85593254383033,1.2568602804094553,1.2523910030722618,1.38213150203228,"Measured batch one; 5 warmups, one block of 20 forwards, synchronized CUDA; input transfers excluded.","Fixed-choice route; common reference-data generation, evaluation, and development search excluded. Shared bank construction includes every augmentation arm."
selector_g64,64,fitzhugh_nagumo,coefficient,looped,iid,6,34178,70.32125640334561,74.29858679650351,1.5728955273516476,1.5694395173341036,1.5788355376571417,"Measured batch one; 5 warmups, one block of 20 forwards, synchronized CUDA; input transfers excluded.","Fixed-choice route; common reference-data generation, evaluation, and development search excluded. Shared bank construction includes every augmentation arm."
selector_g64,64,fitzhugh_nagumo,coefficient,looped,none,6,34178,39.6397314327769,39.68055658042431,1.5847862814553082,1.5616575023159385,1.651614555157721,"Measured batch one; 5 warmups, one block of 20 forwards, synchronized CUDA; input transfers excluded.","Fixed-choice route; common reference-data generation, evaluation, and development search excluded. Shared bank construction includes every augmentation arm."
selector_g64,64,fitzhugh_nagumo,coefficient,looped,response_matched,6,34178,70.32170862859736,74.29863096494228,1.5708733000792563,1.5562135493382812,1.5940709970891476,"Measured batch one; 5 warmups, one block of 20 forwards, synchronized CUDA; input transfers excluded.","Fixed-choice route; common reference-data generation, evaluation, and development search excluded. Shared bank construction includes every augmentation arm."
selector_g64,64,fitzhugh_nagumo,coefficient,looped,smooth,6,34178,69.84856260940433,73.82608989470948,1.5677595627494156,1.5576865524053574,1.5897020464763045,"Measured batch one; 5 warmups, one block of 20 forwards, synchronized CUDA; input transfers excluded.","Fixed-choice route; common reference-data generation, evaluation, and development search excluded. Shared bank construction includes every augmentation arm."
selector_g64,64,fitzhugh_nagumo,coefficient,transformer,iid,6,101122,73.51537986503293,77.49673801691581,1.5807265299372375,1.5723980497568846,1.6211784910410643,"Measured batch one; 5 warmups, one block of 20 forwards, synchronized CUDA; input transfers excluded.","Fixed-choice route; common reference-data generation, evaluation, and development search excluded. Shared bank construction includes every augmentation arm."
selector_g64,64,fitzhugh_nagumo,coefficient,transformer,none,6,101122,43.58603665768169,43.630228870703526,1.5790442819707096,1.5727400546893477,1.613313052803278,"Measured batch one; 5 warmups, one block of 20 forwards, synchronized CUDA; input transfers excluded.","Fixed-choice route; common reference-data generation, evaluation, and development search excluded. Shared bank construction includes every augmentation arm."
selector_g64,64,fitzhugh_nagumo,coefficient,transformer,response_matched,6,101122,73.22333200097394,77.20464521817242,1.5773130231536925,1.5710555482655764,1.6172550385817885,"Measured batch one; 5 warmups, one block of 20 forwards, synchronized CUDA; input transfers excluded.","Fixed-choice route; common reference-data generation, evaluation, and development search excluded. Shared bank construction includes every augmentation arm."
selector_g64,64,fitzhugh_nagumo,coefficient,transformer,smooth,6,101122,73.43879180060078,77.42100085620768,1.575748750474304,1.560406549833715,1.6074725426733494,"Measured batch one; 5 warmups, one block of 20 forwards, synchronized CUDA; input transfers excluded.","Fixed-choice route; common reference-data generation, evaluation, and development search excluded. Shared bank construction includes every augmentation arm."
selector_g64,64,fitzhugh_nagumo,correct,fno,iid,6,210306,42.63910241285339,46.64688144492296,1.2626725481823087,1.2525984784588218,1.2820050120353699,"Measured batch one; 5 warmups, one block of 20 forwards, synchronized CUDA; input transfers excluded.","Fixed-choice route; common reference-data generation, evaluation, and development search excluded. Shared bank construction includes every augmentation arm."
selector_g64,64,fitzhugh_nagumo,correct,fno,none,6,210306,25.279658279769745,25.314103176584467,1.269056007731706,1.251702499575913,1.2882995652034879,"Measured batch one; 5 warmups, one block of 20 forwards, synchronized CUDA; input transfers excluded.","Fixed-choice route; common reference-data generation, evaluation, and development search excluded. Shared bank construction includes every augmentation arm."
selector_g64,64,fitzhugh_nagumo,correct,fno,response_matched,6,210306,42.500286974788956,46.50813572504558,1.2561117764562368,1.254240539856255,1.279187062755227,"Measured batch one; 5 warmups, one block of 20 forwards, synchronized CUDA; input transfers excluded.","Fixed-choice route; common reference-data generation, evaluation, and development search excluded. Shared bank construction includes every augmentation arm."
selector_g64,64,fitzhugh_nagumo,correct,fno,smooth,6,210306,42.60506485030055,46.613091118788965,1.2819992611184716,1.2561650481075048,1.2954200152307749,"Measured batch one; 5 warmups, one block of 20 forwards, synchronized CUDA; input transfers excluded.","Fixed-choice route; common reference-data generation, evaluation, and development search excluded. Shared bank construction includes every augmentation arm."
selector_g64,64,fitzhugh_nagumo,correct,looped,iid,6,34178,70.35063115375426,74.36402409911777,1.5742110554128885,1.5683690551668406,1.581303053535521,"Measured batch one; 5 warmups, one block of 20 forwards, synchronized CUDA; input transfers excluded.","Fixed-choice route; common reference-data generation, evaluation, and development search excluded. Shared bank construction includes every augmentation arm."
selector_g64,64,fitzhugh_nagumo,correct,looped,none,6,34178,39.4606023527837,39.500714774243534,1.5965330530889332,1.5718470560386777,1.612230995669961,"Measured batch one; 5 warmups, one block of 20 forwards, synchronized CUDA; input transfers excluded.","Fixed-choice route; common reference-data generation, evaluation, and development search excluded. Shared bank construction includes every augmentation arm."
selector_g64,64,fitzhugh_nagumo,correct,looped,response_matched,6,34178,70.1572648092794,74.17053833107154,1.5865787747316062,1.567175006493926,1.7262595007196069,"Measured batch one; 5 warmups, one block of 20 forwards, synchronized CUDA; input transfers excluded.","Fixed-choice route; common reference-data generation, evaluation, and development search excluded. Shared bank construction includes every augmentation arm."
selector_g64,64,fitzhugh_nagumo,correct,looped,smooth,6,34178,70.24246808087143,74.25607996340841,1.5932765323668718,1.5674049966037273,1.6590844839811325,"Measured batch one; 5 warmups, one block of 20 forwards, synchronized CUDA; input transfers excluded.","Fixed-choice route; common reference-data generation, evaluation, and development search excluded. Shared bank construction includes every augmentation arm."
selector_g64,64,fitzhugh_nagumo,correct,transformer,iid,6,101122,73.75749389718597,77.77504766033962,1.5902440529316664,1.5710610430687666,1.624793978407979,"Measured batch one; 5 warmups, one block of 20 forwards, synchronized CUDA; input transfers excluded.","Fixed-choice route; common reference-data generation, evaluation, and development search excluded. Shared bank construction includes every augmentation arm."
selector_g64,64,fitzhugh_nagumo,correct,transformer,none,6,101122,43.22752581032304,43.27184052222098,1.5833342680707574,1.5789089957252145,1.6049110097810626,"Measured batch one; 5 warmups, one block of 20 forwards, synchronized CUDA; input transfers excluded.","Fixed-choice route; common reference-data generation, evaluation, and development search excluded. Shared bank construction includes every augmentation arm."
selector_g64,64,fitzhugh_nagumo,correct,transformer,response_matched,6,101122,73.75577080412768,77.77365337622662,1.5751860570162535,1.5593010699376464,1.6152150463312864,"Measured batch one; 5 warmups, one block of 20 forwards, synchronized CUDA; input transfers excluded.","Fixed-choice route; common reference-data generation, evaluation, and development search excluded. Shared bank construction includes every augmentation arm."
selector_g64,64,fitzhugh_nagumo,correct,transformer,smooth,6,101122,74.35748167716277,78.37612888721439,1.5920350328087807,1.5752410050481558,1.612559542991221,"Measured batch one; 5 warmups, one block of 20 forwards, synchronized CUDA; input transfers excluded.","Fixed-choice route; common reference-data generation, evaluation, and development search excluded. Shared bank construction includes every augmentation arm."
selector_g64,64,fitzhugh_nagumo,structural,fno,iid,6,210306,42.62860825487102,46.669378522085026,1.257695269305259,1.2423420557752252,1.28093755338341,"Measured batch one; 5 warmups, one block of 20 forwards, synchronized CUDA; input transfers excluded.","Fixed-choice route; common reference-data generation, evaluation, and development search excluded. Shared bank construction includes every augmentation arm."
selector_g64,64,fitzhugh_nagumo,structural,fno,none,6,210306,25.025310362689197,25.06008428676675,1.2566522578708827,1.2459720484912395,1.2781525496393442,"Measured batch one; 5 warmups, one block of 20 forwards, synchronized CUDA; input transfers excluded.","Fixed-choice route; common reference-data generation, evaluation, and development search excluded. Shared bank construction includes every augmentation arm."
selector_g64,64,fitzhugh_nagumo,structural,fno,response_matched,6,210306,42.81354041257873,46.853483994180955,1.258235250134021,1.2531840475276113,1.2816035421565175,"Measured batch one; 5 warmups, one block of 20 forwards, synchronized CUDA; input transfers excluded.","Fixed-choice route; common reference-data generation, evaluation, and development search excluded. Shared bank construction includes every augmentation arm."
selector_g64,64,fitzhugh_nagumo,structural,fno,smooth,6,210306,42.65954149413543,46.69918141219144,1.2568870442919433,1.2478250078856945,1.2727964902296662,"Measured batch one; 5 warmups, one block of 20 forwards, synchronized CUDA; input transfers excluded.","Fixed-choice route; common reference-data generation, evaluation, and development search excluded. Shared bank construction includes every augmentation arm."
selector_g64,64,fitzhugh_nagumo,structural,looped,iid,6,34178,70.5195311139493,74.5652472206081,1.5983865247108042,1.5724220545962453,1.6060115536674857,"Measured batch one; 5 warmups, one block of 20 forwards, synchronized CUDA; input transfers excluded.","Fixed-choice route; common reference-data generation, evaluation, and development search excluded. Shared bank construction includes every augmentation arm."
selector_g64,64,fitzhugh_nagumo,structural,looped,none,6,34178,39.48239777221655,39.52293698869956,1.5727525460533798,1.5677065588533878,1.594021008349955,"Measured batch one; 5 warmups, one block of 20 forwards, synchronized CUDA; input transfers excluded.","Fixed-choice route; common reference-data generation, evaluation, and development search excluded. Shared bank construction includes every augmentation arm."
selector_g64,64,fitzhugh_nagumo,structural,looped,response_matched,6,34178,70.26976250220712,74.31503310807359,1.588661305140704,1.5701720025390387,1.623614551499486,"Measured batch one; 5 warmups, one block of 20 forwards, synchronized CUDA; input transfers excluded.","Fixed-choice route; common reference-data generation, evaluation, and development search excluded. Shared bank construction includes every augmentation arm."
selector_g64,64,fitzhugh_nagumo,structural,looped,smooth,6,34178,70.28414338439082,74.32967905203502,1.576780527830124,1.5715655637905002,1.6122560482472181,"Measured batch one; 5 warmups, one block of 20 forwards, synchronized CUDA; input transfers excluded.","Fixed-choice route; common reference-data generation, evaluation, and development search excluded. Shared bank construction includes every augmentation arm."
selector_g64,64,fitzhugh_nagumo,structural,transformer,iid,6,101122,73.94770122040063,77.99713560768093,1.6004510573111475,1.5739074908196926,1.6316995490342379,"Measured batch one; 5 warmups, one block of 20 forwards, synchronized CUDA; input transfers excluded.","Fixed-choice route; common reference-data generation, evaluation, and development search excluded. Shared bank construction includes every augmentation arm."
selector_g64,64,fitzhugh_nagumo,structural,transformer,none,6,101122,43.38119576537671,43.42488803124676,1.5783602953888476,1.5742200426757336,1.6101735411211848,"Measured batch one; 5 warmups, one block of 20 forwards, synchronized CUDA; input transfers excluded.","Fixed-choice route; common reference-data generation, evaluation, and development search excluded. Shared bank construction includes every augmentation arm."
selector_g64,64,fitzhugh_nagumo,structural,transformer,response_matched,6,101122,73.70224163813207,77.75130772970927,1.5825664973817766,1.5738975489512086,1.6182030318304896,"Measured batch one; 5 warmups, one block of 20 forwards, synchronized CUDA; input transfers excluded.","Fixed-choice route; common reference-data generation, evaluation, and development search excluded. Shared bank construction includes every augmentation arm."
selector_g64,64,fitzhugh_nagumo,structural,transformer,smooth,6,101122,73.6674218963987,77.71760401246138,1.5838900348171592,1.575275044888258,1.5989275416359305,"Measured batch one; 5 warmups, one block of 20 forwards, synchronized CUDA; input transfers excluded.","Fixed-choice route; common reference-data generation, evaluation, and development search excluded. Shared bank construction includes every augmentation arm."
