stage,grid,family,prior,split,horizon,candidate_kind,candidate_arm,baseline_kind,baseline_arm,candidate_mean_nmse,baseline_mean_nmse,difference_nmse,difference_ci95_low,difference_ci95_high,ratio_of_arithmetic_means,ratio_ci95_low,ratio_ci95_high,interpretation,scope
development,32,advection_diffusion,coefficient,ood,64,fno,iid,mechanistic,,0.05291497928719752,0.5686829936930753,-0.5157680144058778,-0.6325832071642048,-0.4082731320812916,0.09304828854396222,0.04305095939509436,0.17241469701960546,lower_candidate_error,"Post hoc; pointwise 95% paired bootstrap, no multiplicity adjustment or confirmatory decision."
development,32,advection_diffusion,coefficient,ood,64,fno,iid,transformer,iid,0.05291497928719752,1.1793981179517015,-1.126483138664504,-1.5552209974382494,-0.7130276199676958,0.04486608761009103,0.01696768554429558,0.10962075885249364,lower_candidate_error,"Post hoc; pointwise 95% paired bootstrap, no multiplicity adjustment or confirmatory decision."
development,32,advection_diffusion,coefficient,ood,96,fno,iid,mechanistic,,0.11304923614192756,0.7019240169255561,-0.5888747807836285,-0.7319861807576872,-0.4556166927291239,0.16105623032687486,0.05788233674262316,0.3194048242630124,lower_candidate_error,"Post hoc; pointwise 95% paired bootstrap, no multiplicity adjustment or confirmatory decision."
development,32,advection_diffusion,coefficient,ood,96,fno,iid,transformer,iid,0.11304923614192756,1.5023045689203733,-1.3892553327784458,-2.027965776392015,-0.7618038331527085,0.07525054405124393,0.021325083350867576,0.1944685795955081,lower_candidate_error,"Post hoc; pointwise 95% paired bootstrap, no multiplicity adjustment or confirmatory decision."
development,32,advection_diffusion,coefficient,test,64,fno,iid,mechanistic,,0.004944372244867633,0.5313244237183632,-0.5263800514734955,-0.6309147115680735,-0.4261032276580314,0.009305749979015598,0.00293184704515022,0.021830915850001156,lower_candidate_error,"Post hoc; pointwise 95% paired bootstrap, no multiplicity adjustment or confirmatory decision."
development,32,advection_diffusion,coefficient,test,64,fno,iid,transformer,iid,0.004944372244867633,0.004330061106250153,0.0006143111386174797,-0.0031199767021886033,0.007462977463126745,1.1418712400457265,0.3360035074635957,2.8339784979893126,interval_includes_zero,"Post hoc; pointwise 95% paired bootstrap, no multiplicity adjustment or confirmatory decision."
development,32,advection_diffusion,coefficient,test,96,fno,iid,mechanistic,,0.008634919838500272,0.7447897696842862,-0.7361548498457859,-0.8782061797685946,-0.5997962972294922,0.011593768053716131,0.0030479585311720702,0.026377966098048048,lower_candidate_error,"Post hoc; pointwise 95% paired bootstrap, no multiplicity adjustment or confirmatory decision."
development,32,advection_diffusion,coefficient,test,96,fno,iid,transformer,iid,0.008634919838500272,0.005758860334432934,0.0028760595040673385,-0.0038636913443445813,0.01366970898001053,1.4994146996187814,0.3781559628497866,3.6310879062059045,interval_includes_zero,"Post hoc; pointwise 95% paired bootstrap, no multiplicity adjustment or confirmatory decision."
development,32,advection_diffusion,coefficient,ood,64,fno,none,mechanistic,,0.04972419711119871,0.5686829936930753,-0.5189587965818766,-0.6307222824371873,-0.4185378265974182,0.08743746105063839,0.04897066672179986,0.12832476037071952,lower_candidate_error,"Post hoc; pointwise 95% paired bootstrap, no multiplicity adjustment or confirmatory decision."
development,32,advection_diffusion,coefficient,ood,64,fno,none,transformer,none,0.04972419711119871,1.1576989852044715,-1.1079747880932727,-1.4911188353169862,-0.8317723356692723,0.04295088597872138,0.030010221565640156,0.05472219752475824,lower_candidate_error,"Post hoc; pointwise 95% paired bootstrap, no multiplicity adjustment or confirmatory decision."
development,32,advection_diffusion,coefficient,ood,96,fno,none,mechanistic,,0.07315159807895903,0.7019240169255561,-0.6287724188465971,-0.7704909856035852,-0.5046887872626128,0.10421583578143512,0.0591994849533665,0.1518648092956248,lower_candidate_error,"Post hoc; pointwise 95% paired bootstrap, no multiplicity adjustment or confirmatory decision."
development,32,advection_diffusion,coefficient,ood,96,fno,none,transformer,none,0.07315159807895903,1.462410404479139,-1.38925880640018,-2.0466219101417624,-0.9263359247164702,0.050021251117269745,0.036462653045143935,0.06618214755281397,lower_candidate_error,"Post hoc; pointwise 95% paired bootstrap, no multiplicity adjustment or confirmatory decision."
development,32,advection_diffusion,coefficient,test,64,fno,none,mechanistic,,0.0003369979012111661,0.5313244237183632,-0.5309874258171521,-0.6353823385023812,-0.4299057088151324,0.0006342601359311822,0.00047073578440024627,0.0008313137662281023,lower_candidate_error,"Post hoc; pointwise 95% paired bootstrap, no multiplicity adjustment or confirmatory decision."
development,32,advection_diffusion,coefficient,test,64,fno,none,transformer,none,0.0003369979012111661,0.0026425709727570155,-0.0023055730715458495,-0.0029868581982329754,-0.0017459223616792007,0.1275265280234171,0.10114887051524662,0.16455093948159843,lower_candidate_error,"Post hoc; pointwise 95% paired bootstrap, no multiplicity adjustment or confirmatory decision."
development,32,advection_diffusion,coefficient,test,96,fno,none,mechanistic,,0.0004868690648330344,0.7447897696842862,-0.7443029006194531,-0.8849600458271983,-0.6082672628565443,0.0006536999897829108,0.0004581835379148864,0.0009009223998980936,lower_candidate_error,"Post hoc; pointwise 95% paired bootstrap, no multiplicity adjustment or confirmatory decision."
development,32,advection_diffusion,coefficient,test,96,fno,none,transformer,none,0.0004868690648330344,0.0038172295540544036,-0.0033303604892213692,-0.004677978919504374,-0.002160523743431734,0.12754513658103558,0.08886950570766079,0.17770516277702803,lower_candidate_error,"Post hoc; pointwise 95% paired bootstrap, no multiplicity adjustment or confirmatory decision."
development,32,advection_diffusion,coefficient,ood,64,fno,response_matched,mechanistic,,0.047449007298000855,0.5686829936930753,-0.5212339863950745,-0.633762840582283,-0.41880371815168993,0.08343665596515029,0.046564988891587056,0.13129676648753524,lower_candidate_error,"Post hoc; pointwise 95% paired bootstrap, no multiplicity adjustment or confirmatory decision."
development,32,advection_diffusion,coefficient,ood,64,fno,response_matched,transformer,response_matched,0.047449007298000855,1.2867876219691017,-1.2393386146711007,-1.7164352519521937,-0.7569442532142586,0.03687400040839078,0.018929339448767915,0.07413997575485651,lower_candidate_error,"Post hoc; pointwise 95% paired bootstrap, no multiplicity adjustment or confirmatory decision."
development,32,advection_diffusion,coefficient,ood,96,fno,response_matched,mechanistic,,0.07991565999880841,0.7019240169255561,-0.6220083569267476,-0.7617678848176855,-0.49691820116342744,0.11385229465269034,0.05629926135560467,0.19166102756205058,lower_candidate_error,"Post hoc; pointwise 95% paired bootstrap, no multiplicity adjustment or confirmatory decision."
development,32,advection_diffusion,coefficient,ood,96,fno,response_matched,transformer,response_matched,0.07991565999880841,1.6637708274325511,-1.5838551674337427,-2.289617467004266,-0.8597730792295274,0.04803285325186901,0.021170387577253064,0.11521581238608462,lower_candidate_error,"Post hoc; pointwise 95% paired bootstrap, no multiplicity adjustment or confirmatory decision."
development,32,advection_diffusion,coefficient,test,64,fno,response_matched,mechanistic,,0.002909496021394032,0.5313244237183632,-0.5284149276969692,-0.6328421417873921,-0.42787042214480675,0.0054759312606646815,0.0027815970733746746,0.00890530367449156,lower_candidate_error,"Post hoc; pointwise 95% paired bootstrap, no multiplicity adjustment or confirmatory decision."
development,32,advection_diffusion,coefficient,test,64,fno,response_matched,transformer,response_matched,0.002909496021394032,0.005363435797302696,-0.0024539397759086637,-0.0042645114445249415,-0.00047334719019206494,0.5424686956926444,0.26172418691472304,0.9059099411148143,lower_candidate_error,"Post hoc; pointwise 95% paired bootstrap, no multiplicity adjustment or confirmatory decision."
development,32,advection_diffusion,coefficient,test,96,fno,response_matched,mechanistic,,0.004695649061099541,0.7447897696842862,-0.7400941206231867,-0.8807989596707536,-0.6046381340575266,0.0063046637483890385,0.002972409826560144,0.010822178311882398,lower_candidate_error,"Post hoc; pointwise 95% paired bootstrap, no multiplicity adjustment or confirmatory decision."
development,32,advection_diffusion,coefficient,test,96,fno,response_matched,transformer,response_matched,0.004695649061099541,0.0070622351911461155,-0.0023665861300465746,-0.005409937270156827,0.0012918778166060103,0.6648955938180096,0.2941670986598416,1.1950699017398871,interval_includes_zero,"Post hoc; pointwise 95% paired bootstrap, no multiplicity adjustment or confirmatory decision."
development,32,advection_diffusion,coefficient,ood,64,fno,smooth,mechanistic,,0.037418212140607005,0.5686829936930753,-0.5312647815524683,-0.6444965099546704,-0.4281984553646001,0.06579801498478086,0.03341623026286697,0.10181855132969327,lower_candidate_error,"Post hoc; pointwise 95% paired bootstrap, no multiplicity adjustment or confirmatory decision."
development,32,advection_diffusion,coefficient,ood,64,fno,smooth,transformer,smooth,0.037418212140607005,1.1733013756955895,-1.1358831635549824,-1.5288927922467381,-0.8088773487749435,0.03189139032452228,0.013149785076580253,0.059086789116428486,lower_candidate_error,"Post hoc; pointwise 95% paired bootstrap, no multiplicity adjustment or confirmatory decision."
development,32,advection_diffusion,coefficient,ood,64,fno,smooth,fno,none,0.037418212140607005,0.04972419711119871,-0.012305984970591703,-0.043546324707365386,0.012463237753832665,0.7525151599115475,0.33990783811370057,1.3545728316359051,interval_includes_zero,"Post hoc; pointwise 95% paired bootstrap, no multiplicity adjustment or confirmatory decision."
development,32,advection_diffusion,coefficient,ood,96,fno,smooth,mechanistic,,0.05680942181426413,0.7019240169255561,-0.645114595111292,-0.7843982917625855,-0.5192479197592651,0.08093386241874263,0.04066893121557611,0.1259035656472234,lower_candidate_error,"Post hoc; pointwise 95% paired bootstrap, no multiplicity adjustment or confirmatory decision."
development,32,advection_diffusion,coefficient,ood,96,fno,smooth,transformer,smooth,0.05680942181426413,1.4754495721238594,-1.4186401503095953,-2.0659342279283175,-0.8892284997853654,0.03850312669953802,0.014531308375144289,0.07985063541942736,lower_candidate_error,"Post hoc; pointwise 95% paired bootstrap, no multiplicity adjustment or confirmatory decision."
development,32,advection_diffusion,coefficient,ood,96,fno,smooth,fno,none,0.05680942181426413,0.07315159807895903,-0.016342176264694905,-0.060580205392375165,0.018868104867498004,0.7765985064734288,0.35507261242111854,1.349281966974554,interval_includes_zero,"Post hoc; pointwise 95% paired bootstrap, no multiplicity adjustment or confirmatory decision."
development,32,advection_diffusion,coefficient,test,64,fno,smooth,mechanistic,,0.0026457905739177487,0.5313244237183632,-0.5286786331444454,-0.6329339494072539,-0.42808970825290676,0.004979614065925551,0.004017634675723594,0.006144759503786557,lower_candidate_error,"Post hoc; pointwise 95% paired bootstrap, no multiplicity adjustment or confirmatory decision."
development,32,advection_diffusion,coefficient,test,64,fno,smooth,transformer,smooth,0.0026457905739177487,0.005886501893033784,-0.003240711319116035,-0.004692071786053677,-0.0020046414734964904,0.4494673784185537,0.34334033034968653,0.5801576419552837,lower_candidate_error,"Post hoc; pointwise 95% paired bootstrap, no multiplicity adjustment or confirmatory decision."
development,32,advection_diffusion,coefficient,test,64,fno,smooth,fno,none,0.0026457905739177487,0.0003369979012111661,0.0023087926727065828,0.0016969521114482042,0.003073361162660184,7.8510595003969215,5.727001877037441,11.13508069683317,higher_candidate_error,"Post hoc; pointwise 95% paired bootstrap, no multiplicity adjustment or confirmatory decision."
development,32,advection_diffusion,coefficient,test,96,fno,smooth,mechanistic,,0.004040881321821715,0.7447897696842862,-0.7407488883624646,-0.8809392383529004,-0.6055973550698056,0.005425532796368336,0.004408556708716873,0.006609411505084951,lower_candidate_error,"Post hoc; pointwise 95% paired bootstrap, no multiplicity adjustment or confirmatory decision."
development,32,advection_diffusion,coefficient,test,96,fno,smooth,transformer,smooth,0.004040881321821715,0.008226187886307714,-0.004185306564485999,-0.006690947949992119,-0.0020434563865648226,0.49122161779791845,0.37679934523445324,0.6557148451448297,lower_candidate_error,"Post hoc; pointwise 95% paired bootstrap, no multiplicity adjustment or confirmatory decision."
development,32,advection_diffusion,coefficient,test,96,fno,smooth,fno,none,0.004040881321821715,0.0004868690648330344,0.0035540122569886804,0.0026361927354154155,0.004647339109304911,8.299729051808793,5.924063458929689,12.374297243498425,higher_candidate_error,"Post hoc; pointwise 95% paired bootstrap, no multiplicity adjustment or confirmatory decision."
development,32,advection_diffusion,coefficient,ood,64,looped,iid,mechanistic,,12.174830416810712,0.5686829936930753,11.606147423117637,1.2867937441987656,27.394662912865353,21.408817481504656,3.1973283725191406,51.55254932900684,higher_candidate_error,"Post hoc; pointwise 95% paired bootstrap, no multiplicity adjustment or confirmatory decision."
development,32,advection_diffusion,coefficient,ood,64,looped,iid,transformer,iid,12.174830416810712,1.1793981179517015,10.995432298859011,0.6152505030420465,26.584500484925925,10.32291830171404,1.5150917942633018,20.952984688717468,higher_candidate_error,"Post hoc; pointwise 95% paired bootstrap, no multiplicity adjustment or confirmatory decision."
development,32,advection_diffusion,coefficient,ood,96,looped,iid,mechanistic,,32.010143730208995,0.7019240169255561,31.30821971328344,2.0401389346480605,75.16238235343813,45.60343136628119,3.862595574775352,112.24742016053104,higher_candidate_error,"Post hoc; pointwise 95% paired bootstrap, no multiplicity adjustment or confirmatory decision."
development,32,advection_diffusion,coefficient,ood,96,looped,iid,transformer,iid,32.010143730208995,1.5023045689203733,30.507839161288622,1.2341954549846508,73.98946807648903,21.30735963428041,1.7614212011673083,45.03273786067229,higher_candidate_error,"Post hoc; pointwise 95% paired bootstrap, no multiplicity adjustment or confirmatory decision."
development,32,advection_diffusion,coefficient,test,64,looped,iid,mechanistic,,0.022516218616878508,0.5313244237183632,-0.5088082051014847,-0.6128905060861184,-0.41021173526907706,0.04237753359671187,0.013498350156680395,0.09886613656374268,lower_candidate_error,"Post hoc; pointwise 95% paired bootstrap, no multiplicity adjustment or confirmatory decision."
development,32,advection_diffusion,coefficient,test,64,looped,iid,transformer,iid,0.022516218616878508,0.004330061106250153,0.018186157510628354,0.002796816089458414,0.04965872671518253,5.199977105260213,1.6125685497816755,12.806558879286836,higher_candidate_error,"Post hoc; pointwise 95% paired bootstrap, no multiplicity adjustment or confirmatory decision."
development,32,advection_diffusion,coefficient,test,96,looped,iid,mechanistic,,0.5441895854204434,0.7447897696842862,-0.20060018426384285,-0.8315080480115274,1.0170016792138576,0.7306620036565801,0.014672537615294646,2.34021410523556,interval_includes_zero,"Post hoc; pointwise 95% paired bootstrap, no multiplicity adjustment or confirmatory decision."
development,32,advection_diffusion,coefficient,test,96,looped,iid,transformer,iid,0.5441895854204434,0.005758860334432934,0.5384307250860104,0.004559095601196264,1.7857857809565747,94.49605543768217,1.6997393104989036,351.4070154371577,higher_candidate_error,"Post hoc; pointwise 95% paired bootstrap, no multiplicity adjustment or confirmatory decision."
development,32,advection_diffusion,coefficient,ood,64,looped,none,mechanistic,,21.733185064308703,0.5686829936930753,21.164502070615626,0.8718157894575878,45.485744781297456,38.2166959542285,2.4844220177499583,84.54465383729348,higher_candidate_error,"Post hoc; pointwise 95% paired bootstrap, no multiplicity adjustment or confirmatory decision."
development,32,advection_diffusion,coefficient,ood,64,looped,none,transformer,none,21.733185064308703,1.1576989852044715,20.57548607910423,0.09556067908740493,45.05980698482413,18.772742605859857,1.0707420373954286,46.61153202802989,higher_candidate_error,"Post hoc; pointwise 95% paired bootstrap, no multiplicity adjustment or confirmatory decision."
development,32,advection_diffusion,coefficient,ood,96,looped,none,mechanistic,,50.43172309530607,0.7019240169255561,49.72979907838051,1.3738801447536553,111.46995558434408,71.84783805546107,2.894788715187384,165.812703981172,higher_candidate_error,"Post hoc; pointwise 95% paired bootstrap, no multiplicity adjustment or confirmatory decision."
development,32,advection_diffusion,coefficient,ood,96,looped,none,transformer,none,50.43172309530607,1.462410404479139,48.96931269082693,0.31872451871566704,110.97152955508395,34.48534210426938,1.180098903925593,94.73804696339232,higher_candidate_error,"Post hoc; pointwise 95% paired bootstrap, no multiplicity adjustment or confirmatory decision."
development,32,advection_diffusion,coefficient,test,64,looped,none,mechanistic,,0.12916381224012002,0.5313244237183632,-0.40216061147824317,-0.6030933109346065,-0.12126675723234645,0.24309782587480924,0.006444825682024685,0.7781679603590107,lower_candidate_error,"Post hoc; pointwise 95% paired bootstrap, no multiplicity adjustment or confirmatory decision."
development,32,advection_diffusion,coefficient,test,64,looped,none,transformer,none,0.12916381224012002,0.0026425709727570155,0.126521241267363,0.0007597820704494356,0.42051336732531713,48.87808636805027,1.2547867429565833,168.54119955654483,higher_candidate_error,"Post hoc; pointwise 95% paired bootstrap, no multiplicity adjustment or confirmatory decision."
development,32,advection_diffusion,coefficient,test,96,looped,none,mechanistic,,4.02097421098805,0.7447897696842862,3.276184441303764,-0.8384778485236675,12.008007284538449,5.398804299759013,0.006860533662048266,16.995932204019,interval_includes_zero,"Post hoc; pointwise 95% paired bootstrap, no multiplicity adjustment or confirmatory decision."
development,32,advection_diffusion,coefficient,test,96,looped,none,transformer,none,4.02097421098805,0.0038172295540544036,4.017156981433995,0.0008999915295074129,12.781270521785496,1053.3750077244483,1.20482708244332,3867.8268447842743,higher_candidate_error,"Post hoc; pointwise 95% paired bootstrap, no multiplicity adjustment or confirmatory decision."
development,32,advection_diffusion,coefficient,ood,64,looped,response_matched,mechanistic,,9.180421777300467,0.5686829936930753,8.611738783607391,1.2244709673994172,22.16236604006033,16.14330282268867,3.1139369409250603,41.38798478281444,higher_candidate_error,"Post hoc; pointwise 95% paired bootstrap, no multiplicity adjustment or confirmatory decision."
development,32,advection_diffusion,coefficient,ood,64,looped,response_matched,transformer,response_matched,9.180421777300467,1.2867876219691017,7.893634155331365,0.38483818865329217,21.216135505871204,7.134372153232374,1.2604986626102583,15.618326880295925,higher_candidate_error,"Post hoc; pointwise 95% paired bootstrap, no multiplicity adjustment or confirmatory decision."
development,32,advection_diffusion,coefficient,ood,96,looped,response_matched,mechanistic,,24.53624236379753,0.7019240169255561,23.834318346871974,1.871001747573478,60.56801625394312,34.95569573365912,3.6235013204914805,90.76773182574684,higher_candidate_error,"Post hoc; pointwise 95% paired bootstrap, no multiplicity adjustment or confirmatory decision."
development,32,advection_diffusion,coefficient,ood,96,looped,response_matched,transformer,response_matched,24.53624236379753,1.6637708274325511,22.87247153636498,0.8996138215261872,59.38936034800282,14.747369024170622,1.4994890486028942,33.701720954666825,higher_candidate_error,"Post hoc; pointwise 95% paired bootstrap, no multiplicity adjustment or confirmatory decision."
development,32,advection_diffusion,coefficient,test,64,looped,response_matched,mechanistic,,0.02188734691323857,0.5313244237183632,-0.5094370768051246,-0.6146308337570293,-0.4117312771242606,0.04119394090726065,0.014555303101626874,0.10583050888001354,lower_candidate_error,"Post hoc; pointwise 95% paired bootstrap, no multiplicity adjustment or confirmatory decision."
development,32,advection_diffusion,coefficient,test,64,looped,response_matched,transformer,response_matched,0.02188734691323857,0.005363435797302696,0.016523911115935874,0.002324740285214902,0.051872799933273435,4.080844395349311,1.4065012894011102,10.501224135549288,higher_candidate_error,"Post hoc; pointwise 95% paired bootstrap, no multiplicity adjustment or confirmatory decision."
development,32,advection_diffusion,coefficient,test,96,looped,response_matched,mechanistic,,0.6124283653209514,0.7447897696842862,-0.13236140436333488,-0.8335850870730109,1.2644716647651364,0.8222835359037727,0.014696422418884482,2.6959270016535593,interval_includes_zero,"Post hoc; pointwise 95% paired bootstrap, no multiplicity adjustment or confirmatory decision."
development,32,advection_diffusion,coefficient,test,96,looped,response_matched,transformer,response_matched,0.6124283653209514,0.0070622351911461155,0.6053661301298052,0.0037275333198910085,2.0432166073535285,86.71877227888832,1.4839290502411902,295.2397293999853,higher_candidate_error,"Post hoc; pointwise 95% paired bootstrap, no multiplicity adjustment or confirmatory decision."
development,32,advection_diffusion,coefficient,ood,64,looped,smooth,mechanistic,,23.77547079901652,0.5686829936930753,23.206787805323444,2.2766623236178773,53.31230584538499,41.80795111282757,4.749751411447122,98.79124535637017,higher_candidate_error,"Post hoc; pointwise 95% paired bootstrap, no multiplicity adjustment or confirmatory decision."
development,32,advection_diffusion,coefficient,ood,64,looped,smooth,transformer,smooth,23.77547079901652,1.1733013756955895,22.60216942332093,1.503859182575987,52.655766076149696,20.26373725584467,2.1016537577664844,46.662131626169575,higher_candidate_error,"Post hoc; pointwise 95% paired bootstrap, no multiplicity adjustment or confirmatory decision."
development,32,advection_diffusion,coefficient,ood,64,looped,smooth,looped,none,23.77547079901652,21.733185064308703,2.042285734707818,-6.979681214679667,11.262201443050836,1.0939708436045925,0.6974202344134329,2.679509063380503,interval_includes_zero,"Post hoc; pointwise 95% paired bootstrap, no multiplicity adjustment or confirmatory decision."
development,32,advection_diffusion,coefficient,ood,96,looped,smooth,mechanistic,,51.17059353386508,0.7019240169255561,50.46866951693953,3.728339143168622,117.55201215665393,72.90047398291556,5.9636858727652475,175.12424389796345,higher_candidate_error,"Post hoc; pointwise 95% paired bootstrap, no multiplicity adjustment or confirmatory decision."
development,32,advection_diffusion,coefficient,ood,96,looped,smooth,transformer,smooth,51.17059353386508,1.4754495721238594,49.69514396174122,2.74646686356516,116.72975972483046,34.6813571271072,2.564740166841596,81.67404139720477,higher_candidate_error,"Post hoc; pointwise 95% paired bootstrap, no multiplicity adjustment or confirmatory decision."
development,32,advection_diffusion,coefficient,ood,96,looped,smooth,looped,none,51.17059353386508,50.43172309530607,0.7388704385590117,-12.32993859481723,12.126546421581718,1.014650906080736,0.7486968694377859,2.7706542601047888,interval_includes_zero,"Post hoc; pointwise 95% paired bootstrap, no multiplicity adjustment or confirmatory decision."
development,32,advection_diffusion,coefficient,test,64,looped,smooth,mechanistic,,0.6154627709056067,0.5313244237183632,0.08413834718724356,-0.5538522703457546,1.0979647755434534,1.1583558809482517,0.020660427435562064,3.0318300103708715,interval_includes_zero,"Post hoc; pointwise 95% paired bootstrap, no multiplicity adjustment or confirmatory decision."
development,32,advection_diffusion,coefficient,test,64,looped,smooth,transformer,smooth,0.6154627709056067,0.005886501893033784,0.609576269012573,0.0044427594459446355,1.6418575551591468,104.55492618357245,1.6432778220219002,318.98135108353085,higher_candidate_error,"Post hoc; pointwise 95% paired bootstrap, no multiplicity adjustment or confirmatory decision."
development,32,advection_diffusion,coefficient,test,64,looped,smooth,looped,none,0.6154627709056067,0.12916381224012002,0.4862989586654867,0.00607360284222563,1.2661869407484199,4.764978365313653,2.1503910383354,113.8295324003591,higher_candidate_error,"Post hoc; pointwise 95% paired bootstrap, no multiplicity adjustment or confirmatory decision."
development,32,advection_diffusion,coefficient,test,96,looped,smooth,mechanistic,,6.466729805571988,0.7447897696842862,5.721940035887702,-0.7697779438438975,17.848428550145368,8.68262437105334,0.024440640103077706,24.960721830132965,interval_includes_zero,"Post hoc; pointwise 95% paired bootstrap, no multiplicity adjustment or confirmatory decision."
development,32,advection_diffusion,coefficient,test,96,looped,smooth,transformer,smooth,6.466729805571988,0.008226187886307714,6.45850361768568,0.00832648176942293,18.682053798917696,786.1150140195192,1.792094689180574,2796.927645112953,higher_candidate_error,"Post hoc; pointwise 95% paired bootstrap, no multiplicity adjustment or confirmatory decision."
development,32,advection_diffusion,coefficient,test,96,looped,smooth,looped,none,6.466729805571988,4.02097421098805,2.4457555945839378,0.009217062746123243,6.46691836194358,1.6082495102556147,1.237090224704272,365.47167856857664,higher_candidate_error,"Post hoc; pointwise 95% paired bootstrap, no multiplicity adjustment or confirmatory decision."
development,32,advection_diffusion,coefficient,ood,64,transformer,iid,mechanistic,,1.1793981179517015,0.5686829936930753,0.6107151242586262,0.22320476433110917,1.00783154264097,2.07391135488788,1.3862060341834899,2.8657992830985406,higher_candidate_error,"Post hoc; pointwise 95% paired bootstrap, no multiplicity adjustment or confirmatory decision."
development,32,advection_diffusion,coefficient,ood,96,transformer,iid,mechanistic,,1.5023045689203733,0.7019240169255561,0.8003805519948173,0.20985461193518476,1.4046986207345773,2.1402666566397075,1.2929943898976273,3.1075631713534593,higher_candidate_error,"Post hoc; pointwise 95% paired bootstrap, no multiplicity adjustment or confirmatory decision."
development,32,advection_diffusion,coefficient,test,64,transformer,iid,mechanistic,,0.004330061106250153,0.5313244237183632,-0.5269943626121131,-0.6313785909769406,-0.42645226459379293,0.008149561572846818,0.006542537369871811,0.010165117978767122,lower_candidate_error,"Post hoc; pointwise 95% paired bootstrap, no multiplicity adjustment or confirmatory decision."
development,32,advection_diffusion,coefficient,test,96,transformer,iid,mechanistic,,0.005758860334432934,0.7447897696842862,-0.7390309093498533,-0.8788752917235337,-0.6032661305679445,0.0077321958072465126,0.00585122376665163,0.009974883609533147,lower_candidate_error,"Post hoc; pointwise 95% paired bootstrap, no multiplicity adjustment or confirmatory decision."
development,32,advection_diffusion,coefficient,ood,64,transformer,none,mechanistic,,1.1576989852044715,0.5686829936930753,0.5890159915113962,0.32187440096330594,0.9743868277894103,2.0357545381940767,1.5364027316578086,2.7984951750918534,higher_candidate_error,"Post hoc; pointwise 95% paired bootstrap, no multiplicity adjustment or confirmatory decision."
development,32,advection_diffusion,coefficient,ood,96,transformer,none,mechanistic,,1.462410404479139,0.7019240169255561,0.760486387553583,0.2796221880799024,1.4332083636211128,2.083431210809015,1.3860640939481876,3.137916942710083,higher_candidate_error,"Post hoc; pointwise 95% paired bootstrap, no multiplicity adjustment or confirmatory decision."
development,32,advection_diffusion,coefficient,test,64,transformer,none,mechanistic,,0.0026425709727570155,0.5313244237183632,-0.5286818527456062,-0.6331948636180406,-0.4275382588825586,0.004973554489107679,0.0037564206637124356,0.006708026884404986,lower_candidate_error,"Post hoc; pointwise 95% paired bootstrap, no multiplicity adjustment or confirmatory decision."
development,32,advection_diffusion,coefficient,test,96,transformer,none,mechanistic,,0.0038172295540544036,0.7447897696842862,-0.7409725401302318,-0.8813789726607906,-0.6052099984519609,0.005125244343343376,0.003445511752427491,0.00734141490205183,lower_candidate_error,"Post hoc; pointwise 95% paired bootstrap, no multiplicity adjustment or confirmatory decision."
development,32,advection_diffusion,coefficient,ood,64,transformer,response_matched,mechanistic,,1.2867876219691017,0.5686829936930753,0.7181046282760264,0.25863142729711464,1.175103168332833,2.2627503129864928,1.4385211876503023,3.201073096024802,higher_candidate_error,"Post hoc; pointwise 95% paired bootstrap, no multiplicity adjustment or confirmatory decision."
development,32,advection_diffusion,coefficient,ood,96,transformer,response_matched,mechanistic,,1.6637708274325511,0.7019240169255561,0.961846810506995,0.2685922364266924,1.646654737336211,2.3703004702986328,1.3658393133481102,3.543463757086854,higher_candidate_error,"Post hoc; pointwise 95% paired bootstrap, no multiplicity adjustment or confirmatory decision."
development,32,advection_diffusion,coefficient,test,64,transformer,response_matched,mechanistic,,0.005363435797302696,0.5313244237183632,-0.5259609879210605,-0.6297991494124414,-0.42559600108750667,0.010094464997049841,0.008372235735527749,0.012140889975231935,lower_candidate_error,"Post hoc; pointwise 95% paired bootstrap, no multiplicity adjustment or confirmatory decision."
development,32,advection_diffusion,coefficient,test,96,transformer,response_matched,mechanistic,,0.0070622351911461155,0.7447897696842862,-0.7377275344931401,-0.8780175590559607,-0.602043955570139,0.009482186086067981,0.00790733908646216,0.011373777425460287,lower_candidate_error,"Post hoc; pointwise 95% paired bootstrap, no multiplicity adjustment or confirmatory decision."
development,32,advection_diffusion,coefficient,ood,64,transformer,smooth,mechanistic,,1.1733013756955895,0.5686829936930753,0.6046183820025142,0.3123396842178822,0.9658223128458083,2.0631905450100967,1.5329878333734055,2.8115986105554827,higher_candidate_error,"Post hoc; pointwise 95% paired bootstrap, no multiplicity adjustment or confirmatory decision."
development,32,advection_diffusion,coefficient,ood,64,transformer,smooth,transformer,none,1.1733013756955895,1.1576989852044715,0.015602390491118001,-0.11880327078620259,0.19976250285119582,1.0134770701974507,0.8961547570996035,1.195626527122997,interval_includes_zero,"Post hoc; pointwise 95% paired bootstrap, no multiplicity adjustment or confirmatory decision."
development,32,advection_diffusion,coefficient,ood,96,transformer,smooth,mechanistic,,1.4754495721238594,0.7019240169255561,0.7735255551983033,0.26829543627284286,1.398391793939357,2.1020075343572993,1.3697791048932668,3.1032648540528847,higher_candidate_error,"Post hoc; pointwise 95% paired bootstrap, no multiplicity adjustment or confirmatory decision."
development,32,advection_diffusion,coefficient,ood,96,transformer,smooth,transformer,none,1.4754495721238594,1.462410404479139,0.01303916764472035,-0.21227922477216715,0.3200577356903767,1.0089162164087342,0.8561897048330787,1.2693258457717413,interval_includes_zero,"Post hoc; pointwise 95% paired bootstrap, no multiplicity adjustment or confirmatory decision."
development,32,advection_diffusion,coefficient,test,64,transformer,smooth,mechanistic,,0.005886501893033784,0.5313244237183632,-0.5254379218253294,-0.6302363103510243,-0.42494191211453497,0.011078922086506635,0.008314329163951783,0.014322379251116246,lower_candidate_error,"Post hoc; pointwise 95% paired bootstrap, no multiplicity adjustment or confirmatory decision."
development,32,advection_diffusion,coefficient,test,64,transformer,smooth,transformer,none,0.005886501893033784,0.0026425709727570155,0.0032439309202767683,0.0021845481164266506,0.004459131176589036,2.2275662427686282,1.898048888550877,2.6603054703125104,higher_candidate_error,"Post hoc; pointwise 95% paired bootstrap, no multiplicity adjustment or confirmatory decision."
development,32,advection_diffusion,coefficient,test,96,transformer,smooth,mechanistic,,0.008226187886307714,0.7447897696842862,-0.7365635817979785,-0.8766159863136058,-0.6018882228652239,0.011044979699163652,0.007484439741937211,0.014967308741641728,lower_candidate_error,"Post hoc; pointwise 95% paired bootstrap, no multiplicity adjustment or confirmatory decision."
development,32,advection_diffusion,coefficient,test,96,transformer,smooth,transformer,none,0.008226187886307714,0.0038172295540544036,0.004408958332253311,0.002772696470235166,0.006324109251073054,2.1550152459577423,1.8434609785127118,2.5973136032724975,higher_candidate_error,"Post hoc; pointwise 95% paired bootstrap, no multiplicity adjustment or confirmatory decision."
development,32,advection_diffusion,correct,ood,64,fno,iid,mechanistic,,0.02851748480462975,1.6124238090315633e-12,0.028517484803017325,0.01508625585097707,0.04481780736166197,17686097566.22089,9312297004.616714,28482722347.526543,higher_candidate_error,"Post hoc; pointwise 95% paired bootstrap, no multiplicity adjustment or confirmatory decision."
development,32,advection_diffusion,correct,ood,64,fno,iid,transformer,iid,0.02851748480462975,1.2561389718037173,-1.2276214869990876,-1.6558164866606624,-0.7969059445816242,0.02270249187769477,0.015191586102945968,0.030999194445224823,lower_candidate_error,"Post hoc; pointwise 95% paired bootstrap, no multiplicity adjustment or confirmatory decision."
development,32,advection_diffusion,correct,ood,96,fno,iid,mechanistic,,0.04323042843087229,2.5465141721039888e-12,0.04323042842832578,0.022271768244097073,0.06778780771932683,16976315664.936714,8924219379.148933,26950524691.74599,higher_candidate_error,"Post hoc; pointwise 95% paired bootstrap, no multiplicity adjustment or confirmatory decision."
development,32,advection_diffusion,correct,ood,96,fno,iid,transformer,iid,0.04323042843087229,1.6506100901189058,-1.6073796616880336,-2.272608605525258,-0.928804036344733,0.026190575648158118,0.0182089962173799,0.03582288506218194,lower_candidate_error,"Post hoc; pointwise 95% paired bootstrap, no multiplicity adjustment or confirmatory decision."
development,32,advection_diffusion,correct,test,64,fno,iid,mechanistic,,0.00022707441679326612,2.266825511260489e-12,0.0002270744145264406,0.0001784273097123858,0.00028086155185337184,100172869.79755196,77234473.23405309,130846620.70083399,higher_candidate_error,"Post hoc; pointwise 95% paired bootstrap, no multiplicity adjustment or confirmatory decision."
development,32,advection_diffusion,correct,test,64,fno,iid,transformer,iid,0.00022707441679326612,0.002481551997572995,-0.002254477580779729,-0.003115036005084444,-0.001580103669258934,0.09150500050587262,0.06499559022345838,0.12933024458087958,lower_candidate_error,"Post hoc; pointwise 95% paired bootstrap, no multiplicity adjustment or confirmatory decision."
development,32,advection_diffusion,correct,test,96,fno,iid,mechanistic,,0.00033676522569500174,3.76763665163941e-12,0.0003367652219273651,0.0002603035300774879,0.00042793556839061577,89383679.1688671,68988948.98776774,117094380.75445892,higher_candidate_error,"Post hoc; pointwise 95% paired bootstrap, no multiplicity adjustment or confirmatory decision."
development,32,advection_diffusion,correct,test,96,fno,iid,transformer,iid,0.00033676522569500174,0.003602002790016237,-0.003265237564321235,-0.005356004560603891,-0.0019369541404218936,0.09349388252236299,0.059775020405381143,0.14777307532539305,lower_candidate_error,"Post hoc; pointwise 95% paired bootstrap, no multiplicity adjustment or confirmatory decision."
development,32,advection_diffusion,correct,ood,64,fno,none,mechanistic,,0.0559033271343174,1.6124238090315633e-12,0.055903327132704975,0.028622040981174292,0.08843616787123308,34670368188.05935,17500349420.47093,58632266398.76332,higher_candidate_error,"Post hoc; pointwise 95% paired bootstrap, no multiplicity adjustment or confirmatory decision."
development,32,advection_diffusion,correct,ood,64,fno,none,transformer,none,0.0559033271343174,1.1577025875452118,-1.1017992604108944,-1.4726513972536284,-0.8313931781224747,0.04828815944244765,0.03183312030769613,0.05945073098821884,lower_candidate_error,"Post hoc; pointwise 95% paired bootstrap, no multiplicity adjustment or confirmatory decision."
development,32,advection_diffusion,correct,ood,96,fno,none,mechanistic,,0.08174468868864478,2.5465141721039888e-12,0.08174468868609826,0.04238080823425908,0.1282050611903513,32100621934.142006,16495578607.995483,52907277020.17273,higher_candidate_error,"Post hoc; pointwise 95% paired bootstrap, no multiplicity adjustment or confirmatory decision."
development,32,advection_diffusion,correct,ood,96,fno,none,transformer,none,0.08174468868864478,1.4624164011937195,-1.3806717125050747,-2.021914204104116,-0.9263331603762563,0.05589699939218368,0.04088698446222661,0.06777811478618156,lower_candidate_error,"Post hoc; pointwise 95% paired bootstrap, no multiplicity adjustment or confirmatory decision."
development,32,advection_diffusion,correct,test,64,fno,none,mechanistic,,0.0004245626818379534,2.266825511260489e-12,0.0004245626795711279,0.00030804663788644015,0.0005679415202207437,187293940.2388636,129618210.1559238,265140147.55168325,higher_candidate_error,"Post hoc; pointwise 95% paired bootstrap, no multiplicity adjustment or confirmatory decision."
development,32,advection_diffusion,correct,test,64,fno,none,transformer,none,0.0004245626818379534,0.002642837333670008,-0.0022182746518320546,-0.00295133431450996,-0.0016313269660740745,0.16064654317879615,0.11404428239757551,0.22692472279495066,lower_candidate_error,"Post hoc; pointwise 95% paired bootstrap, no multiplicity adjustment or confirmatory decision."
development,32,advection_diffusion,correct,test,96,fno,none,mechanistic,,0.000625304228676767,3.76763665163941e-12,0.0006253042249091303,0.0004286016909134107,0.000858662935623088,165967232.64295635,110379519.18857267,239622630.09590787,higher_candidate_error,"Post hoc; pointwise 95% paired bootstrap, no multiplicity adjustment or confirmatory decision."
development,32,advection_diffusion,correct,test,96,fno,none,transformer,none,0.000625304228676767,0.0038178056507215392,-0.0031925014220447723,-0.004611492429541056,-0.001968845264661907,0.16378629136309983,0.10456303199005453,0.2593082142485972,lower_candidate_error,"Post hoc; pointwise 95% paired bootstrap, no multiplicity adjustment or confirmatory decision."
development,32,advection_diffusion,correct,ood,64,fno,response_matched,mechanistic,,0.037758882797809125,1.6124238090315633e-12,0.0377588827961967,0.024330605727260694,0.052630283084414586,23417467905.34398,14909869163.353176,34442824289.226944,higher_candidate_error,"Post hoc; pointwise 95% paired bootstrap, no multiplicity adjustment or confirmatory decision."
development,32,advection_diffusion,correct,ood,64,fno,response_matched,transformer,response_matched,0.037758882797809125,1.3619347201686953,-1.3241758373708863,-1.8564615746338566,-0.8290052680065177,0.027724443938937207,0.02100922162116245,0.03644693490277218,lower_candidate_error,"Post hoc; pointwise 95% paired bootstrap, no multiplicity adjustment or confirmatory decision."
development,32,advection_diffusion,correct,ood,96,fno,response_matched,mechanistic,,0.05925277025297377,2.5465141721039888e-12,0.05925277025042726,0.03755223437415786,0.08508939888095977,23268187902.531,14788354502.930946,33995309168.850292,higher_candidate_error,"Post hoc; pointwise 95% paired bootstrap, no multiplicity adjustment or confirmatory decision."
development,32,advection_diffusion,correct,ood,96,fno,response_matched,transformer,response_matched,0.05925277025297377,1.8242473760702118,-1.764994605817238,-2.6396425066741616,-0.9675676523125598,0.032480666290235216,0.022780930432293792,0.04871469735303132,lower_candidate_error,"Post hoc; pointwise 95% paired bootstrap, no multiplicity adjustment or confirmatory decision."
development,32,advection_diffusion,correct,test,64,fno,response_matched,mechanistic,,0.00021473667526100923,2.266825511260489e-12,0.00021473667299418372,0.0001567764231743952,0.0002904330921600968,94730129.9523504,67631852.08691913,135564002.01776648,higher_candidate_error,"Post hoc; pointwise 95% paired bootstrap, no multiplicity adjustment or confirmatory decision."
development,32,advection_diffusion,correct,test,64,fno,response_matched,transformer,response_matched,0.00021473667526100923,0.0029761873766303015,-0.0027614507013692924,-0.004287801424917765,-0.0016297557780326408,0.07215159803014096,0.04286874819938071,0.13455929637775563,lower_candidate_error,"Post hoc; pointwise 95% paired bootstrap, no multiplicity adjustment or confirmatory decision."
development,32,advection_diffusion,correct,test,96,fno,response_matched,mechanistic,,0.00030977761001248525,3.76763665163941e-12,0.0003097776062448486,0.00022984052457734408,0.0004042227542115129,82220670.05258903,60721013.34835139,113059153.05149637,higher_candidate_error,"Post hoc; pointwise 95% paired bootstrap, no multiplicity adjustment or confirmatory decision."
development,32,advection_diffusion,correct,test,96,fno,response_matched,transformer,response_matched,0.00030977761001248525,0.004368465922635018,-0.004058688312622532,-0.007726204836733663,-0.0018214703205760969,0.07091221849926445,0.03894473782796771,0.15963195847033226,lower_candidate_error,"Post hoc; pointwise 95% paired bootstrap, no multiplicity adjustment or confirmatory decision."
development,32,advection_diffusion,correct,ood,64,fno,smooth,mechanistic,,0.036540852716647566,1.6124238090315633e-12,0.03654085271503514,0.02465845877743827,0.05070031596417595,22662064720.189377,14714500604.403683,33555593815.850475,higher_candidate_error,"Post hoc; pointwise 95% paired bootstrap, no multiplicity adjustment or confirmatory decision."
development,32,advection_diffusion,correct,ood,64,fno,smooth,transformer,smooth,0.036540852716647566,1.2974756762536164,-1.2609348235369688,-1.777744754958327,-0.8943170869121206,0.028163034872574336,0.02097698768539308,0.03880847251623753,lower_candidate_error,"Post hoc; pointwise 95% paired bootstrap, no multiplicity adjustment or confirmatory decision."
development,32,advection_diffusion,correct,ood,64,fno,smooth,fno,none,0.036540852716647566,0.0559033271343174,-0.019362474417669834,-0.044402030086812705,0.0008140435726567507,0.6536436128184617,0.46782012018248037,1.0229522614050974,interval_includes_zero,"Post hoc; pointwise 95% paired bootstrap, no multiplicity adjustment or confirmatory decision."
development,32,advection_diffusion,correct,ood,96,fno,smooth,mechanistic,,0.05644289667908523,2.5465141721039888e-12,0.05644289667653872,0.03769086604594024,0.0785717974982698,22164768332.096424,14651021886.853313,32084663787.24028,higher_candidate_error,"Post hoc; pointwise 95% paired bootstrap, no multiplicity adjustment or confirmatory decision."
development,32,advection_diffusion,correct,ood,96,fno,smooth,transformer,smooth,0.05644289667908523,1.6846851553968698,-1.6282422587177845,-2.52692430324271,-0.9950590862519182,0.033503528239844135,0.023346307978708594,0.048186028441213696,lower_candidate_error,"Post hoc; pointwise 95% paired bootstrap, no multiplicity adjustment or confirmatory decision."
development,32,advection_diffusion,correct,ood,96,fno,smooth,fno,none,0.05644289667908523,0.08174468868864478,-0.025301792009559544,-0.05994359887662994,0.0042887285688349855,0.6904778473628925,0.494138212346296,1.0824753554191875,interval_includes_zero,"Post hoc; pointwise 95% paired bootstrap, no multiplicity adjustment or confirmatory decision."
development,32,advection_diffusion,correct,test,64,fno,smooth,mechanistic,,0.00012019822972282196,2.266825511260489e-12,0.00012019822745599645,8.969498024025996e-05,0.0001617934688650266,53024914.853717454,37704061.45122102,74743522.04921691,higher_candidate_error,"Post hoc; pointwise 95% paired bootstrap, no multiplicity adjustment or confirmatory decision."
development,32,advection_diffusion,correct,test,64,fno,smooth,transformer,smooth,0.00012019822972282196,0.0020983857733757974,-0.0019781875436529752,-0.0026721556168215663,-0.001407725724275008,0.05728128318819659,0.03566919119366515,0.08920422382279206,lower_candidate_error,"Post hoc; pointwise 95% paired bootstrap, no multiplicity adjustment or confirmatory decision."
development,32,advection_diffusion,correct,test,64,fno,smooth,fno,none,0.00012019822972282196,0.0004245626818379534,-0.00030436445211513147,-0.000445469905224765,-0.00018325957603659192,0.28311068038876547,0.19265546862387872,0.4238785905852478,lower_candidate_error,"Post hoc; pointwise 95% paired bootstrap, no multiplicity adjustment or confirmatory decision."
development,32,advection_diffusion,correct,test,96,fno,smooth,mechanistic,,0.00016886941510165456,3.76763665163941e-12,0.0001688694113340179,0.00012765989074596976,0.0002203977037350764,44821045.84797859,32717923.76076521,61697003.91839043,higher_candidate_error,"Post hoc; pointwise 95% paired bootstrap, no multiplicity adjustment or confirmatory decision."
development,32,advection_diffusion,correct,test,96,fno,smooth,transformer,smooth,0.00016886941510165456,0.00260247599282793,-0.0024336065777262753,-0.0036296829222514974,-0.0016194983294045217,0.06488798189379487,0.03720706819457005,0.10407993692429542,lower_candidate_error,"Post hoc; pointwise 95% paired bootstrap, no multiplicity adjustment or confirmatory decision."
development,32,advection_diffusion,correct,test,96,fno,smooth,fno,none,0.00016886941510165456,0.000625304228676767,-0.00045643481357511247,-0.0006956010419443171,-0.0002462272411795954,0.2700596083589685,0.1733565849215671,0.44065022104191565,lower_candidate_error,"Post hoc; pointwise 95% paired bootstrap, no multiplicity adjustment or confirmatory decision."
development,32,advection_diffusion,correct,ood,64,looped,iid,mechanistic,,12.974816010720838,1.6124238090315633e-12,12.974816010719225,1.5767111030089926,29.827040041858464,8046777737990.382,966148634056.8864,19711893274432.703,higher_candidate_error,"Post hoc; pointwise 95% paired bootstrap, no multiplicity adjustment or confirmatory decision."
development,32,advection_diffusion,correct,ood,64,looped,iid,transformer,iid,12.974816010720838,1.2561389718037173,11.718677038917122,0.23191537249250138,28.504179749035135,10.329124644616366,1.165290747925157,22.49392600086925,higher_candidate_error,"Post hoc; pointwise 95% paired bootstrap, no multiplicity adjustment or confirmatory decision."
development,32,advection_diffusion,correct,ood,96,looped,iid,mechanistic,,34.36667510460052,2.5465141721039888e-12,34.366675104597974,2.5342540102735867,80.85987479781791,13495575827173.182,1019997657306.2316,34545296320287.285,higher_candidate_error,"Post hoc; pointwise 95% paired bootstrap, no multiplicity adjustment or confirmatory decision."
development,32,advection_diffusion,correct,ood,96,looped,iid,transformer,iid,34.36667510460052,1.6506100901189058,32.716065014481615,0.8498617396023912,78.96396741209327,20.82058949616916,1.4556692946523253,48.16990414176141,higher_candidate_error,"Post hoc; pointwise 95% paired bootstrap, no multiplicity adjustment or confirmatory decision."
development,32,advection_diffusion,correct,test,64,looped,iid,mechanistic,,0.02671264922534315,2.266825511260489e-12,0.026712649223076323,0.002998686987158464,0.08769885514792115,11784166488.619291,1224742252.6479294,39482603183.96102,higher_candidate_error,"Post hoc; pointwise 95% paired bootstrap, no multiplicity adjustment or confirmatory decision."
development,32,advection_diffusion,correct,test,64,looped,iid,transformer,iid,0.02671264922534315,0.002481551997572995,0.024231097227770153,0.00015683128602619274,0.0850451140558215,10.764493047684928,1.0545036453706063,35.74024583805212,higher_candidate_error,"Post hoc; pointwise 95% paired bootstrap, no multiplicity adjustment or confirmatory decision."
development,32,advection_diffusion,correct,test,96,looped,iid,mechanistic,,0.866273604015928,3.76763665163941e-12,0.8662736040121604,0.003832214642844564,2.937567353880123,229924932819.35422,950134461.5739684,783972177645.7394,higher_candidate_error,"Post hoc; pointwise 95% paired bootstrap, no multiplicity adjustment or confirmatory decision."
development,32,advection_diffusion,correct,test,96,looped,iid,transformer,iid,0.866273604015928,0.003602002790016237,0.8626716012259118,-0.0011387342630360888,2.9350315375388365,240.49776041734356,0.7852283082462176,979.1951310305869,interval_includes_zero,"Post hoc; pointwise 95% paired bootstrap, no multiplicity adjustment or confirmatory decision."
development,32,advection_diffusion,correct,ood,64,looped,none,mechanistic,,21.733231509564963,1.6124238090315633e-12,21.73323150956335,1.4356187969619174,46.07857510758295,13478609896375.906,876167899711.7461,31871785085726.49,higher_candidate_error,"Post hoc; pointwise 95% paired bootstrap, no multiplicity adjustment or confirmatory decision."
development,32,advection_diffusion,correct,ood,64,looped,none,transformer,none,21.733231509564963,1.1577025875452118,20.57552892201975,0.09554346536261576,45.05997192162907,18.77272431052264,1.070729712354914,46.61177856531695,higher_candidate_error,"Post hoc; pointwise 95% paired bootstrap, no multiplicity adjustment or confirmatory decision."
development,32,advection_diffusion,correct,ood,96,looped,none,mechanistic,,50.43178745037054,2.5465141721039888e-12,50.431787450368,2.0829313174106217,112.24822398645516,19804243778742.703,813614654203.4841,47893279842735.82,higher_candidate_error,"Post hoc; pointwise 95% paired bootstrap, no multiplicity adjustment or confirmatory decision."
development,32,advection_diffusion,correct,ood,96,looped,none,transformer,none,50.43178745037054,1.4624164011937195,48.96937104917682,0.31869129987483336,110.97179411764724,34.48524470130726,1.1800807195295395,94.73857587833685,higher_candidate_error,"Post hoc; pointwise 95% paired bootstrap, no multiplicity adjustment or confirmatory decision."
development,32,advection_diffusion,correct,test,64,looped,none,mechanistic,,0.12916480399682628,2.266825511260489e-12,0.12916480399455946,0.0034690859665773253,0.42288390638907825,56980479245.18152,1452283787.6726477,186781884707.6439,higher_candidate_error,"Post hoc; pointwise 95% paired bootstrap, no multiplicity adjustment or confirmatory decision."
development,32,advection_diffusion,correct,test,64,looped,none,transformer,none,0.12916480399682628,0.002642837333670008,0.12652196666315627,0.0007597049451092206,0.4205185455548699,48.87353540501867,1.2547621504251296,168.51280551405335,higher_candidate_error,"Post hoc; pointwise 95% paired bootstrap, no multiplicity adjustment or confirmatory decision."
development,32,advection_diffusion,correct,test,96,looped,none,mechanistic,,4.0209885007981425,3.76763665163941e-12,4.020988500794375,0.005080165336462915,12.784617291745537,1067244236263.7308,1316347256.6620324,3417854248602.026,higher_candidate_error,"Post hoc; pointwise 95% paired bootstrap, no multiplicity adjustment or confirmatory decision."
development,32,advection_diffusion,correct,test,96,looped,none,transformer,none,4.0209885007981425,0.0038178056507215392,4.017170695147421,0.0008992123872775402,12.781306911551544,1053.2197991896742,1.2046681159665689,3867.4600005080283,higher_candidate_error,"Post hoc; pointwise 95% paired bootstrap, no multiplicity adjustment or confirmatory decision."
development,32,advection_diffusion,correct,ood,64,looped,response_matched,mechanistic,,10.185364562243032,1.6124238090315633e-12,10.18536456224142,1.5451241209917879,25.83833538381805,6316803625196.068,961693025947.5864,17286660508722.281,higher_candidate_error,"Post hoc; pointwise 95% paired bootstrap, no multiplicity adjustment or confirmatory decision."
development,32,advection_diffusion,correct,ood,64,looped,response_matched,transformer,response_matched,10.185364562243032,1.3619347201686953,8.823429842074336,0.0020077889114894776,24.296632981519448,7.478599679859419,1.0013739519943794,17.972131944217274,higher_candidate_error,"Post hoc; pointwise 95% paired bootstrap, no multiplicity adjustment or confirmatory decision."
development,32,advection_diffusion,correct,ood,96,looped,response_matched,mechanistic,,27.072844847825607,2.5465141721039888e-12,27.07284484782306,2.5400595429934114,68.19202216546383,10631334843684.533,1012061495951.0205,29238184679385.586,higher_candidate_error,"Post hoc; pointwise 95% paired bootstrap, no multiplicity adjustment or confirmatory decision."
development,32,advection_diffusion,correct,ood,96,looped,response_matched,transformer,response_matched,27.072844847825607,1.8242473760702118,25.248597471755396,0.5920431342156932,66.26998507924756,14.840555728875898,1.2611557496560197,37.30772915429965,higher_candidate_error,"Post hoc; pointwise 95% paired bootstrap, no multiplicity adjustment or confirmatory decision."
development,32,advection_diffusion,correct,test,64,looped,response_matched,mechanistic,,0.014824484388784845,2.266825511260489e-12,0.01482448438651802,0.0033715396572819582,0.043324643952979636,6539755404.703186,1395449411.2229214,19524861758.163464,higher_candidate_error,"Post hoc; pointwise 95% paired bootstrap, no multiplicity adjustment or confirmatory decision."
development,32,advection_diffusion,correct,test,64,looped,response_matched,transformer,response_matched,0.014824484388784845,0.0029761873766303015,0.011848297012154544,-0.00028510443874219817,0.040392987357022916,4.981031942138475,0.9320790244310876,15.385204636936548,interval_includes_zero,"Post hoc; pointwise 95% paired bootstrap, no multiplicity adjustment or confirmatory decision."
development,32,advection_diffusion,correct,test,96,looped,response_matched,mechanistic,,0.325956604248764,3.76763665163941e-12,0.32595660424499634,0.004392273931290827,1.173153395121957,86514872421.92812,1097354172.203549,326355060687.7805,higher_candidate_error,"Post hoc; pointwise 95% paired bootstrap, no multiplicity adjustment or confirmatory decision."
development,32,advection_diffusion,correct,test,96,looped,response_matched,transformer,response_matched,0.325956604248764,0.004368465922635018,0.321588138326129,-0.002073315636829981,1.1681676748398138,74.61580564468498,0.7144735751128398,351.24810832251256,interval_includes_zero,"Post hoc; pointwise 95% paired bootstrap, no multiplicity adjustment or confirmatory decision."
development,32,advection_diffusion,correct,ood,64,looped,smooth,mechanistic,,23.49456692778953,1.6124238090315633e-12,23.49456692778792,2.0603107422101674,53.86725710048167,14570962544829.07,1267450308245.6897,36055718205498.43,higher_candidate_error,"Post hoc; pointwise 95% paired bootstrap, no multiplicity adjustment or confirmatory decision."
development,32,advection_diffusion,correct,ood,64,looped,smooth,transformer,smooth,23.49456692778953,1.2974756762536164,22.197091251535916,0.46922664505069095,52.626226257871956,18.10790549509852,1.3308927270975166,47.234449176425606,higher_candidate_error,"Post hoc; pointwise 95% paired bootstrap, no multiplicity adjustment or confirmatory decision."
development,32,advection_diffusion,correct,ood,64,looped,smooth,looped,none,23.49456692778953,21.733231509564963,1.7613354182245686,-5.7885130317044675,10.145811203264795,1.0810434204158452,0.7760350200856505,1.5354857226103966,interval_includes_zero,"Post hoc; pointwise 95% paired bootstrap, no multiplicity adjustment or confirmatory decision."
development,32,advection_diffusion,correct,ood,96,looped,smooth,mechanistic,,52.81034812240576,2.5465141721039888e-12,52.81034812240322,3.0952381708184564,123.27510579195884,20738289502144.273,1204076418799.5935,52403138489304.61,higher_candidate_error,"Post hoc; pointwise 95% paired bootstrap, no multiplicity adjustment or confirmatory decision."
development,32,advection_diffusion,correct,ood,96,looped,smooth,transformer,smooth,52.81034812240576,1.6846851553968698,51.12566296700889,0.9968007440309888,121.78475412757882,31.347310180319695,1.444050839230356,88.6926460650924,higher_candidate_error,"Post hoc; pointwise 95% paired bootstrap, no multiplicity adjustment or confirmatory decision."
development,32,advection_diffusion,correct,ood,96,looped,smooth,looped,none,52.81034812240576,50.43178745037054,2.3785606720352206,-8.923459952405066,14.57052031500128,1.0471639176853673,0.8345708716833639,1.5677713409352647,interval_includes_zero,"Post hoc; pointwise 95% paired bootstrap, no multiplicity adjustment or confirmatory decision."
development,32,advection_diffusion,correct,test,64,looped,smooth,mechanistic,,0.4634224528078173,2.266825511260489e-12,0.4634224528055505,0.003726899718693919,1.5345055013929445,204436755500.4827,1531500742.7492707,686450175560.6489,higher_candidate_error,"Post hoc; pointwise 95% paired bootstrap, no multiplicity adjustment or confirmatory decision."
development,32,advection_diffusion,correct,test,64,looped,smooth,transformer,smooth,0.4634224528078173,0.0020983857733757974,0.4613240670344415,0.0015878486344082683,1.5325692990439386,220.84711909873567,1.6709222258953782,695.3521456874781,higher_candidate_error,"Post hoc; pointwise 95% paired bootstrap, no multiplicity adjustment or confirmatory decision."
development,32,advection_diffusion,correct,test,64,looped,smooth,looped,none,0.4634224528078173,0.12916480399682628,0.334257648810991,-0.0011449002571762817,1.1035389818768213,3.587838470448994,0.779885412519888,4.478465315246427,interval_includes_zero,"Post hoc; pointwise 95% paired bootstrap, no multiplicity adjustment or confirmatory decision."
development,32,advection_diffusion,correct,test,96,looped,smooth,mechanistic,,7.3168939051749815,3.76763665163941e-12,7.316893905171214,0.005441773495979359,23.034690911698483,1942038094886.667,1403775224.115933,6305435441729.362,higher_candidate_error,"Post hoc; pointwise 95% paired bootstrap, no multiplicity adjustment or confirmatory decision."
development,32,advection_diffusion,correct,test,96,looped,smooth,transformer,smooth,7.3168939051749815,0.00260247599282793,7.314291429182154,0.002506886779911989,23.032625134942087,2811.5125462595415,1.7916122094287132,9513.33601962466,higher_candidate_error,"Post hoc; pointwise 95% paired bootstrap, no multiplicity adjustment or confirmatory decision."
development,32,advection_diffusion,correct,test,96,looped,smooth,looped,none,7.3168939051749815,4.0209885007981425,3.295905404376839,-0.0036372308367333453,10.567654853031105,1.8196754115866338,0.625715980529019,2.1932604880999143,interval_includes_zero,"Post hoc; pointwise 95% paired bootstrap, no multiplicity adjustment or confirmatory decision."
development,32,advection_diffusion,correct,ood,64,transformer,iid,mechanistic,,1.2561389718037173,1.6124238090315633e-12,1.2561389718021048,0.8141205897260405,1.6995348919203275,779037722444.7994,491704458660.36536,1170629997437.0864,higher_candidate_error,"Post hoc; pointwise 95% paired bootstrap, no multiplicity adjustment or confirmatory decision."
development,32,advection_diffusion,correct,ood,96,transformer,iid,mechanistic,,1.6506100901189058,2.5465141721039888e-12,1.6506100901163594,0.953043024638878,2.3344647692396268,648184136652.628,363169077359.76324,1014738350716.4469,higher_candidate_error,"Post hoc; pointwise 95% paired bootstrap, no multiplicity adjustment or confirmatory decision."
development,32,advection_diffusion,correct,test,64,transformer,iid,mechanistic,,0.002481551997572995,2.266825511260489e-12,0.0024815519953061693,0.0017919979109602365,0.0033425383921024342,1094725635.1430001,734728471.0541731,1627507216.759349,higher_candidate_error,"Post hoc; pointwise 95% paired bootstrap, no multiplicity adjustment or confirmatory decision."
development,32,advection_diffusion,correct,test,96,transformer,iid,mechanistic,,0.003602002790016237,3.76763665163941e-12,0.0036020027862486,0.002250263954210181,0.005727623669629681,956037729.5005077,559827033.8601024,1616587076.7752619,higher_candidate_error,"Post hoc; pointwise 95% paired bootstrap, no multiplicity adjustment or confirmatory decision."
development,32,advection_diffusion,correct,ood,64,transformer,none,mechanistic,,1.1577025875452118,1.6124238090315633e-12,1.1577025875435993,0.8648397347212619,1.5614439687350528,717989018185.3236,504363207195.3218,1065642510167.44,higher_candidate_error,"Post hoc; pointwise 95% paired bootstrap, no multiplicity adjustment or confirmatory decision."
development,32,advection_diffusion,correct,ood,96,transformer,none,mechanistic,,1.4624164011937195,2.5465141721039888e-12,1.462416401191173,0.9755150970342339,2.1475763127249805,574281665978.4922,367107420884.13477,919452739265.9308,higher_candidate_error,"Post hoc; pointwise 95% paired bootstrap, no multiplicity adjustment or confirmatory decision."
development,32,advection_diffusion,correct,test,64,transformer,none,mechanistic,,0.002642837333670008,2.266825511260489e-12,0.0026428373314031826,0.002038773465601881,0.0033856340747113307,1165875944.3731663,816214935.7145159,1692318170.089201,higher_candidate_error,"Post hoc; pointwise 95% paired bootstrap, no multiplicity adjustment or confirmatory decision."
development,32,advection_diffusion,correct,test,96,transformer,none,mechanistic,,0.0038178056507215392,3.76763665163941e-12,0.0038178056469539024,0.002588159533573178,0.005277728721379092,1013315774.2428,656767629.9306422,1541709563.9724367,higher_candidate_error,"Post hoc; pointwise 95% paired bootstrap, no multiplicity adjustment or confirmatory decision."
development,32,advection_diffusion,correct,ood,64,transformer,response_matched,mechanistic,,1.3619347201686953,1.6124238090315633e-12,1.3619347201670828,0.8558997513325864,1.9050984803584272,844650589094.6165,518102943898.64514,1310244728849.435,higher_candidate_error,"Post hoc; pointwise 95% paired bootstrap, no multiplicity adjustment or confirmatory decision."
development,32,advection_diffusion,correct,ood,96,transformer,response_matched,mechanistic,,1.8242473760702118,2.5465141721039888e-12,1.8242473760676654,1.0079120005446582,2.711662605788625,716370399997.8043,387895935518.685,1167527621040.1982,higher_candidate_error,"Post hoc; pointwise 95% paired bootstrap, no multiplicity adjustment or confirmatory decision."
development,32,advection_diffusion,correct,test,64,transformer,response_matched,mechanistic,,0.0029761873766303015,2.266825511260489e-12,0.002976187374363476,0.0018629523082996998,0.004495744689566976,1312931834.3410408,770309244.7325565,2127282179.2828012,higher_candidate_error,"Post hoc; pointwise 95% paired bootstrap, no multiplicity adjustment or confirmatory decision."
development,32,advection_diffusion,correct,test,96,transformer,response_matched,mechanistic,,0.004368465922635018,3.76763665163941e-12,0.004368465918867382,0.002140883871786117,0.008058220727234994,1159471129.131884,536738012.35841066,2228375695.544666,higher_candidate_error,"Post hoc; pointwise 95% paired bootstrap, no multiplicity adjustment or confirmatory decision."
development,32,advection_diffusion,correct,ood,64,transformer,smooth,mechanistic,,1.2974756762536164,1.6124238090315633e-12,1.2974756762520039,0.9208426309347872,1.8213728071414608,804674099319.3918,548175907253.42316,1241172164339.3442,higher_candidate_error,"Post hoc; pointwise 95% paired bootstrap, no multiplicity adjustment or confirmatory decision."
development,32,advection_diffusion,correct,ood,64,transformer,smooth,transformer,none,1.2974756762536164,1.1577025875452118,0.13977308870840455,0.0016707591069498346,0.28527455435504917,1.1207331573861115,1.0015795880292373,1.2086518342938235,higher_candidate_error,"Post hoc; pointwise 95% paired bootstrap, no multiplicity adjustment or confirmatory decision."
development,32,advection_diffusion,correct,ood,96,transformer,smooth,mechanistic,,1.6846851553968698,2.5465141721039888e-12,1.6846851553943234,1.0329776641059119,2.597289464541368,661565199146.3075,396928503524.47687,1111034243987.222,higher_candidate_error,"Post hoc; pointwise 95% paired bootstrap, no multiplicity adjustment or confirmatory decision."
development,32,advection_diffusion,correct,ood,96,transformer,smooth,transformer,none,1.6846851553968698,1.4624164011937195,0.2222687542031503,-0.020142732174722084,0.48279316406795975,1.1519873231876503,0.982544127662152,1.2614263464110222,interval_includes_zero,"Post hoc; pointwise 95% paired bootstrap, no multiplicity adjustment or confirmatory decision."
development,32,advection_diffusion,correct,test,64,transformer,smooth,mechanistic,,0.0020983857733757974,2.266825511260489e-12,0.0020983857711089717,0.0015328401095523081,0.0027775267886550334,925693558.2170023,627485916.1898075,1383494814.769271,higher_candidate_error,"Post hoc; pointwise 95% paired bootstrap, no multiplicity adjustment or confirmatory decision."
development,32,advection_diffusion,correct,test,64,transformer,smooth,transformer,none,0.0020983857733757974,0.002642837333670008,-0.0005444515602942108,-0.0010747939447901312,-6.795732059760593e-05,0.7939897573876968,0.6170053923995851,0.9707581468230532,lower_candidate_error,"Post hoc; pointwise 95% paired bootstrap, no multiplicity adjustment or confirmatory decision."
development,32,advection_diffusion,correct,test,96,transformer,smooth,mechanistic,,0.00260247599282793,3.76763665163941e-12,0.0026024759890602932,0.0017877539122627827,0.0037847226780015667,690744950.603322,440508620.2873134,1098320879.0488126,higher_candidate_error,"Post hoc; pointwise 95% paired bootstrap, no multiplicity adjustment or confirmatory decision."
development,32,advection_diffusion,correct,test,96,transformer,smooth,transformer,none,0.00260247599282793,0.0038178056507215392,-0.0012153296578936092,-0.002279019551131274,-0.0003406626036405629,0.6816680132306053,0.48105280550588175,0.8846478222380157,lower_candidate_error,"Post hoc; pointwise 95% paired bootstrap, no multiplicity adjustment or confirmatory decision."
development,32,allen_cahn,coefficient,ood,64,fno,iid,mechanistic,,0.0034978818932210887,0.0045151424073957,-0.0010172605141746116,-0.0025557667769134738,0.0004943155779389671,0.7747002370272171,0.494856078538511,1.1216280651409525,interval_includes_zero,"Post hoc; pointwise 95% paired bootstrap, no multiplicity adjustment or confirmatory decision."
development,32,allen_cahn,coefficient,ood,64,fno,iid,transformer,iid,0.0034978818932210887,0.4272020063561328,-0.4237041244629117,-0.5827948829693846,-0.280071407655548,0.008187887325381879,0.004989590358346755,0.013223176116038543,lower_candidate_error,"Post hoc; pointwise 95% paired bootstrap, no multiplicity adjustment or confirmatory decision."
development,32,allen_cahn,coefficient,ood,96,fno,iid,mechanistic,,0.006930265596734364,0.004789149836670484,0.0021411157600638797,-0.0006124397135191888,0.005159819687058017,1.447076377454172,0.8808405247009518,2.120937510709454,interval_includes_zero,"Post hoc; pointwise 95% paired bootstrap, no multiplicity adjustment or confirmatory decision."
development,32,allen_cahn,coefficient,ood,96,fno,iid,transformer,iid,0.006930265596734364,0.6521541586075048,-0.6452238930107704,-0.8457884255570788,-0.4511483745250947,0.010626729133387776,0.00642920798263827,0.016348635858395678,lower_candidate_error,"Post hoc; pointwise 95% paired bootstrap, no multiplicity adjustment or confirmatory decision."
development,32,allen_cahn,coefficient,test,64,fno,iid,mechanistic,,0.00042324915638537394,0.0047589258591633765,-0.004335676702778003,-0.005383644468474312,-0.003669997656349343,0.08893795972265504,0.039386075649822945,0.17437015205861717,lower_candidate_error,"Post hoc; pointwise 95% paired bootstrap, no multiplicity adjustment or confirmatory decision."
development,32,allen_cahn,coefficient,test,64,fno,iid,transformer,iid,0.00042324915638537394,0.001837912621547209,-0.001414663465161835,-0.0020680537698933455,-0.0008956579620955212,0.2302879644131669,0.09257709459551793,0.46669003903251194,lower_candidate_error,"Post hoc; pointwise 95% paired bootstrap, no multiplicity adjustment or confirmatory decision."
development,32,allen_cahn,coefficient,test,96,fno,iid,mechanistic,,0.0005521611146695973,0.005153575108806171,-0.004601413994136574,-0.005738400386447612,-0.003881307420449133,0.1071413733208413,0.05710391790941373,0.18425633354058985,lower_candidate_error,"Post hoc; pointwise 95% paired bootstrap, no multiplicity adjustment or confirmatory decision."
development,32,allen_cahn,coefficient,test,96,fno,iid,transformer,iid,0.0005521611146695973,0.003013522970097635,-0.0024613618554280375,-0.0034561051373130365,-0.0016491639239719436,0.18322777697350948,0.0840553188155328,0.3475155255824244,lower_candidate_error,"Post hoc; pointwise 95% paired bootstrap, no multiplicity adjustment or confirmatory decision."
development,32,allen_cahn,coefficient,ood,64,fno,none,mechanistic,,0.029298709697683476,0.0045151424073957,0.024783567290287776,0.011328571484861674,0.04170291674217718,6.488989062602513,3.3904841540302155,10.838022145326757,higher_candidate_error,"Post hoc; pointwise 95% paired bootstrap, no multiplicity adjustment or confirmatory decision."
development,32,allen_cahn,coefficient,ood,64,fno,none,transformer,none,0.029298709697683476,0.10276754481067307,-0.0734688351129896,-0.1371764234625864,-0.025870382169326387,0.2850969121784509,0.11555419852936301,0.6143591779029164,lower_candidate_error,"Post hoc; pointwise 95% paired bootstrap, no multiplicity adjustment or confirmatory decision."
development,32,allen_cahn,coefficient,ood,96,fno,none,mechanistic,,0.06641230115740641,0.004789149836670484,0.06162315132073593,0.02914148400374795,0.10211295919839573,13.867242291917435,6.968230996161941,22.977799570313607,higher_candidate_error,"Post hoc; pointwise 95% paired bootstrap, no multiplicity adjustment or confirmatory decision."
development,32,allen_cahn,coefficient,ood,96,fno,none,transformer,none,0.06641230115740641,0.18693566216789473,-0.12052336101048831,-0.2583692696095981,-0.019129935282224675,0.3552682264433779,0.1312995361301472,0.8295777448848504,lower_candidate_error,"Post hoc; pointwise 95% paired bootstrap, no multiplicity adjustment or confirmatory decision."
development,32,allen_cahn,coefficient,test,64,fno,none,mechanistic,,0.016806808686309644,0.0047589258591633765,0.012047882827146267,0.003177376382208058,0.021424936055214148,3.531639110104627,1.6735465835148933,5.619110872806308,higher_candidate_error,"Post hoc; pointwise 95% paired bootstrap, no multiplicity adjustment or confirmatory decision."
development,32,allen_cahn,coefficient,test,64,fno,none,transformer,none,0.016806808686309644,0.00212180364903522,0.014685005037274424,0.005772797806287237,0.024111801452056585,7.921000934253114,3.545420804914411,13.60572547166009,higher_candidate_error,"Post hoc; pointwise 95% paired bootstrap, no multiplicity adjustment or confirmatory decision."
development,32,allen_cahn,coefficient,test,96,fno,none,mechanistic,,0.037486932199779444,0.005153575108806171,0.03233335709097327,0.010554582333438672,0.05553033263983445,7.2739664035794585,3.009953945822603,12.204674433935828,higher_candidate_error,"Post hoc; pointwise 95% paired bootstrap, no multiplicity adjustment or confirmatory decision."
development,32,allen_cahn,coefficient,test,96,fno,none,transformer,none,0.037486932199779444,0.0026521580892819928,0.03483477411049745,0.01312341324551911,0.05816125883393912,14.134501390121928,5.677753304856053,24.825391679472613,higher_candidate_error,"Post hoc; pointwise 95% paired bootstrap, no multiplicity adjustment or confirmatory decision."
development,32,allen_cahn,coefficient,ood,64,fno,response_matched,mechanistic,,0.002858958169413677,0.0045151424073957,-0.0016561842379820232,-0.003216924083441764,-2.184465249583554e-05,0.6331933550380977,0.36333449399981294,0.9944737159176434,lower_candidate_error,"Post hoc; pointwise 95% paired bootstrap, no multiplicity adjustment or confirmatory decision."
development,32,allen_cahn,coefficient,ood,64,fno,response_matched,transformer,response_matched,0.002858958169413677,0.4931868326185042,-0.49032787444909054,-0.6424472401947107,-0.34651471153616914,0.005796906933290274,0.0030531428283475702,0.009262789900248149,lower_candidate_error,"Post hoc; pointwise 95% paired bootstrap, no multiplicity adjustment or confirmatory decision."
development,32,allen_cahn,coefficient,ood,96,fno,response_matched,mechanistic,,0.005688780663900072,0.004789149836670484,0.000899630827229588,-0.0017392151797618804,0.004065611234735356,1.1878477094913844,0.6488435316099352,1.8846922798270054,interval_includes_zero,"Post hoc; pointwise 95% paired bootstrap, no multiplicity adjustment or confirmatory decision."
development,32,allen_cahn,coefficient,ood,96,fno,response_matched,transformer,response_matched,0.005688780663900072,0.7225108060839847,-0.7168220254200846,-0.9022168021102702,-0.5361059831729948,0.007873627101486988,0.00392262111477973,0.012824104987977474,lower_candidate_error,"Post hoc; pointwise 95% paired bootstrap, no multiplicity adjustment or confirmatory decision."
development,32,allen_cahn,coefficient,test,64,fno,response_matched,mechanistic,,0.00028121050900853487,0.0047589258591633765,-0.004477715350154842,-0.005598171752420547,-0.00371735443456989,0.059091172531519943,0.037134399080395064,0.09119282400275956,lower_candidate_error,"Post hoc; pointwise 95% paired bootstrap, no multiplicity adjustment or confirmatory decision."
development,32,allen_cahn,coefficient,test,64,fno,response_matched,transformer,response_matched,0.00028121050900853487,0.00195036064808841,-0.001669150139079875,-0.0027231215369503837,-0.001006504324597807,0.14418385096323352,0.08363266774863336,0.24397582740005455,lower_candidate_error,"Post hoc; pointwise 95% paired bootstrap, no multiplicity adjustment or confirmatory decision."
development,32,allen_cahn,coefficient,test,96,fno,response_matched,mechanistic,,0.0003836858684508962,0.005153575108806171,-0.004769889240355275,-0.005963859032582666,-0.003970115098264808,0.07445042719863983,0.05205338581501912,0.10480417799830663,lower_candidate_error,"Post hoc; pointwise 95% paired bootstrap, no multiplicity adjustment or confirmatory decision."
development,32,allen_cahn,coefficient,test,96,fno,response_matched,transformer,response_matched,0.0003836858684508962,0.003090295193990357,-0.002706609325539461,-0.004178401094535987,-0.0017465980280861517,0.12415832286735694,0.07343482901473337,0.2043262629242638,lower_candidate_error,"Post hoc; pointwise 95% paired bootstrap, no multiplicity adjustment or confirmatory decision."
development,32,allen_cahn,coefficient,ood,64,fno,smooth,mechanistic,,0.0044239158787631044,0.0045151424073957,-9.122652863259584e-05,-0.0025733847617193653,0.003157254064113308,0.9797954260571784,0.4817774216842254,1.746803925023063,interval_includes_zero,"Post hoc; pointwise 95% paired bootstrap, no multiplicity adjustment or confirmatory decision."
development,32,allen_cahn,coefficient,ood,64,fno,smooth,transformer,smooth,0.0044239158787631044,0.3335937645177231,-0.32916984863896,-0.4249555363967794,-0.23812962590050396,0.01326138660043231,0.0058832586378641,0.024146472072428603,lower_candidate_error,"Post hoc; pointwise 95% paired bootstrap, no multiplicity adjustment or confirmatory decision."
development,32,allen_cahn,coefficient,ood,64,fno,smooth,fno,none,0.0044239158787631044,0.029298709697683476,-0.02487479381892037,-0.03924547930689629,-0.013158662300254372,0.15099353945654762,0.1038817942779415,0.19450260801740032,lower_candidate_error,"Post hoc; pointwise 95% paired bootstrap, no multiplicity adjustment or confirmatory decision."
development,32,allen_cahn,coefficient,ood,96,fno,smooth,mechanistic,,0.00857714303543547,0.004789149836670484,0.0037879931987649853,-0.0008282203721621034,0.01046824796636299,1.7909531603626911,0.8306596642013057,3.249769910665494,interval_includes_zero,"Post hoc; pointwise 95% paired bootstrap, no multiplicity adjustment or confirmatory decision."
development,32,allen_cahn,coefficient,ood,96,fno,smooth,transformer,smooth,0.00857714303543547,0.5739943769121795,-0.565417233876744,-0.7276033667780611,-0.4121687790555466,0.014942904286931303,0.006209041909185824,0.02865729612753045,lower_candidate_error,"Post hoc; pointwise 95% paired bootstrap, no multiplicity adjustment or confirmatory decision."
development,32,allen_cahn,coefficient,ood,96,fno,smooth,fno,none,0.00857714303543547,0.06641230115740641,-0.057835158121970945,-0.09304384232201754,-0.02894855566188768,0.12914991478922624,0.08258905780635578,0.16780965596085515,lower_candidate_error,"Post hoc; pointwise 95% paired bootstrap, no multiplicity adjustment or confirmatory decision."
development,32,allen_cahn,coefficient,test,64,fno,smooth,mechanistic,,0.000584530824661287,0.0047589258591633765,-0.00417439503450209,-0.005190429159326417,-0.0034955291579532657,0.122828310833161,0.07993740183327484,0.18097750074369995,lower_candidate_error,"Post hoc; pointwise 95% paired bootstrap, no multiplicity adjustment or confirmatory decision."
development,32,allen_cahn,coefficient,test,64,fno,smooth,transformer,smooth,0.000584530824661287,0.001305426375804548,-0.0007208955511432611,-0.0012031312237382676,-0.0003614797903814243,0.4477700431792137,0.28640409808380735,0.690437150552767,lower_candidate_error,"Post hoc; pointwise 95% paired bootstrap, no multiplicity adjustment or confirmatory decision."
development,32,allen_cahn,coefficient,test,64,fno,smooth,fno,none,0.000584530824661287,0.016806808686309644,-0.016222277861648357,-0.025681862747983668,-0.007377658492458504,0.03477940610684939,0.019417262009664173,0.072447921487029,lower_candidate_error,"Post hoc; pointwise 95% paired bootstrap, no multiplicity adjustment or confirmatory decision."
development,32,allen_cahn,coefficient,test,96,fno,smooth,mechanistic,,0.0009197637223500888,0.005153575108806171,-0.004233811386456082,-0.00532293518935496,-0.003496934287647121,0.17847100370739577,0.13413051195127385,0.231224966589109,lower_candidate_error,"Post hoc; pointwise 95% paired bootstrap, no multiplicity adjustment or confirmatory decision."
development,32,allen_cahn,coefficient,test,96,fno,smooth,transformer,smooth,0.0009197637223500888,0.001967457248114186,-0.0010476935257640973,-0.001726585805351502,-0.0005146121827192883,0.4674885430073183,0.3128030877904404,0.6821725150906174,lower_candidate_error,"Post hoc; pointwise 95% paired bootstrap, no multiplicity adjustment or confirmatory decision."
development,32,allen_cahn,coefficient,test,96,fno,smooth,fno,none,0.0009197637223500888,0.037486932199779444,-0.03656716847742936,-0.059787332914037,-0.015088282168604604,0.024535582625123436,0.014500608370021808,0.05348139580903908,lower_candidate_error,"Post hoc; pointwise 95% paired bootstrap, no multiplicity adjustment or confirmatory decision."
development,32,allen_cahn,coefficient,ood,64,looped,iid,mechanistic,,0.3292556193290717,0.0045151424073957,0.324740476921676,0.21141130073155348,0.48990479858497304,72.92253258496532,44.911932108416224,115.65618423400528,higher_candidate_error,"Post hoc; pointwise 95% paired bootstrap, no multiplicity adjustment or confirmatory decision."
development,32,allen_cahn,coefficient,ood,64,looped,iid,transformer,iid,0.3292556193290717,0.4272020063561328,-0.0979463870270611,-0.29749421101524626,0.1560787865054883,0.7707258262607292,0.4739605869505502,1.5171098242648413,interval_includes_zero,"Post hoc; pointwise 95% paired bootstrap, no multiplicity adjustment or confirmatory decision."
development,32,allen_cahn,coefficient,ood,96,looped,iid,mechanistic,,0.6536713489293325,0.004789149836670484,0.6488821990926621,0.4185842683493029,0.9435883681745977,136.49006007792363,85.87174359091767,205.66350517164028,higher_candidate_error,"Post hoc; pointwise 95% paired bootstrap, no multiplicity adjustment or confirmatory decision."
development,32,allen_cahn,coefficient,ood,96,looped,iid,transformer,iid,0.6536713489293325,0.6521541586075048,0.0015171903218277327,-0.2805854469975167,0.3982274700192983,1.002326428961317,0.6492511503374065,1.79448059705418,interval_includes_zero,"Post hoc; pointwise 95% paired bootstrap, no multiplicity adjustment or confirmatory decision."
development,32,allen_cahn,coefficient,test,64,looped,iid,mechanistic,,0.0028180495824711347,0.0047589258591633765,-0.0019408762766922418,-0.002472585117589508,-0.0014542681217565672,0.5921608501306953,0.43945086061051186,0.7224555167431944,lower_candidate_error,"Post hoc; pointwise 95% paired bootstrap, no multiplicity adjustment or confirmatory decision."
development,32,allen_cahn,coefficient,test,64,looped,iid,transformer,iid,0.0028180495824711347,0.001837912621547209,0.0009801369609239257,5.3489709665628877e-05,0.001997966791341667,1.5332881168740315,1.0267191826347035,2.111977903034322,higher_candidate_error,"Post hoc; pointwise 95% paired bootstrap, no multiplicity adjustment or confirmatory decision."
development,32,allen_cahn,coefficient,test,96,looped,iid,mechanistic,,0.0043318775553433785,0.005153575108806171,-0.0008216975534627927,-0.0017033781693599009,2.296468915118211e-05,0.8405577611435764,0.6516901432779904,1.0045876263655402,interval_includes_zero,"Post hoc; pointwise 95% paired bootstrap, no multiplicity adjustment or confirmatory decision."
development,32,allen_cahn,coefficient,test,96,looped,iid,transformer,iid,0.0043318775553433785,0.003013522970097635,0.0013183545852457437,-7.795635062834528e-05,0.002769107117000037,1.437479520921996,0.9754333137723549,2.0044272207919,interval_includes_zero,"Post hoc; pointwise 95% paired bootstrap, no multiplicity adjustment or confirmatory decision."
development,32,allen_cahn,coefficient,ood,64,looped,none,mechanistic,,0.16448091802431222,0.0045151424073957,0.15996577561691652,0.06456583160137908,0.3081396737678585,36.428733179023595,15.042302860790045,71.45534864768726,higher_candidate_error,"Post hoc; pointwise 95% paired bootstrap, no multiplicity adjustment or confirmatory decision."
development,32,allen_cahn,coefficient,ood,64,looped,none,transformer,none,0.16448091802431222,0.10276754481067307,0.06171337321363915,-0.07475773880321802,0.22692641776453856,1.6005142316801735,0.48714973602705974,3.983672036266999,interval_includes_zero,"Post hoc; pointwise 95% paired bootstrap, no multiplicity adjustment or confirmatory decision."
development,32,allen_cahn,coefficient,ood,96,looped,none,mechanistic,,0.3677123672627622,0.004789149836670484,0.3629232174260917,0.13178171315502402,0.7210074543024431,76.78030126499517,28.30354014673723,155.67484224799696,higher_candidate_error,"Post hoc; pointwise 95% paired bootstrap, no multiplicity adjustment or confirmatory decision."
development,32,allen_cahn,coefficient,ood,96,looped,none,transformer,none,0.3677123672627622,0.18693566216789473,0.18077670509486746,-0.13809702822886474,0.5813074906093237,1.9670530652011404,0.5013097120587278,5.452104671881249,interval_includes_zero,"Post hoc; pointwise 95% paired bootstrap, no multiplicity adjustment or confirmatory decision."
development,32,allen_cahn,coefficient,test,64,looped,none,mechanistic,,0.004818466871804557,0.0047589258591633765,5.95410126411804e-05,-0.0011402516817722883,0.0018135710424782901,1.0125114394305037,0.7505642652589172,1.344913378583969,interval_includes_zero,"Post hoc; pointwise 95% paired bootstrap, no multiplicity adjustment or confirmatory decision."
development,32,allen_cahn,coefficient,test,64,looped,none,transformer,none,0.004818466871804557,0.00212180364903522,0.002696663222769337,0.001521717229232777,0.00457847446537494,2.2709296753238712,1.6975110133150004,2.890936101665096,higher_candidate_error,"Post hoc; pointwise 95% paired bootstrap, no multiplicity adjustment or confirmatory decision."
development,32,allen_cahn,coefficient,test,96,looped,none,mechanistic,,0.006080767397885853,0.005153575108806171,0.0009271922890796815,-0.00048487150129828115,0.003144288915847202,1.179912443207695,0.9060222058316934,1.5512957723974787,interval_includes_zero,"Post hoc; pointwise 95% paired bootstrap, no multiplicity adjustment or confirmatory decision."
development,32,allen_cahn,coefficient,test,96,looped,none,transformer,none,0.006080767397885853,0.0026521580892819928,0.00342860930860386,0.001924851356589927,0.005869404481933123,2.2927620425266855,1.6972824179702262,3.03484034510494,higher_candidate_error,"Post hoc; pointwise 95% paired bootstrap, no multiplicity adjustment or confirmatory decision."
development,32,allen_cahn,coefficient,ood,64,looped,response_matched,mechanistic,,0.4253715553361654,0.0045151424073957,0.4208564129287697,0.2765629747302936,0.6035530552564942,94.2099975937451,58.74423150592969,143.82020743022613,higher_candidate_error,"Post hoc; pointwise 95% paired bootstrap, no multiplicity adjustment or confirmatory decision."
development,32,allen_cahn,coefficient,ood,64,looped,response_matched,transformer,response_matched,0.4253715553361654,0.4931868326185042,-0.06781527728233883,-0.2865574260600264,0.1994044871907136,0.8624957667213389,0.5278648106500106,1.5308899269456349,interval_includes_zero,"Post hoc; pointwise 95% paired bootstrap, no multiplicity adjustment or confirmatory decision."
development,32,allen_cahn,coefficient,ood,96,looped,response_matched,mechanistic,,0.7773625007453276,0.004789149836670484,0.7725733509086572,0.5162352285642797,1.0840082577296262,162.31743153932433,105.01833878015351,237.1042286188241,higher_candidate_error,"Post hoc; pointwise 95% paired bootstrap, no multiplicity adjustment or confirmatory decision."
development,32,allen_cahn,coefficient,ood,96,looped,response_matched,transformer,response_matched,0.7773625007453276,0.7225108060839847,0.05485169466134299,-0.2666267695724455,0.4481037210512966,1.0759181650979583,0.6820565574201813,1.7416331902870057,interval_includes_zero,"Post hoc; pointwise 95% paired bootstrap, no multiplicity adjustment or confirmatory decision."
development,32,allen_cahn,coefficient,test,64,looped,response_matched,mechanistic,,0.003057443400623666,0.0047589258591633765,-0.0017014824585397104,-0.0026728012196341475,-0.00013946565756645292,0.6424650207013664,0.412948678965819,0.9758980847214725,lower_candidate_error,"Post hoc; pointwise 95% paired bootstrap, no multiplicity adjustment or confirmatory decision."
development,32,allen_cahn,coefficient,test,64,looped,response_matched,transformer,response_matched,0.003057443400623666,0.00195036064808841,0.0011070827525352562,-4.830486021310786e-05,0.0028091057876523363,1.5676297630493785,0.9741240880454075,2.3556211280219017,interval_includes_zero,"Post hoc; pointwise 95% paired bootstrap, no multiplicity adjustment or confirmatory decision."
development,32,allen_cahn,coefficient,test,96,looped,response_matched,mechanistic,,0.004821550200329156,0.005153575108806171,-0.0003320249084770152,-0.001840544762540657,0.0022783691715217774,0.9355738683405104,0.6343489849414575,1.3930008357604882,interval_includes_zero,"Post hoc; pointwise 95% paired bootstrap, no multiplicity adjustment or confirmatory decision."
development,32,allen_cahn,coefficient,test,96,looped,response_matched,transformer,response_matched,0.004821550200329156,0.003090295193990357,0.001731255006338799,-8.70049350319814e-05,0.00433730664688146,1.560223181819504,0.9741293709200834,2.4095771169732956,interval_includes_zero,"Post hoc; pointwise 95% paired bootstrap, no multiplicity adjustment or confirmatory decision."
development,32,allen_cahn,coefficient,ood,64,looped,smooth,mechanistic,,0.209600206079496,0.0045151424073957,0.2050850636721003,0.11618735605433672,0.3075615566444549,46.421615791381384,26.19964623895978,72.77468181154575,higher_candidate_error,"Post hoc; pointwise 95% paired bootstrap, no multiplicity adjustment or confirmatory decision."
development,32,allen_cahn,coefficient,ood,64,looped,smooth,transformer,smooth,0.209600206079496,0.3335937645177231,-0.1239935584382271,-0.25540665204833146,0.01986050135124291,0.62830972390181,0.34223572134512953,1.072605744437631,interval_includes_zero,"Post hoc; pointwise 95% paired bootstrap, no multiplicity adjustment or confirmatory decision."
development,32,allen_cahn,coefficient,ood,64,looped,smooth,looped,none,0.209600206079496,0.16448091802431222,0.04511928805518378,-0.045364387706888665,0.13881129057939698,1.2743132066451297,0.8147313513990225,2.8536071474038494,interval_includes_zero,"Post hoc; pointwise 95% paired bootstrap, no multiplicity adjustment or confirmatory decision."
development,32,allen_cahn,coefficient,ood,96,looped,smooth,mechanistic,,0.452404385202136,0.004789149836670484,0.4476152353654655,0.21705110512458645,0.7048316813575378,94.46444580582529,46.097307306047476,153.20505177387344,higher_candidate_error,"Post hoc; pointwise 95% paired bootstrap, no multiplicity adjustment or confirmatory decision."
development,32,allen_cahn,coefficient,ood,96,looped,smooth,transformer,smooth,0.452404385202136,0.5739943769121795,-0.12158999171004348,-0.41565193835847686,0.19665067439134803,0.7881686709822131,0.36764133190217796,1.432392068224101,interval_includes_zero,"Post hoc; pointwise 95% paired bootstrap, no multiplicity adjustment or confirmatory decision."
development,32,allen_cahn,coefficient,ood,96,looped,smooth,looped,none,0.452404385202136,0.3677123672627622,0.08469201793937381,-0.13758319824734971,0.3273608579370499,1.2303213747468387,0.7348914610588593,3.041150023246263,interval_includes_zero,"Post hoc; pointwise 95% paired bootstrap, no multiplicity adjustment or confirmatory decision."
development,32,allen_cahn,coefficient,test,64,looped,smooth,mechanistic,,0.0025013901248312487,0.0047589258591633765,-0.002257535734332128,-0.0027713846804043895,-0.0016193607128283836,0.5256207385569557,0.343572758229441,0.706224751748905,lower_candidate_error,"Post hoc; pointwise 95% paired bootstrap, no multiplicity adjustment or confirmatory decision."
development,32,allen_cahn,coefficient,test,64,looped,smooth,transformer,smooth,0.0025013901248312487,0.001305426375804548,0.0011959637490267007,0.0002598024241051759,0.0026109168896880012,1.9161479890350888,1.2087543270908165,3.0082167879443404,higher_candidate_error,"Post hoc; pointwise 95% paired bootstrap, no multiplicity adjustment or confirmatory decision."
development,32,allen_cahn,coefficient,test,64,looped,smooth,looped,none,0.0025013901248312487,0.004818466871804557,-0.0023170767469733082,-0.0040173718480966255,-0.0011335432564679063,0.5191257284486542,0.36748346450631514,0.7404073450555376,lower_candidate_error,"Post hoc; pointwise 95% paired bootstrap, no multiplicity adjustment or confirmatory decision."
development,32,allen_cahn,coefficient,test,96,looped,smooth,mechanistic,,0.003629299783797236,0.005153575108806171,-0.001524275325008935,-0.002304758327675814,-0.0006068280411776638,0.7042295313782602,0.5062314277784462,0.8955120383270848,lower_candidate_error,"Post hoc; pointwise 95% paired bootstrap, no multiplicity adjustment or confirmatory decision."
development,32,allen_cahn,coefficient,test,96,looped,smooth,transformer,smooth,0.003629299783797236,0.001967457248114186,0.0016618425356830502,0.0003782065197365503,0.00347132368904282,1.8446651317460299,1.1827408341743437,2.857678895030275,higher_candidate_error,"Post hoc; pointwise 95% paired bootstrap, no multiplicity adjustment or confirmatory decision."
development,32,allen_cahn,coefficient,test,96,looped,smooth,looped,none,0.003629299783797236,0.006080767397885853,-0.0024514676140886165,-0.004555770973837417,-0.0010075610425449065,0.5968489742033322,0.43155534989796035,0.8235197516117724,lower_candidate_error,"Post hoc; pointwise 95% paired bootstrap, no multiplicity adjustment or confirmatory decision."
development,32,allen_cahn,coefficient,ood,64,transformer,iid,mechanistic,,0.4272020063561328,0.0045151424073957,0.4226868639487371,0.27919096220675044,0.5818675561345313,94.61540031525598,59.668588039617234,140.81323723736244,higher_candidate_error,"Post hoc; pointwise 95% paired bootstrap, no multiplicity adjustment or confirmatory decision."
development,32,allen_cahn,coefficient,ood,96,transformer,iid,mechanistic,,0.6521541586075048,0.004789149836670484,0.6473650087708344,0.4534323388329784,0.8499225661519184,136.17326265592388,90.42147519219718,190.84993884802012,higher_candidate_error,"Post hoc; pointwise 95% paired bootstrap, no multiplicity adjustment or confirmatory decision."
development,32,allen_cahn,coefficient,test,64,transformer,iid,mechanistic,,0.001837912621547209,0.0047589258591633765,-0.0029210132376161673,-0.0038422431333357287,-0.0021460573330459843,0.38620324752659957,0.29198139788610156,0.49975044006959035,lower_candidate_error,"Post hoc; pointwise 95% paired bootstrap, no multiplicity adjustment or confirmatory decision."
development,32,allen_cahn,coefficient,test,96,transformer,iid,mechanistic,,0.003013522970097635,0.005153575108806171,-0.0021400521387085363,-0.0032679228923580775,-0.001016879327030897,0.5847441642886465,0.44029006691792,0.7797824445265209,lower_candidate_error,"Post hoc; pointwise 95% paired bootstrap, no multiplicity adjustment or confirmatory decision."
development,32,allen_cahn,coefficient,ood,64,transformer,none,mechanistic,,0.10276754481067307,0.0045151424073957,0.09825240240327737,0.05723967926712848,0.15343515242352698,22.760643084555248,13.386932546345221,36.45611371978901,higher_candidate_error,"Post hoc; pointwise 95% paired bootstrap, no multiplicity adjustment or confirmatory decision."
development,32,allen_cahn,coefficient,ood,96,transformer,none,mechanistic,,0.18693566216789473,0.004789149836670484,0.18214651233122425,0.10131000725326147,0.29857277352081135,39.03316215678402,21.926313206849752,64.7805599674278,higher_candidate_error,"Post hoc; pointwise 95% paired bootstrap, no multiplicity adjustment or confirmatory decision."
development,32,allen_cahn,coefficient,test,64,transformer,none,mechanistic,,0.00212180364903522,0.0047589258591633765,-0.0026371222101281566,-0.0034383425467641626,-0.0020013816625776256,0.44585768129790426,0.34275892547496195,0.5802558057803658,lower_candidate_error,"Post hoc; pointwise 95% paired bootstrap, no multiplicity adjustment or confirmatory decision."
development,32,allen_cahn,coefficient,test,96,transformer,none,mechanistic,,0.0026521580892819928,0.005153575108806171,-0.0025014170195241784,-0.003506159821601033,-0.0016952266048719513,0.5146249027689764,0.40606342278935803,0.6483307855485013,lower_candidate_error,"Post hoc; pointwise 95% paired bootstrap, no multiplicity adjustment or confirmatory decision."
development,32,allen_cahn,coefficient,ood,64,transformer,response_matched,mechanistic,,0.4931868326185042,0.0045151424073957,0.4886716902111085,0.344991893299465,0.6411740509463202,109.22951883215808,73.17921999056556,154.83826434628153,higher_candidate_error,"Post hoc; pointwise 95% paired bootstrap, no multiplicity adjustment or confirmatory decision."
development,32,allen_cahn,coefficient,ood,96,transformer,response_matched,mechanistic,,0.7225108060839847,0.004789149836670484,0.7177216562473142,0.5369966546368996,0.9027789697744844,150.86410547269264,109.08189346582571,200.31763867398874,higher_candidate_error,"Post hoc; pointwise 95% paired bootstrap, no multiplicity adjustment or confirmatory decision."
development,32,allen_cahn,coefficient,test,64,transformer,response_matched,mechanistic,,0.00195036064808841,0.0047589258591633765,-0.0028085652110749664,-0.003576994137897539,-0.002135194348108077,0.4098321146006013,0.2931792937429323,0.554110671145284,lower_candidate_error,"Post hoc; pointwise 95% paired bootstrap, no multiplicity adjustment or confirmatory decision."
development,32,allen_cahn,coefficient,test,96,transformer,response_matched,mechanistic,,0.003090295193990357,0.005153575108806171,-0.002063279914815814,-0.003056057442412415,-0.0009706859110282161,0.5996410508716202,0.43798209331760823,0.8118645657180007,lower_candidate_error,"Post hoc; pointwise 95% paired bootstrap, no multiplicity adjustment or confirmatory decision."
development,32,allen_cahn,coefficient,ood,64,transformer,smooth,mechanistic,,0.3335937645177231,0.0045151424073957,0.3290786221103274,0.23823153506562886,0.42376610755519084,73.88333177959218,50.41121966789571,102.62778775288841,higher_candidate_error,"Post hoc; pointwise 95% paired bootstrap, no multiplicity adjustment or confirmatory decision."
development,32,allen_cahn,coefficient,ood,64,transformer,smooth,transformer,none,0.3335937645177231,0.10276754481067307,0.23082621970705003,0.1723137754357412,0.2797497274781651,3.2461003630309286,2.617481606035005,4.3934739007782975,higher_candidate_error,"Post hoc; pointwise 95% paired bootstrap, no multiplicity adjustment or confirmatory decision."
development,32,allen_cahn,coefficient,ood,96,transformer,smooth,mechanistic,,0.5739943769121795,0.004789149836670484,0.569205227075509,0.4153283230901577,0.7287520084615656,119.85308384321344,84.7733679582746,160.66748032316875,higher_candidate_error,"Post hoc; pointwise 95% paired bootstrap, no multiplicity adjustment or confirmatory decision."
development,32,allen_cahn,coefficient,ood,96,transformer,smooth,transformer,none,0.5739943769121795,0.18693566216789473,0.38705871474428477,0.29115752962381863,0.477753940407189,3.070545075538616,2.2920072243937764,4.446080883465158,higher_candidate_error,"Post hoc; pointwise 95% paired bootstrap, no multiplicity adjustment or confirmatory decision."
development,32,allen_cahn,coefficient,test,64,transformer,smooth,mechanistic,,0.001305426375804548,0.0047589258591633765,-0.0034534994833588283,-0.004415128398524498,-0.0027818567212650265,0.27431113962217585,0.20447936855183835,0.3584864930127417,lower_candidate_error,"Post hoc; pointwise 95% paired bootstrap, no multiplicity adjustment or confirmatory decision."
development,32,allen_cahn,coefficient,test,64,transformer,smooth,transformer,none,0.001305426375804548,0.00212180364903522,-0.0008163772732306719,-0.0014927938422088214,-0.0003558743009698719,0.6152437226687413,0.4854540148903162,0.8024630240810406,lower_candidate_error,"Post hoc; pointwise 95% paired bootstrap, no multiplicity adjustment or confirmatory decision."
development,32,allen_cahn,coefficient,test,96,transformer,smooth,mechanistic,,0.001967457248114186,0.005153575108806171,-0.003186117860691985,-0.004301528227290525,-0.002304433496968332,0.38176551356596966,0.2832550866337941,0.5016605579359211,lower_candidate_error,"Post hoc; pointwise 95% paired bootstrap, no multiplicity adjustment or confirmatory decision."
development,32,allen_cahn,coefficient,test,96,transformer,smooth,transformer,none,0.001967457248114186,0.0026521580892819928,-0.0006847008411678067,-0.0012410138089168372,-0.00023398512879339975,0.7418325687541601,0.6015106101382038,0.905994502394841,lower_candidate_error,"Post hoc; pointwise 95% paired bootstrap, no multiplicity adjustment or confirmatory decision."
development,32,allen_cahn,correct,ood,64,fno,iid,mechanistic,,0.0036953859311257644,1.51318133840564e-11,0.003695385915993951,0.001991556231456283,0.00534297720353369,244213025.7183451,130633690.00293535,359669393.7161209,higher_candidate_error,"Post hoc; pointwise 95% paired bootstrap, no multiplicity adjustment or confirmatory decision."
development,32,allen_cahn,correct,ood,64,fno,iid,transformer,iid,0.0036953859311257644,0.42232000768672123,-0.41862462175559545,-0.54070662963995,-0.2843331880286162,0.008750203314703046,0.004770205021218378,0.013893817527109414,lower_candidate_error,"Post hoc; pointwise 95% paired bootstrap, no multiplicity adjustment or confirmatory decision."
development,32,allen_cahn,correct,ood,96,fno,iid,mechanistic,,0.007559929699206873,1.5225838458365952e-11,0.007559929683981034,0.0037644357721119738,0.0112047225231871,496519762.76242524,246862580.1999296,751315057.7246671,higher_candidate_error,"Post hoc; pointwise 95% paired bootstrap, no multiplicity adjustment or confirmatory decision."
development,32,allen_cahn,correct,ood,96,fno,iid,transformer,iid,0.007559929699206873,0.644278465465403,-0.6367185357661962,-0.7996961811473661,-0.4598946153614708,0.011733947515607026,0.005890383024129738,0.018240215911789898,lower_candidate_error,"Post hoc; pointwise 95% paired bootstrap, no multiplicity adjustment or confirmatory decision."
development,32,allen_cahn,correct,test,64,fno,iid,mechanistic,,0.0007669464939288306,2.3103475413200626e-12,0.000766946491618483,0.00012599236652006653,0.00311341046430922,331961525.3602151,54594605.511780426,1353234260.1931674,higher_candidate_error,"Post hoc; pointwise 95% paired bootstrap, no multiplicity adjustment or confirmatory decision."
development,32,allen_cahn,correct,test,64,fno,iid,transformer,iid,0.0007669464939288306,0.0024670339766016403,-0.0017000874826728096,-0.003977613060027502,-2.8175920462112513e-05,0.31087796163444237,0.05572370097198081,0.988933071875314,lower_candidate_error,"Post hoc; pointwise 95% paired bootstrap, no multiplicity adjustment or confirmatory decision."
development,32,allen_cahn,correct,test,96,fno,iid,mechanistic,,0.0012770085199977587,2.9833712767948858e-12,0.0012770085170143873,0.00020319902710307363,0.00561746522609914,428042104.55819714,66699119.6093958,1866265575.3056297,higher_candidate_error,"Post hoc; pointwise 95% paired bootstrap, no multiplicity adjustment or confirmatory decision."
development,32,allen_cahn,correct,test,96,fno,iid,transformer,iid,0.0012770085199977587,0.00395944363812966,-0.0026824351181319013,-0.006254353725753504,0.0006556898834173186,0.3225222118835324,0.04975857946589982,1.178303190280834,interval_includes_zero,"Post hoc; pointwise 95% paired bootstrap, no multiplicity adjustment or confirmatory decision."
development,32,allen_cahn,correct,ood,64,fno,none,mechanistic,,0.029283935669245253,1.51318133840564e-11,0.02928393565411344,0.015663407880891038,0.04652716945156641,1935256200.0335135,1019773004.3314211,3172576729.5309935,higher_candidate_error,"Post hoc; pointwise 95% paired bootstrap, no multiplicity adjustment or confirmatory decision."
development,32,allen_cahn,correct,ood,64,fno,none,transformer,none,0.029283935669245253,0.1027676756592113,-0.07348373998996605,-0.13734622356028053,-0.025786901007725457,0.2849527877457689,0.11406688367702651,0.618103264671366,lower_candidate_error,"Post hoc; pointwise 95% paired bootstrap, no multiplicity adjustment or confirmatory decision."
development,32,allen_cahn,correct,ood,96,fno,none,mechanistic,,0.06628356010545426,1.5225838458365952e-11,0.06628356009022843,0.03357727535962865,0.10728762863672582,4353360262.339725,2173912128.2050376,7233425822.090425,higher_candidate_error,"Post hoc; pointwise 95% paired bootstrap, no multiplicity adjustment or confirmatory decision."
development,32,allen_cahn,correct,ood,96,fno,none,transformer,none,0.06628356010545426,0.18693593013539436,-0.1206523700299401,-0.2584705708911348,-0.01889011505107713,0.3545790263939429,0.13019979312296023,0.833590728954764,lower_candidate_error,"Post hoc; pointwise 95% paired bootstrap, no multiplicity adjustment or confirmatory decision."
development,32,allen_cahn,correct,test,64,fno,none,mechanistic,,0.016914534244604266,2.3103475413200626e-12,0.01691453424229392,0.007861861861886942,0.02663039985261444,7321207715.329189,3403780013.6205955,11775039231.817316,higher_candidate_error,"Post hoc; pointwise 95% paired bootstrap, no multiplicity adjustment or confirmatory decision."
development,32,allen_cahn,correct,test,64,fno,none,transformer,none,0.016914534244604266,0.002121800733544075,0.014792733511060191,0.00579869027343047,0.024304370617069238,7.971782635946059,3.5464102462158604,13.726272221299459,higher_candidate_error,"Post hoc; pointwise 95% paired bootstrap, no multiplicity adjustment or confirmatory decision."
development,32,allen_cahn,correct,test,96,fno,none,mechanistic,,0.03791100843523428,2.9833712767948858e-12,0.03791100843225091,0.015857929957436866,0.06182819887617227,12707438973.523628,5266666938.883715,21253379674.551373,higher_candidate_error,"Post hoc; pointwise 95% paired bootstrap, no multiplicity adjustment or confirmatory decision."
development,32,allen_cahn,correct,test,96,fno,none,transformer,none,0.03791100843523428,0.0026521525434529867,0.03525885589178129,0.0130933815153368,0.05914517010845054,14.294429831655085,5.6924923020017575,25.219652461632982,higher_candidate_error,"Post hoc; pointwise 95% paired bootstrap, no multiplicity adjustment or confirmatory decision."
development,32,allen_cahn,correct,ood,64,fno,response_matched,mechanistic,,0.0031238829408429167,1.51318133840564e-11,0.0031238829257111034,0.0014592626483862015,0.005004407141679735,206444717.59970212,95691790.3963425,335035050.67555314,higher_candidate_error,"Post hoc; pointwise 95% paired bootstrap, no multiplicity adjustment or confirmatory decision."
development,32,allen_cahn,correct,ood,64,fno,response_matched,transformer,response_matched,0.0031238829408429167,0.6200002096372733,-0.6168763266964304,-0.7621106007636994,-0.4606146099359787,0.005038519168679833,0.0022281204865816076,0.009124126499337502,lower_candidate_error,"Post hoc; pointwise 95% paired bootstrap, no multiplicity adjustment or confirmatory decision."
development,32,allen_cahn,correct,ood,96,fno,response_matched,mechanistic,,0.00636964197074005,1.5225838458365952e-11,0.006369641955514211,0.0027780347014136294,0.010376733476201175,418344250.0166683,182815241.5748203,688561433.580109,higher_candidate_error,"Post hoc; pointwise 95% paired bootstrap, no multiplicity adjustment or confirmatory decision."
development,32,allen_cahn,correct,ood,96,fno,response_matched,transformer,response_matched,0.00636964197074005,0.8350700896119368,-0.8287004476411968,-1.019953910381626,-0.6279856031004325,0.007627673473133338,0.0031485538485057697,0.014041588428533784,lower_candidate_error,"Post hoc; pointwise 95% paired bootstrap, no multiplicity adjustment or confirmatory decision."
development,32,allen_cahn,correct,test,64,fno,response_matched,mechanistic,,0.00021259085706289062,2.3103475413200626e-12,0.00021259085475254307,8.300532214527761e-05,0.00045391346534554385,92016830.04861799,35598278.39299736,196124714.12006912,higher_candidate_error,"Post hoc; pointwise 95% paired bootstrap, no multiplicity adjustment or confirmatory decision."
development,32,allen_cahn,correct,test,64,fno,response_matched,transformer,response_matched,0.00021259085706289062,0.0023675737252620657,-0.002154982868199175,-0.0035224287536408344,-0.001399878600613234,0.08979270837251711,0.040267123136633005,0.1582562802523146,lower_candidate_error,"Post hoc; pointwise 95% paired bootstrap, no multiplicity adjustment or confirmatory decision."
development,32,allen_cahn,correct,test,96,fno,response_matched,mechanistic,,0.00027963578213970145,2.9833712767948858e-12,0.0002796357791563302,0.0001241173425069709,0.0005531032920535273,93731472.2826324,41310828.12271098,186438496.21139914,higher_candidate_error,"Post hoc; pointwise 95% paired bootstrap, no multiplicity adjustment or confirmatory decision."
development,32,allen_cahn,correct,test,96,fno,response_matched,transformer,response_matched,0.00027963578213970145,0.00399731276203335,-0.0037176769798936485,-0.00570078944726213,-0.0025682123988124955,0.06995594260116303,0.03167001029958275,0.12668602042967184,lower_candidate_error,"Post hoc; pointwise 95% paired bootstrap, no multiplicity adjustment or confirmatory decision."
development,32,allen_cahn,correct,ood,64,fno,smooth,mechanistic,,0.004042319170222454,1.51318133840564e-11,0.004042319155090641,0.0016797916822119431,0.008412611379503346,267140432.38741195,109210525.81584148,561457691.6704639,higher_candidate_error,"Post hoc; pointwise 95% paired bootstrap, no multiplicity adjustment or confirmatory decision."
development,32,allen_cahn,correct,ood,64,fno,smooth,transformer,smooth,0.004042319170222454,0.2662675015693499,-0.26222518239912745,-0.36633667429875216,-0.17041397764586239,0.015181421489282363,0.005233675738148459,0.037926772647856155,lower_candidate_error,"Post hoc; pointwise 95% paired bootstrap, no multiplicity adjustment or confirmatory decision."
development,32,allen_cahn,correct,ood,64,fno,smooth,fno,none,0.004042319170222454,0.029283935669245253,-0.0252416164990228,-0.03881021650647057,-0.013660586673789768,0.13803879423447177,0.06812652846821587,0.2020981463306429,lower_candidate_error,"Post hoc; pointwise 95% paired bootstrap, no multiplicity adjustment or confirmatory decision."
development,32,allen_cahn,correct,ood,96,fno,smooth,mechanistic,,0.00815014438329043,1.5225838458365952e-11,0.008150144368064592,0.0031060590660907817,0.017610200475411328,535283781.2890542,201456424.53968102,1165625732.9182117,higher_candidate_error,"Post hoc; pointwise 95% paired bootstrap, no multiplicity adjustment or confirmatory decision."
development,32,allen_cahn,correct,ood,96,fno,smooth,transformer,smooth,0.00815014438329043,0.4633257136122148,-0.4551755692289244,-0.6322684560827173,-0.2906345117025506,0.017590528960177196,0.005682191471407176,0.04767561826796943,lower_candidate_error,"Post hoc; pointwise 95% paired bootstrap, no multiplicity adjustment or confirmatory decision."
development,32,allen_cahn,correct,ood,96,fno,smooth,fno,none,0.00815014438329043,0.06628356010545426,-0.05813341572216383,-0.09121609529753982,-0.030046775542095398,0.12295876036718464,0.05633114843979944,0.18351766665956082,lower_candidate_error,"Post hoc; pointwise 95% paired bootstrap, no multiplicity adjustment or confirmatory decision."
development,32,allen_cahn,correct,test,64,fno,smooth,mechanistic,,0.0004584393818871807,2.3103475413200626e-12,0.0004584393795768332,0.00020494208045745082,0.0008571793933365536,198428753.11531803,89204776.81201074,378373545.75568604,higher_candidate_error,"Post hoc; pointwise 95% paired bootstrap, no multiplicity adjustment or confirmatory decision."
development,32,allen_cahn,correct,test,64,fno,smooth,transformer,smooth,0.0004584393818871807,0.0017264936987012685,-0.0012680543168140878,-0.002531956642796011,-0.0006246286406298806,0.2655320330633327,0.15881895459063114,0.44418695703459593,lower_candidate_error,"Post hoc; pointwise 95% paired bootstrap, no multiplicity adjustment or confirmatory decision."
development,32,allen_cahn,correct,test,64,fno,smooth,fno,none,0.0004584393818871807,0.016914534244604266,-0.016456094862717086,-0.02597724604869136,-0.007519925491043412,0.027103281429899425,0.012690443077348195,0.05730851197117158,lower_candidate_error,"Post hoc; pointwise 95% paired bootstrap, no multiplicity adjustment or confirmatory decision."
development,32,allen_cahn,correct,test,96,fno,smooth,mechanistic,,0.0006379063428373085,2.9833712767948858e-12,0.0006379063398539372,0.0003273440630413314,0.001082204786282893,213820635.6677899,109221205.90969135,372015844.30243146,higher_candidate_error,"Post hoc; pointwise 95% paired bootstrap, no multiplicity adjustment or confirmatory decision."
development,32,allen_cahn,correct,test,96,fno,smooth,transformer,smooth,0.0006379063428373085,0.0025527218065151433,-0.0019148154636778347,-0.00361367227669074,-0.0010246768741734701,0.24989262096998674,0.15748271854398513,0.3974908788575988,lower_candidate_error,"Post hoc; pointwise 95% paired bootstrap, no multiplicity adjustment or confirmatory decision."
development,32,allen_cahn,correct,test,96,fno,smooth,fno,none,0.0006379063428373085,0.03791100843523428,-0.037273102092396974,-0.061171965276547266,-0.015368489124248402,0.01682641452091899,0.00822142562628678,0.03805941610450336,lower_candidate_error,"Post hoc; pointwise 95% paired bootstrap, no multiplicity adjustment or confirmatory decision."
development,32,allen_cahn,correct,ood,64,looped,iid,mechanistic,,0.31458875651534396,1.51318133840564e-11,0.3145887565002121,0.24849165853265193,0.3793176037382432,20789891371.962704,16062466855.299715,26052519939.56069,higher_candidate_error,"Post hoc; pointwise 95% paired bootstrap, no multiplicity adjustment or confirmatory decision."
development,32,allen_cahn,correct,ood,64,looped,iid,transformer,iid,0.31458875651534396,0.42232000768672123,-0.10773125117137727,-0.23866911701549057,0.046059815424565914,0.7449061157166563,0.5350800320186976,1.1564595599227223,interval_includes_zero,"Post hoc; pointwise 95% paired bootstrap, no multiplicity adjustment or confirmatory decision."
development,32,allen_cahn,correct,ood,96,looped,iid,mechanistic,,0.6500652114089543,1.5225838458365952e-11,0.6500652113937285,0.5327106169884044,0.8107280755182336,42694871168.278496,33936166793.527615,54137299874.46023,higher_candidate_error,"Post hoc; pointwise 95% paired bootstrap, no multiplicity adjustment or confirmatory decision."
development,32,allen_cahn,correct,ood,96,looped,iid,transformer,iid,0.6500652114089543,0.644278465465403,0.00578674594355133,-0.1993372929456227,0.21310696613427074,1.0089817466417588,0.7367891475555732,1.4365851022912408,interval_includes_zero,"Post hoc; pointwise 95% paired bootstrap, no multiplicity adjustment or confirmatory decision."
development,32,allen_cahn,correct,test,64,looped,iid,mechanistic,,0.0033353636570340925,2.3103475413200626e-12,0.003335363654723745,0.0018627448008369258,0.005591810633635792,1443663170.7489197,797633931.6114333,2474812778.490945,higher_candidate_error,"Post hoc; pointwise 95% paired bootstrap, no multiplicity adjustment or confirmatory decision."
development,32,allen_cahn,correct,test,64,looped,iid,transformer,iid,0.0033353636570340925,0.0024670339766016403,0.0008683296804324523,-0.00062353795878466,0.0024637342627648407,1.3519731340014147,0.8497432045962987,2.3961757679435283,interval_includes_zero,"Post hoc; pointwise 95% paired bootstrap, no multiplicity adjustment or confirmatory decision."
development,32,allen_cahn,correct,test,96,looped,iid,mechanistic,,0.005248466371245715,2.9833712767948858e-12,0.005248466368262344,0.0031730187297945964,0.008414555635321584,1759240095.9508736,1043359822.661433,2878824944.0710187,higher_candidate_error,"Post hoc; pointwise 95% paired bootstrap, no multiplicity adjustment or confirmatory decision."
development,32,allen_cahn,correct,test,96,looped,iid,transformer,iid,0.005248466371245715,0.00395944363812966,0.0012890227331160548,-0.0012040954719596208,0.003834411063666185,1.3255565303929813,0.8233238268981916,2.411770979094179,interval_includes_zero,"Post hoc; pointwise 95% paired bootstrap, no multiplicity adjustment or confirmatory decision."
development,32,allen_cahn,correct,ood,64,looped,none,mechanistic,,0.1644810956901983,1.51318133840564e-11,0.1644810956750665,0.06908702986340551,0.3130579421788956,10869886610.120596,4501292680.972434,21009586806.04785,higher_candidate_error,"Post hoc; pointwise 95% paired bootstrap, no multiplicity adjustment or confirmatory decision."
development,32,allen_cahn,correct,ood,64,looped,none,transformer,none,0.1644810956901983,0.1027676756592113,0.06171342003098701,-0.07475779797118129,0.2269259661932558,1.6005139226427127,0.4871514978996406,3.983657229550026,interval_includes_zero,"Post hoc; pointwise 95% paired bootstrap, no multiplicity adjustment or confirmatory decision."
development,32,allen_cahn,correct,ood,96,looped,none,mechanistic,,0.36771285790925806,1.5225838458365952e-11,0.36771285789403224,0.1364474050514261,0.7258777655641021,24150581849.055115,8962828697.101307,48426066568.79914,higher_candidate_error,"Post hoc; pointwise 95% paired bootstrap, no multiplicity adjustment or confirmatory decision."
development,32,allen_cahn,correct,ood,96,looped,none,transformer,none,0.36771285790925806,0.18693593013539436,0.1807769277738637,-0.13809555756688033,0.5813081515399728,1.967052870162147,0.501313705727246,5.452079452235604,interval_includes_zero,"Post hoc; pointwise 95% paired bootstrap, no multiplicity adjustment or confirmatory decision."
development,32,allen_cahn,correct,test,64,looped,none,mechanistic,,0.004818463955338932,2.3103475413200626e-12,0.004818463953028585,0.003133639634907987,0.007316802893214496,2085601351.814718,1344734488.8519588,3244705847.8289256,higher_candidate_error,"Post hoc; pointwise 95% paired bootstrap, no multiplicity adjustment or confirmatory decision."
development,32,allen_cahn,correct,test,64,looped,none,transformer,none,0.004818463955338932,0.002121800733544075,0.0026966632217948574,0.0015217259055332597,0.004578466051234213,2.2709314212039984,1.6975113009750171,2.890934698232171,higher_candidate_error,"Post hoc; pointwise 95% paired bootstrap, no multiplicity adjustment or confirmatory decision."
development,32,allen_cahn,correct,test,96,looped,none,mechanistic,,0.006080765778163989,2.9833712767948858e-12,0.006080765775180618,0.004273758153940868,0.008962411307138204,2038219589.181242,1391055487.207008,3096702013.099002,higher_candidate_error,"Post hoc; pointwise 95% paired bootstrap, no multiplicity adjustment or confirmatory decision."
development,32,allen_cahn,correct,test,96,looped,none,transformer,none,0.006080765778163989,0.0026521525434529867,0.0034286132347110024,0.0019248597097038004,0.005869399883636536,2.2927662261263064,1.6972901975467527,3.034835440599143,higher_candidate_error,"Post hoc; pointwise 95% paired bootstrap, no multiplicity adjustment or confirmatory decision."
development,32,allen_cahn,correct,ood,64,looped,response_matched,mechanistic,,0.6381063591812376,1.51318133840564e-11,0.6381063591661058,0.4163770887284657,0.854210174378206,42169853869.171875,27408491780.788498,57617717772.738594,higher_candidate_error,"Post hoc; pointwise 95% paired bootstrap, no multiplicity adjustment or confirmatory decision."
development,32,allen_cahn,correct,ood,64,looped,response_matched,transformer,response_matched,0.6381063591812376,0.6200002096372733,0.01810614954396428,-0.22094041544046583,0.21671128997929817,1.0292034571319857,0.6693754953320914,1.3937977333106035,interval_includes_zero,"Post hoc; pointwise 95% paired bootstrap, no multiplicity adjustment or confirmatory decision."
development,32,allen_cahn,correct,ood,96,looped,response_matched,mechanistic,,1.052914715568626,1.5225838458365952e-11,1.0529147155534002,0.6917692675554753,1.3911326566860198,69153151627.59357,45027927331.48124,92986165701.01172,higher_candidate_error,"Post hoc; pointwise 95% paired bootstrap, no multiplicity adjustment or confirmatory decision."
development,32,allen_cahn,correct,ood,96,looped,response_matched,transformer,response_matched,1.052914715568626,0.8350700896119368,0.2178446259566892,-0.18386663379368426,0.561325766464885,1.260869870285886,0.7971512329843108,1.7575318572346064,interval_includes_zero,"Post hoc; pointwise 95% paired bootstrap, no multiplicity adjustment or confirmatory decision."
development,32,allen_cahn,correct,test,64,looped,response_matched,mechanistic,,0.0031331615558112536,2.3103475413200626e-12,0.003133161553500906,0.00148233931568011,0.006059366958654701,1356142961.080678,629954523.9573363,2665929548.9942074,higher_candidate_error,"Post hoc; pointwise 95% paired bootstrap, no multiplicity adjustment or confirmatory decision."
development,32,allen_cahn,correct,test,64,looped,response_matched,transformer,response_matched,0.0031331615558112536,0.0023675737252620657,0.0007655878305491879,-0.00033277511003510277,0.002537294821728984,1.3233638819270328,0.8346051154670564,1.8676948661108566,interval_includes_zero,"Post hoc; pointwise 95% paired bootstrap, no multiplicity adjustment or confirmatory decision."
development,32,allen_cahn,correct,test,96,looped,response_matched,mechanistic,,0.004823425624090629,2.9833712767948858e-12,0.004823425621107258,0.0024786281442175473,0.009087789129142116,1616770149.1289284,810872263.5644445,3079747275.11029,higher_candidate_error,"Post hoc; pointwise 95% paired bootstrap, no multiplicity adjustment or confirmatory decision."
development,32,allen_cahn,correct,test,96,looped,response_matched,transformer,response_matched,0.004823425624090629,0.00399731276203335,0.0008261128620572792,-0.0009520270934166641,0.003642943963988197,1.2066670564044262,0.7434284039226218,1.7855505011830815,interval_includes_zero,"Post hoc; pointwise 95% paired bootstrap, no multiplicity adjustment or confirmatory decision."
development,32,allen_cahn,correct,ood,64,looped,smooth,mechanistic,,0.22986185060362585,1.51318133840564e-11,0.22986185058849404,0.11235949655069928,0.3596765181546739,15190634775.19616,7376405065.048763,24059171646.535503,higher_candidate_error,"Post hoc; pointwise 95% paired bootstrap, no multiplicity adjustment or confirmatory decision."
development,32,allen_cahn,correct,ood,64,looped,smooth,transformer,smooth,0.22986185060362585,0.2662675015693499,-0.03640565096572407,-0.16219418470770336,0.09739677855411592,0.8632741481737224,0.46788012324993156,1.4349856273128352,interval_includes_zero,"Post hoc; pointwise 95% paired bootstrap, no multiplicity adjustment or confirmatory decision."
development,32,allen_cahn,correct,ood,64,looped,smooth,looped,none,0.22986185060362585,0.1644810956901983,0.06538075491342754,-0.027671225482049738,0.20258311575525417,1.3974970779412415,0.8944366682000154,3.493373200254389,interval_includes_zero,"Post hoc; pointwise 95% paired bootstrap, no multiplicity adjustment or confirmatory decision."
development,32,allen_cahn,correct,ood,96,looped,smooth,mechanistic,,0.4921900383589146,1.5225838458365952e-11,0.4921900383436888,0.22268418822601962,0.7931236356225013,32325972701.25883,14537578096.04552,52423116120.48812,higher_candidate_error,"Post hoc; pointwise 95% paired bootstrap, no multiplicity adjustment or confirmatory decision."
development,32,allen_cahn,correct,ood,96,looped,smooth,transformer,smooth,0.4921900383589146,0.4633257136122148,0.02886432474669981,-0.26255642999312306,0.34641085252004555,1.0622981282900652,0.4977739085560731,1.957570282910815,interval_includes_zero,"Post hoc; pointwise 95% paired bootstrap, no multiplicity adjustment or confirmatory decision."
development,32,allen_cahn,correct,ood,96,looped,smooth,looped,none,0.4921900383589146,0.36771285790925806,0.12447718044965655,-0.08467354792496205,0.4221826953992323,1.3385173451845251,0.8479260559124981,3.554311397700163,interval_includes_zero,"Post hoc; pointwise 95% paired bootstrap, no multiplicity adjustment or confirmatory decision."
development,32,allen_cahn,correct,test,64,looped,smooth,mechanistic,,0.0025270289477670274,2.3103475413200626e-12,0.0025270289454566797,0.0013392072110716795,0.004347972185375213,1093787364.2695158,574612030.2591106,1935216585.858543,higher_candidate_error,"Post hoc; pointwise 95% paired bootstrap, no multiplicity adjustment or confirmatory decision."
development,32,allen_cahn,correct,test,64,looped,smooth,transformer,smooth,0.0025270289477670274,0.0017264936987012685,0.0008005352490657589,5.765078097520847e-05,0.0017907719671148114,1.4636769017274438,1.0254589575675523,2.03763651707767,higher_candidate_error,"Post hoc; pointwise 95% paired bootstrap, no multiplicity adjustment or confirmatory decision."
development,32,allen_cahn,correct,test,64,looped,smooth,looped,none,0.0025270289477670274,0.004818463955338932,-0.002291435007571905,-0.0035681353381590264,-0.0014402917087796552,0.5244469962190005,0.37562975894002376,0.6811351514730586,lower_candidate_error,"Post hoc; pointwise 95% paired bootstrap, no multiplicity adjustment or confirmatory decision."
development,32,allen_cahn,correct,test,96,looped,smooth,mechanistic,,0.003606908407103864,2.9833712767948858e-12,0.0036069084041204925,0.002092453995051085,0.006045101600040841,1209004201.1059585,686547155.2121869,2068855259.1971436,higher_candidate_error,"Post hoc; pointwise 95% paired bootstrap, no multiplicity adjustment or confirmatory decision."
development,32,allen_cahn,correct,test,96,looped,smooth,transformer,smooth,0.003606908407103864,0.0025527218065151433,0.0010541866005887206,-9.561176873896245e-05,0.0024871348528091777,1.412965720705715,0.9664900185776399,1.9873803660891058,interval_includes_zero,"Post hoc; pointwise 95% paired bootstrap, no multiplicity adjustment or confirmatory decision."
development,32,allen_cahn,correct,test,96,looped,smooth,looped,none,0.003606908407103864,0.006080765778163989,-0.002473857371060125,-0.0036478413955332288,-0.0015221627208214345,0.5931668047561148,0.4448521409095439,0.7455465914383801,lower_candidate_error,"Post hoc; pointwise 95% paired bootstrap, no multiplicity adjustment or confirmatory decision."
development,32,allen_cahn,correct,ood,64,transformer,iid,mechanistic,,0.42232000768672123,1.51318133840564e-11,0.4223200076715894,0.2877685689321215,0.5447900558379081,27909411579.956287,18849202075.070976,37270528627.08941,higher_candidate_error,"Post hoc; pointwise 95% paired bootstrap, no multiplicity adjustment or confirmatory decision."
development,32,allen_cahn,correct,ood,96,transformer,iid,mechanistic,,0.644278465465403,1.5225838458365952e-11,0.6442784654501772,0.4654395596169733,0.8070365384361667,42314810263.299446,29912829030.019577,54612417938.90398,higher_candidate_error,"Post hoc; pointwise 95% paired bootstrap, no multiplicity adjustment or confirmatory decision."
development,32,allen_cahn,correct,test,64,transformer,iid,mechanistic,,0.0024670339766016403,2.3103475413200626e-12,0.0024670339742912926,0.001223493552884492,0.005145012006975937,1067819422.1775187,520923192.32263154,2277191436.4045315,higher_candidate_error,"Post hoc; pointwise 95% paired bootstrap, no multiplicity adjustment or confirmatory decision."
development,32,allen_cahn,correct,test,96,transformer,iid,mechanistic,,0.00395944363812966,2.9833712767948858e-12,0.003959443635146289,0.002100932711559057,0.008053530213445112,1327170932.068299,690281990.6680365,2759437674.137046,higher_candidate_error,"Post hoc; pointwise 95% paired bootstrap, no multiplicity adjustment or confirmatory decision."
development,32,allen_cahn,correct,ood,64,transformer,none,mechanistic,,0.1027676756592113,1.51318133840564e-11,0.10276767564407949,0.061707877604661766,0.15789498140514238,6791497691.049521,3989589403.879616,10582358358.314245,higher_candidate_error,"Post hoc; pointwise 95% paired bootstrap, no multiplicity adjustment or confirmatory decision."
development,32,allen_cahn,correct,ood,96,transformer,none,mechanistic,,0.18693593013539436,1.5225838458365952e-11,0.18693593012016851,0.10609254334022998,0.3034995229995552,12277545873.520088,6803556969.373386,20149305599.603012,higher_candidate_error,"Post hoc; pointwise 95% paired bootstrap, no multiplicity adjustment or confirmatory decision."
development,32,allen_cahn,correct,test,64,transformer,none,mechanistic,,0.002121800733544075,2.3103475413200626e-12,0.0021218007312337273,0.00141662690569853,0.0031932113062030703,918390283.5379227,603854985.5780313,1402943790.732853,higher_candidate_error,"Post hoc; pointwise 95% paired bootstrap, no multiplicity adjustment or confirmatory decision."
development,32,allen_cahn,correct,test,96,transformer,none,mechanistic,,0.0026521525434529867,2.9833712767948858e-12,0.0026521525404696153,0.001953557326894202,0.003625978034560505,888978372.9171865,629737542.33176,1245620380.046005,higher_candidate_error,"Post hoc; pointwise 95% paired bootstrap, no multiplicity adjustment or confirmatory decision."
development,32,allen_cahn,correct,ood,64,transformer,response_matched,mechanistic,,0.6200002096372733,1.51318133840564e-11,0.6200002096221415,0.4635817887764596,0.7643050117433918,40973292090.06338,29726472313.104977,53110738456.76717,higher_candidate_error,"Post hoc; pointwise 95% paired bootstrap, no multiplicity adjustment or confirmatory decision."
development,32,allen_cahn,correct,ood,96,transformer,response_matched,mechanistic,,0.8350700896119368,1.5225838458365952e-11,0.835070089596711,0.6351685731609947,1.0257933265631078,54845589745.04956,40847305425.68503,70313424608.9256,higher_candidate_error,"Post hoc; pointwise 95% paired bootstrap, no multiplicity adjustment or confirmatory decision."
development,32,allen_cahn,correct,test,64,transformer,response_matched,mechanistic,,0.0023675737252620657,2.3103475413200626e-12,0.002367573722951718,0.0015223396924305028,0.0038087137076152993,1024769513.2089546,642984777.3551041,1665445543.6987448,higher_candidate_error,"Post hoc; pointwise 95% paired bootstrap, no multiplicity adjustment or confirmatory decision."
development,32,allen_cahn,correct,test,96,transformer,response_matched,mechanistic,,0.00399731276203335,2.9833712767948858e-12,0.0039973127590499785,0.002772317758004791,0.006064195157851329,1339864331.7126014,897623743.5781265,2061701537.0394201,higher_candidate_error,"Post hoc; pointwise 95% paired bootstrap, no multiplicity adjustment or confirmatory decision."
development,32,allen_cahn,correct,ood,64,transformer,smooth,mechanistic,,0.2662675015693499,1.51318133840564e-11,0.2662675015542181,0.17537163955579,0.36987786039648984,17596536172.58471,11451237046.258308,25124043078.734535,higher_candidate_error,"Post hoc; pointwise 95% paired bootstrap, no multiplicity adjustment or confirmatory decision."
development,32,allen_cahn,correct,ood,64,transformer,smooth,transformer,none,0.2662675015693499,0.1027676756592113,0.16349982591013862,0.11136669014927937,0.22428175309388307,2.590965494367331,2.1987637016320853,3.2524548871871386,higher_candidate_error,"Post hoc; pointwise 95% paired bootstrap, no multiplicity adjustment or confirmatory decision."
development,32,allen_cahn,correct,ood,96,transformer,smooth,mechanistic,,0.4633257136122148,1.5225838458365952e-11,0.463325713596989,0.30300206129824364,0.6371616127663605,30430226544.11764,19474245863.00407,43502799634.56371,higher_candidate_error,"Post hoc; pointwise 95% paired bootstrap, no multiplicity adjustment or confirmatory decision."
development,32,allen_cahn,correct,ood,96,transformer,smooth,transformer,none,0.4633257136122148,0.18693593013539436,0.2763897834768204,0.18657355390990754,0.3911922080743798,2.4785268047541007,1.943650507116299,3.4111568094126454,higher_candidate_error,"Post hoc; pointwise 95% paired bootstrap, no multiplicity adjustment or confirmatory decision."
development,32,allen_cahn,correct,test,64,transformer,smooth,mechanistic,,0.0017264936987012685,2.3103475413200626e-12,0.001726493696390921,0.0009128718450693125,0.0032002037559569724,747287439.5835712,394443210.0671636,1417205890.9296753,higher_candidate_error,"Post hoc; pointwise 95% paired bootstrap, no multiplicity adjustment or confirmatory decision."
development,32,allen_cahn,correct,test,64,transformer,smooth,transformer,none,0.0017264936987012685,0.002121800733544075,-0.0003953070348428065,-0.000839762951998823,0.0001890012148148629,0.8136926674624533,0.5719453139919057,1.0752428853158469,interval_includes_zero,"Post hoc; pointwise 95% paired bootstrap, no multiplicity adjustment or confirmatory decision."
development,32,allen_cahn,correct,test,96,transformer,smooth,mechanistic,,0.0025527218065151433,2.9833712767948858e-12,0.002552721803531772,0.0014856649659971304,0.004465515792664682,855650058.1642656,489212591.08975995,1538162013.2976673,higher_candidate_error,"Post hoc; pointwise 95% paired bootstrap, no multiplicity adjustment or confirmatory decision."
development,32,allen_cahn,correct,test,96,transformer,smooth,transformer,none,0.0025527218065151433,0.0026521525434529867,-9.943073693784339e-05,-0.0007616401465622785,0.0009985864455930196,0.9625094200620946,0.6854158320259616,1.2876495795752108,interval_includes_zero,"Post hoc; pointwise 95% paired bootstrap, no multiplicity adjustment or confirmatory decision."
development,32,burgers,coefficient,ood,64,fno,iid,mechanistic,,0.021864367445440975,0.010053777077486337,0.011810590367954638,-0.0018774266927154197,0.029751785401082798,2.174741619684643,0.8166555530501566,4.045814395531154,interval_includes_zero,"Post hoc; pointwise 95% paired bootstrap, no multiplicity adjustment or confirmatory decision."
development,32,burgers,coefficient,ood,64,fno,iid,transformer,iid,0.021864367445440975,0.629661069803617,-0.6077967023581761,-0.9118937543448526,-0.41027157385589225,0.03472402613720455,0.010004728248033407,0.07717894405173605,lower_candidate_error,"Post hoc; pointwise 95% paired bootstrap, no multiplicity adjustment or confirmatory decision."
development,32,burgers,coefficient,ood,96,fno,iid,mechanistic,,0.0389781821123877,0.01143513866150081,0.027543043450886893,0.0022343985077533635,0.062087413039649986,3.408632222678443,1.201259313612295,6.421831883979593,higher_candidate_error,"Post hoc; pointwise 95% paired bootstrap, no multiplicity adjustment or confirmatory decision."
development,32,burgers,coefficient,ood,96,fno,iid,transformer,iid,0.0389781821123877,0.9734951170555597,-0.934516934943172,-1.529094167682077,-0.5680461726994889,0.04003942231398283,0.010244246876171925,0.09718634483581422,lower_candidate_error,"Post hoc; pointwise 95% paired bootstrap, no multiplicity adjustment or confirmatory decision."
development,32,burgers,coefficient,test,64,fno,iid,mechanistic,,0.0008287844862643959,0.017123447088257304,-0.01629466260199291,-0.021326836633446044,-0.012026670397915168,0.04840056339081101,0.03228736827687186,0.06776259924382762,lower_candidate_error,"Post hoc; pointwise 95% paired bootstrap, no multiplicity adjustment or confirmatory decision."
development,32,burgers,coefficient,test,64,fno,iid,transformer,iid,0.0008287844862643959,0.0067713944814743465,-0.005942609995209951,-0.008617189387344576,-0.0038179996122541977,0.12239494959743408,0.0818894953687828,0.179201107670333,lower_candidate_error,"Post hoc; pointwise 95% paired bootstrap, no multiplicity adjustment or confirmatory decision."
development,32,burgers,coefficient,test,96,fno,iid,mechanistic,,0.0011701365529226575,0.01717711214944343,-0.016006975596520773,-0.0204368351141232,-0.012345105727129973,0.0681218439247701,0.04381300075189806,0.09738283514159955,lower_candidate_error,"Post hoc; pointwise 95% paired bootstrap, no multiplicity adjustment or confirmatory decision."
development,32,burgers,coefficient,test,96,fno,iid,transformer,iid,0.0011701365529226575,0.007934112226975895,-0.006763975674053237,-0.00934958627464866,-0.004522223689335367,0.14748172441325016,0.09743177135744531,0.21776913584776925,lower_candidate_error,"Post hoc; pointwise 95% paired bootstrap, no multiplicity adjustment or confirmatory decision."
development,32,burgers,coefficient,ood,64,fno,none,mechanistic,,0.01701398137382378,0.010053777077486337,0.006960204296337442,-0.0009348458976348126,0.01709045309089573,1.6922974562389685,0.9086076894374601,2.7806302752902132,interval_includes_zero,"Post hoc; pointwise 95% paired bootstrap, no multiplicity adjustment or confirmatory decision."
development,32,burgers,coefficient,ood,64,fno,none,transformer,none,0.01701398137382378,0.542459863897987,-0.5254458825241631,-0.6183455380367724,-0.4332764817037403,0.03136449810602645,0.01725013568152849,0.046603642018420335,lower_candidate_error,"Post hoc; pointwise 95% paired bootstrap, no multiplicity adjustment or confirmatory decision."
development,32,burgers,coefficient,ood,96,fno,none,mechanistic,,0.02458264682492207,0.01143513866150081,0.013147508163421261,0.001756322242983801,0.026693236920383546,2.1497462822803857,1.155117625585336,3.393956177977371,higher_candidate_error,"Post hoc; pointwise 95% paired bootstrap, no multiplicity adjustment or confirmatory decision."
development,32,burgers,coefficient,ood,96,fno,none,transformer,none,0.02458264682492207,0.8271068722388755,-0.8025242254139534,-0.9765674424722092,-0.6278584802239902,0.029721246008245467,0.01569520805533629,0.04319084804378404,lower_candidate_error,"Post hoc; pointwise 95% paired bootstrap, no multiplicity adjustment or confirmatory decision."
development,32,burgers,coefficient,test,64,fno,none,mechanistic,,0.0006509336796864854,0.017123447088257304,-0.016472513408570817,-0.021480217207602573,-0.012167407151642776,0.03801417298348031,0.026502658213083778,0.05290341090744452,lower_candidate_error,"Post hoc; pointwise 95% paired bootstrap, no multiplicity adjustment or confirmatory decision."
development,32,burgers,coefficient,test,64,fno,none,transformer,none,0.0006509336796864854,0.006637938893562252,-0.005987005213875767,-0.009288224072026573,-0.0036227347869221107,0.09806262005782966,0.060830064803221104,0.15526344358766458,lower_candidate_error,"Post hoc; pointwise 95% paired bootstrap, no multiplicity adjustment or confirmatory decision."
development,32,burgers,coefficient,test,96,fno,none,mechanistic,,0.0008144398427109819,0.01717711214944343,-0.01636267230673245,-0.020785042244682393,-0.01267285389171293,0.04741424726259188,0.03245532340024495,0.06432452927559684,lower_candidate_error,"Post hoc; pointwise 95% paired bootstrap, no multiplicity adjustment or confirmatory decision."
development,32,burgers,coefficient,test,96,fno,none,transformer,none,0.0008144398427109819,0.007344714650311329,-0.006530274807600347,-0.009686917218546955,-0.004155171655144666,0.11088788080779412,0.0707025471411928,0.16920704997550837,lower_candidate_error,"Post hoc; pointwise 95% paired bootstrap, no multiplicity adjustment or confirmatory decision."
development,32,burgers,coefficient,ood,64,fno,response_matched,mechanistic,,0.02228999848902727,0.010053777077486337,0.012236221411540932,-0.0011444615424300558,0.027161432729858104,2.2170770564370077,0.8857737897511248,3.77806978464049,interval_includes_zero,"Post hoc; pointwise 95% paired bootstrap, no multiplicity adjustment or confirmatory decision."
development,32,burgers,coefficient,ood,64,fno,response_matched,transformer,response_matched,0.02228999848902727,0.5552663068658052,-0.532976308376778,-0.7470034450491113,-0.3760689276135609,0.04014289758520182,0.013814662503168118,0.07505010682264872,lower_candidate_error,"Post hoc; pointwise 95% paired bootstrap, no multiplicity adjustment or confirmatory decision."
development,32,burgers,coefficient,ood,96,fno,response_matched,mechanistic,,0.03839878302903288,0.01143513866150081,0.02696364436753207,0.002692550883388537,0.05493028680962198,3.357963918558484,1.2391554229750268,5.876887117606588,higher_candidate_error,"Post hoc; pointwise 95% paired bootstrap, no multiplicity adjustment or confirmatory decision."
development,32,burgers,coefficient,ood,96,fno,response_matched,transformer,response_matched,0.03839878302903288,0.8115286408673997,-0.7731298578383669,-1.177098686656413,-0.48228988737203377,0.04731660855246029,0.01409130669332111,0.09617300612047529,lower_candidate_error,"Post hoc; pointwise 95% paired bootstrap, no multiplicity adjustment or confirmatory decision."
development,32,burgers,coefficient,test,64,fno,response_matched,mechanistic,,0.0006817666061782525,0.017123447088257304,-0.01644168048207905,-0.021462059414225687,-0.012167162507737292,0.03981479912685254,0.0338268097559511,0.04841564705394038,lower_candidate_error,"Post hoc; pointwise 95% paired bootstrap, no multiplicity adjustment or confirmatory decision."
development,32,burgers,coefficient,test,64,fno,response_matched,transformer,response_matched,0.0006817666061782525,0.005877705233532797,-0.005195938627354544,-0.0073336772689748825,-0.003579302498464286,0.11599196950005547,0.08749159124445732,0.15348816201453327,lower_candidate_error,"Post hoc; pointwise 95% paired bootstrap, no multiplicity adjustment or confirmatory decision."
development,32,burgers,coefficient,test,96,fno,response_matched,mechanistic,,0.0009247097835326921,0.01717711214944343,-0.01625240236591074,-0.020632932820872585,-0.012572082157297954,0.05383383280539705,0.04545630935058096,0.06538405382483013,lower_candidate_error,"Post hoc; pointwise 95% paired bootstrap, no multiplicity adjustment or confirmatory decision."
development,32,burgers,coefficient,test,96,fno,response_matched,transformer,response_matched,0.0009247097835326921,0.006974787796594747,-0.006050078013062055,-0.008462759698697368,-0.004245552653830019,0.13257891286443965,0.10021558423751346,0.1774630295325224,lower_candidate_error,"Post hoc; pointwise 95% paired bootstrap, no multiplicity adjustment or confirmatory decision."
development,32,burgers,coefficient,ood,64,fno,smooth,mechanistic,,0.0057781685316203755,0.010053777077486337,-0.004275608545865961,-0.007358297321363752,-0.0006032664413783194,0.5747261439245124,0.28948768349576437,0.9391756087021772,lower_candidate_error,"Post hoc; pointwise 95% paired bootstrap, no multiplicity adjustment or confirmatory decision."
development,32,burgers,coefficient,ood,64,fno,smooth,transformer,smooth,0.0057781685316203755,0.6733912302014691,-0.6676130616698487,-0.9210495360968518,-0.4956405617649706,0.00858070059791487,0.0035585087267183207,0.01703170771982398,lower_candidate_error,"Post hoc; pointwise 95% paired bootstrap, no multiplicity adjustment or confirmatory decision."
development,32,burgers,coefficient,ood,64,fno,smooth,fno,none,0.0057781685316203755,0.01701398137382378,-0.011235812842203402,-0.022323964657431184,-0.0037447379019299675,0.3396129574063223,0.13559269310193187,0.6655480451261044,lower_candidate_error,"Post hoc; pointwise 95% paired bootstrap, no multiplicity adjustment or confirmatory decision."
development,32,burgers,coefficient,ood,96,fno,smooth,mechanistic,,0.009938413709162947,0.01143513866150081,-0.0014967249523378627,-0.007189344019012923,0.006491888661148482,0.8691117793458025,0.37942468118436584,1.5611160137239104,interval_includes_zero,"Post hoc; pointwise 95% paired bootstrap, no multiplicity adjustment or confirmatory decision."
development,32,burgers,coefficient,ood,96,fno,smooth,transformer,smooth,0.009938413709162947,1.0661974296942494,-1.0562590159850864,-1.5593581601231281,-0.7268218095339377,0.009321363410164063,0.0031970908363929784,0.022641161435523367,lower_candidate_error,"Post hoc; pointwise 95% paired bootstrap, no multiplicity adjustment or confirmatory decision."
development,32,burgers,coefficient,ood,96,fno,smooth,fno,none,0.009938413709162947,0.02458264682492207,-0.014644233115759124,-0.03033573746236047,-0.0027367742991904263,0.4042857459550413,0.15027437576628785,0.8479740693980693,lower_candidate_error,"Post hoc; pointwise 95% paired bootstrap, no multiplicity adjustment or confirmatory decision."
development,32,burgers,coefficient,test,64,fno,smooth,mechanistic,,0.0005711963473191131,0.017123447088257304,-0.01655225074093819,-0.02154840308225188,-0.01231549266059667,0.03335755612611556,0.02772539611544786,0.040377239451715626,lower_candidate_error,"Post hoc; pointwise 95% paired bootstrap, no multiplicity adjustment or confirmatory decision."
development,32,burgers,coefficient,test,64,fno,smooth,transformer,smooth,0.0005711963473191131,0.006662913922609703,-0.00609171757529059,-0.008845915244688517,-0.0039906175402543605,0.08572770922056114,0.06492231310227732,0.11683894807151857,lower_candidate_error,"Post hoc; pointwise 95% paired bootstrap, no multiplicity adjustment or confirmatory decision."
development,32,burgers,coefficient,test,64,fno,smooth,fno,none,0.0005711963473191131,0.0006509336796864854,-7.973733236737231e-05,-0.0003576344684990231,0.000162533246335083,0.8775031391742137,0.5793822859406147,1.3175138302552434,interval_includes_zero,"Post hoc; pointwise 95% paired bootstrap, no multiplicity adjustment or confirmatory decision."
development,32,burgers,coefficient,test,96,fno,smooth,mechanistic,,0.0006813443217763429,0.01717711214944343,-0.01649576782766709,-0.02085203429244528,-0.012827479533504257,0.03966582483996996,0.03311427923516483,0.047900902482558384,lower_candidate_error,"Post hoc; pointwise 95% paired bootstrap, no multiplicity adjustment or confirmatory decision."
development,32,burgers,coefficient,test,96,fno,smooth,transformer,smooth,0.0006813443217763429,0.007000061868353682,-0.006318717546577339,-0.008811002071454653,-0.004320715175490888,0.09733404283990789,0.07382735598787918,0.1333725250697998,lower_candidate_error,"Post hoc; pointwise 95% paired bootstrap, no multiplicity adjustment or confirmatory decision."
development,32,burgers,coefficient,test,96,fno,smooth,fno,none,0.0006813443217763429,0.0008144398427109819,-0.00013309552093463892,-0.0004411964195927812,0.0001633301474261998,0.836580292423304,0.570114728809773,1.2612687223946826,interval_includes_zero,"Post hoc; pointwise 95% paired bootstrap, no multiplicity adjustment or confirmatory decision."
development,32,burgers,coefficient,ood,64,looped,iid,mechanistic,,1.015228845616661,0.010053777077486337,1.0051750685391747,0.3399275094658937,2.106524207099278,100.97984446960606,34.83069550975701,215.39551263813743,higher_candidate_error,"Post hoc; pointwise 95% paired bootstrap, no multiplicity adjustment or confirmatory decision."
development,32,burgers,coefficient,ood,64,looped,iid,transformer,iid,1.015228845616661,0.629661069803617,0.3855677758130439,-0.2525485685841444,1.5092611830105158,1.6123417729053782,0.6673144016293436,3.7243389187760685,interval_includes_zero,"Post hoc; pointwise 95% paired bootstrap, no multiplicity adjustment or confirmatory decision."
development,32,burgers,coefficient,ood,96,looped,iid,mechanistic,,2.085336194491876,0.01143513866150081,2.073901055830375,0.4692326471424937,4.869873877671199,182.3621257442789,42.19306712528512,434.2526667624013,higher_candidate_error,"Post hoc; pointwise 95% paired bootstrap, no multiplicity adjustment or confirmatory decision."
development,32,burgers,coefficient,ood,96,looped,iid,transformer,iid,2.085336194491876,0.9734951170555597,1.111841077436316,-0.46934061355116735,3.9923376920401252,2.142112639248976,0.6238399578920937,5.96849489424354,interval_includes_zero,"Post hoc; pointwise 95% paired bootstrap, no multiplicity adjustment or confirmatory decision."
development,32,burgers,coefficient,test,64,looped,iid,mechanistic,,0.010294348561739053,0.017123447088257304,-0.006829098526518251,-0.01037586001012982,-0.0037071719145752584,0.6011843590066966,0.47782603000389606,0.7533442131541355,lower_candidate_error,"Post hoc; pointwise 95% paired bootstrap, no multiplicity adjustment or confirmatory decision."
development,32,burgers,coefficient,test,64,looped,iid,transformer,iid,0.010294348561739053,0.0067713944814743465,0.0035229540802647064,0.0010676082522280727,0.006414805254106607,1.520270099445993,1.1406161985576129,2.0869080301465557,higher_candidate_error,"Post hoc; pointwise 95% paired bootstrap, no multiplicity adjustment or confirmatory decision."
development,32,burgers,coefficient,test,96,looped,iid,mechanistic,,0.012292102516459636,0.01717711214944343,-0.004885009632983795,-0.008310388510548284,-0.0017561031648160236,0.7156093765655435,0.56806844863977,0.8873694260608145,lower_candidate_error,"Post hoc; pointwise 95% paired bootstrap, no multiplicity adjustment or confirmatory decision."
development,32,burgers,coefficient,test,96,looped,iid,transformer,iid,0.012292102516459636,0.007934112226975895,0.004357990289483742,0.0011741537148007367,0.00792834850774556,1.5492725795668256,1.1341440423429525,2.1854978839851067,higher_candidate_error,"Post hoc; pointwise 95% paired bootstrap, no multiplicity adjustment or confirmatory decision."
development,32,burgers,coefficient,ood,64,looped,none,mechanistic,,0.8081382884497046,0.010053777077486337,0.7980845113722183,0.3855046358836995,1.4312680695845519,80.38156030526955,38.94145288107111,147.84899582812292,higher_candidate_error,"Post hoc; pointwise 95% paired bootstrap, no multiplicity adjustment or confirmatory decision."
development,32,burgers,coefficient,ood,64,looped,none,transformer,none,0.8081382884497046,0.542459863897987,0.26567842455171764,-0.11241479059098493,0.8841388500924553,1.4897660494964844,0.7886101400820612,2.5922573817486305,interval_includes_zero,"Post hoc; pointwise 95% paired bootstrap, no multiplicity adjustment or confirmatory decision."
development,32,burgers,coefficient,ood,96,looped,none,mechanistic,,1.5718285958972524,0.01143513866150081,1.5603934572357516,0.555638774321917,3.225138107747958,137.45601539482837,49.26181244908957,288.03602633117356,higher_candidate_error,"Post hoc; pointwise 95% paired bootstrap, no multiplicity adjustment or confirmatory decision."
development,32,burgers,coefficient,ood,96,looped,none,transformer,none,1.5718285958972524,0.8271068722388755,0.744721723658377,-0.2168808687378019,2.416944640981372,1.9003935871582205,0.7393014705813076,3.9426213436893645,interval_includes_zero,"Post hoc; pointwise 95% paired bootstrap, no multiplicity adjustment or confirmatory decision."
development,32,burgers,coefficient,test,64,looped,none,mechanistic,,0.011035458482731861,0.017123447088257304,-0.006087988605525443,-0.009800934453557663,-0.001953451532264335,0.6444647754539806,0.48442335524825453,0.8739861328421245,lower_candidate_error,"Post hoc; pointwise 95% paired bootstrap, no multiplicity adjustment or confirmatory decision."
development,32,burgers,coefficient,test,64,looped,none,transformer,none,0.011035458482731861,0.006637938893562252,0.004397519589169609,0.0011414312796691442,0.008885234478768388,1.66248268621974,1.1413858539227084,2.584822175089426,higher_candidate_error,"Post hoc; pointwise 95% paired bootstrap, no multiplicity adjustment or confirmatory decision."
development,32,burgers,coefficient,test,96,looped,none,mechanistic,,0.012735244558711785,0.01717711214944343,-0.004441867590731646,-0.008605601120586665,0.0008725870893759862,0.7414077784387307,0.5343069057395952,1.0549823265002185,interval_includes_zero,"Post hoc; pointwise 95% paired bootstrap, no multiplicity adjustment or confirmatory decision."
development,32,burgers,coefficient,test,96,looped,none,transformer,none,0.012735244558711785,0.007344714650311329,0.005390529908400456,0.0014322386973384784,0.011107907341932554,1.7339331975506989,1.1575361989979973,2.7764828819537133,higher_candidate_error,"Post hoc; pointwise 95% paired bootstrap, no multiplicity adjustment or confirmatory decision."
development,32,burgers,coefficient,ood,64,looped,response_matched,mechanistic,,0.8559398747858079,0.010053777077486337,0.8458860977083216,0.3566531418081413,1.6181351612494956,85.13615014426117,36.813509326972316,165.35587533174476,higher_candidate_error,"Post hoc; pointwise 95% paired bootstrap, no multiplicity adjustment or confirmatory decision."
development,32,burgers,coefficient,ood,64,looped,response_matched,transformer,response_matched,0.8559398747858079,0.5552663068658052,0.30067356792000266,-0.14363259821605195,1.0918982678307174,1.5414943500122515,0.7578387783336155,3.0965795273731693,interval_includes_zero,"Post hoc; pointwise 95% paired bootstrap, no multiplicity adjustment or confirmatory decision."
development,32,burgers,coefficient,ood,96,looped,response_matched,mechanistic,,1.725781957118041,0.01143513866150081,1.7143468184565402,0.48473581418092376,3.819000336387477,150.9191981141696,44.132220044339526,338.4881376547196,higher_candidate_error,"Post hoc; pointwise 95% paired bootstrap, no multiplicity adjustment or confirmatory decision."
development,32,burgers,coefficient,ood,96,looped,response_matched,transformer,response_matched,1.725781957118041,0.8115286408673997,0.9142533162506413,-0.24105666716913268,3.069739366962819,2.1265817005219243,0.7358177471914719,5.2135115849515685,interval_includes_zero,"Post hoc; pointwise 95% paired bootstrap, no multiplicity adjustment or confirmatory decision."
development,32,burgers,coefficient,test,64,looped,response_matched,mechanistic,,0.009327412437635916,0.017123447088257304,-0.007796034650621389,-0.011359402207784966,-0.004283290123067481,0.5447158150786326,0.41233525472798854,0.7161786446422577,lower_candidate_error,"Post hoc; pointwise 95% paired bootstrap, no multiplicity adjustment or confirmatory decision."
development,32,burgers,coefficient,test,64,looped,response_matched,transformer,response_matched,0.009327412437635916,0.005877705233532797,0.0034497072041031187,0.0008909581869180198,0.006394609573570831,1.586913951455451,1.134620294642953,2.1194296751662187,higher_candidate_error,"Post hoc; pointwise 95% paired bootstrap, no multiplicity adjustment or confirmatory decision."
development,32,burgers,coefficient,test,96,looped,response_matched,mechanistic,,0.01075001496899495,0.01717711214944343,-0.0064270971804484805,-0.0097481740289376,-0.0028835727617715695,0.6258336602490698,0.47554558377981354,0.8144580654666063,lower_candidate_error,"Post hoc; pointwise 95% paired bootstrap, no multiplicity adjustment or confirmatory decision."
development,32,burgers,coefficient,test,96,looped,response_matched,transformer,response_matched,0.01075001496899495,0.006974787796594747,0.0037752271724002034,0.0003688847326453912,0.007481544011957132,1.5412676747303131,1.0432473611965707,2.177992915209425,higher_candidate_error,"Post hoc; pointwise 95% paired bootstrap, no multiplicity adjustment or confirmatory decision."
development,32,burgers,coefficient,ood,64,looped,smooth,mechanistic,,1.1002163369274083,0.010053777077486337,1.0901625598499218,0.3692267358707244,2.2863939304014105,109.43313427857368,37.41410028987513,233.06077040513716,higher_candidate_error,"Post hoc; pointwise 95% paired bootstrap, no multiplicity adjustment or confirmatory decision."
development,32,burgers,coefficient,ood,64,looped,smooth,transformer,smooth,1.1002163369274083,0.6733912302014691,0.4268251067259392,-0.2987326608687075,1.6891275087291144,1.6338441719804389,0.5912466819383311,3.975769335548917,interval_includes_zero,"Post hoc; pointwise 95% paired bootstrap, no multiplicity adjustment or confirmatory decision."
development,32,burgers,coefficient,ood,64,looped,smooth,looped,none,1.1002163369274083,0.8081382884497046,0.2920780484777037,-0.06797667812162973,0.85441007397582,1.3614208764170954,0.855810418054308,1.6262746560205712,interval_includes_zero,"Post hoc; pointwise 95% paired bootstrap, no multiplicity adjustment or confirmatory decision."
development,32,burgers,coefficient,ood,96,looped,smooth,mechanistic,,2.2257258905986035,0.01143513866150081,2.214290751937103,0.5217074187503709,5.1660489537825365,194.6391693606702,46.78158996818225,457.43389033725856,higher_candidate_error,"Post hoc; pointwise 95% paired bootstrap, no multiplicity adjustment or confirmatory decision."
development,32,burgers,coefficient,ood,96,looped,smooth,transformer,smooth,2.2257258905986035,1.0661974296942494,1.1595284609043541,-0.5600348835962007,4.251912785418541,2.0875363498455153,0.5318872579845666,6.067424339729378,interval_includes_zero,"Post hoc; pointwise 95% paired bootstrap, no multiplicity adjustment or confirmatory decision."
development,32,burgers,coefficient,ood,96,looped,smooth,looped,none,2.2257258905986035,1.5718285958972524,0.653897294701351,-0.14126291847329278,1.9459931475782195,1.4160105601896653,0.8089127939282227,1.6452136905843606,interval_includes_zero,"Post hoc; pointwise 95% paired bootstrap, no multiplicity adjustment or confirmatory decision."
development,32,burgers,coefficient,test,64,looped,smooth,mechanistic,,0.010207495767216607,0.017123447088257304,-0.0069159513210406975,-0.010132898244196211,-0.0038918612147976037,0.5961122030281257,0.4761546145371022,0.7463899862072909,lower_candidate_error,"Post hoc; pointwise 95% paired bootstrap, no multiplicity adjustment or confirmatory decision."
development,32,burgers,coefficient,test,64,looped,smooth,transformer,smooth,0.010207495767216607,0.006662913922609703,0.0035445818446069033,0.0013443011021525195,0.0065647905128931715,1.5319867382015608,1.175976091861219,2.122693791896503,higher_candidate_error,"Post hoc; pointwise 95% paired bootstrap, no multiplicity adjustment or confirmatory decision."
development,32,burgers,coefficient,test,64,looped,smooth,looped,none,0.010207495767216607,0.011035458482731861,-0.0008279627155152545,-0.002940575415168545,0.0009865111172319963,0.9249725132117673,0.7843890159022794,1.1039843264598794,interval_includes_zero,"Post hoc; pointwise 95% paired bootstrap, no multiplicity adjustment or confirmatory decision."
development,32,burgers,coefficient,test,96,looped,smooth,mechanistic,,0.011256668550219113,0.01717711214944343,-0.005920443599224319,-0.008862245256643995,-0.0031621311016804482,0.6553295136158175,0.5256221503750732,0.8020477486141441,lower_candidate_error,"Post hoc; pointwise 95% paired bootstrap, no multiplicity adjustment or confirmatory decision."
development,32,burgers,coefficient,test,96,looped,smooth,transformer,smooth,0.011256668550219113,0.007000061868353682,0.004256606681865431,0.0017621541630765826,0.00729744485886134,1.6080812944109772,1.2222850030529746,2.192549582817151,higher_candidate_error,"Post hoc; pointwise 95% paired bootstrap, no multiplicity adjustment or confirmatory decision."
development,32,burgers,coefficient,test,96,looped,smooth,looped,none,0.011256668550219113,0.012735244558711785,-0.0014785760084926724,-0.005412382853792407,0.00137528769476608,0.8838988916407401,0.6762214687917594,1.1378776418416559,interval_includes_zero,"Post hoc; pointwise 95% paired bootstrap, no multiplicity adjustment or confirmatory decision."
development,32,burgers,coefficient,ood,64,transformer,iid,mechanistic,,0.629661069803617,0.010053777077486337,0.6196072927261307,0.4253914781786002,0.9152778751767787,62.629304882205126,42.61413896906777,95.12268785834542,higher_candidate_error,"Post hoc; pointwise 95% paired bootstrap, no multiplicity adjustment or confirmatory decision."
development,32,burgers,coefficient,ood,96,transformer,iid,mechanistic,,0.9734951170555597,0.01143513866150081,0.9620599783940589,0.5985907187362282,1.5447719952878016,85.13190315156116,53.01284459896453,139.16946664151456,higher_candidate_error,"Post hoc; pointwise 95% paired bootstrap, no multiplicity adjustment or confirmatory decision."
development,32,burgers,coefficient,test,64,transformer,iid,mechanistic,,0.0067713944814743465,0.017123447088257304,-0.010352052606782958,-0.013996791140750909,-0.0072137401923074345,0.39544575613621313,0.3015222501477525,0.5084472469972672,lower_candidate_error,"Post hoc; pointwise 95% paired bootstrap, no multiplicity adjustment or confirmatory decision."
development,32,burgers,coefficient,test,96,transformer,iid,mechanistic,,0.007934112226975895,0.01717711214944343,-0.009242999922467536,-0.012628796620967052,-0.006332473627209624,0.46190024015375447,0.35375493220214727,0.5814627924009073,lower_candidate_error,"Post hoc; pointwise 95% paired bootstrap, no multiplicity adjustment or confirmatory decision."
development,32,burgers,coefficient,ood,64,transformer,none,mechanistic,,0.542459863897987,0.010053777077486337,0.5324060868205006,0.4376856795681043,0.6276720373738159,53.955827717001036,43.5057153951971,66.85292662626343,higher_candidate_error,"Post hoc; pointwise 95% paired bootstrap, no multiplicity adjustment or confirmatory decision."
development,32,burgers,coefficient,ood,96,transformer,none,mechanistic,,0.8271068722388755,0.01143513866150081,0.8156717335773747,0.6388217076691833,0.9943352066784275,72.33028795912489,56.32134030309593,90.37911473973624,higher_candidate_error,"Post hoc; pointwise 95% paired bootstrap, no multiplicity adjustment or confirmatory decision."
development,32,burgers,coefficient,test,64,transformer,none,mechanistic,,0.006637938893562252,0.017123447088257304,-0.010485508194695053,-0.014604674788223936,-0.006992337701519726,0.3876520223614515,0.27483922880843187,0.5364803804884866,lower_candidate_error,"Post hoc; pointwise 95% paired bootstrap, no multiplicity adjustment or confirmatory decision."
development,32,burgers,coefficient,test,96,transformer,none,mechanistic,,0.007344714650311329,0.01717711214944343,-0.009832397499132103,-0.01351268307819512,-0.00649417612954428,0.4275872793058122,0.3089524736911973,0.5856733058379148,lower_candidate_error,"Post hoc; pointwise 95% paired bootstrap, no multiplicity adjustment or confirmatory decision."
development,32,burgers,coefficient,ood,64,transformer,response_matched,mechanistic,,0.5552663068658052,0.010053777077486337,0.5452125297883189,0.38958807395143574,0.7528466708391741,55.22962192082281,39.63588436078232,78.14010885293872,higher_candidate_error,"Post hoc; pointwise 95% paired bootstrap, no multiplicity adjustment or confirmatory decision."
development,32,burgers,coefficient,ood,96,transformer,response_matched,mechanistic,,0.8115286408673997,0.01143513866150081,0.8000935022058989,0.5093729674651131,1.1925789564214087,70.96797554362934,45.70256667453458,107.13419888170365,higher_candidate_error,"Post hoc; pointwise 95% paired bootstrap, no multiplicity adjustment or confirmatory decision."
development,32,burgers,coefficient,test,64,transformer,response_matched,mechanistic,,0.005877705233532797,0.017123447088257304,-0.011245741854724507,-0.015105053327178085,-0.007894094236735979,0.3432547899519328,0.27489083203138914,0.43952287215308494,lower_candidate_error,"Post hoc; pointwise 95% paired bootstrap, no multiplicity adjustment or confirmatory decision."
development,32,burgers,coefficient,test,96,transformer,response_matched,mechanistic,,0.006974787796594747,0.01717711214944343,-0.010202324352848683,-0.013801012592940505,-0.0069281498989134434,0.4060512463278493,0.31850069146089044,0.531182008169427,lower_candidate_error,"Post hoc; pointwise 95% paired bootstrap, no multiplicity adjustment or confirmatory decision."
development,32,burgers,coefficient,ood,64,transformer,smooth,mechanistic,,0.6733912302014691,0.010053777077486337,0.6633374531239827,0.49274348111982263,0.916296447705565,66.97892990977591,48.44565521013069,96.21468786389714,higher_candidate_error,"Post hoc; pointwise 95% paired bootstrap, no multiplicity adjustment or confirmatory decision."
development,32,burgers,coefficient,ood,64,transformer,smooth,transformer,none,0.6733912302014691,0.542459863897987,0.13093136630348212,-0.024472494279125474,0.3372239167843967,1.2413659977765739,0.9556662595014168,1.6060894374616297,interval_includes_zero,"Post hoc; pointwise 95% paired bootstrap, no multiplicity adjustment or confirmatory decision."
development,32,burgers,coefficient,ood,96,transformer,smooth,mechanistic,,1.0661974296942494,0.01143513866150081,1.0547622910327485,0.729078181950618,1.5532314535060083,93.2386970770948,63.67744516849253,140.5400536864856,higher_candidate_error,"Post hoc; pointwise 95% paired bootstrap, no multiplicity adjustment or confirmatory decision."
development,32,burgers,coefficient,ood,96,transformer,smooth,transformer,none,1.0661974296942494,0.8271068722388755,0.2390905574553739,-0.05948244138948841,0.6501551364628141,1.289068517600616,0.9301104365923895,1.7611432072349382,interval_includes_zero,"Post hoc; pointwise 95% paired bootstrap, no multiplicity adjustment or confirmatory decision."
development,32,burgers,coefficient,test,64,transformer,smooth,mechanistic,,0.006662913922609703,0.017123447088257304,-0.0104605331656476,-0.014255004218331426,-0.007265099875132393,0.3891105504789926,0.29782474375600354,0.509423449692688,lower_candidate_error,"Post hoc; pointwise 95% paired bootstrap, no multiplicity adjustment or confirmatory decision."
development,32,burgers,coefficient,test,64,transformer,smooth,transformer,none,0.006662913922609703,0.006637938893562252,2.4975029047451074e-05,-0.0012534091653834199,0.0011918544580230154,1.0037624674538166,0.8387734443047524,1.2140990058804253,interval_includes_zero,"Post hoc; pointwise 95% paired bootstrap, no multiplicity adjustment or confirmatory decision."
development,32,burgers,coefficient,test,96,transformer,smooth,mechanistic,,0.007000061868353682,0.01717711214944343,-0.010177050281089749,-0.01370170597121055,-0.007218705462027271,0.40752262705465864,0.31318056697151964,0.5249290846349306,lower_candidate_error,"Post hoc; pointwise 95% paired bootstrap, no multiplicity adjustment or confirmatory decision."
development,32,burgers,coefficient,test,96,transformer,smooth,transformer,none,0.007000061868353682,0.007344714650311329,-0.00034465278195764705,-0.0021116205632186877,0.0013512853374448774,0.9530747212973022,0.7647685300390763,1.2294743929098118,interval_includes_zero,"Post hoc; pointwise 95% paired bootstrap, no multiplicity adjustment or confirmatory decision."
development,32,burgers,correct,ood,64,fno,iid,mechanistic,,0.024378475914665593,9.585305980781706e-12,0.02437847590508029,0.007650715019658289,0.04452212467897443,2543317444.799761,707162028.5292624,8598486652.496723,higher_candidate_error,"Post hoc; pointwise 95% paired bootstrap, no multiplicity adjustment or confirmatory decision."
development,32,burgers,correct,ood,64,fno,iid,transformer,iid,0.024378475914665593,0.5886032460516036,-0.5642247701369381,-0.8108435723051105,-0.40074236214143283,0.04141750165021737,0.010780539786626148,0.09233966290077657,lower_candidate_error,"Post hoc; pointwise 95% paired bootstrap, no multiplicity adjustment or confirmatory decision."
development,32,burgers,correct,ood,96,fno,iid,mechanistic,,0.044349989885148766,9.999906570371725e-12,0.04434998987514886,0.011394015663283416,0.08462191685026255,4435040424.932705,1106720517.8645847,11429009333.189606,higher_candidate_error,"Post hoc; pointwise 95% paired bootstrap, no multiplicity adjustment or confirmatory decision."
development,32,burgers,correct,ood,96,fno,iid,transformer,iid,0.044349989885148766,0.8930001558844517,-0.8486501659993029,-1.326529169155178,-0.5574649613902614,0.049664033755093054,0.010271073866869875,0.12233599867950372,lower_candidate_error,"Post hoc; pointwise 95% paired bootstrap, no multiplicity adjustment or confirmatory decision."
development,32,burgers,correct,test,64,fno,iid,mechanistic,,0.0003816500066346343,2.4338614891118654e-11,0.0003816499822960194,0.00028164172015113725,0.0004908314626895274,15680843.315939942,8747910.615820833,60060459.934397645,higher_candidate_error,"Post hoc; pointwise 95% paired bootstrap, no multiplicity adjustment or confirmatory decision."
development,32,burgers,correct,test,64,fno,iid,transformer,iid,0.0003816500066346343,0.005018726848107928,-0.004637076841473293,-0.006976779216458004,-0.0029043781124477833,0.07604518400488706,0.052268221854309904,0.11348162556798426,lower_candidate_error,"Post hoc; pointwise 95% paired bootstrap, no multiplicity adjustment or confirmatory decision."
development,32,burgers,correct,test,96,fno,iid,mechanistic,,0.0005417284466050527,1.7938560267601827e-11,0.0005417284286664925,0.0004072795394833111,0.0006918696378814369,30199103.970648553,16174177.858526675,102150188.27107182,higher_candidate_error,"Post hoc; pointwise 95% paired bootstrap, no multiplicity adjustment or confirmatory decision."
development,32,burgers,correct,test,96,fno,iid,transformer,iid,0.0005417284466050527,0.00536510390395385,-0.004823375457348797,-0.0070543982682075845,-0.0031187100929314588,0.10097259182731248,0.06926353236427087,0.15179410313728645,lower_candidate_error,"Post hoc; pointwise 95% paired bootstrap, no multiplicity adjustment or confirmatory decision."
development,32,burgers,correct,ood,64,fno,none,mechanistic,,0.016767783225356644,9.585305980781706e-12,0.01676778321577134,0.008906967203480507,0.0268909294315863,1749321644.919382,701651072.4195389,5356559321.969757,higher_candidate_error,"Post hoc; pointwise 95% paired bootstrap, no multiplicity adjustment or confirmatory decision."
development,32,burgers,correct,ood,64,fno,none,transformer,none,0.016767783225356644,0.5424575538944006,-0.525689770669044,-0.6181717822145184,-0.4337757349213342,0.03091077468638367,0.017220521163642748,0.04603458016595861,lower_candidate_error,"Post hoc; pointwise 95% paired bootstrap, no multiplicity adjustment or confirmatory decision."
development,32,burgers,correct,ood,96,fno,none,mechanistic,,0.024538422953364124,9.999906570371725e-12,0.024538422943364217,0.012891833795335855,0.03821240382950928,2453865221.7079625,1125139219.9161825,5403569081.38126,higher_candidate_error,"Post hoc; pointwise 95% paired bootstrap, no multiplicity adjustment or confirmatory decision."
development,32,burgers,correct,ood,96,fno,none,transformer,none,0.024538422953364124,0.8271032354344463,-0.8025648124810821,-0.9758963384147964,-0.6289324460595619,0.029667908311923133,0.016049634704665233,0.04332478780242239,lower_candidate_error,"Post hoc; pointwise 95% paired bootstrap, no multiplicity adjustment or confirmatory decision."
development,32,burgers,correct,test,64,fno,none,mechanistic,,0.0006018920915045993,2.4338614891118654e-11,0.0006018920671659844,0.00040725576417415167,0.0008185135666955496,24729923.793824203,13717226.406529618,89409132.8409594,higher_candidate_error,"Post hoc; pointwise 95% paired bootstrap, no multiplicity adjustment or confirmatory decision."
development,32,burgers,correct,test,64,fno,none,transformer,none,0.0006018920915045993,0.006638130040853433,-0.006036237949348834,-0.009351763379726555,-0.003647781535581475,0.09067193438518671,0.05695392879132264,0.14189190082754902,lower_candidate_error,"Post hoc; pointwise 95% paired bootstrap, no multiplicity adjustment or confirmatory decision."
development,32,burgers,correct,test,96,fno,none,mechanistic,,0.0007758365739974578,1.7938560267601827e-11,0.0007758365560588975,0.0005238186516607866,0.0010500608667334372,43249656.740773536,22961836.527862687,139468543.99029878,higher_candidate_error,"Post hoc; pointwise 95% paired bootstrap, no multiplicity adjustment or confirmatory decision."
development,32,burgers,correct,test,96,fno,none,transformer,none,0.0007758365739974578,0.007345084592112176,-0.006569248018114719,-0.009717285146547915,-0.0042260384501147516,0.10562663564564281,0.06874931366145251,0.1588066831010447,lower_candidate_error,"Post hoc; pointwise 95% paired bootstrap, no multiplicity adjustment or confirmatory decision."
development,32,burgers,correct,ood,64,fno,response_matched,mechanistic,,0.03647544985138176,9.585305980781706e-12,0.03647544984179645,0.01210266140186292,0.06945739495962333,3805350598.5634785,1050730565.9064785,13488415320.199827,higher_candidate_error,"Post hoc; pointwise 95% paired bootstrap, no multiplicity adjustment or confirmatory decision."
development,32,burgers,correct,ood,64,fno,response_matched,transformer,response_matched,0.03647544985138176,0.5841253343836392,-0.5476498845322575,-0.7220774869590961,-0.3964591962207754,0.06244456061791967,0.017804359704676635,0.13710592222306298,lower_candidate_error,"Post hoc; pointwise 95% paired bootstrap, no multiplicity adjustment or confirmatory decision."
development,32,burgers,correct,ood,96,fno,response_matched,mechanistic,,0.06945889546528478,9.999906570371725e-12,0.06945889545528487,0.020319628632763903,0.13528420323346388,6945954442.322634,1869309392.192708,18261876916.94606,higher_candidate_error,"Post hoc; pointwise 95% paired bootstrap, no multiplicity adjustment or confirmatory decision."
development,32,burgers,correct,ood,96,fno,response_matched,transformer,response_matched,0.06945889546528478,0.8540120978968978,-0.7845532024316131,-1.1122564474455259,-0.5003278414887193,0.0813324490792756,0.019280015070983175,0.19676663867227875,lower_candidate_error,"Post hoc; pointwise 95% paired bootstrap, no multiplicity adjustment or confirmatory decision."
development,32,burgers,correct,test,64,fno,response_matched,mechanistic,,0.00043727900215512785,2.4338614891118654e-11,0.00043727897781651296,0.00029265044800634815,0.0006177640543194663,17966470.323448617,9655232.118514441,69745822.98665337,higher_candidate_error,"Post hoc; pointwise 95% paired bootstrap, no multiplicity adjustment or confirmatory decision."
development,32,burgers,correct,test,64,fno,response_matched,transformer,response_matched,0.00043727900215512785,0.00733420799260794,-0.006896928990452812,-0.009649828806376616,-0.004694351022521558,0.059621843639539006,0.04145669928900776,0.08533225811007215,lower_candidate_error,"Post hoc; pointwise 95% paired bootstrap, no multiplicity adjustment or confirmatory decision."
development,32,burgers,correct,test,96,fno,response_matched,mechanistic,,0.0006366365255060058,1.7938560267601827e-11,0.0006366365075674455,0.00042135600515138074,0.0008855584622622843,35489833.9671,18841068.93978517,119156380.77826612,higher_candidate_error,"Post hoc; pointwise 95% paired bootstrap, no multiplicity adjustment or confirmatory decision."
development,32,burgers,correct,test,96,fno,response_matched,transformer,response_matched,0.0006366365255060058,0.00924161964619747,-0.008604983120691464,-0.011829063148051789,-0.005888573992661764,0.06888798174765333,0.04933857180411676,0.09374381469506761,lower_candidate_error,"Post hoc; pointwise 95% paired bootstrap, no multiplicity adjustment or confirmatory decision."
development,32,burgers,correct,ood,64,fno,smooth,mechanistic,,0.005650402192464418,9.585305980781706e-12,0.005650402182879113,0.002866577862044691,0.00907572621667024,589485844.6661307,256561099.5548625,1660943955.6082103,higher_candidate_error,"Post hoc; pointwise 95% paired bootstrap, no multiplicity adjustment or confirmatory decision."
development,32,burgers,correct,ood,64,fno,smooth,transformer,smooth,0.005650402192464418,0.6605072579111256,-0.6548568557186613,-0.8836266884515436,-0.475949656999014,0.008554640580837805,0.0036232729394709952,0.01685219759669979,lower_candidate_error,"Post hoc; pointwise 95% paired bootstrap, no multiplicity adjustment or confirmatory decision."
development,32,burgers,correct,ood,64,fno,smooth,fno,none,0.005650402192464418,0.016767783225356644,-0.011117381032892226,-0.02176331078256625,-0.004565717550296854,0.3369796780244478,0.15460268762377705,0.5811508710789646,lower_candidate_error,"Post hoc; pointwise 95% paired bootstrap, no multiplicity adjustment or confirmatory decision."
development,32,burgers,correct,ood,96,fno,smooth,mechanistic,,0.009266344548259996,9.999906570371725e-12,0.009266344538260089,0.0039048444323097745,0.01558602570467388,926643112.4181532,361883632.3034623,2038942829.8754978,higher_candidate_error,"Post hoc; pointwise 95% paired bootstrap, no multiplicity adjustment or confirmatory decision."
development,32,burgers,correct,ood,96,fno,smooth,transformer,smooth,0.009266344548259996,1.0505527553356886,-1.0412864107874287,-1.4949581608898217,-0.6910456709961028,0.008820446666002102,0.0029551282585885477,0.020405141770952883,lower_candidate_error,"Post hoc; pointwise 95% paired bootstrap, no multiplicity adjustment or confirmatory decision."
development,32,burgers,correct,ood,96,fno,smooth,fno,none,0.009266344548259996,0.024538422953364124,-0.015272078405104129,-0.02994114991908191,-0.00635141232454526,0.37762592020974256,0.15713092052624483,0.637348137223506,lower_candidate_error,"Post hoc; pointwise 95% paired bootstrap, no multiplicity adjustment or confirmatory decision."
development,32,burgers,correct,test,64,fno,smooth,mechanistic,,0.00020412086126827636,2.4338614891118654e-11,0.00020412083692966147,0.00013238361743104262,0.0002980097086844768,8386708.207571895,4882489.193106585,28861643.56939998,higher_candidate_error,"Post hoc; pointwise 95% paired bootstrap, no multiplicity adjustment or confirmatory decision."
development,32,burgers,correct,test,64,fno,smooth,transformer,smooth,0.00020412086126827636,0.005796979630184347,-0.005592858768916071,-0.008503554486677698,-0.0035777448445434732,0.03521158849781661,0.02298374348256447,0.05242990911874562,lower_candidate_error,"Post hoc; pointwise 95% paired bootstrap, no multiplicity adjustment or confirmatory decision."
development,32,burgers,correct,test,64,fno,smooth,fno,none,0.00020412086126827636,0.0006018920915045993,-0.00039777123023632295,-0.0005756343402780653,-0.00021946627390791415,0.3391319875262335,0.23502839292634614,0.5094888685930677,lower_candidate_error,"Post hoc; pointwise 95% paired bootstrap, no multiplicity adjustment or confirmatory decision."
development,32,burgers,correct,test,96,fno,smooth,mechanistic,,0.0002330674480871573,1.7938560267601827e-11,0.00023306743014859702,0.00015771724910331098,0.0003227073788663556,12992539.234494299,7638824.550195484,38592963.47769878,higher_candidate_error,"Post hoc; pointwise 95% paired bootstrap, no multiplicity adjustment or confirmatory decision."
development,32,burgers,correct,test,96,fno,smooth,transformer,smooth,0.0002330674480871573,0.0062105741255061115,-0.005977506677418954,-0.008746389610907625,-0.004030142391703998,0.037527520544352926,0.024881424003295415,0.05362014467863416,lower_candidate_error,"Post hoc; pointwise 95% paired bootstrap, no multiplicity adjustment or confirmatory decision."
development,32,burgers,correct,test,96,fno,smooth,fno,none,0.0002330674480871573,0.0007758365739974578,-0.0005427691259103004,-0.0007828546649672474,-0.00029319774759799065,0.30040791565972375,0.20651722108323853,0.46662869750331437,lower_candidate_error,"Post hoc; pointwise 95% paired bootstrap, no multiplicity adjustment or confirmatory decision."
development,32,burgers,correct,ood,64,looped,iid,mechanistic,,0.8103905252266431,9.585305980781706e-12,0.8103905252170578,0.29848774073332957,1.6110890607487642,84545086703.69579,23965067292.52765,312564841325.95337,higher_candidate_error,"Post hoc; pointwise 95% paired bootstrap, no multiplicity adjustment or confirmatory decision."
development,32,burgers,correct,ood,64,looped,iid,transformer,iid,0.8103905252266431,0.5886032460516036,0.2217872791750395,-0.2055005998587242,1.0490796713201542,1.3768026776318443,0.6579714840020959,2.920654091825117,interval_includes_zero,"Post hoc; pointwise 95% paired bootstrap, no multiplicity adjustment or confirmatory decision."
development,32,burgers,correct,ood,96,looped,iid,mechanistic,,1.6459130642647486,9.999906570371725e-12,1.6459130642547486,0.39359247878664305,3.7825936638855917,164592844211.3,36138860558.68946,500165906507.06055,higher_candidate_error,"Post hoc; pointwise 95% paired bootstrap, no multiplicity adjustment or confirmatory decision."
development,32,burgers,correct,ood,96,looped,iid,transformer,iid,1.6459130642647486,0.8930001558844517,0.7529129083802969,-0.36679485579670357,2.951047655927264,1.8431274097982564,0.6122066911094118,4.804078566711342,interval_includes_zero,"Post hoc; pointwise 95% paired bootstrap, no multiplicity adjustment or confirmatory decision."
development,32,burgers,correct,test,64,looped,iid,mechanistic,,0.009538695818492204,2.4338614891118654e-11,0.00953869579415359,0.0067313958649055225,0.01300545337099822,391916132.49827737,224666403.38687244,1345605434.7477605,higher_candidate_error,"Post hoc; pointwise 95% paired bootstrap, no multiplicity adjustment or confirmatory decision."
development,32,burgers,correct,test,64,looped,iid,transformer,iid,0.009538695818492204,0.005018726848107928,0.0045199689703842765,0.0020304526256637286,0.007169080237125968,1.9006206369028265,1.3238523711726617,2.598932847692423,higher_candidate_error,"Post hoc; pointwise 95% paired bootstrap, no multiplicity adjustment or confirmatory decision."
development,32,burgers,correct,test,96,looped,iid,mechanistic,,0.011864371860732722,1.7938560267601827e-11,0.011864371842794161,0.008517210776491781,0.015995065244281136,661389302.3600409,378585585.79064924,1971662285.2024865,higher_candidate_error,"Post hoc; pointwise 95% paired bootstrap, no multiplicity adjustment or confirmatory decision."
development,32,burgers,correct,test,96,looped,iid,transformer,iid,0.011864371860732722,0.00536510390395385,0.006499267956778872,0.003265266615901113,0.010096008563106409,2.211396474910615,1.5003160733639345,3.095348014311744,higher_candidate_error,"Post hoc; pointwise 95% paired bootstrap, no multiplicity adjustment or confirmatory decision."
development,32,burgers,correct,ood,64,looped,none,mechanistic,,0.8081389471137879,9.585305980781706e-12,0.8081389471042025,0.3948360631738308,1.4417874799633728,84310187774.29597,29361327996.92174,287785119187.9981,higher_candidate_error,"Post hoc; pointwise 95% paired bootstrap, no multiplicity adjustment or confirmatory decision."
development,32,burgers,correct,ood,64,looped,none,transformer,none,0.8081389471137879,0.5424575538944006,0.2656813932193872,-0.1124153233571271,0.8841485027923176,1.489773607744998,0.7886089433558344,2.5922945014820096,interval_includes_zero,"Post hoc; pointwise 95% paired bootstrap, no multiplicity adjustment or confirmatory decision."
development,32,burgers,correct,ood,96,looped,none,mechanistic,,1.571829909743083,9.999906570371725e-12,1.571829909733083,0.5667713396823426,3.236472652750637,157184459542.87088,46970778358.89894,437826148974.052,higher_candidate_error,"Post hoc; pointwise 95% paired bootstrap, no multiplicity adjustment or confirmatory decision."
development,32,burgers,correct,ood,96,looped,none,transformer,none,1.571829909743083,0.8271032354344463,0.7447266743086367,-0.21688216450152628,2.4169611738074663,1.9004035317519459,0.739302187136541,3.942683247333895,interval_includes_zero,"Post hoc; pointwise 95% paired bootstrap, no multiplicity adjustment or confirmatory decision."
development,32,burgers,correct,test,64,looped,none,mechanistic,,0.011035485003383694,2.4338614891118654e-11,0.01103548497904508,0.007368921977190071,0.01590404220056528,453414668.53196424,254884354.96499896,1595065164.4447093,higher_candidate_error,"Post hoc; pointwise 95% paired bootstrap, no multiplicity adjustment or confirmatory decision."
development,32,burgers,correct,test,64,looped,none,transformer,none,0.011035485003383694,0.006638130040853433,0.00439735496253026,0.0011414856257297291,0.008884522266097459,1.6624388096447886,1.1414082627629436,2.5844476205196245,higher_candidate_error,"Post hoc; pointwise 95% paired bootstrap, no multiplicity adjustment or confirmatory decision."
development,32,burgers,correct,test,96,looped,none,mechanistic,,0.012735292490225808,1.7938560267601827e-11,0.012735292472287248,0.008367900860433394,0.018659921011558053,709939499.0592724,391424079.60261273,2205255207.8497834,higher_candidate_error,"Post hoc; pointwise 95% paired bootstrap, no multiplicity adjustment or confirmatory decision."
development,32,burgers,correct,test,96,looped,none,transformer,none,0.012735292490225808,0.007345084592112176,0.005390207898113632,0.0014324014287253042,0.01110665405803747,1.7338523921020774,1.157550510005304,2.775918047717724,higher_candidate_error,"Post hoc; pointwise 95% paired bootstrap, no multiplicity adjustment or confirmatory decision."
development,32,burgers,correct,ood,64,looped,response_matched,mechanistic,,0.6236408336024759,9.585305980781706e-12,0.6236408335928906,0.3859526294208897,0.9332849900783693,65062172752.00811,27789336659.967304,195949708576.06815,higher_candidate_error,"Post hoc; pointwise 95% paired bootstrap, no multiplicity adjustment or confirmatory decision."
development,32,burgers,correct,ood,64,looped,response_matched,transformer,response_matched,0.6236408336024759,0.5841253343836392,0.03951549921883668,-0.2203376423399637,0.4002619001533458,1.067649007657805,0.6537640614840673,1.7998005483366373,interval_includes_zero,"Post hoc; pointwise 95% paired bootstrap, no multiplicity adjustment or confirmatory decision."
development,32,burgers,correct,ood,96,looped,response_matched,mechanistic,,1.0805902839399337,9.999906570371725e-12,1.0805902839299337,0.49046508263196753,1.9747968449471915,108060037994.9115,41752891736.9736,271777978898.05603,higher_candidate_error,"Post hoc; pointwise 95% paired bootstrap, no multiplicity adjustment or confirmatory decision."
development,32,burgers,correct,ood,96,looped,response_matched,transformer,response_matched,1.0805902839399337,0.8540120978968978,0.22657818604303592,-0.4015344598679978,1.2561255017167354,1.2653102767525315,0.5735086875506603,2.8069485675113186,interval_includes_zero,"Post hoc; pointwise 95% paired bootstrap, no multiplicity adjustment or confirmatory decision."
development,32,burgers,correct,test,64,looped,response_matched,mechanistic,,0.010386579672573282,2.4338614891118654e-11,0.010386579648234667,0.00715626402256426,0.014208107100533444,426753113.06903595,249262412.30970737,1527124327.62663,higher_candidate_error,"Post hoc; pointwise 95% paired bootstrap, no multiplicity adjustment or confirmatory decision."
development,32,burgers,correct,test,64,looped,response_matched,transformer,response_matched,0.010386579672573282,0.00733420799260794,0.0030523716799653417,-8.913846579481408e-05,0.006297274228166459,1.416182862967861,0.9902015367357134,1.9914542202569727,interval_includes_zero,"Post hoc; pointwise 95% paired bootstrap, no multiplicity adjustment or confirmatory decision."
development,32,burgers,correct,test,96,looped,response_matched,mechanistic,,0.012577249830601378,1.7938560267601827e-11,0.012577249812662818,0.009036058204159546,0.016599796704495875,701129279.216275,412094531.02349657,2161176960.9849153,higher_candidate_error,"Post hoc; pointwise 95% paired bootstrap, no multiplicity adjustment or confirmatory decision."
development,32,burgers,correct,test,96,looped,response_matched,transformer,response_matched,0.012577249830601378,0.00924161964619747,0.003335630184403908,-0.0005680480594836814,0.007385204232869945,1.3609356705971314,0.9486535206630466,1.9880378481355996,interval_includes_zero,"Post hoc; pointwise 95% paired bootstrap, no multiplicity adjustment or confirmatory decision."
development,32,burgers,correct,ood,64,looped,smooth,mechanistic,,1.0476027928697438,9.585305980781706e-12,1.0476027928601586,0.3650707313620237,2.151002239896643,109292577093.53886,28780842843.518654,415175775580.18726,higher_candidate_error,"Post hoc; pointwise 95% paired bootstrap, no multiplicity adjustment or confirmatory decision."
development,32,burgers,correct,ood,64,looped,smooth,transformer,smooth,1.0476027928697438,0.6605072579111256,0.38709553495861815,-0.22561451059487228,1.4968573201299282,1.5860579582165677,0.6544255452107189,3.3761362905593773,interval_includes_zero,"Post hoc; pointwise 95% paired bootstrap, no multiplicity adjustment or confirmatory decision."
development,32,burgers,correct,ood,64,looped,smooth,looped,none,1.0476027928697438,0.8081389471137879,0.23946384575595592,-0.038805318323094674,0.7199737977486792,1.2963151901182146,0.9110248010739118,1.519671982102581,interval_includes_zero,"Post hoc; pointwise 95% paired bootstrap, no multiplicity adjustment or confirmatory decision."
development,32,burgers,correct,ood,96,looped,smooth,mechanistic,,2.1214357172201015,9.999906570371725e-12,2.1214357172101015,0.521373670718739,4.856083334063256,212145553790.03323,46547176466.95997,647249072354.8087,higher_candidate_error,"Post hoc; pointwise 95% paired bootstrap, no multiplicity adjustment or confirmatory decision."
development,32,burgers,correct,ood,96,looped,smooth,transformer,smooth,2.1214357172201015,1.0505527553356886,1.070882961884413,-0.4277293429769664,3.840618344080328,2.019351913976208,0.601011695263127,4.993052404582161,interval_includes_zero,"Post hoc; pointwise 95% paired bootstrap, no multiplicity adjustment or confirmatory decision."
development,32,burgers,correct,ood,96,looped,smooth,looped,none,2.1214357172201015,1.571829909743083,0.5496058074770185,-0.057672480898852116,1.6488062704027346,1.3496598480982285,0.9025635794948256,1.529997231218279,interval_includes_zero,"Post hoc; pointwise 95% paired bootstrap, no multiplicity adjustment or confirmatory decision."
development,32,burgers,correct,test,64,looped,smooth,mechanistic,,0.009705862691645806,2.4338614891118654e-11,0.009705862667307191,0.006825713174037641,0.01340700384269818,398784513.21350867,227857537.73538142,1371802854.9845123,higher_candidate_error,"Post hoc; pointwise 95% paired bootstrap, no multiplicity adjustment or confirmatory decision."
development,32,burgers,correct,test,64,looped,smooth,transformer,smooth,0.009705862691645806,0.005796979630184347,0.0039088830614614585,0.0014623935551116758,0.006894178088169926,1.6742964976292583,1.1959599062806188,2.4150941641071575,higher_candidate_error,"Post hoc; pointwise 95% paired bootstrap, no multiplicity adjustment or confirmatory decision."
development,32,burgers,correct,test,64,looped,smooth,looped,none,0.009705862691645806,0.011035485003383694,-0.001329622311737888,-0.003523576382546816,0.00042173564933967086,0.879513921560294,0.7424661734187544,1.0479247768305258,interval_includes_zero,"Post hoc; pointwise 95% paired bootstrap, no multiplicity adjustment or confirmatory decision."
development,32,burgers,correct,test,96,looped,smooth,mechanistic,,0.010789432466922938,1.7938560267601827e-11,0.010789432448984377,0.007866561948805063,0.014332586578714593,601465909.5250434,355280093.9588506,1806136701.5374246,higher_candidate_error,"Post hoc; pointwise 95% paired bootstrap, no multiplicity adjustment or confirmatory decision."
development,32,burgers,correct,test,96,looped,smooth,transformer,smooth,0.010789432466922938,0.0062105741255061115,0.004578858341416826,0.0021628038215817207,0.0073726505476952005,1.7372681251177702,1.2863403631333266,2.4014768948020695,higher_candidate_error,"Post hoc; pointwise 95% paired bootstrap, no multiplicity adjustment or confirmatory decision."
development,32,burgers,correct,test,96,looped,smooth,looped,none,0.010789432466922938,0.012735292490225808,-0.0019458600233028707,-0.005897423673126586,0.0010523767027375381,0.8472072765665731,0.6454363777795209,1.1102442182326835,interval_includes_zero,"Post hoc; pointwise 95% paired bootstrap, no multiplicity adjustment or confirmatory decision."
development,32,burgers,correct,ood,64,transformer,iid,mechanistic,,0.5886032460516036,9.585305980781706e-12,0.5886032460420183,0.4330367589755697,0.8264227548301895,61406829081.06826,27320974517.422344,178231537123.4821,higher_candidate_error,"Post hoc; pointwise 95% paired bootstrap, no multiplicity adjustment or confirmatory decision."
development,32,burgers,correct,ood,96,transformer,iid,mechanistic,,0.8930001558844517,9.999906570371725e-12,0.8930001558744518,0.6195866702182349,1.3552027214155828,89300849922.96646,45354854617.54908,194590995009.11118,higher_candidate_error,"Post hoc; pointwise 95% paired bootstrap, no multiplicity adjustment or confirmatory decision."
development,32,burgers,correct,test,64,transformer,iid,mechanistic,,0.005018726848107928,2.4338614891118654e-11,0.005018726823769313,0.0032522509502333668,0.007408315417005551,206204291.84486172,116747534.59988242,733198473.7384541,higher_candidate_error,"Post hoc; pointwise 95% paired bootstrap, no multiplicity adjustment or confirmatory decision."
development,32,burgers,correct,test,96,transformer,iid,mechanistic,,0.00536510390395385,1.7938560267601827e-11,0.005365103886015289,0.003661471049921925,0.007640214914426634,299082190.7621854,173609570.86806276,911079919.4517152,higher_candidate_error,"Post hoc; pointwise 95% paired bootstrap, no multiplicity adjustment or confirmatory decision."
development,32,burgers,correct,ood,64,transformer,none,mechanistic,,0.5424575538944006,9.585305980781706e-12,0.5424575538848153,0.446618968284014,0.6397014666580968,56592617385.61233,27474522831.398796,153794012486.84064,higher_candidate_error,"Post hoc; pointwise 95% paired bootstrap, no multiplicity adjustment or confirmatory decision."
development,32,burgers,correct,ood,96,transformer,none,mechanistic,,0.8271032354344463,9.999906570371725e-12,0.8271032354244464,0.6502173414396999,1.0053616530207898,82711096310.14287,46821897704.311066,160596775908.55008,higher_candidate_error,"Post hoc; pointwise 95% paired bootstrap, no multiplicity adjustment or confirmatory decision."
development,32,burgers,correct,test,64,transformer,none,mechanistic,,0.006638130040853433,2.4338614891118654e-11,0.006638130016514818,0.004161000928242608,0.009993078800548017,272740666.24373674,149439527.782662,978886649.1295345,higher_candidate_error,"Post hoc; pointwise 95% paired bootstrap, no multiplicity adjustment or confirmatory decision."
development,32,burgers,correct,test,96,transformer,none,mechanistic,,0.007345084592112176,1.7938560267601827e-11,0.007345084574173616,0.004882244059685357,0.010598401775969,409457865.20994455,222489135.03550175,1290162830.1989453,higher_candidate_error,"Post hoc; pointwise 95% paired bootstrap, no multiplicity adjustment or confirmatory decision."
development,32,burgers,correct,ood,64,transformer,response_matched,mechanistic,,0.5841253343836392,9.585305980781706e-12,0.5841253343740539,0.4513715507329888,0.7434859287225086,60939664894.87092,28979764109.77488,168225176876.32422,higher_candidate_error,"Post hoc; pointwise 95% paired bootstrap, no multiplicity adjustment or confirmatory decision."
development,32,burgers,correct,ood,96,transformer,response_matched,mechanistic,,0.8540120978968978,9.999906570371725e-12,0.8540120978868979,0.6113034801293219,1.1488029480508952,85402007697.47308,46864485062.343025,171601560496.57562,higher_candidate_error,"Post hoc; pointwise 95% paired bootstrap, no multiplicity adjustment or confirmatory decision."
development,32,burgers,correct,test,64,transformer,response_matched,mechanistic,,0.00733420799260794,2.4338614891118654e-11,0.007334207968269325,0.005054896466391064,0.010132742395631498,301340401.88475347,170552901.84069723,1093774410.6541286,higher_candidate_error,"Post hoc; pointwise 95% paired bootstrap, no multiplicity adjustment or confirmatory decision."
development,32,burgers,correct,test,96,transformer,response_matched,mechanistic,,0.00924161964619747,1.7938560267601827e-11,0.00924161962825891,0.006378409346326701,0.012598787914473516,515181793.2060255,289447077.2960945,1612447912.6629412,higher_candidate_error,"Post hoc; pointwise 95% paired bootstrap, no multiplicity adjustment or confirmatory decision."
development,32,burgers,correct,ood,64,transformer,smooth,mechanistic,,0.6605072579111256,9.585305980781706e-12,0.6605072579015403,0.4836655403547059,0.8877232690807386,68908312289.18782,31203496132.92401,199704593725.36777,higher_candidate_error,"Post hoc; pointwise 95% paired bootstrap, no multiplicity adjustment or confirmatory decision."
development,32,burgers,correct,ood,64,transformer,smooth,transformer,none,0.6605072579111256,0.5424575538944006,0.11804970401672499,-0.031063145121148727,0.29683294689798195,1.2176201680098744,0.9431648971585488,1.5251074989498357,interval_includes_zero,"Post hoc; pointwise 95% paired bootstrap, no multiplicity adjustment or confirmatory decision."
development,32,burgers,correct,ood,96,transformer,smooth,mechanistic,,1.0505527553356886,9.999906570371725e-12,1.0505527553256886,0.7064495228570847,1.5017051823961725,105056257070.27345,54540579130.070755,224496534575.98334,higher_candidate_error,"Post hoc; pointwise 95% paired bootstrap, no multiplicity adjustment or confirmatory decision."
development,32,burgers,correct,ood,96,transformer,smooth,transformer,none,1.0505527553356886,0.8271032354344463,0.2234495199012423,-0.06833914350599922,0.5781148100126872,1.2701591655410134,0.9162623913957374,1.664323869181172,interval_includes_zero,"Post hoc; pointwise 95% paired bootstrap, no multiplicity adjustment or confirmatory decision."
development,32,burgers,correct,test,64,transformer,smooth,mechanistic,,0.005796979630184347,2.4338614891118654e-11,0.005796979605845732,0.0037286635208061258,0.008734679811776768,238180342.4770778,130019169.1376502,873276074.4795982,higher_candidate_error,"Post hoc; pointwise 95% paired bootstrap, no multiplicity adjustment or confirmatory decision."
development,32,burgers,correct,test,64,transformer,smooth,transformer,none,0.005796979630184347,0.006638130040853433,-0.0008411504106690861,-0.0024908152616543123,0.0005072302051617457,0.8732850357717693,0.6833649020701932,1.0920662480239274,interval_includes_zero,"Post hoc; pointwise 95% paired bootstrap, no multiplicity adjustment or confirmatory decision."
development,32,burgers,correct,test,96,transformer,smooth,mechanistic,,0.0062105741255061115,1.7938560267601827e-11,0.006210574107567551,0.004214155104100835,0.009003605891215875,346213633.2491967,190515355.83539444,1102992999.9977381,higher_candidate_error,"Post hoc; pointwise 95% paired bootstrap, no multiplicity adjustment or confirmatory decision."
development,32,burgers,correct,test,96,transformer,smooth,transformer,none,0.0062105741255061115,0.007345084592112176,-0.0011345104666060646,-0.003391390553225023,0.0007392801527259909,0.8455415383746014,0.6159418979489361,1.1190128805085027,interval_includes_zero,"Post hoc; pointwise 95% paired bootstrap, no multiplicity adjustment or confirmatory decision."
development,32,gray_scott,coefficient,ood,64,fno,iid,mechanistic,,0.1560460450858274,0.7143332629876973,-0.5582872179018699,-0.6344323807198418,-0.47367807990921906,0.21844992130586943,0.13289395303329252,0.3270983290922554,lower_candidate_error,"Post hoc; pointwise 95% paired bootstrap, no multiplicity adjustment or confirmatory decision."
development,32,gray_scott,coefficient,ood,64,fno,iid,transformer,iid,0.1560460450858274,0.33470801132074296,-0.17866196623491556,-0.2611938924093999,-0.10859742678467331,0.46621544692066563,0.3087941962944807,0.6090280922231445,lower_candidate_error,"Post hoc; pointwise 95% paired bootstrap, no multiplicity adjustment or confirmatory decision."
development,32,gray_scott,coefficient,ood,96,fno,iid,mechanistic,,0.49193282716077597,1.3049250369817216,-0.8129922098209457,-0.9971587645029719,-0.6230838099765217,0.3769816757433144,0.2500241188739862,0.5139050282591832,lower_candidate_error,"Post hoc; pointwise 95% paired bootstrap, no multiplicity adjustment or confirmatory decision."
development,32,gray_scott,coefficient,ood,96,fno,iid,transformer,iid,0.49193282716077597,0.7644568008134659,-0.27252397365268993,-0.5923301736250112,0.004034565711101514,0.6435063781724559,0.45805270526031994,1.0084583909382778,interval_includes_zero,"Post hoc; pointwise 95% paired bootstrap, no multiplicity adjustment or confirmatory decision."
development,32,gray_scott,coefficient,test,64,fno,iid,mechanistic,,0.004105812277428148,0.7340474576230349,-0.7299416453456068,-0.7700799269381355,-0.6907218577584675,0.005593388049763752,0.0041428592851509615,0.007274603604413983,lower_candidate_error,"Post hoc; pointwise 95% paired bootstrap, no multiplicity adjustment or confirmatory decision."
development,32,gray_scott,coefficient,test,64,fno,iid,transformer,iid,0.004105812277428148,0.031002147154874943,-0.026896334877446797,-0.031928078627249314,-0.02184847885540508,0.13243638438709004,0.10068143118846064,0.16982360122953497,lower_candidate_error,"Post hoc; pointwise 95% paired bootstrap, no multiplicity adjustment or confirmatory decision."
development,32,gray_scott,coefficient,test,96,fno,iid,mechanistic,,0.00805938125902944,1.2035565650754734,-1.1954971838164439,-1.2657544494305182,-1.1311446615219256,0.006696304513551506,0.004240096610661159,0.009761917916762593,lower_candidate_error,"Post hoc; pointwise 95% paired bootstrap, no multiplicity adjustment or confirmatory decision."
development,32,gray_scott,coefficient,test,96,fno,iid,transformer,iid,0.00805938125902944,0.07649633271162476,-0.06843695145259532,-0.09566361996350439,-0.047936849774033445,0.10535643962713387,0.05675599092948988,0.1665054909404893,lower_candidate_error,"Post hoc; pointwise 95% paired bootstrap, no multiplicity adjustment or confirmatory decision."
development,32,gray_scott,coefficient,ood,64,fno,none,mechanistic,,0.11635146539602144,0.7143332629876973,-0.5979817975916758,-0.6466140758485707,-0.5495655225458814,0.16288120884834859,0.11902072157085739,0.21012631781495045,lower_candidate_error,"Post hoc; pointwise 95% paired bootstrap, no multiplicity adjustment or confirmatory decision."
development,32,gray_scott,coefficient,ood,64,fno,none,transformer,none,0.11635146539602144,0.5249475163304789,-0.40859605093445744,-0.7570173969548645,-0.1866729065646013,0.22164399635481422,0.142388607870977,0.3901674012820657,lower_candidate_error,"Post hoc; pointwise 95% paired bootstrap, no multiplicity adjustment or confirmatory decision."
development,32,gray_scott,coefficient,ood,96,fno,none,mechanistic,,0.3691750356780999,1.3049250369817216,-0.9357500013036217,-1.0572961366577616,-0.8142095365150542,0.2829089987667016,0.20764565342982275,0.364622772340622,lower_candidate_error,"Post hoc; pointwise 95% paired bootstrap, no multiplicity adjustment or confirmatory decision."
development,32,gray_scott,coefficient,ood,96,fno,none,transformer,none,0.3691750356780999,1.2738312004986314,-0.9046561648205316,-1.9319693632500041,-0.27312095088331684,0.28981472233808464,0.16747453018073585,0.5806082594474692,lower_candidate_error,"Post hoc; pointwise 95% paired bootstrap, no multiplicity adjustment or confirmatory decision."
development,32,gray_scott,coefficient,test,64,fno,none,mechanistic,,0.00044348240312426686,0.7340474576230349,-0.7336039752199106,-0.7735415923495951,-0.69463732077297,0.000604160396604785,0.0004797198445685535,0.0007613650516360907,lower_candidate_error,"Post hoc; pointwise 95% paired bootstrap, no multiplicity adjustment or confirmatory decision."
development,32,gray_scott,coefficient,test,64,fno,none,transformer,none,0.00044348240312426686,0.0168203597655275,-0.01637687736240323,-0.02094225668390276,-0.012712978918483574,0.026365809608493763,0.019414251897421114,0.03646569613323244,lower_candidate_error,"Post hoc; pointwise 95% paired bootstrap, no multiplicity adjustment or confirmatory decision."
development,32,gray_scott,coefficient,test,96,fno,none,mechanistic,,0.0011535942049467598,1.2035565650754734,-1.2024029708705266,-1.2722551382223735,-1.1381225377304731,0.0009584877341219268,0.0006607277526932919,0.0013422213169964692,lower_candidate_error,"Post hoc; pointwise 95% paired bootstrap, no multiplicity adjustment or confirmatory decision."
development,32,gray_scott,coefficient,test,96,fno,none,transformer,none,0.0011535942049467598,0.0556515086208992,-0.05449791441595244,-0.07620224281131562,-0.03887999156481941,0.02072889367303769,0.01353270351830139,0.03216290463074749,lower_candidate_error,"Post hoc; pointwise 95% paired bootstrap, no multiplicity adjustment or confirmatory decision."
development,32,gray_scott,coefficient,ood,64,fno,response_matched,mechanistic,,0.33210578299370047,0.7143332629876973,-0.3822274799939968,-0.5564794975169496,-0.13796937014827385,0.46491714750153,0.23156393862542585,0.8012193951472772,lower_candidate_error,"Post hoc; pointwise 95% paired bootstrap, no multiplicity adjustment or confirmatory decision."
development,32,gray_scott,coefficient,ood,64,fno,response_matched,transformer,response_matched,0.33210578299370047,0.3765159997948122,-0.044410216801111735,-0.26089731981722775,0.26424025660338596,0.8820495893260479,0.4227752036568032,1.9266217683846545,interval_includes_zero,"Post hoc; pointwise 95% paired bootstrap, no multiplicity adjustment or confirmatory decision."
development,32,gray_scott,coefficient,ood,96,fno,response_matched,mechanistic,,2.2446119849199184,1.3049250369817216,0.9396869479381968,-0.7204612443218863,4.215261581919495,1.7201079918825708,0.459530721235982,4.2545688747640815,interval_includes_zero,"Post hoc; pointwise 95% paired bootstrap, no multiplicity adjustment or confirmatory decision."
development,32,gray_scott,coefficient,ood,96,fno,response_matched,transformer,response_matched,2.2446119849199184,0.8870156306807188,1.3575963542391998,-0.5220647994093248,4.809110276001427,2.5305213428960043,0.5827107861744556,8.76464819773768,interval_includes_zero,"Post hoc; pointwise 95% paired bootstrap, no multiplicity adjustment or confirmatory decision."
development,32,gray_scott,coefficient,test,64,fno,response_matched,mechanistic,,0.002550624502759641,0.7340474576230349,-0.7314968331202752,-0.7716232153124247,-0.6925969418897858,0.003474740599223622,0.0023892285362478245,0.004750391130476089,lower_candidate_error,"Post hoc; pointwise 95% paired bootstrap, no multiplicity adjustment or confirmatory decision."
development,32,gray_scott,coefficient,test,64,fno,response_matched,transformer,response_matched,0.002550624502759641,0.030074143567785577,-0.027523519065025936,-0.03288749893976948,-0.022552451954850998,0.08481120990230907,0.05945418404151615,0.11800596356120377,lower_candidate_error,"Post hoc; pointwise 95% paired bootstrap, no multiplicity adjustment or confirmatory decision."
development,32,gray_scott,coefficient,test,96,fno,response_matched,mechanistic,,0.00466613417050191,1.2035565650754734,-1.1988904309049715,-1.2688400085002138,-1.1343135581184145,0.0038769546076210413,0.0023990900237008785,0.00565211941891511,lower_candidate_error,"Post hoc; pointwise 95% paired bootstrap, no multiplicity adjustment or confirmatory decision."
development,32,gray_scott,coefficient,test,96,fno,response_matched,transformer,response_matched,0.00466613417050191,0.07658647952377377,-0.07192034535327187,-0.09596270505201454,-0.053142117150542866,0.060926343651211454,0.03916237487258449,0.08878695911402394,lower_candidate_error,"Post hoc; pointwise 95% paired bootstrap, no multiplicity adjustment or confirmatory decision."
development,32,gray_scott,coefficient,ood,64,fno,smooth,mechanistic,,0.12638432386562548,0.7143332629876973,-0.5879489391220718,-0.6490280269366027,-0.5243936687619151,0.17692627575121356,0.11692795650873875,0.2543596682909374,lower_candidate_error,"Post hoc; pointwise 95% paired bootstrap, no multiplicity adjustment or confirmatory decision."
development,32,gray_scott,coefficient,ood,64,fno,smooth,transformer,smooth,0.12638432386562548,0.3250162441224049,-0.1986319202567794,-0.2804091026234624,-0.1202031191427038,0.38885540692553106,0.28202488253217395,0.5221747935135617,lower_candidate_error,"Post hoc; pointwise 95% paired bootstrap, no multiplicity adjustment or confirmatory decision."
development,32,gray_scott,coefficient,ood,64,fno,smooth,fno,none,0.12638432386562548,0.11635146539602144,0.010032858469604042,-0.030654641702238146,0.049100879072217475,1.0862288965201732,0.7515253597067131,1.428309730031594,interval_includes_zero,"Post hoc; pointwise 95% paired bootstrap, no multiplicity adjustment or confirmatory decision."
development,32,gray_scott,coefficient,ood,96,fno,smooth,mechanistic,,0.4193760940245211,1.3049250369817216,-0.8855489429572005,-1.0268037773544154,-0.7380101128254859,0.3213794525657457,0.23084908684397454,0.42009385752333633,lower_candidate_error,"Post hoc; pointwise 95% paired bootstrap, no multiplicity adjustment or confirmatory decision."
development,32,gray_scott,coefficient,ood,96,fno,smooth,transformer,smooth,0.4193760940245211,0.7403962953346008,-0.32102020131007974,-0.6497173467193698,-0.07718804398559484,0.5664211134862528,0.4114560326429108,0.8362741565908123,lower_candidate_error,"Post hoc; pointwise 95% paired bootstrap, no multiplicity adjustment or confirmatory decision."
development,32,gray_scott,coefficient,ood,96,fno,smooth,fno,none,0.4193760940245211,0.3691750356780999,0.05020105834642119,-0.023626528740921967,0.1222197066358712,1.1359817254550053,0.9338453687874929,1.3688485022567183,interval_includes_zero,"Post hoc; pointwise 95% paired bootstrap, no multiplicity adjustment or confirmatory decision."
development,32,gray_scott,coefficient,test,64,fno,smooth,mechanistic,,0.005444026896559521,0.7340474576230349,-0.7286034307264754,-0.7688990753608793,-0.6895167934968521,0.007416450857534697,0.004353421377337873,0.011714196238610794,lower_candidate_error,"Post hoc; pointwise 95% paired bootstrap, no multiplicity adjustment or confirmatory decision."
development,32,gray_scott,coefficient,test,64,fno,smooth,transformer,smooth,0.005444026896559521,0.031127025338310743,-0.02568299844175122,-0.03207089578817727,-0.019640552059650814,0.1748971139191731,0.09976572027218761,0.2927168812698321,lower_candidate_error,"Post hoc; pointwise 95% paired bootstrap, no multiplicity adjustment or confirmatory decision."
development,32,gray_scott,coefficient,test,64,fno,smooth,fno,none,0.005444026896559521,0.00044348240312426686,0.0050005444934352545,0.002779269719835814,0.008060107214080313,12.275632264566013,7.315787202568945,18.964834925114342,higher_candidate_error,"Post hoc; pointwise 95% paired bootstrap, no multiplicity adjustment or confirmatory decision."
development,32,gray_scott,coefficient,test,96,fno,smooth,mechanistic,,0.011312268426115782,1.2035565650754734,-1.1922442966493576,-1.2624052636273053,-1.1276751124153888,0.009399033459974027,0.005083185014399372,0.01563453744069619,lower_candidate_error,"Post hoc; pointwise 95% paired bootstrap, no multiplicity adjustment or confirmatory decision."
development,32,gray_scott,coefficient,test,96,fno,smooth,transformer,smooth,0.011312268426115782,0.08307370845851779,-0.07176144003240201,-0.10747506675359222,-0.04385533665182909,0.13617146310212544,0.06126764400054466,0.28286864094838526,lower_candidate_error,"Post hoc; pointwise 95% paired bootstrap, no multiplicity adjustment or confirmatory decision."
development,32,gray_scott,coefficient,test,96,fno,smooth,fno,none,0.011312268426115782,0.0011535942049467598,0.010158674221169022,0.005214651775176028,0.017273865717288228,9.806107188825433,5.784245601363795,15.454969876294408,higher_candidate_error,"Post hoc; pointwise 95% paired bootstrap, no multiplicity adjustment or confirmatory decision."
development,32,gray_scott,coefficient,ood,64,looped,iid,mechanistic,,0.5161936487255576,0.7143332629876973,-0.19813961426213966,-0.3874853522930988,0.07965923821309985,0.7226230045155378,0.4625720483596128,1.1129060246557272,interval_includes_zero,"Post hoc; pointwise 95% paired bootstrap, no multiplicity adjustment or confirmatory decision."
development,32,gray_scott,coefficient,ood,64,looped,iid,transformer,iid,0.5161936487255576,0.33470801132074296,0.18148563740481466,-0.052435263721620225,0.49923598591795465,1.54222077532199,0.8800162175410119,2.7772187774659707,interval_includes_zero,"Post hoc; pointwise 95% paired bootstrap, no multiplicity adjustment or confirmatory decision."
development,32,gray_scott,coefficient,ood,96,looped,iid,mechanistic,,1.280553577485102,1.3049250369817216,-0.024371459496619563,-0.4461036552572177,0.5447111211442305,0.9813234792758744,0.6635171635811937,1.4224046751812929,interval_includes_zero,"Post hoc; pointwise 95% paired bootstrap, no multiplicity adjustment or confirmatory decision."
development,32,gray_scott,coefficient,ood,96,looped,iid,transformer,iid,1.280553577485102,0.7644568008134659,0.5160967766716361,-0.04828932270138209,1.201577114982143,1.6751156849183009,0.9610826383035939,3.1821480302152763,interval_includes_zero,"Post hoc; pointwise 95% paired bootstrap, no multiplicity adjustment or confirmatory decision."
development,32,gray_scott,coefficient,test,64,looped,iid,mechanistic,,0.023504857956141822,0.7340474576230349,-0.710542599666893,-0.7499100888279431,-0.6718773397713638,0.03202089689439751,0.02653105354867159,0.03842129690217538,lower_candidate_error,"Post hoc; pointwise 95% paired bootstrap, no multiplicity adjustment or confirmatory decision."
development,32,gray_scott,coefficient,test,64,looped,iid,transformer,iid,0.023504857956141822,0.031002147154874943,-0.007497289198733121,-0.012807792197829782,-0.0017790283167181751,0.7581687113063649,0.627770740218583,0.9368085774564834,lower_candidate_error,"Post hoc; pointwise 95% paired bootstrap, no multiplicity adjustment or confirmatory decision."
development,32,gray_scott,coefficient,test,96,looped,iid,mechanistic,,0.05034554348808318,1.2035565650754734,-1.1532110215873903,-1.2226283945702114,-1.0888142450533167,0.04183064174048694,0.03271672628507769,0.05269201051203656,lower_candidate_error,"Post hoc; pointwise 95% paired bootstrap, no multiplicity adjustment or confirmatory decision."
development,32,gray_scott,coefficient,test,96,looped,iid,transformer,iid,0.05034554348808318,0.07649633271162476,-0.026150789223541582,-0.055818127803457705,-0.0025494197235081738,0.6581432299228696,0.4430071391034602,0.9574726413513788,lower_candidate_error,"Post hoc; pointwise 95% paired bootstrap, no multiplicity adjustment or confirmatory decision."
development,32,gray_scott,coefficient,ood,64,looped,none,mechanistic,,0.5207373227907711,0.7143332629876973,-0.19359594019692616,-0.43406153360228045,0.1410826131121656,0.7289837247852472,0.39849577227366845,1.2004613535076833,interval_includes_zero,"Post hoc; pointwise 95% paired bootstrap, no multiplicity adjustment or confirmatory decision."
development,32,gray_scott,coefficient,ood,64,looped,none,transformer,none,0.5207373227907711,0.5249475163304789,-0.004210193539707752,-0.5330457576356495,0.5222337649519865,0.9919797819615604,0.38001664621725023,2.691843081360253,interval_includes_zero,"Post hoc; pointwise 95% paired bootstrap, no multiplicity adjustment or confirmatory decision."
development,32,gray_scott,coefficient,ood,96,looped,none,mechanistic,,1.2478603634032963,1.3049250369817216,-0.05706467357842526,-0.5890142040597002,0.6406730331340493,0.9562697687903856,0.550019829448684,1.4942123023942235,interval_includes_zero,"Post hoc; pointwise 95% paired bootstrap, no multiplicity adjustment or confirmatory decision."
development,32,gray_scott,coefficient,ood,96,looped,none,transformer,none,1.2478603634032963,1.2738312004986314,-0.025970837095335098,-1.310944867964925,1.192187961447168,0.9796120262361536,0.4147675584542629,2.8053798732799184,interval_includes_zero,"Post hoc; pointwise 95% paired bootstrap, no multiplicity adjustment or confirmatory decision."
development,32,gray_scott,coefficient,test,64,looped,none,mechanistic,,0.018285120352365708,0.7340474576230349,-0.7157623372706692,-0.7550343031697884,-0.677477339929767,0.024909997524650385,0.020349065101127214,0.03049589945228237,lower_candidate_error,"Post hoc; pointwise 95% paired bootstrap, no multiplicity adjustment or confirmatory decision."
development,32,gray_scott,coefficient,test,64,looped,none,transformer,none,0.018285120352365708,0.0168203597655275,0.001464760586838209,-0.001981252764036555,0.005117186511254892,1.0870825955720735,0.8985937950001707,1.3422366489677897,interval_includes_zero,"Post hoc; pointwise 95% paired bootstrap, no multiplicity adjustment or confirmatory decision."
development,32,gray_scott,coefficient,test,96,looped,none,mechanistic,,0.0479297032196379,1.2035565650754734,-1.1556268618558354,-1.2254966489566814,-1.0901613341056227,0.03982339061615463,0.028884175041878846,0.05612636560086828,lower_candidate_error,"Post hoc; pointwise 95% paired bootstrap, no multiplicity adjustment or confirmatory decision."
development,32,gray_scott,coefficient,test,96,looped,none,transformer,none,0.0479297032196379,0.0556515086208992,-0.0077218054012613,-0.020166926817272716,0.0025810112229047795,0.8612471504795564,0.6879374493285605,1.0500696376936018,interval_includes_zero,"Post hoc; pointwise 95% paired bootstrap, no multiplicity adjustment or confirmatory decision."
development,32,gray_scott,coefficient,ood,64,looped,response_matched,mechanistic,,0.5162578211689889,0.7143332629876973,-0.1980754418187084,-0.38518428649107084,0.0639865702564599,0.7227128399561595,0.4665250645897341,1.091907435779502,interval_includes_zero,"Post hoc; pointwise 95% paired bootstrap, no multiplicity adjustment or confirmatory decision."
development,32,gray_scott,coefficient,ood,64,looped,response_matched,transformer,response_matched,0.5162578211689889,0.3765159997948122,0.13974182137417668,-0.09895465320187521,0.4612723308171585,1.3711444439288927,0.7936628083393196,2.5809968988415353,interval_includes_zero,"Post hoc; pointwise 95% paired bootstrap, no multiplicity adjustment or confirmatory decision."
development,32,gray_scott,coefficient,ood,96,looped,response_matched,mechanistic,,1.2813356741706672,1.3049250369817216,-0.023589362811054393,-0.43632616213159015,0.5163513342513519,0.9819228215088766,0.668388509020491,1.4020872918243277,interval_includes_zero,"Post hoc; pointwise 95% paired bootstrap, no multiplicity adjustment or confirmatory decision."
development,32,gray_scott,coefficient,ood,96,looped,response_matched,transformer,response_matched,1.2813356741706672,0.8870156306807188,0.3943200434899484,-0.19259057836489651,1.1078902064620513,1.4445468939339174,0.8483962037633196,2.854711411198958,interval_includes_zero,"Post hoc; pointwise 95% paired bootstrap, no multiplicity adjustment or confirmatory decision."
development,32,gray_scott,coefficient,test,64,looped,response_matched,mechanistic,,0.023708975911659675,0.7340474576230349,-0.7103384817113753,-0.7498067157131015,-0.6717592093568406,0.03229896877299078,0.02655213255241681,0.03923989718770525,lower_candidate_error,"Post hoc; pointwise 95% paired bootstrap, no multiplicity adjustment or confirmatory decision."
development,32,gray_scott,coefficient,test,64,looped,response_matched,transformer,response_matched,0.023708975911659675,0.030074143567785577,-0.006365167656125902,-0.011771085367695258,-0.000706219242203024,0.7883508256260352,0.6435773858310506,0.9743931196738971,lower_candidate_error,"Post hoc; pointwise 95% paired bootstrap, no multiplicity adjustment or confirmatory decision."
development,32,gray_scott,coefficient,test,96,looped,response_matched,mechanistic,,0.05032939678208531,1.2035565650754734,-1.1532271682933881,-1.222755213499201,-1.0890100026555019,0.04181722591403855,0.03255613727609775,0.053438586245322266,lower_candidate_error,"Post hoc; pointwise 95% paired bootstrap, no multiplicity adjustment or confirmatory decision."
development,32,gray_scott,coefficient,test,96,looped,response_matched,transformer,response_matched,0.05032939678208531,0.07658647952377377,-0.02625708274168846,-0.054484179390434345,-0.003934721853585568,0.6571577267298492,0.4467451593963983,0.9392601945730055,lower_candidate_error,"Post hoc; pointwise 95% paired bootstrap, no multiplicity adjustment or confirmatory decision."
development,32,gray_scott,coefficient,ood,64,looped,smooth,mechanistic,,0.49780178464640096,0.7143332629876973,-0.21653147834129632,-0.3874912610834494,0.027840045900925512,0.6968761087287831,0.4644875220614214,1.039474798812738,interval_includes_zero,"Post hoc; pointwise 95% paired bootstrap, no multiplicity adjustment or confirmatory decision."
development,32,gray_scott,coefficient,ood,64,looped,smooth,transformer,smooth,0.49780178464640096,0.3250162441224049,0.17278554052399608,-0.04180274332372285,0.45798329842821545,1.5316212455489548,0.9003190154769642,2.738148301831267,interval_includes_zero,"Post hoc; pointwise 95% paired bootstrap, no multiplicity adjustment or confirmatory decision."
development,32,gray_scott,coefficient,ood,64,looped,smooth,looped,none,0.49780178464640096,0.5207373227907711,-0.02293553814437016,-0.13980893112761167,0.08809991971346945,0.9559556476162445,0.8072679605453954,1.2946510077882551,interval_includes_zero,"Post hoc; pointwise 95% paired bootstrap, no multiplicity adjustment or confirmatory decision."
development,32,gray_scott,coefficient,ood,96,looped,smooth,mechanistic,,1.254003118936066,1.3049250369817216,-0.05092191804565549,-0.4378023667910824,0.4716187189011561,0.9609771315573519,0.6684146363100364,1.3625711777114609,interval_includes_zero,"Post hoc; pointwise 95% paired bootstrap, no multiplicity adjustment or confirmatory decision."
development,32,gray_scott,coefficient,ood,96,looped,smooth,transformer,smooth,1.254003118936066,0.7403962953346008,0.5136068236014653,0.0053934433135924475,1.1382161141757292,1.6936917794400301,1.0049058721574808,3.1733036094391824,higher_candidate_error,"Post hoc; pointwise 95% paired bootstrap, no multiplicity adjustment or confirmatory decision."
development,32,gray_scott,coefficient,ood,96,looped,smooth,looped,none,1.254003118936066,1.2478603634032963,0.0061427555327697725,-0.27161326087975995,0.2805146616258347,1.0049226305385777,0.8292929847352716,1.3590019052656257,interval_includes_zero,"Post hoc; pointwise 95% paired bootstrap, no multiplicity adjustment or confirmatory decision."
development,32,gray_scott,coefficient,test,64,looped,smooth,mechanistic,,0.023428687306140932,0.7340474576230349,-0.710618770316894,-0.7501004812448971,-0.6719645617940705,0.031917128876117674,0.026727055745821817,0.03776469570648499,lower_candidate_error,"Post hoc; pointwise 95% paired bootstrap, no multiplicity adjustment or confirmatory decision."
development,32,gray_scott,coefficient,test,64,looped,smooth,transformer,smooth,0.023428687306140932,0.031127025338310743,-0.007698338032169811,-0.013273046001525428,-0.0027876029875354494,0.7526799317153253,0.6136265743491895,0.9038800515146868,lower_candidate_error,"Post hoc; pointwise 95% paired bootstrap, no multiplicity adjustment or confirmatory decision."
development,32,gray_scott,coefficient,test,64,looped,smooth,looped,none,0.023428687306140932,0.018285120352365708,0.005143566953775224,0.0013659338813124984,0.008347748794345081,1.2812979545474938,1.066786548934041,1.4994808496297487,higher_candidate_error,"Post hoc; pointwise 95% paired bootstrap, no multiplicity adjustment or confirmatory decision."
development,32,gray_scott,coefficient,test,96,looped,smooth,mechanistic,,0.051611426066827275,1.2035565650754734,-1.1519451390086461,-1.2209354883459727,-1.0877915697179836,0.042882426605010286,0.03407025365165166,0.05304786094914515,lower_candidate_error,"Post hoc; pointwise 95% paired bootstrap, no multiplicity adjustment or confirmatory decision."
development,32,gray_scott,coefficient,test,96,looped,smooth,transformer,smooth,0.051611426066827275,0.08307370845851779,-0.031462282391690514,-0.06857438904480426,-0.004319367063996879,0.6212726869247572,0.4014741530705955,0.9340772888306166,lower_candidate_error,"Post hoc; pointwise 95% paired bootstrap, no multiplicity adjustment or confirmatory decision."
development,32,gray_scott,coefficient,test,96,looped,smooth,looped,none,0.051611426066827275,0.0479297032196379,0.0036817228471893726,-0.009241990457006338,0.014077211769994828,1.0768150562150964,0.8573834562591135,1.3637540564797808,interval_includes_zero,"Post hoc; pointwise 95% paired bootstrap, no multiplicity adjustment or confirmatory decision."
development,32,gray_scott,coefficient,ood,64,transformer,iid,mechanistic,,0.33470801132074296,0.7143332629876973,-0.3796252516669543,-0.4799680504317661,-0.26178108704630076,0.468560024659677,0.3363897017667101,0.627148074852383,lower_candidate_error,"Post hoc; pointwise 95% paired bootstrap, no multiplicity adjustment or confirmatory decision."
development,32,gray_scott,coefficient,ood,96,transformer,iid,mechanistic,,0.7644568008134659,1.3049250369817216,-0.5404682361682557,-0.8495939458534741,-0.10231151383906172,0.5858243034263844,0.3595188800885953,0.9197750606500966,lower_candidate_error,"Post hoc; pointwise 95% paired bootstrap, no multiplicity adjustment or confirmatory decision."
development,32,gray_scott,coefficient,test,64,transformer,iid,mechanistic,,0.031002147154874943,0.7340474576230349,-0.70304531046816,-0.7431462085216797,-0.6641335423945115,0.04223452698176347,0.03490780907701435,0.050306868516620896,lower_candidate_error,"Post hoc; pointwise 95% paired bootstrap, no multiplicity adjustment or confirmatory decision."
development,32,gray_scott,coefficient,test,96,transformer,iid,mechanistic,,0.07649633271162476,1.2035565650754734,-1.1270602323638486,-1.2008967217335174,-1.0574491536551565,0.06355856877140442,0.04592307249625519,0.0860287300306189,lower_candidate_error,"Post hoc; pointwise 95% paired bootstrap, no multiplicity adjustment or confirmatory decision."
development,32,gray_scott,coefficient,ood,64,transformer,none,mechanistic,,0.5249475163304789,0.7143332629876973,-0.1893857466572184,-0.42176090762948887,0.17470417555755538,0.7348776033960495,0.4162388025109217,1.2419859032723901,interval_includes_zero,"Post hoc; pointwise 95% paired bootstrap, no multiplicity adjustment or confirmatory decision."
development,32,gray_scott,coefficient,ood,96,transformer,none,mechanistic,,1.2738312004986314,1.3049250369817216,-0.031093836483090165,-0.6851413270430466,1.0252656113403533,0.9761719366232638,0.478962217112471,1.7887570224348432,interval_includes_zero,"Post hoc; pointwise 95% paired bootstrap, no multiplicity adjustment or confirmatory decision."
development,32,gray_scott,coefficient,test,64,transformer,none,mechanistic,,0.0168203597655275,0.7340474576230349,-0.7172270978575074,-0.7563553880790528,-0.6786968094263062,0.022914539912711585,0.017983140596701384,0.0289358714794228,lower_candidate_error,"Post hoc; pointwise 95% paired bootstrap, no multiplicity adjustment or confirmatory decision."
development,32,gray_scott,coefficient,test,96,transformer,none,mechanistic,,0.0556515086208992,1.2035565650754734,-1.147905056454574,-1.2170194451948808,-1.0827249876612781,0.046239213208404024,0.03320366828094488,0.06398434330218725,lower_candidate_error,"Post hoc; pointwise 95% paired bootstrap, no multiplicity adjustment or confirmatory decision."
development,32,gray_scott,coefficient,ood,64,transformer,response_matched,mechanistic,,0.3765159997948122,0.7143332629876973,-0.3378172631928851,-0.46142505508473686,-0.2064916071731683,0.5270873124681817,0.36551155267841823,0.7056981451695489,lower_candidate_error,"Post hoc; pointwise 95% paired bootstrap, no multiplicity adjustment or confirmatory decision."
development,32,gray_scott,coefficient,ood,96,transformer,response_matched,mechanistic,,0.8870156306807188,1.3049250369817216,-0.4179094063010028,-0.8003897776730597,0.02720494978784843,0.6797445106367006,0.3889220573891009,1.0211300449363763,interval_includes_zero,"Post hoc; pointwise 95% paired bootstrap, no multiplicity adjustment or confirmatory decision."
development,32,gray_scott,coefficient,test,64,transformer,response_matched,mechanistic,,0.030074143567785577,0.7340474576230349,-0.7039733140552493,-0.7438634615483897,-0.6651347986788716,0.04097029865776056,0.0340341692248491,0.048907934392566035,lower_candidate_error,"Post hoc; pointwise 95% paired bootstrap, no multiplicity adjustment or confirmatory decision."
development,32,gray_scott,coefficient,test,96,transformer,response_matched,mechanistic,,0.07658647952377377,1.2035565650754734,-1.1269700855516995,-1.1983593598181146,-1.0595491536394521,0.06363346912487752,0.047240917688498404,0.08439271031494708,lower_candidate_error,"Post hoc; pointwise 95% paired bootstrap, no multiplicity adjustment or confirmatory decision."
development,32,gray_scott,coefficient,ood,64,transformer,smooth,mechanistic,,0.3250162441224049,0.7143332629876973,-0.3893170188652924,-0.495570295307359,-0.2724341413796963,0.45499245375054376,0.3171613964896697,0.6156245289642508,lower_candidate_error,"Post hoc; pointwise 95% paired bootstrap, no multiplicity adjustment or confirmatory decision."
development,32,gray_scott,coefficient,ood,64,transformer,smooth,transformer,none,0.3250162441224049,0.5249475163304789,-0.199931272208074,-0.47000872842266816,-0.022383896553478128,0.6191404550198729,0.4586672888504444,0.9352769245431733,lower_candidate_error,"Post hoc; pointwise 95% paired bootstrap, no multiplicity adjustment or confirmatory decision."
development,32,gray_scott,coefficient,ood,96,transformer,smooth,mechanistic,,0.7403962953346008,1.3049250369817216,-0.5645287416471207,-0.8787673912216847,-0.15098644264200234,0.5673860753312926,0.333527033121234,0.8821541184519179,lower_candidate_error,"Post hoc; pointwise 95% paired bootstrap, no multiplicity adjustment or confirmatory decision."
development,32,gray_scott,coefficient,ood,96,transformer,smooth,transformer,none,0.7403962953346008,1.2738312004986314,-0.5334349051640306,-1.2117321915134593,-0.09066690520913455,0.5812357987814857,0.4643850361606982,0.8704705304169269,lower_candidate_error,"Post hoc; pointwise 95% paired bootstrap, no multiplicity adjustment or confirmatory decision."
development,32,gray_scott,coefficient,test,64,transformer,smooth,mechanistic,,0.031127025338310743,0.7340474576230349,-0.7029204322847242,-0.7428659565687264,-0.6635724043188659,0.04240464974717727,0.0357539292962767,0.05035299039811819,lower_candidate_error,"Post hoc; pointwise 95% paired bootstrap, no multiplicity adjustment or confirmatory decision."
development,32,gray_scott,coefficient,test,64,transformer,smooth,transformer,none,0.031127025338310743,0.0168203597655275,0.014306665572783244,0.008979212285007294,0.019514032207259644,1.850556454928155,1.467889843926813,2.3333951706050167,higher_candidate_error,"Post hoc; pointwise 95% paired bootstrap, no multiplicity adjustment or confirmatory decision."
development,32,gray_scott,coefficient,test,96,transformer,smooth,mechanistic,,0.08307370845851779,1.2035565650754734,-1.1204828566169556,-1.196704268957997,-1.0471724329434837,0.06902351818695647,0.048729776755090416,0.09777442364973808,lower_candidate_error,"Post hoc; pointwise 95% paired bootstrap, no multiplicity adjustment or confirmatory decision."
development,32,gray_scott,coefficient,test,96,transformer,smooth,transformer,none,0.08307370845851779,0.0556515086208992,0.027422199837618587,-0.007552866398301023,0.06556074034534104,1.492748543879016,0.8974308374160965,2.4153660593102906,interval_includes_zero,"Post hoc; pointwise 95% paired bootstrap, no multiplicity adjustment or confirmatory decision."
development,32,gray_scott,correct,ood,64,fno,iid,mechanistic,,0.12836084105806436,4.261032775467628e-12,0.12836084105380333,0.08524223070289816,0.1770000462844645,30124349617.089577,19738634712.76399,42061957306.645294,higher_candidate_error,"Post hoc; pointwise 95% paired bootstrap, no multiplicity adjustment or confirmatory decision."
development,32,gray_scott,correct,ood,64,fno,iid,transformer,iid,0.12836084105806436,0.4608025027421829,-0.3324416616841185,-0.546494102471433,-0.1651584688792374,0.2785593400517656,0.18618960935602183,0.44399694069704015,lower_candidate_error,"Post hoc; pointwise 95% paired bootstrap, no multiplicity adjustment or confirmatory decision."
development,32,gray_scott,correct,ood,96,fno,iid,mechanistic,,0.44104507997818504,7.426304209213775e-12,0.44104507997075876,0.2893643706234641,0.5925159066689725,59389578928.23496,37921729903.60757,85030109694.2013,higher_candidate_error,"Post hoc; pointwise 95% paired bootstrap, no multiplicity adjustment or confirmatory decision."
development,32,gray_scott,correct,ood,96,fno,iid,transformer,iid,0.44104507997818504,1.087699163630317,-0.646654083652132,-1.346213663362046,-0.1393801869149476,0.40548443423101294,0.2513818918769405,0.7746309112763733,lower_candidate_error,"Post hoc; pointwise 95% paired bootstrap, no multiplicity adjustment or confirmatory decision."
development,32,gray_scott,correct,test,64,fno,iid,mechanistic,,0.0007325018444213939,1.9796401041082864e-11,0.0007325018246249928,0.0005379677968268535,0.0009398030334592077,37001768.29622997,25833220.469390105,50772757.408472255,higher_candidate_error,"Post hoc; pointwise 95% paired bootstrap, no multiplicity adjustment or confirmatory decision."
development,32,gray_scott,correct,test,64,fno,iid,transformer,iid,0.0007325018444213939,0.014873210188828681,-0.014140708344407288,-0.017933188619657658,-0.010860091758001417,0.049249747372734534,0.03216212373460069,0.07140441550291436,lower_candidate_error,"Post hoc; pointwise 95% paired bootstrap, no multiplicity adjustment or confirmatory decision."
development,32,gray_scott,correct,test,96,fno,iid,mechanistic,,0.0016263315405334593,4.0578150651907634e-11,0.0016263314999553087,0.0010681148836937239,0.0022679965559720787,40078996.07068474,25543749.61680255,60501998.5422686,higher_candidate_error,"Post hoc; pointwise 95% paired bootstrap, no multiplicity adjustment or confirmatory decision."
development,32,gray_scott,correct,test,96,fno,iid,transformer,iid,0.0016263315405334593,0.04556035149627094,-0.04393401995573748,-0.05939308521300501,-0.0317069082934343,0.03569620266574485,0.021007872133121355,0.0568743058045524,lower_candidate_error,"Post hoc; pointwise 95% paired bootstrap, no multiplicity adjustment or confirmatory decision."
development,32,gray_scott,correct,ood,64,fno,none,mechanistic,,0.11635146539602144,4.261032775467628e-12,0.1163514653917604,0.08498743249512948,0.1508591516910035,27305930633.97698,19919724678.05931,35569388470.38777,higher_candidate_error,"Post hoc; pointwise 95% paired bootstrap, no multiplicity adjustment or confirmatory decision."
development,32,gray_scott,correct,ood,64,fno,none,transformer,none,0.11635146539602144,0.5249526503440768,-0.40860118494805536,-0.7570310301893972,-0.1866734332780376,0.22164182868637702,0.14238627382670122,0.39016687051703397,lower_candidate_error,"Post hoc; pointwise 95% paired bootstrap, no multiplicity adjustment or confirmatory decision."
development,32,gray_scott,correct,ood,96,fno,none,mechanistic,,0.3691750356780999,7.426304209213775e-12,0.3691750356706736,0.2717999496986818,0.474058425895509,49711811592.64475,35531977595.930954,66953043107.96104,higher_candidate_error,"Post hoc; pointwise 95% paired bootstrap, no multiplicity adjustment or confirmatory decision."
development,32,gray_scott,correct,ood,96,fno,none,transformer,none,0.3691750356780999,1.2738446621081643,-0.9046696264300644,-1.9320036742830835,-0.27312305662954695,0.2898116596627483,0.16747210890367129,0.5806069283077989,lower_candidate_error,"Post hoc; pointwise 95% paired bootstrap, no multiplicity adjustment or confirmatory decision."
development,32,gray_scott,correct,test,64,fno,none,mechanistic,,0.0004434856750632372,1.9796401041082864e-11,0.00044348565526683615,0.00034381282872996565,0.0005700427838201017,22402338.39185643,16163622.852876628,31049596.11461318,higher_candidate_error,"Post hoc; pointwise 95% paired bootstrap, no multiplicity adjustment or confirmatory decision."
development,32,gray_scott,correct,test,64,fno,none,transformer,none,0.0004434856750632372,0.016820524071875703,-0.016377038396812465,-0.0209428186530536,-0.012712927552334243,0.026365746582459656,0.0194131199605361,0.036465492883024704,lower_candidate_error,"Post hoc; pointwise 95% paired bootstrap, no multiplicity adjustment or confirmatory decision."
development,32,gray_scott,correct,test,96,fno,none,mechanistic,,0.0011536196835882468,4.0578150651907634e-11,0.0011536196430100962,0.0007837838467047635,0.001637235274734078,28429577.61886109,18133394.948271457,43194681.1408158,higher_candidate_error,"Post hoc; pointwise 95% paired bootstrap, no multiplicity adjustment or confirmatory decision."
development,32,gray_scott,correct,test,96,fno,none,transformer,none,0.0011536196835882468,0.05565241355215652,-0.05449879386856827,-0.07620428409344474,-0.03888004725580669,0.02072901443002276,0.013533326839791335,0.03216288892096349,lower_candidate_error,"Post hoc; pointwise 95% paired bootstrap, no multiplicity adjustment or confirmatory decision."
development,32,gray_scott,correct,ood,64,fno,response_matched,mechanistic,,0.14228787006306245,4.261032775467628e-12,0.14228787005880142,0.08125872414077806,0.20706297520317912,33392812860.36272,18765205344.149742,50377032296.863434,higher_candidate_error,"Post hoc; pointwise 95% paired bootstrap, no multiplicity adjustment or confirmatory decision."
development,32,gray_scott,correct,ood,64,fno,response_matched,transformer,response_matched,0.14228787006306245,0.43937286204795517,-0.2970849919848927,-0.4759558689258109,-0.15050709476217802,0.3238431008229464,0.20336659083646172,0.5044454010003935,lower_candidate_error,"Post hoc; pointwise 95% paired bootstrap, no multiplicity adjustment or confirmatory decision."
development,32,gray_scott,correct,ood,96,fno,response_matched,mechanistic,,0.5423496571328347,7.426304209213775e-12,0.5423496571254084,0.28317229633791885,0.8291394622207161,73030896911.00243,37565659808.29846,119329030106.8079,higher_candidate_error,"Post hoc; pointwise 95% paired bootstrap, no multiplicity adjustment or confirmatory decision."
development,32,gray_scott,correct,ood,96,fno,response_matched,transformer,response_matched,0.5423496571328347,1.012642382977364,-0.4702927258445294,-1.0999677131280259,0.046383049973492727,0.5355786665162305,0.29078551847191564,1.0697018158691276,interval_includes_zero,"Post hoc; pointwise 95% paired bootstrap, no multiplicity adjustment or confirmatory decision."
development,32,gray_scott,correct,test,64,fno,response_matched,mechanistic,,0.0009075119044478046,1.9796401041082864e-11,0.0009075118846514035,0.0006579039546556003,0.0012155917961367078,45842267.115344495,31764918.922244634,64619938.25185632,higher_candidate_error,"Post hoc; pointwise 95% paired bootstrap, no multiplicity adjustment or confirmatory decision."
development,32,gray_scott,correct,test,64,fno,response_matched,transformer,response_matched,0.0009075119044478046,0.014818221835583012,-0.013910709931135207,-0.016842970506049302,-0.011299928951834005,0.06124296926562371,0.043564564814812676,0.08688459563887867,lower_candidate_error,"Post hoc; pointwise 95% paired bootstrap, no multiplicity adjustment or confirmatory decision."
development,32,gray_scott,correct,test,96,fno,response_matched,mechanistic,,0.0024361131665657427,4.0578150651907634e-11,0.002436113125987592,0.0013853111268481116,0.0038329127631961976,60035095.91808412,33184039.350723095,99260283.56332123,higher_candidate_error,"Post hoc; pointwise 95% paired bootstrap, no multiplicity adjustment or confirmatory decision."
development,32,gray_scott,correct,test,96,fno,response_matched,transformer,response_matched,0.0024361131665657427,0.044232231398616116,-0.04179611823205037,-0.05199310033273547,-0.032640321267767135,0.055075520486673,0.030346707734301908,0.09094719564286652,lower_candidate_error,"Post hoc; pointwise 95% paired bootstrap, no multiplicity adjustment or confirmatory decision."
development,32,gray_scott,correct,ood,64,fno,smooth,mechanistic,,0.09972236454958294,4.261032775467628e-12,0.0997223645453219,0.07928999232534527,0.1230089633034896,23403331963.021313,18579680812.942894,29096938911.511265,higher_candidate_error,"Post hoc; pointwise 95% paired bootstrap, no multiplicity adjustment or confirmatory decision."
development,32,gray_scott,correct,ood,64,fno,smooth,transformer,smooth,0.09972236454958294,0.48952311386241104,-0.3898007493128281,-0.6597791123908227,-0.19519862471090801,0.2037132910083826,0.13949646443331448,0.3322523254747117,lower_candidate_error,"Post hoc; pointwise 95% paired bootstrap, no multiplicity adjustment or confirmatory decision."
development,32,gray_scott,correct,ood,64,fno,smooth,fno,none,0.09972236454958294,0.11635146539602144,-0.016629100846438497,-0.033275915359073774,0.0007695464866906679,0.8570787158559748,0.7618078791890641,1.0089040776247986,interval_includes_zero,"Post hoc; pointwise 95% paired bootstrap, no multiplicity adjustment or confirmatory decision."
development,32,gray_scott,correct,ood,96,fno,smooth,mechanistic,,0.3178796042148458,7.426304209213775e-12,0.3178796042074195,0.2633516126269816,0.3795658193811204,42804549242.738304,33842739959.6533,54011550769.20059,higher_candidate_error,"Post hoc; pointwise 95% paired bootstrap, no multiplicity adjustment or confirmatory decision."
development,32,gray_scott,correct,ood,96,fno,smooth,transformer,smooth,0.3178796042148458,1.1887941993307136,-0.8709145951158679,-1.7018864166037524,-0.3097701099753741,0.2673966649516045,0.158464156173912,0.5082743047721966,lower_candidate_error,"Post hoc; pointwise 95% paired bootstrap, no multiplicity adjustment or confirmatory decision."
development,32,gray_scott,correct,ood,96,fno,smooth,fno,none,0.3178796042148458,0.3691750356780999,-0.051295431463254104,-0.10845195060618504,0.003953471606437233,0.8610538998959267,0.7597738794104187,1.013376481566321,interval_includes_zero,"Post hoc; pointwise 95% paired bootstrap, no multiplicity adjustment or confirmatory decision."
development,32,gray_scott,correct,test,64,fno,smooth,mechanistic,,0.00042400102816236965,1.9796401041082864e-11,0.0004240010083659686,0.0003166537858192315,0.0005562733176526749,21418086.412901685,15241913.954956088,29965047.312487476,higher_candidate_error,"Post hoc; pointwise 95% paired bootstrap, no multiplicity adjustment or confirmatory decision."
development,32,gray_scott,correct,test,64,fno,smooth,transformer,smooth,0.00042400102816236965,0.018535818578545898,-0.01811181755038353,-0.02391733073436471,-0.013449896090666314,0.02287468591503833,0.015882270676197224,0.03459013901118467,lower_candidate_error,"Post hoc; pointwise 95% paired bootstrap, no multiplicity adjustment or confirmatory decision."
development,32,gray_scott,correct,test,64,fno,smooth,fno,none,0.00042400102816236965,0.0004434856750632372,-1.948464690086757e-05,-0.0001106009631494985,6.305906141636663e-05,0.9560647660195806,0.7684176787806795,1.1575894725817364,interval_includes_zero,"Post hoc; pointwise 95% paired bootstrap, no multiplicity adjustment or confirmatory decision."
development,32,gray_scott,correct,test,96,fno,smooth,mechanistic,,0.0010401302276491257,4.0578150651907634e-11,0.001040130187070975,0.0007081223975777683,0.001471233787505119,25632765.68643297,16632876.731008781,39221047.85932177,higher_candidate_error,"Post hoc; pointwise 95% paired bootstrap, no multiplicity adjustment or confirmatory decision."
development,32,gray_scott,correct,test,96,fno,smooth,transformer,smooth,0.0010401302276491257,0.0706087420828392,-0.06956861185519007,-0.0999573511787194,-0.046276834067953,0.014730898709806073,0.008756208816695588,0.02582045762494976,lower_candidate_error,"Post hoc; pointwise 95% paired bootstrap, no multiplicity adjustment or confirmatory decision."
development,32,gray_scott,correct,test,96,fno,smooth,fno,none,0.0010401302276491257,0.0011536196835882468,-0.00011348945593912113,-0.0004518932135276883,0.00016217639938004177,0.9016231626820714,0.6777667196386199,1.1677311014073306,interval_includes_zero,"Post hoc; pointwise 95% paired bootstrap, no multiplicity adjustment or confirmatory decision."
development,32,gray_scott,correct,ood,64,looped,iid,mechanistic,,0.5635137389955304,4.261032775467628e-12,0.5635137389912693,0.27610693892953353,0.9622022617830337,132248158765.61462,63677610938.93342,230835072052.68628,higher_candidate_error,"Post hoc; pointwise 95% paired bootstrap, no multiplicity adjustment or confirmatory decision."
development,32,gray_scott,correct,ood,64,looped,iid,transformer,iid,0.5635137389955304,0.4608025027421829,0.1027112362533475,-0.3338643336874892,0.6294827510732709,1.2228964375022373,0.4817650599367968,3.0711718437870945,interval_includes_zero,"Post hoc; pointwise 95% paired bootstrap, no multiplicity adjustment or confirmatory decision."
development,32,gray_scott,correct,ood,96,looped,iid,mechanistic,,1.303958054268827,7.426304209213775e-12,1.3039580542614007,0.6649337474784912,2.114097498888402,175586404425.9072,87810614307.74896,301320378742.57196,higher_candidate_error,"Post hoc; pointwise 95% paired bootstrap, no multiplicity adjustment or confirmatory decision."
development,32,gray_scott,correct,ood,96,looped,iid,transformer,iid,1.303958054268827,1.087699163630317,0.2162588906385099,-0.818686964860771,1.401332117181625,1.1988223378941671,0.48964645966629466,3.160423683610141,interval_includes_zero,"Post hoc; pointwise 95% paired bootstrap, no multiplicity adjustment or confirmatory decision."
development,32,gray_scott,correct,test,64,looped,iid,mechanistic,,0.01584899640826461,1.9796401041082864e-11,0.01584899638846821,0.012479442642279882,0.01944173551793476,800599885.573831,611421345.4927503,1017807274.8098172,higher_candidate_error,"Post hoc; pointwise 95% paired bootstrap, no multiplicity adjustment or confirmatory decision."
development,32,gray_scott,correct,test,64,looped,iid,transformer,iid,0.01584899640826461,0.014873210188828681,0.0009757862194359288,-0.0031985360337779905,0.004219154335086704,1.0656069676315638,0.8122488039605812,1.321743365423559,interval_includes_zero,"Post hoc; pointwise 95% paired bootstrap, no multiplicity adjustment or confirmatory decision."
development,32,gray_scott,correct,test,96,looped,iid,mechanistic,,0.0422570646075705,4.0578150651907634e-11,0.042257064566992346,0.029654381624588763,0.057129792870327996,1041374826.8141918,713093987.2187904,1487660743.094601,higher_candidate_error,"Post hoc; pointwise 95% paired bootstrap, no multiplicity adjustment or confirmatory decision."
development,32,gray_scott,correct,test,96,looped,iid,transformer,iid,0.0422570646075705,0.04556035149627094,-0.003303286888700442,-0.019901006419273882,0.012200982923206318,0.9274964573315284,0.6360028586971603,1.3192731560098885,interval_includes_zero,"Post hoc; pointwise 95% paired bootstrap, no multiplicity adjustment or confirmatory decision."
development,32,gray_scott,correct,ood,64,looped,none,mechanistic,,0.5207359346596561,4.261032775467628e-12,0.520735934655395,0.2848840712395456,0.8518323247115206,122208854542.90077,65027275968.46733,205746581784.91803,higher_candidate_error,"Post hoc; pointwise 95% paired bootstrap, no multiplicity adjustment or confirmatory decision."
development,32,gray_scott,correct,ood,64,looped,none,transformer,none,0.5207359346596561,0.5249526503440768,-0.004216715684420724,-0.5330599711315048,0.5222311179248328,0.9919674361456088,0.3800103830651751,2.691831799161743,interval_includes_zero,"Post hoc; pointwise 95% paired bootstrap, no multiplicity adjustment or confirmatory decision."
development,32,gray_scott,correct,ood,96,looped,none,mechanistic,,1.247856862152889,7.426304209213775e-12,1.2478568621454627,0.7108237968120892,1.9418119306593216,168032015252.57742,93392744947.07779,275710051486.8864,higher_candidate_error,"Post hoc; pointwise 95% paired bootstrap, no multiplicity adjustment or confirmatory decision."
development,32,gray_scott,correct,ood,96,looped,none,transformer,none,1.247856862152889,1.2738446621081643,-0.025987799955275337,-1.3109809886526982,1.1921815769848003,0.9795989254197867,0.4147609835394273,2.8053667861982525,interval_includes_zero,"Post hoc; pointwise 95% paired bootstrap, no multiplicity adjustment or confirmatory decision."
development,32,gray_scott,correct,test,64,looped,none,mechanistic,,0.01828511733519697,1.9796401041082864e-11,0.01828511731540057,0.014738590673284086,0.022440127373203132,923658663.8778648,718128387.371065,1175632962.3259912,higher_candidate_error,"Post hoc; pointwise 95% paired bootstrap, no multiplicity adjustment or confirmatory decision."
development,32,gray_scott,correct,test,64,looped,none,transformer,none,0.01828511733519697,0.016820524071875703,0.0014645932633212677,-0.001981307763315446,0.005117019033942999,1.0870717973508388,0.8985779790042344,1.3422233412638715,interval_includes_zero,"Post hoc; pointwise 95% paired bootstrap, no multiplicity adjustment or confirmatory decision."
development,32,gray_scott,correct,test,96,looped,none,mechanistic,,0.047929467080608974,4.0578150651907634e-11,0.04792946704003082,0.034283010324364795,0.06756705306966723,1181164402.778315,813815321.6316744,1725392397.8334575,higher_candidate_error,"Post hoc; pointwise 95% paired bootstrap, no multiplicity adjustment or confirmatory decision."
development,32,gray_scott,correct,test,96,looped,none,transformer,none,0.047929467080608974,0.05565241355215652,-0.007722946471547545,-0.020168747130292118,0.002579844028097354,0.861228903139848,0.6879167862716302,1.0500410487321592,interval_includes_zero,"Post hoc; pointwise 95% paired bootstrap, no multiplicity adjustment or confirmatory decision."
development,32,gray_scott,correct,ood,64,looped,response_matched,mechanistic,,0.598090076561372,4.261032775467628e-12,0.598090076557111,0.27043282372367894,1.0416930856345634,140362702677.342,62232322041.95764,250136667933.31696,higher_candidate_error,"Post hoc; pointwise 95% paired bootstrap, no multiplicity adjustment or confirmatory decision."
development,32,gray_scott,correct,ood,64,looped,response_matched,transformer,response_matched,0.598090076561372,0.43937286204795517,0.15871721451341686,-0.3042560296767281,0.7206869631423327,1.361235816371594,0.4930346806633427,3.3778401687397066,interval_includes_zero,"Post hoc; pointwise 95% paired bootstrap, no multiplicity adjustment or confirmatory decision."
development,32,gray_scott,correct,ood,96,looped,response_matched,mechanistic,,1.3349159730674323,7.426304209213775e-12,1.334915973060006,0.6320496340330503,2.2126584407088346,179755088865.2271,84245790336.53662,314860479077.4459,higher_candidate_error,"Post hoc; pointwise 95% paired bootstrap, no multiplicity adjustment or confirmatory decision."
development,32,gray_scott,correct,ood,96,looped,response_matched,transformer,response_matched,1.3349159730674323,1.012642382977364,0.3222735900900682,-0.7480960457203314,1.5192630129809086,1.3182501498135222,0.5028457435322581,3.4902280029117687,interval_includes_zero,"Post hoc; pointwise 95% paired bootstrap, no multiplicity adjustment or confirmatory decision."
development,32,gray_scott,correct,test,64,looped,response_matched,mechanistic,,0.015901098089207588,1.9796401041082864e-11,0.015901098069411188,0.012536860867104009,0.019552706337269677,803231761.9858543,611832082.783962,1028574110.7339036,higher_candidate_error,"Post hoc; pointwise 95% paired bootstrap, no multiplicity adjustment or confirmatory decision."
development,32,gray_scott,correct,test,64,looped,response_matched,transformer,response_matched,0.015901098089207588,0.014818221835583012,0.0010828762536245762,-0.0024446167709507496,0.00433935945099079,1.0730773412383572,0.8487153816965256,1.3187238192143316,interval_includes_zero,"Post hoc; pointwise 95% paired bootstrap, no multiplicity adjustment or confirmatory decision."
development,32,gray_scott,correct,test,96,looped,response_matched,mechanistic,,0.041619683973476866,4.0578150651907634e-11,0.041619683932898714,0.029017769936037458,0.05645608486448282,1025667343.2582928,684891658.3563503,1467952872.702562,higher_candidate_error,"Post hoc; pointwise 95% paired bootstrap, no multiplicity adjustment or confirmatory decision."
development,32,gray_scott,correct,test,96,looped,response_matched,transformer,response_matched,0.041619683973476866,0.044232231398616116,-0.00261254742513925,-0.016312991407608723,0.012739659201125094,0.9409356629197552,0.6534990755268211,1.3171035833688018,interval_includes_zero,"Post hoc; pointwise 95% paired bootstrap, no multiplicity adjustment or confirmatory decision."
development,32,gray_scott,correct,ood,64,looped,smooth,mechanistic,,0.5255362411064476,4.261032775467628e-12,0.5255362411021866,0.28833265374887496,0.8917386756219146,123335413924.0979,66114776422.49991,214010633931.21942,higher_candidate_error,"Post hoc; pointwise 95% paired bootstrap, no multiplicity adjustment or confirmatory decision."
development,32,gray_scott,correct,ood,64,looped,smooth,transformer,smooth,0.5255362411064476,0.48952311386241104,0.03601312724403655,-0.4120758563975557,0.5563599392896014,1.0735677769327123,0.458404083738461,2.7934958684341993,interval_includes_zero,"Post hoc; pointwise 95% paired bootstrap, no multiplicity adjustment or confirmatory decision."
development,32,gray_scott,correct,ood,64,looped,smooth,looped,none,0.5255362411064476,0.5207359346596561,0.004800306446791525,-0.040943053371977026,0.05349431322665854,1.0092183122525027,0.9017008730110176,1.0862624072022016,interval_includes_zero,"Post hoc; pointwise 95% paired bootstrap, no multiplicity adjustment or confirmatory decision."
development,32,gray_scott,correct,ood,96,looped,smooth,mechanistic,,1.2688413146628372,7.426304209213775e-12,1.268841314655411,0.7214069131748193,2.0422589817067918,170857707806.87823,93930984070.96571,290668315408.99023,higher_candidate_error,"Post hoc; pointwise 95% paired bootstrap, no multiplicity adjustment or confirmatory decision."
development,32,gray_scott,correct,ood,96,looped,smooth,transformer,smooth,1.2688413146628372,1.1887941993307136,0.08004711533212361,-0.9851118550352762,1.2580627227185441,1.0673347122464005,0.494286732076136,2.8771629060916206,interval_includes_zero,"Post hoc; pointwise 95% paired bootstrap, no multiplicity adjustment or confirmatory decision."
development,32,gray_scott,correct,ood,96,looped,smooth,looped,none,1.2688413146628372,1.247856862152889,0.020984452509948293,-0.09920830837564172,0.14124116038255977,1.0168163938881134,0.9020577532269413,1.0982873727674367,interval_includes_zero,"Post hoc; pointwise 95% paired bootstrap, no multiplicity adjustment or confirmatory decision."
development,32,gray_scott,correct,test,64,looped,smooth,mechanistic,,0.018146469799754133,1.9796401041082864e-11,0.018146469779957732,0.014480432573864138,0.022062196245824513,916654990.0709387,715985212.3375522,1140597628.49678,higher_candidate_error,"Post hoc; pointwise 95% paired bootstrap, no multiplicity adjustment or confirmatory decision."
development,32,gray_scott,correct,test,64,looped,smooth,transformer,smooth,0.018146469799754133,0.018535818578545898,-0.0003893487787917649,-0.0047553246965668415,0.0037359151049140395,0.9789947890813728,0.7894473427971086,1.2467552237530084,interval_includes_zero,"Post hoc; pointwise 95% paired bootstrap, no multiplicity adjustment or confirmatory decision."
development,32,gray_scott,correct,test,64,looped,smooth,looped,none,0.018146469799754133,0.01828511733519697,-0.00013864753544283806,-0.003721671252602114,0.0032640313922681,0.9924174653680807,0.8168223500852324,1.1974753812077068,interval_includes_zero,"Post hoc; pointwise 95% paired bootstrap, no multiplicity adjustment or confirmatory decision."
development,32,gray_scott,correct,test,96,looped,smooth,mechanistic,,0.05262559341044238,4.0578150651907634e-11,0.05262559336986423,0.03748350349377812,0.06952694976708579,1296894820.6112587,918729881.1386552,1781184134.8714027,higher_candidate_error,"Post hoc; pointwise 95% paired bootstrap, no multiplicity adjustment or confirmatory decision."
development,32,gray_scott,correct,test,96,looped,smooth,transformer,smooth,0.05262559341044238,0.0706087420828392,-0.017983148672396816,-0.039470228429690606,-0.00017825923580675962,0.7453127170669784,0.5743217071395829,0.996679091298724,lower_candidate_error,"Post hoc; pointwise 95% paired bootstrap, no multiplicity adjustment or confirmatory decision."
development,32,gray_scott,correct,test,96,looped,smooth,looped,none,0.05262559341044238,0.047929467080608974,0.0046961263298334055,-0.008684554168080819,0.01897581046035525,1.0979799404390485,0.84430369174567,1.4755231488443679,interval_includes_zero,"Post hoc; pointwise 95% paired bootstrap, no multiplicity adjustment or confirmatory decision."
development,32,gray_scott,correct,ood,64,transformer,iid,mechanistic,,0.4608025027421829,4.261032775467628e-12,0.46080250273792184,0.2899977563996051,0.7043603998920208,108143383781.32095,66185104184.91812,171651520451.31055,higher_candidate_error,"Post hoc; pointwise 95% paired bootstrap, no multiplicity adjustment or confirmatory decision."
development,32,gray_scott,correct,ood,96,transformer,iid,mechanistic,,1.087699163630317,7.426304209213775e-12,1.0876991636228908,0.5964098110876552,1.8558326201867976,146465742984.3521,75982246385.59523,263733594092.80142,higher_candidate_error,"Post hoc; pointwise 95% paired bootstrap, no multiplicity adjustment or confirmatory decision."
development,32,gray_scott,correct,test,64,transformer,iid,mechanistic,,0.014873210188828681,1.9796401041082864e-11,0.01487321016903228,0.01163176117741625,0.01864133394256602,751308793.8541336,573189636.759533,965592983.0163953,higher_candidate_error,"Post hoc; pointwise 95% paired bootstrap, no multiplicity adjustment or confirmatory decision."
development,32,gray_scott,correct,test,96,transformer,iid,mechanistic,,0.04556035149627094,4.0578150651907634e-11,0.04556035145569279,0.03346455018128675,0.0608319796265142,1122780382.1594093,790863368.73045,1590560489.5049405,higher_candidate_error,"Post hoc; pointwise 95% paired bootstrap, no multiplicity adjustment or confirmatory decision."
development,32,gray_scott,correct,ood,64,transformer,none,mechanistic,,0.5249526503440768,4.261032775467628e-12,0.5249526503398158,0.29734176005095014,0.8924452254842893,123198453991.34856,67653395439.726654,215385519480.39548,higher_candidate_error,"Post hoc; pointwise 95% paired bootstrap, no multiplicity adjustment or confirmatory decision."
development,32,gray_scott,correct,ood,96,transformer,none,mechanistic,,1.2738446621081643,7.426304209213775e-12,1.273844662100738,0.6310854952799907,2.3400498412036574,171531440972.7132,80297831992.32187,329790603290.65643,higher_candidate_error,"Post hoc; pointwise 95% paired bootstrap, no multiplicity adjustment or confirmatory decision."
development,32,gray_scott,correct,test,64,transformer,none,mechanistic,,0.016820524071875703,1.9796401041082864e-11,0.016820524052079303,0.013123314387635537,0.02139749913793069,849675859.6155223,646497014.908067,1117568523.1244261,higher_candidate_error,"Post hoc; pointwise 95% paired bootstrap, no multiplicity adjustment or confirmatory decision."
development,32,gray_scott,correct,test,96,transformer,none,mechanistic,,0.05565241355215652,4.0578150651907634e-11,0.05565241351157837,0.039931038092430024,0.07747341134837989,1371487183.5722811,962320929.9376959,1999799266.9172266,higher_candidate_error,"Post hoc; pointwise 95% paired bootstrap, no multiplicity adjustment or confirmatory decision."
development,32,gray_scott,correct,ood,64,transformer,response_matched,mechanistic,,0.43937286204795517,4.261032775467628e-12,0.43937286204369413,0.2892499584228948,0.6549935943150876,103114170953.48114,66188022565.97282,159629862784.14435,higher_candidate_error,"Post hoc; pointwise 95% paired bootstrap, no multiplicity adjustment or confirmatory decision."
development,32,gray_scott,correct,ood,96,transformer,response_matched,mechanistic,,1.012642382977364,7.426304209213775e-12,1.0126423829699378,0.5775165148514143,1.7059120424983867,136358860942.02608,72987894853.4182,241908188519.6136,higher_candidate_error,"Post hoc; pointwise 95% paired bootstrap, no multiplicity adjustment or confirmatory decision."
development,32,gray_scott,correct,test,64,transformer,response_matched,mechanistic,,0.014818221835583012,1.9796401041082864e-11,0.014818221815786611,0.01218210900404117,0.01774836196496903,748531099.4069685,596212342.4306175,928124279.8680499,higher_candidate_error,"Post hoc; pointwise 95% paired bootstrap, no multiplicity adjustment or confirmatory decision."
development,32,gray_scott,correct,test,96,transformer,response_matched,mechanistic,,0.044232231398616116,4.0578150651907634e-11,0.044232231358037964,0.0352144784889225,0.054590957021313134,1090050450.5011663,819529066.9795976,1448400063.3519108,higher_candidate_error,"Post hoc; pointwise 95% paired bootstrap, no multiplicity adjustment or confirmatory decision."
development,32,gray_scott,correct,ood,64,transformer,smooth,mechanistic,,0.48952311386241104,4.261032775467628e-12,0.48952311385815,0.2891743077363618,0.773130053305726,114883677187.5542,65586430624.98347,188766258194.2866,higher_candidate_error,"Post hoc; pointwise 95% paired bootstrap, no multiplicity adjustment or confirmatory decision."
development,32,gray_scott,correct,ood,64,transformer,smooth,transformer,none,0.48952311386241104,0.5249526503440768,-0.03542953648166575,-0.1381998841030766,0.061261942355028944,0.9325090816125156,0.8200763632606788,1.1720793851399,interval_includes_zero,"Post hoc; pointwise 95% paired bootstrap, no multiplicity adjustment or confirmatory decision."
development,32,gray_scott,correct,ood,96,transformer,smooth,mechanistic,,1.1887941993307136,7.426304209213775e-12,1.1887941993232873,0.6308122622656285,2.0423498090893863,160078844852.03058,80052090913.14296,289111750231.4416,higher_candidate_error,"Post hoc; pointwise 95% paired bootstrap, no multiplicity adjustment or confirmatory decision."
development,32,gray_scott,correct,ood,96,transformer,smooth,transformer,none,1.1887941993307136,1.2738446621081643,-0.08505046277745065,-0.3530682868490551,0.17014056945115627,0.9332332541734756,0.8132637841366004,1.220881519191189,interval_includes_zero,"Post hoc; pointwise 95% paired bootstrap, no multiplicity adjustment or confirmatory decision."
development,32,gray_scott,correct,test,64,transformer,smooth,mechanistic,,0.018535818578545898,1.9796401041082864e-11,0.018535818558749497,0.01388228397977763,0.02438078098554875,936322644.7109796,695524258.1886903,1247107165.4798334,higher_candidate_error,"Post hoc; pointwise 95% paired bootstrap, no multiplicity adjustment or confirmatory decision."
development,32,gray_scott,correct,test,64,transformer,smooth,transformer,none,0.018535818578545898,0.016820524071875703,0.0017152945066701945,-0.0005242452327556344,0.004101565626554633,1.1019762820314383,0.9674780369815549,1.2326434297427915,interval_includes_zero,"Post hoc; pointwise 95% paired bootstrap, no multiplicity adjustment or confirmatory decision."
development,32,gray_scott,correct,test,96,transformer,smooth,mechanistic,,0.0706087420828392,4.0578150651907634e-11,0.07060874204226104,0.047297959397835904,0.10108959903843479,1740068015.6309633,1153176458.7592127,2584374377.100551,higher_candidate_error,"Post hoc; pointwise 95% paired bootstrap, no multiplicity adjustment or confirmatory decision."
development,32,gray_scott,correct,test,96,transformer,smooth,transformer,none,0.0706087420828392,0.05565241355215652,0.014956328530682676,0.0024643141636166354,0.0285418538168291,1.2687453710640213,1.0500401239933081,1.4774948997918047,higher_candidate_error,"Post hoc; pointwise 95% paired bootstrap, no multiplicity adjustment or confirmatory decision."
development,32,ks,coefficient,ood,64,fno,iid,mechanistic,,0.40444862826291295,0.7806522957038737,-0.3762036674409608,-0.4849220102184705,-0.26506112687419947,0.5180906153593547,0.4025271054799582,0.6489560276748122,lower_candidate_error,"Post hoc; pointwise 95% paired bootstrap, no multiplicity adjustment or confirmatory decision."
development,32,ks,coefficient,ood,64,fno,iid,transformer,iid,0.40444862826291295,4.534834293623116,-4.130385665360203,-6.35443890884292,-2.4132806553020973,0.08918707985243222,0.06286743130221159,0.14532563416629804,lower_candidate_error,"Post hoc; pointwise 95% paired bootstrap, no multiplicity adjustment or confirmatory decision."
development,32,ks,coefficient,ood,96,fno,iid,mechanistic,,0.820252403334432,0.9354263466911638,-0.11517394335673181,-0.2528112528098012,0.022466294421557922,0.8768754549579122,0.7376867680001907,1.0242533554443223,interval_includes_zero,"Post hoc; pointwise 95% paired bootstrap, no multiplicity adjustment or confirmatory decision."
development,32,ks,coefficient,ood,96,fno,iid,transformer,iid,0.820252403334432,7.632762621204556,-6.812510217870124,-11.589988656880005,-3.3192978516094125,0.1074646814058767,0.06964826854008817,0.18989327335033226,lower_candidate_error,"Post hoc; pointwise 95% paired bootstrap, no multiplicity adjustment or confirmatory decision."
development,32,ks,coefficient,test,64,fno,iid,mechanistic,,0.07856639697088645,0.5864891998136557,-0.5079228028427692,-0.5816542860110806,-0.4345966809841547,0.13396051793596409,0.08988912115843495,0.18966388016872174,lower_candidate_error,"Post hoc; pointwise 95% paired bootstrap, no multiplicity adjustment or confirmatory decision."
development,32,ks,coefficient,test,64,fno,iid,transformer,iid,0.07856639697088645,0.31489680156420036,-0.2363304045933139,-0.30299430624794016,-0.17968103116939285,0.2494988725849873,0.1723636761251846,0.3437642927745023,lower_candidate_error,"Post hoc; pointwise 95% paired bootstrap, no multiplicity adjustment or confirmatory decision."
development,32,ks,coefficient,test,96,fno,iid,mechanistic,,0.2473265056569268,0.7736807441446558,-0.526354238487729,-0.5961846206294878,-0.4571369417694871,0.31967514705352923,0.2398369027725364,0.4070650761763621,lower_candidate_error,"Post hoc; pointwise 95% paired bootstrap, no multiplicity adjustment or confirmatory decision."
development,32,ks,coefficient,test,96,fno,iid,transformer,iid,0.2473265056569268,0.7088802727874949,-0.46155376713056806,-0.5294068195517623,-0.3941007213534503,0.34889743042838106,0.27655113267909454,0.42261788156884345,lower_candidate_error,"Post hoc; pointwise 95% paired bootstrap, no multiplicity adjustment or confirmatory decision."
development,32,ks,coefficient,ood,64,fno,none,mechanistic,,0.4755646330000136,0.7806522957038737,-0.3050876627038601,-0.44061596020572674,-0.15799912032764285,0.6091887971343524,0.45579094752786986,0.7883394797653273,lower_candidate_error,"Post hoc; pointwise 95% paired bootstrap, no multiplicity adjustment or confirmatory decision."
development,32,ks,coefficient,ood,64,fno,none,transformer,none,0.4755646330000136,7.854271307064498,-7.378706674064484,-11.084907820459827,-4.383766966585456,0.06054853651060775,0.03678870651801942,0.10482931060199893,lower_candidate_error,"Post hoc; pointwise 95% paired bootstrap, no multiplicity adjustment or confirmatory decision."
development,32,ks,coefficient,ood,96,fno,none,mechanistic,,0.8960577538062399,0.9354263466911638,-0.03936859288492389,-0.20602734216755625,0.13552024866359286,0.9579137437980227,0.7843434823942392,1.149743453021931,interval_includes_zero,"Post hoc; pointwise 95% paired bootstrap, no multiplicity adjustment or confirmatory decision."
development,32,ks,coefficient,ood,96,fno,none,transformer,none,0.8960577538062399,18.844362982083606,-17.948305228277366,-36.56778102151459,-5.667739354098453,0.047550440132052875,0.022795912397204153,0.138197916003648,lower_candidate_error,"Post hoc; pointwise 95% paired bootstrap, no multiplicity adjustment or confirmatory decision."
development,32,ks,coefficient,test,64,fno,none,mechanistic,,0.02701678990113454,0.5864891998136557,-0.5594724099125211,-0.6431086580672245,-0.4786565754865495,0.04606528118457858,0.024863031640082103,0.0797796855100464,lower_candidate_error,"Post hoc; pointwise 95% paired bootstrap, no multiplicity adjustment or confirmatory decision."
development,32,ks,coefficient,test,64,fno,none,transformer,none,0.02701678990113454,0.9422125910968019,-0.9151958011956673,-1.3603861480163655,-0.5489065075219551,0.028673772942988476,0.012897819105005663,0.06135376097086761,lower_candidate_error,"Post hoc; pointwise 95% paired bootstrap, no multiplicity adjustment or confirmatory decision."
development,32,ks,coefficient,test,96,fno,none,mechanistic,,0.11005360631327661,0.7736807441446558,-0.6636271378313792,-0.7449792977197928,-0.5828674129462695,0.14224679513634086,0.09105424849200773,0.20943954900247988,lower_candidate_error,"Post hoc; pointwise 95% paired bootstrap, no multiplicity adjustment or confirmatory decision."
development,32,ks,coefficient,test,96,fno,none,transformer,none,0.11005360631327661,1.8009271930242423,-1.6908735867109657,-2.256649126277082,-1.1536017662950344,0.061109414494689776,0.03415306025135479,0.1028747764035166,lower_candidate_error,"Post hoc; pointwise 95% paired bootstrap, no multiplicity adjustment or confirmatory decision."
development,32,ks,coefficient,ood,64,fno,response_matched,mechanistic,,0.4260560286949265,0.7806522957038737,-0.35459626700894725,-0.45132124687749564,-0.2584049106976791,0.5457692637805847,0.4449683435288712,0.6560428948982577,lower_candidate_error,"Post hoc; pointwise 95% paired bootstrap, no multiplicity adjustment or confirmatory decision."
development,32,ks,coefficient,ood,64,fno,response_matched,transformer,response_matched,0.4260560286949265,2.8546416296598522,-2.428585600964926,-4.001175844802099,-1.261726143277822,0.14925026814861297,0.08626939174015578,0.2781200147023676,lower_candidate_error,"Post hoc; pointwise 95% paired bootstrap, no multiplicity adjustment or confirmatory decision."
development,32,ks,coefficient,ood,96,fno,response_matched,mechanistic,,0.8508664347612589,0.9354263466911638,-0.08455991192990486,-0.19055822256880894,0.02071892857410973,0.9096028113501247,0.8016091871955212,1.0227088592145936,interval_includes_zero,"Post hoc; pointwise 95% paired bootstrap, no multiplicity adjustment or confirmatory decision."
development,32,ks,coefficient,ood,96,fno,response_matched,transformer,response_matched,0.8508664347612589,4.534856794057873,-3.6839903592966143,-7.077178486774133,-1.3154465944773364,0.18762807149195287,0.10212260881172572,0.4044152287736454,lower_candidate_error,"Post hoc; pointwise 95% paired bootstrap, no multiplicity adjustment or confirmatory decision."
development,32,ks,coefficient,test,64,fno,response_matched,mechanistic,,0.08034419572132706,0.5864891998136557,-0.5061450040923285,-0.5818420534684595,-0.43295148636952285,0.1369917736709469,0.09045648405494779,0.19561108827379123,lower_candidate_error,"Post hoc; pointwise 95% paired bootstrap, no multiplicity adjustment or confirmatory decision."
development,32,ks,coefficient,test,64,fno,response_matched,transformer,response_matched,0.08034419572132706,0.3314762193199004,-0.25113202359857334,-0.30367233604526944,-0.19851868330990666,0.24238298568196426,0.16465559670600366,0.33958457688526394,lower_candidate_error,"Post hoc; pointwise 95% paired bootstrap, no multiplicity adjustment or confirmatory decision."
development,32,ks,coefficient,test,96,fno,response_matched,mechanistic,,0.2251152908407609,0.7736807441446558,-0.548565453303895,-0.623199673171879,-0.47648892229804796,0.2909666455375434,0.21839683956328543,0.371422504249521,lower_candidate_error,"Post hoc; pointwise 95% paired bootstrap, no multiplicity adjustment or confirmatory decision."
development,32,ks,coefficient,test,96,fno,response_matched,transformer,response_matched,0.2251152908407609,0.7273385227862136,-0.5022232319454527,-0.5872046550484921,-0.41626027781898,0.309505524303061,0.2362622447126398,0.386824154832466,lower_candidate_error,"Post hoc; pointwise 95% paired bootstrap, no multiplicity adjustment or confirmatory decision."
development,32,ks,coefficient,ood,64,fno,smooth,mechanistic,,0.42661593692742206,0.7806522957038737,-0.3540363587764517,-0.45316835996612886,-0.25656627775399915,0.5464864950442048,0.4398255534109424,0.6583832498599543,lower_candidate_error,"Post hoc; pointwise 95% paired bootstrap, no multiplicity adjustment or confirmatory decision."
development,32,ks,coefficient,ood,64,fno,smooth,transformer,smooth,0.42661593692742206,5.522684676279965,-5.0960687393525435,-7.0688668928147935,-3.426997500154025,0.07724792595162015,0.05837288501469054,0.11351822127468728,lower_candidate_error,"Post hoc; pointwise 95% paired bootstrap, no multiplicity adjustment or confirmatory decision."
development,32,ks,coefficient,ood,64,fno,smooth,fno,none,0.42661593692742206,0.4755646330000136,-0.04894869607259156,-0.13965325682044036,0.037794017120091644,0.8970724636022499,0.7559235334868079,1.0943419385194617,interval_includes_zero,"Post hoc; pointwise 95% paired bootstrap, no multiplicity adjustment or confirmatory decision."
development,32,ks,coefficient,ood,96,fno,smooth,mechanistic,,0.802375919556806,0.9354263466911638,-0.13305042713435777,-0.2547502214477548,-0.017188485171372656,0.8577649350961833,0.7305333786624049,0.9811129948700283,lower_candidate_error,"Post hoc; pointwise 95% paired bootstrap, no multiplicity adjustment or confirmatory decision."
development,32,ks,coefficient,ood,96,fno,smooth,transformer,smooth,0.802375919556806,10.41664145595748,-9.614265536400675,-14.533136005389437,-5.2033691137074,0.07702827470344692,0.054405030631463326,0.13032458241580464,lower_candidate_error,"Post hoc; pointwise 95% paired bootstrap, no multiplicity adjustment or confirmatory decision."
development,32,ks,coefficient,ood,96,fno,smooth,fno,none,0.802375919556806,0.8960577538062399,-0.09368183424943388,-0.195905482543516,0.00572547452858704,0.8954511203641777,0.8068311028931344,1.0074824920178196,interval_includes_zero,"Post hoc; pointwise 95% paired bootstrap, no multiplicity adjustment or confirmatory decision."
development,32,ks,coefficient,test,64,fno,smooth,mechanistic,,0.10068325265073859,0.5864891998136557,-0.4858059471629171,-0.5551045516130139,-0.4166544953777474,0.1716711112203405,0.11980436982110808,0.23541471871398317,lower_candidate_error,"Post hoc; pointwise 95% paired bootstrap, no multiplicity adjustment or confirmatory decision."
development,32,ks,coefficient,test,64,fno,smooth,transformer,smooth,0.10068325265073859,0.3283971585123659,-0.22771390586162732,-0.282310950252662,-0.17608411724245251,0.30658990201630304,0.22527087275339797,0.40674730477880516,lower_candidate_error,"Post hoc; pointwise 95% paired bootstrap, no multiplicity adjustment or confirmatory decision."
development,32,ks,coefficient,test,64,fno,smooth,fno,none,0.10068325265073859,0.02701678990113454,0.07366646274960405,0.04675185042278628,0.10498558841236554,3.726691920808493,2.666329553874227,5.8558143159775335,higher_candidate_error,"Post hoc; pointwise 95% paired bootstrap, no multiplicity adjustment or confirmatory decision."
development,32,ks,coefficient,test,96,fno,smooth,mechanistic,,0.28607795280537535,0.7736807441446558,-0.4876027913392805,-0.5506433244493955,-0.42660338981097407,0.36976227593934674,0.2899194655086184,0.45332083458332784,lower_candidate_error,"Post hoc; pointwise 95% paired bootstrap, no multiplicity adjustment or confirmatory decision."
development,32,ks,coefficient,test,96,fno,smooth,transformer,smooth,0.28607795280537535,0.7206529282809614,-0.43457497547558605,-0.5079011601531125,-0.36140402839616864,0.3969704993606048,0.31829776972843266,0.4798289771716441,lower_candidate_error,"Post hoc; pointwise 95% paired bootstrap, no multiplicity adjustment or confirmatory decision."
development,32,ks,coefficient,test,96,fno,smooth,fno,none,0.28607795280537535,0.11005360631327661,0.17602434649209875,0.11976681657265155,0.23699679600679965,2.5994418755440964,1.9237349927719603,3.684056919773315,higher_candidate_error,"Post hoc; pointwise 95% paired bootstrap, no multiplicity adjustment or confirmatory decision."
development,32,ks,coefficient,ood,64,looped,iid,mechanistic,,6.127545035312655,0.7806522957038737,5.346892739608781,2.847691644726857,8.755288402861105,7.849262813975029,4.6156168232827675,12.315070624054975,higher_candidate_error,"Post hoc; pointwise 95% paired bootstrap, no multiplicity adjustment or confirmatory decision."
development,32,ks,coefficient,ood,64,looped,iid,transformer,iid,6.127545035312655,4.534834293623116,1.5927107416895385,-2.1541929550530883,5.0954723848535455,1.3512169659493862,0.6532461924144708,2.291432405643521,interval_includes_zero,"Post hoc; pointwise 95% paired bootstrap, no multiplicity adjustment or confirmatory decision."
development,32,ks,coefficient,ood,96,looped,iid,mechanistic,,9.80665165129299,0.9354263466911638,8.871225304601825,4.011901585094537,14.570834918500685,10.483617107837043,5.275670819071167,16.66967964052098,higher_candidate_error,"Post hoc; pointwise 95% paired bootstrap, no multiplicity adjustment or confirmatory decision."
development,32,ks,coefficient,ood,96,looped,iid,transformer,iid,9.80665165129299,7.632762621204556,2.173889030088434,-5.2407499887179565,9.058306569304095,1.284810249967575,0.5355603609386255,2.617815724971071,interval_includes_zero,"Post hoc; pointwise 95% paired bootstrap, no multiplicity adjustment or confirmatory decision."
development,32,ks,coefficient,test,64,looped,iid,mechanistic,,0.4516573833507202,0.5864891998136557,-0.13483181646293546,-0.20324959139167295,-0.057528081480378,0.770103496354621,0.6622531431150073,0.9020732124382035,lower_candidate_error,"Post hoc; pointwise 95% paired bootstrap, no multiplicity adjustment or confirmatory decision."
development,32,ks,coefficient,test,64,looped,iid,transformer,iid,0.4516573833507202,0.31489680156420036,0.13676058178651984,0.05348983799188409,0.23084278173660697,1.434302860833083,1.1543941565190217,1.806410622651646,higher_candidate_error,"Post hoc; pointwise 95% paired bootstrap, no multiplicity adjustment or confirmatory decision."
development,32,ks,coefficient,test,96,looped,iid,mechanistic,,0.8593695151060067,0.7736807441446558,0.08568877096135086,-0.006723034307262138,0.19196990445065226,1.110754689980147,0.991130448096266,1.2437464951085095,interval_includes_zero,"Post hoc; pointwise 95% paired bootstrap, no multiplicity adjustment or confirmatory decision."
development,32,ks,coefficient,test,96,looped,iid,transformer,iid,0.8593695151060067,0.7088802727874949,0.1504892423185118,0.06137152294439435,0.24388133520840172,1.212291480092612,1.086081818981712,1.3576045206544185,higher_candidate_error,"Post hoc; pointwise 95% paired bootstrap, no multiplicity adjustment or confirmatory decision."
development,32,ks,coefficient,ood,64,looped,none,mechanistic,,12.079012388739462,0.7806522957038737,11.298360093035589,4.886266552141483,20.26155942161901,15.472973633989563,7.198584360354432,27.01636786673347,higher_candidate_error,"Post hoc; pointwise 95% paired bootstrap, no multiplicity adjustment or confirmatory decision."
development,32,ks,coefficient,ood,64,looped,none,transformer,none,12.079012388739462,7.854271307064498,4.224741081674964,-0.012832800624658287,9.68605537561044,1.537890902479398,0.9976598834642854,1.9186919898988248,interval_includes_zero,"Post hoc; pointwise 95% paired bootstrap, no multiplicity adjustment or confirmatory decision."
development,32,ks,coefficient,ood,96,looped,none,mechanistic,,32.50008056269632,0.9354263466911638,31.564654216005156,8.998664993906017,64.58611783490444,34.743601864173705,10.527175358394345,70.3110862222124,higher_candidate_error,"Post hoc; pointwise 95% paired bootstrap, no multiplicity adjustment or confirmatory decision."
development,32,ks,coefficient,ood,96,looped,none,transformer,none,32.50008056269632,18.844362982083606,13.655717580612713,1.927898805168633,29.013527949697025,1.7246579570556972,1.203377625452598,2.145329587029474,higher_candidate_error,"Post hoc; pointwise 95% paired bootstrap, no multiplicity adjustment or confirmatory decision."
development,32,ks,coefficient,test,64,looped,none,mechanistic,,0.6417572968844559,0.5864891998136557,0.05526809707080027,-0.2518971650156124,0.5499560121375461,1.0942354899090392,0.5795859732597,1.9297764802168285,interval_includes_zero,"Post hoc; pointwise 95% paired bootstrap, no multiplicity adjustment or confirmatory decision."
development,32,ks,coefficient,test,64,looped,none,transformer,none,0.6417572968844559,0.9422125910968019,-0.30045529421234596,-0.5526324937790807,-0.08099203824353149,0.6811173008603135,0.41747170129466366,0.9160963001140864,lower_candidate_error,"Post hoc; pointwise 95% paired bootstrap, no multiplicity adjustment or confirmatory decision."
development,32,ks,coefficient,test,96,looped,none,mechanistic,,1.4423298322555158,0.7736807441446558,0.66864908811086,0.00305222366049637,1.866652365905426,1.8642441900891384,1.0040831826531527,3.4119097202261046,higher_candidate_error,"Post hoc; pointwise 95% paired bootstrap, no multiplicity adjustment or confirmatory decision."
development,32,ks,coefficient,test,96,looped,none,transformer,none,1.4423298322555158,1.8009271930242423,-0.3585973607687265,-1.0662973528897555,0.4549232235644805,0.8008818112371634,0.43687493156038154,1.224096197978046,interval_includes_zero,"Post hoc; pointwise 95% paired bootstrap, no multiplicity adjustment or confirmatory decision."
development,32,ks,coefficient,ood,64,looped,response_matched,mechanistic,,5.500136895205657,0.7806522957038737,4.719484599501783,1.7756750109925419,9.01718389229601,7.045565516779104,3.2654355868678846,12.68377205465969,higher_candidate_error,"Post hoc; pointwise 95% paired bootstrap, no multiplicity adjustment or confirmatory decision."
development,32,ks,coefficient,ood,64,looped,response_matched,transformer,response_matched,5.500136895205657,2.8546416296598522,2.6454952655458044,-1.1595569595588424,7.0628739968132965,1.9267346338885387,0.7081820402395211,3.9529000272936354,interval_includes_zero,"Post hoc; pointwise 95% paired bootstrap, no multiplicity adjustment or confirmatory decision."
development,32,ks,coefficient,ood,96,looped,response_matched,mechanistic,,7.675281747666955,0.9354263466911638,6.739855400975792,2.6418512789312225,12.030113875306434,8.2051160680008,3.805840603984928,13.956620748065186,higher_candidate_error,"Post hoc; pointwise 95% paired bootstrap, no multiplicity adjustment or confirmatory decision."
development,32,ks,coefficient,ood,96,looped,response_matched,transformer,response_matched,7.675281747666955,4.534856794057873,3.140424953609082,-3.2214394271416156,9.012749876068565,1.6925080760486313,0.5624798509879269,3.5849788535733564,interval_includes_zero,"Post hoc; pointwise 95% paired bootstrap, no multiplicity adjustment or confirmatory decision."
development,32,ks,coefficient,test,64,looped,response_matched,mechanistic,,0.4321289612792297,0.5864891998136557,-0.154360238534426,-0.22557832250270904,-0.0867483737218216,0.7368063408781088,0.6345443791231314,0.841120497147802,lower_candidate_error,"Post hoc; pointwise 95% paired bootstrap, no multiplicity adjustment or confirmatory decision."
development,32,ks,coefficient,test,64,looped,response_matched,transformer,response_matched,0.4321289612792297,0.3314762193199004,0.10065274195932927,0.03414717188304777,0.16668476538202184,1.303649963686208,1.0938513062410173,1.548060597321411,higher_candidate_error,"Post hoc; pointwise 95% paired bootstrap, no multiplicity adjustment or confirmatory decision."
development,32,ks,coefficient,test,96,looped,response_matched,mechanistic,,0.8573232765039157,0.7736807441446558,0.08364253235925989,-0.0026276082788491677,0.17185506484662785,1.1081098799372744,0.9965868773580238,1.2240919605001381,interval_includes_zero,"Post hoc; pointwise 95% paired bootstrap, no multiplicity adjustment or confirmatory decision."
development,32,ks,coefficient,test,96,looped,response_matched,transformer,response_matched,0.8573232765039157,0.7273385227862136,0.12998475371770213,0.034925674255145776,0.22211160407657873,1.1787128684175423,1.044654234276788,1.3352369348431326,higher_candidate_error,"Post hoc; pointwise 95% paired bootstrap, no multiplicity adjustment or confirmatory decision."
development,32,ks,coefficient,ood,64,looped,smooth,mechanistic,,7.003505868084839,0.7806522957038737,6.2228535723809655,3.487746064875501,9.322595710990148,8.971351146505167,5.451870636307089,13.242165676784321,higher_candidate_error,"Post hoc; pointwise 95% paired bootstrap, no multiplicity adjustment or confirmatory decision."
development,32,ks,coefficient,ood,64,looped,smooth,transformer,smooth,7.003505868084839,5.522684676279965,1.480821191804874,-2.2356246644094124,5.273723429766598,1.2681343003639207,0.676194929613643,2.1822372888654207,interval_includes_zero,"Post hoc; pointwise 95% paired bootstrap, no multiplicity adjustment or confirmatory decision."
development,32,ks,coefficient,ood,64,looped,smooth,looped,none,7.003505868084839,12.079012388739462,-5.075506520654623,-15.95320772607468,3.7097404964990814,0.5798078222532321,0.2244706953192028,1.6153750368275899,interval_includes_zero,"Post hoc; pointwise 95% paired bootstrap, no multiplicity adjustment or confirmatory decision."
development,32,ks,coefficient,ood,96,looped,smooth,mechanistic,,12.276752507485108,0.9354263466911638,11.341326160793944,4.541279727616942,20.747857736133756,13.124232122508676,5.887287436628995,23.35378261441888,higher_candidate_error,"Post hoc; pointwise 95% paired bootstrap, no multiplicity adjustment or confirmatory decision."
development,32,ks,coefficient,ood,96,looped,smooth,transformer,smooth,12.276752507485108,10.41664145595748,1.8601110515276282,-7.9398718644351005,13.575143160527185,1.1785710931294264,0.43855702872969954,2.938815590642391,interval_includes_zero,"Post hoc; pointwise 95% paired bootstrap, no multiplicity adjustment or confirmatory decision."
development,32,ks,coefficient,ood,96,looped,smooth,looped,none,12.276752507485108,32.50008056269632,-20.223328055211212,-57.329879020150045,8.690181657127573,0.3777452946247893,0.09499492695580822,1.82122823726778,interval_includes_zero,"Post hoc; pointwise 95% paired bootstrap, no multiplicity adjustment or confirmatory decision."
development,32,ks,coefficient,test,64,looped,smooth,mechanistic,,0.4444507062483954,0.5864891998136557,-0.14203849356526027,-0.20657735592208265,-0.07519313110162612,0.7578156705862785,0.6543249880305056,0.868842122513467,lower_candidate_error,"Post hoc; pointwise 95% paired bootstrap, no multiplicity adjustment or confirmatory decision."
development,32,ks,coefficient,test,64,looped,smooth,transformer,smooth,0.4444507062483954,0.3283971585123659,0.1160535477360295,0.04869153600694524,0.18140399488076403,1.3533938852021445,1.141281549864267,1.5885809550188965,higher_candidate_error,"Post hoc; pointwise 95% paired bootstrap, no multiplicity adjustment or confirmatory decision."
development,32,ks,coefficient,test,64,looped,smooth,looped,none,0.4444507062483954,0.6417572968844559,-0.19730659063606054,-0.6863862309479957,0.10969901922094488,0.6925526338478326,0.39251880125423766,1.308341300782682,interval_includes_zero,"Post hoc; pointwise 95% paired bootstrap, no multiplicity adjustment or confirmatory decision."
development,32,ks,coefficient,test,96,looped,smooth,mechanistic,,0.85834878695143,0.7736807441446558,0.0846680428067742,0.0024117531718765464,0.1751419561042032,1.1094353755700346,1.0032483663290033,1.2254208342979842,higher_candidate_error,"Post hoc; pointwise 95% paired bootstrap, no multiplicity adjustment or confirmatory decision."
development,32,ks,coefficient,test,96,looped,smooth,transformer,smooth,0.85834878695143,0.7206529282809614,0.13769585867046863,0.04188413628232775,0.23118588972678067,1.1910709764254022,1.0566775086552795,1.330277433385082,higher_candidate_error,"Post hoc; pointwise 95% paired bootstrap, no multiplicity adjustment or confirmatory decision."
development,32,ks,coefficient,test,96,looped,smooth,looped,none,0.85834878695143,1.4423298322555158,-0.5839810453040858,-1.7503490223225857,0.0894434978409219,0.5951126904233437,0.33250206158595835,1.1109118409616066,interval_includes_zero,"Post hoc; pointwise 95% paired bootstrap, no multiplicity adjustment or confirmatory decision."
development,32,ks,coefficient,ood,64,transformer,iid,mechanistic,,4.534834293623116,0.7806522957038737,3.7541819979192423,2.017080467112479,6.0375041127496045,5.809032162691959,3.5657835318826856,8.856703744464568,higher_candidate_error,"Post hoc; pointwise 95% paired bootstrap, no multiplicity adjustment or confirmatory decision."
development,32,ks,coefficient,ood,96,transformer,iid,mechanistic,,7.632762621204556,0.9354263466911638,6.697336274513392,3.1561912101731497,11.53997703734905,8.159661792939167,4.383009644596161,13.515185981678927,higher_candidate_error,"Post hoc; pointwise 95% paired bootstrap, no multiplicity adjustment or confirmatory decision."
development,32,ks,coefficient,test,64,transformer,iid,mechanistic,,0.31489680156420036,0.5864891998136557,-0.2715923982494553,-0.3390167749794235,-0.2041136710661837,0.5369183297224434,0.44329355455309033,0.6381666522466097,lower_candidate_error,"Post hoc; pointwise 95% paired bootstrap, no multiplicity adjustment or confirmatory decision."
development,32,ks,coefficient,test,96,transformer,iid,mechanistic,,0.7088802727874949,0.7736807441446558,-0.06480047135716094,-0.13296531666390532,0.005373343945715202,0.9162439134648476,0.8261656240873552,1.0065986262003277,interval_includes_zero,"Post hoc; pointwise 95% paired bootstrap, no multiplicity adjustment or confirmatory decision."
development,32,ks,coefficient,ood,64,transformer,none,mechanistic,,7.854271307064498,0.7806522957038737,7.073619011360624,4.1090866112586495,10.751202662232055,10.061164682776868,6.197766314452148,14.879818517163823,higher_candidate_error,"Post hoc; pointwise 95% paired bootstrap, no multiplicity adjustment or confirmatory decision."
development,32,ks,coefficient,ood,96,transformer,none,mechanistic,,18.844362982083606,0.9354263466911638,17.908936635392443,5.6150472460716765,36.50357603026116,20.14521298094801,6.996407152075713,39.95993977585595,higher_candidate_error,"Post hoc; pointwise 95% paired bootstrap, no multiplicity adjustment or confirmatory decision."
development,32,ks,coefficient,test,64,transformer,none,mechanistic,,0.9422125910968019,0.5864891998136557,0.35572339128314623,0.0019399015130785752,0.7830796502618432,1.6065301652548243,1.0034784738581495,2.3387672914033724,higher_candidate_error,"Post hoc; pointwise 95% paired bootstrap, no multiplicity adjustment or confirmatory decision."
development,32,ks,coefficient,test,96,transformer,none,mechanistic,,1.8009271930242423,0.7736807441446558,1.0272464488795865,0.5112980164930185,1.5725782141852729,2.327739454101654,1.6624596455767036,3.0401965818260845,higher_candidate_error,"Post hoc; pointwise 95% paired bootstrap, no multiplicity adjustment or confirmatory decision."
development,32,ks,coefficient,ood,64,transformer,response_matched,mechanistic,,2.8546416296598522,0.7806522957038737,2.0739893339559785,0.9527165492533933,3.611223626681435,3.6567389161213826,2.1954403226391164,5.658718111235331,higher_candidate_error,"Post hoc; pointwise 95% paired bootstrap, no multiplicity adjustment or confirmatory decision."
development,32,ks,coefficient,ood,96,transformer,response_matched,mechanistic,,4.534856794057873,0.9354263466911638,3.5994304473667094,1.2675209270318133,6.95924436755532,4.847903643187721,2.354825741054948,8.487379944165516,higher_candidate_error,"Post hoc; pointwise 95% paired bootstrap, no multiplicity adjustment or confirmatory decision."
development,32,ks,coefficient,test,64,transformer,response_matched,mechanistic,,0.3314762193199004,0.5864891998136557,-0.25501298049375526,-0.3135349368786678,-0.1973947387277071,0.5651872522549773,0.4889325450537175,0.643094691981299,lower_candidate_error,"Post hoc; pointwise 95% paired bootstrap, no multiplicity adjustment or confirmatory decision."
development,32,ks,coefficient,test,96,transformer,response_matched,mechanistic,,0.7273385227862136,0.7736807441446558,-0.04634222135844224,-0.11926566263226615,0.024489002399527404,0.9401016223950669,0.8456456333116705,1.0317011758909214,interval_includes_zero,"Post hoc; pointwise 95% paired bootstrap, no multiplicity adjustment or confirmatory decision."
development,32,ks,coefficient,ood,64,transformer,smooth,mechanistic,,5.522684676279965,0.7806522957038737,4.7420323805760916,3.0641640182390897,6.7709142461588225,7.0744487740223025,4.866386431718284,9.812355947819704,higher_candidate_error,"Post hoc; pointwise 95% paired bootstrap, no multiplicity adjustment or confirmatory decision."
development,32,ks,coefficient,ood,64,transformer,smooth,transformer,none,5.522684676279965,7.854271307064498,-2.3315866307845328,-7.13913068868434,1.9464188300303773,0.7031441187055258,0.36973481823958804,1.3715010670855574,interval_includes_zero,"Post hoc; pointwise 95% paired bootstrap, no multiplicity adjustment or confirmatory decision."
development,32,ks,coefficient,ood,96,transformer,smooth,mechanistic,,10.41664145595748,0.9354263466911638,9.481215109266316,5.025506855470357,14.461652195813882,11.13571527336571,6.327537490590994,16.698765717542443,higher_candidate_error,"Post hoc; pointwise 95% paired bootstrap, no multiplicity adjustment or confirmatory decision."
development,32,ks,coefficient,ood,96,transformer,smooth,transformer,none,10.41664145595748,18.844362982083606,-8.427721526126126,-28.8188318004728,7.201658821100613,0.5527722781534811,0.20985623459125072,2.0395223016271,interval_includes_zero,"Post hoc; pointwise 95% paired bootstrap, no multiplicity adjustment or confirmatory decision."
development,32,ks,coefficient,test,64,transformer,smooth,mechanistic,,0.3283971585123659,0.5864891998136557,-0.25809204130128977,-0.32256178767616955,-0.19901703170449342,0.5599372650284217,0.4727337128542397,0.6470162421264369,lower_candidate_error,"Post hoc; pointwise 95% paired bootstrap, no multiplicity adjustment or confirmatory decision."
development,32,ks,coefficient,test,64,transformer,smooth,transformer,none,0.3283971585123659,0.9422125910968019,-0.613815432584436,-1.040502009041652,-0.259996849731723,0.34853828277765686,0.23555936192351948,0.5598251465878665,lower_candidate_error,"Post hoc; pointwise 95% paired bootstrap, no multiplicity adjustment or confirmatory decision."
development,32,ks,coefficient,test,96,transformer,smooth,mechanistic,,0.7206529282809614,0.7736807441446558,-0.05302781586369443,-0.1279902895499329,0.020423631610896213,0.9314603390804053,0.8360199323794287,1.026313861141192,interval_includes_zero,"Post hoc; pointwise 95% paired bootstrap, no multiplicity adjustment or confirmatory decision."
development,32,ks,coefficient,test,96,transformer,smooth,transformer,none,0.7206529282809614,1.8009271930242423,-1.0802742647432808,-1.6472563882699705,-0.546192577899996,0.40015661436639804,0.29290093892886276,0.5705713810525537,lower_candidate_error,"Post hoc; pointwise 95% paired bootstrap, no multiplicity adjustment or confirmatory decision."
development,32,ks,correct,ood,64,fno,iid,mechanistic,,0.35074487500328067,4.230233293450578e-06,0.35074064476998723,0.27872441838141176,0.4259611850387467,82913.83729268984,52354.441309515554,138713.72081253125,higher_candidate_error,"Post hoc; pointwise 95% paired bootstrap, no multiplicity adjustment or confirmatory decision."
development,32,ks,correct,ood,64,fno,iid,transformer,iid,0.35074487500328067,11.22966237724747,-10.878917502244189,-26.69514833993455,-2.319310345747292,0.031233786308119852,0.011987995934848748,0.1326685316070225,lower_candidate_error,"Post hoc; pointwise 95% paired bootstrap, no multiplicity adjustment or confirmatory decision."
development,32,ks,correct,ood,96,fno,iid,mechanistic,,0.7488388094014963,7.650853992920555e-05,0.748762300861567,0.635082533063147,0.8699637804851067,9787.64998122311,5158.453484752082,27488.646309270156,higher_candidate_error,"Post hoc; pointwise 95% paired bootstrap, no multiplicity adjustment or confirmatory decision."
development,32,ks,correct,ood,96,fno,iid,transformer,iid,0.7488388094014963,26.53652375900509,-25.78768494960359,-69.13907448470273,-2.6894710606429695,0.028219175058578655,0.010022686798283295,0.2191172407846064,lower_candidate_error,"Post hoc; pointwise 95% paired bootstrap, no multiplicity adjustment or confirmatory decision."
development,32,ks,correct,test,64,fno,iid,mechanistic,,0.01791829097466813,2.4466611887692054e-07,0.017918046308549256,0.010816905433567545,0.029197779757417216,73235.68566386562,39843.00379661593,168471.28124152657,higher_candidate_error,"Post hoc; pointwise 95% paired bootstrap, no multiplicity adjustment or confirmatory decision."
development,32,ks,correct,test,64,fno,iid,transformer,iid,0.01791829097466813,0.5586784997366335,-0.5407602087619654,-0.8376684277160772,-0.3321021905689605,0.03207263387281771,0.017971168964296652,0.05509005573304708,lower_candidate_error,"Post hoc; pointwise 95% paired bootstrap, no multiplicity adjustment or confirmatory decision."
development,32,ks,correct,test,96,fno,iid,mechanistic,,0.09145492839935042,4.134586746803756e-06,0.09145079381260361,0.054816597083228245,0.14162182358272665,22119.484727234154,10407.989546633562,70727.92147539336,higher_candidate_error,"Post hoc; pointwise 95% paired bootstrap, no multiplicity adjustment or confirmatory decision."
development,32,ks,correct,test,96,fno,iid,transformer,iid,0.09145492839935042,1.1288394061199016,-1.0373844777205512,-1.4992064231306907,-0.705518255767537,0.08101677519719433,0.05050736168129036,0.1220132376564948,lower_candidate_error,"Post hoc; pointwise 95% paired bootstrap, no multiplicity adjustment or confirmatory decision."
development,32,ks,correct,ood,64,fno,none,mechanistic,,0.4766748559927754,4.230233293450578e-06,0.476670625759482,0.359586192855218,0.6076252287324575,112682.87655217106,68429.47498261018,193161.8176038952,higher_candidate_error,"Post hoc; pointwise 95% paired bootstrap, no multiplicity adjustment or confirmatory decision."
development,32,ks,correct,ood,64,fno,none,transformer,none,0.4766748559927754,7.8543285414834445,-7.377653685490669,-11.083782530362836,-4.382356883391569,0.06068944703231704,0.036924723909770446,0.10505766614918038,lower_candidate_error,"Post hoc; pointwise 95% paired bootstrap, no multiplicity adjustment or confirmatory decision."
development,32,ks,correct,ood,96,fno,none,mechanistic,,0.8992052989487034,7.650853992920555e-05,0.8991287904087741,0.739464764214061,1.0688627397286738,11753.005609318267,6238.371476295169,32417.482601616288,higher_candidate_error,"Post hoc; pointwise 95% paired bootstrap, no multiplicity adjustment or confirmatory decision."
development,32,ks,correct,ood,96,fno,none,transformer,none,0.8992052989487034,18.844580490226566,-17.94537519127786,-36.56458124441458,-5.66334004646208,0.04771691783826451,0.022899272745509597,0.13849984786630268,lower_candidate_error,"Post hoc; pointwise 95% paired bootstrap, no multiplicity adjustment or confirmatory decision."
development,32,ks,correct,test,64,fno,none,mechanistic,,0.027114328001445254,2.4466611887692054e-07,0.02711408333532638,0.01368532351473638,0.048698918057747745,110821.75221443364,74749.77503967118,209158.85675632587,higher_candidate_error,"Post hoc; pointwise 95% paired bootstrap, no multiplicity adjustment or confirmatory decision."
development,32,ks,correct,test,64,fno,none,transformer,none,0.027114328001445254,0.9422128653470313,-0.915098537345586,-1.3604468693071388,-0.5487024803417452,0.02877728483516157,0.012903077844831055,0.06174066705105717,lower_candidate_error,"Post hoc; pointwise 95% paired bootstrap, no multiplicity adjustment or confirmatory decision."
development,32,ks,correct,test,96,fno,none,mechanistic,,0.11030210041203241,4.134586746803756e-06,0.1102979658252856,0.06571593438761564,0.16998322302596014,26677.902089562278,13483.54293510145,79573.05129194431,higher_candidate_error,"Post hoc; pointwise 95% paired bootstrap, no multiplicity adjustment or confirmatory decision."
development,32,ks,correct,test,96,fno,none,transformer,none,0.11030210041203241,1.800931154123062,-1.6906290537110296,-2.256079029800809,-1.1533945820333025,0.061247260984689036,0.034159372805710526,0.10305888881623018,lower_candidate_error,"Post hoc; pointwise 95% paired bootstrap, no multiplicity adjustment or confirmatory decision."
development,32,ks,correct,ood,64,fno,response_matched,mechanistic,,0.3206727943938584,4.230233293450578e-06,0.32066856416056494,0.23925933943101618,0.41318413408734744,75804.99044587855,45340.31042371831,132984.84402158202,higher_candidate_error,"Post hoc; pointwise 95% paired bootstrap, no multiplicity adjustment or confirmatory decision."
development,32,ks,correct,ood,64,fno,response_matched,transformer,response_matched,0.3206727943938584,9.547966454142747,-9.227293659748888,-20.809753580012025,-2.3494503912853997,0.03358545465508232,0.014592088699384975,0.11581387756350564,lower_candidate_error,"Post hoc; pointwise 95% paired bootstrap, no multiplicity adjustment or confirmatory decision."
development,32,ks,correct,ood,96,fno,response_matched,mechanistic,,0.6970433264455922,7.650853992920555e-05,0.696966817905663,0.5759468799533901,0.820423270648382,9110.660418962072,4811.265112180202,25692.236959461232,higher_candidate_error,"Post hoc; pointwise 95% paired bootstrap, no multiplicity adjustment or confirmatory decision."
development,32,ks,correct,ood,96,fno,response_matched,transformer,response_matched,0.6970433264455922,20.648000962038555,-19.950957635592964,-51.06183683417327,-2.642391443740829,0.033758392772603486,0.013139311687616326,0.20771111076903112,lower_candidate_error,"Post hoc; pointwise 95% paired bootstrap, no multiplicity adjustment or confirmatory decision."
development,32,ks,correct,test,64,fno,response_matched,mechanistic,,0.01966957810717529,2.4466611887692054e-07,0.019669333441056414,0.011550680657973553,0.03473463218640839,80393.55100519695,49188.88633308841,156687.099582611,higher_candidate_error,"Post hoc; pointwise 95% paired bootstrap, no multiplicity adjustment or confirmatory decision."
development,32,ks,correct,test,64,fno,response_matched,transformer,response_matched,0.01966957810717529,0.4284416672179047,-0.40877208911072943,-0.5080444892102645,-0.32061570731600025,0.045909582592421797,0.028491369536702667,0.07545886027510974,lower_candidate_error,"Post hoc; pointwise 95% paired bootstrap, no multiplicity adjustment or confirmatory decision."
development,32,ks,correct,test,96,fno,response_matched,mechanistic,,0.08985397833534041,4.134586746803756e-06,0.0898498437485936,0.05684455148491254,0.13455683485166967,21732.27551817653,10608.67006992162,67026.05743923315,higher_candidate_error,"Post hoc; pointwise 95% paired bootstrap, no multiplicity adjustment or confirmatory decision."
development,32,ks,correct,test,96,fno,response_matched,transformer,response_matched,0.08985397833534041,0.8800462653288207,-0.7901922869934803,-0.9230260776803425,-0.6577135527359038,0.10210142565830599,0.06842865508232698,0.14465983595480572,lower_candidate_error,"Post hoc; pointwise 95% paired bootstrap, no multiplicity adjustment or confirmatory decision."
development,32,ks,correct,ood,64,fno,smooth,mechanistic,,0.29544154905355613,4.230233293450578e-06,0.2954373188202627,0.22478590801068235,0.3873024180661653,69840.48598713716,42757.863246756824,118982.79399544671,higher_candidate_error,"Post hoc; pointwise 95% paired bootstrap, no multiplicity adjustment or confirmatory decision."
development,32,ks,correct,ood,64,fno,smooth,transformer,smooth,0.29544154905355613,13.438201600832903,-13.142760051779346,-29.99746554198324,-3.476755808274696,0.021985199941876494,0.008758095570585515,0.08558119802093556,lower_candidate_error,"Post hoc; pointwise 95% paired bootstrap, no multiplicity adjustment or confirmatory decision."
development,32,ks,correct,ood,64,fno,smooth,fno,none,0.29544154905355613,0.4766748559927754,-0.1812333069392193,-0.2539521713881152,-0.11790504352941922,0.6197967972072642,0.5288913625574149,0.7093930966673756,lower_candidate_error,"Post hoc; pointwise 95% paired bootstrap, no multiplicity adjustment or confirmatory decision."
development,32,ks,correct,ood,96,fno,smooth,mechanistic,,0.6748703706051357,7.650853992920555e-05,0.6747938620652064,0.5500428306178191,0.8387628982661086,8820.850211356836,4612.298226954036,24161.222160297068,higher_candidate_error,"Post hoc; pointwise 95% paired bootstrap, no multiplicity adjustment or confirmatory decision."
development,32,ks,correct,ood,96,fno,smooth,transformer,smooth,0.6748703706051357,32.490110860561394,-31.81524048995626,-81.84463733275643,-4.443551525421552,0.020771562568730324,0.007705761358882191,0.13418869183655566,lower_candidate_error,"Post hoc; pointwise 95% paired bootstrap, no multiplicity adjustment or confirmatory decision."
development,32,ks,correct,ood,96,fno,smooth,fno,none,0.6748703706051357,0.8992052989487034,-0.22433492834356772,-0.3158616489423608,-0.14553659027117502,0.7505186762068167,0.6670397347543375,0.8329307393976306,lower_candidate_error,"Post hoc; pointwise 95% paired bootstrap, no multiplicity adjustment or confirmatory decision."
development,32,ks,correct,test,64,fno,smooth,mechanistic,,0.01478723677948623,2.4466611887692054e-07,0.014786992113367353,0.0062028969217070105,0.030413727476358215,60438.432780817355,44432.40029455637,88115.37813194409,higher_candidate_error,"Post hoc; pointwise 95% paired bootstrap, no multiplicity adjustment or confirmatory decision."
development,32,ks,correct,test,64,fno,smooth,transformer,smooth,0.01478723677948623,0.9132761658862106,-0.8984889291067244,-1.2854248118533669,-0.5678961484846142,0.016191418687837127,0.0068455987988717115,0.035206242452856175,lower_candidate_error,"Post hoc; pointwise 95% paired bootstrap, no multiplicity adjustment or confirmatory decision."
development,32,ks,correct,test,64,fno,smooth,fno,none,0.01478723677948623,0.027114328001445254,-0.012327091221959024,-0.023777364725293723,-0.004423757309294109,0.5453661539647243,0.3515931361337282,0.8161650106930832,lower_candidate_error,"Post hoc; pointwise 95% paired bootstrap, no multiplicity adjustment or confirmatory decision."
development,32,ks,correct,test,96,fno,smooth,mechanistic,,0.06751894016477859,4.134586746803756e-06,0.06751480557803179,0.03322120773409453,0.11596583363581715,16330.275381686972,7889.698893688433,43785.33965967621,higher_candidate_error,"Post hoc; pointwise 95% paired bootstrap, no multiplicity adjustment or confirmatory decision."
development,32,ks,correct,test,96,fno,smooth,transformer,smooth,0.06751894016477859,1.8785938586632487,-1.81107491849847,-2.4766565245880567,-1.2585784321046514,0.035941212015258614,0.018208219147297023,0.06473258272327995,lower_candidate_error,"Post hoc; pointwise 95% paired bootstrap, no multiplicity adjustment or confirmatory decision."
development,32,ks,correct,test,96,fno,smooth,fno,none,0.06751894016477859,0.11030210041203241,-0.042783160247253815,-0.06929207681571202,-0.019749139450356182,0.6121274201720752,0.43696932737092886,0.7963963421204494,lower_candidate_error,"Post hoc; pointwise 95% paired bootstrap, no multiplicity adjustment or confirmatory decision."
development,32,ks,correct,ood,64,looped,iid,mechanistic,,14.35673978962484,4.230233293450578e-06,14.356735559391545,4.622787351330656,27.533174527491163,3393841.141540004,1011998.8299047943,7892828.885222238,higher_candidate_error,"Post hoc; pointwise 95% paired bootstrap, no multiplicity adjustment or confirmatory decision."
development,32,ks,correct,ood,64,looped,iid,transformer,iid,14.35673978962484,11.22966237724747,3.1270774123773695,-2.2488920519968727,10.075464218346406,1.2784658440589605,0.8986217588949684,3.5971506616397617,interval_includes_zero,"Post hoc; pointwise 95% paired bootstrap, no multiplicity adjustment or confirmatory decision."
development,32,ks,correct,ood,96,looped,iid,mechanistic,,40.27600150682067,7.650853992920555e-05,40.27592499828074,7.3639533435242885,86.98840939937108,526424.9134029826,86514.04021549496,1862432.6031919082,higher_candidate_error,"Post hoc; pointwise 95% paired bootstrap, no multiplicity adjustment or confirmatory decision."
development,32,ks,correct,ood,96,looped,iid,transformer,iid,40.27600150682067,26.53652375900509,13.739477747815581,2.0736469285649095,32.464481982531694,1.5177572568506879,1.0925810007057033,6.795194797581692,higher_candidate_error,"Post hoc; pointwise 95% paired bootstrap, no multiplicity adjustment or confirmatory decision."
development,32,ks,correct,test,64,looped,iid,mechanistic,,0.40907117552708333,2.4466611887692054e-07,0.40907093086096447,0.2896062452889604,0.5526485293595083,1671956.7768713692,782630.9276922792,4202672.717427937,higher_candidate_error,"Post hoc; pointwise 95% paired bootstrap, no multiplicity adjustment or confirmatory decision."
development,32,ks,correct,test,64,looped,iid,transformer,iid,0.40907117552708333,0.5586784997366335,-0.1496073242095502,-0.34081941059345505,-0.004587421264414837,0.7322121322369188,0.5799406413453718,0.9891655033793105,lower_candidate_error,"Post hoc; pointwise 95% paired bootstrap, no multiplicity adjustment or confirmatory decision."
development,32,ks,correct,test,96,looped,iid,mechanistic,,0.905778873007891,4.134586746803756e-06,0.9057747384211442,0.6874492736907208,1.188080183840286,219073.61689970677,102021.42524448066,874019.9429149907,higher_candidate_error,"Post hoc; pointwise 95% paired bootstrap, no multiplicity adjustment or confirmatory decision."
development,32,ks,correct,test,96,looped,iid,transformer,iid,0.905778873007891,1.1288394061199016,-0.22306053311201068,-0.4730010198662068,-0.006901888272971453,0.8023983465648807,0.6804635781176126,0.9911113516341479,lower_candidate_error,"Post hoc; pointwise 95% paired bootstrap, no multiplicity adjustment or confirmatory decision."
development,32,ks,correct,ood,64,looped,none,mechanistic,,12.078983662774021,4.230233293450578e-06,12.078979432540727,5.671855149849064,21.067776431918617,2855394.212294439,1172436.0004418134,6104820.220515969,higher_candidate_error,"Post hoc; pointwise 95% paired bootstrap, no multiplicity adjustment or confirmatory decision."
development,32,ks,correct,ood,64,looped,none,transformer,none,12.078983662774021,7.8543285414834445,4.224655121290577,-0.01284838236758455,9.685743138321248,1.5378760385407393,0.9976570447633581,1.918657432360444,interval_includes_zero,"Post hoc; pointwise 95% paired bootstrap, no multiplicity adjustment or confirmatory decision."
development,32,ks,correct,ood,96,looped,none,mechanistic,,32.5000380268921,7.650853992920555e-05,32.49996151835217,9.934157620540484,65.51327542484125,424789.6778185135,111504.37596148983,1404343.753607705,higher_candidate_error,"Post hoc; pointwise 95% paired bootstrap, no multiplicity adjustment or confirmatory decision."
development,32,ks,correct,ood,96,looped,none,transformer,none,32.5000380268921,18.844580490226566,13.655457536665534,1.927890370656377,29.012767897868365,1.7246357934976433,1.20337148525633,2.1453350422486492,higher_candidate_error,"Post hoc; pointwise 95% paired bootstrap, no multiplicity adjustment or confirmatory decision."
development,32,ks,correct,test,64,looped,none,mechanistic,,0.6417590423799143,2.4466611887692054e-07,0.6417587977137954,0.32684485544464953,1.1420159451015248,2622999.233918251,961917.9675792505,8027044.082078607,higher_candidate_error,"Post hoc; pointwise 95% paired bootstrap, no multiplicity adjustment or confirmatory decision."
development,32,ks,correct,test,64,looped,none,transformer,none,0.6417590423799143,0.9422128653470313,-0.300453822967117,-0.5526279514135843,-0.0809937272141567,0.6811189551562159,0.4174716817327825,0.9160956488782203,lower_candidate_error,"Post hoc; pointwise 95% paired bootstrap, no multiplicity adjustment or confirmatory decision."
development,32,ks,correct,test,96,looped,none,mechanistic,,1.4423314332938428,4.134586746803756e-06,1.442327298707096,0.7508602015558664,2.6421176041567453,348845.36753493873,119224.24732034723,1469509.8935139629,higher_candidate_error,"Post hoc; pointwise 95% paired bootstrap, no multiplicity adjustment or confirmatory decision."
development,32,ks,correct,test,96,looped,none,transformer,none,1.4423314332938428,1.800931154123062,-0.3585997208292191,-1.0662919163703986,0.4549197981820983,0.8008809387253706,0.4368773020096085,1.2240879263962043,interval_includes_zero,"Post hoc; pointwise 95% paired bootstrap, no multiplicity adjustment or confirmatory decision."
development,32,ks,correct,ood,64,looped,response_matched,mechanistic,,10.534356063517729,4.230233293450578e-06,10.534351833284434,3.320597548113028,24.64790495945747,2490254.1615913846,658425.8438112688,6658258.121508867,higher_candidate_error,"Post hoc; pointwise 95% paired bootstrap, no multiplicity adjustment or confirmatory decision."
development,32,ks,correct,ood,64,looped,response_matched,transformer,response_matched,10.534356063517729,9.547966454142747,0.9863896093749815,-1.4539772450543553,4.238987136737012,1.1033088683451542,0.7462989817585881,1.4620134149195427,interval_includes_zero,"Post hoc; pointwise 95% paired bootstrap, no multiplicity adjustment or confirmatory decision."
development,32,ks,correct,ood,96,looped,response_matched,mechanistic,,29.673235119824724,7.650853992920555e-05,29.673158611284794,4.823802436576759,78.37034390045267,387842.1303985385,47808.26805035571,1564752.815908328,higher_candidate_error,"Post hoc; pointwise 95% paired bootstrap, no multiplicity adjustment or confirmatory decision."
development,32,ks,correct,ood,96,looped,response_matched,transformer,response_matched,29.673235119824724,20.648000962038555,9.02523415778617,-1.3345244284912277,27.525211430751817,1.4370996579465054,0.824272384262073,1.689919514075467,interval_includes_zero,"Post hoc; pointwise 95% paired bootstrap, no multiplicity adjustment or confirmatory decision."
development,32,ks,correct,test,64,looped,response_matched,mechanistic,,0.4054710031273798,2.4466611887692054e-07,0.40547075846126096,0.30341171693479396,0.5276006246828822,1657242.1428377351,798038.2671433586,4158493.884123758,higher_candidate_error,"Post hoc; pointwise 95% paired bootstrap, no multiplicity adjustment or confirmatory decision."
development,32,ks,correct,test,64,looped,response_matched,transformer,response_matched,0.4054710031273798,0.4284416672179047,-0.022970664090524895,-0.10756279375067988,0.07171409936800338,0.9463855505938874,0.763429444068952,1.1795072261472617,interval_includes_zero,"Post hoc; pointwise 95% paired bootstrap, no multiplicity adjustment or confirmatory decision."
development,32,ks,correct,test,96,looped,response_matched,mechanistic,,0.857448556735544,4.134586746803756e-06,0.8574444221487972,0.7165968207280203,1.0182394768312173,207384.34316280702,99723.34403984358,827978.116737734,higher_candidate_error,"Post hoc; pointwise 95% paired bootstrap, no multiplicity adjustment or confirmatory decision."
development,32,ks,correct,test,96,looped,response_matched,transformer,response_matched,0.857448556735544,0.8800462653288207,-0.0225977085932767,-0.15723896884119531,0.11348961388092285,0.9743221356835902,0.8334834616088614,1.140832706285227,interval_includes_zero,"Post hoc; pointwise 95% paired bootstrap, no multiplicity adjustment or confirmatory decision."
development,32,ks,correct,ood,64,looped,smooth,mechanistic,,15.122103911522117,4.230233293450578e-06,15.122099681288823,6.062724511856582,31.885466091952182,3574768.3076805207,1197578.719452481,8830910.663201267,higher_candidate_error,"Post hoc; pointwise 95% paired bootstrap, no multiplicity adjustment or confirmatory decision."
development,32,ks,correct,ood,64,looped,smooth,transformer,smooth,15.122103911522117,13.438201600832903,1.6839023106892146,-1.0394540854841476,4.034717515145813,1.1253071177757035,0.932314864962568,1.8724321219026006,interval_includes_zero,"Post hoc; pointwise 95% paired bootstrap, no multiplicity adjustment or confirmatory decision."
development,32,ks,correct,ood,64,looped,smooth,looped,none,15.122103911522117,12.078983662774021,3.043120248748096,-2.59208442060281,11.558797435282532,1.2519351241550751,0.7617055954668343,1.6085554253780683,interval_includes_zero,"Post hoc; pointwise 95% paired bootstrap, no multiplicity adjustment or confirmatory decision."
development,32,ks,correct,ood,96,looped,smooth,mechanistic,,38.867620034109876,7.650853992920555e-05,38.86754352556995,9.774781320846119,92.42410240116924,508016.7530327287,101747.85499951376,1868659.2365867016,higher_candidate_error,"Post hoc; pointwise 95% paired bootstrap, no multiplicity adjustment or confirmatory decision."
development,32,ks,correct,ood,96,looped,smooth,transformer,smooth,38.867620034109876,32.490110860561394,6.377509173548482,-0.042640351251161814,12.656206311914948,1.196290779090259,0.9969319607253262,2.575251612297427,interval_includes_zero,"Post hoc; pointwise 95% paired bootstrap, no multiplicity adjustment or confirmatory decision."
development,32,ks,correct,ood,96,looped,smooth,looped,none,38.867620034109876,32.5000380268921,6.367582007217777,-8.444578304332333,28.224140958116035,1.195925370977995,0.6750239241686806,1.4688553714303874,interval_includes_zero,"Post hoc; pointwise 95% paired bootstrap, no multiplicity adjustment or confirmatory decision."
development,32,ks,correct,test,64,looped,smooth,mechanistic,,0.4323190522320918,2.4466611887692054e-07,0.43231880756597296,0.29807692952330045,0.6181149454888368,1766975.5592500742,825905.3111092737,4528479.783003477,higher_candidate_error,"Post hoc; pointwise 95% paired bootstrap, no multiplicity adjustment or confirmatory decision."
development,32,ks,correct,test,64,looped,smooth,transformer,smooth,0.4323190522320918,0.9132761658862106,-0.4809571136541188,-0.737164678150071,-0.252962959770761,0.4733716573152709,0.3742062198052965,0.5914785452581945,lower_candidate_error,"Post hoc; pointwise 95% paired bootstrap, no multiplicity adjustment or confirmatory decision."
development,32,ks,correct,test,64,looped,smooth,looped,none,0.4323190522320918,0.6417590423799143,-0.2094399901478225,-0.5520719780636407,0.013998470545528118,0.673646997834062,0.5061199028322472,1.0392976134957674,interval_includes_zero,"Post hoc; pointwise 95% paired bootstrap, no multiplicity adjustment or confirmatory decision."
development,32,ks,correct,test,96,looped,smooth,mechanistic,,0.9930466330337984,4.134586746803756e-06,0.9930424984470516,0.7039807055226855,1.4230016752062637,240180.38412217944,107920.17912488557,942212.8445156058,higher_candidate_error,"Post hoc; pointwise 95% paired bootstrap, no multiplicity adjustment or confirmatory decision."
development,32,ks,correct,test,96,looped,smooth,transformer,smooth,0.9930466330337984,1.8785938586632487,-0.8855472256294503,-1.47810137308983,-0.5034322798716001,0.5286116679527637,0.37330764560445906,0.6904184162697418,lower_candidate_error,"Post hoc; pointwise 95% paired bootstrap, no multiplicity adjustment or confirmatory decision."
development,32,ks,correct,test,96,looped,smooth,looped,none,0.9930466330337984,1.4423314332938428,-0.44928480026004447,-1.266799437167087,0.03934713540325808,0.6885009992231704,0.5135403781752421,1.0491214993123736,interval_includes_zero,"Post hoc; pointwise 95% paired bootstrap, no multiplicity adjustment or confirmatory decision."
development,32,ks,correct,ood,64,transformer,iid,mechanistic,,11.22966237724747,4.230233293450578e-06,11.229658147014176,2.6577070855202947,27.044060028604058,2654620.1115275836,561906.4104802794,7365653.673317554,higher_candidate_error,"Post hoc; pointwise 95% paired bootstrap, no multiplicity adjustment or confirmatory decision."
development,32,ks,correct,ood,96,transformer,iid,mechanistic,,26.53652375900509,7.650853992920555e-05,26.53644725046516,3.425416202718307,69.87608238740592,346843.94426504173,36719.531939993074,1404746.8583133891,higher_candidate_error,"Post hoc; pointwise 95% paired bootstrap, no multiplicity adjustment or confirmatory decision."
development,32,ks,correct,test,64,transformer,iid,mechanistic,,0.5586784997366335,2.4466611887692054e-07,0.5586782550705146,0.3458184014605591,0.8575059092181619,2283432.223068357,954878.6953179719,6230026.162280638,higher_candidate_error,"Post hoc; pointwise 95% paired bootstrap, no multiplicity adjustment or confirmatory decision."
development,32,ks,correct,test,96,transformer,iid,mechanistic,,1.1288394061199016,4.134586746803756e-06,1.1288352715331549,0.7820893769882239,1.612540866822925,273023.5148633782,119940.71197564423,1092325.6002206788,higher_candidate_error,"Post hoc; pointwise 95% paired bootstrap, no multiplicity adjustment or confirmatory decision."
development,32,ks,correct,ood,64,transformer,none,mechanistic,,7.8543285414834445,4.230233293450578e-06,7.854324311250151,4.8908661441681955,11.546300308446124,1856712.8563911219,989262.424096536,3505731.377736071,higher_candidate_error,"Post hoc; pointwise 95% paired bootstrap, no multiplicity adjustment or confirmatory decision."
development,32,ks,correct,ood,96,transformer,none,mechanistic,,18.844580490226566,7.650853992920555e-05,18.844503981686636,6.574296384437173,37.417517279159775,246306.8895010116,70885.72175352358,797070.9498833421,higher_candidate_error,"Post hoc; pointwise 95% paired bootstrap, no multiplicity adjustment or confirmatory decision."
development,32,ks,correct,test,64,transformer,none,mechanistic,,0.9422128653470313,2.4466611887692054e-07,0.9422126206809124,0.5717300233587354,1.3868514695324177,3851014.8837608863,1673140.9807881122,10644660.10793651,higher_candidate_error,"Post hoc; pointwise 95% paired bootstrap, no multiplicity adjustment or confirmatory decision."
development,32,ks,correct,test,96,transformer,none,mechanistic,,1.800931154123062,4.134586746803756e-06,1.8009270195363152,1.262565961862842,2.3654577617611894,435577.0635397292,198719.66949383583,1776101.8627313056,higher_candidate_error,"Post hoc; pointwise 95% paired bootstrap, no multiplicity adjustment or confirmatory decision."
development,32,ks,correct,ood,64,transformer,response_matched,mechanistic,,9.547966454142747,4.230233293450578e-06,9.547962223909453,2.6451404228004165,21.118843742960344,2257077.988801541,538711.916980343,5811413.178883771,higher_candidate_error,"Post hoc; pointwise 95% paired bootstrap, no multiplicity adjustment or confirmatory decision."
development,32,ks,correct,ood,96,transformer,response_matched,mechanistic,,20.648000962038555,7.650853992920555e-05,20.647924453498625,3.3154475942927655,51.774885226834535,269878.3819576801,34784.410081507165,1033872.2265347628,higher_candidate_error,"Post hoc; pointwise 95% paired bootstrap, no multiplicity adjustment or confirmatory decision."
development,32,ks,correct,test,64,transformer,response_matched,mechanistic,,0.4284416672179047,2.4466611887692054e-07,0.42844142255178586,0.33494930237199877,0.5323101488134784,1751127.901094604,850261.8275588901,4346538.6366715,higher_candidate_error,"Post hoc; pointwise 95% paired bootstrap, no multiplicity adjustment or confirmatory decision."
development,32,ks,correct,test,96,transformer,response_matched,mechanistic,,0.8800462653288207,4.134586746803756e-06,0.8800421307420739,0.7330084497568069,1.0318765643510863,212849.87332993821,103298.55904411075,837499.9069065683,higher_candidate_error,"Post hoc; pointwise 95% paired bootstrap, no multiplicity adjustment or confirmatory decision."
development,32,ks,correct,ood,64,transformer,smooth,mechanistic,,13.438201600832903,4.230233293450578e-06,13.438197370599609,3.795429044537448,30.31355348615365,3176704.6090905867,799489.6933025772,8293425.292871377,higher_candidate_error,"Post hoc; pointwise 95% paired bootstrap, no multiplicity adjustment or confirmatory decision."
development,32,ks,correct,ood,64,transformer,smooth,transformer,none,13.438201600832903,7.8543285414834445,5.583873059349458,-1.48426295827658,19.01709753466628,1.7109293977018734,0.7515912107884922,2.780033750798116,interval_includes_zero,"Post hoc; pointwise 95% paired bootstrap, no multiplicity adjustment or confirmatory decision."
development,32,ks,correct,ood,96,transformer,smooth,mechanistic,,32.490110860561394,7.650853992920555e-05,32.49003435202147,5.120783299188149,82.55530998910655,424659.9254230307,56061.41375251717,1666198.393660247,higher_candidate_error,"Post hoc; pointwise 95% paired bootstrap, no multiplicity adjustment or confirmatory decision."
development,32,ks,correct,ood,96,transformer,smooth,transformer,none,32.490110860561394,18.844580490226566,13.645530370334829,-4.146003614852932,46.02595687577852,1.7241090019176526,0.6645023256607874,2.3286831395431857,interval_includes_zero,"Post hoc; pointwise 95% paired bootstrap, no multiplicity adjustment or confirmatory decision."
development,32,ks,correct,test,64,transformer,smooth,mechanistic,,0.9132761658862106,2.4466611887692054e-07,0.9132759212200917,0.5807518949435616,1.3016326171737576,3732744.730158714,1683964.0725360715,9943771.004667396,higher_candidate_error,"Post hoc; pointwise 95% paired bootstrap, no multiplicity adjustment or confirmatory decision."
development,32,ks,correct,test,64,transformer,smooth,transformer,none,0.9132761658862106,0.9422128653470313,-0.02893669946082067,-0.22666043227304258,0.16902537322911926,0.9692885753049415,0.7841138490860894,1.2454678523001828,interval_includes_zero,"Post hoc; pointwise 95% paired bootstrap, no multiplicity adjustment or confirmatory decision."
development,32,ks,correct,test,96,transformer,smooth,mechanistic,,1.8785938586632487,4.134586746803756e-06,1.878589724076502,1.318464314636424,2.5490205623581472,454360.7314843488,205123.36615214875,1811976.8775895038,higher_candidate_error,"Post hoc; pointwise 95% paired bootstrap, no multiplicity adjustment or confirmatory decision."
development,32,ks,correct,test,96,transformer,smooth,transformer,none,1.8785938586632487,1.800931154123062,0.07766270454018676,-0.31126917833887013,0.4920127672968076,1.0431236387700804,0.834783130800631,1.3083043083804613,interval_includes_zero,"Post hoc; pointwise 95% paired bootstrap, no multiplicity adjustment or confirmatory decision."
development,32,wave,coefficient,ood,64,fno,iid,mechanistic,,0.35461393602504315,0.7427219720342464,-0.38810803600920324,-0.4947220630727643,-0.2831799209134668,0.47745179135308,0.33377565661659325,0.6199988093988201,lower_candidate_error,"Post hoc; pointwise 95% paired bootstrap, no multiplicity adjustment or confirmatory decision."
development,32,wave,coefficient,ood,64,fno,iid,transformer,iid,0.35461393602504315,1.3177692955483025,-0.9631553595232594,-1.7487025726697785,-0.4808840564212372,0.2691016835974267,0.18726235365741295,0.39273375224403095,lower_candidate_error,"Post hoc; pointwise 95% paired bootstrap, no multiplicity adjustment or confirmatory decision."
development,32,wave,coefficient,ood,96,fno,iid,mechanistic,,0.6424464776009393,0.9065306222767049,-0.2640841446757656,-0.486276630204684,0.01579213365237507,0.708687011573275,0.4650492104481548,1.016606434940852,interval_includes_zero,"Post hoc; pointwise 95% paired bootstrap, no multiplicity adjustment or confirmatory decision."
development,32,wave,coefficient,ood,96,fno,iid,transformer,iid,0.6424464776009393,1.4601120326302288,-0.8176655550292895,-1.5048879214881505,-0.3711190678646247,0.4399980708628527,0.35470721216833423,0.590253258197951,lower_candidate_error,"Post hoc; pointwise 95% paired bootstrap, no multiplicity adjustment or confirmatory decision."
development,32,wave,coefficient,test,64,fno,iid,mechanistic,,0.0032977122746942872,0.3973574188504543,-0.39405970657576,-0.4368464631482249,-0.3546058698768044,0.008299108354977974,0.005573754779534666,0.011210101654774636,lower_candidate_error,"Post hoc; pointwise 95% paired bootstrap, no multiplicity adjustment or confirmatory decision."
development,32,wave,coefficient,test,64,fno,iid,transformer,iid,0.0032977122746942872,0.013326911218504564,-0.010029198943810276,-0.014139704391215563,-0.007244616870245853,0.24744760587249784,0.20276025845064657,0.30345789076001134,lower_candidate_error,"Post hoc; pointwise 95% paired bootstrap, no multiplicity adjustment or confirmatory decision."
development,32,wave,coefficient,test,96,fno,iid,mechanistic,,0.007732496302632369,0.5797535210131978,-0.5720210247105654,-0.6263268335318659,-0.5226528318819843,0.013337558155953558,0.008302085269010185,0.02327004608859421,lower_candidate_error,"Post hoc; pointwise 95% paired bootstrap, no multiplicity adjustment or confirmatory decision."
development,32,wave,coefficient,test,96,fno,iid,transformer,iid,0.007732496302632369,0.02138458631763318,-0.013652090015000812,-0.024327620647671883,-0.004043964447405729,0.3615920452132549,0.22465522690496298,0.7589800991423756,lower_candidate_error,"Post hoc; pointwise 95% paired bootstrap, no multiplicity adjustment or confirmatory decision."
development,32,wave,coefficient,ood,64,fno,none,mechanistic,,0.07736978093431557,0.7427219720342464,-0.6653521910999308,-0.7010014507768151,-0.6308422694687182,0.10417058313544561,0.08585130228262892,0.12441084547925131,lower_candidate_error,"Post hoc; pointwise 95% paired bootstrap, no multiplicity adjustment or confirmatory decision."
development,32,wave,coefficient,ood,64,fno,none,transformer,none,0.07736978093431557,1.2979737384062275,-1.220603957471912,-2.065777085598587,-0.73701652306224,0.05960812506832176,0.0331814644990927,0.10221274747911384,lower_candidate_error,"Post hoc; pointwise 95% paired bootstrap, no multiplicity adjustment or confirmatory decision."
development,32,wave,coefficient,ood,96,fno,none,mechanistic,,0.14507160849603992,0.9065306222767049,-0.7614590137806649,-0.8135266377604343,-0.7101557107858967,0.16002946280148822,0.1314712988314663,0.1923244844126821,lower_candidate_error,"Post hoc; pointwise 95% paired bootstrap, no multiplicity adjustment or confirmatory decision."
development,32,wave,coefficient,ood,96,fno,none,transformer,none,0.14507160849603992,1.425995391892804,-1.2809237833967642,-2.228515556310923,-0.7579272959374916,0.10173357454085331,0.05511192542957361,0.1775753472568139,lower_candidate_error,"Post hoc; pointwise 95% paired bootstrap, no multiplicity adjustment or confirmatory decision."
development,32,wave,coefficient,test,64,fno,none,mechanistic,,0.0004111781988375262,0.3973574188504543,-0.39694624065161677,-0.43970993727344276,-0.35729022749638345,0.0010347817338532525,0.0007477428644638636,0.0013684314643264016,lower_candidate_error,"Post hoc; pointwise 95% paired bootstrap, no multiplicity adjustment or confirmatory decision."
development,32,wave,coefficient,test,64,fno,none,transformer,none,0.0004111781988375262,0.0030526994247878033,-0.002641521225950277,-0.003815724341474048,-0.0017923746606312392,0.13469331290816738,0.09674446731449346,0.1977293549577953,lower_candidate_error,"Post hoc; pointwise 95% paired bootstrap, no multiplicity adjustment or confirmatory decision."
development,32,wave,coefficient,test,96,fno,none,mechanistic,,0.0007304688009993331,0.5797535210131978,-0.5790230522121984,-0.6350037474258121,-0.5291376691493263,0.001259964406464906,0.0009124726034115264,0.001642595383491445,lower_candidate_error,"Post hoc; pointwise 95% paired bootstrap, no multiplicity adjustment or confirmatory decision."
development,32,wave,coefficient,test,96,fno,none,transformer,none,0.0007304688009993331,0.004856745401683752,-0.004126276600684419,-0.006434617142029874,-0.0025289640506258836,0.15040294283206443,0.10251734919309845,0.23636589041169218,lower_candidate_error,"Post hoc; pointwise 95% paired bootstrap, no multiplicity adjustment or confirmatory decision."
development,32,wave,coefficient,ood,64,fno,response_matched,mechanistic,,0.1345419308915188,0.7427219720342464,-0.6081800411427276,-0.6654203930652867,-0.5525905313280378,0.18114709939578194,0.11801862043170958,0.24756843648071852,lower_candidate_error,"Post hoc; pointwise 95% paired bootstrap, no multiplicity adjustment or confirmatory decision."
development,32,wave,coefficient,ood,64,fno,response_matched,transformer,response_matched,0.1345419308915188,1.2998336681581435,-1.1652917372666247,-1.9552464567899532,-0.703483111576253,0.1035070364673381,0.043852238952732166,0.19404111685111922,lower_candidate_error,"Post hoc; pointwise 95% paired bootstrap, no multiplicity adjustment or confirmatory decision."
development,32,wave,coefficient,ood,96,fno,response_matched,mechanistic,,0.25147553460113564,0.9065306222767049,-0.6550550876755692,-0.7532441080112641,-0.5656406306492932,0.2774043462200624,0.18133666246511024,0.36787560055433133,lower_candidate_error,"Post hoc; pointwise 95% paired bootstrap, no multiplicity adjustment or confirmatory decision."
development,32,wave,coefficient,ood,96,fno,response_matched,transformer,response_matched,0.25147553460113564,1.4421990294117835,-1.1907234948106478,-2.1091210427499596,-0.657055192471619,0.17436950758710654,0.07322305663453643,0.32351131990249504,lower_candidate_error,"Post hoc; pointwise 95% paired bootstrap, no multiplicity adjustment or confirmatory decision."
development,32,wave,coefficient,test,64,fno,response_matched,mechanistic,,0.006703985581383141,0.3973574188504543,-0.39065343326907115,-0.4331037779211027,-0.3516423489472089,0.016871424222498765,0.012658411929441898,0.021312634680276315,lower_candidate_error,"Post hoc; pointwise 95% paired bootstrap, no multiplicity adjustment or confirmatory decision."
development,32,wave,coefficient,test,64,fno,response_matched,transformer,response_matched,0.006703985581383141,0.007141929637934502,-0.0004379440565513608,-0.002971530195703555,0.0016738509012125264,0.9386798696216199,0.6333549490270445,1.2576958782253347,interval_includes_zero,"Post hoc; pointwise 95% paired bootstrap, no multiplicity adjustment or confirmatory decision."
development,32,wave,coefficient,test,96,fno,response_matched,mechanistic,,0.013100775048435905,0.5797535210131978,-0.5666527459647619,-0.6212748002770805,-0.5175784909793013,0.02259714615538777,0.017065786476485132,0.028272778782204147,lower_candidate_error,"Post hoc; pointwise 95% paired bootstrap, no multiplicity adjustment or confirmatory decision."
development,32,wave,coefficient,test,96,fno,response_matched,transformer,response_matched,0.013100775048435905,0.012144897095184978,0.0009558779532509269,-0.004063387274141576,0.005524205708366571,1.078706138533681,0.7143039201225253,1.5078286996603936,interval_includes_zero,"Post hoc; pointwise 95% paired bootstrap, no multiplicity adjustment or confirmatory decision."
development,32,wave,coefficient,ood,64,fno,smooth,mechanistic,,0.10336093394014045,0.7427219720342464,-0.6393610380941059,-0.6811910937338985,-0.5989828527279225,0.13916504133712979,0.10201030221312339,0.17747566676718524,lower_candidate_error,"Post hoc; pointwise 95% paired bootstrap, no multiplicity adjustment or confirmatory decision."
development,32,wave,coefficient,ood,64,fno,smooth,transformer,smooth,0.10336093394014045,1.2419806614636097,-1.1386197275234693,-1.9062412231072448,-0.6955868079324268,0.08322265969772424,0.039816334568953504,0.15489897738024586,lower_candidate_error,"Post hoc; pointwise 95% paired bootstrap, no multiplicity adjustment or confirmatory decision."
development,32,wave,coefficient,ood,64,fno,smooth,fno,none,0.10336093394014045,0.07736978093431557,0.025991153005824885,0.005824460121426482,0.047064360104732764,1.3359341682496235,1.0771246131028138,1.5952224427497903,higher_candidate_error,"Post hoc; pointwise 95% paired bootstrap, no multiplicity adjustment or confirmatory decision."
development,32,wave,coefficient,ood,96,fno,smooth,mechanistic,,0.17937546594385703,0.9065306222767049,-0.7271551563328479,-0.7899353808398348,-0.6654245632408371,0.19787027766736087,0.14584356941201848,0.24910090521811323,lower_candidate_error,"Post hoc; pointwise 95% paired bootstrap, no multiplicity adjustment or confirmatory decision."
development,32,wave,coefficient,ood,96,fno,smooth,transformer,smooth,0.17937546594385703,1.3424218219144881,-1.163046355970631,-2.0327231445509226,-0.6759970704744679,0.13362079118174763,0.0626037907008069,0.24696662483228218,lower_candidate_error,"Post hoc; pointwise 95% paired bootstrap, no multiplicity adjustment or confirmatory decision."
development,32,wave,coefficient,ood,96,fno,smooth,fno,none,0.17937546594385703,0.14507160849603992,0.03430385744781711,0.0014423197194116852,0.06805229333088628,1.2364615502884806,1.011150468017705,1.4644608845984242,higher_candidate_error,"Post hoc; pointwise 95% paired bootstrap, no multiplicity adjustment or confirmatory decision."
development,32,wave,coefficient,test,64,fno,smooth,mechanistic,,0.0029518031675563397,0.3973574188504543,-0.39440561568289795,-0.43686207446794156,-0.35502621815431823,0.007428584512391482,0.005408760969280127,0.009623343439243107,lower_candidate_error,"Post hoc; pointwise 95% paired bootstrap, no multiplicity adjustment or confirmatory decision."
development,32,wave,coefficient,test,64,fno,smooth,transformer,smooth,0.0029518031675563397,0.006338876644357561,-0.003387073476801221,-0.004619246028453801,-0.0021650998212140865,0.4656666051679417,0.35255005382824106,0.5995643647174778,lower_candidate_error,"Post hoc; pointwise 95% paired bootstrap, no multiplicity adjustment or confirmatory decision."
development,32,wave,coefficient,test,64,fno,smooth,fno,none,0.0029518031675563397,0.0004111781988375262,0.0025406249687188135,0.001671558840000746,0.003503845529063533,7.178890261939013,4.430101780102053,11.209357411265922,higher_candidate_error,"Post hoc; pointwise 95% paired bootstrap, no multiplicity adjustment or confirmatory decision."
development,32,wave,coefficient,test,96,fno,smooth,mechanistic,,0.005405177346772647,0.5797535210131978,-0.5743483436664252,-0.6296364438599396,-0.5247079352554377,0.009323233323924221,0.006713771811057109,0.012178757034041305,lower_candidate_error,"Post hoc; pointwise 95% paired bootstrap, no multiplicity adjustment or confirmatory decision."
development,32,wave,coefficient,test,96,fno,smooth,transformer,smooth,0.005405177346772647,0.010437968497448775,-0.005032791150676129,-0.007016436327124504,-0.0029886496465078498,0.5178380590144306,0.3801111806466546,0.6723895052915905,lower_candidate_error,"Post hoc; pointwise 95% paired bootstrap, no multiplicity adjustment or confirmatory decision."
development,32,wave,coefficient,test,96,fno,smooth,fno,none,0.005405177346772647,0.0007304688009993331,0.004674708545773313,0.003078577721153197,0.006522657356508204,7.39960055703677,4.630929981412182,11.641178407564214,higher_candidate_error,"Post hoc; pointwise 95% paired bootstrap, no multiplicity adjustment or confirmatory decision."
development,32,wave,coefficient,ood,64,looped,iid,mechanistic,,1.4435368664242532,0.7427219720342464,0.7008148943900068,0.24984926562380155,1.4360229078989848,1.9435763593616868,1.3338855213775598,2.9461557798149056,higher_candidate_error,"Post hoc; pointwise 95% paired bootstrap, no multiplicity adjustment or confirmatory decision."
development,32,wave,coefficient,ood,64,looped,iid,transformer,iid,1.4435368664242532,1.3177692955483025,0.1257675708759507,-0.0765165574822273,0.34192995383689767,1.0954397490522958,0.9565112024571997,1.4412331708219488,interval_includes_zero,"Post hoc; pointwise 95% paired bootstrap, no multiplicity adjustment or confirmatory decision."
development,32,wave,coefficient,ood,96,looped,iid,mechanistic,,1.8017416128613837,0.9065306222767049,0.8952109905846788,0.27528847683010316,1.898985650974571,1.987513238478809,1.3062472505110798,3.1037048215096994,higher_candidate_error,"Post hoc; pointwise 95% paired bootstrap, no multiplicity adjustment or confirmatory decision."
development,32,wave,coefficient,ood,96,looped,iid,transformer,iid,1.8017416128613837,1.4601120326302288,0.34162958023115486,0.04512125614805054,0.6107360216676313,1.2339749091826517,1.0288549803984963,1.5945353425172626,higher_candidate_error,"Post hoc; pointwise 95% paired bootstrap, no multiplicity adjustment or confirmatory decision."
development,32,wave,coefficient,test,64,looped,iid,mechanistic,,0.015017474353556196,0.3973574188504543,-0.38233994449689807,-0.4233043105645995,-0.3444630177013878,0.037793365975150026,0.03257975864891488,0.04524064777966669,lower_candidate_error,"Post hoc; pointwise 95% paired bootstrap, no multiplicity adjustment or confirmatory decision."
development,32,wave,coefficient,test,64,looped,iid,transformer,iid,0.015017474353556196,0.013326911218504564,0.0016905631350516322,-0.0011385824622814136,0.004180409125102078,1.1268533351302188,0.9336924696450255,1.3961310933178381,interval_includes_zero,"Post hoc; pointwise 95% paired bootstrap, no multiplicity adjustment or confirmatory decision."
development,32,wave,coefficient,test,96,looped,iid,mechanistic,,0.029156710507082958,0.5797535210131978,-0.5505968105061149,-0.6032495032440829,-0.5025681191135186,0.05029156262152174,0.03678170651472061,0.07310671273070501,lower_candidate_error,"Post hoc; pointwise 95% paired bootstrap, no multiplicity adjustment or confirmatory decision."
development,32,wave,coefficient,test,96,looped,iid,transformer,iid,0.029156710507082958,0.02138458631763318,0.007772124189449777,0.0028143903252342006,0.014241095422383032,1.3634451503530411,1.122034334247116,1.697226859118019,higher_candidate_error,"Post hoc; pointwise 95% paired bootstrap, no multiplicity adjustment or confirmatory decision."
development,32,wave,coefficient,ood,64,looped,none,mechanistic,,1.092795045761747,0.7427219720342464,0.3500730737275006,0.15309027857638366,0.6427053524543731,1.4713379796327866,1.20752755256606,1.8652621486577594,higher_candidate_error,"Post hoc; pointwise 95% paired bootstrap, no multiplicity adjustment or confirmatory decision."
development,32,wave,coefficient,ood,64,looped,none,transformer,none,1.092795045761747,1.2979737384062275,-0.20517869264448052,-0.7851921326367922,0.13494523108374212,0.8419238490168391,0.6292438338848039,1.1571607536474848,interval_includes_zero,"Post hoc; pointwise 95% paired bootstrap, no multiplicity adjustment or confirmatory decision."
development,32,wave,coefficient,ood,96,looped,none,mechanistic,,1.4387729137704894,0.9065306222767049,0.5322422914937845,0.23824325688066164,1.0085619577005698,1.5871200358980544,1.26207697395949,2.111537329764706,higher_candidate_error,"Post hoc; pointwise 95% paired bootstrap, no multiplicity adjustment or confirmatory decision."
development,32,wave,coefficient,ood,96,looped,none,transformer,none,1.4387729137704894,1.425995391892804,0.012777521877685327,-0.49193946745851563,0.31404185886767033,1.008960422979155,0.789468430889198,1.3333945822279574,interval_includes_zero,"Post hoc; pointwise 95% paired bootstrap, no multiplicity adjustment or confirmatory decision."
development,32,wave,coefficient,test,64,looped,none,mechanistic,,0.0035747351129067676,0.3973574188504543,-0.3937826837375475,-0.43660323065522105,-0.35434823858191883,0.008996271224149767,0.006323566947644612,0.012699151428412698,lower_candidate_error,"Post hoc; pointwise 95% paired bootstrap, no multiplicity adjustment or confirmatory decision."
development,32,wave,coefficient,test,64,looped,none,transformer,none,0.0035747351129067676,0.0030526994247878033,0.0005220356881189643,-0.0011479478960219067,0.0024125866120859583,1.1710078902233394,0.7140232193023941,2.0053835544143417,interval_includes_zero,"Post hoc; pointwise 95% paired bootstrap, no multiplicity adjustment or confirmatory decision."
development,32,wave,coefficient,test,96,looped,none,mechanistic,,0.005532799228291661,0.5797535210131978,-0.5742207217849061,-0.629400318290375,-0.5245628416814073,0.009543364598497557,0.006610749078248804,0.013694395769931953,lower_candidate_error,"Post hoc; pointwise 95% paired bootstrap, no multiplicity adjustment or confirmatory decision."
development,32,wave,coefficient,test,96,looped,none,transformer,none,0.005532799228291661,0.004856745401683752,0.0006760538266079091,-0.002331339047584199,0.003961672972476613,1.139198943056297,0.6536125787521018,2.0853558997050747,interval_includes_zero,"Post hoc; pointwise 95% paired bootstrap, no multiplicity adjustment or confirmatory decision."
development,32,wave,coefficient,ood,64,looped,response_matched,mechanistic,,1.2491979432474665,0.7427219720342464,0.5064759712132201,0.2018742716846219,0.9426250316761974,1.6819186590454966,1.276834713870961,2.2729053737169376,higher_candidate_error,"Post hoc; pointwise 95% paired bootstrap, no multiplicity adjustment or confirmatory decision."
development,32,wave,coefficient,ood,64,looped,response_matched,transformer,response_matched,1.2491979432474665,1.2998336681581435,-0.05063572491067703,-0.40766925496589657,0.17286502241209337,0.9610444581094537,0.7990003725986354,1.1855041099941646,interval_includes_zero,"Post hoc; pointwise 95% paired bootstrap, no multiplicity adjustment or confirmatory decision."
development,32,wave,coefficient,ood,96,looped,response_matched,mechanistic,,1.6304840877636322,0.9065306222767049,0.7239534654869273,0.2934171307494314,1.395160618636331,1.798597915720437,1.3242549091163305,2.5361923462888485,higher_candidate_error,"Post hoc; pointwise 95% paired bootstrap, no multiplicity adjustment or confirmatory decision."
development,32,wave,coefficient,ood,96,looped,response_matched,transformer,response_matched,1.6304840877636322,1.4421990294117835,0.18828505835184872,-0.04803958095481502,0.376997089720438,1.1305541430218844,0.9789679616533761,1.3706154572742044,interval_includes_zero,"Post hoc; pointwise 95% paired bootstrap, no multiplicity adjustment or confirmatory decision."
development,32,wave,coefficient,test,64,looped,response_matched,mechanistic,,0.008004717141920378,0.3973574188504543,-0.3893527017085339,-0.43145713536709784,-0.35036462877442,0.020144879048887114,0.016761723817553923,0.023620249365671416,lower_candidate_error,"Post hoc; pointwise 95% paired bootstrap, no multiplicity adjustment or confirmatory decision."
development,32,wave,coefficient,test,64,looped,response_matched,transformer,response_matched,0.008004717141920378,0.007141929637934502,0.0008627875039858759,-0.0006238472316918006,0.0026589751551752147,1.1208059372922359,0.9202734520421983,1.4148220302435575,interval_includes_zero,"Post hoc; pointwise 95% paired bootstrap, no multiplicity adjustment or confirmatory decision."
development,32,wave,coefficient,test,96,looped,response_matched,mechanistic,,0.013483601419371624,0.5797535210131978,-0.5662699195938261,-0.620515589080133,-0.517951497610266,0.023257472237179697,0.019111280615520466,0.027545284572668763,lower_candidate_error,"Post hoc; pointwise 95% paired bootstrap, no multiplicity adjustment or confirmatory decision."
development,32,wave,coefficient,test,96,looped,response_matched,transformer,response_matched,0.013483601419371624,0.012144897095184978,0.0013387043241866459,-0.001458976168118999,0.004765508442999411,1.1102277206381101,0.8902138835170963,1.445818855165038,interval_includes_zero,"Post hoc; pointwise 95% paired bootstrap, no multiplicity adjustment or confirmatory decision."
development,32,wave,coefficient,ood,64,looped,smooth,mechanistic,,1.0098892682490046,0.7427219720342464,0.2671672962147582,0.13046547306726072,0.44877118344952116,1.35971373713775,1.176067120349673,1.6012257998090342,higher_candidate_error,"Post hoc; pointwise 95% paired bootstrap, no multiplicity adjustment or confirmatory decision."
development,32,wave,coefficient,ood,64,looped,smooth,transformer,smooth,1.0098892682490046,1.2419806614636097,-0.23209139321460515,-0.8233733290959521,0.09317785060923181,0.8131280136511164,0.5821208875202782,1.1085171092245911,interval_includes_zero,"Post hoc; pointwise 95% paired bootstrap, no multiplicity adjustment or confirmatory decision."
development,32,wave,coefficient,ood,64,looped,smooth,looped,none,1.0098892682490046,1.092795045761747,-0.08290577751274242,-0.20047886917784888,-0.0021118662127300007,0.9241341934754547,0.8525109884491515,0.99757125103671,lower_candidate_error,"Post hoc; pointwise 95% paired bootstrap, no multiplicity adjustment or confirmatory decision."
development,32,wave,coefficient,ood,96,looped,smooth,mechanistic,,1.306331106593346,0.9065306222767049,0.39980048431664117,0.19225716794821893,0.7151547480372901,1.441022591506686,1.2104907268309677,1.7887427712572692,higher_candidate_error,"Post hoc; pointwise 95% paired bootstrap, no multiplicity adjustment or confirmatory decision."
development,32,wave,coefficient,ood,96,looped,smooth,transformer,smooth,1.306331106593346,1.3424218219144881,-0.03609071532114205,-0.5879664079248403,0.2864834933517504,0.9731152200210278,0.7259004748766958,1.3070047876708701,interval_includes_zero,"Post hoc; pointwise 95% paired bootstrap, no multiplicity adjustment or confirmatory decision."
development,32,wave,coefficient,ood,96,looped,smooth,looped,none,1.306331106593346,1.4387729137704894,-0.13244180717714338,-0.2989878590580226,-0.021309231627779663,0.9079480813757728,0.8409955030790484,0.9823196748043923,lower_candidate_error,"Post hoc; pointwise 95% paired bootstrap, no multiplicity adjustment or confirmatory decision."
development,32,wave,coefficient,test,64,looped,smooth,mechanistic,,0.007120698567040747,0.3973574188504543,-0.39023672028341355,-0.43243130342206126,-0.35115718625889614,0.0179201349446067,0.013955310531156595,0.022594256488177165,lower_candidate_error,"Post hoc; pointwise 95% paired bootstrap, no multiplicity adjustment or confirmatory decision."
development,32,wave,coefficient,test,64,looped,smooth,transformer,smooth,0.007120698567040747,0.006338876644357561,0.0007818219226831862,-0.0010632119673396848,0.002885832254885064,1.123337614304123,0.8531811125563329,1.5036853160594432,interval_includes_zero,"Post hoc; pointwise 95% paired bootstrap, no multiplicity adjustment or confirmatory decision."
development,32,wave,coefficient,test,64,looped,smooth,looped,none,0.007120698567040747,0.0035747351129067676,0.003545963454133979,0.0027531853087354027,0.004480721503370559,1.991951387203794,1.7225782018075209,2.3637689004257783,higher_candidate_error,"Post hoc; pointwise 95% paired bootstrap, no multiplicity adjustment or confirmatory decision."
development,32,wave,coefficient,test,96,looped,smooth,mechanistic,,0.01253214837233147,0.5797535210131978,-0.5672213726408663,-0.6212091657372221,-0.5185573027309226,0.021616338526810226,0.01672412672299049,0.02726332018973244,lower_candidate_error,"Post hoc; pointwise 95% paired bootstrap, no multiplicity adjustment or confirmatory decision."
development,32,wave,coefficient,test,96,looped,smooth,transformer,smooth,0.01253214837233147,0.010437968497448775,0.002094179874882694,-0.0009512703844064189,0.005593552396988834,1.2006309824938204,0.9169686644056516,1.5847091306956822,interval_includes_zero,"Post hoc; pointwise 95% paired bootstrap, no multiplicity adjustment or confirmatory decision."
development,32,wave,coefficient,test,96,looped,smooth,looped,none,0.01253214837233147,0.005532799228291661,0.006999349144039808,0.005385082814106019,0.008789399818738771,2.2650647267750155,1.9045290696400032,2.7576740958120585,higher_candidate_error,"Post hoc; pointwise 95% paired bootstrap, no multiplicity adjustment or confirmatory decision."
development,32,wave,coefficient,ood,64,transformer,iid,mechanistic,,1.3177692955483025,0.7427219720342464,0.5750473235140561,0.001543391934253126,1.4435106426460813,1.7742430480938312,1.0021166464524136,2.955553141750524,higher_candidate_error,"Post hoc; pointwise 95% paired bootstrap, no multiplicity adjustment or confirmatory decision."
development,32,wave,coefficient,ood,96,transformer,iid,mechanistic,,1.4601120326302288,0.9065306222767049,0.5535814103535239,-0.06932425557010773,1.4982776287930049,1.6106593608092716,0.9240136366132495,2.659577848277387,interval_includes_zero,"Post hoc; pointwise 95% paired bootstrap, no multiplicity adjustment or confirmatory decision."
development,32,wave,coefficient,test,64,transformer,iid,mechanistic,,0.013326911218504564,0.3973574188504543,-0.38403050763194974,-0.4261528640949593,-0.345723401716072,0.03353885088407058,0.02504386663965219,0.0455190400644067,lower_candidate_error,"Post hoc; pointwise 95% paired bootstrap, no multiplicity adjustment or confirmatory decision."
development,32,wave,coefficient,test,96,transformer,iid,mechanistic,,0.02138458631763318,0.5797535210131978,-0.5583689346955646,-0.6120610834480413,-0.5098716339855097,0.036885651475235065,0.025795015383452486,0.055409202807368024,lower_candidate_error,"Post hoc; pointwise 95% paired bootstrap, no multiplicity adjustment or confirmatory decision."
development,32,wave,coefficient,ood,64,transformer,none,mechanistic,,1.2979737384062275,0.7427219720342464,0.5552517663719811,0.07658047280501225,1.3959231086850268,1.74759033296295,1.1030741519131875,2.8949689216807837,higher_candidate_error,"Post hoc; pointwise 95% paired bootstrap, no multiplicity adjustment or confirmatory decision."
development,32,wave,coefficient,ood,96,transformer,none,mechanistic,,1.425995391892804,0.9065306222767049,0.5194647696160992,0.00044169538450234184,1.4565412732990368,1.5730250659503264,1.0004480270103768,2.6203674335604923,higher_candidate_error,"Post hoc; pointwise 95% paired bootstrap, no multiplicity adjustment or confirmatory decision."
development,32,wave,coefficient,test,64,transformer,none,mechanistic,,0.0030526994247878033,0.3973574188504543,-0.3943047194256665,-0.43668629006355286,-0.35493354732955507,0.007682502653704544,0.0055624615349051665,0.010559784040718155,lower_candidate_error,"Post hoc; pointwise 95% paired bootstrap, no multiplicity adjustment or confirmatory decision."
development,32,wave,coefficient,test,96,transformer,none,mechanistic,,0.004856745401683752,0.5797535210131978,-0.574896775611514,-0.6301563481171635,-0.5255066409736854,0.008377258999990086,0.005662451425910959,0.012325498698110258,lower_candidate_error,"Post hoc; pointwise 95% paired bootstrap, no multiplicity adjustment or confirmatory decision."
development,32,wave,coefficient,ood,64,transformer,response_matched,mechanistic,,1.2998336681581435,0.7427219720342464,0.5571116961238971,0.11153227271417118,1.3155557800892752,1.750094540219431,1.148955492612914,2.7712307123672733,higher_candidate_error,"Post hoc; pointwise 95% paired bootstrap, no multiplicity adjustment or confirmatory decision."
development,32,wave,coefficient,ood,96,transformer,response_matched,mechanistic,,1.4421990294117835,0.9065306222767049,0.5356684071350786,0.034115189860385926,1.3851304550673316,1.5908994070048896,1.0374149854152757,2.5383748863642475,higher_candidate_error,"Post hoc; pointwise 95% paired bootstrap, no multiplicity adjustment or confirmatory decision."
development,32,wave,coefficient,test,64,transformer,response_matched,mechanistic,,0.007141929637934502,0.3973574188504543,-0.3902154892125198,-0.4322255419284008,-0.35152286723225423,0.01797356560900747,0.015280167396426873,0.020971423889396452,lower_candidate_error,"Post hoc; pointwise 95% paired bootstrap, no multiplicity adjustment or confirmatory decision."
development,32,wave,coefficient,test,96,transformer,response_matched,mechanistic,,0.012144897095184978,0.5797535210131978,-0.5676086239180128,-0.6218888029401076,-0.5189440801766725,0.0209483800528889,0.017596252671240223,0.024873424825732352,lower_candidate_error,"Post hoc; pointwise 95% paired bootstrap, no multiplicity adjustment or confirmatory decision."
development,32,wave,coefficient,ood,64,transformer,smooth,mechanistic,,1.2419806614636097,0.7427219720342464,0.49925868942936336,0.07524071663393166,1.2485074971356513,1.6722013192392036,1.1026648713873908,2.6907557993197795,higher_candidate_error,"Post hoc; pointwise 95% paired bootstrap, no multiplicity adjustment or confirmatory decision."
development,32,wave,coefficient,ood,64,transformer,smooth,transformer,none,1.2419806614636097,1.2979737384062275,-0.05599307694261779,-0.15319068804775754,0.004159411707312508,0.9568611634536063,0.9274018376998412,1.004870082025454,interval_includes_zero,"Post hoc; pointwise 95% paired bootstrap, no multiplicity adjustment or confirmatory decision."
development,32,wave,coefficient,ood,96,transformer,smooth,mechanistic,,1.3424218219144881,0.9065306222767049,0.4358911996377832,-0.02326762297346658,1.2688104318511917,1.4808345012582862,0.974588270973627,2.4138849215338087,interval_includes_zero,"Post hoc; pointwise 95% paired bootstrap, no multiplicity adjustment or confirmatory decision."
development,32,wave,coefficient,ood,96,transformer,smooth,transformer,none,1.3424218219144881,1.425995391892804,-0.083573569978316,-0.19331450303125786,-0.016202452541001756,0.9413928190417333,0.9177066779394147,0.983065959728182,lower_candidate_error,"Post hoc; pointwise 95% paired bootstrap, no multiplicity adjustment or confirmatory decision."
development,32,wave,coefficient,test,64,transformer,smooth,mechanistic,,0.006338876644357561,0.3973574188504543,-0.3910185422060967,-0.4329561338505635,-0.3520894584830222,0.01595258158938062,0.013046925382854154,0.019436885068281753,lower_candidate_error,"Post hoc; pointwise 95% paired bootstrap, no multiplicity adjustment or confirmatory decision."
development,32,wave,coefficient,test,64,transformer,smooth,transformer,none,0.006338876644357561,0.0030526994247878033,0.0032861772195697573,0.0016684299086775329,0.0048429463438941405,2.076482405338083,1.4304851029724364,2.8641941926601384,higher_candidate_error,"Post hoc; pointwise 95% paired bootstrap, no multiplicity adjustment or confirmatory decision."
development,32,wave,coefficient,test,96,transformer,smooth,mechanistic,,0.010437968497448775,0.5797535210131978,-0.569315552515749,-0.6237736543447224,-0.5200010001696307,0.018004148520231515,0.014898684563122478,0.02110885202640013,lower_candidate_error,"Post hoc; pointwise 95% paired bootstrap, no multiplicity adjustment or confirmatory decision."
development,32,wave,coefficient,test,96,transformer,smooth,transformer,none,0.010437968497448775,0.004856745401683752,0.005581223095765023,0.0029867604947564088,0.007944622701727896,2.149169378701652,1.4382914507095352,3.1342899859083437,higher_candidate_error,"Post hoc; pointwise 95% paired bootstrap, no multiplicity adjustment or confirmatory decision."
development,32,wave,correct,ood,64,fno,iid,mechanistic,,0.45466942761770834,3.311938286009314e-09,0.45466942430577006,0.2694926932924429,0.6562384685575686,137281974.58822748,81751230.97645153,197168561.43673965,higher_candidate_error,"Post hoc; pointwise 95% paired bootstrap, no multiplicity adjustment or confirmatory decision."
development,32,wave,correct,ood,64,fno,iid,transformer,iid,0.45466942761770834,1.4891439262983586,-1.0344744986806502,-1.8283106845644224,-0.475719405087204,0.30532268882021596,0.2181477927380874,0.4957747654203859,lower_candidate_error,"Post hoc; pointwise 95% paired bootstrap, no multiplicity adjustment or confirmatory decision."
development,32,wave,correct,ood,96,fno,iid,mechanistic,,0.893198268290747,6.030947453685284e-09,0.8931982622597996,0.5002621823379494,1.344549400696046,148102478.94714242,83914393.96089913,222422569.63676625,higher_candidate_error,"Post hoc; pointwise 95% paired bootstrap, no multiplicity adjustment or confirmatory decision."
development,32,wave,correct,ood,96,fno,iid,transformer,iid,0.893198268290747,1.594189489883048,-0.700991221592301,-1.397993969841183,-0.1595653659233677,0.5602836262308274,0.4111372628830689,0.8490281715159865,lower_candidate_error,"Post hoc; pointwise 95% paired bootstrap, no multiplicity adjustment or confirmatory decision."
development,32,wave,correct,test,64,fno,iid,mechanistic,,0.006583801053140439,9.012607192846287e-11,0.006583800963014368,0.0039008935288512604,0.009733956783697163,73051015.23082355,41571443.6520922,115987334.33182289,higher_candidate_error,"Post hoc; pointwise 95% paired bootstrap, no multiplicity adjustment or confirmatory decision."
development,32,wave,correct,test,64,fno,iid,transformer,iid,0.006583801053140439,0.022857439324222944,-0.016273638271082504,-0.03082465583228708,-0.00703993658358352,0.28803756010251425,0.1889907794805004,0.49806903845837475,lower_candidate_error,"Post hoc; pointwise 95% paired bootstrap, no multiplicity adjustment or confirmatory decision."
development,32,wave,correct,test,96,fno,iid,mechanistic,,0.011717548163699508,1.8419312303956248e-10,0.011717547979506386,0.006734763671990641,0.017463273114691306,63615557.24956528,35547170.65206893,101764571.11387376,higher_candidate_error,"Post hoc; pointwise 95% paired bootstrap, no multiplicity adjustment or confirmatory decision."
development,32,wave,correct,test,96,fno,iid,transformer,iid,0.011717548163699508,0.04244079525805522,-0.030723247094355713,-0.07201551581635524,-0.00736603490905887,0.2760916258155066,0.1617766170574389,0.6300298690107926,lower_candidate_error,"Post hoc; pointwise 95% paired bootstrap, no multiplicity adjustment or confirmatory decision."
development,32,wave,correct,ood,64,fno,none,mechanistic,,0.07804421111638275,3.311938286009314e-09,0.07804420780444447,0.06021493934232047,0.09930991183522221,23564512.492900744,19514364.291671515,28306532.056382168,higher_candidate_error,"Post hoc; pointwise 95% paired bootstrap, no multiplicity adjustment or confirmatory decision."
development,32,wave,correct,ood,64,fno,none,transformer,none,0.07804421111638275,1.2979885718515665,-1.2199443607351836,-2.0642856146192283,-0.7429344646622972,0.06012704025972551,0.033222088803041755,0.10247674706126832,lower_candidate_error,"Post hoc; pointwise 95% paired bootstrap, no multiplicity adjustment or confirmatory decision."
development,32,wave,correct,ood,96,fno,none,mechanistic,,0.14453253786803408,6.030947453685284e-09,0.14453253183708661,0.11084803708053353,0.1841623180740021,23965146.268969018,19627735.96517897,28958818.59597771,higher_candidate_error,"Post hoc; pointwise 95% paired bootstrap, no multiplicity adjustment or confirmatory decision."
development,32,wave,correct,ood,96,fno,none,transformer,none,0.14453253786803408,1.4260104577767043,-1.2814779199086703,-2.2271491757651987,-0.7642810021372477,0.10135447259859162,0.05405368235892745,0.1778080307973348,lower_candidate_error,"Post hoc; pointwise 95% paired bootstrap, no multiplicity adjustment or confirmatory decision."
development,32,wave,correct,test,64,fno,none,mechanistic,,0.00043589340111315264,9.012607192846287e-11,0.00043589331098708073,0.00033557789671978115,0.0005574085862039559,4836485.067929521,3437617.8611760275,6774834.962500392,higher_candidate_error,"Post hoc; pointwise 95% paired bootstrap, no multiplicity adjustment or confirmatory decision."
development,32,wave,correct,test,64,fno,none,transformer,none,0.00043589340111315264,0.003052697390183832,-0.002616803989070679,-0.0037904376965328473,-0.001754713331221931,0.14278958750212165,0.1019021923543963,0.20941229464392094,lower_candidate_error,"Post hoc; pointwise 95% paired bootstrap, no multiplicity adjustment or confirmatory decision."
development,32,wave,correct,test,96,fno,none,mechanistic,,0.0007926253053878596,1.8419312303956248e-10,0.0007926251211947366,0.0005613638565792673,0.0010704014900871847,4303229.633701433,2897516.716967497,6274934.297100787,higher_candidate_error,"Post hoc; pointwise 95% paired bootstrap, no multiplicity adjustment or confirmatory decision."
development,32,wave,correct,test,96,fno,none,transformer,none,0.0007926253053878596,0.00485685164067227,-0.00406422633528441,-0.006385433548700867,-0.0024153173621126404,0.16319734758835394,0.10695989993012317,0.2714225083218016,lower_candidate_error,"Post hoc; pointwise 95% paired bootstrap, no multiplicity adjustment or confirmatory decision."
development,32,wave,correct,ood,64,fno,response_matched,mechanistic,,0.09931365020323817,3.311938286009314e-09,0.09931364689129989,0.07402563526809802,0.13122497123394242,29986564.249331206,23623335.024506055,38566518.76762753,higher_candidate_error,"Post hoc; pointwise 95% paired bootstrap, no multiplicity adjustment or confirmatory decision."
development,32,wave,correct,ood,64,fno,response_matched,transformer,response_matched,0.09931365020323817,1.304182267472342,-1.2048686172691039,-1.9939462199433378,-0.7481622264166579,0.07615013076026532,0.0402208699307796,0.13134831253767384,lower_candidate_error,"Post hoc; pointwise 95% paired bootstrap, no multiplicity adjustment or confirmatory decision."
development,32,wave,correct,ood,96,fno,response_matched,mechanistic,,0.2674285169403782,6.030947453685284e-09,0.26742851090943076,0.1509566219020619,0.44056338783236665,44342703.861059636,25608265.618156333,72469721.25443171,higher_candidate_error,"Post hoc; pointwise 95% paired bootstrap, no multiplicity adjustment or confirmatory decision."
development,32,wave,correct,ood,96,fno,response_matched,transformer,response_matched,0.2674285169403782,1.4445068929652287,-1.1770783760248504,-2.103740947569253,-0.5665563312793702,0.18513481537731616,0.07488186893265678,0.41567488093359345,lower_candidate_error,"Post hoc; pointwise 95% paired bootstrap, no multiplicity adjustment or confirmatory decision."
development,32,wave,correct,test,64,fno,response_matched,mechanistic,,0.0009113170266777446,9.012607192846287e-11,0.0009113169365516726,0.0005276753053515931,0.0013548986088182584,10111580.447010916,5657015.650034494,15898444.406398905,higher_candidate_error,"Post hoc; pointwise 95% paired bootstrap, no multiplicity adjustment or confirmatory decision."
development,32,wave,correct,test,64,fno,response_matched,transformer,response_matched,0.0009113170266777446,0.003820377290616193,-0.002909060263938448,-0.004355364207754713,-0.0018814004349092652,0.23854110663786227,0.1579559076417585,0.3523921524852837,lower_candidate_error,"Post hoc; pointwise 95% paired bootstrap, no multiplicity adjustment or confirmatory decision."
development,32,wave,correct,test,96,fno,response_matched,mechanistic,,0.0029256355812464323,1.8419312303956248e-10,0.0029256353970533093,0.00096465578241613,0.006066484398725241,15883522.321395466,5141916.276749374,33081335.277685788,higher_candidate_error,"Post hoc; pointwise 95% paired bootstrap, no multiplicity adjustment or confirmatory decision."
development,32,wave,correct,test,96,fno,response_matched,transformer,response_matched,0.0029256355812464323,0.006310265965344571,-0.0033846303840981383,-0.007737136286476791,0.0008961988023974258,0.4636311048240704,0.18033775319798856,1.198956493797006,interval_includes_zero,"Post hoc; pointwise 95% paired bootstrap, no multiplicity adjustment or confirmatory decision."
development,32,wave,correct,ood,64,fno,smooth,mechanistic,,0.048061179201571824,3.311938286009314e-09,0.04806117588963354,0.03646262212836124,0.06070296937100462,14511496.003593307,11964224.247706074,16974852.671573956,higher_candidate_error,"Post hoc; pointwise 95% paired bootstrap, no multiplicity adjustment or confirmatory decision."
development,32,wave,correct,ood,64,fno,smooth,transformer,smooth,0.048061179201571824,1.279353252325393,-1.231292073123821,-2.050272347402925,-0.7659110715848271,0.037566777677873024,0.0236838035575953,0.06130541303105782,lower_candidate_error,"Post hoc; pointwise 95% paired bootstrap, no multiplicity adjustment or confirmatory decision."
development,32,wave,correct,ood,64,fno,smooth,fno,none,0.048061179201571824,0.07804421111638275,-0.02998303191481093,-0.04609243115599992,-0.016237106770736566,0.6158199117408082,0.49725437161323127,0.7580558725877685,lower_candidate_error,"Post hoc; pointwise 95% paired bootstrap, no multiplicity adjustment or confirmatory decision."
development,32,wave,correct,ood,96,fno,smooth,mechanistic,,0.08075604565085294,6.030947453685284e-09,0.08075603961990549,0.06157524282759674,0.10151027307354842,13390275.12194721,10963434.0068601,15732663.725208068,higher_candidate_error,"Post hoc; pointwise 95% paired bootstrap, no multiplicity adjustment or confirmatory decision."
development,32,wave,correct,ood,96,fno,smooth,transformer,smooth,0.08075604565085294,1.3965819700932798,-1.3158259244424269,-2.2185471787773463,-0.8179577611749126,0.057824064308562656,0.03536343230994438,0.09611922979939486,lower_candidate_error,"Post hoc; pointwise 95% paired bootstrap, no multiplicity adjustment or confirmatory decision."
development,32,wave,correct,ood,96,fno,smooth,fno,none,0.08075604565085294,0.14453253786803408,-0.06377649221718114,-0.09365058381951573,-0.03844153045138396,0.5587395533356476,0.45400760196270135,0.6843246531354351,lower_candidate_error,"Post hoc; pointwise 95% paired bootstrap, no multiplicity adjustment or confirmatory decision."
development,32,wave,correct,test,64,fno,smooth,mechanistic,,0.00014207506459798023,9.012607192846287e-11,0.0001420749744719083,0.0001174059663041321,0.00017091073690816099,1576403.6039510479,1205192.848431769,2094550.5310818693,higher_candidate_error,"Post hoc; pointwise 95% paired bootstrap, no multiplicity adjustment or confirmatory decision."
development,32,wave,correct,test,64,fno,smooth,transformer,smooth,0.00014207506459798023,0.002450980560814988,-0.0023089054962170076,-0.0031229067166958888,-0.0016946361231306045,0.05796662236714686,0.042770216193886705,0.08278824216578629,lower_candidate_error,"Post hoc; pointwise 95% paired bootstrap, no multiplicity adjustment or confirmatory decision."
development,32,wave,correct,test,64,fno,smooth,fno,none,0.00014207506459798023,0.00043589340111315264,-0.00029381833651517244,-0.00040178712959325,-0.00020702535884007197,0.32593992988918696,0.26664241120834675,0.4011042932749931,lower_candidate_error,"Post hoc; pointwise 95% paired bootstrap, no multiplicity adjustment or confirmatory decision."
development,32,wave,correct,test,96,fno,smooth,mechanistic,,0.00024087244597621258,1.8419312303956248e-10,0.00024087226178308953,0.00019833513501550282,0.0002907198420144596,1307716.8246095488,1003797.9208201915,1739357.128379807,higher_candidate_error,"Post hoc; pointwise 95% paired bootstrap, no multiplicity adjustment or confirmatory decision."
development,32,wave,correct,test,96,fno,smooth,transformer,smooth,0.00024087244597621258,0.004065346097712728,-0.003824473651736515,-0.005784315412805264,-0.002542224358823569,0.05925016965018891,0.040561644421204544,0.09141815937947306,lower_candidate_error,"Post hoc; pointwise 95% paired bootstrap, no multiplicity adjustment or confirmatory decision."
development,32,wave,correct,test,96,fno,smooth,fno,none,0.00024087244597621258,0.0007926253053878596,-0.000551752859411647,-0.0008075974085884449,-0.00034939875603498056,0.30389194533518604,0.23369442075565336,0.3908538978571555,lower_candidate_error,"Post hoc; pointwise 95% paired bootstrap, no multiplicity adjustment or confirmatory decision."
development,32,wave,correct,ood,64,looped,iid,mechanistic,,2.2006492805037303,3.311938286009314e-09,2.200649277191792,1.5168256620445406,2.9682197221661646,664459627.7050139,446420592.8547741,929750290.4175555,higher_candidate_error,"Post hoc; pointwise 95% paired bootstrap, no multiplicity adjustment or confirmatory decision."
development,32,wave,correct,ood,64,looped,iid,transformer,iid,2.2006492805037303,1.4891439262983586,0.7115053542053718,0.11057261370069242,1.421457388265301,1.4777948871429756,1.0576459979650876,2.4444058026963207,higher_candidate_error,"Post hoc; pointwise 95% paired bootstrap, no multiplicity adjustment or confirmatory decision."
development,32,wave,correct,ood,96,looped,iid,mechanistic,,2.4131068503476487,6.030947453685284e-09,2.4131068443167014,1.5903462149058274,3.412141421755298,400120688.97617245,258551698.76722845,581443584.3126124,higher_candidate_error,"Post hoc; pointwise 95% paired bootstrap, no multiplicity adjustment or confirmatory decision."
development,32,wave,correct,ood,96,looped,iid,transformer,iid,2.4131068503476487,1.594189489883048,0.8189173604646007,0.2437844818062708,1.5316765540408404,1.5136888466907894,1.1202944165611715,2.4276136199228198,higher_candidate_error,"Post hoc; pointwise 95% paired bootstrap, no multiplicity adjustment or confirmatory decision."
development,32,wave,correct,test,64,looped,iid,mechanistic,,0.0184618432697737,9.012607192846287e-11,0.018461843179647625,0.01446433926194362,0.02404245182628772,204844645.66954273,153203292.32510027,280035314.2677005,higher_candidate_error,"Post hoc; pointwise 95% paired bootstrap, no multiplicity adjustment or confirmatory decision."
development,32,wave,correct,test,64,looped,iid,transformer,iid,0.0184618432697737,0.022857439324222944,-0.004395596054449245,-0.016554771763460506,0.0026604679200629704,0.8076951668951361,0.570870698949023,1.1804721105482365,interval_includes_zero,"Post hoc; pointwise 95% paired bootstrap, no multiplicity adjustment or confirmatory decision."
development,32,wave,correct,test,96,looped,iid,mechanistic,,0.033435318229144355,1.8419312303956248e-10,0.03343531804495123,0.021936294830355682,0.05232484167774949,181523162.63166267,115268109.87479109,293810965.91955966,higher_candidate_error,"Post hoc; pointwise 95% paired bootstrap, no multiplicity adjustment or confirmatory decision."
development,32,wave,correct,test,96,looped,iid,transformer,iid,0.033435318229144355,0.04244079525805522,-0.009005477028910865,-0.037851776050464976,0.0066486523787218,0.7878108321450071,0.5445011562672527,1.3085106372815747,interval_includes_zero,"Post hoc; pointwise 95% paired bootstrap, no multiplicity adjustment or confirmatory decision."
development,32,wave,correct,ood,64,looped,none,mechanistic,,1.0927935179993777,3.311938286009314e-09,1.0927935146874395,0.8893323846178078,1.3865964094082879,329955881.9123191,258769730.4600163,432249733.9448705,higher_candidate_error,"Post hoc; pointwise 95% paired bootstrap, no multiplicity adjustment or confirmatory decision."
development,32,wave,correct,ood,64,looped,none,transformer,none,1.0927935179993777,1.2979885718515665,-0.20519505385218872,-0.7851866139724579,0.13492911183558803,0.8419130504674011,0.6292447263527987,1.1571361313588853,interval_includes_zero,"Post hoc; pointwise 95% paired bootstrap, no multiplicity adjustment or confirmatory decision."
development,32,wave,correct,ood,96,looped,none,mechanistic,,1.4387708726656097,6.030947453685284e-09,1.4387708666346621,1.1316592085606614,1.9269097451446355,238564650.69786525,179201568.92409205,325389493.11690015,higher_candidate_error,"Post hoc; pointwise 95% paired bootstrap, no multiplicity adjustment or confirmatory decision."
development,32,wave,correct,ood,96,looped,none,transformer,none,1.4387708726656097,1.4260104577767043,0.012760414888905336,-0.4919361917990776,0.3140241266310107,1.008948331913919,0.7894686079729049,1.3333683035393837,interval_includes_zero,"Post hoc; pointwise 95% paired bootstrap, no multiplicity adjustment or confirmatory decision."
development,32,wave,correct,test,64,looped,none,mechanistic,,0.003574791434776972,9.012607192846287e-11,0.0035747913446509,0.0024976836137872212,0.005091664281287473,39664343.050637394,26529217.500355072,58965011.16314773,higher_candidate_error,"Post hoc; pointwise 95% paired bootstrap, no multiplicity adjustment or confirmatory decision."
development,32,wave,correct,test,64,looped,none,transformer,none,0.003574791434776972,0.003052697390183832,0.0005220940445931402,-0.0011480041043129806,0.0024128959278139845,1.1710271205629392,0.7140771929815452,2.0053475011260278,interval_includes_zero,"Post hoc; pointwise 95% paired bootstrap, no multiplicity adjustment or confirmatory decision."
development,32,wave,correct,test,96,looped,none,mechanistic,,0.005532873928204732,1.8419312303956248e-10,0.005532873744011608,0.0037953666762427013,0.008017193240183901,30038439.20392368,19737681.71078893,45192327.41291474,higher_candidate_error,"Post hoc; pointwise 95% paired bootstrap, no multiplicity adjustment or confirmatory decision."
development,32,wave,correct,test,96,looped,none,transformer,none,0.005532873928204732,0.00485685164067227,0.0006760222875324615,-0.0023318345918004234,0.003961858095136742,1.139189404484031,0.6536235442130046,2.085395107426211,interval_includes_zero,"Post hoc; pointwise 95% paired bootstrap, no multiplicity adjustment or confirmatory decision."
development,32,wave,correct,ood,64,looped,response_matched,mechanistic,,1.3731184644336973,3.311938286009314e-09,1.373118461121759,0.9763495903019406,2.017300988641855,414596633.7096886,285055904.945399,621109940.5457178,higher_candidate_error,"Post hoc; pointwise 95% paired bootstrap, no multiplicity adjustment or confirmatory decision."
development,32,wave,correct,ood,64,looped,response_matched,transformer,response_matched,1.3731184644336973,1.304182267472342,0.06893619696135533,-0.11269791998774037,0.19799563459429625,1.0528577934853858,0.9415446740874751,1.2188850920906538,interval_includes_zero,"Post hoc; pointwise 95% paired bootstrap, no multiplicity adjustment or confirmatory decision."
development,32,wave,correct,ood,96,looped,response_matched,mechanistic,,1.8229935842921758,6.030947453685284e-09,1.8229935782612283,1.242153552016101,2.8261764952160267,302273166.5781988,196983191.92570046,475686680.403135,higher_candidate_error,"Post hoc; pointwise 95% paired bootstrap, no multiplicity adjustment or confirmatory decision."
development,32,wave,correct,ood,96,looped,response_matched,transformer,response_matched,1.8229935842921758,1.4445068929652287,0.3784866913269471,0.22788981235141653,0.5681699300475416,1.2620179198660686,1.1704764150888645,1.407829018719395,higher_candidate_error,"Post hoc; pointwise 95% paired bootstrap, no multiplicity adjustment or confirmatory decision."
development,32,wave,correct,test,64,looped,response_matched,mechanistic,,0.004516049215331071,9.012607192846287e-11,0.004516049125204999,0.0035948320138804698,0.0055122455838579635,50108133.18165761,37298003.60119942,67120199.49589385,higher_candidate_error,"Post hoc; pointwise 95% paired bootstrap, no multiplicity adjustment or confirmatory decision."
development,32,wave,correct,test,64,looped,response_matched,transformer,response_matched,0.004516049215331071,0.003820377290616193,0.0006956719247148782,-0.0006558248114805383,0.0018471376871847338,1.182095084279666,0.8715697552180768,1.6074876203107569,interval_includes_zero,"Post hoc; pointwise 95% paired bootstrap, no multiplicity adjustment or confirmatory decision."
development,32,wave,correct,test,96,looped,response_matched,mechanistic,,0.006834650433796434,1.8419312303956248e-10,0.0068346502496033105,0.005418852157330576,0.008358984625400677,37105893.64581452,27632470.122512538,49731972.779952474,higher_candidate_error,"Post hoc; pointwise 95% paired bootstrap, no multiplicity adjustment or confirmatory decision."
development,32,wave,correct,test,96,looped,response_matched,transformer,response_matched,0.006834650433796434,0.006310265965344571,0.0005243844684518634,-0.0029037946235400598,0.002828103098520415,1.0831002165886092,0.7139634110899629,1.6487864354236264,interval_includes_zero,"Post hoc; pointwise 95% paired bootstrap, no multiplicity adjustment or confirmatory decision."
development,32,wave,correct,ood,64,looped,smooth,mechanistic,,1.0454929379192468,3.311938286009314e-09,1.0454929346073085,0.8644725518329957,1.2993600634662028,315674039.6811569,251330822.3108283,404295238.6031118,higher_candidate_error,"Post hoc; pointwise 95% paired bootstrap, no multiplicity adjustment or confirmatory decision."
development,32,wave,correct,ood,64,looped,smooth,transformer,smooth,1.0454929379192468,1.279353252325393,-0.23386031440614619,-0.8309917554209678,0.1056819931136062,0.8172042678743543,0.6014118015675166,1.12415978885908,interval_includes_zero,"Post hoc; pointwise 95% paired bootstrap, no multiplicity adjustment or confirmatory decision."
development,32,wave,correct,ood,64,looped,smooth,looped,none,1.0454929379192468,1.0927935179993777,-0.04730058008013094,-0.09357248549604401,-0.010734049231359321,0.9567159035068893,0.928597624596004,0.9885447136514998,lower_candidate_error,"Post hoc; pointwise 95% paired bootstrap, no multiplicity adjustment or confirmatory decision."
development,32,wave,correct,ood,96,looped,smooth,mechanistic,,1.3877106000540982,6.030947453685284e-09,1.3877105940231507,1.1009098718838723,1.85218805964259,230098274.06241462,174452940.7120893,311035221.44737,higher_candidate_error,"Post hoc; pointwise 95% paired bootstrap, no multiplicity adjustment or confirmatory decision."
development,32,wave,correct,ood,96,looped,smooth,transformer,smooth,1.3877106000540982,1.3965819700932798,-0.008871370039181592,-0.5096835618470805,0.2902719055010085,0.993647798533022,0.7767492900194901,1.3111714817346363,interval_includes_zero,"Post hoc; pointwise 95% paired bootstrap, no multiplicity adjustment or confirmatory decision."
development,32,wave,correct,ood,96,looped,smooth,looped,none,1.3877106000540982,1.4387708726656097,-0.05106027261151147,-0.09562036208976435,-0.01386621763008162,0.9645111854975823,0.9389294127587369,0.9889679096215352,lower_candidate_error,"Post hoc; pointwise 95% paired bootstrap, no multiplicity adjustment or confirmatory decision."
development,32,wave,correct,test,64,looped,smooth,mechanistic,,0.003234618166947622,9.012607192846287e-11,0.00323461807682155,0.002223336230122317,0.004587193736764491,35889927.27337639,23430677.993115872,53376486.74934551,higher_candidate_error,"Post hoc; pointwise 95% paired bootstrap, no multiplicity adjustment or confirmatory decision."
development,32,wave,correct,test,64,looped,smooth,transformer,smooth,0.003234618166947622,0.002450980560814988,0.0007836376061326339,-0.000385185713324082,0.002294862093518359,1.3197241213010937,0.8714651936799475,2.0592905923245777,interval_includes_zero,"Post hoc; pointwise 95% paired bootstrap, no multiplicity adjustment or confirmatory decision."
development,32,wave,correct,test,64,looped,smooth,looped,none,0.003234618166947622,0.003574791434776972,-0.0003401732678293503,-0.0006281235849740873,-3.204351170280108e-05,0.9048410868057891,0.830519676004163,0.9885815392373306,lower_candidate_error,"Post hoc; pointwise 95% paired bootstrap, no multiplicity adjustment or confirmatory decision."
development,32,wave,correct,test,96,looped,smooth,mechanistic,,0.004995134137529189,1.8419312303956248e-10,0.004995133953336065,0.003370838290734242,0.0071908431002422795,27119004.52687527,17453235.288757745,40792143.78807593,higher_candidate_error,"Post hoc; pointwise 95% paired bootstrap, no multiplicity adjustment or confirmatory decision."
development,32,wave,correct,test,96,looped,smooth,transformer,smooth,0.004995134137529189,0.004065346097712728,0.0009297880398164609,-0.0014476638346473066,0.003587650999017307,1.2287106724663823,0.7448584508813788,2.097559363081977,interval_includes_zero,"Post hoc; pointwise 95% paired bootstrap, no multiplicity adjustment or confirmatory decision."
development,32,wave,correct,test,96,looped,smooth,looped,none,0.004995134137529189,0.005532873928204732,-0.000537739790675543,-0.00100500732308993,-2.9145285338374022e-05,0.9028100409202664,0.8275025287308013,0.993423583405741,lower_candidate_error,"Post hoc; pointwise 95% paired bootstrap, no multiplicity adjustment or confirmatory decision."
development,32,wave,correct,ood,64,transformer,iid,mechanistic,,1.4891439262983586,3.311938286009314e-09,1.4891439229864203,0.8462392078120979,2.4094940716187043,449629128.83642143,252605169.97455227,743953130.4756786,higher_candidate_error,"Post hoc; pointwise 95% paired bootstrap, no multiplicity adjustment or confirmatory decision."
development,32,wave,correct,ood,96,transformer,iid,mechanistic,,1.594189489883048,6.030947453685284e-09,1.5941894838521005,0.9260612691971905,2.6134391293395223,264334833.31195316,151104106.13511238,441254676.9458163,higher_candidate_error,"Post hoc; pointwise 95% paired bootstrap, no multiplicity adjustment or confirmatory decision."
development,32,wave,correct,test,64,transformer,iid,mechanistic,,0.022857439324222944,9.012607192846287e-11,0.02285743923409687,0.013537557303338837,0.039409059508144655,253616282.55990037,142568804.46412033,446044052.75175095,higher_candidate_error,"Post hoc; pointwise 95% paired bootstrap, no multiplicity adjustment or confirmatory decision."
development,32,wave,correct,test,96,transformer,iid,mechanistic,,0.04244079525805522,1.8419312303956248e-10,0.04244079507386209,0.019272246826628873,0.08778447885102102,230414656.9518746,99798168.85704705,487352038.8153303,higher_candidate_error,"Post hoc; pointwise 95% paired bootstrap, no multiplicity adjustment or confirmatory decision."
development,32,wave,correct,ood,64,transformer,none,mechanistic,,1.2979885718515665,3.311938286009314e-09,1.2979885685396282,0.8133889005193025,2.1438504525525213,391912064.7068471,239484890.4467199,660021188.2257998,higher_candidate_error,"Post hoc; pointwise 95% paired bootstrap, no multiplicity adjustment or confirmatory decision."
development,32,wave,correct,ood,96,transformer,none,mechanistic,,1.4260104577767043,6.030947453685284e-09,1.4260104517457568,0.9031944725622053,2.365739373667427,236448828.1033394,143912793.0946216,399671471.3017089,higher_candidate_error,"Post hoc; pointwise 95% paired bootstrap, no multiplicity adjustment or confirmatory decision."
development,32,wave,correct,test,64,transformer,none,mechanistic,,0.003052697390183832,9.012607192846287e-11,0.00305269730005776,0.002187250817613563,0.004268283825958103,33871412.842744276,23089525.785269793,49903297.4846648,higher_candidate_error,"Post hoc; pointwise 95% paired bootstrap, no multiplicity adjustment or confirmatory decision."
development,32,wave,correct,test,96,transformer,none,mechanistic,,0.00485685164067227,1.8419312303956248e-10,0.004856851456479147,0.0032278653471373335,0.007260080752160815,26368257.188565485,16883759.188791975,41158448.74868428,higher_candidate_error,"Post hoc; pointwise 95% paired bootstrap, no multiplicity adjustment or confirmatory decision."
development,32,wave,correct,ood,64,transformer,response_matched,mechanistic,,1.304182267472342,3.311938286009314e-09,1.3041822641604037,0.8379895304113254,2.089487242520334,393782176.7336743,245957428.31683192,641683260.3510809,higher_candidate_error,"Post hoc; pointwise 95% paired bootstrap, no multiplicity adjustment or confirmatory decision."
development,32,wave,correct,ood,96,transformer,response_matched,mechanistic,,1.4445068929652287,6.030947453685284e-09,1.4445068869342812,0.9319578659684548,2.305227596536444,239515748.40575755,150453483.69790292,388132937.2122076,higher_candidate_error,"Post hoc; pointwise 95% paired bootstrap, no multiplicity adjustment or confirmatory decision."
development,32,wave,correct,test,64,transformer,response_matched,mechanistic,,0.003820377290616193,9.012607192846287e-11,0.003820377200490121,0.002729684706392746,0.005520271752648179,42389257.72387593,28557969.27846321,62948164.9128476,higher_candidate_error,"Post hoc; pointwise 95% paired bootstrap, no multiplicity adjustment or confirmatory decision."
development,32,wave,correct,test,96,transformer,response_matched,mechanistic,,0.006310265965344571,1.8419312303956248e-10,0.006310265781151447,0.003970030328736631,0.010403915105102185,34258966.139518686,20341687.779702496,57545976.2924277,higher_candidate_error,"Post hoc; pointwise 95% paired bootstrap, no multiplicity adjustment or confirmatory decision."
development,32,wave,correct,ood,64,transformer,smooth,mechanistic,,1.279353252325393,3.311938286009314e-09,1.2793532490134547,0.8091984401699841,2.1048284555689722,386285353.7246724,238202794.44373074,647330416.2414079,higher_candidate_error,"Post hoc; pointwise 95% paired bootstrap, no multiplicity adjustment or confirmatory decision."
development,32,wave,correct,ood,64,transformer,smooth,transformer,none,1.279353252325393,1.2979885718515665,-0.018635319526173477,-0.0416354294691573,0.0003057365764341057,0.9856429248066565,0.9761631288114447,1.0003839330172484,interval_includes_zero,"Post hoc; pointwise 95% paired bootstrap, no multiplicity adjustment or confirmatory decision."
development,32,wave,correct,ood,96,transformer,smooth,mechanistic,,1.3965819700932798,6.030947453685284e-09,1.3965819640623323,0.8931995940102456,2.307078903217472,231569248.58297038,142343769.34601587,389999740.95393294,higher_candidate_error,"Post hoc; pointwise 95% paired bootstrap, no multiplicity adjustment or confirmatory decision."
development,32,wave,correct,ood,96,transformer,smooth,transformer,none,1.3965819700932798,1.4260104577767043,-0.029428487683424542,-0.062231825050623094,-0.0066477828804944765,0.979363063206909,0.9715216222078517,0.9929173634573452,lower_candidate_error,"Post hoc; pointwise 95% paired bootstrap, no multiplicity adjustment or confirmatory decision."
development,32,wave,correct,test,64,transformer,smooth,mechanistic,,0.002450980560814988,9.012607192846287e-11,0.002450980470688916,0.0018346869685763954,0.003277362400866645,27195022.576379914,19751820.184238423,37079393.358636126,higher_candidate_error,"Post hoc; pointwise 95% paired bootstrap, no multiplicity adjustment or confirmatory decision."
development,32,wave,correct,test,64,transformer,smooth,transformer,none,0.002450980560814988,0.003052697390183832,-0.000601716829368844,-0.0012963915008600282,-0.0001626992631232632,0.802890115704325,0.670214398418821,0.9318782121179254,lower_candidate_error,"Post hoc; pointwise 95% paired bootstrap, no multiplicity adjustment or confirmatory decision."
development,32,wave,correct,test,96,transformer,smooth,mechanistic,,0.004065346097712728,1.8419312303956248e-10,0.004065345913519604,0.0027857151264421686,0.0060321320161516295,22071106.839529183,14715431.6242742,33041823.321701795,higher_candidate_error,"Post hoc; pointwise 95% paired bootstrap, no multiplicity adjustment or confirmatory decision."
development,32,wave,correct,test,96,transformer,smooth,transformer,none,0.004065346097712728,0.00485685164067227,-0.0007915055429595424,-0.0019743602357335708,-9.067945675347896e-05,0.8370332055582441,0.6943801682377714,0.9794465834251243,lower_candidate_error,"Post hoc; pointwise 95% paired bootstrap, no multiplicity adjustment or confirmatory decision."
resolution_g32,32,advection_diffusion,coefficient,ood,64,fno,none,mechanistic,,0.0472097204157485,0.5866012694523803,-0.5393915490366319,-0.6485578292255427,-0.4333088870542742,0.08048008566333478,0.0409057362751471,0.11737459472477534,lower_candidate_error,"Post hoc; pointwise 95% paired bootstrap, no multiplicity adjustment or confirmatory decision."
resolution_g32,32,advection_diffusion,coefficient,ood,64,fno,none,transformer,none,0.0472097204157485,0.9685136822522722,-0.9213039618365237,-1.254666891081524,-0.6395024361475095,0.048744505401268685,0.018458816823689297,0.07995599850157985,lower_candidate_error,"Post hoc; pointwise 95% paired bootstrap, no multiplicity adjustment or confirmatory decision."
resolution_g32,32,advection_diffusion,coefficient,ood,96,fno,none,mechanistic,,0.0688325252468388,0.6803637666768765,-0.6115312414300377,-0.7381377060588868,-0.4884053098175536,0.10117018074469164,0.04912812997894229,0.15071883424643778,lower_candidate_error,"Post hoc; pointwise 95% paired bootstrap, no multiplicity adjustment or confirmatory decision."
resolution_g32,32,advection_diffusion,coefficient,ood,96,fno,none,transformer,none,0.0688325252468388,1.082674230207748,-1.013841704960909,-1.4346080315849319,-0.6545319703490056,0.06357639567502307,0.023249677759640958,0.10734076509464748,lower_candidate_error,"Post hoc; pointwise 95% paired bootstrap, no multiplicity adjustment or confirmatory decision."
resolution_g32,32,advection_diffusion,coefficient,test,64,fno,none,mechanistic,,0.00037867448995821404,0.6843453090496823,-0.6839666345597241,-0.8282159625768527,-0.5524617099899408,0.0005533383292771616,0.0003789661958036528,0.0007616723029603789,lower_candidate_error,"Post hoc; pointwise 95% paired bootstrap, no multiplicity adjustment or confirmatory decision."
resolution_g32,32,advection_diffusion,coefficient,test,64,fno,none,transformer,none,0.00037867448995821404,0.002605952517162252,-0.002227278027204038,-0.003427371008377224,-0.0014238003055115232,0.14531135447186544,0.08421856119298478,0.24453884257710887,lower_candidate_error,"Post hoc; pointwise 95% paired bootstrap, no multiplicity adjustment or confirmatory decision."
resolution_g32,32,advection_diffusion,coefficient,test,96,fno,none,mechanistic,,0.000584816852401715,0.9744070420805571,-0.9738222252281553,-1.1903708060361575,-0.784565297526588,0.0006001771612333714,0.00041151488580814654,0.0008214693300277529,lower_candidate_error,"Post hoc; pointwise 95% paired bootstrap, no multiplicity adjustment or confirmatory decision."
resolution_g32,32,advection_diffusion,coefficient,test,96,fno,none,transformer,none,0.000584816852401715,0.0037501829016301507,-0.0031653660492284358,-0.005541044937562387,-0.0016502588356507241,0.15594355468569374,0.0835252918702117,0.29158478747210886,lower_candidate_error,"Post hoc; pointwise 95% paired bootstrap, no multiplicity adjustment or confirmatory decision."
resolution_g32,32,advection_diffusion,coefficient,ood,64,fno,smooth,mechanistic,,0.022384278611332534,0.5866012694523803,-0.5642169908410478,-0.6765721126100915,-0.45858912414345343,0.03815927407083401,0.02903349476595894,0.04830789155367009,lower_candidate_error,"Post hoc; pointwise 95% paired bootstrap, no multiplicity adjustment or confirmatory decision."
resolution_g32,32,advection_diffusion,coefficient,ood,64,fno,smooth,transformer,smooth,0.022384278611332534,1.2629040138514966,-1.240519735240164,-1.7678242603297218,-0.7265120250774288,0.017724449653989834,0.013698854967685116,0.02507306873305891,lower_candidate_error,"Post hoc; pointwise 95% paired bootstrap, no multiplicity adjustment or confirmatory decision."
resolution_g32,32,advection_diffusion,coefficient,ood,64,fno,smooth,fno,none,0.022384278611332534,0.0472097204157485,-0.024825441804415968,-0.04761451377344474,0.002213073352534401,0.47414554490488897,0.31476506216705474,1.0884269388807026,interval_includes_zero,"Post hoc; pointwise 95% paired bootstrap, no multiplicity adjustment or confirmatory decision."
resolution_g32,32,advection_diffusion,coefficient,ood,96,fno,smooth,mechanistic,,0.032917145918670725,0.6803637666768765,-0.6474466207582058,-0.7766809140590505,-0.5255389734381728,0.04838168569653414,0.03655193438463806,0.06144549733249773,lower_candidate_error,"Post hoc; pointwise 95% paired bootstrap, no multiplicity adjustment or confirmatory decision."
resolution_g32,32,advection_diffusion,coefficient,ood,96,fno,smooth,transformer,smooth,0.032917145918670725,1.5501382932240042,-1.5172211473053334,-2.3148153767380406,-0.7408453702770917,0.021234973719802173,0.015699680669884936,0.03551748834442258,lower_candidate_error,"Post hoc; pointwise 95% paired bootstrap, no multiplicity adjustment or confirmatory decision."
resolution_g32,32,advection_diffusion,coefficient,ood,96,fno,smooth,fno,none,0.032917145918670725,0.0688325252468388,-0.03591537932816808,-0.06993656366341959,0.0023236425237877973,0.4782208091396803,0.31803905423538203,1.0617100093778444,interval_includes_zero,"Post hoc; pointwise 95% paired bootstrap, no multiplicity adjustment or confirmatory decision."
resolution_g32,32,advection_diffusion,coefficient,test,64,fno,smooth,mechanistic,,0.002153847829671679,0.6843453090496823,-0.6821914612200106,-0.8262546337429029,-0.5507526760002792,0.003147311454012339,0.002097097049042969,0.004243177910715154,lower_candidate_error,"Post hoc; pointwise 95% paired bootstrap, no multiplicity adjustment or confirmatory decision."
resolution_g32,32,advection_diffusion,coefficient,test,64,fno,smooth,transformer,smooth,0.002153847829671679,0.006143301842324478,-0.003989454012652799,-0.005670871012216921,-0.0024546965291519724,0.3506010098401277,0.22615092928252944,0.48636602364943077,lower_candidate_error,"Post hoc; pointwise 95% paired bootstrap, no multiplicity adjustment or confirmatory decision."
resolution_g32,32,advection_diffusion,coefficient,test,64,fno,smooth,fno,none,0.002153847829671679,0.00037867448995821404,0.001775173339713465,0.0009869624550853712,0.002700196594314374,5.687860911648291,3.1315722066925678,9.462729016782005,higher_candidate_error,"Post hoc; pointwise 95% paired bootstrap, no multiplicity adjustment or confirmatory decision."
resolution_g32,32,advection_diffusion,coefficient,test,96,fno,smooth,mechanistic,,0.0032801367826448087,0.9744070420805571,-0.9711269052979122,-1.1869686528479966,-0.7827584432967996,0.0033662901036111666,0.002030092856499089,0.0047431543509092325,lower_candidate_error,"Post hoc; pointwise 95% paired bootstrap, no multiplicity adjustment or confirmatory decision."
resolution_g32,32,advection_diffusion,coefficient,test,96,fno,smooth,transformer,smooth,0.0032801367826448087,0.009145597414725426,-0.005865460632080617,-0.008948846666248289,-0.003400712737192852,0.3586574647779078,0.20117217316125516,0.5270846400553542,lower_candidate_error,"Post hoc; pointwise 95% paired bootstrap, no multiplicity adjustment or confirmatory decision."
resolution_g32,32,advection_diffusion,coefficient,test,96,fno,smooth,fno,none,0.0032801367826448087,0.000584816852401715,0.0026953199302430938,0.0012876075021987382,0.004367814890907116,5.608827394720251,2.8154388638094865,9.66173365650476,higher_candidate_error,"Post hoc; pointwise 95% paired bootstrap, no multiplicity adjustment or confirmatory decision."
resolution_g32,32,advection_diffusion,coefficient,ood,64,looped,none,mechanistic,,1.4555550249024876,0.5866012694523803,0.8689537554501072,0.505518906574293,1.231701832232346,2.4813363023597206,1.8235364687491564,3.2749162100878406,higher_candidate_error,"Post hoc; pointwise 95% paired bootstrap, no multiplicity adjustment or confirmatory decision."
resolution_g32,32,advection_diffusion,coefficient,ood,64,looped,none,transformer,none,1.4555550249024876,0.9685136822522722,0.48704134265021537,0.18771203008704393,0.8306367982155786,1.5028750254901964,1.1585353440188872,1.9587021824983972,higher_candidate_error,"Post hoc; pointwise 95% paired bootstrap, no multiplicity adjustment or confirmatory decision."
resolution_g32,32,advection_diffusion,coefficient,ood,96,looped,none,mechanistic,,3.0889924844502397,0.6803637666768765,2.408628717773363,0.8862918454844847,4.1497168242667986,4.540207218173756,2.273699233427453,7.3286701482615335,higher_candidate_error,"Post hoc; pointwise 95% paired bootstrap, no multiplicity adjustment or confirmatory decision."
resolution_g32,32,advection_diffusion,coefficient,ood,96,looped,none,transformer,none,3.0889924844502397,1.082674230207748,2.0063182542424918,0.5853218673803819,3.843431008414672,2.853113520451587,1.5326788959352227,5.122786310814738,higher_candidate_error,"Post hoc; pointwise 95% paired bootstrap, no multiplicity adjustment or confirmatory decision."
resolution_g32,32,advection_diffusion,coefficient,test,64,looped,none,mechanistic,,0.0032494113731092455,0.6843453090496823,-0.6810958976765731,-0.8254390242485917,-0.5493746129374826,0.0047482043496747985,0.003569662074890646,0.006294831808143729,lower_candidate_error,"Post hoc; pointwise 95% paired bootstrap, no multiplicity adjustment or confirmatory decision."
resolution_g32,32,advection_diffusion,coefficient,test,64,looped,none,transformer,none,0.0032494113731092455,0.002605952517162252,0.0006434588559469934,-0.0011376168621078542,0.0020561285813892093,1.2469188719707323,0.6884576199474821,2.0472330123868576,interval_includes_zero,"Post hoc; pointwise 95% paired bootstrap, no multiplicity adjustment or confirmatory decision."
resolution_g32,32,advection_diffusion,coefficient,test,96,looped,none,mechanistic,,0.0049833269325556175,0.9744070420805571,-0.9694237151480014,-1.1857811982957456,-0.7805073596752515,0.005114214817162242,0.0031840582331858743,0.00818142355462964,lower_candidate_error,"Post hoc; pointwise 95% paired bootstrap, no multiplicity adjustment or confirmatory decision."
resolution_g32,32,advection_diffusion,coefficient,test,96,looped,none,transformer,none,0.0049833269325556175,0.0037501829016301507,0.0012331440309254669,-0.002489089357928271,0.004946769920846479,1.3288223703407738,0.572868027870044,2.8785714291908877,interval_includes_zero,"Post hoc; pointwise 95% paired bootstrap, no multiplicity adjustment or confirmatory decision."
resolution_g32,32,advection_diffusion,coefficient,ood,64,looped,smooth,mechanistic,,1.5289560204555102,0.5866012694523803,0.9423547510031298,0.3975978218421881,1.6050099686098316,2.6064655841656497,1.6633368114252485,3.881679401656739,higher_candidate_error,"Post hoc; pointwise 95% paired bootstrap, no multiplicity adjustment or confirmatory decision."
resolution_g32,32,advection_diffusion,coefficient,ood,64,looped,smooth,transformer,smooth,1.5289560204555102,1.2629040138514966,0.2660520066040135,-0.7764383199713137,1.3534416465523844,1.2106668469542914,0.562649305546697,2.8228365485064715,interval_includes_zero,"Post hoc; pointwise 95% paired bootstrap, no multiplicity adjustment or confirmatory decision."
resolution_g32,32,advection_diffusion,coefficient,ood,64,looped,smooth,looped,none,1.5289560204555102,1.4555550249024876,0.0734009955530226,-0.7804499568396495,1.0563424573976274,1.0504281832683997,0.5566653288720428,1.956467583064095,interval_includes_zero,"Post hoc; pointwise 95% paired bootstrap, no multiplicity adjustment or confirmatory decision."
resolution_g32,32,advection_diffusion,coefficient,ood,96,looped,smooth,mechanistic,,2.9280588044520166,0.6803637666768765,2.24769503777514,0.6547995678989056,4.391088306989174,4.30366657935597,1.9476839685300895,7.694197832538785,higher_candidate_error,"Post hoc; pointwise 95% paired bootstrap, no multiplicity adjustment or confirmatory decision."
resolution_g32,32,advection_diffusion,coefficient,ood,96,looped,smooth,transformer,smooth,2.9280588044520166,1.5501382932240042,1.3779205112280124,-0.9736047128250666,4.060923995215758,1.8889016659037496,0.5770084736037207,5.7560913974941545,interval_includes_zero,"Post hoc; pointwise 95% paired bootstrap, no multiplicity adjustment or confirmatory decision."
resolution_g32,32,advection_diffusion,coefficient,ood,96,looped,smooth,looped,none,2.9280588044520166,3.0889924844502397,-0.16093367999822306,-1.6907639737037174,1.5192671733362126,0.9479009156518343,0.45210943837551876,1.7976947607937783,interval_includes_zero,"Post hoc; pointwise 95% paired bootstrap, no multiplicity adjustment or confirmatory decision."
resolution_g32,32,advection_diffusion,coefficient,test,64,looped,smooth,mechanistic,,0.008122587822900151,0.6843453090496823,-0.6762227212267822,-0.8208061770035335,-0.5450537948717884,0.011869136407436769,0.008609166678017878,0.01596822345296342,lower_candidate_error,"Post hoc; pointwise 95% paired bootstrap, no multiplicity adjustment or confirmatory decision."
resolution_g32,32,advection_diffusion,coefficient,test,64,looped,smooth,transformer,smooth,0.008122587822900151,0.006143301842324478,0.0019792859805756735,0.0006540996406263919,0.003535560971092207,1.322186021682887,1.1058187451999784,1.5836296852015235,higher_candidate_error,"Post hoc; pointwise 95% paired bootstrap, no multiplicity adjustment or confirmatory decision."
resolution_g32,32,advection_diffusion,coefficient,test,64,looped,smooth,looped,none,0.008122587822900151,0.0032494113731092455,0.004873176449790906,0.003139084939414588,0.006638943995139774,2.499710529149757,2.0491914876362913,2.964683226866015,higher_candidate_error,"Post hoc; pointwise 95% paired bootstrap, no multiplicity adjustment or confirmatory decision."
resolution_g32,32,advection_diffusion,coefficient,test,96,looped,smooth,mechanistic,,0.013126383544381967,0.9744070420805571,-0.9612806585361751,-1.1756307287246188,-0.7725275808821012,0.013471150122596066,0.00902961933530756,0.02015768322750566,lower_candidate_error,"Post hoc; pointwise 95% paired bootstrap, no multiplicity adjustment or confirmatory decision."
resolution_g32,32,advection_diffusion,coefficient,test,96,looped,smooth,transformer,smooth,0.013126383544381967,0.009145597414725426,0.003980786129656541,0.0007495961859683686,0.008722992906847834,1.4352680256018084,1.0789451728804942,1.899881508516632,higher_candidate_error,"Post hoc; pointwise 95% paired bootstrap, no multiplicity adjustment or confirmatory decision."
resolution_g32,32,advection_diffusion,coefficient,test,96,looped,smooth,looped,none,0.013126383544381967,0.0049833269325556175,0.00814305661182635,0.004934946031320316,0.011699292267599744,2.634060281822673,2.187942789656319,3.3975311639499055,higher_candidate_error,"Post hoc; pointwise 95% paired bootstrap, no multiplicity adjustment or confirmatory decision."
resolution_g32,32,advection_diffusion,coefficient,ood,64,transformer,none,mechanistic,,0.9685136822522722,0.5866012694523803,0.38191241279989185,0.12543623501609816,0.6899013302534478,1.6510596425343997,1.2120770014550244,2.2359142578154354,higher_candidate_error,"Post hoc; pointwise 95% paired bootstrap, no multiplicity adjustment or confirmatory decision."
resolution_g32,32,advection_diffusion,coefficient,ood,96,transformer,none,mechanistic,,1.082674230207748,0.6803637666768765,0.4023104635308714,0.05759785468205036,0.798705662753251,1.5913167091420666,1.0822690193713356,2.251834878067801,higher_candidate_error,"Post hoc; pointwise 95% paired bootstrap, no multiplicity adjustment or confirmatory decision."
resolution_g32,32,advection_diffusion,coefficient,test,64,transformer,none,mechanistic,,0.002605952517162252,0.6843453090496823,-0.68173935653252,-0.8258260647717511,-0.5510486633159524,0.003807949704193946,0.0027581929519673544,0.00550295400669773,lower_candidate_error,"Post hoc; pointwise 95% paired bootstrap, no multiplicity adjustment or confirmatory decision."
resolution_g32,32,advection_diffusion,coefficient,test,96,transformer,none,mechanistic,,0.0037501829016301507,0.9744070420805571,-0.9706568591789269,-1.1864001351818838,-0.7818508493165366,0.0038486820596275125,0.0023674510079801925,0.006345842594291188,lower_candidate_error,"Post hoc; pointwise 95% paired bootstrap, no multiplicity adjustment or confirmatory decision."
resolution_g32,32,advection_diffusion,coefficient,ood,64,transformer,smooth,mechanistic,,1.2629040138514966,0.5866012694523803,0.6763027443991163,0.16654571408954197,1.1952780137523675,2.1529172874625324,1.2830287928456927,3.144972619609295,higher_candidate_error,"Post hoc; pointwise 95% paired bootstrap, no multiplicity adjustment or confirmatory decision."
resolution_g32,32,advection_diffusion,coefficient,ood,64,transformer,smooth,transformer,none,1.2629040138514966,0.9685136822522722,0.29439033159922445,0.02234383597701566,0.5722717721055687,1.303960942415002,1.029923628850804,1.50986164600791,higher_candidate_error,"Post hoc; pointwise 95% paired bootstrap, no multiplicity adjustment or confirmatory decision."
resolution_g32,32,advection_diffusion,coefficient,ood,96,transformer,smooth,mechanistic,,1.5501382932240042,0.6803637666768765,0.8697745265471277,0.08561596606569215,1.6598159660494525,2.278396306721912,1.1219925297547368,3.560587064589797,higher_candidate_error,"Post hoc; pointwise 95% paired bootstrap, no multiplicity adjustment or confirmatory decision."
resolution_g32,32,advection_diffusion,coefficient,ood,96,transformer,smooth,transformer,none,1.5501382932240042,1.082674230207748,0.4674640630162563,0.020836728743818315,0.9248370651918426,1.4317679778215073,1.0273622146104175,1.726929983030777,higher_candidate_error,"Post hoc; pointwise 95% paired bootstrap, no multiplicity adjustment or confirmatory decision."
resolution_g32,32,advection_diffusion,coefficient,test,64,transformer,smooth,mechanistic,,0.006143301842324478,0.6843453090496823,-0.6782020072073578,-0.8220546740693757,-0.5465440545578528,0.008976903561822304,0.0067367499674321684,0.01136067170179748,lower_candidate_error,"Post hoc; pointwise 95% paired bootstrap, no multiplicity adjustment or confirmatory decision."
resolution_g32,32,advection_diffusion,coefficient,test,64,transformer,smooth,transformer,none,0.006143301842324478,0.002605952517162252,0.0035373493251622257,0.0009774872738946047,0.005556284917177524,2.357411273561583,1.2646055305640334,3.718592911726722,higher_candidate_error,"Post hoc; pointwise 95% paired bootstrap, no multiplicity adjustment or confirmatory decision."
resolution_g32,32,advection_diffusion,coefficient,test,96,transformer,smooth,mechanistic,,0.009145597414725426,0.9744070420805571,-0.9652614446658316,-1.18003962821996,-0.7775923196483409,0.009385808004012078,0.006891161794501381,0.011993371890024316,lower_candidate_error,"Post hoc; pointwise 95% paired bootstrap, no multiplicity adjustment or confirmatory decision."
resolution_g32,32,advection_diffusion,coefficient,test,96,transformer,smooth,transformer,none,0.009145597414725426,0.0037501829016301507,0.005395414513095276,0.0007736382509869089,0.009004860315936652,2.4387070323290008,1.1262933216102005,4.478356380874507,higher_candidate_error,"Post hoc; pointwise 95% paired bootstrap, no multiplicity adjustment or confirmatory decision."
resolution_g32,32,advection_diffusion,correct,ood,64,fno,none,mechanistic,,0.04502795692480166,1.6459573823300017e-12,0.045027956923155706,0.02031462624339549,0.06800270202101787,27356696721.430607,12950416124.69857,42707475802.90464,higher_candidate_error,"Post hoc; pointwise 95% paired bootstrap, no multiplicity adjustment or confirmatory decision."
resolution_g32,32,advection_diffusion,correct,ood,64,fno,none,transformer,none,0.04502795692480166,0.9685125100801031,-0.9234845531553014,-1.2572208969622984,-0.6383785101998734,0.046491869187190484,0.016143327603692113,0.08008642644691806,lower_candidate_error,"Post hoc; pointwise 95% paired bootstrap, no multiplicity adjustment or confirmatory decision."
resolution_g32,32,advection_diffusion,correct,ood,96,fno,none,mechanistic,,0.06480587047994384,2.482847745287367e-12,0.06480587047746099,0.02904309672361833,0.09798458376034173,26101427525.288364,12011470975.259726,41011599582.976746,higher_candidate_error,"Post hoc; pointwise 95% paired bootstrap, no multiplicity adjustment or confirmatory decision."
resolution_g32,32,advection_diffusion,correct,ood,96,fno,none,transformer,none,0.06480587047994384,1.0826724723681878,-1.0178666018882438,-1.4408554341635367,-0.6513875677030938,0.05985731801067267,0.01966130482443255,0.1078837510149301,lower_candidate_error,"Post hoc; pointwise 95% paired bootstrap, no multiplicity adjustment or confirmatory decision."
resolution_g32,32,advection_diffusion,correct,test,64,fno,none,mechanistic,,0.00036281444604947225,3.5812997761011587e-12,0.0003628144424681725,0.00025742564174799793,0.0005223473738944752,101308035.83397762,65844227.8922766,158454259.28417185,higher_candidate_error,"Post hoc; pointwise 95% paired bootstrap, no multiplicity adjustment or confirmatory decision."
resolution_g32,32,advection_diffusion,correct,test,64,fno,none,transformer,none,0.00036281444604947225,0.0026059228300537862,-0.002243108384004314,-0.0034436053049432588,-0.0014514467837362548,0.13922685732101428,0.07996555280878374,0.23611671777493973,lower_candidate_error,"Post hoc; pointwise 95% paired bootstrap, no multiplicity adjustment or confirmatory decision."
resolution_g32,32,advection_diffusion,correct,test,96,fno,none,mechanistic,,0.0005572246339685355,6.037265423259061e-12,0.0005572246279312701,0.00039194262559933004,0.0007920101858899373,92297521.29528409,60893709.90944427,141375977.14914113,higher_candidate_error,"Post hoc; pointwise 95% paired bootstrap, no multiplicity adjustment or confirmatory decision."
resolution_g32,32,advection_diffusion,correct,test,96,fno,none,transformer,none,0.0005572246339685355,0.0037501377959997155,-0.00319291316203118,-0.005589297028770944,-0.0016119156603493386,0.14858777577798044,0.07811153493168502,0.29647691629227224,lower_candidate_error,"Post hoc; pointwise 95% paired bootstrap, no multiplicity adjustment or confirmatory decision."
resolution_g32,32,advection_diffusion,correct,ood,64,fno,smooth,mechanistic,,0.029545257951837822,1.6459573823300017e-12,0.029545257950191865,0.014091195219065702,0.04282571535378579,17950196201.321953,8778562849.096645,26994985746.847572,higher_candidate_error,"Post hoc; pointwise 95% paired bootstrap, no multiplicity adjustment or confirmatory decision."
resolution_g32,32,advection_diffusion,correct,ood,64,fno,smooth,transformer,smooth,0.029545257951837822,1.2852202067357865,-1.2556749487839487,-1.7993050372334396,-0.7641195331397175,0.02298847917033387,0.007955316438409799,0.04385328775734109,lower_candidate_error,"Post hoc; pointwise 95% paired bootstrap, no multiplicity adjustment or confirmatory decision."
resolution_g32,32,advection_diffusion,correct,ood,64,fno,smooth,fno,none,0.029545257951837822,0.04502795692480166,-0.015482698972963838,-0.029730349013369045,-0.004471361766698877,0.6561536425287846,0.5082621322389552,0.796585274897245,lower_candidate_error,"Post hoc; pointwise 95% paired bootstrap, no multiplicity adjustment or confirmatory decision."
resolution_g32,32,advection_diffusion,correct,ood,96,fno,smooth,mechanistic,,0.04454024340969287,2.482847745287367e-12,0.04454024340721002,0.020536721592883996,0.06533111627158583,17939176292.31741,8560793201.942967,27404829779.720997,higher_candidate_error,"Post hoc; pointwise 95% paired bootstrap, no multiplicity adjustment or confirmatory decision."
resolution_g32,32,advection_diffusion,correct,ood,96,fno,smooth,transformer,smooth,0.04454024340969287,1.5776857353155926,-1.5331454919058998,-2.3184140297966787,-0.7790908078837732,0.028231378666032786,0.009180723570589244,0.06113580771403071,lower_candidate_error,"Post hoc; pointwise 95% paired bootstrap, no multiplicity adjustment or confirmatory decision."
resolution_g32,32,advection_diffusion,correct,ood,96,fno,smooth,fno,none,0.04454024340969287,0.06480587047994384,-0.020265627070250966,-0.03953685257873584,-0.005265944549964343,0.6872871713601504,0.5383056954684533,0.8383015950359769,lower_candidate_error,"Post hoc; pointwise 95% paired bootstrap, no multiplicity adjustment or confirmatory decision."
resolution_g32,32,advection_diffusion,correct,test,64,fno,smooth,mechanistic,,0.00012568020643222155,3.5812997761011587e-12,0.00012568020285092177,9.589620878476844e-05,0.00016112364847588713,35093461.673025705,25678326.966882225,48649471.37118672,higher_candidate_error,"Post hoc; pointwise 95% paired bootstrap, no multiplicity adjustment or confirmatory decision."
resolution_g32,32,advection_diffusion,correct,test,64,fno,smooth,transformer,smooth,0.00012568020643222155,0.002491102584230548,-0.0023654223777983263,-0.0031151799969085935,-0.0016903484258441667,0.05045163825360555,0.03294291694664825,0.07790595314457031,lower_candidate_error,"Post hoc; pointwise 95% paired bootstrap, no multiplicity adjustment or confirmatory decision."
resolution_g32,32,advection_diffusion,correct,test,64,fno,smooth,fno,none,0.00012568020643222155,0.00036281444604947225,-0.0002371342396172507,-0.0003757223929577629,-0.00014620073987505714,0.34640353437052557,0.2701442902904146,0.4562209772433371,lower_candidate_error,"Post hoc; pointwise 95% paired bootstrap, no multiplicity adjustment or confirmatory decision."
resolution_g32,32,advection_diffusion,correct,test,96,fno,smooth,mechanistic,,0.0001861112196722507,6.037265423259061e-12,0.00018611121363498528,0.00013233040972382873,0.0002515156996991408,30827072.627160292,22000861.018330697,43123117.81979133,higher_candidate_error,"Post hoc; pointwise 95% paired bootstrap, no multiplicity adjustment or confirmatory decision."
resolution_g32,32,advection_diffusion,correct,test,96,fno,smooth,transformer,smooth,0.0001861112196722507,0.003884312822248973,-0.0036982016025767224,-0.005705181257384319,-0.002140659786568178,0.04791355078463902,0.025844138494829,0.09113652106262575,lower_candidate_error,"Post hoc; pointwise 95% paired bootstrap, no multiplicity adjustment or confirmatory decision."
resolution_g32,32,advection_diffusion,correct,test,96,fno,smooth,fno,none,0.0001861112196722507,0.0005572246339685355,-0.0003711134142962848,-0.0005685654585387834,-0.00022838893386114024,0.333996755216604,0.2588825255821655,0.4476758357391106,lower_candidate_error,"Post hoc; pointwise 95% paired bootstrap, no multiplicity adjustment or confirmatory decision."
resolution_g32,32,advection_diffusion,correct,ood,64,looped,none,mechanistic,,1.455551058443092,1.6459573823300017e-12,1.455551058441446,1.0877790366765558,1.822385292449698,884318800759.3657,629672634903.3171,1227813684131.8374,higher_candidate_error,"Post hoc; pointwise 95% paired bootstrap, no multiplicity adjustment or confirmatory decision."
resolution_g32,32,advection_diffusion,correct,ood,64,looped,none,transformer,none,1.455551058443092,0.9685125100801031,0.4870385483629889,0.18771097189601987,0.8306316433440781,1.5028727489774059,1.158533593000872,1.9586994566678613,higher_candidate_error,"Post hoc; pointwise 95% paired bootstrap, no multiplicity adjustment or confirmatory decision."
resolution_g32,32,advection_diffusion,correct,ood,96,looped,none,mechanistic,,3.0889823667417318,2.482847745287367e-12,3.088982366739249,1.5907144399259683,4.834256451695952,1244128792272.8464,620363826402.8455,2092171648683.1484,higher_candidate_error,"Post hoc; pointwise 95% paired bootstrap, no multiplicity adjustment or confirmatory decision."
resolution_g32,32,advection_diffusion,correct,ood,96,looped,none,transformer,none,3.0889823667417318,1.0826724723681878,2.006309894373544,0.5853217569253305,3.843434412409166,2.853108807675727,1.5326850327257955,5.122764404951148,higher_candidate_error,"Post hoc; pointwise 95% paired bootstrap, no multiplicity adjustment or confirmatory decision."
resolution_g32,32,advection_diffusion,correct,test,64,looped,none,mechanistic,,0.0032494224834761776,3.5812997761011587e-12,0.003249422479894878,0.0024252572099703364,0.004205772150815402,907330490.7788856,629764192.6108708,1335885361.4020765,higher_candidate_error,"Post hoc; pointwise 95% paired bootstrap, no multiplicity adjustment or confirmatory decision."
resolution_g32,32,advection_diffusion,correct,test,64,looped,none,transformer,none,0.0032494224834761776,0.0026059228300537862,0.0006434996534223913,-0.0011375917184523118,0.0020561622719302832,1.2469373405846824,0.6884746389617913,2.047241210341954,interval_includes_zero,"Post hoc; pointwise 95% paired bootstrap, no multiplicity adjustment or confirmatory decision."
resolution_g32,32,advection_diffusion,correct,test,96,looped,none,mechanistic,,0.0049834241789443925,6.037265423259061e-12,0.004983424172907127,0.003050324756004646,0.00792365054837955,825443943.5021925,483127477.94292414,1421696012.1009045,higher_candidate_error,"Post hoc; pointwise 95% paired bootstrap, no multiplicity adjustment or confirmatory decision."
resolution_g32,32,advection_diffusion,correct,test,96,looped,none,transformer,none,0.0049834241789443925,0.0037501377959997155,0.001233286382944677,-0.0024889156974110507,0.004947012855523666,1.3288642844698206,0.5728647827634522,2.878692032053259,interval_includes_zero,"Post hoc; pointwise 95% paired bootstrap, no multiplicity adjustment or confirmatory decision."
resolution_g32,32,advection_diffusion,correct,ood,64,looped,smooth,mechanistic,,1.4329120938712165,1.6459573823300017e-12,1.4329120938695705,1.1238049213332273,1.8172825294352029,870564517194.7281,644880837709.474,1217298544679.396,higher_candidate_error,"Post hoc; pointwise 95% paired bootstrap, no multiplicity adjustment or confirmatory decision."
resolution_g32,32,advection_diffusion,correct,ood,64,looped,smooth,transformer,smooth,1.4329120938712165,1.2852202067357865,0.14769188713543002,-0.6333802203785688,0.8995594656783402,1.1149156279689527,0.6422151894695739,2.1151936569882563,interval_includes_zero,"Post hoc; pointwise 95% paired bootstrap, no multiplicity adjustment or confirmatory decision."
resolution_g32,32,advection_diffusion,correct,ood,64,looped,smooth,looped,none,1.4329120938712165,1.455551058443092,-0.02263896457187542,-0.6120955265088416,0.5626123797310695,0.9844464648350496,0.6548479743535313,1.5036328192825756,interval_includes_zero,"Post hoc; pointwise 95% paired bootstrap, no multiplicity adjustment or confirmatory decision."
resolution_g32,32,advection_diffusion,correct,ood,96,looped,smooth,mechanistic,,3.1508847803732705,2.482847745287367e-12,3.1508847803707876,1.5079638713070145,6.269274253922363,1269060813879.5012,551817433878.0178,2627879370833.605,higher_candidate_error,"Post hoc; pointwise 95% paired bootstrap, no multiplicity adjustment or confirmatory decision."
resolution_g32,32,advection_diffusion,correct,ood,96,looped,smooth,transformer,smooth,3.1508847803732705,1.5776857353155926,1.5731990450576778,-0.7484744413192572,5.159495449223733,1.9971561571753595,0.6758104889202117,5.83753127502935,interval_includes_zero,"Post hoc; pointwise 95% paired bootstrap, no multiplicity adjustment or confirmatory decision."
resolution_g32,32,advection_diffusion,correct,ood,96,looped,smooth,looped,none,3.1508847803732705,3.0889823667417318,0.0619024136315387,-1.3781268004070637,1.9339634478329593,1.020039743281809,0.5394315364791714,1.567644884711932,interval_includes_zero,"Post hoc; pointwise 95% paired bootstrap, no multiplicity adjustment or confirmatory decision."
resolution_g32,32,advection_diffusion,correct,test,64,looped,smooth,mechanistic,,0.0039017446703237257,3.5812997761011587e-12,0.003901744666742426,0.0030820862530976517,0.004802944611156904,1089477260.8428285,779968962.8462231,1567500672.5895443,higher_candidate_error,"Post hoc; pointwise 95% paired bootstrap, no multiplicity adjustment or confirmatory decision."
resolution_g32,32,advection_diffusion,correct,test,64,looped,smooth,transformer,smooth,0.0039017446703237257,0.002491102584230548,0.0014106420860931779,0.0005025936302368417,0.002523066953575685,1.5662721780399491,1.1717189665955319,2.276596383895674,higher_candidate_error,"Post hoc; pointwise 95% paired bootstrap, no multiplicity adjustment or confirmatory decision."
resolution_g32,32,advection_diffusion,correct,test,64,looped,smooth,looped,none,0.0039017446703237257,0.0032494224834761776,0.0006523221868475482,-0.00012631365413193484,0.001513980101786945,1.200750191815533,0.9676787747298491,1.5486087613402935,interval_includes_zero,"Post hoc; pointwise 95% paired bootstrap, no multiplicity adjustment or confirmatory decision."
resolution_g32,32,advection_diffusion,correct,test,96,looped,smooth,mechanistic,,0.006329740867943431,6.037265423259061e-12,0.006329740861906166,0.00434005085983032,0.00924328699088009,1048445020.0843555,657910243.2413385,1691379395.8218386,higher_candidate_error,"Post hoc; pointwise 95% paired bootstrap, no multiplicity adjustment or confirmatory decision."
resolution_g32,32,advection_diffusion,correct,test,96,looped,smooth,transformer,smooth,0.006329740867943431,0.003884312822248973,0.002445428045694458,0.0010188299208706978,0.00423564563945837,1.6295651657320904,1.2254204577880736,2.205652999829335,higher_candidate_error,"Post hoc; pointwise 95% paired bootstrap, no multiplicity adjustment or confirmatory decision."
resolution_g32,32,advection_diffusion,correct,test,96,looped,smooth,looped,none,0.006329740867943431,0.0049834241789443925,0.0013463166889990386,1.1574156455908421e-05,0.0026569193479875548,1.270158959112371,1.0019059827432066,1.692692364134241,higher_candidate_error,"Post hoc; pointwise 95% paired bootstrap, no multiplicity adjustment or confirmatory decision."
resolution_g32,32,advection_diffusion,correct,ood,64,transformer,none,mechanistic,,0.9685125100801031,1.6459573823300017e-12,0.9685125100784572,0.6867073459218245,1.2867166957368183,588418947220.3016,416881222248.5674,826643008289.9084,higher_candidate_error,"Post hoc; pointwise 95% paired bootstrap, no multiplicity adjustment or confirmatory decision."
resolution_g32,32,advection_diffusion,correct,ood,96,transformer,none,mechanistic,,1.0826724723681878,2.482847745287367e-12,1.0826724723657049,0.7214792020621081,1.479918996022779,436060759030.90796,289060698974.815,637821775911.9385,higher_candidate_error,"Post hoc; pointwise 95% paired bootstrap, no multiplicity adjustment or confirmatory decision."
resolution_g32,32,advection_diffusion,correct,test,64,transformer,none,mechanistic,,0.0026059228300537862,3.5812997761011587e-12,0.0026059228264724865,0.001806218481044999,0.0037953304505545975,727647221.1133264,477697061.0395715,1154377132.0555472,higher_candidate_error,"Post hoc; pointwise 95% paired bootstrap, no multiplicity adjustment or confirmatory decision."
resolution_g32,32,advection_diffusion,correct,test,96,transformer,none,mechanistic,,0.0037501377959997155,6.037265423259061e-12,0.0037501377899624502,0.0022105645033831806,0.00610753592541353,621164970.0793345,352711741.5665208,1092641848.7869875,higher_candidate_error,"Post hoc; pointwise 95% paired bootstrap, no multiplicity adjustment or confirmatory decision."
resolution_g32,32,advection_diffusion,correct,ood,64,transformer,smooth,mechanistic,,1.2852202067357865,1.6459573823300017e-12,1.2852202067341405,0.7966906138192935,1.82035567674047,780834437472.7618,480603459536.84186,1182203040786.133,higher_candidate_error,"Post hoc; pointwise 95% paired bootstrap, no multiplicity adjustment or confirmatory decision."
resolution_g32,32,advection_diffusion,correct,ood,64,transformer,smooth,transformer,none,1.2852202067357865,0.9685125100801031,0.31670769665568343,0.07952303811212716,0.5587764789599674,1.3270042393458494,1.1074794871149192,1.4744485459261256,higher_candidate_error,"Post hoc; pointwise 95% paired bootstrap, no multiplicity adjustment or confirmatory decision."
resolution_g32,32,advection_diffusion,correct,ood,96,transformer,smooth,mechanistic,,1.5776857353155926,2.482847745287367e-12,1.5776857353131097,0.8304052223951662,2.3534078632976234,635433944070.9402,333122356328.5635,1026339598761.7916,higher_candidate_error,"Post hoc; pointwise 95% paired bootstrap, no multiplicity adjustment or confirmatory decision."
resolution_g32,32,advection_diffusion,correct,ood,96,transformer,smooth,transformer,none,1.5776857353155926,1.0826724723681878,0.4950132629474049,0.0855495626062066,0.9116762712949023,1.4572142319871084,1.1123853244152198,1.6575160225511052,higher_candidate_error,"Post hoc; pointwise 95% paired bootstrap, no multiplicity adjustment or confirmatory decision."
resolution_g32,32,advection_diffusion,correct,test,64,transformer,smooth,mechanistic,,0.002491102584230548,3.5812997761011587e-12,0.002491102580649248,0.001826845002876609,0.003227992338999484,695586167.0263549,483958143.22574836,1030009552.1073877,higher_candidate_error,"Post hoc; pointwise 95% paired bootstrap, no multiplicity adjustment or confirmatory decision."
resolution_g32,32,advection_diffusion,correct,test,64,transformer,smooth,transformer,none,0.002491102584230548,0.0026059228300537862,-0.00011482024582323835,-0.0011566465176943452,0.0009193913116741912,0.9559387390528106,0.6697556458252719,1.4590933838454374,interval_includes_zero,"Post hoc; pointwise 95% paired bootstrap, no multiplicity adjustment or confirmatory decision."
resolution_g32,32,advection_diffusion,correct,test,96,transformer,smooth,mechanistic,,0.003884312822248973,6.037265423259061e-12,0.0038843128162117076,0.002333434369495634,0.005859319386202761,643389440.4053098,387846996.8590896,1086949382.907775,higher_candidate_error,"Post hoc; pointwise 95% paired bootstrap, no multiplicity adjustment or confirmatory decision."
resolution_g32,32,advection_diffusion,correct,test,96,transformer,smooth,transformer,none,0.003884312822248973,0.0037501377959997155,0.00013417502624925737,-0.002686386916890348,0.002855134230994781,1.0357786922902892,0.5421380819110222,2.07847578755583,interval_includes_zero,"Post hoc; pointwise 95% paired bootstrap, no multiplicity adjustment or confirmatory decision."
resolution_g32,32,allen_cahn,coefficient,ood,64,fno,none,mechanistic,,0.034667510701652096,0.005149294107226865,0.02951821659442523,0.015148674754664557,0.05311629065857179,6.732478273671994,3.333789564556378,12.862436494898567,higher_candidate_error,"Post hoc; pointwise 95% paired bootstrap, no multiplicity adjustment or confirmatory decision."
resolution_g32,32,allen_cahn,coefficient,ood,64,fno,none,transformer,none,0.034667510701652096,0.15365147236472687,-0.11898396166307477,-0.14699554556621838,-0.08397235922442588,0.22562433127461895,0.14731601763825072,0.31006266787973447,lower_candidate_error,"Post hoc; pointwise 95% paired bootstrap, no multiplicity adjustment or confirmatory decision."
resolution_g32,32,allen_cahn,coefficient,ood,96,fno,none,mechanistic,,0.08329166677764482,0.0051109949497363995,0.07818067182790843,0.041650908890363166,0.13967886863742324,16.296566049618306,8.197190925849439,29.69941671790301,higher_candidate_error,"Post hoc; pointwise 95% paired bootstrap, no multiplicity adjustment or confirmatory decision."
resolution_g32,32,allen_cahn,coefficient,ood,96,fno,none,transformer,none,0.08329166677764482,0.2846344386222093,-0.20134277184456445,-0.2699458923715849,-0.13927867929036783,0.2926268064427598,0.20353370131678344,0.37011625797729697,lower_candidate_error,"Post hoc; pointwise 95% paired bootstrap, no multiplicity adjustment or confirmatory decision."
resolution_g32,32,allen_cahn,coefficient,test,64,fno,none,mechanistic,,0.013548787169610006,0.0063803123204326795,0.007168474849177327,0.0020100720442304504,0.012111730484044346,2.1235303993223953,1.1959044736842046,3.8022977359608063,higher_candidate_error,"Post hoc; pointwise 95% paired bootstrap, no multiplicity adjustment or confirmatory decision."
resolution_g32,32,allen_cahn,coefficient,test,64,fno,none,transformer,none,0.013548787169610006,0.002489714405090049,0.011059072764519957,0.006486522810416157,0.015260287302397363,5.441904156521105,3.0037480869352455,9.201910903062226,higher_candidate_error,"Post hoc; pointwise 95% paired bootstrap, no multiplicity adjustment or confirmatory decision."
resolution_g32,32,allen_cahn,coefficient,test,96,fno,none,mechanistic,,0.03066063426956023,0.007134171414029093,0.023526462855531137,0.011981522842941466,0.03499876154669913,4.297714827718772,2.21195562886852,8.501682293885231,higher_candidate_error,"Post hoc; pointwise 95% paired bootstrap, no multiplicity adjustment or confirmatory decision."
resolution_g32,32,allen_cahn,coefficient,test,96,fno,none,transformer,none,0.03066063426956023,0.0034150459660376624,0.02724558830352257,0.015663143588410817,0.038268176758713635,8.97810295219379,4.741724829850314,15.07877933812396,higher_candidate_error,"Post hoc; pointwise 95% paired bootstrap, no multiplicity adjustment or confirmatory decision."
resolution_g32,32,allen_cahn,coefficient,ood,64,fno,smooth,mechanistic,,0.00702469250782671,0.005149294107226865,0.0018753984005998453,-0.0015736836406863408,0.005325835518741423,1.3642049495614914,0.7608930795084171,2.324148964405989,interval_includes_zero,"Post hoc; pointwise 95% paired bootstrap, no multiplicity adjustment or confirmatory decision."
resolution_g32,32,allen_cahn,coefficient,ood,64,fno,smooth,transformer,smooth,0.00702469250782671,0.44017319320999526,-0.43314850070216854,-0.6855460143697131,-0.2596406318296947,0.015958928476763033,0.01130814923458192,0.025049167267652255,lower_candidate_error,"Post hoc; pointwise 95% paired bootstrap, no multiplicity adjustment or confirmatory decision."
resolution_g32,32,allen_cahn,coefficient,ood,64,fno,smooth,fno,none,0.00702469250782671,0.034667510701652096,-0.027642818193825386,-0.05073186651119129,-0.012392425375099235,0.20263042732664233,0.10337720225221413,0.4225165033876435,lower_candidate_error,"Post hoc; pointwise 95% paired bootstrap, no multiplicity adjustment or confirmatory decision."
resolution_g32,32,allen_cahn,coefficient,ood,96,fno,smooth,mechanistic,,0.013516344306670766,0.0051109949497363995,0.008405349356934367,0.002849623739355188,0.014269183891078344,2.644562250519906,1.505804455377859,4.176288788987739,higher_candidate_error,"Post hoc; pointwise 95% paired bootstrap, no multiplicity adjustment or confirmatory decision."
resolution_g32,32,allen_cahn,coefficient,ood,96,fno,smooth,transformer,smooth,0.013516344306670766,0.6518555623853182,-0.6383392180786474,-1.0108341196626147,-0.3924168915850916,0.02073518289421472,0.014695212949774758,0.03164546317303474,lower_candidate_error,"Post hoc; pointwise 95% paired bootstrap, no multiplicity adjustment or confirmatory decision."
resolution_g32,32,allen_cahn,coefficient,ood,96,fno,smooth,fno,none,0.013516344306670766,0.08329166677764482,-0.06977532247097405,-0.13072902916087162,-0.030317847529267562,0.1622772700989879,0.07879042988311889,0.3694963037169278,lower_candidate_error,"Post hoc; pointwise 95% paired bootstrap, no multiplicity adjustment or confirmatory decision."
resolution_g32,32,allen_cahn,coefficient,test,64,fno,smooth,mechanistic,,0.000506445731643039,0.0063803123204326795,-0.0058738665887896405,-0.010301878985089939,-0.003445872239591087,0.07937632300869787,0.04398326619115133,0.14444548834985102,lower_candidate_error,"Post hoc; pointwise 95% paired bootstrap, no multiplicity adjustment or confirmatory decision."
resolution_g32,32,allen_cahn,coefficient,test,64,fno,smooth,transformer,smooth,0.000506445731643039,0.0015777918265072674,-0.0010713460948642284,-0.0023201813998673868,-0.00035351868896922405,0.3209838732427394,0.1742499871457337,0.6129867629245681,lower_candidate_error,"Post hoc; pointwise 95% paired bootstrap, no multiplicity adjustment or confirmatory decision."
resolution_g32,32,allen_cahn,coefficient,test,64,fno,smooth,fno,none,0.000506445731643039,0.013548787169610006,-0.013042341437966967,-0.017307754476501565,-0.00867944891099358,0.037379414504273796,0.0259134986540766,0.05512629788786762,lower_candidate_error,"Post hoc; pointwise 95% paired bootstrap, no multiplicity adjustment or confirmatory decision."
resolution_g32,32,allen_cahn,coefficient,test,96,fno,smooth,mechanistic,,0.000922577543310594,0.007134171414029093,-0.006211593870718499,-0.011554832404534893,-0.0033383969664634383,0.12931810714505376,0.07014264981480871,0.22612400107796682,lower_candidate_error,"Post hoc; pointwise 95% paired bootstrap, no multiplicity adjustment or confirmatory decision."
resolution_g32,32,allen_cahn,coefficient,test,96,fno,smooth,transformer,smooth,0.000922577543310594,0.0023478824045862164,-0.0014253048612756225,-0.00305007526271254,-0.00039859677464055394,0.3929402688603505,0.2284836111905088,0.7113955596545443,lower_candidate_error,"Post hoc; pointwise 95% paired bootstrap, no multiplicity adjustment or confirmatory decision."
resolution_g32,32,allen_cahn,coefficient,test,96,fno,smooth,fno,none,0.000922577543310594,0.03066063426956023,-0.029738056726249636,-0.040944156492251575,-0.01821700788952931,0.030089969281115812,0.01970340931983585,0.05129906223513713,lower_candidate_error,"Post hoc; pointwise 95% paired bootstrap, no multiplicity adjustment or confirmatory decision."
resolution_g32,32,allen_cahn,coefficient,ood,64,looped,none,mechanistic,,0.0841035658052608,0.005149294107226865,0.07895427169803393,0.04602975683715115,0.10644270193063501,16.33302818870342,9.144742940837645,26.725849200977667,higher_candidate_error,"Post hoc; pointwise 95% paired bootstrap, no multiplicity adjustment or confirmatory decision."
resolution_g32,32,allen_cahn,coefficient,ood,64,looped,none,transformer,none,0.0841035658052608,0.15365147236472687,-0.06954790655946608,-0.14417707247086173,-0.015457421270049688,0.5473658306743834,0.26482817075129766,0.8601094929840395,lower_candidate_error,"Post hoc; pointwise 95% paired bootstrap, no multiplicity adjustment or confirmatory decision."
resolution_g32,32,allen_cahn,coefficient,ood,96,looped,none,mechanistic,,0.1819048840098174,0.0051109949497363995,0.176793889060081,0.0970888143224977,0.24384116165381162,35.590894884214116,19.346383947935497,55.05526302170562,higher_candidate_error,"Post hoc; pointwise 95% paired bootstrap, no multiplicity adjustment or confirmatory decision."
resolution_g32,32,allen_cahn,coefficient,ood,96,looped,none,transformer,none,0.1819048840098174,0.2846344386222093,-0.10272955461239186,-0.305594107683957,0.02431738522939222,0.639082483800412,0.24919798180474675,1.118065498590803,interval_includes_zero,"Post hoc; pointwise 95% paired bootstrap, no multiplicity adjustment or confirmatory decision."
resolution_g32,32,allen_cahn,coefficient,test,64,looped,none,mechanistic,,0.005325955978468577,0.0063803123204326795,-0.0010543563419641022,-0.004214803809896695,0.0009735797821732443,0.8347484748375764,0.5591346755806119,1.2120277432878521,interval_includes_zero,"Post hoc; pointwise 95% paired bootstrap, no multiplicity adjustment or confirmatory decision."
resolution_g32,32,allen_cahn,coefficient,test,64,looped,none,transformer,none,0.005325955978468577,0.002489714405090049,0.0028362415733785284,0.0011923859780426699,0.005569046543014189,2.1391835013606495,1.3992262492742638,3.5934995983365075,higher_candidate_error,"Post hoc; pointwise 95% paired bootstrap, no multiplicity adjustment or confirmatory decision."
resolution_g32,32,allen_cahn,coefficient,test,96,looped,none,mechanistic,,0.006585548987941133,0.007134171414029093,-0.0005486224260879604,-0.0045448669397764275,0.0018219362444252105,0.9230993489995049,0.5905621355853887,1.3760072626060216,interval_includes_zero,"Post hoc; pointwise 95% paired bootstrap, no multiplicity adjustment or confirmatory decision."
resolution_g32,32,allen_cahn,coefficient,test,96,looped,none,transformer,none,0.006585548987941133,0.0034150459660376624,0.0031705030219034702,0.0011593391643909205,0.006697398865907499,1.9283924882516514,1.2831754914237534,3.3761915659703177,higher_candidate_error,"Post hoc; pointwise 95% paired bootstrap, no multiplicity adjustment or confirmatory decision."
resolution_g32,32,allen_cahn,coefficient,ood,64,looped,smooth,mechanistic,,0.21574230770903302,0.005149294107226865,0.21059301360180616,0.08621939206190288,0.419794159880087,41.89745297442727,15.528713622444476,91.17198455515945,higher_candidate_error,"Post hoc; pointwise 95% paired bootstrap, no multiplicity adjustment or confirmatory decision."
resolution_g32,32,allen_cahn,coefficient,ood,64,looped,smooth,transformer,smooth,0.21574230770903302,0.44017319320999526,-0.22443088550096224,-0.2927590116221279,-0.17299000490660774,0.49013050098693295,0.3319939520531468,0.6284057466715156,lower_candidate_error,"Post hoc; pointwise 95% paired bootstrap, no multiplicity adjustment or confirmatory decision."
resolution_g32,32,allen_cahn,coefficient,ood,64,looped,smooth,looped,none,0.21574230770903302,0.0841035658052608,0.13163874190377223,0.01165952524906387,0.33778226645917014,2.5651981059706515,1.114916719703054,5.148802784891072,higher_candidate_error,"Post hoc; pointwise 95% paired bootstrap, no multiplicity adjustment or confirmatory decision."
resolution_g32,32,allen_cahn,coefficient,ood,96,looped,smooth,mechanistic,,0.41416720617867797,0.0051109949497363995,0.4090562112289416,0.16581787921527216,0.8444149091975783,81.0345559429752,30.44740213303693,172.84168856953983,higher_candidate_error,"Post hoc; pointwise 95% paired bootstrap, no multiplicity adjustment or confirmatory decision."
resolution_g32,32,allen_cahn,coefficient,ood,96,looped,smooth,transformer,smooth,0.41416720617867797,0.6518555623853182,-0.2376883562066402,-0.31458934130111493,-0.14582600867189172,0.6353665291481546,0.39301841546921107,0.8403542542056935,lower_candidate_error,"Post hoc; pointwise 95% paired bootstrap, no multiplicity adjustment or confirmatory decision."
resolution_g32,32,allen_cahn,coefficient,ood,96,looped,smooth,looped,none,0.41416720617867797,0.1819048840098174,0.23226232216886056,-0.02701577433489695,0.668252473153733,2.2768338982933813,0.8882904579202429,5.1795073921915025,interval_includes_zero,"Post hoc; pointwise 95% paired bootstrap, no multiplicity adjustment or confirmatory decision."
resolution_g32,32,allen_cahn,coefficient,test,64,looped,smooth,mechanistic,,0.002102082766726493,0.0063803123204326795,-0.0042782295537061865,-0.008520698244485356,-0.001989264917140897,0.32946392921780054,0.1933622755081693,0.5423800510904787,lower_candidate_error,"Post hoc; pointwise 95% paired bootstrap, no multiplicity adjustment or confirmatory decision."
resolution_g32,32,allen_cahn,coefficient,test,64,looped,smooth,transformer,smooth,0.002102082766726493,0.0015777918265072674,0.0005242909402192256,-0.0004623688234685393,0.0010375103894567114,1.332294115998712,0.8222247768729561,1.9898134304224426,interval_includes_zero,"Post hoc; pointwise 95% paired bootstrap, no multiplicity adjustment or confirmatory decision."
resolution_g32,32,allen_cahn,coefficient,test,64,looped,smooth,looped,none,0.002102082766726493,0.005325955978468577,-0.0032238732117420843,-0.006124953559986441,-0.0015714585494145702,0.39468647041482396,0.24838126324939838,0.5441580761516693,lower_candidate_error,"Post hoc; pointwise 95% paired bootstrap, no multiplicity adjustment or confirmatory decision."
resolution_g32,32,allen_cahn,coefficient,test,96,looped,smooth,mechanistic,,0.0032683777897155415,0.007134171414029093,-0.0038657936243135516,-0.009128731877375278,-0.0009681544882613747,0.4581299775455904,0.2529687905586999,0.7927208333523816,lower_candidate_error,"Post hoc; pointwise 95% paired bootstrap, no multiplicity adjustment or confirmatory decision."
resolution_g32,32,allen_cahn,coefficient,test,96,looped,smooth,transformer,smooth,0.0032683777897155415,0.0023478824045862164,0.000920495385129325,-0.00047453193149006595,0.0016991097529634371,1.3920534449814366,0.8697936942548398,2.0708175403491555,interval_includes_zero,"Post hoc; pointwise 95% paired bootstrap, no multiplicity adjustment or confirmatory decision."
resolution_g32,32,allen_cahn,coefficient,test,96,looped,smooth,looped,none,0.0032683777897155415,0.006585548987941133,-0.003317171198225591,-0.007108791310759677,-0.0013188522554570317,0.49629541830154206,0.29535256606856775,0.7077520281620051,lower_candidate_error,"Post hoc; pointwise 95% paired bootstrap, no multiplicity adjustment or confirmatory decision."
resolution_g32,32,allen_cahn,coefficient,ood,64,transformer,none,mechanistic,,0.15365147236472687,0.005149294107226865,0.1485021782575,0.10342125276588743,0.19302996812806833,29.839327326260523,18.336487644827173,47.09825723757151,higher_candidate_error,"Post hoc; pointwise 95% paired bootstrap, no multiplicity adjustment or confirmatory decision."
resolution_g32,32,allen_cahn,coefficient,ood,96,transformer,none,mechanistic,,0.2846344386222093,0.0051109949497363995,0.2795234436724729,0.18532525401154593,0.40284310207496,55.690612380059065,34.470172422255764,86.49688806815402,higher_candidate_error,"Post hoc; pointwise 95% paired bootstrap, no multiplicity adjustment or confirmatory decision."
resolution_g32,32,allen_cahn,coefficient,test,64,transformer,none,mechanistic,,0.002489714405090049,0.0063803123204326795,-0.0038905979153426307,-0.008241353174035185,-0.0012606050513976226,0.39021826519633596,0.2087776781321116,0.7268716788861597,lower_candidate_error,"Post hoc; pointwise 95% paired bootstrap, no multiplicity adjustment or confirmatory decision."
resolution_g32,32,allen_cahn,coefficient,test,96,transformer,none,mechanistic,,0.0034150459660376624,0.007134171414029093,-0.0037191254479914306,-0.009179215903478824,-0.0004150142905828538,0.47868852146194535,0.240209402005526,0.9155132998993559,lower_candidate_error,"Post hoc; pointwise 95% paired bootstrap, no multiplicity adjustment or confirmatory decision."
resolution_g32,32,allen_cahn,coefficient,ood,64,transformer,smooth,mechanistic,,0.44017319320999526,0.005149294107226865,0.4350238991027684,0.2608867676469045,0.6899906113884519,85.48223970975491,43.267513834480965,152.00204844216228,higher_candidate_error,"Post hoc; pointwise 95% paired bootstrap, no multiplicity adjustment or confirmatory decision."
resolution_g32,32,allen_cahn,coefficient,ood,64,transformer,smooth,transformer,none,0.44017319320999526,0.15365147236472687,0.2865217208452684,0.0699218054718652,0.5877623779545377,2.864750896529931,1.3512909103208397,6.424472094725294,higher_candidate_error,"Post hoc; pointwise 95% paired bootstrap, no multiplicity adjustment or confirmatory decision."
resolution_g32,32,allen_cahn,coefficient,ood,96,transformer,smooth,mechanistic,,0.6518555623853182,0.0051109949497363995,0.6467445674355817,0.39938730947313683,1.0244688279873655,127.53985648507395,70.85493404024636,208.92044396418643,higher_candidate_error,"Post hoc; pointwise 95% paired bootstrap, no multiplicity adjustment or confirmatory decision."
resolution_g32,32,allen_cahn,coefficient,ood,96,transformer,smooth,transformer,none,0.6518555623853182,0.2846344386222093,0.3672211237631089,-0.0011593210931832689,0.8357970128072761,2.2901500097481726,0.9971268634345796,5.382731457567679,interval_includes_zero,"Post hoc; pointwise 95% paired bootstrap, no multiplicity adjustment or confirmatory decision."
resolution_g32,32,allen_cahn,coefficient,test,64,transformer,smooth,mechanistic,,0.0015777918265072674,0.0063803123204326795,-0.004802520493925412,-0.009160759603797705,-0.002274030105883434,0.2472906884909781,0.1182005050510601,0.5061971254948768,lower_candidate_error,"Post hoc; pointwise 95% paired bootstrap, no multiplicity adjustment or confirmatory decision."
resolution_g32,32,allen_cahn,coefficient,test,64,transformer,smooth,transformer,none,0.0015777918265072674,0.002489714405090049,-0.0009119225785827814,-0.0014882595179794007,-0.0005176434673582958,0.6337240220330417,0.5006919358463563,0.7588938692866332,lower_candidate_error,"Post hoc; pointwise 95% paired bootstrap, no multiplicity adjustment or confirmatory decision."
resolution_g32,32,allen_cahn,coefficient,test,96,transformer,smooth,mechanistic,,0.0023478824045862164,0.007134171414029093,-0.004786289009442876,-0.010207174057245917,-0.00164013955369004,0.3291037274446742,0.14775403001600693,0.672012935535818,lower_candidate_error,"Post hoc; pointwise 95% paired bootstrap, no multiplicity adjustment or confirmatory decision."
resolution_g32,32,allen_cahn,coefficient,test,96,transformer,smooth,transformer,none,0.0023478824045862164,0.0034150459660376624,-0.001067163561451446,-0.001679429882065159,-0.0005917234473675926,0.6875112159355113,0.5619097875555527,0.8047008207546466,lower_candidate_error,"Post hoc; pointwise 95% paired bootstrap, no multiplicity adjustment or confirmatory decision."
resolution_g32,32,allen_cahn,correct,ood,64,fno,none,mechanistic,,0.03484330714156867,1.6149378132901073e-11,0.03484330712541929,0.02083033716879113,0.0581705463613346,2157563396.858144,1264548903.839339,3648096513.9506598,higher_candidate_error,"Post hoc; pointwise 95% paired bootstrap, no multiplicity adjustment or confirmatory decision."
resolution_g32,32,allen_cahn,correct,ood,64,fno,none,transformer,none,0.03484330714156867,0.15365171880909534,-0.11880841166752668,-0.14677148431884593,-0.08387519451496077,0.22676809222589794,0.14809041667923992,0.3113961994359236,lower_candidate_error,"Post hoc; pointwise 95% paired bootstrap, no multiplicity adjustment or confirmatory decision."
resolution_g32,32,allen_cahn,correct,ood,96,fno,none,mechanistic,,0.08347741905406583,1.5679096186708626e-11,0.08347741903838674,0.04695052324445183,0.1448256043565916,5324121879.220993,2921447046.621419,9354372528.520374,higher_candidate_error,"Post hoc; pointwise 95% paired bootstrap, no multiplicity adjustment or confirmatory decision."
resolution_g32,32,allen_cahn,correct,ood,96,fno,none,transformer,none,0.08347741905406583,0.2846348018031183,-0.20115738274905245,-0.269489489321776,-0.13908812575873,0.29327903167584934,0.20408691726066477,0.37101030881401426,lower_candidate_error,"Post hoc; pointwise 95% paired bootstrap, no multiplicity adjustment or confirmatory decision."
resolution_g32,32,allen_cahn,correct,test,64,fno,none,mechanistic,,0.013360392749672802,2.20833678792635e-12,0.013360392747464466,0.008962750352778643,0.0176487185551941,6049979705.413658,3937481221.258852,8393353562.724173,higher_candidate_error,"Post hoc; pointwise 95% paired bootstrap, no multiplicity adjustment or confirmatory decision."
resolution_g32,32,allen_cahn,correct,test,64,fno,none,transformer,none,0.013360392749672802,0.002489711731400973,0.010870681018271829,0.006326670689618742,0.015090044692180817,5.366240830682371,2.952703433900683,9.06157761976305,higher_candidate_error,"Post hoc; pointwise 95% paired bootstrap, no multiplicity adjustment or confirmatory decision."
resolution_g32,32,allen_cahn,correct,test,96,fno,none,mechanistic,,0.029956505857245876,2.8494588976364417e-12,0.029956505854396416,0.01855816139070553,0.04096726489769407,10513050699.588642,6369325093.135291,15359978310.882442,higher_candidate_error,"Post hoc; pointwise 95% paired bootstrap, no multiplicity adjustment or confirmatory decision."
resolution_g32,32,allen_cahn,correct,test,96,fno,none,transformer,none,0.029956505857245876,0.003415045503932475,0.026541460353313402,0.015053227959436475,0.03731019387414565,8.771919970832165,4.617519456818248,14.619922816497244,higher_candidate_error,"Post hoc; pointwise 95% paired bootstrap, no multiplicity adjustment or confirmatory decision."
resolution_g32,32,allen_cahn,correct,ood,64,fno,smooth,mechanistic,,0.008755918300564075,1.6149378132901073e-11,0.008755918284414696,0.0025019029559506002,0.01814709525227048,542183001.0113933,156586035.01352498,1136691518.1437187,higher_candidate_error,"Post hoc; pointwise 95% paired bootstrap, no multiplicity adjustment or confirmatory decision."
resolution_g32,32,allen_cahn,correct,ood,64,fno,smooth,transformer,smooth,0.008755918300564075,0.38365385033266897,-0.37489793203210486,-0.4702279292214986,-0.26914120331723335,0.0228224434421074,0.007135018965854994,0.039040496939693754,lower_candidate_error,"Post hoc; pointwise 95% paired bootstrap, no multiplicity adjustment or confirmatory decision."
resolution_g32,32,allen_cahn,correct,ood,64,fno,smooth,fno,none,0.008755918300564075,0.03484330714156867,-0.026087388841004595,-0.051846879751800294,-0.005609294460900821,0.2512941227131139,0.06742850618682032,0.7484668668267395,lower_candidate_error,"Post hoc; pointwise 95% paired bootstrap, no multiplicity adjustment or confirmatory decision."
resolution_g32,32,allen_cahn,correct,ood,96,fno,smooth,mechanistic,,0.017690374495810773,1.5679096186708626e-11,0.017690374480131676,0.004917793865994239,0.036698349341908965,1128277694.3997023,319553901.6866168,2356227130.6005716,higher_candidate_error,"Post hoc; pointwise 95% paired bootstrap, no multiplicity adjustment or confirmatory decision."
resolution_g32,32,allen_cahn,correct,ood,96,fno,smooth,transformer,smooth,0.017690374495810773,0.5875287795860171,-0.5698384050902063,-0.7332875331514136,-0.41740147683176204,0.030109800762910227,0.00983278343791558,0.04945536365536322,lower_candidate_error,"Post hoc; pointwise 95% paired bootstrap, no multiplicity adjustment or confirmatory decision."
resolution_g32,32,allen_cahn,correct,ood,96,fno,smooth,fno,none,0.017690374495810773,0.08347741905406583,-0.06578704455825506,-0.13175135329876816,-0.01528705365501986,0.2119180815155922,0.055797174750664195,0.6826475895193006,lower_candidate_error,"Post hoc; pointwise 95% paired bootstrap, no multiplicity adjustment or confirmatory decision."
resolution_g32,32,allen_cahn,correct,test,64,fno,smooth,mechanistic,,0.00024532027826630436,2.20833678792635e-12,0.00024532027605796754,0.00015649643811458438,0.00035714083558479535,111088254.11393094,69114277.33113803,164803089.65213248,higher_candidate_error,"Post hoc; pointwise 95% paired bootstrap, no multiplicity adjustment or confirmatory decision."
resolution_g32,32,allen_cahn,correct,test,64,fno,smooth,transformer,smooth,0.00024532027826630436,0.0015276312548332949,-0.0012823109765669905,-0.0025165490011770427,-0.000691825920501839,0.1605886744527725,0.09394648982607812,0.26203432847343583,lower_candidate_error,"Post hoc; pointwise 95% paired bootstrap, no multiplicity adjustment or confirmatory decision."
resolution_g32,32,allen_cahn,correct,test,64,fno,smooth,fno,none,0.00024532027826630436,0.013360392749672802,-0.013115072471406497,-0.01734931362189933,-0.008724215502879835,0.01836175648895593,0.011024651319546674,0.030072579348869338,lower_candidate_error,"Post hoc; pointwise 95% paired bootstrap, no multiplicity adjustment or confirmatory decision."
resolution_g32,32,allen_cahn,correct,test,96,fno,smooth,mechanistic,,0.0003956784746692669,2.8494588976364417e-12,0.000395678471819808,0.00026076549334410096,0.0005586693075200819,138860916.7156167,88912209.1208965,202533150.49491256,higher_candidate_error,"Post hoc; pointwise 95% paired bootstrap, no multiplicity adjustment or confirmatory decision."
resolution_g32,32,allen_cahn,correct,test,96,fno,smooth,transformer,smooth,0.0003956784746692669,0.0022008183152123495,-0.0018051398405430825,-0.003361129087704869,-0.0010547993428489594,0.17978697829542972,0.10820667339145491,0.2929412484611775,lower_candidate_error,"Post hoc; pointwise 95% paired bootstrap, no multiplicity adjustment or confirmatory decision."
resolution_g32,32,allen_cahn,correct,test,96,fno,smooth,fno,none,0.0003956784746692669,0.029956505857245876,-0.02956082738257661,-0.04063476495540396,-0.01815797000797008,0.013208432136739346,0.007205753445172179,0.027082107958772104,lower_candidate_error,"Post hoc; pointwise 95% paired bootstrap, no multiplicity adjustment or confirmatory decision."
resolution_g32,32,allen_cahn,correct,ood,64,looped,none,mechanistic,,0.08410358183649919,1.6149378132901073e-11,0.08410358182034981,0.050896489465319286,0.11187903515589948,5207852658.125283,3151934046.182091,7023404123.953031,higher_candidate_error,"Post hoc; pointwise 95% paired bootstrap, no multiplicity adjustment or confirmatory decision."
resolution_g32,32,allen_cahn,correct,ood,64,looped,none,transformer,none,0.08410358183649919,0.15365171880909534,-0.06954813697259615,-0.14417747169378814,-0.01545812623930666,0.5473650570807719,0.2648287461086333,0.8601077319788896,lower_candidate_error,"Post hoc; pointwise 95% paired bootstrap, no multiplicity adjustment or confirmatory decision."
resolution_g32,32,allen_cahn,correct,ood,96,looped,none,mechanistic,,0.18190496902417258,1.5679096186708626e-11,0.18190496900849348,0.10213956007414274,0.24931584658170305,11601750946.484772,6514377568.639666,15925771188.969286,higher_candidate_error,"Post hoc; pointwise 95% paired bootstrap, no multiplicity adjustment or confirmatory decision."
resolution_g32,32,allen_cahn,correct,ood,96,looped,none,transformer,none,0.18190496902417258,0.2846348018031183,-0.1027298327789457,-0.30559433975879025,0.024318098174279167,0.6390819670392806,0.24919904535837364,1.1180559555196687,interval_includes_zero,"Post hoc; pointwise 95% paired bootstrap, no multiplicity adjustment or confirmatory decision."
resolution_g32,32,allen_cahn,correct,test,64,looped,none,mechanistic,,0.005325969098747052,2.20833678792635e-12,0.005325969096538715,0.0032523902327726987,0.008451150029302532,2411755819.0696945,1449092061.287041,3915519412.6768813,higher_candidate_error,"Post hoc; pointwise 95% paired bootstrap, no multiplicity adjustment or confirmatory decision."
resolution_g32,32,allen_cahn,correct,test,64,looped,none,transformer,none,0.005325969098747052,0.002489711731400973,0.002836257367346079,0.0011923945965476856,0.005569077826405085,2.139191068417428,1.3992307103537214,3.593508941410333,higher_candidate_error,"Post hoc; pointwise 95% paired bootstrap, no multiplicity adjustment or confirmatory decision."
resolution_g32,32,allen_cahn,correct,test,96,looped,none,mechanistic,,0.0065855702641914125,2.8494588976364417e-12,0.006585570261341954,0.004249213342856719,0.010426270588501972,2311165207.4202533,1437249692.8417256,3797778511.1385593,higher_candidate_error,"Post hoc; pointwise 95% paired bootstrap, no multiplicity adjustment or confirmatory decision."
resolution_g32,32,allen_cahn,correct,test,96,looped,none,transformer,none,0.0065855702641914125,0.003415045503932475,0.0031705247602589375,0.0011593659780130118,0.006697465537342393,1.9283989793424514,1.2831810899771854,3.3762087423939007,higher_candidate_error,"Post hoc; pointwise 95% paired bootstrap, no multiplicity adjustment or confirmatory decision."
resolution_g32,32,allen_cahn,correct,ood,64,looped,smooth,mechanistic,,0.13521601999167143,1.6149378132901073e-11,0.13521601997552204,0.0720945275536319,0.2094339230622048,8372831379.568499,4430463286.869844,13057820295.210447,higher_candidate_error,"Post hoc; pointwise 95% paired bootstrap, no multiplicity adjustment or confirmatory decision."
resolution_g32,32,allen_cahn,correct,ood,64,looped,smooth,transformer,smooth,0.13521601999167143,0.38365385033266897,-0.24843783034099753,-0.29793417496964403,-0.19383480582347462,0.3524427550366683,0.23474051060914833,0.44780307339091535,lower_candidate_error,"Post hoc; pointwise 95% paired bootstrap, no multiplicity adjustment or confirmatory decision."
resolution_g32,32,allen_cahn,correct,ood,64,looped,smooth,looped,none,0.13521601999167143,0.08410358183649919,0.051112438155172246,-0.007900387923365669,0.12006470565992866,1.6077320018847345,0.9204540075453935,2.54703562372742,interval_includes_zero,"Post hoc; pointwise 95% paired bootstrap, no multiplicity adjustment or confirmatory decision."
resolution_g32,32,allen_cahn,correct,ood,96,looped,smooth,mechanistic,,0.2903616099177937,1.5679096186708626e-11,0.2903616099021146,0.14145234451643993,0.4782722629985222,18519027274.28492,8915468288.156775,30530809503.36908,higher_candidate_error,"Post hoc; pointwise 95% paired bootstrap, no multiplicity adjustment or confirmatory decision."
resolution_g32,32,allen_cahn,correct,ood,96,looped,smooth,transformer,smooth,0.2903616099177937,0.5875287795860171,-0.29716716966822343,-0.3566468197078385,-0.23755752986687986,0.49420831796935544,0.30937307067709513,0.6414465153969421,lower_candidate_error,"Post hoc; pointwise 95% paired bootstrap, no multiplicity adjustment or confirmatory decision."
resolution_g32,32,allen_cahn,correct,ood,96,looped,smooth,looped,none,0.2903616099177937,0.18190496902417258,0.10845664089362111,-0.03892935937118621,0.2920423972560812,1.5962269281341555,0.8200196347387322,2.897657573133362,interval_includes_zero,"Post hoc; pointwise 95% paired bootstrap, no multiplicity adjustment or confirmatory decision."
resolution_g32,32,allen_cahn,correct,test,64,looped,smooth,mechanistic,,0.002025071687901156,2.20833678792635e-12,0.002025071685692819,0.001526651154994421,0.0025935032942862625,917012159.9988009,675708910.089096,1201952444.5902755,higher_candidate_error,"Post hoc; pointwise 95% paired bootstrap, no multiplicity adjustment or confirmatory decision."
resolution_g32,32,allen_cahn,correct,test,64,looped,smooth,transformer,smooth,0.002025071687901156,0.0015276312548332949,0.0004974404330678611,-0.00042154256431131335,0.0009867030300671855,1.3256286040849203,0.8462007212760198,1.930761938362047,interval_includes_zero,"Post hoc; pointwise 95% paired bootstrap, no multiplicity adjustment or confirmatory decision."
resolution_g32,32,allen_cahn,correct,test,64,looped,smooth,looped,none,0.002025071687901156,0.005325969098747052,-0.003300897410845896,-0.00619913531854631,-0.0015533515087396395,0.3802259551933111,0.24867899829675644,0.5443563846237726,lower_candidate_error,"Post hoc; pointwise 95% paired bootstrap, no multiplicity adjustment or confirmatory decision."
resolution_g32,32,allen_cahn,correct,test,96,looped,smooth,mechanistic,,0.0030646487791606745,2.8494588976364417e-12,0.0030646487763112155,0.0023903320983175227,0.003769347733541066,1075519559.7671993,809144910.0181429,1382144643.7282982,higher_candidate_error,"Post hoc; pointwise 95% paired bootstrap, no multiplicity adjustment or confirmatory decision."
resolution_g32,32,allen_cahn,correct,test,96,looped,smooth,transformer,smooth,0.0030646487791606745,0.0022008183152123495,0.000863830463948325,-0.0004052857232416582,0.0015587550714102982,1.392504214444879,0.8912571990372948,1.944185196293804,interval_includes_zero,"Post hoc; pointwise 95% paired bootstrap, no multiplicity adjustment or confirmatory decision."
resolution_g32,32,allen_cahn,correct,test,96,looped,smooth,looped,none,0.0030646487791606745,0.0065855702641914125,-0.003520921485030738,-0.007237200422566541,-0.0013952255905558917,0.46535814761927186,0.2890771860579494,0.6936456660642949,lower_candidate_error,"Post hoc; pointwise 95% paired bootstrap, no multiplicity adjustment or confirmatory decision."
resolution_g32,32,allen_cahn,correct,ood,64,transformer,none,mechanistic,,0.15365171880909534,1.6149378132901073e-11,0.15365171879294595,0.10855593614159591,0.19871894739127174,9514404675.190632,6658993246.290535,12793160127.091806,higher_candidate_error,"Post hoc; pointwise 95% paired bootstrap, no multiplicity adjustment or confirmatory decision."
resolution_g32,32,allen_cahn,correct,ood,96,transformer,none,mechanistic,,0.2846348018031183,1.5679096186708626e-11,0.2846348017874392,0.19045661848894055,0.4080818089357396,18153776111.43217,11906104549.935228,26404350616.071064,higher_candidate_error,"Post hoc; pointwise 95% paired bootstrap, no multiplicity adjustment or confirmatory decision."
resolution_g32,32,allen_cahn,correct,test,64,transformer,none,mechanistic,,0.002489711731400973,2.20833678792635e-12,0.0024897117291926363,0.001508453344108853,0.004007774232788014,1127414869.4225383,663797527.283257,1851130922.241754,higher_candidate_error,"Post hoc; pointwise 95% paired bootstrap, no multiplicity adjustment or confirmatory decision."
resolution_g32,32,allen_cahn,correct,test,96,transformer,none,mechanistic,,0.003415045503932475,2.8494588976364417e-12,0.003415045501083016,0.0021603037839944784,0.005283420287504539,1198489126.0460622,733940335.2124763,1932417070.7987177,higher_candidate_error,"Post hoc; pointwise 95% paired bootstrap, no multiplicity adjustment or confirmatory decision."
resolution_g32,32,allen_cahn,correct,ood,64,transformer,smooth,mechanistic,,0.38365385033266897,1.6149378132901073e-11,0.3836538503165196,0.27473946529618937,0.48813833446721705,23756571130.81353,16913614940.887375,31360029728.943672,higher_candidate_error,"Post hoc; pointwise 95% paired bootstrap, no multiplicity adjustment or confirmatory decision."
resolution_g32,32,allen_cahn,correct,ood,64,transformer,smooth,transformer,none,0.38365385033266897,0.15365171880909534,0.23000213152357363,0.07465365623142627,0.3817941689814846,2.496905685834468,1.3778005701214373,4.527389159539286,higher_candidate_error,"Post hoc; pointwise 95% paired bootstrap, no multiplicity adjustment or confirmatory decision."
resolution_g32,32,allen_cahn,correct,ood,96,transformer,smooth,mechanistic,,0.5875287795860171,1.5679096186708626e-11,0.587528779570338,0.4275415541458317,0.7710070940027188,37472107613.1973,26615239072.832256,50256433428.32504,higher_candidate_error,"Post hoc; pointwise 95% paired bootstrap, no multiplicity adjustment or confirmatory decision."
resolution_g32,32,allen_cahn,correct,ood,96,transformer,smooth,transformer,none,0.5875287795860171,0.2846348018031183,0.30289397778289884,0.017036221003589553,0.5801874803019591,2.064149485109029,1.0416847333677774,4.051989469509791,higher_candidate_error,"Post hoc; pointwise 95% paired bootstrap, no multiplicity adjustment or confirmatory decision."
resolution_g32,32,allen_cahn,correct,test,64,transformer,smooth,mechanistic,,0.0015276312548332949,2.20833678792635e-12,0.001527631252624958,0.0008820153297510587,0.002809826034848605,691756467.213389,394738833.0310716,1290722078.4888833,higher_candidate_error,"Post hoc; pointwise 95% paired bootstrap, no multiplicity adjustment or confirmatory decision."
resolution_g32,32,allen_cahn,correct,test,64,transformer,smooth,transformer,none,0.0015276312548332949,0.002489711731400973,-0.0009620804765676783,-0.0018620753806346147,-0.0004168058275174746,0.6135775622399824,0.43345469868200465,0.8182090837165584,lower_candidate_error,"Post hoc; pointwise 95% paired bootstrap, no multiplicity adjustment or confirmatory decision."
resolution_g32,32,allen_cahn,correct,test,96,transformer,smooth,mechanistic,,0.0022008183152123495,2.8494588976364417e-12,0.0022008183123628905,0.001401685804230157,0.0038450766266621876,772363594.0275804,482035477.82145643,1365380124.1933036,higher_candidate_error,"Post hoc; pointwise 95% paired bootstrap, no multiplicity adjustment or confirmatory decision."
resolution_g32,32,allen_cahn,correct,test,96,transformer,smooth,transformer,none,0.0022008183152123495,0.003415045503932475,-0.0012142271887201255,-0.0022946388078634293,-0.0005102936242107107,0.6444477277617751,0.4708855279505041,0.8362700476612653,lower_candidate_error,"Post hoc; pointwise 95% paired bootstrap, no multiplicity adjustment or confirmatory decision."
resolution_g32,32,wave,coefficient,ood,64,fno,none,mechanistic,,0.0559860240690328,0.6947558091339374,-0.6387697850649046,-0.6840462180115711,-0.5964754278841001,0.08058374371683681,0.059025247541211,0.10013614260798089,lower_candidate_error,"Post hoc; pointwise 95% paired bootstrap, no multiplicity adjustment or confirmatory decision."
resolution_g32,32,wave,coefficient,ood,64,fno,none,transformer,none,0.0559860240690328,0.9396860820718373,-0.8837000580028045,-0.9714334157302356,-0.8024480632666466,0.059579496958807536,0.0435261058103771,0.0753937082618121,lower_candidate_error,"Post hoc; pointwise 95% paired bootstrap, no multiplicity adjustment or confirmatory decision."
resolution_g32,32,wave,coefficient,ood,96,fno,none,mechanistic,,0.10321935863186418,0.8587808344307557,-0.7555614757988915,-0.8112136630821527,-0.702027992817494,0.12019289962413204,0.0890558168859335,0.14818372354697437,lower_candidate_error,"Post hoc; pointwise 95% paired bootstrap, no multiplicity adjustment or confirmatory decision."
resolution_g32,32,wave,coefficient,ood,96,fno,none,transformer,none,0.10321935863186418,1.0500846228040595,-0.9468652641721953,-1.0573148029382664,-0.8435591991665633,0.09829622907555366,0.07015995022772453,0.12633105572446296,lower_candidate_error,"Post hoc; pointwise 95% paired bootstrap, no multiplicity adjustment or confirmatory decision."
resolution_g32,32,wave,coefficient,test,64,fno,none,mechanistic,,0.0003547843655189312,0.4135517373198283,-0.41319695295430936,-0.4615904110832702,-0.3686442215780164,0.0008578959619858925,0.0006971341565217824,0.00101098369833663,lower_candidate_error,"Post hoc; pointwise 95% paired bootstrap, no multiplicity adjustment or confirmatory decision."
resolution_g32,32,wave,coefficient,test,64,fno,none,transformer,none,0.0003547843655189312,0.0026831578901313075,-0.002328373524612376,-0.0029737813805892186,-0.001804282354221979,0.13222642127167883,0.10600577406084473,0.16653430349684065,lower_candidate_error,"Post hoc; pointwise 95% paired bootstrap, no multiplicity adjustment or confirmatory decision."
resolution_g32,32,wave,coefficient,test,96,fno,none,mechanistic,,0.0005928292824398939,0.6024088900437572,-0.6018160607613173,-0.6670545330906861,-0.542432615540367,0.0009840978316187075,0.000796321620799658,0.0011718098974068014,lower_candidate_error,"Post hoc; pointwise 95% paired bootstrap, no multiplicity adjustment or confirmatory decision."
resolution_g32,32,wave,coefficient,test,96,fno,none,transformer,none,0.0005928292824398939,0.0041418236259567285,-0.0035489943435168345,-0.00458748467485381,-0.0026924569076275644,0.1431324305372745,0.11219137814589271,0.1841668992007954,lower_candidate_error,"Post hoc; pointwise 95% paired bootstrap, no multiplicity adjustment or confirmatory decision."
resolution_g32,32,wave,coefficient,ood,64,fno,smooth,mechanistic,,0.10375928126145828,0.6947558091339374,-0.5909965278724791,-0.6325408845493882,-0.5506137054826553,0.14934640329355664,0.12862946650099222,0.1717452441940308,lower_candidate_error,"Post hoc; pointwise 95% paired bootstrap, no multiplicity adjustment or confirmatory decision."
resolution_g32,32,wave,coefficient,ood,64,fno,smooth,transformer,smooth,0.10375928126145828,0.9762603212620178,-0.8725010400005595,-1.0184237543294126,-0.7448866367591008,0.1062823910812313,0.08350123902901377,0.1342362650275441,lower_candidate_error,"Post hoc; pointwise 95% paired bootstrap, no multiplicity adjustment or confirmatory decision."
resolution_g32,32,wave,coefficient,ood,64,fno,smooth,fno,none,0.10375928126145828,0.0559860240690328,0.04777325719242548,0.03623547652840395,0.05911278125122612,1.8533068383909406,1.5749016461348548,2.287551385778723,higher_candidate_error,"Post hoc; pointwise 95% paired bootstrap, no multiplicity adjustment or confirmatory decision."
resolution_g32,32,wave,coefficient,ood,96,fno,smooth,mechanistic,,0.1798297676845649,0.8587808344307557,-0.6789510667461908,-0.729738897889202,-0.6294552369109397,0.20940123541970446,0.18239595972707012,0.2380119795164638,lower_candidate_error,"Post hoc; pointwise 95% paired bootstrap, no multiplicity adjustment or confirmatory decision."
resolution_g32,32,wave,coefficient,ood,96,fno,smooth,transformer,smooth,0.1798297676845649,1.055350186888925,-0.8755204192043601,-1.0673011921910251,-0.7129517145184573,0.17039819570666537,0.13176437803210359,0.2199321551357234,lower_candidate_error,"Post hoc; pointwise 95% paired bootstrap, no multiplicity adjustment or confirmatory decision."
resolution_g32,32,wave,coefficient,ood,96,fno,smooth,fno,none,0.1798297676845649,0.10321935863186418,0.07661040905270072,0.05512063966525503,0.09647498700097203,1.742209698530822,1.4664543915483372,2.15862433079858,higher_candidate_error,"Post hoc; pointwise 95% paired bootstrap, no multiplicity adjustment or confirmatory decision."
resolution_g32,32,wave,coefficient,test,64,fno,smooth,mechanistic,,0.0024712025153001693,0.4135517373198283,-0.4110805348045281,-0.4590976454047398,-0.366978867286087,0.005975558297289939,0.004182416660762006,0.0076844990125167975,lower_candidate_error,"Post hoc; pointwise 95% paired bootstrap, no multiplicity adjustment or confirmatory decision."
resolution_g32,32,wave,coefficient,test,64,fno,smooth,transformer,smooth,0.0024712025153001693,0.006899404233935175,-0.004428201718635005,-0.005801448825152531,-0.002811359923820266,0.35817621804871164,0.24894535807095408,0.4864360055787998,lower_candidate_error,"Post hoc; pointwise 95% paired bootstrap, no multiplicity adjustment or confirmatory decision."
resolution_g32,32,wave,coefficient,test,64,fno,smooth,fno,none,0.0024712025153001693,0.0003547843655189312,0.002116418149781238,0.0012798680350920842,0.0029782083537257626,6.965364755252459,4.3366075997555535,10.455583214936846,higher_candidate_error,"Post hoc; pointwise 95% paired bootstrap, no multiplicity adjustment or confirmatory decision."
resolution_g32,32,wave,coefficient,test,96,fno,smooth,mechanistic,,0.00474944419591696,0.6024088900437572,-0.5976594458478403,-0.6618784564107221,-0.5389086342633874,0.007884087161416184,0.00527981704417376,0.010366118415382757,lower_candidate_error,"Post hoc; pointwise 95% paired bootstrap, no multiplicity adjustment or confirmatory decision."
resolution_g32,32,wave,coefficient,test,96,fno,smooth,transformer,smooth,0.00474944419591696,0.011730493115224061,-0.006981048919307101,-0.00954208739457434,-0.004018634301060367,0.4048801827225012,0.2697673374991615,0.5670600707667492,lower_candidate_error,"Post hoc; pointwise 95% paired bootstrap, no multiplicity adjustment or confirmatory decision."
resolution_g32,32,wave,coefficient,test,96,fno,smooth,fno,none,0.00474944419591696,0.0005928292824398939,0.004156614913477066,0.002441871978536554,0.005906416120059883,8.011487179529631,4.676671181423571,12.59893083124578,higher_candidate_error,"Post hoc; pointwise 95% paired bootstrap, no multiplicity adjustment or confirmatory decision."
resolution_g32,32,wave,coefficient,ood,64,looped,none,mechanistic,,1.0871150079582819,0.6947558091339374,0.39235919882434445,0.1966409318209621,0.5822091487137986,1.5647440347615778,1.2818930125866377,1.8376388584580101,higher_candidate_error,"Post hoc; pointwise 95% paired bootstrap, no multiplicity adjustment or confirmatory decision."
resolution_g32,32,wave,coefficient,ood,64,looped,none,transformer,none,1.0871150079582819,0.9396860820718373,0.14742892588644452,-0.036795434356397115,0.33356548630500704,1.156891677656213,0.9617301558880471,1.362731324162794,interval_includes_zero,"Post hoc; pointwise 95% paired bootstrap, no multiplicity adjustment or confirmatory decision."
resolution_g32,32,wave,coefficient,ood,96,looped,none,mechanistic,,1.3321410612915798,0.8587808344307557,0.47336022686082413,0.2189498515086125,0.7301562164079411,1.5512002688958373,1.2539831025888468,1.847070537719334,higher_candidate_error,"Post hoc; pointwise 95% paired bootstrap, no multiplicity adjustment or confirmatory decision."
resolution_g32,32,wave,coefficient,ood,96,looped,none,transformer,none,1.3321410612915798,1.0500846228040595,0.2820564384875204,0.02786170915217099,0.5674624104665168,1.2686035319080666,1.027231642409001,1.5641389688814265,higher_candidate_error,"Post hoc; pointwise 95% paired bootstrap, no multiplicity adjustment or confirmatory decision."
resolution_g32,32,wave,coefficient,test,64,looped,none,mechanistic,,0.003042797602079872,0.4135517373198283,-0.41050893971774843,-0.4584683093026378,-0.3663515528542621,0.007357719306899357,0.0060895479670253555,0.008786711093914872,lower_candidate_error,"Post hoc; pointwise 95% paired bootstrap, no multiplicity adjustment or confirmatory decision."
resolution_g32,32,wave,coefficient,test,64,looped,none,transformer,none,0.003042797602079872,0.0026831578901313075,0.0003596397119485645,-1.5989927691652937e-05,0.0007372774596726312,1.134035985460015,0.994336644115721,1.2832672118209045,interval_includes_zero,"Post hoc; pointwise 95% paired bootstrap, no multiplicity adjustment or confirmatory decision."
resolution_g32,32,wave,coefficient,test,96,looped,none,mechanistic,,0.004730589067555191,0.6024088900437572,-0.597678300976202,-0.6621215325409334,-0.5387261036778759,0.007852787609445099,0.006507051520697883,0.009376048772335173,lower_candidate_error,"Post hoc; pointwise 95% paired bootstrap, no multiplicity adjustment or confirmatory decision."
resolution_g32,32,wave,coefficient,test,96,looped,none,transformer,none,0.004730589067555191,0.0041418236259567285,0.0005887654415984624,4.00315430304089e-05,0.0011496275752531902,1.1421512586650675,1.0086713637853693,1.289098573528913,higher_candidate_error,"Post hoc; pointwise 95% paired bootstrap, no multiplicity adjustment or confirmatory decision."
resolution_g32,32,wave,coefficient,ood,64,looped,smooth,mechanistic,,1.072181745258824,0.6947558091339374,0.3774259361248866,0.20854729855698154,0.5121638184337042,1.543249773751982,1.3028543680742197,1.7398451128650099,higher_candidate_error,"Post hoc; pointwise 95% paired bootstrap, no multiplicity adjustment or confirmatory decision."
resolution_g32,32,wave,coefficient,ood,64,looped,smooth,transformer,smooth,1.072181745258824,0.9762603212620178,0.09592142399680625,-0.09500760199781606,0.30148060664181275,1.0982539409906653,0.9068953641478761,1.3406142910257448,interval_includes_zero,"Post hoc; pointwise 95% paired bootstrap, no multiplicity adjustment or confirmatory decision."
resolution_g32,32,wave,coefficient,ood,64,looped,smooth,looped,none,1.072181745258824,1.0871150079582819,-0.014933262699457828,-0.09677425554283943,0.08188895538713455,0.986263401213176,0.9200003445442146,1.080892653983071,interval_includes_zero,"Post hoc; pointwise 95% paired bootstrap, no multiplicity adjustment or confirmatory decision."
resolution_g32,32,wave,coefficient,ood,96,looped,smooth,mechanistic,,1.285808936584388,0.8587808344307557,0.4270281021536324,0.23437697028251667,0.6223214453432727,1.4972492224243554,1.2723884278621347,1.7262110264706914,higher_candidate_error,"Post hoc; pointwise 95% paired bootstrap, no multiplicity adjustment or confirmatory decision."
resolution_g32,32,wave,coefficient,ood,96,looped,smooth,transformer,smooth,1.285808936584388,1.055350186888925,0.2304587496954631,-0.04094529634275308,0.531714105663687,1.2183718281936673,0.9652628971139094,1.5715801054879381,interval_includes_zero,"Post hoc; pointwise 95% paired bootstrap, no multiplicity adjustment or confirmatory decision."
resolution_g32,32,wave,coefficient,ood,96,looped,smooth,looped,none,1.285808936584388,1.3321410612915798,-0.046332124707191724,-0.12660477264078693,0.040761068709448754,0.965219805879814,0.9150604769029232,1.0342069832936798,interval_includes_zero,"Post hoc; pointwise 95% paired bootstrap, no multiplicity adjustment or confirmatory decision."
resolution_g32,32,wave,coefficient,test,64,looped,smooth,mechanistic,,0.006916466783315825,0.4135517373198283,-0.4066352705365125,-0.4545944113400884,-0.3625831299442678,0.016724550181170778,0.013985650666688984,0.019798689296454144,lower_candidate_error,"Post hoc; pointwise 95% paired bootstrap, no multiplicity adjustment or confirmatory decision."
resolution_g32,32,wave,coefficient,test,64,looped,smooth,transformer,smooth,0.006916466783315825,0.006899404233935175,1.7062549380650327e-05,-0.0022245144271715463,0.0021002271165772315,1.0024730467736225,0.7278726232025563,1.3764799121572364,interval_includes_zero,"Post hoc; pointwise 95% paired bootstrap, no multiplicity adjustment or confirmatory decision."
resolution_g32,32,wave,coefficient,test,64,looped,smooth,looped,none,0.006916466783315825,0.003042797602079872,0.003873669181235953,0.002587070005309497,0.005436400864353032,2.2730617306218948,1.7634303411205077,3.0093789645528397,higher_candidate_error,"Post hoc; pointwise 95% paired bootstrap, no multiplicity adjustment or confirmatory decision."
resolution_g32,32,wave,coefficient,test,96,looped,smooth,mechanistic,,0.011662883398926377,0.6024088900437572,-0.5907460066448308,-0.6545372667400353,-0.5326107398367196,0.01936041049805759,0.015918596956744684,0.023308496299837247,lower_candidate_error,"Post hoc; pointwise 95% paired bootstrap, no multiplicity adjustment or confirmatory decision."
resolution_g32,32,wave,coefficient,test,96,looped,smooth,transformer,smooth,0.011662883398926377,0.011730493115224061,-6.760971629768409e-05,-0.0037880761528060226,0.0033858345580208673,0.9942364131129373,0.7241906081398685,1.3512882731948133,interval_includes_zero,"Post hoc; pointwise 95% paired bootstrap, no multiplicity adjustment or confirmatory decision."
resolution_g32,32,wave,coefficient,test,96,looped,smooth,looped,none,0.011662883398926377,0.004730589067555191,0.006932294331371186,0.004777376890097737,0.009751012089353063,2.4654188373529253,1.9236881350842274,3.2962253267463995,higher_candidate_error,"Post hoc; pointwise 95% paired bootstrap, no multiplicity adjustment or confirmatory decision."
resolution_g32,32,wave,coefficient,ood,64,transformer,none,mechanistic,,0.9396860820718373,0.6947558091339374,0.24493027293789993,0.17640692728401514,0.3216078665789,1.3525415256955144,1.2512012417368985,1.468318035240439,higher_candidate_error,"Post hoc; pointwise 95% paired bootstrap, no multiplicity adjustment or confirmatory decision."
resolution_g32,32,wave,coefficient,ood,96,transformer,none,mechanistic,,1.0500846228040595,0.8587808344307557,0.19130378837330375,0.09832997951595672,0.28616143500759045,1.222762060706804,1.1116913661716206,1.3360802150796045,higher_candidate_error,"Post hoc; pointwise 95% paired bootstrap, no multiplicity adjustment or confirmatory decision."
resolution_g32,32,wave,coefficient,test,64,transformer,none,mechanistic,,0.0026831578901313075,0.4135517373198283,-0.410868579429697,-0.4589388457974929,-0.36657634076010187,0.006488082742731256,0.005371471717827519,0.007855702339617297,lower_candidate_error,"Post hoc; pointwise 95% paired bootstrap, no multiplicity adjustment or confirmatory decision."
resolution_g32,32,wave,coefficient,test,96,transformer,none,mechanistic,,0.0041418236259567285,0.6024088900437572,-0.5982670664178005,-0.6626025680991484,-0.5392924662049119,0.006875435762005237,0.005640475084794189,0.00835001660800611,lower_candidate_error,"Post hoc; pointwise 95% paired bootstrap, no multiplicity adjustment or confirmatory decision."
resolution_g32,32,wave,coefficient,ood,64,transformer,smooth,mechanistic,,0.9762603212620178,0.6947558091339374,0.28150451212808036,0.1675435570441593,0.414042406412614,1.4051848267076683,1.2386894600700398,1.6022333188088358,higher_candidate_error,"Post hoc; pointwise 95% paired bootstrap, no multiplicity adjustment or confirmatory decision."
resolution_g32,32,wave,coefficient,ood,64,transformer,smooth,transformer,none,0.9762603212620178,0.9396860820718373,0.036574239190180435,-0.044395190963889775,0.15696502955618585,1.0389217632228211,0.9539007462899984,1.1681942820632096,interval_includes_zero,"Post hoc; pointwise 95% paired bootstrap, no multiplicity adjustment or confirmatory decision."
resolution_g32,32,wave,coefficient,ood,96,transformer,smooth,mechanistic,,1.055350186888925,0.8587808344307557,0.1965693524581693,0.04804317936954298,0.37415945234701187,1.228893501784382,1.0553302814953425,1.4389718994174545,higher_candidate_error,"Post hoc; pointwise 95% paired bootstrap, no multiplicity adjustment or confirmatory decision."
resolution_g32,32,wave,coefficient,ood,96,transformer,smooth,transformer,none,1.055350186888925,1.0500846228040595,0.005265564084865559,-0.08020970296167898,0.1307529253056688,1.0050144188101764,0.9234922209321309,1.1204287382921485,interval_includes_zero,"Post hoc; pointwise 95% paired bootstrap, no multiplicity adjustment or confirmatory decision."
resolution_g32,32,wave,coefficient,test,64,transformer,smooth,mechanistic,,0.006899404233935175,0.4135517373198283,-0.4066523330858931,-0.45448291185365186,-0.36282229431982216,0.016683291620654916,0.013022106378845842,0.020059504772845085,lower_candidate_error,"Post hoc; pointwise 95% paired bootstrap, no multiplicity adjustment or confirmatory decision."
resolution_g32,32,wave,coefficient,test,64,transformer,smooth,transformer,none,0.006899404233935175,0.0026831578901313075,0.004216246343803867,0.002848049271792157,0.005535460603841992,2.5713746698661604,2.10963626746346,3.0766856609662514,higher_candidate_error,"Post hoc; pointwise 95% paired bootstrap, no multiplicity adjustment or confirmatory decision."
resolution_g32,32,wave,coefficient,test,96,transformer,smooth,mechanistic,,0.011730493115224061,0.6024088900437572,-0.5906783969285332,-0.6544740831449422,-0.5325896072719963,0.01947264276656341,0.01515109721204288,0.02336683952209552,lower_candidate_error,"Post hoc; pointwise 95% paired bootstrap, no multiplicity adjustment or confirmatory decision."
resolution_g32,32,wave,coefficient,test,96,transformer,smooth,transformer,none,0.011730493115224061,0.0041418236259567285,0.0075886694892673325,0.005198137751108529,0.00993574603803488,2.832204887168369,2.3067828327250184,3.4276855191189926,higher_candidate_error,"Post hoc; pointwise 95% paired bootstrap, no multiplicity adjustment or confirmatory decision."
resolution_g32,32,wave,correct,ood,64,fno,none,mechanistic,,0.0559860240690328,2.7932736912067328e-09,0.055986021275759114,0.0402727100753984,0.0712769290812632,20043157.333732687,14973839.813432356,23984751.05072309,higher_candidate_error,"Post hoc; pointwise 95% paired bootstrap, no multiplicity adjustment or confirmatory decision."
resolution_g32,32,wave,correct,ood,64,fno,none,transformer,none,0.0559860240690328,0.939685959036936,-0.8836999349679031,-0.9714381134220452,-0.8024463073732282,0.05957950475966639,0.04352612324945917,0.07539377462624006,lower_candidate_error,"Post hoc; pointwise 95% paired bootstrap, no multiplicity adjustment or confirmatory decision."
resolution_g32,32,wave,correct,ood,96,fno,none,mechanistic,,0.10321935863186418,5.126741288686028e-09,0.10321935350512289,0.07540410178579669,0.1301637504196872,20133522.02102616,15239734.29857326,23973499.76958736,higher_candidate_error,"Post hoc; pointwise 95% paired bootstrap, no multiplicity adjustment or confirmatory decision."
resolution_g32,32,wave,correct,ood,96,fno,none,transformer,none,0.10321935863186418,1.0500828483903224,-0.9468634897584582,-1.0573210908846258,-0.8435558706636754,0.09829639517499947,0.07016009168972205,0.12633120769168574,lower_candidate_error,"Post hoc; pointwise 95% paired bootstrap, no multiplicity adjustment or confirmatory decision."
resolution_g32,32,wave,correct,test,64,fno,none,mechanistic,,0.00035478636890543956,1.1797122658245497e-10,0.00035478625093421297,0.0002907059001913911,0.00042326263133295395,3007397.4746500133,2221900.329294619,4079725.984180944,higher_candidate_error,"Post hoc; pointwise 95% paired bootstrap, no multiplicity adjustment or confirmatory decision."
resolution_g32,32,wave,correct,test,64,fno,none,transformer,none,0.00035478636890543956,0.002683165878490521,-0.002328379509585082,-0.00297379439101407,-0.0018042914015231348,0.1322267742555794,0.10600722392926978,0.1665327306665173,lower_candidate_error,"Post hoc; pointwise 95% paired bootstrap, no multiplicity adjustment or confirmatory decision."
resolution_g32,32,wave,correct,test,96,fno,none,mechanistic,,0.0005928276839778988,2.355786598454151e-10,0.0005928274483992389,0.00047914995206886906,0.0007219545987125843,2516474.473396308,1879601.188358868,3384022.5967355343,higher_candidate_error,"Post hoc; pointwise 95% paired bootstrap, no multiplicity adjustment or confirmatory decision."
resolution_g32,32,wave,correct,test,96,fno,none,transformer,none,0.0005928276839778988,0.004141840307255379,-0.0035490126232774802,-0.00458752039975196,-0.002692481168691955,0.14313146813976044,0.11219192428188733,0.18416394455080268,lower_candidate_error,"Post hoc; pointwise 95% paired bootstrap, no multiplicity adjustment or confirmatory decision."
resolution_g32,32,wave,correct,ood,64,fno,smooth,mechanistic,,0.047609776454129005,2.7932736912067328e-09,0.047609773660855316,0.03269910876854345,0.06395790751814248,17044436.642211355,12012666.512274818,22145077.786721703,higher_candidate_error,"Post hoc; pointwise 95% paired bootstrap, no multiplicity adjustment or confirmatory decision."
resolution_g32,32,wave,correct,ood,64,fno,smooth,transformer,smooth,0.047609776454129005,1.0055658236354788,-0.9579560471813497,-1.0923697503886618,-0.8301859238499528,0.047346255545959885,0.03010016140028562,0.0685380674668383,lower_candidate_error,"Post hoc; pointwise 95% paired bootstrap, no multiplicity adjustment or confirmatory decision."
resolution_g32,32,wave,correct,ood,64,fno,smooth,fno,none,0.047609776454129005,0.0559860240690328,-0.008376247614903798,-0.01810706379669933,0.002673140410888765,0.8503868107409167,0.7172896963079471,1.0439684650019811,interval_includes_zero,"Post hoc; pointwise 95% paired bootstrap, no multiplicity adjustment or confirmatory decision."
resolution_g32,32,wave,correct,ood,96,fno,smooth,mechanistic,,0.08172130888958287,5.126741288686028e-09,0.08172130376284158,0.056646148956800285,0.10904469372257579,15940205.34446119,11397901.959789459,20710300.355800394,higher_candidate_error,"Post hoc; pointwise 95% paired bootstrap, no multiplicity adjustment or confirmatory decision."
resolution_g32,32,wave,correct,ood,96,fno,smooth,transformer,smooth,0.08172130888958287,1.0995462957934308,-1.0178249869038478,-1.2017601366726434,-0.8533714212656458,0.07432275403248292,0.046265765196260966,0.1103637079679088,lower_candidate_error,"Post hoc; pointwise 95% paired bootstrap, no multiplicity adjustment or confirmatory decision."
resolution_g32,32,wave,correct,ood,96,fno,smooth,fno,none,0.08172130888958287,0.10321935863186418,-0.02149804974228131,-0.03940832548660274,-0.0027350748806094552,0.7917246335645726,0.66518088158623,0.972609451871004,lower_candidate_error,"Post hoc; pointwise 95% paired bootstrap, no multiplicity adjustment or confirmatory decision."
resolution_g32,32,wave,correct,test,64,fno,smooth,mechanistic,,0.00014764975337474206,1.1797122658245497e-10,0.00014764963540351547,0.00010357557289974164,0.00021456361040393334,1251574.2834253192,809310.1208192443,1940592.908702906,higher_candidate_error,"Post hoc; pointwise 95% paired bootstrap, no multiplicity adjustment or confirmatory decision."
resolution_g32,32,wave,correct,test,64,fno,smooth,transformer,smooth,0.00014764975337474206,0.002703211883051282,-0.00255556212967654,-0.0032409771263429248,-0.0019515362905079777,0.05462011849699354,0.034468508871395465,0.07950040311877218,lower_candidate_error,"Post hoc; pointwise 95% paired bootstrap, no multiplicity adjustment or confirmatory decision."
resolution_g32,32,wave,correct,test,64,fno,smooth,fno,none,0.00014764975337474206,0.00035478636890543956,-0.0002071366155306975,-0.0002827447776159715,-0.00014121563350727833,0.4161652372109449,0.2822588593011536,0.5793168077542307,lower_candidate_error,"Post hoc; pointwise 95% paired bootstrap, no multiplicity adjustment or confirmatory decision."
resolution_g32,32,wave,correct,test,96,fno,smooth,mechanistic,,0.0002632707488723846,2.355786598454151e-10,0.00026327051329372476,0.00018057104353035353,0.0003881946332744422,1117549.2255756138,720940.1947844734,1731475.5786707036,higher_candidate_error,"Post hoc; pointwise 95% paired bootstrap, no multiplicity adjustment or confirmatory decision."
resolution_g32,32,wave,correct,test,96,fno,smooth,transformer,smooth,0.0002632707488723846,0.00405210007157523,-0.003788829322702845,-0.004885667700519103,-0.0028501284656614746,0.06497143313887598,0.03940305225082145,0.09837394027006187,lower_candidate_error,"Post hoc; pointwise 95% paired bootstrap, no multiplicity adjustment or confirmatory decision."
resolution_g32,32,wave,correct,test,96,fno,smooth,fno,none,0.0002632707488723846,0.0005928276839778988,-0.00032955693510551424,-0.00047027622174078475,-0.00022308130490616453,0.4440932095239324,0.29618411320926225,0.6080609337190153,lower_candidate_error,"Post hoc; pointwise 95% paired bootstrap, no multiplicity adjustment or confirmatory decision."
resolution_g32,32,wave,correct,ood,64,looped,none,mechanistic,,1.0871150868349275,2.7932736912067328e-09,1.087115084041654,0.8885002714731874,1.2828934511787287,389190321.82817674,311952185.3591122,475779063.4976357,higher_candidate_error,"Post hoc; pointwise 95% paired bootstrap, no multiplicity adjustment or confirmatory decision."
resolution_g32,32,wave,correct,ood,64,looped,none,transformer,none,1.0871150868349275,0.939685959036936,0.14742912779799155,-0.0367983615974941,0.33356858945854384,1.1568919130696478,0.9617277429592992,1.3627353730735448,interval_includes_zero,"Post hoc; pointwise 95% paired bootstrap, no multiplicity adjustment or confirmatory decision."
resolution_g32,32,wave,correct,ood,96,looped,none,mechanistic,,1.332140323480246,5.126741288686028e-09,1.3321403183535048,1.074773929449087,1.596236797974418,259841534.50849682,206099135.9712209,320673996.9694862,higher_candidate_error,"Post hoc; pointwise 95% paired bootstrap, no multiplicity adjustment or confirmatory decision."
resolution_g32,32,wave,correct,ood,96,looped,none,transformer,none,1.332140323480246,1.0500828483903224,0.2820574750899236,0.027858571151388317,0.5674675362752081,1.2686049729526494,1.027228850467233,1.5641574037406316,higher_candidate_error,"Post hoc; pointwise 95% paired bootstrap, no multiplicity adjustment or confirmatory decision."
resolution_g32,32,wave,correct,test,64,looped,none,mechanistic,,0.0030427721932881208,1.1797122658245497e-10,0.0030427720753168942,0.0024544518761223624,0.003731046521629164,25792494.33472154,19643871.982171442,34504296.48653742,higher_candidate_error,"Post hoc; pointwise 95% paired bootstrap, no multiplicity adjustment or confirmatory decision."
resolution_g32,32,wave,correct,test,64,looped,none,transformer,none,0.0030427721932881208,0.002683165878490521,0.0003596063147975996,-1.607613300833865e-05,0.0007371926853279242,1.1340231394862195,0.9943386410374081,1.2832462051655291,interval_includes_zero,"Post hoc; pointwise 95% paired bootstrap, no multiplicity adjustment or confirmatory decision."
resolution_g32,32,wave,correct,test,96,looped,none,mechanistic,,0.004730558455798941,2.355786598454151e-10,0.004730558220220281,0.0037889048650510218,0.005843151710509717,20080589.89257812,15339165.90575615,26709821.792464204,higher_candidate_error,"Post hoc; pointwise 95% paired bootstrap, no multiplicity adjustment or confirmatory decision."
resolution_g32,32,wave,correct,test,96,looped,none,transformer,none,0.004730558455798941,0.004141840307255379,0.0005887181485435622,3.999341420141402e-05,0.0011495341408780415,1.1421392677820745,1.0086642498877791,1.2890933490488883,higher_candidate_error,"Post hoc; pointwise 95% paired bootstrap, no multiplicity adjustment or confirmatory decision."
resolution_g32,32,wave,correct,ood,64,looped,smooth,mechanistic,,1.1726984939853722,2.7932736912067328e-09,1.1726984911920986,0.9322991986305673,1.4223268296483567,419829427.26917326,326095894.21036243,521931613.1960585,higher_candidate_error,"Post hoc; pointwise 95% paired bootstrap, no multiplicity adjustment or confirmatory decision."
resolution_g32,32,wave,correct,ood,64,looped,smooth,transformer,smooth,1.1726984939853722,1.0055658236354788,0.16713267034989343,-0.09170319646295333,0.48447568892150783,1.166207588226944,0.911074046891061,1.528488655082827,interval_includes_zero,"Post hoc; pointwise 95% paired bootstrap, no multiplicity adjustment or confirmatory decision."
resolution_g32,32,wave,correct,ood,64,looped,smooth,looped,none,1.1726984939853722,1.0871150868349275,0.08558340715044466,-0.008136344804074014,0.1884785030133539,1.0787252501477242,0.9923652780540663,1.166198498780998,interval_includes_zero,"Post hoc; pointwise 95% paired bootstrap, no multiplicity adjustment or confirmatory decision."
resolution_g32,32,wave,correct,ood,96,looped,smooth,mechanistic,,1.439937878287504,5.126741288686028e-09,1.4399378731607628,1.1260690776777975,1.8092184316444668,280868059.6903217,215456066.81418642,360350701.43086976,higher_candidate_error,"Post hoc; pointwise 95% paired bootstrap, no multiplicity adjustment or confirmatory decision."
resolution_g32,32,wave,correct,ood,96,looped,smooth,transformer,smooth,1.439937878287504,1.0995462957934308,0.3403915824940733,-0.018003686823793424,0.8143503660416268,1.309574579802888,0.9843177523421425,1.8334244532815276,interval_includes_zero,"Post hoc; pointwise 95% paired bootstrap, no multiplicity adjustment or confirmatory decision."
resolution_g32,32,wave,correct,ood,96,looped,smooth,looped,none,1.439937878287504,1.332140323480246,0.10779755480725806,-0.02160535523935641,0.26525027925190314,1.0809205703837825,0.983435138577696,1.1822393183696986,interval_includes_zero,"Post hoc; pointwise 95% paired bootstrap, no multiplicity adjustment or confirmatory decision."
resolution_g32,32,wave,correct,test,64,looped,smooth,mechanistic,,0.0031068342637689123,1.1797122658245497e-10,0.0031068341457976857,0.0024578635512570134,0.003848161019988653,26335525.651226636,19809180.279100433,34962942.81136621,higher_candidate_error,"Post hoc; pointwise 95% paired bootstrap, no multiplicity adjustment or confirmatory decision."
resolution_g32,32,wave,correct,test,64,looped,smooth,transformer,smooth,0.0031068342637689123,0.002703211883051282,0.00040362238071763035,3.265544923078696e-05,0.0007644522930274337,1.149312150944689,1.011306143875211,1.3023270559219906,higher_candidate_error,"Post hoc; pointwise 95% paired bootstrap, no multiplicity adjustment or confirmatory decision."
resolution_g32,32,wave,correct,test,64,looped,smooth,looped,none,0.0031068342637689123,0.0030427721932881208,6.406207048079149e-05,-0.0003370600397470242,0.0005472182380362182,1.0210538503743731,0.890958985099347,1.1923519607828448,interval_includes_zero,"Post hoc; pointwise 95% paired bootstrap, no multiplicity adjustment or confirmatory decision."
resolution_g32,32,wave,correct,test,96,looped,smooth,mechanistic,,0.004849383881445189,2.355786598454151e-10,0.004849383645866529,0.003861027511298299,0.006007386746667792,20584987.98077601,15628737.72228763,27227410.315169275,higher_candidate_error,"Post hoc; pointwise 95% paired bootstrap, no multiplicity adjustment or confirmatory decision."
resolution_g32,32,wave,correct,test,96,looped,smooth,transformer,smooth,0.004849383881445189,0.00405210007157523,0.0007972838098699595,0.0002383673324774357,0.0013749350820579794,1.1967581737338535,1.0555605398907075,1.3739214978061602,higher_candidate_error,"Post hoc; pointwise 95% paired bootstrap, no multiplicity adjustment or confirmatory decision."
resolution_g32,32,wave,correct,test,96,looped,smooth,looped,none,0.004849383881445189,0.004730558455798941,0.00011882542564624777,-0.00046709835835709155,0.0008886873319921136,1.0251186887883366,0.9048611895923492,1.2023581940015509,interval_includes_zero,"Post hoc; pointwise 95% paired bootstrap, no multiplicity adjustment or confirmatory decision."
resolution_g32,32,wave,correct,ood,64,transformer,none,mechanistic,,0.939685959036936,2.7932736912067328e-09,0.9396859562436622,0.8560599118544381,1.0308412438579921,336410270.85712415,295881476.90672046,385979466.2972696,higher_candidate_error,"Post hoc; pointwise 95% paired bootstrap, no multiplicity adjustment or confirmatory decision."
resolution_g32,32,wave,correct,ood,96,transformer,none,mechanistic,,1.0500828483903224,5.126741288686028e-09,1.0500828432635811,0.9499574080520036,1.1558993902344779,204824622.35956833,178061944.95252848,235956123.94042268,higher_candidate_error,"Post hoc; pointwise 95% paired bootstrap, no multiplicity adjustment or confirmatory decision."
resolution_g32,32,wave,correct,test,64,transformer,none,mechanistic,,0.002683165878490521,1.1797122658245497e-10,0.0026831657605192946,0.0021514236895373946,0.0033671228447034796,22744239.898320846,17500525.97753109,29740007.25516794,higher_candidate_error,"Post hoc; pointwise 95% paired bootstrap, no multiplicity adjustment or confirmatory decision."
resolution_g32,32,wave,correct,test,96,transformer,none,mechanistic,,0.004141840307255379,2.355786598454151e-10,0.004141840071676719,0.0032725112503873654,0.005225210634061183,17581559.84915282,13520168.311679624,23153629.160310715,higher_candidate_error,"Post hoc; pointwise 95% paired bootstrap, no multiplicity adjustment or confirmatory decision."
resolution_g32,32,wave,correct,ood,64,transformer,smooth,mechanistic,,1.0055658236354788,2.7932736912067328e-09,1.0055658208422051,0.8872506391545005,1.1300722892500032,359995451.5023053,308469471.179302,421361637.0507889,higher_candidate_error,"Post hoc; pointwise 95% paired bootstrap, no multiplicity adjustment or confirmatory decision."
resolution_g32,32,wave,correct,ood,64,transformer,smooth,transformer,none,1.0055658236354788,0.939685959036936,0.06587986459854278,0.006572702930674623,0.1593000559375575,1.0701083845778239,1.0071079898998418,1.1673792723086207,higher_candidate_error,"Post hoc; pointwise 95% paired bootstrap, no multiplicity adjustment or confirmatory decision."
resolution_g32,32,wave,correct,ood,96,transformer,smooth,mechanistic,,1.0995462957934308,5.126741288686028e-09,1.0995462906666895,0.95006365395879,1.2649590005448081,214472748.6483411,179952063.87743053,255622040.9051615,higher_candidate_error,"Post hoc; pointwise 95% paired bootstrap, no multiplicity adjustment or confirmatory decision."
resolution_g32,32,wave,correct,ood,96,transformer,smooth,transformer,none,1.0995462957934308,1.0500828483903224,0.049463447403108374,-0.01563329472501989,0.1493520169243069,1.0471043284622077,0.9842719247241497,1.1360820700065262,interval_includes_zero,"Post hoc; pointwise 95% paired bootstrap, no multiplicity adjustment or confirmatory decision."
resolution_g32,32,wave,correct,test,64,transformer,smooth,mechanistic,,0.002703211883051282,1.1797122658245497e-10,0.0027032117650800554,0.0020814067874448897,0.0033943018116260495,22914162.72731466,17489583.618920486,30007365.471131433,higher_candidate_error,"Post hoc; pointwise 95% paired bootstrap, no multiplicity adjustment or confirmatory decision."
resolution_g32,32,wave,correct,test,64,transformer,smooth,transformer,none,0.002703211883051282,0.002683165878490521,2.004600456076075e-05,-0.0003768375316755764,0.000467452830521186,1.0074710269392804,0.8564016350868751,1.1929386640663273,interval_includes_zero,"Post hoc; pointwise 95% paired bootstrap, no multiplicity adjustment or confirmatory decision."
resolution_g32,32,wave,correct,test,96,transformer,smooth,mechanistic,,0.00405210007157523,2.355786598454151e-10,0.00405209983599657,0.0031022010036463763,0.0051353605792638845,17200624.51426707,13160443.18677867,22590781.89686562,higher_candidate_error,"Post hoc; pointwise 95% paired bootstrap, no multiplicity adjustment or confirmatory decision."
resolution_g32,32,wave,correct,test,96,transformer,smooth,transformer,none,0.00405210007157523,0.004141840307255379,-8.974023568014949e-05,-0.0006524669596923162,0.0005125350736491193,0.9783332458465507,0.8408913613898724,1.1352472464773584,interval_includes_zero,"Post hoc; pointwise 95% paired bootstrap, no multiplicity adjustment or confirmatory decision."
resolution_g64,64,advection_diffusion,coefficient,ood,64,fno,none,mechanistic,,0.049206144604447166,0.5866011770092996,-0.5373950324048524,-0.6429911085016393,-0.43490570505872833,0.08388347404162655,0.04019886116878992,0.12149670782603643,lower_candidate_error,"Post hoc; pointwise 95% paired bootstrap, no multiplicity adjustment or confirmatory decision."
resolution_g64,64,advection_diffusion,coefficient,ood,64,fno,none,transformer,none,0.049206144604447166,1.2092657748682853,-1.1600596302638382,-1.5995167323749453,-0.6885939165051392,0.040690926367949805,0.022496331437261735,0.06218641431395184,lower_candidate_error,"Post hoc; pointwise 95% paired bootstrap, no multiplicity adjustment or confirmatory decision."
resolution_g64,64,advection_diffusion,coefficient,ood,96,fno,none,mechanistic,,0.07144209818428951,0.6803637107522036,-0.6089216125679141,-0.7370052707286003,-0.491818908795829,0.10500574480273765,0.04950433478813712,0.15715979184971224,lower_candidate_error,"Post hoc; pointwise 95% paired bootstrap, no multiplicity adjustment or confirmatory decision."
resolution_g64,64,advection_diffusion,coefficient,ood,96,fno,none,transformer,none,0.07144209818428951,1.740269279179595,-1.6688271809953055,-2.524605707302226,-0.806454417181895,0.041052323935735414,0.023948553918566148,0.0689670262570485,lower_candidate_error,"Post hoc; pointwise 95% paired bootstrap, no multiplicity adjustment or confirmatory decision."
resolution_g64,64,advection_diffusion,coefficient,test,64,fno,none,mechanistic,,0.000446428768592374,0.6843451949922859,-0.6838987662236935,-0.8295413335561155,-0.5532752776834028,0.0006523444189557089,0.000511619373413762,0.0007987641528552493,lower_candidate_error,"Post hoc; pointwise 95% paired bootstrap, no multiplicity adjustment or confirmatory decision."
resolution_g64,64,advection_diffusion,coefficient,test,64,fno,none,transformer,none,0.000446428768592374,0.0016290375265280987,-0.0011826087579357247,-0.0015946475123536652,-0.0008501301075690605,0.2740444964112211,0.20551561515892708,0.34880410709943305,lower_candidate_error,"Post hoc; pointwise 95% paired bootstrap, no multiplicity adjustment or confirmatory decision."
resolution_g64,64,advection_diffusion,coefficient,test,96,fno,none,mechanistic,,0.0006863241248403518,0.9744069063983882,-0.9737205822735479,-1.1858892197979027,-0.7892054546409591,0.0007043506366115049,0.0005472998511705292,0.0008807685984617768,lower_candidate_error,"Post hoc; pointwise 95% paired bootstrap, no multiplicity adjustment or confirmatory decision."
resolution_g64,64,advection_diffusion,coefficient,test,96,fno,none,transformer,none,0.0006863241248403518,0.0024692959029767687,-0.0017829717781364168,-0.0028464980842612835,-0.0009661587728625544,0.2779432485239938,0.17749204056581444,0.43422518981499325,lower_candidate_error,"Post hoc; pointwise 95% paired bootstrap, no multiplicity adjustment or confirmatory decision."
resolution_g64,64,advection_diffusion,coefficient,ood,64,fno,smooth,mechanistic,,0.02250929691634851,0.5866011770092996,-0.5640918800929511,-0.6720219213979912,-0.4592931759169657,0.0383724032589039,0.028916974671153308,0.05113995663863075,lower_candidate_error,"Post hoc; pointwise 95% paired bootstrap, no multiplicity adjustment or confirmatory decision."
resolution_g64,64,advection_diffusion,coefficient,ood,64,fno,smooth,transformer,smooth,0.02250929691634851,1.341899019730171,-1.3193897228138225,-1.8673594445483706,-0.7410490078467439,0.01677421071585154,0.01037593031573519,0.028867331526775696,lower_candidate_error,"Post hoc; pointwise 95% paired bootstrap, no multiplicity adjustment or confirmatory decision."
resolution_g64,64,advection_diffusion,coefficient,ood,64,fno,smooth,fno,none,0.02250929691634851,0.049206144604447166,-0.026696847688098657,-0.05232514464104115,0.004158257428879676,0.4574489039385979,0.282098933734183,1.158483712198623,interval_includes_zero,"Post hoc; pointwise 95% paired bootstrap, no multiplicity adjustment or confirmatory decision."
resolution_g64,64,advection_diffusion,coefficient,ood,96,fno,smooth,mechanistic,,0.03312930413763704,0.6803637107522036,-0.6472344066145665,-0.7771109353083258,-0.5266823739001991,0.04869352026581429,0.037081397017029026,0.06367567849644222,lower_candidate_error,"Post hoc; pointwise 95% paired bootstrap, no multiplicity adjustment or confirmatory decision."
resolution_g64,64,advection_diffusion,coefficient,ood,96,fno,smooth,transformer,smooth,0.03312930413763704,1.886554934476128,-1.853425630338491,-2.9587607615861855,-0.8522798118789654,0.01756074182214928,0.009800015284118647,0.03608712507817698,lower_candidate_error,"Post hoc; pointwise 95% paired bootstrap, no multiplicity adjustment or confirmatory decision."
resolution_g64,64,advection_diffusion,coefficient,ood,96,fno,smooth,fno,none,0.03312930413763704,0.07144209818428951,-0.03831279404665247,-0.0777924864213673,0.0068784521384803775,0.46372244068445273,0.28230260888452025,1.185049917918748,interval_includes_zero,"Post hoc; pointwise 95% paired bootstrap, no multiplicity adjustment or confirmatory decision."
resolution_g64,64,advection_diffusion,coefficient,test,64,fno,smooth,mechanistic,,0.002054883564123682,0.6843451949922859,-0.6822903114281622,-0.8279678021987893,-0.5517324042918014,0.003002700361104816,0.0021729114557050124,0.0038425970221422035,lower_candidate_error,"Post hoc; pointwise 95% paired bootstrap, no multiplicity adjustment or confirmatory decision."
resolution_g64,64,advection_diffusion,coefficient,test,64,fno,smooth,transformer,smooth,0.002054883564123682,0.007364762067045505,-0.005309878502921823,-0.010276439354991606,-0.0013161532852715944,0.27901560775717393,0.13608231933590226,0.6503616836815584,lower_candidate_error,"Post hoc; pointwise 95% paired bootstrap, no multiplicity adjustment or confirmatory decision."
resolution_g64,64,advection_diffusion,coefficient,test,64,fno,smooth,fno,none,0.002054883564123682,0.000446428768592374,0.0016084547955313082,0.0010495286135736625,0.0022925288557028704,4.602937150764043,3.3613848270187723,6.009997936663331,higher_candidate_error,"Post hoc; pointwise 95% paired bootstrap, no multiplicity adjustment or confirmatory decision."
resolution_g64,64,advection_diffusion,coefficient,test,96,fno,smooth,mechanistic,,0.0031257206740217883,0.9744069063983882,-0.9712811857243664,-1.1838268469701885,-0.7869947930214574,0.0032078186776970884,0.002144171232209762,0.00434143941705377,lower_candidate_error,"Post hoc; pointwise 95% paired bootstrap, no multiplicity adjustment or confirmatory decision."
resolution_g64,64,advection_diffusion,coefficient,test,96,fno,smooth,transformer,smooth,0.0031257206740217883,0.013922160885756929,-0.01079644021173514,-0.024337932731455906,-0.0012359480308628457,0.22451404632305016,0.0829868618780567,0.7631483210800081,lower_candidate_error,"Post hoc; pointwise 95% paired bootstrap, no multiplicity adjustment or confirmatory decision."
resolution_g64,64,advection_diffusion,coefficient,test,96,fno,smooth,fno,none,0.0031257206740217883,0.0006863241248403518,0.0024393965491814364,0.0014389067188525775,0.0037055572996151772,4.554292295566432,3.2400894735447525,5.981160115567086,higher_candidate_error,"Post hoc; pointwise 95% paired bootstrap, no multiplicity adjustment or confirmatory decision."
resolution_g64,64,advection_diffusion,coefficient,ood,64,looped,none,mechanistic,,7.755529290176952,0.5866011770092996,7.168928113167652,0.9424272997072656,15.798286909051276,13.221128074985094,2.559784529364765,28.441473717736233,higher_candidate_error,"Post hoc; pointwise 95% paired bootstrap, no multiplicity adjustment or confirmatory decision."
resolution_g64,64,advection_diffusion,coefficient,ood,64,looped,none,transformer,none,7.755529290176952,1.2092657748682853,6.546263515308667,0.4417402883605653,15.30830638831927,6.413419987034441,1.4243516527543676,15.655699257768555,higher_candidate_error,"Post hoc; pointwise 95% paired bootstrap, no multiplicity adjustment or confirmatory decision."
resolution_g64,64,advection_diffusion,coefficient,ood,96,looped,none,mechanistic,,22.14571872475011,0.6803637107522036,21.465355013997907,2.285344892463814,49.5710247314137,32.54982353521768,4.350850335119992,75.39593224085388,higher_candidate_error,"Post hoc; pointwise 95% paired bootstrap, no multiplicity adjustment or confirmatory decision."
resolution_g64,64,advection_diffusion,coefficient,ood,96,looped,none,transformer,none,22.14571872475011,1.740269279179595,20.405449445570515,1.2798740991496518,48.74312404535121,12.725455186561781,1.8338852278601836,39.290469941743346,higher_candidate_error,"Post hoc; pointwise 95% paired bootstrap, no multiplicity adjustment or confirmatory decision."
resolution_g64,64,advection_diffusion,coefficient,test,64,looped,none,mechanistic,,0.0038629084201143304,0.6843451949922859,-0.6804822865721716,-0.8258603639119094,-0.5503023915285246,0.0056446782243541205,0.0047761696935114005,0.0068533664099489225,lower_candidate_error,"Post hoc; pointwise 95% paired bootstrap, no multiplicity adjustment or confirmatory decision."
resolution_g64,64,advection_diffusion,coefficient,test,64,looped,none,transformer,none,0.0038629084201143304,0.0016290375265280987,0.0022338708935862317,0.0014720877838579934,0.003031186772800899,2.3712826483176173,1.781877049162487,3.29966762688066,higher_candidate_error,"Post hoc; pointwise 95% paired bootstrap, no multiplicity adjustment or confirmatory decision."
resolution_g64,64,advection_diffusion,coefficient,test,96,looped,none,mechanistic,,0.006281404221138653,0.9744069063983882,-0.9681255021772496,-1.1797266137440534,-0.7847285450800973,0.006446387212459359,0.004726173564594668,0.008739185288370477,lower_candidate_error,"Post hoc; pointwise 95% paired bootstrap, no multiplicity adjustment or confirmatory decision."
resolution_g64,64,advection_diffusion,coefficient,test,96,looped,none,transformer,none,0.006281404221138653,0.0024692959029767687,0.0038121083181618847,0.002541684163485701,0.0055343532285146175,2.5438037675299823,2.048506594339294,3.1730044906343773,higher_candidate_error,"Post hoc; pointwise 95% paired bootstrap, no multiplicity adjustment or confirmatory decision."
resolution_g64,64,advection_diffusion,coefficient,ood,64,looped,smooth,mechanistic,,2.535188037439518,0.5866011770092996,1.9485868604302183,0.5043380285145931,3.2443955695134954,4.321825691460089,1.864761968593062,6.897454509953821,higher_candidate_error,"Post hoc; pointwise 95% paired bootstrap, no multiplicity adjustment or confirmatory decision."
resolution_g64,64,advection_diffusion,coefficient,ood,64,looped,smooth,transformer,smooth,2.535188037439518,1.341899019730171,1.193289017709347,0.1944981563505417,2.267279826922445,1.8892539603682648,1.2157820484187631,2.7111782377328972,higher_candidate_error,"Post hoc; pointwise 95% paired bootstrap, no multiplicity adjustment or confirmatory decision."
resolution_g64,64,advection_diffusion,coefficient,ood,64,looped,smooth,looped,none,2.535188037439518,7.755529290176952,-5.220341252737434,-12.867195828886475,0.3034543712707485,0.3268878167542417,0.20087775669972693,1.182538203387999,interval_includes_zero,"Post hoc; pointwise 95% paired bootstrap, no multiplicity adjustment or confirmatory decision."
resolution_g64,64,advection_diffusion,coefficient,ood,96,looped,smooth,mechanistic,,7.395931382304369,0.6803637107522036,6.715567671552165,1.300430901626662,12.900764322739887,10.870555359467215,2.9459949745686482,20.842892769200102,higher_candidate_error,"Post hoc; pointwise 95% paired bootstrap, no multiplicity adjustment or confirmatory decision."
resolution_g64,64,advection_diffusion,coefficient,ood,96,looped,smooth,transformer,smooth,7.395931382304369,1.886554934476128,5.509376447828241,0.894956812987488,11.870119969844929,3.920337143194891,1.7355508795318133,8.73171087804536,higher_candidate_error,"Post hoc; pointwise 95% paired bootstrap, no multiplicity adjustment or confirmatory decision."
resolution_g64,64,advection_diffusion,coefficient,ood,96,looped,smooth,looped,none,7.395931382304369,22.14571872475011,-14.749787342445742,-36.230852081997675,0.4590462486860515,0.33396664494066103,0.25222145605631974,1.1377518624941538,interval_includes_zero,"Post hoc; pointwise 95% paired bootstrap, no multiplicity adjustment or confirmatory decision."
resolution_g64,64,advection_diffusion,coefficient,test,64,looped,smooth,mechanistic,,0.009022392936275547,0.6843451949922859,-0.6753228020560103,-0.819763421600351,-0.5458903774675982,0.013183979375170816,0.009300660455446379,0.017816744238348503,lower_candidate_error,"Post hoc; pointwise 95% paired bootstrap, no multiplicity adjustment or confirmatory decision."
resolution_g64,64,advection_diffusion,coefficient,test,64,looped,smooth,transformer,smooth,0.009022392936275547,0.007364762067045505,0.0016576308692300423,-0.0007671345912228261,0.004503470901444988,1.2250759568523344,0.924561494271144,2.1344313082898956,interval_includes_zero,"Post hoc; pointwise 95% paired bootstrap, no multiplicity adjustment or confirmatory decision."
resolution_g64,64,advection_diffusion,coefficient,test,64,looped,smooth,looped,none,0.009022392936275547,0.0038629084201143304,0.005159484516161217,0.002253641208852715,0.008529899414519574,2.3356476403363744,1.51400339065645,3.4098168274181213,higher_candidate_error,"Post hoc; pointwise 95% paired bootstrap, no multiplicity adjustment or confirmatory decision."
resolution_g64,64,advection_diffusion,coefficient,test,96,looped,smooth,mechanistic,,0.016730815403492603,0.9744069063983882,-0.9576760909948956,-1.168876444375258,-0.7742269650894257,0.017170255355981823,0.008021531629394,0.031642106777887855,lower_candidate_error,"Post hoc; pointwise 95% paired bootstrap, no multiplicity adjustment or confirmatory decision."
resolution_g64,64,advection_diffusion,coefficient,test,96,looped,smooth,transformer,smooth,0.016730815403492603,0.013922160885756929,0.0028086545177356745,-0.0020470095795844705,0.008975769986235662,1.2017398405881856,0.8477115476427287,2.1156428497070703,interval_includes_zero,"Post hoc; pointwise 95% paired bootstrap, no multiplicity adjustment or confirmatory decision."
resolution_g64,64,advection_diffusion,coefficient,test,96,looped,smooth,looped,none,0.016730815403492603,0.006281404221138653,0.01044941118235395,0.002230230130446593,0.02292796790063789,2.6635470054910346,1.3940369472478935,4.007810040401902,higher_candidate_error,"Post hoc; pointwise 95% paired bootstrap, no multiplicity adjustment or confirmatory decision."
resolution_g64,64,advection_diffusion,coefficient,ood,64,transformer,none,mechanistic,,1.2092657748682853,0.5866011770092996,0.6226645978589858,0.16514893887332463,1.0668330292319073,2.061478602947151,1.2801912480325854,2.8876256161164116,higher_candidate_error,"Post hoc; pointwise 95% paired bootstrap, no multiplicity adjustment or confirmatory decision."
resolution_g64,64,advection_diffusion,coefficient,ood,96,transformer,none,mechanistic,,1.740269279179595,0.6803637107522036,1.0599055684273915,0.19113150907377366,1.945792982637079,2.557851413408822,1.2702955362792425,3.9209563238880203,higher_candidate_error,"Post hoc; pointwise 95% paired bootstrap, no multiplicity adjustment or confirmatory decision."
resolution_g64,64,advection_diffusion,coefficient,test,64,transformer,none,mechanistic,,0.0016290375265280987,0.6843451949922859,-0.6827161574657578,-0.8282535928004648,-0.552255112223872,0.0023804324753773742,0.0018969563673665619,0.0029836934835261934,lower_candidate_error,"Post hoc; pointwise 95% paired bootstrap, no multiplicity adjustment or confirmatory decision."
resolution_g64,64,advection_diffusion,coefficient,test,96,transformer,none,mechanistic,,0.0024692959029767687,0.9744069063983882,-0.9719376104954115,-1.1838813899625966,-0.7877881232994066,0.0025341527104973042,0.0017822696202052938,0.0036394939903954255,lower_candidate_error,"Post hoc; pointwise 95% paired bootstrap, no multiplicity adjustment or confirmatory decision."
resolution_g64,64,advection_diffusion,coefficient,ood,64,transformer,smooth,mechanistic,,1.341899019730171,0.5866011770092996,0.7552978427208714,0.172661566577297,1.3077367131491808,2.287583237680577,1.3014191708479967,3.288455404862211,higher_candidate_error,"Post hoc; pointwise 95% paired bootstrap, no multiplicity adjustment or confirmatory decision."
resolution_g64,64,advection_diffusion,coefficient,ood,64,transformer,smooth,transformer,none,1.341899019730171,1.2092657748682853,0.13263324486188566,-0.12340737796267795,0.3892189229906939,1.109680806005059,0.8921713619352315,1.2983458248403175,interval_includes_zero,"Post hoc; pointwise 95% paired bootstrap, no multiplicity adjustment or confirmatory decision."
resolution_g64,64,advection_diffusion,coefficient,ood,96,transformer,smooth,mechanistic,,1.886554934476128,0.6803637107522036,1.2061912237239245,0.20417727256435475,2.3210560969836127,2.7728623744355367,1.2960132936244007,4.464347799734533,higher_candidate_error,"Post hoc; pointwise 95% paired bootstrap, no multiplicity adjustment or confirmatory decision."
resolution_g64,64,advection_diffusion,coefficient,ood,96,transformer,smooth,transformer,none,1.886554934476128,1.740269279179595,0.14628565529653303,-0.26826013268068166,0.5595410791755651,1.0840592068403894,0.8343140269045073,1.2782047092060975,interval_includes_zero,"Post hoc; pointwise 95% paired bootstrap, no multiplicity adjustment or confirmatory decision."
resolution_g64,64,advection_diffusion,coefficient,test,64,transformer,smooth,mechanistic,,0.007364762067045505,0.6843451949922859,-0.6769804329252403,-0.8219872593398322,-0.5476692895164278,0.010761764853377136,0.005485390303085708,0.01779311661453609,lower_candidate_error,"Post hoc; pointwise 95% paired bootstrap, no multiplicity adjustment or confirmatory decision."
resolution_g64,64,advection_diffusion,coefficient,test,64,transformer,smooth,transformer,none,0.007364762067045505,0.0016290375265280987,0.005735724540517406,0.0022917056213629466,0.010065178298546413,4.520928429894259,2.5520203445676946,6.597447270978102,higher_candidate_error,"Post hoc; pointwise 95% paired bootstrap, no multiplicity adjustment or confirmatory decision."
resolution_g64,64,advection_diffusion,coefficient,test,96,transformer,smooth,mechanistic,,0.013922160885756929,0.9744069063983882,-0.9604847455126313,-1.1723971072657562,-0.7762114281393159,0.01428783067354905,0.00539898997427155,0.02742692856224299,lower_candidate_error,"Post hoc; pointwise 95% paired bootstrap, no multiplicity adjustment or confirmatory decision."
resolution_g64,64,advection_diffusion,coefficient,test,96,transformer,smooth,transformer,none,0.013922160885756929,0.0024692959029767687,0.01145286498278016,0.003408207010357832,0.023199738918213732,5.638109579728205,2.8293646709535425,8.113878762696128,higher_candidate_error,"Post hoc; pointwise 95% paired bootstrap, no multiplicity adjustment or confirmatory decision."
resolution_g64,64,advection_diffusion,correct,ood,64,fno,none,mechanistic,,0.05062319779995572,1.4087050288203623e-12,0.050623197798547015,0.025091960617125715,0.07459829092376502,35935981461.17726,18136137350.840492,54737340710.01857,higher_candidate_error,"Post hoc; pointwise 95% paired bootstrap, no multiplicity adjustment or confirmatory decision."
resolution_g64,64,advection_diffusion,correct,ood,64,fno,none,transformer,none,0.05062319779995572,1.209264869612305,-1.1586416718123491,-1.5993442785210548,-0.6866246516617398,0.04186278711312082,0.024472974201353383,0.06485180630001554,lower_candidate_error,"Post hoc; pointwise 95% paired bootstrap, no multiplicity adjustment or confirmatory decision."
resolution_g64,64,advection_diffusion,correct,ood,96,fno,none,mechanistic,,0.07366888054129454,2.1311640766080192e-12,0.07366888053916337,0.03537635481578637,0.11097993849591788,34567437275.194046,16764252224.7735,53933406939.45979,higher_candidate_error,"Post hoc; pointwise 95% paired bootstrap, no multiplicity adjustment or confirmatory decision."
resolution_g64,64,advection_diffusion,correct,ood,96,fno,none,transformer,none,0.07366888054129454,1.7402678984124929,-1.6665990178711982,-2.524457225865751,-0.8024640534296048,0.042331919475442126,0.02583558422863149,0.07334918808033898,lower_candidate_error,"Post hoc; pointwise 95% paired bootstrap, no multiplicity adjustment or confirmatory decision."
resolution_g64,64,advection_diffusion,correct,test,64,fno,none,mechanistic,,0.0004353958452193989,2.9301991684989413e-12,0.00043539584228919975,0.0003350743108350873,0.0005529497018860459,148589164.1428729,107651169.03880586,211807106.20729345,higher_candidate_error,"Post hoc; pointwise 95% paired bootstrap, no multiplicity adjustment or confirmatory decision."
resolution_g64,64,advection_diffusion,correct,test,64,fno,none,transformer,none,0.0004353958452193989,0.0016289262843475621,-0.0011935304391281632,-0.00159868026406097,-0.0008580500613242139,0.26729008513346514,0.20487749455621604,0.3453777886347602,lower_candidate_error,"Post hoc; pointwise 95% paired bootstrap, no multiplicity adjustment or confirmatory decision."
resolution_g64,64,advection_diffusion,correct,test,96,fno,none,mechanistic,,0.0006342070337748506,5.076716209261053e-12,0.0006342070286981344,0.0004917690061283734,0.0007848511852118046,124924657.52131598,91527539.7047785,180177704.4480209,higher_candidate_error,"Post hoc; pointwise 95% paired bootstrap, no multiplicity adjustment or confirmatory decision."
resolution_g64,64,advection_diffusion,correct,test,96,fno,none,transformer,none,0.0006342070337748506,0.0024689372179302433,-0.0018347301841553929,-0.002854977471512372,-0.0010399465614860952,0.25687450825765357,0.17235321358448033,0.38824392998313073,lower_candidate_error,"Post hoc; pointwise 95% paired bootstrap, no multiplicity adjustment or confirmatory decision."
resolution_g64,64,advection_diffusion,correct,ood,64,fno,smooth,mechanistic,,0.029218411772438724,1.4087050288203623e-12,0.029218411771030017,0.01639095553493692,0.04328297118544076,20741327087.407345,11659501250.597252,31805625145.255093,higher_candidate_error,"Post hoc; pointwise 95% paired bootstrap, no multiplicity adjustment or confirmatory decision."
resolution_g64,64,advection_diffusion,correct,ood,64,fno,smooth,transformer,smooth,0.029218411772438724,1.5128764494469706,-1.4836580376745319,-2.0941044630776666,-0.824296777254177,0.01931315130400732,0.00924299502057237,0.04144539540728381,lower_candidate_error,"Post hoc; pointwise 95% paired bootstrap, no multiplicity adjustment or confirmatory decision."
resolution_g64,64,advection_diffusion,correct,ood,64,fno,smooth,fno,none,0.029218411772438724,0.05062319779995572,-0.021404786027516998,-0.040731134591255234,-0.004670292856792609,0.5771743596265718,0.3806829598277573,0.8363694695071625,lower_candidate_error,"Post hoc; pointwise 95% paired bootstrap, no multiplicity adjustment or confirmatory decision."
resolution_g64,64,advection_diffusion,correct,ood,96,fno,smooth,mechanistic,,0.0446295084833526,2.1311640766080192e-12,0.044629508481221436,0.024285978162646434,0.06737237949385272,20941376111.399807,11501212731.572344,32731324434.835186,higher_candidate_error,"Post hoc; pointwise 95% paired bootstrap, no multiplicity adjustment or confirmatory decision."
resolution_g64,64,advection_diffusion,correct,ood,96,fno,smooth,transformer,smooth,0.0446295084833526,2.3025700717203343,-2.2579405632369816,-3.5943900744952058,-1.0085177443490547,0.019382475708983857,0.008330855556806903,0.05224697980745593,lower_candidate_error,"Post hoc; pointwise 95% paired bootstrap, no multiplicity adjustment or confirmatory decision."
resolution_g64,64,advection_diffusion,correct,ood,96,fno,smooth,fno,none,0.0446295084833526,0.07366888054129454,-0.029039372057941944,-0.056819873600072957,-0.003247871336817901,0.6058122256701846,0.4031271940914474,0.912438307069787,lower_candidate_error,"Post hoc; pointwise 95% paired bootstrap, no multiplicity adjustment or confirmatory decision."
resolution_g64,64,advection_diffusion,correct,test,64,fno,smooth,mechanistic,,0.0001507772125546301,2.9301991684989413e-12,0.00015077720962443093,9.596562781033499e-05,0.0002270424976658829,51456301.733874634,31502758.248562016,81294245.30358844,higher_candidate_error,"Post hoc; pointwise 95% paired bootstrap, no multiplicity adjustment or confirmatory decision."
resolution_g64,64,advection_diffusion,correct,test,64,fno,smooth,transformer,smooth,0.0001507772125546301,0.0018389460538037194,-0.0016881688412490894,-0.0021850089114608968,-0.001245859131984339,0.08199110150227569,0.054425224319472776,0.12146132167889616,lower_candidate_error,"Post hoc; pointwise 95% paired bootstrap, no multiplicity adjustment or confirmatory decision."
resolution_g64,64,advection_diffusion,correct,test,64,fno,smooth,fno,none,0.0001507772125546301,0.0004353958452193989,-0.0002846186326647688,-0.00038136407602871986,-0.00019503903153949146,0.34629915331105754,0.22544779365781042,0.4891633606790641,lower_candidate_error,"Post hoc; pointwise 95% paired bootstrap, no multiplicity adjustment or confirmatory decision."
resolution_g64,64,advection_diffusion,correct,test,96,fno,smooth,mechanistic,,0.00022946813211125743,5.076716209261053e-12,0.00022946812703454123,0.00013003405775717988,0.0003656470009773272,45200110.19971075,25482386.581464425,73143849.20532769,higher_candidate_error,"Post hoc; pointwise 95% paired bootstrap, no multiplicity adjustment or confirmatory decision."
resolution_g64,64,advection_diffusion,correct,test,96,fno,smooth,transformer,smooth,0.00022946813211125743,0.0027627087765185005,-0.0025332406444072432,-0.003915615836046941,-0.0014243758054778486,0.08305910997988998,0.04336540422006318,0.15735831051343366,lower_candidate_error,"Post hoc; pointwise 95% paired bootstrap, no multiplicity adjustment or confirmatory decision."
resolution_g64,64,advection_diffusion,correct,test,96,fno,smooth,fno,none,0.00022946813211125743,0.0006342070337748506,-0.00040473890166359315,-0.0005345148702980103,-0.0002744111641880194,0.3618189642985271,0.21717525226695739,0.5348533743454772,lower_candidate_error,"Post hoc; pointwise 95% paired bootstrap, no multiplicity adjustment or confirmatory decision."
resolution_g64,64,advection_diffusion,correct,ood,64,looped,none,mechanistic,,7.755582018009193,1.4087050288203623e-12,7.755582018007784,1.5029944967053033,16.410519905948092,5505469107683.709,1007038098246.4387,12085804956988.582,higher_candidate_error,"Post hoc; pointwise 95% paired bootstrap, no multiplicity adjustment or confirmatory decision."
resolution_g64,64,advection_diffusion,correct,ood,64,looped,none,transformer,none,7.755582018009193,1.209264869612305,6.546317148396888,0.44174877338050744,15.308427720052961,6.413468391334036,1.4243612865041257,15.655859441755013,higher_candidate_error,"Post hoc; pointwise 95% paired bootstrap, no multiplicity adjustment or confirmatory decision."
resolution_g64,64,advection_diffusion,correct,ood,96,looped,none,mechanistic,,22.145840381861376,2.1311640766080192e-12,22.145840381859244,2.954642949818641,50.24863116460937,10391429090297.404,1278343520021.2483,24689296052167.953,higher_candidate_error,"Post hoc; pointwise 95% paired bootstrap, no multiplicity adjustment or confirmatory decision."
resolution_g64,64,advection_diffusion,correct,ood,96,looped,none,transformer,none,22.145840381861376,1.7402678984124929,20.405572483448882,1.279893831361539,48.74339254713825,12.725535190336645,1.8338994841382985,39.29078653176088,higher_candidate_error,"Post hoc; pointwise 95% paired bootstrap, no multiplicity adjustment or confirmatory decision."
resolution_g64,64,advection_diffusion,correct,test,64,looped,none,mechanistic,,0.0038628679517837827,2.9301991684989413e-12,0.0038628679488535837,0.003200654172341438,0.004553175045245588,1318295354.5654788,1039086011.4292648,1789728934.6046345,higher_candidate_error,"Post hoc; pointwise 95% paired bootstrap, no multiplicity adjustment or confirmatory decision."
resolution_g64,64,advection_diffusion,correct,test,64,looped,none,transformer,none,0.0038628679517837827,0.0016289262843475621,0.0022339416674362206,0.0014721842077440295,0.003031162496362423,2.3714197437307525,1.7821995283061018,3.2997110415386586,higher_candidate_error,"Post hoc; pointwise 95% paired bootstrap, no multiplicity adjustment or confirmatory decision."
resolution_g64,64,advection_diffusion,correct,test,96,looped,none,mechanistic,,0.0062812822455951545,5.076716209261053e-12,0.0062812822405184385,0.004422441085568968,0.00866305650847825,1237272675.225908,881726962.0389817,1804993266.1342309,higher_candidate_error,"Post hoc; pointwise 95% paired bootstrap, no multiplicity adjustment or confirmatory decision."
resolution_g64,64,advection_diffusion,correct,test,96,looped,none,transformer,none,0.0062812822455951545,0.0024689372179302433,0.003812345027664911,0.002541688245573891,0.005534819911575834,2.5441239250550374,2.04915188200087,3.173288423651201,higher_candidate_error,"Post hoc; pointwise 95% paired bootstrap, no multiplicity adjustment or confirmatory decision."
resolution_g64,64,advection_diffusion,correct,ood,64,looped,smooth,mechanistic,,4.0820030522625,1.4087050288203623e-12,4.082003052261092,1.6842716080862126,6.044111781996042,2897698928270.8354,1146740569671.1033,4747786438053.16,higher_candidate_error,"Post hoc; pointwise 95% paired bootstrap, no multiplicity adjustment or confirmatory decision."
resolution_g64,64,advection_diffusion,correct,ood,64,looped,smooth,transformer,smooth,4.0820030522625,1.5128764494469706,2.5691266028155297,0.6468100017116012,4.43328694144872,2.6981734389180754,1.4657637360408002,3.99339748219189,higher_candidate_error,"Post hoc; pointwise 95% paired bootstrap, no multiplicity adjustment or confirmatory decision."
resolution_g64,64,advection_diffusion,correct,ood,64,looped,smooth,looped,none,4.0820030522625,7.755582018009193,-3.6735789657466924,-10.94156768328767,0.6278445618710781,0.5263309759066056,0.3042544594223347,1.3778107896249612,interval_includes_zero,"Post hoc; pointwise 95% paired bootstrap, no multiplicity adjustment or confirmatory decision."
resolution_g64,64,advection_diffusion,correct,ood,96,looped,smooth,mechanistic,,12.15879111796986,2.1311640766080192e-12,12.158791117967729,4.023163895279403,20.85413771963797,5705234642150.081,1726884033623.5771,10633359535734.375,higher_candidate_error,"Post hoc; pointwise 95% paired bootstrap, no multiplicity adjustment or confirmatory decision."
resolution_g64,64,advection_diffusion,correct,ood,96,looped,smooth,transformer,smooth,12.15879111796986,2.3025700717203343,9.856221046249527,1.8846555612531037,18.646577227521195,5.2805303375134995,1.8260618763423433,11.320619853818645,higher_candidate_error,"Post hoc; pointwise 95% paired bootstrap, no multiplicity adjustment or confirmatory decision."
resolution_g64,64,advection_diffusion,correct,ood,96,looped,smooth,looped,none,12.15879111796986,22.145840381861376,-9.987049263891516,-30.007920823674674,1.5345728407613952,0.5490327261605551,0.38043727647634074,1.4488489436331244,interval_includes_zero,"Post hoc; pointwise 95% paired bootstrap, no multiplicity adjustment or confirmatory decision."
resolution_g64,64,advection_diffusion,correct,test,64,looped,smooth,mechanistic,,0.004665021434605843,2.9301991684989413e-12,0.004665021431675643,0.003438138957420734,0.005928808817951692,1592049265.714454,1093849758.8630984,2317084557.1494427,higher_candidate_error,"Post hoc; pointwise 95% paired bootstrap, no multiplicity adjustment or confirmatory decision."
resolution_g64,64,advection_diffusion,correct,test,64,looped,smooth,transformer,smooth,0.004665021434605843,0.0018389460538037194,0.0028260753808021233,0.0018848250650248457,0.0039549045014442875,2.5367908019686616,2.0390192006981662,3.315302713464526,higher_candidate_error,"Post hoc; pointwise 95% paired bootstrap, no multiplicity adjustment or confirmatory decision."
resolution_g64,64,advection_diffusion,correct,test,64,looped,smooth,looped,none,0.004665021434605843,0.0038628679517837827,0.00080215348282206,-0.00022213477809811255,0.0017814403238923082,1.2076574951136096,0.9418192014498428,1.465776792722799,interval_includes_zero,"Post hoc; pointwise 95% paired bootstrap, no multiplicity adjustment or confirmatory decision."
resolution_g64,64,advection_diffusion,correct,test,96,looped,smooth,mechanistic,,0.00957346279901683,5.076716209261053e-12,0.009573462793940113,0.0040135764529918684,0.018325554859070416,1885758904.851273,788218065.7433519,4007309047.091341,higher_candidate_error,"Post hoc; pointwise 95% paired bootstrap, no multiplicity adjustment or confirmatory decision."
resolution_g64,64,advection_diffusion,correct,test,96,looped,smooth,transformer,smooth,0.00957346279901683,0.0027627087765185005,0.006810754022498329,0.002303395233175479,0.014595400866199953,3.465245008951352,2.1974079337520767,5.162664602089422,higher_candidate_error,"Post hoc; pointwise 95% paired bootstrap, no multiplicity adjustment or confirmatory decision."
resolution_g64,64,advection_diffusion,correct,test,96,looped,smooth,looped,none,0.00957346279901683,0.0062812822455951545,0.0032921805534216753,-0.0011442737995942373,0.010083110045649185,1.5241255566457577,0.7882643154686259,2.2522801669788333,interval_includes_zero,"Post hoc; pointwise 95% paired bootstrap, no multiplicity adjustment or confirmatory decision."
resolution_g64,64,advection_diffusion,correct,ood,64,transformer,none,mechanistic,,1.209264869612305,1.4087050288203623e-12,1.2092648696108963,0.7209746316984886,1.6702476657434588,858423051577.3292,511583141625.763,1270987649822.8198,higher_candidate_error,"Post hoc; pointwise 95% paired bootstrap, no multiplicity adjustment or confirmatory decision."
resolution_g64,64,advection_diffusion,correct,ood,96,transformer,none,mechanistic,,1.7402678984124929,2.1311640766080192e-12,1.7402678984103617,0.8438601927856326,2.629560280804009,816580908769.0327,404978566208.3389,1321114178555.2947,higher_candidate_error,"Post hoc; pointwise 95% paired bootstrap, no multiplicity adjustment or confirmatory decision."
resolution_g64,64,advection_diffusion,correct,test,64,transformer,none,mechanistic,,0.0016289262843475621,2.9301991684989413e-12,0.0016289262814173629,0.0012535877861140953,0.0020559114094643774,555909749.0229701,408023836.2054441,793644213.2349699,higher_candidate_error,"Post hoc; pointwise 95% paired bootstrap, no multiplicity adjustment or confirmatory decision."
resolution_g64,64,advection_diffusion,correct,test,96,transformer,none,mechanistic,,0.0024689372179302433,5.076716209261053e-12,0.002468937212853527,0.0016602025873202805,0.003500056845544808,486325631.7984361,327396783.49803686,772750673.2542773,higher_candidate_error,"Post hoc; pointwise 95% paired bootstrap, no multiplicity adjustment or confirmatory decision."
resolution_g64,64,advection_diffusion,correct,ood,64,transformer,smooth,mechanistic,,1.5128764494469706,1.4087050288203623e-12,1.512876449445562,0.8623060440851785,2.118137417396199,1073948355756.0951,604011146052.6351,1625160209659.1685,higher_candidate_error,"Post hoc; pointwise 95% paired bootstrap, no multiplicity adjustment or confirmatory decision."
resolution_g64,64,advection_diffusion,correct,ood,64,transformer,smooth,transformer,none,1.5128764494469706,1.209264869612305,0.3036115798346657,0.07573800651213461,0.5556086094540207,1.2510711982661042,1.0693032783591585,1.4128461229362947,higher_candidate_error,"Post hoc; pointwise 95% paired bootstrap, no multiplicity adjustment or confirmatory decision."
resolution_g64,64,advection_diffusion,correct,ood,96,transformer,smooth,mechanistic,,2.3025700717203343,2.1311640766080192e-12,2.302570071718203,1.0656509823255889,3.6218029621404093,1080428342891.8934,495373710254.99713,1823430734416.9924,higher_candidate_error,"Post hoc; pointwise 95% paired bootstrap, no multiplicity adjustment or confirmatory decision."
resolution_g64,64,advection_diffusion,correct,ood,96,transformer,smooth,transformer,none,2.3025700717203343,1.7402678984124929,0.5623021733078415,0.08882797441713663,1.163182044957403,1.323112420691541,1.0612856201913345,1.5275833177483236,higher_candidate_error,"Post hoc; pointwise 95% paired bootstrap, no multiplicity adjustment or confirmatory decision."
resolution_g64,64,advection_diffusion,correct,test,64,transformer,smooth,mechanistic,,0.0018389460538037194,2.9301991684989413e-12,0.0018389460508735202,0.0013608586560525647,0.0023495676810446585,627583979.1278625,447844165.369758,898937227.3192846,higher_candidate_error,"Post hoc; pointwise 95% paired bootstrap, no multiplicity adjustment or confirmatory decision."
resolution_g64,64,advection_diffusion,correct,test,64,transformer,smooth,transformer,none,0.0018389460538037194,0.0016289262843475621,0.0002100197694561573,-0.0002709314904727839,0.0006420921055503698,1.1289314141924336,0.8459214302822197,1.4336031233744952,interval_includes_zero,"Post hoc; pointwise 95% paired bootstrap, no multiplicity adjustment or confirmatory decision."
resolution_g64,64,advection_diffusion,correct,test,96,transformer,smooth,mechanistic,,0.0027627087765185005,5.076716209261053e-12,0.002762708771441784,0.001623515614519467,0.004122414205789843,544192084.5365964,321128610.053489,890094877.0934831,higher_candidate_error,"Post hoc; pointwise 95% paired bootstrap, no multiplicity adjustment or confirmatory decision."
resolution_g64,64,advection_diffusion,correct,test,96,transformer,smooth,transformer,none,0.0027627087765185005,0.0024689372179302433,0.0002937715585882572,-0.0005613318035961348,0.0012029770563241463,1.1189870509686477,0.7677583708645637,1.4971164819380327,interval_includes_zero,"Post hoc; pointwise 95% paired bootstrap, no multiplicity adjustment or confirmatory decision."
resolution_g64,64,allen_cahn,coefficient,ood,64,fno,none,mechanistic,,0.03284299911244434,0.00453687570660577,0.028306123405838574,0.01524596544724168,0.04895564420377107,7.239122523154947,3.6668529854883385,13.871981886053558,higher_candidate_error,"Post hoc; pointwise 95% paired bootstrap, no multiplicity adjustment or confirmatory decision."
resolution_g64,64,allen_cahn,coefficient,ood,64,fno,none,transformer,none,0.03284299911244434,0.09529700272229502,-0.06245400360985068,-0.09341813848227927,-0.028656946479444226,0.34463832202731626,0.23753827245294648,0.47561327304245626,lower_candidate_error,"Post hoc; pointwise 95% paired bootstrap, no multiplicity adjustment or confirmatory decision."
resolution_g64,64,allen_cahn,coefficient,ood,96,fno,none,mechanistic,,0.07877459933783221,0.004276016600783805,0.0744985827370484,0.0417444825919892,0.12793725678629395,18.42242598482724,9.591262347351343,33.39196951846605,higher_candidate_error,"Post hoc; pointwise 95% paired bootstrap, no multiplicity adjustment or confirmatory decision."
resolution_g64,64,allen_cahn,coefficient,ood,96,fno,none,transformer,none,0.07877459933783221,0.16196839442211636,-0.08319379508428415,-0.12908261710703467,-0.03405146949847911,0.4863578454234263,0.30170265685240727,0.6674003572426261,lower_candidate_error,"Post hoc; pointwise 95% paired bootstrap, no multiplicity adjustment or confirmatory decision."
resolution_g64,64,allen_cahn,coefficient,test,64,fno,none,mechanistic,,0.013463545766949534,0.005892335089258793,0.00757121067769074,0.002583760630430709,0.01223183177642994,2.28492534165146,1.298197780261474,4.089229295087218,higher_candidate_error,"Post hoc; pointwise 95% paired bootstrap, no multiplicity adjustment or confirmatory decision."
resolution_g64,64,allen_cahn,coefficient,test,64,fno,none,transformer,none,0.013463545766949534,0.0022382848136654754,0.011225260953284058,0.006728450200570561,0.015441959760945808,6.015117327674341,3.398996906096159,9.546833792869725,higher_candidate_error,"Post hoc; pointwise 95% paired bootstrap, no multiplicity adjustment or confirmatory decision."
resolution_g64,64,allen_cahn,coefficient,test,96,fno,none,mechanistic,,0.03007278708821789,0.006197829078067466,0.023874958010150424,0.012972667318724967,0.03382028063933531,4.8521485038427095,2.542617249713287,9.41544791528545,higher_candidate_error,"Post hoc; pointwise 95% paired bootstrap, no multiplicity adjustment or confirmatory decision."
resolution_g64,64,allen_cahn,coefficient,test,96,fno,none,transformer,none,0.03007278708821789,0.0030847589149902528,0.026988028173227638,0.0158211156086662,0.036840536464075674,9.748828973985773,5.35132254331843,15.763316369779337,higher_candidate_error,"Post hoc; pointwise 95% paired bootstrap, no multiplicity adjustment or confirmatory decision."
resolution_g64,64,allen_cahn,coefficient,ood,64,fno,smooth,mechanistic,,0.009629759152993245,0.00453687570660577,0.005092883446387475,-0.0011024274262578084,0.011772070999701453,2.1225530024929156,0.7933248565973682,4.22281365469359,interval_includes_zero,"Post hoc; pointwise 95% paired bootstrap, no multiplicity adjustment or confirmatory decision."
resolution_g64,64,allen_cahn,coefficient,ood,64,fno,smooth,transformer,smooth,0.009629759152993245,0.18891103362713935,-0.1792812744741461,-0.2597239697910848,-0.09386571623671887,0.050975101708457406,0.013702586118028971,0.14375025140005787,lower_candidate_error,"Post hoc; pointwise 95% paired bootstrap, no multiplicity adjustment or confirmatory decision."
resolution_g64,64,allen_cahn,coefficient,ood,64,fno,smooth,fno,none,0.009629759152993245,0.03284299911244434,-0.0232132399594511,-0.04657238381173078,-0.006670040067141737,0.29320584030782043,0.08996019305962369,0.6973076799603173,lower_candidate_error,"Post hoc; pointwise 95% paired bootstrap, no multiplicity adjustment or confirmatory decision."
resolution_g64,64,allen_cahn,coefficient,ood,96,fno,smooth,mechanistic,,0.01904584887275007,0.004276016600783805,0.014769832271966266,0.002529910065096941,0.027667523205389326,4.454110133543194,1.609523002234122,8.25473108281461,higher_candidate_error,"Post hoc; pointwise 95% paired bootstrap, no multiplicity adjustment or confirmatory decision."
resolution_g64,64,allen_cahn,coefficient,ood,96,fno,smooth,transformer,smooth,0.01904584887275007,0.3174166044285798,-0.2983707555558297,-0.450396228102443,-0.14926944770319897,0.06000268608202403,0.014782313833126315,0.17610197526843216,lower_candidate_error,"Post hoc; pointwise 95% paired bootstrap, no multiplicity adjustment or confirmatory decision."
resolution_g64,64,allen_cahn,coefficient,ood,96,fno,smooth,fno,none,0.01904584887275007,0.07877459933783221,-0.05972875046508214,-0.11930483463069665,-0.019357984731904698,0.24177652482966208,0.070246781062254,0.6087688339863807,lower_candidate_error,"Post hoc; pointwise 95% paired bootstrap, no multiplicity adjustment or confirmatory decision."
resolution_g64,64,allen_cahn,coefficient,test,64,fno,smooth,mechanistic,,0.000561304436022262,0.005892335089258793,-0.005331030653236531,-0.009554417009470155,-0.0030324785519252645,0.09526010104983175,0.05132134455425879,0.17910062641190938,lower_candidate_error,"Post hoc; pointwise 95% paired bootstrap, no multiplicity adjustment or confirmatory decision."
resolution_g64,64,allen_cahn,coefficient,test,64,fno,smooth,transformer,smooth,0.000561304436022262,0.0014741853266620197,-0.0009128808906397577,-0.0017311430614846922,-0.00033881279599914065,0.38075567967646035,0.22930314321082151,0.6680164099380471,lower_candidate_error,"Post hoc; pointwise 95% paired bootstrap, no multiplicity adjustment or confirmatory decision."
resolution_g64,64,allen_cahn,coefficient,test,64,fno,smooth,fno,none,0.000561304436022262,0.013463545766949534,-0.012902241330927272,-0.017059354517119592,-0.00854284537519837,0.04169068429210963,0.02902268779354663,0.0598670205231617,lower_candidate_error,"Post hoc; pointwise 95% paired bootstrap, no multiplicity adjustment or confirmatory decision."
resolution_g64,64,allen_cahn,coefficient,test,96,fno,smooth,mechanistic,,0.0010495593193795213,0.006197829078067466,-0.0051482697586879445,-0.009922082639554,-0.0025473144927665196,0.16934305644110834,0.08677702164400614,0.3289699136978184,lower_candidate_error,"Post hoc; pointwise 95% paired bootstrap, no multiplicity adjustment or confirmatory decision."
resolution_g64,64,allen_cahn,coefficient,test,96,fno,smooth,transformer,smooth,0.0010495593193795213,0.002201434824476637,-0.0011518755050971157,-0.002226203324380118,-0.000338614185812085,0.476761477428268,0.293953159074552,0.7846942089084477,lower_candidate_error,"Post hoc; pointwise 95% paired bootstrap, no multiplicity adjustment or confirmatory decision."
resolution_g64,64,allen_cahn,coefficient,test,96,fno,smooth,fno,none,0.0010495593193795213,0.03007278708821789,-0.02902322776883837,-0.038815758936807304,-0.018151792766392456,0.034900633463092766,0.02201103747667289,0.05650883635490401,lower_candidate_error,"Post hoc; pointwise 95% paired bootstrap, no multiplicity adjustment or confirmatory decision."
resolution_g64,64,allen_cahn,coefficient,ood,64,looped,none,mechanistic,,0.11850258574341743,0.00453687570660577,0.11396571003681166,0.08123737525695504,0.14601260371750038,26.119866050303212,15.967843967695702,41.25766908241887,higher_candidate_error,"Post hoc; pointwise 95% paired bootstrap, no multiplicity adjustment or confirmatory decision."
resolution_g64,64,allen_cahn,coefficient,ood,64,looped,none,transformer,none,0.11850258574341743,0.09529700272229502,0.02320558302112241,-0.006639307010189133,0.0547944659071829,1.243508005060199,0.9437167527177851,2.018925240808531,interval_includes_zero,"Post hoc; pointwise 95% paired bootstrap, no multiplicity adjustment or confirmatory decision."
resolution_g64,64,allen_cahn,coefficient,ood,96,looped,none,mechanistic,,0.24821023260371775,0.004276016600783805,0.24393421600293394,0.18289286497434207,0.30037860146825124,58.04706945202695,38.79808894409501,81.39504129449612,higher_candidate_error,"Post hoc; pointwise 95% paired bootstrap, no multiplicity adjustment or confirmatory decision."
resolution_g64,64,allen_cahn,coefficient,ood,96,looped,none,transformer,none,0.24821023260371775,0.16196839442211636,0.08624183818160139,0.02895711079694472,0.14882695364705353,1.5324609068905193,1.1474230449704235,2.6121071369801143,higher_candidate_error,"Post hoc; pointwise 95% paired bootstrap, no multiplicity adjustment or confirmatory decision."
resolution_g64,64,allen_cahn,coefficient,test,64,looped,none,mechanistic,,0.004590080832873933,0.005892335089258793,-0.0013022542563848605,-0.004892419353952081,0.0009937793970750672,0.7789918195998807,0.4738975671590478,1.2382581356619915,interval_includes_zero,"Post hoc; pointwise 95% paired bootstrap, no multiplicity adjustment or confirmatory decision."
resolution_g64,64,allen_cahn,coefficient,test,64,looped,none,transformer,none,0.004590080832873933,0.0022382848136654754,0.0023517960192084575,0.0010333698776924325,0.004530597778948438,2.050713477056163,1.4028970424508427,3.337081046088147,higher_candidate_error,"Post hoc; pointwise 95% paired bootstrap, no multiplicity adjustment or confirmatory decision."
resolution_g64,64,allen_cahn,coefficient,test,96,looped,none,mechanistic,,0.005481155726062115,0.006197829078067466,-0.0007166733520053512,-0.005148150190117001,0.002025248975697519,0.8843670351379203,0.5095521509555535,1.489745204277079,interval_includes_zero,"Post hoc; pointwise 95% paired bootstrap, no multiplicity adjustment or confirmatory decision."
resolution_g64,64,allen_cahn,coefficient,test,96,looped,none,transformer,none,0.005481155726062115,0.0030847589149902528,0.002396396811071862,0.0008702100347430565,0.004856654581253851,1.7768505990619479,1.2253423812533037,2.901837980511667,higher_candidate_error,"Post hoc; pointwise 95% paired bootstrap, no multiplicity adjustment or confirmatory decision."
resolution_g64,64,allen_cahn,coefficient,ood,64,looped,smooth,mechanistic,,0.11597778686893956,0.00453687570660577,0.11144091116233379,0.04976701753283107,0.2038025599890189,25.563359979219594,11.103627849871478,50.89043604863062,higher_candidate_error,"Post hoc; pointwise 95% paired bootstrap, no multiplicity adjustment or confirmatory decision."
resolution_g64,64,allen_cahn,coefficient,ood,64,looped,smooth,transformer,smooth,0.11597778686893956,0.18891103362713935,-0.07293324675819979,-0.19435113412400026,0.05200487652813903,0.6139280731365283,0.24163194900491858,1.4144639637766079,interval_includes_zero,"Post hoc; pointwise 95% paired bootstrap, no multiplicity adjustment or confirmatory decision."
resolution_g64,64,allen_cahn,coefficient,ood,64,looped,smooth,looped,none,0.11597778686893956,0.11850258574341743,-0.0025247988744778738,-0.09121910351704843,0.11874137777509239,0.9786941452911029,0.3691048249093347,2.3471542108773833,interval_includes_zero,"Post hoc; pointwise 95% paired bootstrap, no multiplicity adjustment or confirmatory decision."
resolution_g64,64,allen_cahn,coefficient,ood,96,looped,smooth,mechanistic,,0.22876223475437546,0.004276016600783805,0.22448621815359165,0.10306220807794925,0.39675526415341933,53.498911747078516,24.367973743495828,98.38490350156466,higher_candidate_error,"Post hoc; pointwise 95% paired bootstrap, no multiplicity adjustment or confirmatory decision."
resolution_g64,64,allen_cahn,coefficient,ood,96,looped,smooth,transformer,smooth,0.22876223475437546,0.3174166044285798,-0.08865436967420431,-0.3259879031597286,0.15629356104347805,0.7207002770576485,0.26920715520223676,1.8105670124506652,interval_includes_zero,"Post hoc; pointwise 95% paired bootstrap, no multiplicity adjustment or confirmatory decision."
resolution_g64,64,allen_cahn,coefficient,ood,96,looped,smooth,looped,none,0.22876223475437546,0.24821023260371775,-0.019447997849342286,-0.1828566338695861,0.20813009825128106,0.9216470745571873,0.3783966119996257,2.0876773301169167,interval_includes_zero,"Post hoc; pointwise 95% paired bootstrap, no multiplicity adjustment or confirmatory decision."
resolution_g64,64,allen_cahn,coefficient,test,64,looped,smooth,mechanistic,,0.0024689878878531163,0.005892335089258793,-0.003423347201405677,-0.007568495701125338,-0.0009715471274391736,0.41901688387577674,0.2232518907920984,0.7603590856490638,lower_candidate_error,"Post hoc; pointwise 95% paired bootstrap, no multiplicity adjustment or confirmatory decision."
resolution_g64,64,allen_cahn,coefficient,test,64,looped,smooth,transformer,smooth,0.0024689878878531163,0.0014741853266620197,0.0009948025611910966,0.0006080982154219155,0.0015256966630839298,1.6748151288709514,1.438769677045632,2.0094275217268165,higher_candidate_error,"Post hoc; pointwise 95% paired bootstrap, no multiplicity adjustment or confirmatory decision."
resolution_g64,64,allen_cahn,coefficient,test,64,looped,smooth,looped,none,0.0024689878878531163,0.004590080832873933,-0.0021210929450208166,-0.0043639458978687136,-0.0007085433932247653,0.5378963852162137,0.3353692416060473,0.7952620162604316,lower_candidate_error,"Post hoc; pointwise 95% paired bootstrap, no multiplicity adjustment or confirmatory decision."
resolution_g64,64,allen_cahn,coefficient,test,96,looped,smooth,mechanistic,,0.003870767616427286,0.006197829078067466,-0.0023270614616401797,-0.007186459976242957,0.0006582116746240408,0.624536037969318,0.31705412148156303,1.1523523758831735,interval_includes_zero,"Post hoc; pointwise 95% paired bootstrap, no multiplicity adjustment or confirmatory decision."
resolution_g64,64,allen_cahn,coefficient,test,96,looped,smooth,transformer,smooth,0.003870767616427286,0.002201434824476637,0.001669332791950649,0.001039584178861963,0.0025129411947419486,1.7582930793090872,1.509723607051372,2.0928594548916992,higher_candidate_error,"Post hoc; pointwise 95% paired bootstrap, no multiplicity adjustment or confirmatory decision."
resolution_g64,64,allen_cahn,coefficient,test,96,looped,smooth,looped,none,0.003870767616427286,0.005481155726062115,-0.0016103881096348285,-0.004105503334728429,0.0001089289916583417,0.7061955196825256,0.4516132348599742,1.0216667345351584,interval_includes_zero,"Post hoc; pointwise 95% paired bootstrap, no multiplicity adjustment or confirmatory decision."
resolution_g64,64,allen_cahn,coefficient,ood,64,transformer,none,mechanistic,,0.09529700272229502,0.00453687570660577,0.09076012701568925,0.047293138328620844,0.13876887971446167,21.004984241367012,10.908810645185627,37.5529926995018,higher_candidate_error,"Post hoc; pointwise 95% paired bootstrap, no multiplicity adjustment or confirmatory decision."
resolution_g64,64,allen_cahn,coefficient,ood,96,transformer,none,mechanistic,,0.16196839442211636,0.004276016600783805,0.15769237782133255,0.0853111995424871,0.22978246608616915,37.87833620487515,20.309391406165282,61.34989398154889,higher_candidate_error,"Post hoc; pointwise 95% paired bootstrap, no multiplicity adjustment or confirmatory decision."
resolution_g64,64,allen_cahn,coefficient,test,64,transformer,none,mechanistic,,0.0022382848136654754,0.005892335089258793,-0.003654050275593318,-0.00780439283972541,-0.0011886052195446508,0.37986380267912306,0.2015478097335093,0.7117925773896764,lower_candidate_error,"Post hoc; pointwise 95% paired bootstrap, no multiplicity adjustment or confirmatory decision."
resolution_g64,64,allen_cahn,coefficient,test,96,transformer,none,mechanistic,,0.0030847589149902528,0.006197829078067466,-0.003113070163077213,-0.007888285382259967,-0.00020951519570884877,0.49771603510436047,0.25336402379549006,0.9511442423226218,lower_candidate_error,"Post hoc; pointwise 95% paired bootstrap, no multiplicity adjustment or confirmatory decision."
resolution_g64,64,allen_cahn,coefficient,ood,64,transformer,smooth,mechanistic,,0.18891103362713935,0.00453687570660577,0.18437415792053358,0.10424639994706222,0.25898500411248665,41.63901456504123,20.765399646024118,71.50780055160023,higher_candidate_error,"Post hoc; pointwise 95% paired bootstrap, no multiplicity adjustment or confirmatory decision."
resolution_g64,64,allen_cahn,coefficient,ood,64,transformer,smooth,transformer,none,0.18891103362713935,0.09529700272229502,0.09361403090484433,0.04487482545504541,0.15391849748653547,1.9823397193051806,1.481225176576353,2.6904057039932114,higher_candidate_error,"Post hoc; pointwise 95% paired bootstrap, no multiplicity adjustment or confirmatory decision."
resolution_g64,64,allen_cahn,coefficient,ood,96,transformer,smooth,mechanistic,,0.3174166044285798,0.004276016600783805,0.31314058782779597,0.17573185767519253,0.45286343930642653,74.2318456786151,37.98779753945428,119.55648963734426,higher_candidate_error,"Post hoc; pointwise 95% paired bootstrap, no multiplicity adjustment or confirmatory decision."
resolution_g64,64,allen_cahn,coefficient,ood,96,transformer,smooth,transformer,none,0.3174166044285798,0.16196839442211636,0.15544821000646342,0.07448972780639761,0.2629400836099334,1.9597440942789106,1.5252398170526904,2.5510220355141735,higher_candidate_error,"Post hoc; pointwise 95% paired bootstrap, no multiplicity adjustment or confirmatory decision."
resolution_g64,64,allen_cahn,coefficient,test,64,transformer,smooth,mechanistic,,0.0014741853266620197,0.005892335089258793,-0.004418149762596774,-0.00839694292421051,-0.0022415293222102376,0.2501869469965022,0.14185091710657452,0.45478882636897483,lower_candidate_error,"Post hoc; pointwise 95% paired bootstrap, no multiplicity adjustment or confirmatory decision."
resolution_g64,64,allen_cahn,coefficient,test,64,transformer,smooth,transformer,none,0.0014741853266620197,0.0022382848136654754,-0.0007640994870034556,-0.0014445471259789072,-0.00033953908713623175,0.6586227622426005,0.5335696128627155,0.8167685274621005,lower_candidate_error,"Post hoc; pointwise 95% paired bootstrap, no multiplicity adjustment or confirmatory decision."
resolution_g64,64,allen_cahn,coefficient,test,96,transformer,smooth,mechanistic,,0.002201434824476637,0.006197829078067466,-0.003996394253590829,-0.008541154864302654,-0.0014455955816118692,0.35519450387345347,0.18849820645480622,0.6589593227441255,lower_candidate_error,"Post hoc; pointwise 95% paired bootstrap, no multiplicity adjustment or confirmatory decision."
resolution_g64,64,allen_cahn,coefficient,test,96,transformer,smooth,transformer,none,0.002201434824476637,0.0030847589149902528,-0.0008833240905136157,-0.0017874497682245905,-0.0003206705981909921,0.7136489058444274,0.5805821469171015,0.8741479714302913,lower_candidate_error,"Post hoc; pointwise 95% paired bootstrap, no multiplicity adjustment or confirmatory decision."
resolution_g64,64,allen_cahn,correct,ood,64,fno,none,mechanistic,,0.032847410082211745,1.560791677954801e-11,0.03284741006660383,0.019956698752728118,0.053507302487525034,2104535188.5303285,1238718459.4161603,3491431540.417345,higher_candidate_error,"Post hoc; pointwise 95% paired bootstrap, no multiplicity adjustment or confirmatory decision."
resolution_g64,64,allen_cahn,correct,ood,64,fno,none,transformer,none,0.032847410082211745,0.09529695680310096,-0.06244954672088922,-0.09325215356363852,-0.028745017518572735,0.34468477466788205,0.23797511940767074,0.47440445829340633,lower_candidate_error,"Post hoc; pointwise 95% paired bootstrap, no multiplicity adjustment or confirmatory decision."
resolution_g64,64,allen_cahn,correct,ood,96,fno,none,mechanistic,,0.07898408254384491,1.4585245588120035e-11,0.07898408252925966,0.045987059929451984,0.13294284950466226,5415341282.163872,3050427555.5098047,9255972350.393333,higher_candidate_error,"Post hoc; pointwise 95% paired bootstrap, no multiplicity adjustment or confirmatory decision."
resolution_g64,64,allen_cahn,correct,ood,96,fno,none,transformer,none,0.07898408254384491,0.16196834661767248,-0.08298426407382757,-0.12862009398735427,-0.03413051335633674,0.4876513478913719,0.30263643131878176,0.6685415218532477,lower_candidate_error,"Post hoc; pointwise 95% paired bootstrap, no multiplicity adjustment or confirmatory decision."
resolution_g64,64,allen_cahn,correct,test,64,fno,none,mechanistic,,0.013370710183213955,1.7511839457505798e-12,0.013370710181462771,0.008983117160246685,0.017541744981756324,7635240270.252192,4969270601.036226,10457841402.260687,higher_candidate_error,"Post hoc; pointwise 95% paired bootstrap, no multiplicity adjustment or confirmatory decision."
resolution_g64,64,allen_cahn,correct,test,64,fno,none,transformer,none,0.013370710183213955,0.002238284122659362,0.011132426060554593,0.006674630004120735,0.01534177765864417,5.9736429561622755,3.3780871218838744,9.48689089188544,higher_candidate_error,"Post hoc; pointwise 95% paired bootstrap, no multiplicity adjustment or confirmatory decision."
resolution_g64,64,allen_cahn,correct,test,96,fno,none,mechanistic,,0.029718368752533496,1.8972465293115697e-12,0.02971836875063625,0.018912013548605427,0.03925711148744079,15663946826.834904,9716619267.982346,21808042049.912083,higher_candidate_error,"Post hoc; pointwise 95% paired bootstrap, no multiplicity adjustment or confirmatory decision."
resolution_g64,64,allen_cahn,correct,test,96,fno,none,transformer,none,0.029718368752533496,0.003084758869976352,0.026633609882557144,0.01558661563615352,0.03627155935847657,9.63393574835926,5.291458863043796,15.583508466933198,higher_candidate_error,"Post hoc; pointwise 95% paired bootstrap, no multiplicity adjustment or confirmatory decision."
resolution_g64,64,allen_cahn,correct,ood,64,fno,smooth,mechanistic,,0.0077948854159254274,1.560791677954801e-11,0.007794885400317511,0.0023827980980895055,0.01683488567048434,499418694.11679167,152997678.9999573,1075389625.1818705,higher_candidate_error,"Post hoc; pointwise 95% paired bootstrap, no multiplicity adjustment or confirmatory decision."
resolution_g64,64,allen_cahn,correct,ood,64,fno,smooth,transformer,smooth,0.0077948854159254274,0.2006655619464075,-0.19287067653048207,-0.2593100343979996,-0.12491970456709565,0.038845157785506,0.009243993345225628,0.11637108743153779,lower_candidate_error,"Post hoc; pointwise 95% paired bootstrap, no multiplicity adjustment or confirmatory decision."
resolution_g64,64,allen_cahn,correct,ood,64,fno,smooth,fno,none,0.0077948854159254274,0.032847410082211745,-0.025052524666286317,-0.04960622565420175,-0.006753386968041164,0.23730593664511426,0.0523586071475521,0.698128620636615,lower_candidate_error,"Post hoc; pointwise 95% paired bootstrap, no multiplicity adjustment or confirmatory decision."
resolution_g64,64,allen_cahn,correct,ood,96,fno,smooth,mechanistic,,0.015770853050035408,1.4585245588120035e-11,0.01577085303545016,0.004672910094747424,0.03440172008377098,1081288138.3965912,324301121.80350345,2344961989.3936486,higher_candidate_error,"Post hoc; pointwise 95% paired bootstrap, no multiplicity adjustment or confirmatory decision."
resolution_g64,64,allen_cahn,correct,ood,96,fno,smooth,transformer,smooth,0.015770853050035408,0.33241077365060256,-0.31663992060056717,-0.43032110098996335,-0.21441571471757118,0.047443868551060184,0.011081063175386562,0.13172735771894892,lower_candidate_error,"Post hoc; pointwise 95% paired bootstrap, no multiplicity adjustment or confirmatory decision."
resolution_g64,64,allen_cahn,correct,ood,96,fno,smooth,fno,none,0.015770853050035408,0.07898408254384491,-0.0632132294938095,-0.12553980968927317,-0.018268944266815638,0.1996712823913709,0.04145967866942496,0.6366236288638286,lower_candidate_error,"Post hoc; pointwise 95% paired bootstrap, no multiplicity adjustment or confirmatory decision."
resolution_g64,64,allen_cahn,correct,test,64,fno,smooth,mechanistic,,0.0002268041218828499,1.7511839457505798e-12,0.00022680412013166595,0.00015325657591364734,0.0003269506650283256,129514733.4083392,87222337.24808888,188168603.17975536,higher_candidate_error,"Post hoc; pointwise 95% paired bootstrap, no multiplicity adjustment or confirmatory decision."
resolution_g64,64,allen_cahn,correct,test,64,fno,smooth,transformer,smooth,0.0002268041218828499,0.0013139786851761315,-0.0010871745632932816,-0.0016833907822418502,-0.0006981044327251029,0.17260867656498405,0.11517116567561124,0.2501237379125413,lower_candidate_error,"Post hoc; pointwise 95% paired bootstrap, no multiplicity adjustment or confirmatory decision."
resolution_g64,64,allen_cahn,correct,test,64,fno,smooth,fno,none,0.0002268041218828499,0.013370710183213955,-0.013143906061331105,-0.017286837984089642,-0.008789779160271164,0.016962758056605513,0.01147990017668097,0.02455201933309649,lower_candidate_error,"Post hoc; pointwise 95% paired bootstrap, no multiplicity adjustment or confirmatory decision."
resolution_g64,64,allen_cahn,correct,test,96,fno,smooth,mechanistic,,0.000346266071863639,1.8972465293115697e-12,0.00034626606996639246,0.00026999684994671256,0.0004409886725732662,182509793.27883354,139798195.3380696,236506098.47676918,higher_candidate_error,"Post hoc; pointwise 95% paired bootstrap, no multiplicity adjustment or confirmatory decision."
resolution_g64,64,allen_cahn,correct,test,96,fno,smooth,transformer,smooth,0.000346266071863639,0.0019317736882709842,-0.0015855076164073452,-0.0023534596662151764,-0.001057144966849945,0.1792477420963121,0.12479082121015887,0.2538492412267738,lower_candidate_error,"Post hoc; pointwise 95% paired bootstrap, no multiplicity adjustment or confirmatory decision."
resolution_g64,64,allen_cahn,correct,test,96,fno,smooth,fno,none,0.000346266071863639,0.029718368752533496,-0.029372102680669858,-0.03893500324892148,-0.0185880772477494,0.011651584067315934,0.007987407002112396,0.018498015611965644,lower_candidate_error,"Post hoc; pointwise 95% paired bootstrap, no multiplicity adjustment or confirmatory decision."
resolution_g64,64,allen_cahn,correct,ood,64,looped,none,mechanistic,,0.1185026222129365,1.560791677954801e-11,0.11850262219732859,0.0856082095927446,0.15115195996898906,7592468866.07043,5417564612.172802,9949867899.976147,higher_candidate_error,"Post hoc; pointwise 95% paired bootstrap, no multiplicity adjustment or confirmatory decision."
resolution_g64,64,allen_cahn,correct,ood,64,looped,none,transformer,none,0.1185026222129365,0.09529695680310096,0.02320566540983554,-0.006639694597550166,0.054794586132485404,1.243508986942597,0.9437126498963487,2.0189216242720662,interval_includes_zero,"Post hoc; pointwise 95% paired bootstrap, no multiplicity adjustment or confirmatory decision."
resolution_g64,64,allen_cahn,correct,ood,96,looped,none,mechanistic,,0.24821038938819595,1.4585245588120035e-11,0.2482103893736107,0.18713246363286254,0.30459859082746116,17017909495.495098,12727313762.337322,21244830481.55509,higher_candidate_error,"Post hoc; pointwise 95% paired bootstrap, no multiplicity adjustment or confirmatory decision."
resolution_g64,64,allen_cahn,correct,ood,96,looped,none,transformer,none,0.24821038938819595,0.16196834661767248,0.08624204277052347,0.02895771140399862,0.14882692465444408,1.532462327186055,1.1474215246808428,2.612097496773119,higher_candidate_error,"Post hoc; pointwise 95% paired bootstrap, no multiplicity adjustment or confirmatory decision."
resolution_g64,64,allen_cahn,correct,test,64,looped,none,mechanistic,,0.0045900809233599404,1.7511839457505798e-12,0.004590080921608756,0.0028906093642484267,0.007013152396738582,2621130084.3056626,1651598781.2467914,4008159416.4427714,higher_candidate_error,"Post hoc; pointwise 95% paired bootstrap, no multiplicity adjustment or confirmatory decision."
resolution_g64,64,allen_cahn,correct,test,64,looped,none,transformer,none,0.0045900809233599404,0.002238284122659362,0.0023517968007005785,0.0010333703016074732,0.00453059616257525,2.0507141505817184,1.4028965835115572,3.3370813416493115,higher_candidate_error,"Post hoc; pointwise 95% paired bootstrap, no multiplicity adjustment or confirmatory decision."
resolution_g64,64,allen_cahn,correct,test,96,looped,none,mechanistic,,0.0054811506690644425,1.8972465293115697e-12,0.005481150667167196,0.003685258926159154,0.008054538508455873,2889002870.414168,1925529784.923873,4286147349.563222,higher_candidate_error,"Post hoc; pointwise 95% paired bootstrap, no multiplicity adjustment or confirmatory decision."
resolution_g64,64,allen_cahn,correct,test,96,looped,none,transformer,none,0.0054811506690644425,0.003084758869976352,0.0023963917990880903,0.0008702137321029865,0.004856630196083235,1.7768489856409624,1.2253422741701987,2.901833576848605,higher_candidate_error,"Post hoc; pointwise 95% paired bootstrap, no multiplicity adjustment or confirmatory decision."
resolution_g64,64,allen_cahn,correct,ood,64,looped,smooth,mechanistic,,0.10073708941490667,1.560791677954801e-11,0.10073708939929875,0.062306053917979505,0.13938246457295583,6454230301.055201,3989719569.6045837,9127710467.700012,higher_candidate_error,"Post hoc; pointwise 95% paired bootstrap, no multiplicity adjustment or confirmatory decision."
resolution_g64,64,allen_cahn,correct,ood,64,looped,smooth,transformer,smooth,0.10073708941490667,0.2006655619464075,-0.09992847253150083,-0.1937631722851473,-0.003616783899243573,0.5020148372136266,0.2482559978401261,0.973621756663909,lower_candidate_error,"Post hoc; pointwise 95% paired bootstrap, no multiplicity adjustment or confirmatory decision."
resolution_g64,64,allen_cahn,correct,ood,64,looped,smooth,looped,none,0.10073708941490667,0.1185026222129365,-0.017765532798029837,-0.0828075210766541,0.046358826966516636,0.8500832094153403,0.4417276625593024,1.5203122341512407,interval_includes_zero,"Post hoc; pointwise 95% paired bootstrap, no multiplicity adjustment or confirmatory decision."
resolution_g64,64,allen_cahn,correct,ood,96,looped,smooth,mechanistic,,0.21102317651608882,1.4585245588120035e-11,0.21102317650150357,0.12281429952695413,0.31431948079680233,14468263509.25289,8461461564.841168,21794273170.05731,higher_candidate_error,"Post hoc; pointwise 95% paired bootstrap, no multiplicity adjustment or confirmatory decision."
resolution_g64,64,allen_cahn,correct,ood,96,looped,smooth,transformer,smooth,0.21102317651608882,0.33241077365060256,-0.12138759713451375,-0.2901299575447658,0.05715256376156623,0.6348265256224684,0.3115238903618936,1.228405776139473,interval_includes_zero,"Post hoc; pointwise 95% paired bootstrap, no multiplicity adjustment or confirmatory decision."
resolution_g64,64,allen_cahn,correct,ood,96,looped,smooth,looped,none,0.21102317651608882,0.24821038938819595,-0.037187212872107134,-0.16515490319552825,0.09155307898313514,0.8501786610795445,0.442775641349806,1.4491335842078605,interval_includes_zero,"Post hoc; pointwise 95% paired bootstrap, no multiplicity adjustment or confirmatory decision."
resolution_g64,64,allen_cahn,correct,test,64,looped,smooth,mechanistic,,0.0021448376800388136,1.7511839457505798e-12,0.0021448376782876298,0.0014207382506147195,0.0032214245649298625,1224792909.5304198,801821207.9559108,1865635837.6756775,higher_candidate_error,"Post hoc; pointwise 95% paired bootstrap, no multiplicity adjustment or confirmatory decision."
resolution_g64,64,allen_cahn,correct,test,64,looped,smooth,transformer,smooth,0.0021448376800388136,0.0013139786851761315,0.0008308589948626821,0.00031288377827627184,0.0013641434983176915,1.6323230385973195,1.2519145974502761,2.0923868656279763,higher_candidate_error,"Post hoc; pointwise 95% paired bootstrap, no multiplicity adjustment or confirmatory decision."
resolution_g64,64,allen_cahn,correct,test,64,looped,smooth,looped,none,0.0021448376800388136,0.0045900809233599404,-0.002445243243321127,-0.0043400961919425485,-0.001273408240113812,0.46727665935545026,0.337703710229423,0.6360684734409826,lower_candidate_error,"Post hoc; pointwise 95% paired bootstrap, no multiplicity adjustment or confirmatory decision."
resolution_g64,64,allen_cahn,correct,test,96,looped,smooth,mechanistic,,0.0031818110946324474,1.8972465293115697e-12,0.0031818110927352007,0.0021026768957273143,0.004740372607401743,1677067816.6885312,1090997609.0389683,2564567184.402852,higher_candidate_error,"Post hoc; pointwise 95% paired bootstrap, no multiplicity adjustment or confirmatory decision."
resolution_g64,64,allen_cahn,correct,test,96,looped,smooth,transformer,smooth,0.0031818110946324474,0.0019317736882709842,0.0012500374063614632,0.0003857597917621622,0.0022578315305215426,1.6470930906406005,1.2095643398225937,2.1915664430132353,higher_candidate_error,"Post hoc; pointwise 95% paired bootstrap, no multiplicity adjustment or confirmatory decision."
resolution_g64,64,allen_cahn,correct,test,96,looped,smooth,looped,none,0.0031818110946324474,0.0054811506690644425,-0.002299339574431995,-0.004194492889540817,-0.0010997978322968471,0.5805005712743049,0.43432479114482736,0.7690007101043458,lower_candidate_error,"Post hoc; pointwise 95% paired bootstrap, no multiplicity adjustment or confirmatory decision."
resolution_g64,64,allen_cahn,correct,ood,64,transformer,none,mechanistic,,0.09529695680310096,1.560791677954801e-11,0.09529695678749305,0.05135318200201073,0.1432098679253725,6105680735.559424,3272871549.886665,9339265067.348509,higher_candidate_error,"Post hoc; pointwise 95% paired bootstrap, no multiplicity adjustment or confirmatory decision."
resolution_g64,64,allen_cahn,correct,ood,96,transformer,none,mechanistic,,0.16196834661767248,1.4585245588120035e-11,0.16196834660308723,0.08903129217487088,0.2341141021917075,11104944763.466913,6055322780.994323,16486638018.437487,higher_candidate_error,"Post hoc; pointwise 95% paired bootstrap, no multiplicity adjustment or confirmatory decision."
resolution_g64,64,allen_cahn,correct,test,64,transformer,none,mechanistic,,0.002238284122659362,1.7511839457505798e-12,0.002238284120908178,0.0014719274697301322,0.0035114639751664977,1278154775.2826188,830635953.5321658,2009173577.583677,higher_candidate_error,"Post hoc; pointwise 95% paired bootstrap, no multiplicity adjustment or confirmatory decision."
resolution_g64,64,allen_cahn,correct,test,96,transformer,none,mechanistic,,0.003084758869976352,1.8972465293115697e-12,0.0030847588680791055,0.0020888711435188573,0.00472622665477966,1625913565.9590218,1086220216.4049983,2512766487.04245,higher_candidate_error,"Post hoc; pointwise 95% paired bootstrap, no multiplicity adjustment or confirmatory decision."
resolution_g64,64,allen_cahn,correct,ood,64,transformer,smooth,mechanistic,,0.2006655619464075,1.560791677954801e-11,0.2006655619307996,0.13980944131447812,0.26196172308237453,12856652478.398119,8790263601.887844,17314771308.524845,higher_candidate_error,"Post hoc; pointwise 95% paired bootstrap, no multiplicity adjustment or confirmatory decision."
resolution_g64,64,allen_cahn,correct,ood,64,transformer,smooth,transformer,none,0.2006655619464075,0.09529695680310096,0.10536860514330654,0.07260433360790336,0.15584064028745942,2.1056869881061915,1.5545685011367918,2.9562321234622173,higher_candidate_error,"Post hoc; pointwise 95% paired bootstrap, no multiplicity adjustment or confirmatory decision."
resolution_g64,64,allen_cahn,correct,ood,96,transformer,smooth,mechanistic,,0.33241077365060256,1.4585245588120035e-11,0.33241077363601734,0.24251375375583434,0.4371026693846945,22790893142.132454,16393661365.096172,30911759632.372406,higher_candidate_error,"Post hoc; pointwise 95% paired bootstrap, no multiplicity adjustment or confirmatory decision."
resolution_g64,64,allen_cahn,correct,ood,96,transformer,smooth,transformer,none,0.33241077365060256,0.16196834661767248,0.17044242703293008,0.10285200661461781,0.25590351882848855,2.0523193611110986,1.4820468648739173,3.0076423801200254,higher_candidate_error,"Post hoc; pointwise 95% paired bootstrap, no multiplicity adjustment or confirmatory decision."
resolution_g64,64,allen_cahn,correct,test,64,transformer,smooth,mechanistic,,0.0013139786851761315,1.7511839457505798e-12,0.0013139786834249474,0.0008777813522232462,0.001942694484554934,750337329.4191225,503049079.00722194,1120896094.6460826,higher_candidate_error,"Post hoc; pointwise 95% paired bootstrap, no multiplicity adjustment or confirmatory decision."
resolution_g64,64,allen_cahn,correct,test,64,transformer,smooth,transformer,none,0.0013139786851761315,0.002238284122659362,-0.0009243054374832305,-0.0017914466405570325,-0.00045897388642966133,0.58704731534036,0.4450960301823255,0.7321276804449037,lower_candidate_error,"Post hoc; pointwise 95% paired bootstrap, no multiplicity adjustment or confirmatory decision."
resolution_g64,64,allen_cahn,correct,test,96,transformer,smooth,mechanistic,,0.0019317736882709842,1.8972465293115697e-12,0.0019317736863737377,0.0013853141233375378,0.0027203256671084735,1018198562.1931499,726701755.0463879,1462076954.0589073,higher_candidate_error,"Post hoc; pointwise 95% paired bootstrap, no multiplicity adjustment or confirmatory decision."
resolution_g64,64,allen_cahn,correct,test,96,transformer,smooth,transformer,none,0.0019317736882709842,0.003084758869976352,-0.001152985181705368,-0.002329469811232558,-0.0004889503916203188,0.6262316666215771,0.4711205774688528,0.7915402890273887,lower_candidate_error,"Post hoc; pointwise 95% paired bootstrap, no multiplicity adjustment or confirmatory decision."
resolution_g64,64,wave,coefficient,ood,64,fno,none,mechanistic,,0.06763288631200037,0.6947534594580134,-0.627120573146013,-0.6759058139412635,-0.5816051962668541,0.09734803820158262,0.06329011710144021,0.13428357557936355,lower_candidate_error,"Post hoc; pointwise 95% paired bootstrap, no multiplicity adjustment or confirmatory decision."
resolution_g64,64,wave,coefficient,ood,64,fno,none,transformer,none,0.06763288631200037,0.964719929802726,-0.8970870434907257,-1.0003579671667415,-0.7899927118788133,0.07010623935781084,0.0486658816072722,0.09108645702179384,lower_candidate_error,"Post hoc; pointwise 95% paired bootstrap, no multiplicity adjustment or confirmatory decision."
resolution_g64,64,wave,coefficient,ood,96,fno,none,mechanistic,,0.12354429947604888,0.858781234627827,-0.7352369351517781,-0.8019510246062139,-0.6737498557558251,0.14386003617043366,0.09562948137406796,0.19583016895542557,lower_candidate_error,"Post hoc; pointwise 95% paired bootstrap, no multiplicity adjustment or confirmatory decision."
resolution_g64,64,wave,coefficient,ood,96,fno,none,transformer,none,0.12354429947604888,1.130511019559189,-1.00696672008314,-1.131812366120378,-0.856503031542391,0.10928181799078925,0.07679032956513672,0.14087749234294233,lower_candidate_error,"Post hoc; pointwise 95% paired bootstrap, no multiplicity adjustment or confirmatory decision."
resolution_g64,64,wave,coefficient,test,64,fno,none,mechanistic,,0.0003730382182466365,0.4135507871999593,-0.41317774898171267,-0.4611020416911788,-0.3684291813448987,0.0009020372582830213,0.000770190424720294,0.0010416311458854275,lower_candidate_error,"Post hoc; pointwise 95% paired bootstrap, no multiplicity adjustment or confirmatory decision."
resolution_g64,64,wave,coefficient,test,64,fno,none,transformer,none,0.0003730382182466365,0.002481514295221976,-0.0021084760769753395,-0.0026134766627543184,-0.0016550850258741547,0.15032684637960853,0.1260781073775255,0.18097617085197032,lower_candidate_error,"Post hoc; pointwise 95% paired bootstrap, no multiplicity adjustment or confirmatory decision."
resolution_g64,64,wave,coefficient,test,96,fno,none,mechanistic,,0.0006323353923748025,0.6024084244820027,-0.6017760890896279,-0.666864762847744,-0.5405362586922472,0.0010496788668228425,0.0008846339665548923,0.001202781341662983,lower_candidate_error,"Post hoc; pointwise 95% paired bootstrap, no multiplicity adjustment or confirmatory decision."
resolution_g64,64,wave,coefficient,test,96,fno,none,transformer,none,0.0006323353923748025,0.003766680248455538,-0.0031343448560807357,-0.003929851497302988,-0.002467619053046638,0.16787604751799165,0.1402212334258659,0.20086777806574427,lower_candidate_error,"Post hoc; pointwise 95% paired bootstrap, no multiplicity adjustment or confirmatory decision."
resolution_g64,64,wave,coefficient,ood,64,fno,smooth,mechanistic,,0.10342233323181116,0.6947534594580134,-0.5913311262262022,-0.632355911490291,-0.552617109999233,0.14886191903598772,0.12927572463650874,0.16968836689894612,lower_candidate_error,"Post hoc; pointwise 95% paired bootstrap, no multiplicity adjustment or confirmatory decision."
resolution_g64,64,wave,coefficient,ood,64,fno,smooth,transformer,smooth,0.10342233323181116,0.9300690742301896,-0.8266467409983784,-0.9210222928385758,-0.7254263230976399,0.11119855083603652,0.09915608847284367,0.12523431735159518,lower_candidate_error,"Post hoc; pointwise 95% paired bootstrap, no multiplicity adjustment or confirmatory decision."
resolution_g64,64,wave,coefficient,ood,64,fno,smooth,fno,none,0.10342233323181116,0.06763288631200037,0.035789446919810786,0.019161920455077284,0.051144615028152006,1.5291722543779789,1.2065811447706758,2.176251345473245,higher_candidate_error,"Post hoc; pointwise 95% paired bootstrap, no multiplicity adjustment or confirmatory decision."
resolution_g64,64,wave,coefficient,ood,96,fno,smooth,mechanistic,,0.1779710627817928,0.858781234627827,-0.6808101718460342,-0.7308280525195592,-0.631887743221617,0.20723678581416694,0.18319448730968604,0.23261219687620582,lower_candidate_error,"Post hoc; pointwise 95% paired bootstrap, no multiplicity adjustment or confirmatory decision."
resolution_g64,64,wave,coefficient,ood,96,fno,smooth,transformer,smooth,0.1779710627817928,1.056238875677053,-0.8782678128952603,-0.9872774424437836,-0.7369001310021648,0.16849508845024538,0.1484228664160609,0.1957092339331025,lower_candidate_error,"Post hoc; pointwise 95% paired bootstrap, no multiplicity adjustment or confirmatory decision."
resolution_g64,64,wave,coefficient,ood,96,fno,smooth,fno,none,0.1779710627817928,0.12354429947604888,0.05442676330574393,0.023652899337664686,0.0825763203945466,1.4405445134787094,1.1412018668860766,2.030937267694642,higher_candidate_error,"Post hoc; pointwise 95% paired bootstrap, no multiplicity adjustment or confirmatory decision."
resolution_g64,64,wave,coefficient,test,64,fno,smooth,mechanistic,,0.0023692450337140653,0.4135507871999593,-0.41118154216624525,-0.4586940139280227,-0.3668046170591058,0.005729030404598148,0.004158009145598002,0.007564967805428449,lower_candidate_error,"Post hoc; pointwise 95% paired bootstrap, no multiplicity adjustment or confirmatory decision."
resolution_g64,64,wave,coefficient,test,64,fno,smooth,transformer,smooth,0.0023692450337140653,0.005897740366637538,-0.003528495332923473,-0.004907719598584277,-0.0023966235481688494,0.40172080939955584,0.2972961360335035,0.5541646821085182,lower_candidate_error,"Post hoc; pointwise 95% paired bootstrap, no multiplicity adjustment or confirmatory decision."
resolution_g64,64,wave,coefficient,test,64,fno,smooth,fno,none,0.0023692450337140653,0.0003730382182466365,0.0019962068154674288,0.0012588063116711421,0.0028583636198049435,6.351212604569177,4.147358817540629,9.344630546163298,higher_candidate_error,"Post hoc; pointwise 95% paired bootstrap, no multiplicity adjustment or confirmatory decision."
resolution_g64,64,wave,coefficient,test,96,fno,smooth,mechanistic,,0.004517841059301503,0.6024084244820027,-0.5978905834227012,-0.6627330736789344,-0.5370249302483606,0.007499631272896443,0.005233561140243082,0.010101911929963597,lower_candidate_error,"Post hoc; pointwise 95% paired bootstrap, no multiplicity adjustment or confirmatory decision."
resolution_g64,64,wave,coefficient,test,96,fno,smooth,transformer,smooth,0.004517841059301503,0.009469341566691955,-0.004951500507390452,-0.00735481848637126,-0.0028084208517502713,0.4771019217632655,0.33723137930301156,0.6754992381196951,lower_candidate_error,"Post hoc; pointwise 95% paired bootstrap, no multiplicity adjustment or confirmatory decision."
resolution_g64,64,wave,coefficient,test,96,fno,smooth,fno,none,0.004517841059301503,0.0006323353923748025,0.0038855056669267005,0.002384780428624162,0.005639952985848074,7.144691114527486,4.472764930394164,11.155183024248776,higher_candidate_error,"Post hoc; pointwise 95% paired bootstrap, no multiplicity adjustment or confirmatory decision."
resolution_g64,64,wave,coefficient,ood,64,looped,none,mechanistic,,1.0875161442352024,0.6947534594580134,0.392762684777189,0.15785393531662173,0.621333940116673,1.5653267060859093,1.2264999950900226,1.9019052426202105,higher_candidate_error,"Post hoc; pointwise 95% paired bootstrap, no multiplicity adjustment or confirmatory decision."
resolution_g64,64,wave,coefficient,ood,64,looped,none,transformer,none,1.0875161442352024,0.964719929802726,0.12279621443247635,-0.07532691030707994,0.3169469195288197,1.1272869053898231,0.922392355459982,1.3328057745906785,interval_includes_zero,"Post hoc; pointwise 95% paired bootstrap, no multiplicity adjustment or confirmatory decision."
resolution_g64,64,wave,coefficient,ood,96,looped,none,mechanistic,,1.357205969774275,0.858781234627827,0.49842473514644814,0.21410740255584051,0.7396078625735638,1.5803861508017838,1.2506836436924509,1.8591165881101381,higher_candidate_error,"Post hoc; pointwise 95% paired bootstrap, no multiplicity adjustment or confirmatory decision."
resolution_g64,64,wave,coefficient,ood,96,looped,none,transformer,none,1.357205969774275,1.130511019559189,0.22669495021508612,-0.014572348407933863,0.4553313278304047,1.2005243171388806,0.9873196285802945,1.4296908957401024,interval_includes_zero,"Post hoc; pointwise 95% paired bootstrap, no multiplicity adjustment or confirmatory decision."
resolution_g64,64,wave,coefficient,test,64,looped,none,mechanistic,,0.0026134766703419868,0.4135507871999593,-0.4109373105296173,-0.45863355547923074,-0.3664585995524664,0.006319602697499699,0.005306352764300088,0.007576398946441989,lower_candidate_error,"Post hoc; pointwise 95% paired bootstrap, no multiplicity adjustment or confirmatory decision."
resolution_g64,64,wave,coefficient,test,64,looped,none,transformer,none,0.0026134766703419868,0.002481514295221976,0.0001319623751200108,-0.00037541141000332743,0.0006295622345749357,1.0531781643870024,0.8631303037674278,1.2769049903089589,interval_includes_zero,"Post hoc; pointwise 95% paired bootstrap, no multiplicity adjustment or confirmatory decision."
resolution_g64,64,wave,coefficient,test,96,looped,none,mechanistic,,0.0040090379273781535,0.6024084244820027,-0.5983993865546245,-0.6626334354808902,-0.5373949318131618,0.006655016371700701,0.005521394849333555,0.008100304543577715,lower_candidate_error,"Post hoc; pointwise 95% paired bootstrap, no multiplicity adjustment or confirmatory decision."
resolution_g64,64,wave,coefficient,test,96,looped,none,transformer,none,0.0040090379273781535,0.003766680248455538,0.0002423576789226155,-0.00033539627287651605,0.0008565522666774105,1.0643425146113716,0.9136413171715531,1.23236472498585,interval_includes_zero,"Post hoc; pointwise 95% paired bootstrap, no multiplicity adjustment or confirmatory decision."
resolution_g64,64,wave,coefficient,ood,64,looped,smooth,mechanistic,,1.0216548894175617,0.6947534594580134,0.3269014299595483,0.120777458225583,0.5073578783165761,1.470528682526559,1.1736361169330352,1.7365576654959254,higher_candidate_error,"Post hoc; pointwise 95% paired bootstrap, no multiplicity adjustment or confirmatory decision."
resolution_g64,64,wave,coefficient,ood,64,looped,smooth,transformer,smooth,1.0216548894175617,0.9300690742301896,0.09158581518737208,-0.08627012229958168,0.2602334472241026,1.0984720573180835,0.907291960888601,1.2903997676611387,interval_includes_zero,"Post hoc; pointwise 95% paired bootstrap, no multiplicity adjustment or confirmatory decision."
resolution_g64,64,wave,coefficient,ood,64,looped,smooth,looped,none,1.0216548894175617,1.0875161442352024,-0.06586125481764071,-0.11692606824261328,-0.031363836994748345,0.9394388256516801,0.9106406140434526,0.9660922896679315,lower_candidate_error,"Post hoc; pointwise 95% paired bootstrap, no multiplicity adjustment or confirmatory decision."
resolution_g64,64,wave,coefficient,ood,96,looped,smooth,mechanistic,,1.2675999893840904,0.858781234627827,0.4088187547562634,0.1691498321411255,0.5849503098950282,1.476045281699052,1.1975948460383357,1.686821957337502,higher_candidate_error,"Post hoc; pointwise 95% paired bootstrap, no multiplicity adjustment or confirmatory decision."
resolution_g64,64,wave,coefficient,ood,96,looped,smooth,transformer,smooth,1.2675999893840904,1.056238875677053,0.21136111370703725,-0.0369747103814073,0.42700077750144655,1.2001073039198202,0.9654589125341458,1.450511577640353,interval_includes_zero,"Post hoc; pointwise 95% paired bootstrap, no multiplicity adjustment or confirmatory decision."
resolution_g64,64,wave,coefficient,ood,96,looped,smooth,looped,none,1.2675999893840904,1.357205969774275,-0.08960598039018475,-0.16913950391759897,-0.03983139894287802,0.9339776110732201,0.8925176553570301,0.9653226126411705,lower_candidate_error,"Post hoc; pointwise 95% paired bootstrap, no multiplicity adjustment or confirmatory decision."
resolution_g64,64,wave,coefficient,test,64,looped,smooth,mechanistic,,0.005472019749735768,0.4135507871999593,-0.40807876745022353,-0.45526823508160963,-0.36374989804840785,0.013231796236649279,0.010674701304232278,0.015873731147248334,lower_candidate_error,"Post hoc; pointwise 95% paired bootstrap, no multiplicity adjustment or confirmatory decision."
resolution_g64,64,wave,coefficient,test,64,looped,smooth,transformer,smooth,0.005472019749735768,0.005897740366637538,-0.0004257206169017702,-0.0016299061907465555,0.0009847305972415128,0.9278163177019464,0.7471247043238703,1.1939326817398623,interval_includes_zero,"Post hoc; pointwise 95% paired bootstrap, no multiplicity adjustment or confirmatory decision."
resolution_g64,64,wave,coefficient,test,64,looped,smooth,looped,none,0.005472019749735768,0.0026134766703419868,0.0028585430793937813,0.0018627534257170185,0.003982514342577709,2.093770268482912,1.7223371366496647,2.615721402758504,higher_candidate_error,"Post hoc; pointwise 95% paired bootstrap, no multiplicity adjustment or confirmatory decision."
resolution_g64,64,wave,coefficient,test,96,looped,smooth,mechanistic,,0.009014835014968803,0.6024084244820027,-0.5933935894670339,-0.65724518298298,-0.5332189324252283,0.014964656284016038,0.012300607001041491,0.01771783147951279,lower_candidate_error,"Post hoc; pointwise 95% paired bootstrap, no multiplicity adjustment or confirmatory decision."
resolution_g64,64,wave,coefficient,test,96,looped,smooth,transformer,smooth,0.009014835014968803,0.009469341566691955,-0.0004545065517231519,-0.0019710371762290146,0.001107059358568057,0.9520023067578572,0.805177213969781,1.1309083564771172,interval_includes_zero,"Post hoc; pointwise 95% paired bootstrap, no multiplicity adjustment or confirmatory decision."
resolution_g64,64,wave,coefficient,test,96,looped,smooth,looped,none,0.009014835014968803,0.0040090379273781535,0.005005797087590649,0.0034515540821517445,0.006925569299889206,2.2486280195568917,1.834693216571969,2.87041375343232,higher_candidate_error,"Post hoc; pointwise 95% paired bootstrap, no multiplicity adjustment or confirmatory decision."
resolution_g64,64,wave,coefficient,ood,64,transformer,none,mechanistic,,0.964719929802726,0.6947534594580134,0.26996647034471266,0.1556697414755135,0.3845833258341208,1.3885788068695868,1.2254662633353333,1.5627016952577357,higher_candidate_error,"Post hoc; pointwise 95% paired bootstrap, no multiplicity adjustment or confirmatory decision."
resolution_g64,64,wave,coefficient,ood,96,transformer,none,mechanistic,,1.130511019559189,0.858781234627827,0.271729784931362,0.11205423742532129,0.4239937610126945,1.3164132772988717,1.129922297553636,1.4993793094500663,higher_candidate_error,"Post hoc; pointwise 95% paired bootstrap, no multiplicity adjustment or confirmatory decision."
resolution_g64,64,wave,coefficient,test,64,transformer,none,mechanistic,,0.002481514295221976,0.4135507871999593,-0.4110692729047373,-0.4586857664274929,-0.3664852832716577,0.006000506762479257,0.0050937583111460485,0.006990556700865341,lower_candidate_error,"Post hoc; pointwise 95% paired bootstrap, no multiplicity adjustment or confirmatory decision."
resolution_g64,64,wave,coefficient,test,96,transformer,none,mechanistic,,0.003766680248455538,0.6024084244820027,-0.5986417442335472,-0.6630119018835982,-0.5379343541981839,0.006252701813880542,0.005383259380053074,0.007250613854840592,lower_candidate_error,"Post hoc; pointwise 95% paired bootstrap, no multiplicity adjustment or confirmatory decision."
resolution_g64,64,wave,coefficient,ood,64,transformer,smooth,mechanistic,,0.9300690742301896,0.6947534594580134,0.23531561477217622,0.13199382647730964,0.33424630195513955,1.3387037683205625,1.1887110947081565,1.4871624209708472,higher_candidate_error,"Post hoc; pointwise 95% paired bootstrap, no multiplicity adjustment or confirmatory decision."
resolution_g64,64,wave,coefficient,ood,64,transformer,smooth,transformer,none,0.9300690742301896,0.964719929802726,-0.03465085557253644,-0.0608367027987093,-0.004890702899039584,0.9640819532155596,0.9399249100611181,0.9945447721906486,lower_candidate_error,"Post hoc; pointwise 95% paired bootstrap, no multiplicity adjustment or confirmatory decision."
resolution_g64,64,wave,coefficient,ood,96,transformer,smooth,mechanistic,,1.056238875677053,0.858781234627827,0.19745764104922614,0.052151144333645004,0.3151198897781526,1.2299277546915648,1.0603816429049544,1.3743387847094488,higher_candidate_error,"Post hoc; pointwise 95% paired bootstrap, no multiplicity adjustment or confirmatory decision."
resolution_g64,64,wave,coefficient,ood,96,transformer,smooth,transformer,none,1.056238875677053,1.130511019559189,-0.07427214388213588,-0.1312564664182764,-0.020332000633295114,0.9343021495614469,0.893048456704592,0.9810508707029507,lower_candidate_error,"Post hoc; pointwise 95% paired bootstrap, no multiplicity adjustment or confirmatory decision."
resolution_g64,64,wave,coefficient,test,64,transformer,smooth,mechanistic,,0.005897740366637538,0.4135507871999593,-0.40765304683332176,-0.45472189122250534,-0.3636687596485387,0.014261223891192531,0.01204712181353202,0.0169731567515429,lower_candidate_error,"Post hoc; pointwise 95% paired bootstrap, no multiplicity adjustment or confirmatory decision."
resolution_g64,64,wave,coefficient,test,64,transformer,smooth,transformer,none,0.005897740366637538,0.002481514295221976,0.0034162260714155623,0.0024108254161055043,0.004646861030365663,2.376669914009089,1.9374241532474525,2.9057319265334782,higher_candidate_error,"Post hoc; pointwise 95% paired bootstrap, no multiplicity adjustment or confirmatory decision."
resolution_g64,64,wave,coefficient,test,96,transformer,smooth,mechanistic,,0.009469341566691955,0.6024084244820027,-0.5929390829153107,-0.6564989458637822,-0.5331252490525888,0.01571913868043002,0.013394385166567924,0.01867967290089796,lower_candidate_error,"Post hoc; pointwise 95% paired bootstrap, no multiplicity adjustment or confirmatory decision."
resolution_g64,64,wave,coefficient,test,96,transformer,smooth,transformer,none,0.009469341566691955,0.003766680248455538,0.005702661318236417,0.004188545963783043,0.007703985901444158,2.513975421878375,2.082852002047467,3.05358411742921,higher_candidate_error,"Post hoc; pointwise 95% paired bootstrap, no multiplicity adjustment or confirmatory decision."
resolution_g64,64,wave,correct,ood,64,fno,none,mechanistic,,0.06763288631200037,1.5989339094200027e-11,0.06763288629601104,0.043454946016339445,0.09400297367622182,4229873787.374584,2771790396.4010653,5729604658.777198,higher_candidate_error,"Post hoc; pointwise 95% paired bootstrap, no multiplicity adjustment or confirmatory decision."
resolution_g64,64,wave,correct,ood,64,fno,none,transformer,none,0.06763288631200037,0.9647168059719533,-0.8970839196599529,-1.0003465759595067,-0.789993784068035,0.07010646636746434,0.04866605612093506,0.09108663992248316,lower_candidate_error,"Post hoc; pointwise 95% paired bootstrap, no multiplicity adjustment or confirmatory decision."
resolution_g64,64,wave,correct,ood,96,fno,none,mechanistic,,0.12354429947604888,2.592780379906504e-11,0.12354429945012108,0.08137022294579657,0.1687335147213438,4764934987.686998,3180378642.413469,6382162406.83265,higher_candidate_error,"Post hoc; pointwise 95% paired bootstrap, no multiplicity adjustment or confirmatory decision."
resolution_g64,64,wave,correct,ood,96,fno,none,transformer,none,0.12354429947604888,1.1304979290110992,-1.0069536295350503,-1.1317945312829452,-0.856497821441245,0.10928308341450833,0.0767908794073152,0.1408787196032227,lower_candidate_error,"Post hoc; pointwise 95% paired bootstrap, no multiplicity adjustment or confirmatory decision."
resolution_g64,64,wave,correct,test,64,fno,none,mechanistic,,0.0003730363878338915,4.457002186911351e-12,0.0003730363833768893,0.00031430307435902554,0.00043548840366639506,83696702.8935656,70713322.73304132,97166494.09904972,higher_candidate_error,"Post hoc; pointwise 95% paired bootstrap, no multiplicity adjustment or confirmatory decision."
resolution_g64,64,wave,correct,test,64,fno,none,transformer,none,0.0003730363878338915,0.0024834000814140805,-0.002110363693580189,-0.002616434723452815,-0.0016555298765548023,0.15021195764054243,0.12585397922880867,0.1809185388256496,lower_candidate_error,"Post hoc; pointwise 95% paired bootstrap, no multiplicity adjustment or confirmatory decision."
resolution_g64,64,wave,correct,test,96,fno,none,mechanistic,,0.0006323331007284992,6.179649647545887e-12,0.0006323330945488495,0.0005201472154987674,0.0007508927295623753,102325072.90759057,85584234.53561954,117721802.60939236,higher_candidate_error,"Post hoc; pointwise 95% paired bootstrap, no multiplicity adjustment or confirmatory decision."
resolution_g64,64,wave,correct,test,96,fno,none,transformer,none,0.0006323331007284992,0.003768827534219264,-0.003136494433490765,-0.0039361445719836435,-0.0024682847434424325,0.16777979225294823,0.1400295363259959,0.2008181343752561,lower_candidate_error,"Post hoc; pointwise 95% paired bootstrap, no multiplicity adjustment or confirmatory decision."
resolution_g64,64,wave,correct,ood,64,fno,smooth,mechanistic,,0.043996854592213586,1.5989339094200027e-11,0.043996854576224244,0.02794628340698792,0.061408328077675,2751636845.8389254,1780584060.6556184,3724412412.8075457,higher_candidate_error,"Post hoc; pointwise 95% paired bootstrap, no multiplicity adjustment or confirmatory decision."
resolution_g64,64,wave,correct,ood,64,fno,smooth,transformer,smooth,0.043996854592213586,0.9598101160683967,-0.9158132614761831,-1.0421510812259247,-0.7906293203269757,0.045839123651285146,0.03152483640773358,0.060169595498979746,lower_candidate_error,"Post hoc; pointwise 95% paired bootstrap, no multiplicity adjustment or confirmatory decision."
resolution_g64,64,wave,correct,ood,64,fno,smooth,fno,none,0.043996854592213586,0.06763288631200037,-0.023636031719786788,-0.0347832382561679,-0.013181229678395063,0.6505245745279844,0.5814092988967065,0.7422383882859953,lower_candidate_error,"Post hoc; pointwise 95% paired bootstrap, no multiplicity adjustment or confirmatory decision."
resolution_g64,64,wave,correct,ood,96,fno,smooth,mechanistic,,0.0753032615253475,2.592780379906504e-11,0.0753032614994197,0.0480435196302969,0.1048088292667002,2904344004.9505057,1889717524.1736004,3939580824.9549274,higher_candidate_error,"Post hoc; pointwise 95% paired bootstrap, no multiplicity adjustment or confirmatory decision."
resolution_g64,64,wave,correct,ood,96,fno,smooth,transformer,smooth,0.0753032615253475,1.1207838681504256,-1.0454806066250781,-1.2307314475559237,-0.8607240531119099,0.06718803122105671,0.045557702374028904,0.09091056351788122,lower_candidate_error,"Post hoc; pointwise 95% paired bootstrap, no multiplicity adjustment or confirmatory decision."
resolution_g64,64,wave,correct,ood,96,fno,smooth,fno,none,0.0753032615253475,0.12354429947604888,-0.04824103795070138,-0.06815675695539687,-0.029601149342874392,0.6095243717816886,0.535460787445991,0.6945338742385424,lower_candidate_error,"Post hoc; pointwise 95% paired bootstrap, no multiplicity adjustment or confirmatory decision."
resolution_g64,64,wave,correct,test,64,fno,smooth,mechanistic,,0.00013402154539991665,4.457002186911351e-12,0.00013402154094291447,0.0001029761706182023,0.00017559874576886965,30069885.49242601,22928460.386532266,39663278.684221126,higher_candidate_error,"Post hoc; pointwise 95% paired bootstrap, no multiplicity adjustment or confirmatory decision."
resolution_g64,64,wave,correct,test,64,fno,smooth,transformer,smooth,0.00013402154539991665,0.002012938778039132,-0.0018789172326392153,-0.00230977482541035,-0.0015040574388793303,0.06658004051691593,0.05393533289759166,0.08197430476829391,lower_candidate_error,"Post hoc; pointwise 95% paired bootstrap, no multiplicity adjustment or confirmatory decision."
resolution_g64,64,wave,correct,test,64,fno,smooth,fno,none,0.00013402154539991665,0.0003730363878338915,-0.00023901484243397486,-0.00028336976690005795,-0.00019743322177895596,0.35927204361520565,0.29745624505831214,0.4357718324786179,lower_candidate_error,"Post hoc; pointwise 95% paired bootstrap, no multiplicity adjustment or confirmatory decision."
resolution_g64,64,wave,correct,test,96,fno,smooth,mechanistic,,0.00023098094513132535,6.179649647545887e-12,0.0002309809389516757,0.0001711684758690882,0.0003083583574303745,37377676.45501625,27987532.643676624,49671932.71556366,higher_candidate_error,"Post hoc; pointwise 95% paired bootstrap, no multiplicity adjustment or confirmatory decision."
resolution_g64,64,wave,correct,test,96,fno,smooth,transformer,smooth,0.00023098094513132535,0.0030268208695894833,-0.002795839924458158,-0.003518235916173572,-0.002191281167351139,0.07631140232049889,0.06245879008925858,0.09269200185859845,lower_candidate_error,"Post hoc; pointwise 95% paired bootstrap, no multiplicity adjustment or confirmatory decision."
resolution_g64,64,wave,correct,test,96,fno,smooth,fno,none,0.00023098094513132535,0.0006323331007284992,-0.0004013521555971739,-0.0004863888685889281,-0.0003303970708593641,0.36528365329162193,0.29959246976179293,0.4423336505093846,lower_candidate_error,"Post hoc; pointwise 95% paired bootstrap, no multiplicity adjustment or confirmatory decision."
resolution_g64,64,wave,correct,ood,64,looped,none,mechanistic,,1.0875135926338544,1.5989339094200027e-11,1.087513592617865,0.8519495392263379,1.3196748737341708,68014918329.44734,53183880985.42702,83558717371.82758,higher_candidate_error,"Post hoc; pointwise 95% paired bootstrap, no multiplicity adjustment or confirmatory decision."
resolution_g64,64,wave,correct,ood,64,looped,none,transformer,none,1.0875135926338544,0.9647168059719533,0.12279678666190108,-0.07532829619412898,0.3169478776694767,1.127287910713013,0.9223930983365951,1.3328053662988857,interval_includes_zero,"Post hoc; pointwise 95% paired bootstrap, no multiplicity adjustment or confirmatory decision."
resolution_g64,64,wave,correct,ood,96,looped,none,mechanistic,,1.3572032014783417,2.592780379906504e-11,1.357203201452414,1.07011098711717,1.608498856939478,52345474842.23414,41285039012.14728,63025246691.99864,higher_candidate_error,"Post hoc; pointwise 95% paired bootstrap, no multiplicity adjustment or confirmatory decision."
resolution_g64,64,wave,correct,ood,96,looped,none,transformer,none,1.3572032014783417,1.1304979290110992,0.22670527246724248,-0.014569568569314004,0.4553381918400832,1.200535769813884,0.987321984135124,1.4296991274815822,interval_includes_zero,"Post hoc; pointwise 95% paired bootstrap, no multiplicity adjustment or confirmatory decision."
resolution_g64,64,wave,correct,test,64,looped,none,mechanistic,,0.0026134825030961414,4.457002186911351e-12,0.0026134824986391394,0.002110614175766348,0.003239141589946196,586376760.3190819,484776990.0071665,715044707.2748499,higher_candidate_error,"Post hoc; pointwise 95% paired bootstrap, no multiplicity adjustment or confirmatory decision."
resolution_g64,64,wave,correct,test,64,looped,none,transformer,none,0.0026134825030961414,0.0024834000814140805,0.0001300824216820609,-0.0003790315686466029,0.0006291937848848739,1.0523807753151035,0.8618271824622946,1.27613090464943,interval_includes_zero,"Post hoc; pointwise 95% paired bootstrap, no multiplicity adjustment or confirmatory decision."
resolution_g64,64,wave,correct,test,96,looped,none,mechanistic,,0.0040090420125828375,6.179649647545887e-12,0.004009042006403188,0.003168086640687555,0.005105524496188368,648749078.2224104,531438050.2271376,799783368.7835358,higher_candidate_error,"Post hoc; pointwise 95% paired bootstrap, no multiplicity adjustment or confirmatory decision."
resolution_g64,64,wave,correct,test,96,looped,none,transformer,none,0.0040090420125828375,0.003768827534219264,0.00024021447836357346,-0.0003367486264217736,0.0008544254805385,1.0637371904611006,0.9137037293466304,1.2321042424460873,interval_includes_zero,"Post hoc; pointwise 95% paired bootstrap, no multiplicity adjustment or confirmatory decision."
resolution_g64,64,wave,correct,ood,64,looped,smooth,mechanistic,,1.110301616715347,1.5989339094200027e-11,1.1103016166993576,0.871754670166649,1.3261997545546733,69440119455.47504,54197119168.22829,83929381341.58058,higher_candidate_error,"Post hoc; pointwise 95% paired bootstrap, no multiplicity adjustment or confirmatory decision."
resolution_g64,64,wave,correct,ood,64,looped,smooth,transformer,smooth,1.110301616715347,0.9598101160683967,0.15049150064695027,-0.07763218382507872,0.38432306251426823,1.15679299283008,0.9206164344055339,1.4188743470348295,interval_includes_zero,"Post hoc; pointwise 95% paired bootstrap, no multiplicity adjustment or confirmatory decision."
resolution_g64,64,wave,correct,ood,64,looped,smooth,looped,none,1.110301616715347,1.0875135926338544,0.02278802408149261,-0.033508260947611744,0.10155277592645681,1.0209542429959906,0.9736272181595896,1.092799685759675,interval_includes_zero,"Post hoc; pointwise 95% paired bootstrap, no multiplicity adjustment or confirmatory decision."
resolution_g64,64,wave,correct,ood,96,looped,smooth,mechanistic,,1.3756629424448665,2.592780379906504e-11,1.3756629424189388,1.0950263000463092,1.5986912581525308,53057441852.99925,42043368492.72749,62807000859.1762,higher_candidate_error,"Post hoc; pointwise 95% paired bootstrap, no multiplicity adjustment or confirmatory decision."
resolution_g64,64,wave,correct,ood,96,looped,smooth,transformer,smooth,1.3756629424448665,1.1207838681504256,0.2548790742944409,-0.03340283943267884,0.5583270484776787,1.2274114408115593,0.9721158900823142,1.5632272586511269,interval_includes_zero,"Post hoc; pointwise 95% paired bootstrap, no multiplicity adjustment or confirmatory decision."
resolution_g64,64,wave,correct,ood,96,looped,smooth,looped,none,1.3756629424448665,1.3572032014783417,0.018459740966524807,-0.06810901522370681,0.13044834358285878,1.0136013096243934,0.9564983543557575,1.0956349800881207,interval_includes_zero,"Post hoc; pointwise 95% paired bootstrap, no multiplicity adjustment or confirmatory decision."
resolution_g64,64,wave,correct,test,64,looped,smooth,mechanistic,,0.0025256463027838183,4.457002186911351e-12,0.0025256462983268163,0.0019409444299555386,0.0032659303528652242,566669298.5255321,439118986.97395563,720361838.9277383,higher_candidate_error,"Post hoc; pointwise 95% paired bootstrap, no multiplicity adjustment or confirmatory decision."
resolution_g64,64,wave,correct,test,64,looped,smooth,transformer,smooth,0.0025256463027838183,0.002012938778039132,0.0005127075247446863,0.0001429631012922875,0.0009947904449864303,1.2547059703644494,1.0682564161160342,1.4663913862371354,higher_candidate_error,"Post hoc; pointwise 95% paired bootstrap, no multiplicity adjustment or confirmatory decision."
resolution_g64,64,wave,correct,test,64,looped,smooth,looped,none,0.0025256463027838183,0.0026134825030961414,-8.783620031232314e-05,-0.0003964469620130256,0.00022279815683176447,0.966391127467559,0.840948712256669,1.0867144809518379,interval_includes_zero,"Post hoc; pointwise 95% paired bootstrap, no multiplicity adjustment or confirmatory decision."
resolution_g64,64,wave,correct,test,96,looped,smooth,mechanistic,,0.003937768617121714,6.179649647545887e-12,0.003937768610942065,0.003020978372496163,0.005201447243871267,637215512.482251,500553584.6344107,819344632.0199887,higher_candidate_error,"Post hoc; pointwise 95% paired bootstrap, no multiplicity adjustment or confirmatory decision."
resolution_g64,64,wave,correct,test,96,looped,smooth,transformer,smooth,0.003937768617121714,0.0030268208695894833,0.000910947747532231,0.00038046668254653675,0.001639609930097327,1.3009585921269862,1.121729202228562,1.501813434181169,higher_candidate_error,"Post hoc; pointwise 95% paired bootstrap, no multiplicity adjustment or confirmatory decision."
resolution_g64,64,wave,correct,test,96,looped,smooth,looped,none,0.003937768617121714,0.0040090420125828375,-7.127339546112322e-05,-0.0005045162484248106,0.0003540940988017685,0.9822218387242081,0.868497338925639,1.0886120561770942,interval_includes_zero,"Post hoc; pointwise 95% paired bootstrap, no multiplicity adjustment or confirmatory decision."
resolution_g64,64,wave,correct,ood,64,transformer,none,mechanistic,,0.9647168059719533,1.5989339094200027e-11,0.964716805955964,0.8441192718639504,1.083822783802637,60335001984.03414,52722594318.2959,68546849741.74221,higher_candidate_error,"Post hoc; pointwise 95% paired bootstrap, no multiplicity adjustment or confirmatory decision."
resolution_g64,64,wave,correct,ood,96,transformer,none,mechanistic,,1.1304979290110992,2.592780379906504e-11,1.1304979289851715,0.9662125333227677,1.2840347813664317,43601761945.293076,36976494019.310196,50389106695.25807,higher_candidate_error,"Post hoc; pointwise 95% paired bootstrap, no multiplicity adjustment or confirmatory decision."
resolution_g64,64,wave,correct,test,64,transformer,none,mechanistic,,0.0024834000814140805,4.457002186911351e-12,0.0024834000769570785,0.0020014048117071243,0.0030299716619308073,557190680.4773293,460917558.52476364,660493295.8796228,higher_candidate_error,"Post hoc; pointwise 95% paired bootstrap, no multiplicity adjustment or confirmatory decision."
resolution_g64,64,wave,correct,test,96,transformer,none,mechanistic,,0.003768827534219264,6.179649647545887e-12,0.0037688275280396144,0.0030416708927634207,0.004647077705154456,609877217.8315921,516534164.9381371,715807476.2371765,higher_candidate_error,"Post hoc; pointwise 95% paired bootstrap, no multiplicity adjustment or confirmatory decision."
resolution_g64,64,wave,correct,ood,64,transformer,smooth,mechanistic,,0.9598101160683967,1.5989339094200027e-11,0.9598101160524074,0.8256696298694951,1.098872482069403,60028129393.825806,51530032833.984985,69419241945.44066,higher_candidate_error,"Post hoc; pointwise 95% paired bootstrap, no multiplicity adjustment or confirmatory decision."
resolution_g64,64,wave,correct,ood,64,transformer,smooth,transformer,none,0.9598101160683967,0.9647168059719533,-0.0049066899035565825,-0.04383569352600638,0.04244515885459242,0.994913854642956,0.9551098306395343,1.040949498893441,interval_includes_zero,"Post hoc; pointwise 95% paired bootstrap, no multiplicity adjustment or confirmatory decision."
resolution_g64,64,wave,correct,ood,96,transformer,smooth,mechanistic,,1.1207838681504256,2.592780379906504e-11,1.120783868124498,0.9306175493345362,1.3260869104412896,43227103877.99376,35687308986.3544,51651435909.27692,higher_candidate_error,"Post hoc; pointwise 95% paired bootstrap, no multiplicity adjustment or confirmatory decision."
resolution_g64,64,wave,correct,ood,96,transformer,smooth,transformer,none,1.1207838681504256,1.1304979290110992,-0.009714060860673612,-0.06318909933658776,0.06991708360351365,0.9914072723077246,0.9460016902958592,1.0559955420220906,interval_includes_zero,"Post hoc; pointwise 95% paired bootstrap, no multiplicity adjustment or confirmatory decision."
resolution_g64,64,wave,correct,test,64,transformer,smooth,mechanistic,,0.002012938778039132,4.457002186911351e-12,0.00201293877358213,0.0016214195014891786,0.0024651154399990033,451635133.5770993,368009852.86043036,540804268.1738838,higher_candidate_error,"Post hoc; pointwise 95% paired bootstrap, no multiplicity adjustment or confirmatory decision."
resolution_g64,64,wave,correct,test,64,transformer,smooth,transformer,none,0.002012938778039132,0.0024834000814140805,-0.00047046130337494857,-0.0008983090603411758,-0.00010769255650344593,0.8105575871983294,0.6648536866663505,0.9514838563439497,lower_candidate_error,"Post hoc; pointwise 95% paired bootstrap, no multiplicity adjustment or confirmatory decision."
resolution_g64,64,wave,correct,test,96,transformer,smooth,mechanistic,,0.0030268208695894833,6.179649647545887e-12,0.0030268208634098336,0.0023732945052703687,0.0037914867032709547,489804607.4167844,397958412.8641915,588240294.7768476,higher_candidate_error,"Post hoc; pointwise 95% paired bootstrap, no multiplicity adjustment or confirmatory decision."
resolution_g64,64,wave,correct,test,96,transformer,smooth,transformer,none,0.0030268208695894833,0.003768827534219264,-0.0007420066646297808,-0.0012496859354482657,-0.00034204757849493143,0.8031200266149902,0.6807689197062065,0.899912095422937,lower_candidate_error,"Post hoc; pointwise 95% paired bootstrap, no multiplicity adjustment or confirmatory decision."
selector_g64,64,cahn_hilliard,coefficient,ood,64,fno,iid,mechanistic,,0.009241035058059802,0.07848085846743125,-0.06923982340937145,-0.09113461555346862,-0.0524936651186063,0.11774890385398545,0.0718840815930861,0.17663439841613704,lower_candidate_error,"Post hoc; pointwise 95% paired bootstrap, no multiplicity adjustment or confirmatory decision."
selector_g64,64,cahn_hilliard,coefficient,ood,64,fno,iid,transformer,iid,0.009241035058059802,0.6358002631054506,-0.6265592280473907,-0.6929328397183686,-0.5574013106839698,0.014534493919401117,0.01016008810251454,0.018948413182137542,lower_candidate_error,"Post hoc; pointwise 95% paired bootstrap, no multiplicity adjustment or confirmatory decision."
selector_g64,64,cahn_hilliard,coefficient,ood,96,fno,iid,mechanistic,,0.01678131580538116,0.07536813599307497,-0.05858682018769382,-0.0876538558355486,-0.03702635596300802,0.22265796525633952,0.11897771391009614,0.3791614975033768,lower_candidate_error,"Post hoc; pointwise 95% paired bootstrap, no multiplicity adjustment or confirmatory decision."
selector_g64,64,cahn_hilliard,coefficient,ood,96,fno,iid,transformer,iid,0.01678131580538116,0.9756312709781213,-0.9588499551727402,-1.0369232606967302,-0.8754213330782387,0.017200469382820226,0.010611139529335917,0.024808959951251326,lower_candidate_error,"Post hoc; pointwise 95% paired bootstrap, no multiplicity adjustment or confirmatory decision."
selector_g64,64,cahn_hilliard,coefficient,test,64,fno,iid,mechanistic,,0.0007001438172831928,0.11407906138970425,-0.11337891757242105,-0.1366778859138686,-0.09198207424679657,0.0061373560472367415,0.004197795443935321,0.008624734630356996,lower_candidate_error,"Post hoc; pointwise 95% paired bootstrap, no multiplicity adjustment or confirmatory decision."
selector_g64,64,cahn_hilliard,coefficient,test,64,fno,iid,transformer,iid,0.0007001438172831928,0.006667767459065495,-0.005967623641782302,-0.008900111476483669,-0.0037597211416639208,0.10500423441301593,0.06813624729551156,0.16482175588940806,lower_candidate_error,"Post hoc; pointwise 95% paired bootstrap, no multiplicity adjustment or confirmatory decision."
selector_g64,64,cahn_hilliard,coefficient,test,96,fno,iid,mechanistic,,0.0014903698045320758,0.13394798441565214,-0.13245761461112007,-0.1667018632369438,-0.10245311497040675,0.011126481753598694,0.006625879769936648,0.017343650420756692,lower_candidate_error,"Post hoc; pointwise 95% paired bootstrap, no multiplicity adjustment or confirmatory decision."
selector_g64,64,cahn_hilliard,coefficient,test,96,fno,iid,transformer,iid,0.0014903698045320758,0.013616813420718655,-0.012126443616186578,-0.017946079755820223,-0.007678595046167473,0.10945070322138692,0.06556918721850524,0.17855878056835034,lower_candidate_error,"Post hoc; pointwise 95% paired bootstrap, no multiplicity adjustment or confirmatory decision."
selector_g64,64,cahn_hilliard,coefficient,ood,64,fno,none,mechanistic,,0.0018641371714135525,0.07848085846743125,-0.0766167212960177,-0.09807682466130706,-0.06020326959798416,0.023752762238032226,0.012210306527878913,0.03759691738222742,lower_candidate_error,"Post hoc; pointwise 95% paired bootstrap, no multiplicity adjustment or confirmatory decision."
selector_g64,64,cahn_hilliard,coefficient,ood,64,fno,none,transformer,none,0.0018641371714135525,0.20482504717143069,-0.20296091000001712,-0.23735854309948673,-0.17131457655252802,0.00910111920957275,0.0054510907150961555,0.012749763226157349,lower_candidate_error,"Post hoc; pointwise 95% paired bootstrap, no multiplicity adjustment or confirmatory decision."
selector_g64,64,cahn_hilliard,coefficient,ood,96,fno,none,mechanistic,,0.0027540344269025205,0.07536813599307497,-0.07261410156617246,-0.10053640951351574,-0.052486697015884064,0.03654109778110432,0.01728723049540901,0.06369493352769816,lower_candidate_error,"Post hoc; pointwise 95% paired bootstrap, no multiplicity adjustment or confirmatory decision."
selector_g64,64,cahn_hilliard,coefficient,ood,96,fno,none,transformer,none,0.0027540344269025205,0.35818640318217093,-0.3554323687552684,-0.4270787332876027,-0.2908946230005868,0.007688830180139024,0.004426015408559814,0.010702807395422845,lower_candidate_error,"Post hoc; pointwise 95% paired bootstrap, no multiplicity adjustment or confirmatory decision."
selector_g64,64,cahn_hilliard,coefficient,test,64,fno,none,mechanistic,,4.568056205063195e-05,0.11407906138970425,-0.11403338082765362,-0.13736686546604954,-0.09262705412387512,0.0004004289787639738,0.00029512193535608606,0.0005329635198235928,lower_candidate_error,"Post hoc; pointwise 95% paired bootstrap, no multiplicity adjustment or confirmatory decision."
selector_g64,64,cahn_hilliard,coefficient,test,64,fno,none,transformer,none,4.568056205063195e-05,0.004084385074384678,-0.0040387045123340464,-0.0055207385708320325,-0.0028545265882031776,0.011184195715805232,0.0074523626748596895,0.01678244537059572,lower_candidate_error,"Post hoc; pointwise 95% paired bootstrap, no multiplicity adjustment or confirmatory decision."
selector_g64,64,cahn_hilliard,coefficient,test,96,fno,none,mechanistic,,7.426414381371211e-05,0.13394798441565214,-0.13387372027183844,-0.1680356698715142,-0.10377636378886132,0.0005544252430351178,0.00039165875596356033,0.0007811682318873778,lower_candidate_error,"Post hoc; pointwise 95% paired bootstrap, no multiplicity adjustment or confirmatory decision."
selector_g64,64,cahn_hilliard,coefficient,test,96,fno,none,transformer,none,7.426414381371211e-05,0.007279229127436584,-0.007204964983622872,-0.010182418166593245,-0.004833323196156944,0.010202198957276757,0.006343839356218615,0.016260350348434816,lower_candidate_error,"Post hoc; pointwise 95% paired bootstrap, no multiplicity adjustment or confirmatory decision."
selector_g64,64,cahn_hilliard,coefficient,ood,64,fno,response_matched,mechanistic,,0.0681771020664016,0.07848085846743125,-0.010303756401029651,-0.062446473351370366,0.052483355004908507,0.8687099427524024,0.25056614084879625,1.729652750639516,interval_includes_zero,"Post hoc; pointwise 95% paired bootstrap, no multiplicity adjustment or confirmatory decision."
selector_g64,64,cahn_hilliard,coefficient,ood,64,fno,response_matched,transformer,response_matched,0.0681771020664016,0.9243507593478076,-0.856173657281406,-1.0856112579531376,-0.6968230764275373,0.0737567437219451,0.020198993371192266,0.1488292891522325,lower_candidate_error,"Post hoc; pointwise 95% paired bootstrap, no multiplicity adjustment or confirmatory decision."
selector_g64,64,cahn_hilliard,coefficient,ood,96,fno,response_matched,mechanistic,,0.1336331267679463,0.07536813599307497,0.058264990774871336,-0.03962286374578345,0.17345040627673788,1.7730719356018687,0.5013073621017522,3.5557525788046704,interval_includes_zero,"Post hoc; pointwise 95% paired bootstrap, no multiplicity adjustment or confirmatory decision."
selector_g64,64,cahn_hilliard,coefficient,ood,96,fno,response_matched,transformer,response_matched,0.1336331267679463,1.2722692447899375,-1.1386361180219913,-1.458710613939629,-0.9045892329755623,0.10503525673923704,0.028026000462172972,0.2075137304389248,lower_candidate_error,"Post hoc; pointwise 95% paired bootstrap, no multiplicity adjustment or confirmatory decision."
selector_g64,64,cahn_hilliard,coefficient,test,64,fno,response_matched,mechanistic,,0.0007232352225840314,0.11407906138970425,-0.11335582616712021,-0.1366084737414473,-0.09196676066241806,0.0063397718544807745,0.005148911171864374,0.0077136823671723215,lower_candidate_error,"Post hoc; pointwise 95% paired bootstrap, no multiplicity adjustment or confirmatory decision."
selector_g64,64,cahn_hilliard,coefficient,test,64,fno,response_matched,transformer,response_matched,0.0007232352225840314,0.013660856420386502,-0.01293762119780247,-0.016640237193324033,-0.009330959446354653,0.0529421582606436,0.040407075254780773,0.07409861227705648,lower_candidate_error,"Post hoc; pointwise 95% paired bootstrap, no multiplicity adjustment or confirmatory decision."
selector_g64,64,cahn_hilliard,coefficient,test,96,fno,response_matched,mechanistic,,0.0013814162032811253,0.13394798441565214,-0.132566568212371,-0.1666815923869058,-0.10263539380424112,0.010313079433838076,0.007973473303159406,0.01340437711432634,lower_candidate_error,"Post hoc; pointwise 95% paired bootstrap, no multiplicity adjustment or confirmatory decision."
selector_g64,64,cahn_hilliard,coefficient,test,96,fno,response_matched,transformer,response_matched,0.0013814162032811253,0.030017002057397643,-0.02863558585411652,-0.036990805880997554,-0.02009587977024655,0.046021124982422335,0.03443170019774091,0.06414167345065756,lower_candidate_error,"Post hoc; pointwise 95% paired bootstrap, no multiplicity adjustment or confirmatory decision."
selector_g64,64,cahn_hilliard,coefficient,ood,64,fno,smooth,mechanistic,,0.003954704320811274,0.07848085846743125,-0.07452615414661998,-0.0961880646464871,-0.05778781020763514,0.050390686315599315,0.025336531527828707,0.0827738927446361,lower_candidate_error,"Post hoc; pointwise 95% paired bootstrap, no multiplicity adjustment or confirmatory decision."
selector_g64,64,cahn_hilliard,coefficient,ood,64,fno,smooth,transformer,smooth,0.003954704320811274,0.2838915729559589,-0.2799368686351476,-0.3825846025490287,-0.18405933698827276,0.013930333611645392,0.007373215309364843,0.023694859684931787,lower_candidate_error,"Post hoc; pointwise 95% paired bootstrap, no multiplicity adjustment or confirmatory decision."
selector_g64,64,cahn_hilliard,coefficient,ood,64,fno,smooth,fno,none,0.003954704320811274,0.0018641371714135525,0.0020905671493977214,0.0007738635124320386,0.0034513006508371156,2.1214663713896496,1.4872231540444334,2.8466607030575415,higher_candidate_error,"Post hoc; pointwise 95% paired bootstrap, no multiplicity adjustment or confirmatory decision."
selector_g64,64,cahn_hilliard,coefficient,ood,96,fno,smooth,mechanistic,,0.007448335413963708,0.07536813599307497,-0.06791980057911126,-0.0964218090268548,-0.046737149090953264,0.09882605315657643,0.04307450792327648,0.1873158440279299,lower_candidate_error,"Post hoc; pointwise 95% paired bootstrap, no multiplicity adjustment or confirmatory decision."
selector_g64,64,cahn_hilliard,coefficient,ood,96,fno,smooth,transformer,smooth,0.007448335413963708,0.5017010804226298,-0.4942527450086661,-0.678764588993649,-0.31751735332434844,0.014846161797557376,0.006861847031127429,0.026108604827751826,lower_candidate_error,"Post hoc; pointwise 95% paired bootstrap, no multiplicity adjustment or confirmatory decision."
selector_g64,64,cahn_hilliard,coefficient,ood,96,fno,smooth,fno,none,0.007448335413963708,0.0027540344269025205,0.004694300987061188,0.001641983390703564,0.00859365129664288,2.7045179033367774,1.7827098693524024,3.661000327133276,higher_candidate_error,"Post hoc; pointwise 95% paired bootstrap, no multiplicity adjustment or confirmatory decision."
selector_g64,64,cahn_hilliard,coefficient,test,64,fno,smooth,mechanistic,,0.00040331678201644994,0.11407906138970425,-0.1136757446076878,-0.13701511114869863,-0.09231103043313536,0.0035354146247634686,0.0026511697124501515,0.004659916143234391,lower_candidate_error,"Post hoc; pointwise 95% paired bootstrap, no multiplicity adjustment or confirmatory decision."
selector_g64,64,cahn_hilliard,coefficient,test,64,fno,smooth,transformer,smooth,0.00040331678201644994,0.00469901395920476,-0.00429569717718831,-0.005091007502495535,-0.0036045923884629825,0.08583008808186333,0.0646338963657227,0.11198199994583086,lower_candidate_error,"Post hoc; pointwise 95% paired bootstrap, no multiplicity adjustment or confirmatory decision."
selector_g64,64,cahn_hilliard,coefficient,test,64,fno,smooth,fno,none,0.00040331678201644994,4.568056205063195e-05,0.000357636219965818,0.0002647833456325942,0.000466226647531726,8.829067855369578,7.064754703609993,10.92791275742623,higher_candidate_error,"Post hoc; pointwise 95% paired bootstrap, no multiplicity adjustment or confirmatory decision."
selector_g64,64,cahn_hilliard,coefficient,test,96,fno,smooth,mechanistic,,0.0007411219510261533,0.13394798441565214,-0.13320686246462599,-0.1674416169918688,-0.10309150252983038,0.005532908570885158,0.003793633006190271,0.008002244897244902,lower_candidate_error,"Post hoc; pointwise 95% paired bootstrap, no multiplicity adjustment or confirmatory decision."
selector_g64,64,cahn_hilliard,coefficient,test,96,fno,smooth,transformer,smooth,0.0007411219510261533,0.009167258764811649,-0.008426136813785496,-0.009996537018073872,-0.007071232027979281,0.08084444543781572,0.05715550726760772,0.11160062508407435,lower_candidate_error,"Post hoc; pointwise 95% paired bootstrap, no multiplicity adjustment or confirmatory decision."
selector_g64,64,cahn_hilliard,coefficient,test,96,fno,smooth,fno,none,0.0007411219510261533,7.426414381371211e-05,0.0006668578072124412,0.00046218873016920205,0.0009131582129819589,9.979539424641057,7.2725674438394705,12.756451410666658,higher_candidate_error,"Post hoc; pointwise 95% paired bootstrap, no multiplicity adjustment or confirmatory decision."
selector_g64,64,cahn_hilliard,coefficient,ood,64,looped,iid,mechanistic,,0.6140193622079266,0.07848085846743125,0.5355385037404954,0.4017277600465611,0.663528756366831,7.823810470456798,5.461944554907188,10.743220177394496,higher_candidate_error,"Post hoc; pointwise 95% paired bootstrap, no multiplicity adjustment or confirmatory decision."
selector_g64,64,cahn_hilliard,coefficient,ood,64,looped,iid,transformer,iid,0.6140193622079266,0.6358002631054506,-0.021780900897523936,-0.1486787079573772,0.08742616834835348,0.9657425418619063,0.7710260266035285,1.1378552248000071,interval_includes_zero,"Post hoc; pointwise 95% paired bootstrap, no multiplicity adjustment or confirmatory decision."
selector_g64,64,cahn_hilliard,coefficient,ood,96,looped,iid,mechanistic,,0.9800233330053251,0.07536813599307497,0.9046551970122501,0.7344772242969663,1.0637888048468749,13.003152062767908,8.877753910293015,18.53941868394397,higher_candidate_error,"Post hoc; pointwise 95% paired bootstrap, no multiplicity adjustment or confirmatory decision."
selector_g64,64,cahn_hilliard,coefficient,ood,96,looped,iid,transformer,iid,0.9800233330053251,0.9756312709781213,0.004392062027203769,-0.15394681880288258,0.1292935074506666,1.0045017643015897,0.8455987407099482,1.132631967586845,interval_includes_zero,"Post hoc; pointwise 95% paired bootstrap, no multiplicity adjustment or confirmatory decision."
selector_g64,64,cahn_hilliard,coefficient,test,64,looped,iid,mechanistic,,0.006382639069626332,0.11407906138970425,-0.10769642232007792,-0.13060122822058953,-0.0868373678163208,0.05594926002960936,0.04522043196981641,0.069193195018099,lower_candidate_error,"Post hoc; pointwise 95% paired bootstrap, no multiplicity adjustment or confirmatory decision."
selector_g64,64,cahn_hilliard,coefficient,test,64,looped,iid,transformer,iid,0.006382639069626332,0.006667767459065495,-0.0002851283894391623,-0.0026851456544629403,0.0017748708359690184,0.9572378024294321,0.7069504707944994,1.380783669244811,interval_includes_zero,"Post hoc; pointwise 95% paired bootstrap, no multiplicity adjustment or confirmatory decision."
selector_g64,64,cahn_hilliard,coefficient,test,96,looped,iid,mechanistic,,0.01202210517520761,0.13394798441565214,-0.12192587924044454,-0.15470853984356545,-0.09320029571553919,0.08975204238909622,0.0724946374173104,0.11235226321495409,lower_candidate_error,"Post hoc; pointwise 95% paired bootstrap, no multiplicity adjustment or confirmatory decision."
selector_g64,64,cahn_hilliard,coefficient,test,96,looped,iid,transformer,iid,0.01202210517520761,0.013616813420718655,-0.001594708245511044,-0.006683628359841843,0.0026175603561633333,0.882886825556072,0.6429486673276792,1.2702949079044032,interval_includes_zero,"Post hoc; pointwise 95% paired bootstrap, no multiplicity adjustment or confirmatory decision."
selector_g64,64,cahn_hilliard,coefficient,ood,64,looped,none,mechanistic,,0.21124034892107038,0.07848085846743125,0.13275949045363913,0.09185338147953942,0.181529150984225,2.6916161857318746,1.9743893503560583,3.687083483675763,higher_candidate_error,"Post hoc; pointwise 95% paired bootstrap, no multiplicity adjustment or confirmatory decision."
selector_g64,64,cahn_hilliard,coefficient,ood,64,looped,none,transformer,none,0.21124034892107038,0.20482504717143069,0.006415301749639696,-0.022792687374194678,0.03034800501696886,1.0313208850100757,0.8928669648739551,1.1549204504563633,interval_includes_zero,"Post hoc; pointwise 95% paired bootstrap, no multiplicity adjustment or confirmatory decision."
selector_g64,64,cahn_hilliard,coefficient,ood,96,looped,none,mechanistic,,0.3652188315339479,0.07536813599307497,0.28985069554087295,0.22190914154438415,0.38091779055053726,4.845798913847427,3.3168526701766887,7.084228199798182,higher_candidate_error,"Post hoc; pointwise 95% paired bootstrap, no multiplicity adjustment or confirmatory decision."
selector_g64,64,cahn_hilliard,coefficient,ood,96,looped,none,transformer,none,0.3652188315339479,0.35818640318217093,0.007032428351776976,-0.04973392224477921,0.0526949711026819,1.019633431892724,0.8677125570500461,1.1553375161734347,interval_includes_zero,"Post hoc; pointwise 95% paired bootstrap, no multiplicity adjustment or confirmatory decision."
selector_g64,64,cahn_hilliard,coefficient,test,64,looped,none,mechanistic,,0.005936550572527774,0.11407906138970425,-0.10814251081717648,-0.13165188190795019,-0.08675985486319646,0.052038914943803645,0.036490277175877696,0.07247054436255239,lower_candidate_error,"Post hoc; pointwise 95% paired bootstrap, no multiplicity adjustment or confirmatory decision."
selector_g64,64,cahn_hilliard,coefficient,test,64,looped,none,transformer,none,0.005936550572527774,0.004084385074384678,0.0018521654981430956,0.0010329906843706662,0.0028396838990126854,1.45347474942042,1.2375308581651343,1.79200566469896,higher_candidate_error,"Post hoc; pointwise 95% paired bootstrap, no multiplicity adjustment or confirmatory decision."
selector_g64,64,cahn_hilliard,coefficient,test,96,looped,none,mechanistic,,0.010816833429038662,0.13394798441565214,-0.12313115098661348,-0.15713357888080007,-0.09300428822569466,0.08075398428895425,0.05523867126533017,0.11705650940499585,lower_candidate_error,"Post hoc; pointwise 95% paired bootstrap, no multiplicity adjustment or confirmatory decision."
selector_g64,64,cahn_hilliard,coefficient,test,96,looped,none,transformer,none,0.010816833429038662,0.007279229127436584,0.003537604301602078,0.0019284499600464627,0.005380721815699727,1.485986117440414,1.2435582714066735,1.8690898751937048,higher_candidate_error,"Post hoc; pointwise 95% paired bootstrap, no multiplicity adjustment or confirmatory decision."
selector_g64,64,cahn_hilliard,coefficient,ood,64,looped,response_matched,mechanistic,,0.9529109070092355,0.07848085846743125,0.8744300485418043,0.7133290356836224,1.0344568622828172,12.141953154152663,8.856653547583397,16.276163619988488,higher_candidate_error,"Post hoc; pointwise 95% paired bootstrap, no multiplicity adjustment or confirmatory decision."
selector_g64,64,cahn_hilliard,coefficient,ood,64,looped,response_matched,transformer,response_matched,0.9529109070092355,0.9243507593478076,0.028560147661427893,-0.31137476411464243,0.29773584334281644,1.0308975217173826,0.7226103720550328,1.3747729492964402,interval_includes_zero,"Post hoc; pointwise 95% paired bootstrap, no multiplicity adjustment or confirmatory decision."
selector_g64,64,cahn_hilliard,coefficient,ood,96,looped,response_matched,mechanistic,,1.3225016270803154,0.07536813599307497,1.2471334910872405,1.0537571134943353,1.4319258990460328,17.547224827237738,12.254295966355658,24.61162649166045,higher_candidate_error,"Post hoc; pointwise 95% paired bootstrap, no multiplicity adjustment or confirmatory decision."
selector_g64,64,cahn_hilliard,coefficient,ood,96,looped,response_matched,transformer,response_matched,1.3225016270803154,1.2722692447899375,0.05023238229037785,-0.3797775041412243,0.37155874623533236,1.039482509300672,0.753190927915526,1.3339569837200895,interval_includes_zero,"Post hoc; pointwise 95% paired bootstrap, no multiplicity adjustment or confirmatory decision."
selector_g64,64,cahn_hilliard,coefficient,test,64,looped,response_matched,mechanistic,,0.008781007051020565,0.11407906138970425,-0.10529805433868368,-0.12828982354563553,-0.08439550682233754,0.07697299525478968,0.05245247230874088,0.11167108597098885,lower_candidate_error,"Post hoc; pointwise 95% paired bootstrap, no multiplicity adjustment or confirmatory decision."
selector_g64,64,cahn_hilliard,coefficient,test,64,looped,response_matched,transformer,response_matched,0.008781007051020565,0.013660856420386502,-0.0048798493693659375,-0.008593595347303992,-0.0011053663675033474,0.6427859850657976,0.4485783738448239,0.9056705409740118,lower_candidate_error,"Post hoc; pointwise 95% paired bootstrap, no multiplicity adjustment or confirmatory decision."
selector_g64,64,cahn_hilliard,coefficient,test,96,looped,response_matched,mechanistic,,0.017657855952928778,0.13394798441565214,-0.11629012846272337,-0.1494571576294348,-0.08720229647555715,0.1318262161984829,0.08529251108900553,0.20355340028174534,lower_candidate_error,"Post hoc; pointwise 95% paired bootstrap, no multiplicity adjustment or confirmatory decision."
selector_g64,64,cahn_hilliard,coefficient,test,96,looped,response_matched,transformer,response_matched,0.017657855952928778,0.030017002057397643,-0.012359146104468866,-0.021151416744255407,-0.0033549645710340037,0.5882618097291641,0.38380638240528814,0.8692069729487756,lower_candidate_error,"Post hoc; pointwise 95% paired bootstrap, no multiplicity adjustment or confirmatory decision."
selector_g64,64,cahn_hilliard,coefficient,ood,64,looped,smooth,mechanistic,,0.21852189051430057,0.07848085846743125,0.14004103204686932,0.10260705309861656,0.17757378526929232,2.7843973012219907,2.073110653644453,3.7081339421011514,higher_candidate_error,"Post hoc; pointwise 95% paired bootstrap, no multiplicity adjustment or confirmatory decision."
selector_g64,64,cahn_hilliard,coefficient,ood,64,looped,smooth,transformer,smooth,0.21852189051430057,0.2838915729559589,-0.06536968244165833,-0.1582734864706509,0.021969007737497485,0.7697371508389248,0.5844476306988212,1.1136838484179246,interval_includes_zero,"Post hoc; pointwise 95% paired bootstrap, no multiplicity adjustment or confirmatory decision."
selector_g64,64,cahn_hilliard,coefficient,ood,64,looped,smooth,looped,none,0.21852189051430057,0.21124034892107038,0.00728154159323019,-0.011847235788362309,0.025865462320353125,1.0344704107450178,0.9522143618376622,1.133795075917508,interval_includes_zero,"Post hoc; pointwise 95% paired bootstrap, no multiplicity adjustment or confirmatory decision."
selector_g64,64,cahn_hilliard,coefficient,ood,96,looped,smooth,mechanistic,,0.3776918205727275,0.07536813599307497,0.30232368457965253,0.2451232937388973,0.3644735696225771,5.011293109430633,3.535565215763894,7.080632313631688,higher_candidate_error,"Post hoc; pointwise 95% paired bootstrap, no multiplicity adjustment or confirmatory decision."
selector_g64,64,cahn_hilliard,coefficient,ood,96,looped,smooth,transformer,smooth,0.3776918205727275,0.5017010804226298,-0.12400925984990235,-0.2934554539650428,0.036988100152189556,0.7528224181908524,0.5686045743262552,1.1106519176183842,interval_includes_zero,"Post hoc; pointwise 95% paired bootstrap, no multiplicity adjustment or confirmatory decision."
selector_g64,64,cahn_hilliard,coefficient,ood,96,looped,smooth,looped,none,0.3776918205727275,0.3652188315339479,0.01247298903877958,-0.02834244382293571,0.0486924721713152,1.0341520972135858,0.9371478180116978,1.1494062802544638,interval_includes_zero,"Post hoc; pointwise 95% paired bootstrap, no multiplicity adjustment or confirmatory decision."
selector_g64,64,cahn_hilliard,coefficient,test,64,looped,smooth,mechanistic,,0.008373599254950933,0.11407906138970425,-0.10570546213475332,-0.1291262489891363,-0.08437194803814374,0.07340171941234659,0.05510427041060198,0.09689230372853956,lower_candidate_error,"Post hoc; pointwise 95% paired bootstrap, no multiplicity adjustment or confirmatory decision."
selector_g64,64,cahn_hilliard,coefficient,test,64,looped,smooth,transformer,smooth,0.008373599254950933,0.00469901395920476,0.0036745852957461725,0.0022633757797453622,0.005180220878720255,1.7819907171265443,1.46886200239104,2.1304945387395575,higher_candidate_error,"Post hoc; pointwise 95% paired bootstrap, no multiplicity adjustment or confirmatory decision."
selector_g64,64,cahn_hilliard,coefficient,test,64,looped,smooth,looped,none,0.008373599254950933,0.005936550572527774,0.0024370486824231586,-7.549785107149683e-05,0.004742677404048265,1.410515947375391,0.9894613342819111,1.981633515974846,interval_includes_zero,"Post hoc; pointwise 95% paired bootstrap, no multiplicity adjustment or confirmatory decision."
selector_g64,64,cahn_hilliard,coefficient,test,96,looped,smooth,mechanistic,,0.01834976270801058,0.13394798441565214,-0.11559822170764156,-0.14880378093506216,-0.08661766473952126,0.13699170456398718,0.10259643039578824,0.18017184694007227,lower_candidate_error,"Post hoc; pointwise 95% paired bootstrap, no multiplicity adjustment or confirmatory decision."
selector_g64,64,cahn_hilliard,coefficient,test,96,looped,smooth,transformer,smooth,0.01834976270801058,0.009167258764811649,0.00918250394319893,0.00566137632137899,0.012984036377963507,2.001663002951962,1.597703659758561,2.4480366356745393,higher_candidate_error,"Post hoc; pointwise 95% paired bootstrap, no multiplicity adjustment or confirmatory decision."
selector_g64,64,cahn_hilliard,coefficient,test,96,looped,smooth,looped,none,0.01834976270801058,0.010816833429038662,0.0075329292789719175,0.0014608949383183155,0.013275478026930439,1.696407994852649,1.10388764991706,2.5529952410798074,higher_candidate_error,"Post hoc; pointwise 95% paired bootstrap, no multiplicity adjustment or confirmatory decision."
selector_g64,64,cahn_hilliard,coefficient,ood,64,transformer,iid,mechanistic,,0.6358002631054506,0.07848085846743125,0.5573194046380193,0.4792014609694819,0.6314726624307193,8.101341849736533,6.033606742985956,10.793150272055719,higher_candidate_error,"Post hoc; pointwise 95% paired bootstrap, no multiplicity adjustment or confirmatory decision."
selector_g64,64,cahn_hilliard,coefficient,ood,96,transformer,iid,mechanistic,,0.9756312709781213,0.07536813599307497,0.9002631349850463,0.8051588867009857,0.9900668389326449,12.944877276356747,9.149528466681922,18.10200011711741,higher_candidate_error,"Post hoc; pointwise 95% paired bootstrap, no multiplicity adjustment or confirmatory decision."
selector_g64,64,cahn_hilliard,coefficient,test,64,transformer,iid,mechanistic,,0.006667767459065495,0.11407906138970425,-0.10741129393063875,-0.1302690341254936,-0.0869304280013469,0.058448652871431035,0.038076589502727624,0.08491938688889904,lower_candidate_error,"Post hoc; pointwise 95% paired bootstrap, no multiplicity adjustment or confirmatory decision."
selector_g64,64,cahn_hilliard,coefficient,test,96,transformer,iid,mechanistic,,0.013616813420718655,0.13394798441565214,-0.12033117099493348,-0.15329195256263425,-0.09137122174370726,0.10165747159333513,0.0659862090493029,0.1486294322344641,lower_candidate_error,"Post hoc; pointwise 95% paired bootstrap, no multiplicity adjustment or confirmatory decision."
selector_g64,64,cahn_hilliard,coefficient,ood,64,transformer,none,mechanistic,,0.20482504717143069,0.07848085846743125,0.12634418870399944,0.08709108468259276,0.16630276065971966,2.6098726641277885,1.9309940035476776,3.516836718035033,higher_candidate_error,"Post hoc; pointwise 95% paired bootstrap, no multiplicity adjustment or confirmatory decision."
selector_g64,64,cahn_hilliard,coefficient,ood,96,transformer,none,mechanistic,,0.35818640318217093,0.07536813599307497,0.282818267189096,0.2124216421391985,0.3589343529241224,4.7524912015215826,3.284843312923675,6.847454996083122,higher_candidate_error,"Post hoc; pointwise 95% paired bootstrap, no multiplicity adjustment or confirmatory decision."
selector_g64,64,cahn_hilliard,coefficient,test,64,transformer,none,mechanistic,,0.004084385074384678,0.11407906138970425,-0.10999467631531958,-0.13361470158070116,-0.08852305828611029,0.03580310904235138,0.024198463514073374,0.0514381513768101,lower_candidate_error,"Post hoc; pointwise 95% paired bootstrap, no multiplicity adjustment or confirmatory decision."
selector_g64,64,cahn_hilliard,coefficient,test,96,transformer,none,mechanistic,,0.007279229127436584,0.13394798441565214,-0.12666875528821556,-0.16039386749223136,-0.09669629921600732,0.05434370034899897,0.035224989517616316,0.08145336583678023,lower_candidate_error,"Post hoc; pointwise 95% paired bootstrap, no multiplicity adjustment or confirmatory decision."
selector_g64,64,cahn_hilliard,coefficient,ood,64,transformer,response_matched,mechanistic,,0.9243507593478076,0.07848085846743125,0.8458699008803764,0.6938167397428601,1.056501045943007,11.778040880266412,8.496740365388039,16.444634964821493,higher_candidate_error,"Post hoc; pointwise 95% paired bootstrap, no multiplicity adjustment or confirmatory decision."
selector_g64,64,cahn_hilliard,coefficient,ood,96,transformer,response_matched,mechanistic,,1.2722692447899375,0.07536813599307497,1.1969011087968626,1.0080259641390774,1.4699533125689785,16.880731200607602,11.625525535263359,24.775332229905782,higher_candidate_error,"Post hoc; pointwise 95% paired bootstrap, no multiplicity adjustment or confirmatory decision."
selector_g64,64,cahn_hilliard,coefficient,test,64,transformer,response_matched,mechanistic,,0.013660856420386502,0.11407906138970425,-0.10041820496931775,-0.12321776804601431,-0.079542273317912,0.11974902540370487,0.0862071705198924,0.15783132112769013,lower_candidate_error,"Post hoc; pointwise 95% paired bootstrap, no multiplicity adjustment or confirmatory decision."
selector_g64,64,cahn_hilliard,coefficient,test,96,transformer,response_matched,mechanistic,,0.030017002057397643,0.13394798441565214,-0.1039309823582545,-0.13746182399562357,-0.07425217534422326,0.22409446613434883,0.1548215314407004,0.310367507319368,lower_candidate_error,"Post hoc; pointwise 95% paired bootstrap, no multiplicity adjustment or confirmatory decision."
selector_g64,64,cahn_hilliard,coefficient,ood,64,transformer,smooth,mechanistic,,0.2838915729559589,0.07848085846743125,0.20541071448852766,0.10611875727713471,0.3108113640357968,3.6173352139588406,2.2475826621487998,5.451136276680211,higher_candidate_error,"Post hoc; pointwise 95% paired bootstrap, no multiplicity adjustment or confirmatory decision."
selector_g64,64,cahn_hilliard,coefficient,ood,64,transformer,smooth,transformer,none,0.2838915729559589,0.20482504717143069,0.07906652578452822,-0.010925171878239532,0.18696985697959329,1.3860198099617795,0.9479136057856661,1.9778645324067228,interval_includes_zero,"Post hoc; pointwise 95% paired bootstrap, no multiplicity adjustment or confirmatory decision."
selector_g64,64,cahn_hilliard,coefficient,ood,96,transformer,smooth,mechanistic,,0.5017010804226298,0.07536813599307497,0.4263329444295549,0.24814332895428062,0.6143410165705628,6.656673590398036,3.9320457480193736,10.540151676372144,higher_candidate_error,"Post hoc; pointwise 95% paired bootstrap, no multiplicity adjustment or confirmatory decision."
selector_g64,64,cahn_hilliard,coefficient,ood,96,transformer,smooth,transformer,none,0.5017010804226298,0.35818640318217093,0.1435146772404589,-0.021965474560383166,0.33950846773179205,1.4006703659476107,0.9399316645804014,2.033667978638592,interval_includes_zero,"Post hoc; pointwise 95% paired bootstrap, no multiplicity adjustment or confirmatory decision."
selector_g64,64,cahn_hilliard,coefficient,test,64,transformer,smooth,mechanistic,,0.00469901395920476,0.11407906138970425,-0.10938004743049949,-0.132519076476174,-0.08817377938957688,0.041190853974091786,0.032780390263697314,0.05162978793921956,lower_candidate_error,"Post hoc; pointwise 95% paired bootstrap, no multiplicity adjustment or confirmatory decision."
selector_g64,64,cahn_hilliard,coefficient,test,64,transformer,smooth,transformer,none,0.00469901395920476,0.004084385074384678,0.0006146288848200817,-0.0005291833702864803,0.0015726026663318749,1.150482599859338,0.9000003298653126,1.509927630004719,interval_includes_zero,"Post hoc; pointwise 95% paired bootstrap, no multiplicity adjustment or confirmatory decision."
selector_g64,64,cahn_hilliard,coefficient,test,96,transformer,smooth,mechanistic,,0.009167258764811649,0.13394798441565214,-0.1247807256508405,-0.15851359593398798,-0.09508123610750689,0.06843894519804684,0.05452416526546846,0.08758813178784723,lower_candidate_error,"Post hoc; pointwise 95% paired bootstrap, no multiplicity adjustment or confirmatory decision."
selector_g64,64,cahn_hilliard,coefficient,test,96,transformer,smooth,transformer,none,0.009167258764811649,0.007279229127436584,0.0018880296373750653,-0.0003857010929513342,0.0038105774798387055,1.2593721950939527,0.9605071020590819,1.7340932959651922,interval_includes_zero,"Post hoc; pointwise 95% paired bootstrap, no multiplicity adjustment or confirmatory decision."
selector_g64,64,cahn_hilliard,correct,ood,64,fno,iid,mechanistic,,0.016194524527002974,7.10217453259105e-12,0.0161945245199008,0.008650206986526396,0.026412779825396353,2280220579.301197,1204595590.9421954,3811554981.2891884,higher_candidate_error,"Post hoc; pointwise 95% paired bootstrap, no multiplicity adjustment or confirmatory decision."
selector_g64,64,cahn_hilliard,correct,ood,64,fno,iid,transformer,iid,0.016194524527002974,0.7088109883258404,-0.6926164637988375,-0.9198325296518236,-0.5419948591502565,0.022847451286348217,0.011393398447352302,0.04064616150341371,lower_candidate_error,"Post hoc; pointwise 95% paired bootstrap, no multiplicity adjustment or confirmatory decision."
selector_g64,64,cahn_hilliard,correct,ood,96,fno,iid,mechanistic,,0.034788267460895965,9.851209261785439e-12,0.034788267451044755,0.018522881592163597,0.05512126940178423,3531370264.952723,1869733122.1895344,5687223877.368676,higher_candidate_error,"Post hoc; pointwise 95% paired bootstrap, no multiplicity adjustment or confirmatory decision."
selector_g64,64,cahn_hilliard,correct,ood,96,fno,iid,transformer,iid,0.034788267460895965,1.0694753185475203,-1.0346870510866244,-1.3540715555068343,-0.8347042214755418,0.032528349983936736,0.016454737619057594,0.055532117892058294,lower_candidate_error,"Post hoc; pointwise 95% paired bootstrap, no multiplicity adjustment or confirmatory decision."
selector_g64,64,cahn_hilliard,correct,test,64,fno,iid,mechanistic,,0.00015663932449867094,3.0924970280116437e-12,0.00015663932140617392,0.00011754052120629663,0.00019955882918092527,50651406.63995528,36785771.13041279,68562883.4921204,higher_candidate_error,"Post hoc; pointwise 95% paired bootstrap, no multiplicity adjustment or confirmatory decision."
selector_g64,64,cahn_hilliard,correct,test,64,fno,iid,transformer,iid,0.00015663932449867094,0.004250360024593697,-0.004093720700095026,-0.005999070969501458,-0.0025723009336969115,0.0368531897515304,0.024130897432870838,0.055241359631315455,lower_candidate_error,"Post hoc; pointwise 95% paired bootstrap, no multiplicity adjustment or confirmatory decision."
selector_g64,64,cahn_hilliard,correct,test,96,fno,iid,mechanistic,,0.0003190072862038499,6.596604439046001e-12,0.00031900727960724546,0.0002307118492898557,0.0004181575115046959,48359317.1534755,34054814.96056267,66029578.506056696,higher_candidate_error,"Post hoc; pointwise 95% paired bootstrap, no multiplicity adjustment or confirmatory decision."
selector_g64,64,cahn_hilliard,correct,test,96,fno,iid,transformer,iid,0.0003190072862038499,0.008344021991819354,-0.008025014705615504,-0.011878175951930426,-0.00486055541756709,0.038231836698969755,0.024615534389610158,0.05835205089040031,lower_candidate_error,"Post hoc; pointwise 95% paired bootstrap, no multiplicity adjustment or confirmatory decision."
selector_g64,64,cahn_hilliard,correct,ood,64,fno,none,mechanistic,,0.0019430061658238535,7.10217453259105e-12,0.001943006158721679,0.0010452848950916961,0.002870919586608311,273579050.600295,148505524.04779762,409797058.90390277,higher_candidate_error,"Post hoc; pointwise 95% paired bootstrap, no multiplicity adjustment or confirmatory decision."
selector_g64,64,cahn_hilliard,correct,ood,64,fno,none,transformer,none,0.0019430061658238535,0.2048249762629187,-0.20288197009709485,-0.23718998755947937,-0.17126326694685862,0.009486177912842815,0.0057725782669184895,0.012934226343914957,lower_candidate_error,"Post hoc; pointwise 95% paired bootstrap, no multiplicity adjustment or confirmatory decision."
selector_g64,64,cahn_hilliard,correct,ood,96,fno,none,mechanistic,,0.002923829576671398,9.851209261785439e-12,0.0029238295668201886,0.0014895637444526713,0.004591662613332017,296799052.6821355,151566684.8389342,471463592.04134864,higher_candidate_error,"Post hoc; pointwise 95% paired bootstrap, no multiplicity adjustment or confirmatory decision."
selector_g64,64,cahn_hilliard,correct,ood,96,fno,none,transformer,none,0.002923829576671398,0.35818626909229495,-0.35526243951562353,-0.4266993993152048,-0.2908871516682261,0.0081628745403359,0.004846831092201497,0.011066785017850623,lower_candidate_error,"Post hoc; pointwise 95% paired bootstrap, no multiplicity adjustment or confirmatory decision."
selector_g64,64,cahn_hilliard,correct,test,64,fno,none,mechanistic,,4.6968038146630204e-05,3.0924970280116437e-12,4.6968035054133175e-05,3.608656393015975e-05,5.944722293070485e-05,15187739.138048207,11419976.2184044,20138656.095785853,higher_candidate_error,"Post hoc; pointwise 95% paired bootstrap, no multiplicity adjustment or confirmatory decision."
selector_g64,64,cahn_hilliard,correct,test,64,fno,none,transformer,none,4.6968038146630204e-05,0.004084380733209904,-0.004037412695063273,-0.005518135430724526,-0.002852006693003349,0.011499427015884033,0.007527912086082108,0.01735020134451562,lower_candidate_error,"Post hoc; pointwise 95% paired bootstrap, no multiplicity adjustment or confirmatory decision."
selector_g64,64,cahn_hilliard,correct,test,96,fno,none,mechanistic,,7.844308668563417e-05,6.596604439046001e-12,7.844308008902974e-05,5.661273288638401e-05,0.00010333383619776944,11891434.056788554,8433440.90463013,16415812.540350234,higher_candidate_error,"Post hoc; pointwise 95% paired bootstrap, no multiplicity adjustment or confirmatory decision."
selector_g64,64,cahn_hilliard,correct,test,96,fno,none,transformer,none,7.844308668563417e-05,0.007279214215489188,-0.007200771128803554,-0.010181088190861358,-0.00482591879422858,0.01077631243750429,0.006455895616767079,0.017708311677258,lower_candidate_error,"Post hoc; pointwise 95% paired bootstrap, no multiplicity adjustment or confirmatory decision."
selector_g64,64,cahn_hilliard,correct,ood,64,fno,response_matched,mechanistic,,0.05816272286798357,7.10217453259105e-12,0.058162722860881394,0.019442193266250404,0.12110913908560697,8189424605.250352,2764193838.0188055,17572220166.051674,higher_candidate_error,"Post hoc; pointwise 95% paired bootstrap, no multiplicity adjustment or confirmatory decision."
selector_g64,64,cahn_hilliard,correct,ood,64,fno,response_matched,transformer,response_matched,0.05816272286798357,1.003444724249628,-0.9452820013816445,-1.2170185253595514,-0.7311224989206024,0.057963056122974206,0.017282248008255906,0.13475604507631692,lower_candidate_error,"Post hoc; pointwise 95% paired bootstrap, no multiplicity adjustment or confirmatory decision."
selector_g64,64,cahn_hilliard,correct,ood,96,fno,response_matched,mechanistic,,0.11781322306828125,9.851209261785439e-12,0.11781322305843005,0.04344102565724966,0.2281243552257351,11959265095.027401,4485441997.739754,23785455419.746902,higher_candidate_error,"Post hoc; pointwise 95% paired bootstrap, no multiplicity adjustment or confirmatory decision."
selector_g64,64,cahn_hilliard,correct,ood,96,fno,response_matched,transformer,response_matched,0.11781322306828125,1.364170365490856,-1.2463571424225746,-1.603236559850145,-0.9574915934590922,0.08636254389376775,0.0282283929375576,0.18540635215925833,lower_candidate_error,"Post hoc; pointwise 95% paired bootstrap, no multiplicity adjustment or confirmatory decision."
selector_g64,64,cahn_hilliard,correct,test,64,fno,response_matched,mechanistic,,0.0004239090809382091,3.0924970280116437e-12,0.00042390907784571206,0.00034582087295200007,0.0005099227031912983,137076633.25088668,107154178.6208149,177958883.06390202,higher_candidate_error,"Post hoc; pointwise 95% paired bootstrap, no multiplicity adjustment or confirmatory decision."
selector_g64,64,cahn_hilliard,correct,test,64,fno,response_matched,transformer,response_matched,0.0004239090809382091,0.012088833577730182,-0.011664924496791972,-0.017002168153882453,-0.00752568137914069,0.03506616897424465,0.02629141170646083,0.050315005478044204,lower_candidate_error,"Post hoc; pointwise 95% paired bootstrap, no multiplicity adjustment or confirmatory decision."
selector_g64,64,cahn_hilliard,correct,test,96,fno,response_matched,mechanistic,,0.0009353202340046224,6.596604439046001e-12,0.000935320227408018,0.0007250855792912304,0.0011778834581394936,141788133.97819686,105885444.35369389,191383020.48507923,higher_candidate_error,"Post hoc; pointwise 95% paired bootstrap, no multiplicity adjustment or confirmatory decision."
selector_g64,64,cahn_hilliard,correct,test,96,fno,response_matched,transformer,response_matched,0.0009353202340046224,0.026657460902709967,-0.025722140668705346,-0.03851610222123769,-0.016144547794970602,0.035086621243418534,0.02562390420079953,0.051346406280317225,lower_candidate_error,"Post hoc; pointwise 95% paired bootstrap, no multiplicity adjustment or confirmatory decision."
selector_g64,64,cahn_hilliard,correct,ood,64,fno,smooth,mechanistic,,0.0020215444858378557,7.10217453259105e-12,0.0020215444787356814,0.0010825778627849712,0.0030717829004478945,284637398.9489028,152227884.7000375,451853468.2715555,higher_candidate_error,"Post hoc; pointwise 95% paired bootstrap, no multiplicity adjustment or confirmatory decision."
selector_g64,64,cahn_hilliard,correct,ood,64,fno,smooth,transformer,smooth,0.0020215444858378557,0.31685526055198104,-0.3148337160661432,-0.44537133153531844,-0.2383048484530842,0.006380025006737154,0.0028853458738211627,0.011663396577459875,lower_candidate_error,"Post hoc; pointwise 95% paired bootstrap, no multiplicity adjustment or confirmatory decision."
selector_g64,64,cahn_hilliard,correct,ood,64,fno,smooth,fno,none,0.0020215444858378557,0.0019430061658238535,7.853832001400224e-05,-0.0010242298918668386,0.0010465387484396942,1.040421034886784,0.5756536186067316,1.7382082790792264,interval_includes_zero,"Post hoc; pointwise 95% paired bootstrap, no multiplicity adjustment or confirmatory decision."
selector_g64,64,cahn_hilliard,correct,ood,96,fno,smooth,mechanistic,,0.003758771946261001,9.851209261785439e-12,0.003758771936409792,0.0019130832353227622,0.005821488671294648,381554370.2682202,195561962.90607858,611113477.8088585,higher_candidate_error,"Post hoc; pointwise 95% paired bootstrap, no multiplicity adjustment or confirmatory decision."
selector_g64,64,cahn_hilliard,correct,ood,96,fno,smooth,transformer,smooth,0.003758771946261001,0.5649716604422371,-0.5612128884959762,-0.7962578026063292,-0.4265534418962201,0.006653027416134086,0.002985915757771792,0.012293282667415126,lower_candidate_error,"Post hoc; pointwise 95% paired bootstrap, no multiplicity adjustment or confirmatory decision."
selector_g64,64,cahn_hilliard,correct,ood,96,fno,smooth,fno,none,0.003758771946261001,0.002923829576671398,0.0008349423695896033,-0.0013502734897731313,0.002863689554359143,1.285564649954781,0.645818286606449,2.2827809497155434,interval_includes_zero,"Post hoc; pointwise 95% paired bootstrap, no multiplicity adjustment or confirmatory decision."
selector_g64,64,cahn_hilliard,correct,test,64,fno,smooth,mechanistic,,2.9142350279843772e-05,3.0924970280116437e-12,2.9142347187346743e-05,2.228517748276723e-05,3.7957014580841406e-05,9423566.139554605,6927179.883407465,13010643.754186675,higher_candidate_error,"Post hoc; pointwise 95% paired bootstrap, no multiplicity adjustment or confirmatory decision."
selector_g64,64,cahn_hilliard,correct,test,64,fno,smooth,transformer,smooth,2.9142350279843772e-05,0.0026882936452468503,-0.0026591512949670068,-0.0033098171075392354,-0.002135022741062036,0.010840463924530759,0.00882291186604501,0.013181684487034636,lower_candidate_error,"Post hoc; pointwise 95% paired bootstrap, no multiplicity adjustment or confirmatory decision."
selector_g64,64,cahn_hilliard,correct,test,64,fno,smooth,fno,none,2.9142350279843772e-05,4.6968038146630204e-05,-1.7825687866786432e-05,-2.993328533779196e-05,-7.44246467685337e-06,0.6204719513483583,0.45923523558406215,0.8124599225911187,lower_candidate_error,"Post hoc; pointwise 95% paired bootstrap, no multiplicity adjustment or confirmatory decision."
selector_g64,64,cahn_hilliard,correct,test,96,fno,smooth,mechanistic,,4.962145645013736e-05,6.596604439046001e-12,4.962144985353292e-05,3.531806479195614e-05,6.775743375905105e-05,7522272.54319248,5246946.743218174,10728679.97013008,higher_candidate_error,"Post hoc; pointwise 95% paired bootstrap, no multiplicity adjustment or confirmatory decision."
selector_g64,64,cahn_hilliard,correct,test,96,fno,smooth,transformer,smooth,4.962145645013736e-05,0.004333562984401663,-0.004283941527951526,-0.0052460640920424925,-0.003451898552928228,0.011450498499444014,0.008353853283186642,0.014933702082898443,lower_candidate_error,"Post hoc; pointwise 95% paired bootstrap, no multiplicity adjustment or confirmatory decision."
selector_g64,64,cahn_hilliard,correct,test,96,fno,smooth,fno,none,4.962145645013736e-05,7.844308668563417e-05,-2.8821630235496807e-05,-5.931406722367642e-05,-1.161849867006871e-06,0.6325790907361742,0.39392547060207733,0.9806060513030984,lower_candidate_error,"Post hoc; pointwise 95% paired bootstrap, no multiplicity adjustment or confirmatory decision."
selector_g64,64,cahn_hilliard,correct,ood,64,looped,iid,mechanistic,,0.5993163966058187,7.10217453259105e-12,0.5993163965987165,0.39402871193627986,0.7947670063741296,84384915332.00511,55989072304.45872,116806101773.26437,higher_candidate_error,"Post hoc; pointwise 95% paired bootstrap, no multiplicity adjustment or confirmatory decision."
selector_g64,64,cahn_hilliard,correct,ood,64,looped,iid,transformer,iid,0.5993163966058187,0.7088109883258404,-0.10949459172002174,-0.41286542245704794,0.17695995350930743,0.845523569014301,0.5167060493916457,1.3057018850133242,interval_includes_zero,"Post hoc; pointwise 95% paired bootstrap, no multiplicity adjustment or confirmatory decision."
selector_g64,64,cahn_hilliard,correct,ood,96,looped,iid,mechanistic,,0.9265469383492689,9.851209261785439e-12,0.9265469383394177,0.6348277026037925,1.1986869239708595,94054132211.312,64418862625.863434,127409795332.65527,higher_candidate_error,"Post hoc; pointwise 95% paired bootstrap, no multiplicity adjustment or confirmatory decision."
selector_g64,64,cahn_hilliard,correct,ood,96,looped,iid,transformer,iid,0.9265469383492689,1.0694753185475203,-0.14292838019825138,-0.5762542473809794,0.2622986159558312,0.8663565416429004,0.5522875160115553,1.295209154431755,interval_includes_zero,"Post hoc; pointwise 95% paired bootstrap, no multiplicity adjustment or confirmatory decision."
selector_g64,64,cahn_hilliard,correct,test,64,looped,iid,mechanistic,,0.005600405746689211,3.0924970280116437e-12,0.005600405743596714,0.003364843301946763,0.00902439056598309,1810965603.511042,1043849232.8760179,3043821464.6921334,higher_candidate_error,"Post hoc; pointwise 95% paired bootstrap, no multiplicity adjustment or confirmatory decision."
selector_g64,64,cahn_hilliard,correct,test,64,looped,iid,transformer,iid,0.005600405746689211,0.004250360024593697,0.0013500457220955138,-0.0016531385878602652,0.004505002057323771,1.3176309099191117,0.6960879407627505,2.1653589916792453,interval_includes_zero,"Post hoc; pointwise 95% paired bootstrap, no multiplicity adjustment or confirmatory decision."
selector_g64,64,cahn_hilliard,correct,test,96,looped,iid,mechanistic,,0.010950464081550778,6.596604439046001e-12,0.010950464074954173,0.006200181347136516,0.01861373404288818,1660015267.3599498,898698809.2380786,2928041744.8299494,higher_candidate_error,"Post hoc; pointwise 95% paired bootstrap, no multiplicity adjustment or confirmatory decision."
selector_g64,64,cahn_hilliard,correct,test,96,looped,iid,transformer,iid,0.010950464081550778,0.008344021991819354,0.002606442089731424,-0.0038243886956212153,0.00983563628041175,1.3123723897524278,0.6389863222671158,2.283379859102841,interval_includes_zero,"Post hoc; pointwise 95% paired bootstrap, no multiplicity adjustment or confirmatory decision."
selector_g64,64,cahn_hilliard,correct,ood,64,looped,none,mechanistic,,0.21124045762121557,7.10217453259105e-12,0.2112404576141134,0.1796330450631192,0.2561783593205027,29743067655.10447,23819925296.873096,38158545870.12875,higher_candidate_error,"Post hoc; pointwise 95% paired bootstrap, no multiplicity adjustment or confirmatory decision."
selector_g64,64,cahn_hilliard,correct,ood,64,looped,none,transformer,none,0.21124045762121557,0.2048249762629187,0.006415481358296865,-0.02279248412453133,0.030348828560169187,1.0313217727415322,0.8928659899469369,1.1549216426565874,interval_includes_zero,"Post hoc; pointwise 95% paired bootstrap, no multiplicity adjustment or confirmatory decision."
selector_g64,64,cahn_hilliard,correct,ood,96,looped,none,mechanistic,,0.3652190293088702,9.851209261785439e-12,0.36521902929901895,0.3041877423983636,0.4548016588347768,37073522610.632034,29288225956.955547,48659805476.99459,higher_candidate_error,"Post hoc; pointwise 95% paired bootstrap, no multiplicity adjustment or confirmatory decision."
selector_g64,64,cahn_hilliard,correct,ood,96,looped,none,transformer,none,0.3652190293088702,0.35818626909229495,0.007032760216575229,-0.049734381753702414,0.052695356654642284,1.0196343657572287,0.8677121174633322,1.155340953145482,interval_includes_zero,"Post hoc; pointwise 95% paired bootstrap, no multiplicity adjustment or confirmatory decision."
selector_g64,64,cahn_hilliard,correct,test,64,looped,none,mechanistic,,0.00593654837935688,3.0924970280116437e-12,0.005936548376264383,0.004493410001065844,0.0076709848117441845,1919661789.6748154,1386803289.8233333,2663473334.8317413,higher_candidate_error,"Post hoc; pointwise 95% paired bootstrap, no multiplicity adjustment or confirmatory decision."
selector_g64,64,cahn_hilliard,correct,test,64,looped,none,transformer,none,0.00593654837935688,0.004084380733209904,0.0018521676461469763,0.0010329865913776177,0.002839679467151854,1.4534757573129973,1.2375347232444835,1.792005636131205,higher_candidate_error,"Post hoc; pointwise 95% paired bootstrap, no multiplicity adjustment or confirmatory decision."
selector_g64,64,cahn_hilliard,correct,test,96,looped,none,mechanistic,,0.01081683066859894,6.596604439046001e-12,0.010816830662002334,0.007960026051129674,0.014524544454968777,1639757358.2816293,1151219993.144745,2337026813.0895267,higher_candidate_error,"Post hoc; pointwise 95% paired bootstrap, no multiplicity adjustment or confirmatory decision."
selector_g64,64,cahn_hilliard,correct,test,96,looped,none,transformer,none,0.01081683066859894,0.007279214215489188,0.0035376164531097515,0.0019284674499648903,0.005380761355148125,1.4859887823581535,1.243562931695362,1.8690963134473564,higher_candidate_error,"Post hoc; pointwise 95% paired bootstrap, no multiplicity adjustment or confirmatory decision."
selector_g64,64,cahn_hilliard,correct,ood,64,looped,response_matched,mechanistic,,1.0287292034816151,7.10217453259105e-12,1.028729203474513,0.8505289255114481,1.2638524004758949,144847074478.51315,115243407150.24677,188094678918.33176,higher_candidate_error,"Post hoc; pointwise 95% paired bootstrap, no multiplicity adjustment or confirmatory decision."
selector_g64,64,cahn_hilliard,correct,ood,64,looped,response_matched,transformer,response_matched,1.0287292034816151,1.003444724249628,0.025284479231987067,-0.31442666857907964,0.39347416927666745,1.025197680172064,0.7489223433724007,1.4709644644179696,interval_includes_zero,"Post hoc; pointwise 95% paired bootstrap, no multiplicity adjustment or confirmatory decision."
selector_g64,64,cahn_hilliard,correct,ood,96,looped,response_matched,mechanistic,,1.4385643461719837,9.851209261785439e-12,1.4385643461621325,1.2316095222284635,1.6741266273702133,146029214073.487,119596522723.27518,181563159201.17557,higher_candidate_error,"Post hoc; pointwise 95% paired bootstrap, no multiplicity adjustment or confirmatory decision."
selector_g64,64,cahn_hilliard,correct,ood,96,looped,response_matched,transformer,response_matched,1.4385643461719837,1.364170365490856,0.07439398068112779,-0.28986801634396003,0.45824616132113577,1.0545342301541343,0.8249847375309749,1.3957254421758742,interval_includes_zero,"Post hoc; pointwise 95% paired bootstrap, no multiplicity adjustment or confirmatory decision."
selector_g64,64,cahn_hilliard,correct,test,64,looped,response_matched,mechanistic,,0.008936414492363293,3.0924970280116437e-12,0.008936414489270796,0.0049093173625512476,0.014958589076229638,2889708352.6411867,1535830771.2018654,5012708372.751805,higher_candidate_error,"Post hoc; pointwise 95% paired bootstrap, no multiplicity adjustment or confirmatory decision."
selector_g64,64,cahn_hilliard,correct,test,64,looped,response_matched,transformer,response_matched,0.008936414492363293,0.012088833577730182,-0.003152419085366889,-0.007876531687691857,0.0014221617181296308,0.739228845769354,0.4135563378326876,1.1449997901401778,interval_includes_zero,"Post hoc; pointwise 95% paired bootstrap, no multiplicity adjustment or confirmatory decision."
selector_g64,64,cahn_hilliard,correct,test,96,looped,response_matched,mechanistic,,0.018458212928068762,6.596604439046001e-12,0.018458212921472157,0.009776224196880836,0.03067178686930663,2798138511.8095975,1451413607.779686,4814743734.826141,higher_candidate_error,"Post hoc; pointwise 95% paired bootstrap, no multiplicity adjustment or confirmatory decision."
selector_g64,64,cahn_hilliard,correct,test,96,looped,response_matched,transformer,response_matched,0.018458212928068762,0.026657460902709967,-0.008199247974641204,-0.0192736483497171,0.0026463439774810442,0.6924220200653964,0.37666883297688347,1.1302439061975211,interval_includes_zero,"Post hoc; pointwise 95% paired bootstrap, no multiplicity adjustment or confirmatory decision."
selector_g64,64,cahn_hilliard,correct,ood,64,looped,smooth,mechanistic,,0.2534722705720806,7.10217453259105e-12,0.25347227056497845,0.20027093981580654,0.3321504618019363,35689389131.304214,26944469866.677624,48647667382.85013,higher_candidate_error,"Post hoc; pointwise 95% paired bootstrap, no multiplicity adjustment or confirmatory decision."
selector_g64,64,cahn_hilliard,correct,ood,64,looped,smooth,transformer,smooth,0.2534722705720806,0.31685526055198104,-0.06338298997990044,-0.11871446397801214,-0.0250088613528487,0.7999623239030861,0.725464626613401,0.9008974215070603,lower_candidate_error,"Post hoc; pointwise 95% paired bootstrap, no multiplicity adjustment or confirmatory decision."
selector_g64,64,cahn_hilliard,correct,ood,64,looped,smooth,looped,none,0.2534722705720806,0.21124045762121557,0.04223181295086503,0.013134839682705755,0.0781292516969835,1.1999229381835212,1.0682591235714014,1.3171496651922223,higher_candidate_error,"Post hoc; pointwise 95% paired bootstrap, no multiplicity adjustment or confirmatory decision."
selector_g64,64,cahn_hilliard,correct,ood,96,looped,smooth,mechanistic,,0.4450743671751118,9.851209261785439e-12,0.44507436716526055,0.35518965344803,0.5834321440641708,45179668337.9403,34294625704.57799,61547386928.62832,higher_candidate_error,"Post hoc; pointwise 95% paired bootstrap, no multiplicity adjustment or confirmatory decision."
selector_g64,64,cahn_hilliard,correct,ood,96,looped,smooth,transformer,smooth,0.4450743671751118,0.5649716604422371,-0.11989729326712534,-0.22005281887421022,-0.054306053972421796,0.7877817567463923,0.7169909489163178,0.8787922439271478,lower_candidate_error,"Post hoc; pointwise 95% paired bootstrap, no multiplicity adjustment or confirmatory decision."
selector_g64,64,cahn_hilliard,correct,ood,96,looped,smooth,looped,none,0.4450743671751118,0.3652190293088702,0.0798553378662416,0.03410150980385161,0.1343988872158292,1.2186505396976646,1.1015486932377478,1.3136776681281273,higher_candidate_error,"Post hoc; pointwise 95% paired bootstrap, no multiplicity adjustment or confirmatory decision."
selector_g64,64,cahn_hilliard,correct,test,64,looped,smooth,mechanistic,,0.004077548477607955,3.0924970280116437e-12,0.0040775484745154585,0.0028915417946362865,0.005513360660512833,1318529473.3264987,908375873.0652506,1898820769.0925808,higher_candidate_error,"Post hoc; pointwise 95% paired bootstrap, no multiplicity adjustment or confirmatory decision."
selector_g64,64,cahn_hilliard,correct,test,64,looped,smooth,transformer,smooth,0.004077548477607955,0.0026882936452468503,0.0013892548323611049,0.00026339870616229945,0.0027944263764652397,1.5167794205880132,1.095427426989083,2.101504255732977,higher_candidate_error,"Post hoc; pointwise 95% paired bootstrap, no multiplicity adjustment or confirmatory decision."
selector_g64,64,cahn_hilliard,correct,test,64,looped,smooth,looped,none,0.004077548477607955,0.00593654837935688,-0.0018589999017489247,-0.0038712543071681197,-0.0004394152244071564,0.6868550910469773,0.4565933915412817,0.9193190000794672,lower_candidate_error,"Post hoc; pointwise 95% paired bootstrap, no multiplicity adjustment or confirmatory decision."
selector_g64,64,cahn_hilliard,correct,test,96,looped,smooth,mechanistic,,0.00630174074682547,6.596604439046001e-12,0.006301740740228865,0.004202601819753105,0.00904056269379479,955300686.1416153,622611034.2163463,1443455132.3872998,higher_candidate_error,"Post hoc; pointwise 95% paired bootstrap, no multiplicity adjustment or confirmatory decision."
selector_g64,64,cahn_hilliard,correct,test,96,looped,smooth,transformer,smooth,0.00630174074682547,0.004333562984401663,0.001968177762423807,-0.00026351223613813626,0.004895240118262927,1.4541707988341501,0.9444861806208786,2.2557506703851677,interval_includes_zero,"Post hoc; pointwise 95% paired bootstrap, no multiplicity adjustment or confirmatory decision."
selector_g64,64,cahn_hilliard,correct,test,96,looped,smooth,looped,none,0.00630174074682547,0.01081683066859894,-0.00451508992177347,-0.008816476272731586,-0.0014529262264812773,0.5825866133893828,0.3508314313778095,0.8500951436742676,lower_candidate_error,"Post hoc; pointwise 95% paired bootstrap, no multiplicity adjustment or confirmatory decision."
selector_g64,64,cahn_hilliard,correct,ood,64,transformer,iid,mechanistic,,0.7088109883258404,7.10217453259105e-12,0.7088109883187382,0.5564316370364761,0.9335087521209279,99801966999.42947,75035223907.66672,136546750074.09676,higher_candidate_error,"Post hoc; pointwise 95% paired bootstrap, no multiplicity adjustment or confirmatory decision."
selector_g64,64,cahn_hilliard,correct,ood,96,transformer,iid,mechanistic,,1.0694753185475203,9.851209261785439e-12,1.069475318537669,0.8653871035738483,1.3848894543941608,108562846461.5204,83577468005.89037,145656937725.21185,higher_candidate_error,"Post hoc; pointwise 95% paired bootstrap, no multiplicity adjustment or confirmatory decision."
selector_g64,64,cahn_hilliard,correct,test,64,transformer,iid,mechanistic,,0.004250360024593697,3.0924970280116437e-12,0.0042503600215012,0.002724819106851862,0.006161844331666445,1374410382.966969,873354246.8824791,2078253682.4555733,higher_candidate_error,"Post hoc; pointwise 95% paired bootstrap, no multiplicity adjustment or confirmatory decision."
selector_g64,64,cahn_hilliard,correct,test,96,transformer,iid,mechanistic,,0.008344021991819354,6.596604439046001e-12,0.008344021985222749,0.005142765682075369,0.01220289150238824,1264896518.9469607,768270273.0471985,1926299899.831767,higher_candidate_error,"Post hoc; pointwise 95% paired bootstrap, no multiplicity adjustment or confirmatory decision."
selector_g64,64,cahn_hilliard,correct,ood,64,transformer,none,mechanistic,,0.2048249762629187,7.10217453259105e-12,0.20482497625581653,0.1727914767136199,0.23983521102451638,28839755390.83147,23139876033.292625,36013956239.528564,higher_candidate_error,"Post hoc; pointwise 95% paired bootstrap, no multiplicity adjustment or confirmatory decision."
selector_g64,64,cahn_hilliard,correct,ood,96,transformer,none,mechanistic,,0.35818626909229495,9.851209261785439e-12,0.3581862690824437,0.29243262552959376,0.43105621862401255,36359624445.47413,28541135227.065704,46258540145.184845,higher_candidate_error,"Post hoc; pointwise 95% paired bootstrap, no multiplicity adjustment or confirmatory decision."
selector_g64,64,cahn_hilliard,correct,test,64,transformer,none,mechanistic,,0.004084380733209904,3.0924970280116437e-12,0.004084380730117407,0.002898892643874752,0.005572003552314101,1320738773.9466972,902702769.7487786,1910726545.0268855,higher_candidate_error,"Post hoc; pointwise 95% paired bootstrap, no multiplicity adjustment or confirmatory decision."
selector_g64,64,cahn_hilliard,correct,test,96,transformer,none,mechanistic,,0.007279214215489188,6.596604439046001e-12,0.007279214208892584,0.004902212628175463,0.010261629947399889,1103478961.449128,717187214.2044212,1644163345.2562466,higher_candidate_error,"Post hoc; pointwise 95% paired bootstrap, no multiplicity adjustment or confirmatory decision."
selector_g64,64,cahn_hilliard,correct,ood,64,transformer,response_matched,mechanistic,,1.003444724249628,7.10217453259105e-12,1.003444724242526,0.8092864239444427,1.2585440849485763,141286970581.3251,109221708941.5972,185410716708.74353,higher_candidate_error,"Post hoc; pointwise 95% paired bootstrap, no multiplicity adjustment or confirmatory decision."
selector_g64,64,cahn_hilliard,correct,ood,96,transformer,response_matched,mechanistic,,1.364170365490856,9.851209261785439e-12,1.3641703654810047,1.128831456332337,1.6782897657086657,138477452791.7817,109720916288.3808,178487315125.5356,higher_candidate_error,"Post hoc; pointwise 95% paired bootstrap, no multiplicity adjustment or confirmatory decision."
selector_g64,64,cahn_hilliard,correct,test,64,transformer,response_matched,mechanistic,,0.012088833577730182,3.0924970280116437e-12,0.012088833574637685,0.007919408317060306,0.017503215053076233,3909084945.993573,2475590919.9373584,5926435907.953168,higher_candidate_error,"Post hoc; pointwise 95% paired bootstrap, no multiplicity adjustment or confirmatory decision."
selector_g64,64,cahn_hilliard,correct,test,96,transformer,response_matched,mechanistic,,0.026657460902709967,6.596604439046001e-12,0.02665746089611336,0.01697243617499715,0.03953922203359946,4041088282.4687247,2503771569.4191217,6184207206.950026,higher_candidate_error,"Post hoc; pointwise 95% paired bootstrap, no multiplicity adjustment or confirmatory decision."
selector_g64,64,cahn_hilliard,correct,ood,64,transformer,smooth,mechanistic,,0.31685526055198104,7.10217453259105e-12,0.3168552605448789,0.24040467010801947,0.44758163168382964,44613837508.21234,32102160499.391422,64707517520.893074,higher_candidate_error,"Post hoc; pointwise 95% paired bootstrap, no multiplicity adjustment or confirmatory decision."
selector_g64,64,cahn_hilliard,correct,ood,64,transformer,smooth,transformer,none,0.31685526055198104,0.2048249762629187,0.11203028428906234,0.0461936144094973,0.21397343812967176,1.5469561687889926,1.224424129978311,1.9365582607541036,higher_candidate_error,"Post hoc; pointwise 95% paired bootstrap, no multiplicity adjustment or confirmatory decision."
selector_g64,64,cahn_hilliard,correct,ood,96,transformer,smooth,mechanistic,,0.5649716604422371,9.851209261785439e-12,0.5649716604323859,0.430124492929197,0.8001179443590275,57350488191.72494,41220114413.39948,83318838257.78964,higher_candidate_error,"Post hoc; pointwise 95% paired bootstrap, no multiplicity adjustment or confirmatory decision."
selector_g64,64,cahn_hilliard,correct,ood,96,transformer,smooth,transformer,none,0.5649716604422371,0.35818626909229495,0.20678539134994217,0.08985804633690674,0.38173442124319,1.5773124466048674,1.2514731420434542,1.9450201674737242,higher_candidate_error,"Post hoc; pointwise 95% paired bootstrap, no multiplicity adjustment or confirmatory decision."
selector_g64,64,cahn_hilliard,correct,test,64,transformer,smooth,mechanistic,,0.0026882936452468503,3.0924970280116437e-12,0.002688293642154353,0.0021599521526073466,0.003341872306344226,869295466.0575112,674806583.6194707,1143323958.6763656,higher_candidate_error,"Post hoc; pointwise 95% paired bootstrap, no multiplicity adjustment or confirmatory decision."
selector_g64,64,cahn_hilliard,correct,test,64,transformer,smooth,transformer,none,0.0026882936452468503,0.004084380733209904,-0.0013960870879630534,-0.0025311831947352915,-0.0004666739641108449,0.6581887979708806,0.526982115395291,0.8445073678879433,lower_candidate_error,"Post hoc; pointwise 95% paired bootstrap, no multiplicity adjustment or confirmatory decision."
selector_g64,64,cahn_hilliard,correct,test,96,transformer,smooth,mechanistic,,0.004333562984401663,6.596604439046001e-12,0.004333562977805058,0.003497044800906043,0.005299360683320686,656938433.1658336,505471054.8351594,868552160.6372818,higher_candidate_error,"Post hoc; pointwise 95% paired bootstrap, no multiplicity adjustment or confirmatory decision."
selector_g64,64,cahn_hilliard,correct,test,96,transformer,smooth,transformer,none,0.004333562984401663,0.007279214215489188,-0.0029456512310875255,-0.00543595880552541,-0.0008845505242577842,0.5953338995272902,0.4561908442037951,0.8235193541105809,lower_candidate_error,"Post hoc; pointwise 95% paired bootstrap, no multiplicity adjustment or confirmatory decision."
selector_g64,64,cahn_hilliard,structural,ood,64,fno,iid,mechanistic,,0.016246124680486192,0.7086269936451364,-0.6923808689646502,-0.8618292605243748,-0.5443699739177343,0.022926200703866875,0.010646096074837463,0.038357327485220735,lower_candidate_error,"Post hoc; pointwise 95% paired bootstrap, no multiplicity adjustment or confirmatory decision."
selector_g64,64,cahn_hilliard,structural,ood,64,fno,iid,transformer,iid,0.016246124680486192,0.5805643456232676,-0.5643182209427815,-0.7348670583791059,-0.4264872451386591,0.027983331740851373,0.013783235634021694,0.04441763203971023,lower_candidate_error,"Post hoc; pointwise 95% paired bootstrap, no multiplicity adjustment or confirmatory decision."
selector_g64,64,cahn_hilliard,structural,ood,96,fno,iid,mechanistic,,0.0298331707893507,6.564238334727499,-6.534405163938148,-8.445351447015689,-5.008447967064582,0.004544803108613692,0.0018816525073700875,0.008099790459008452,lower_candidate_error,"Post hoc; pointwise 95% paired bootstrap, no multiplicity adjustment or confirmatory decision."
selector_g64,64,cahn_hilliard,structural,ood,96,fno,iid,transformer,iid,0.0298331707893507,0.9178662145903708,-0.8880330438010201,-1.1321325172500518,-0.6975515553677929,0.03250274420729689,0.014070032340763847,0.054858115559109584,lower_candidate_error,"Post hoc; pointwise 95% paired bootstrap, no multiplicity adjustment or confirmatory decision."
selector_g64,64,cahn_hilliard,structural,test,64,fno,iid,mechanistic,,0.0005734290357586706,0.2673796713480453,-0.2668062423122866,-0.4051943191290785,-0.16419762435611884,0.00214462465627106,0.001447351228892913,0.0033602563231259043,lower_candidate_error,"Post hoc; pointwise 95% paired bootstrap, no multiplicity adjustment or confirmatory decision."
selector_g64,64,cahn_hilliard,structural,test,64,fno,iid,transformer,iid,0.0005734290357586706,0.005252439654398464,-0.004679010618639793,-0.0064124678324228995,-0.0031951591023423914,0.1091738455821141,0.07915285649199233,0.15181712606064654,lower_candidate_error,"Post hoc; pointwise 95% paired bootstrap, no multiplicity adjustment or confirmatory decision."
selector_g64,64,cahn_hilliard,structural,test,96,fno,iid,mechanistic,,0.0011341617672985629,2.380389824394176,-2.3792556626268775,-4.20643766622979,-1.1724572691965018,0.0004764605173806832,0.0002734480936724879,0.0009363039232666713,lower_candidate_error,"Post hoc; pointwise 95% paired bootstrap, no multiplicity adjustment or confirmatory decision."
selector_g64,64,cahn_hilliard,structural,test,96,fno,iid,transformer,iid,0.0011341617672985629,0.009657253531726914,-0.00852309176442835,-0.01188582197255134,-0.005626503063243106,0.11744144063035193,0.08577033834128021,0.1662745113931999,lower_candidate_error,"Post hoc; pointwise 95% paired bootstrap, no multiplicity adjustment or confirmatory decision."
selector_g64,64,cahn_hilliard,structural,ood,64,fno,none,mechanistic,,0.0019430061658238535,0.7086269936451364,-0.7066839874793125,-0.8771557121853993,-0.5592049602508997,0.0027419307805777223,0.0014761860090907403,0.004200662899372695,lower_candidate_error,"Post hoc; pointwise 95% paired bootstrap, no multiplicity adjustment or confirmatory decision."
selector_g64,64,cahn_hilliard,structural,ood,64,fno,none,transformer,none,0.0019430061658238535,0.2048249762629187,-0.20288197009709485,-0.23718998755947937,-0.17126326694685862,0.009486177912842815,0.0057725782669184895,0.012934226343914957,lower_candidate_error,"Post hoc; pointwise 95% paired bootstrap, no multiplicity adjustment or confirmatory decision."
selector_g64,64,cahn_hilliard,structural,ood,96,fno,none,mechanistic,,0.002923829576671398,6.564238334727499,-6.561314505150827,-8.463132397003625,-5.030176466665377,0.0004454179491325211,0.00022417913023791854,0.0007302529526879749,lower_candidate_error,"Post hoc; pointwise 95% paired bootstrap, no multiplicity adjustment or confirmatory decision."
selector_g64,64,cahn_hilliard,structural,ood,96,fno,none,transformer,none,0.002923829576671398,0.35818626909229495,-0.35526243951562353,-0.4266993993152048,-0.2908871516682261,0.0081628745403359,0.004846831092201497,0.011066785017850623,lower_candidate_error,"Post hoc; pointwise 95% paired bootstrap, no multiplicity adjustment or confirmatory decision."
selector_g64,64,cahn_hilliard,structural,test,64,fno,none,mechanistic,,4.6968038146630204e-05,0.2673796713480453,-0.26733270330989867,-0.40580397538504454,-0.16457805217677252,0.00017566046779035944,0.00012486917363224107,0.0002591007515054466,lower_candidate_error,"Post hoc; pointwise 95% paired bootstrap, no multiplicity adjustment or confirmatory decision."
selector_g64,64,cahn_hilliard,structural,test,64,fno,none,transformer,none,4.6968038146630204e-05,0.004084380733209904,-0.004037412695063273,-0.005518135430724526,-0.002852006693003349,0.011499427015884033,0.007527912086082108,0.01735020134451562,lower_candidate_error,"Post hoc; pointwise 95% paired bootstrap, no multiplicity adjustment or confirmatory decision."
selector_g64,64,cahn_hilliard,structural,test,96,fno,none,mechanistic,,7.844308668563417e-05,2.380389824394176,-2.3803113813074903,-4.207562021871429,-1.1734854753287247,3.295388254551895e-05,1.925568200169699e-05,6.2712437828446e-05,lower_candidate_error,"Post hoc; pointwise 95% paired bootstrap, no multiplicity adjustment or confirmatory decision."
selector_g64,64,cahn_hilliard,structural,test,96,fno,none,transformer,none,7.844308668563417e-05,0.007279214215489188,-0.007200771128803554,-0.010181088190861358,-0.00482591879422858,0.01077631243750429,0.006455895616767079,0.017708311677258,lower_candidate_error,"Post hoc; pointwise 95% paired bootstrap, no multiplicity adjustment or confirmatory decision."
selector_g64,64,cahn_hilliard,structural,ood,64,fno,response_matched,mechanistic,,0.04460960905807639,0.7086269936451364,-0.66401738458706,-0.8400101547280244,-0.5074644937278987,0.06295217294589237,0.02195587853790927,0.1419057491100016,lower_candidate_error,"Post hoc; pointwise 95% paired bootstrap, no multiplicity adjustment or confirmatory decision."
selector_g64,64,cahn_hilliard,structural,ood,64,fno,response_matched,transformer,response_matched,0.04460960905807639,0.9244757157263734,-0.879866106668297,-1.0792560656935715,-0.7117819948386157,0.0482539544297559,0.017692520529299326,0.11181158544657797,lower_candidate_error,"Post hoc; pointwise 95% paired bootstrap, no multiplicity adjustment or confirmatory decision."
selector_g64,64,cahn_hilliard,structural,ood,96,fno,response_matched,mechanistic,,0.094325881760098,6.564238334727499,-6.4699124529674,-8.367486191538294,-4.92653901757365,0.014369661330100647,0.004991892300539906,0.031945716971398565,lower_candidate_error,"Post hoc; pointwise 95% paired bootstrap, no multiplicity adjustment or confirmatory decision."
selector_g64,64,cahn_hilliard,structural,ood,96,fno,response_matched,transformer,response_matched,0.094325881760098,1.2800532946277927,-1.1857274128676947,-1.428001221775227,-0.9642104177747588,0.07368902697721316,0.027557314196145953,0.1638246775489955,lower_candidate_error,"Post hoc; pointwise 95% paired bootstrap, no multiplicity adjustment or confirmatory decision."
selector_g64,64,cahn_hilliard,structural,test,64,fno,response_matched,mechanistic,,0.0006968628344968198,0.2673796713480453,-0.2666828085135485,-0.4051632188476106,-0.16394489320606512,0.002606267077012451,0.0017406253566143992,0.004123484166038086,lower_candidate_error,"Post hoc; pointwise 95% paired bootstrap, no multiplicity adjustment or confirmatory decision."
selector_g64,64,cahn_hilliard,structural,test,64,fno,response_matched,transformer,response_matched,0.0006968628344968198,0.01254115730283012,-0.0118442944683333,-0.01606710706167297,-0.008243103020598544,0.05556607079153382,0.04108803168101824,0.07914944103269368,lower_candidate_error,"Post hoc; pointwise 95% paired bootstrap, no multiplicity adjustment or confirmatory decision."
selector_g64,64,cahn_hilliard,structural,test,96,fno,response_matched,mechanistic,,0.0014046282398003246,2.380389824394176,-2.378985196154376,-4.206067781682738,-1.172256165292575,0.0005900832819085887,0.0003214116628294422,0.0012032907248790054,lower_candidate_error,"Post hoc; pointwise 95% paired bootstrap, no multiplicity adjustment or confirmatory decision."
selector_g64,64,cahn_hilliard,structural,test,96,fno,response_matched,transformer,response_matched,0.0014046282398003246,0.02567416472998422,-0.024269536490183898,-0.033014717894041194,-0.016839520531638487,0.05470979307692507,0.03905860405075574,0.07770099551631171,lower_candidate_error,"Post hoc; pointwise 95% paired bootstrap, no multiplicity adjustment or confirmatory decision."
selector_g64,64,cahn_hilliard,structural,ood,64,fno,smooth,mechanistic,,0.0034482050024800003,0.7086269936451364,-0.7051787886426564,-0.876183129786003,-0.5577229017455195,0.0048660367632097,0.0033936774196742722,0.006785607736464739,lower_candidate_error,"Post hoc; pointwise 95% paired bootstrap, no multiplicity adjustment or confirmatory decision."
selector_g64,64,cahn_hilliard,structural,ood,64,fno,smooth,transformer,smooth,0.0034482050024800003,0.1318389711453756,-0.1283907661428956,-0.1470843886083719,-0.10954914958613718,0.026154671661369,0.020159276577796637,0.032436843841897815,lower_candidate_error,"Post hoc; pointwise 95% paired bootstrap, no multiplicity adjustment or confirmatory decision."
selector_g64,64,cahn_hilliard,structural,ood,64,fno,smooth,fno,none,0.0034482050024800003,0.0019430061658238535,0.0015051988366561468,0.00033906855014259184,0.002865012980951255,1.774675275421953,1.1336761432013258,3.330604742697982,higher_candidate_error,"Post hoc; pointwise 95% paired bootstrap, no multiplicity adjustment or confirmatory decision."
selector_g64,64,cahn_hilliard,structural,ood,96,fno,smooth,mechanistic,,0.005003104004736496,6.564238334727499,-6.559235230722762,-8.459461163974414,-5.0279622443488385,0.0007621758610238198,0.0005757562307085856,0.0010296693486820756,lower_candidate_error,"Post hoc; pointwise 95% paired bootstrap, no multiplicity adjustment or confirmatory decision."
selector_g64,64,cahn_hilliard,structural,ood,96,fno,smooth,transformer,smooth,0.005003104004736496,0.2137149166412595,-0.208711812636523,-0.24708895762932853,-0.17140751912245672,0.02341017689998062,0.018352696769065032,0.02936695787107806,lower_candidate_error,"Post hoc; pointwise 95% paired bootstrap, no multiplicity adjustment or confirmatory decision."
selector_g64,64,cahn_hilliard,structural,ood,96,fno,smooth,fno,none,0.005003104004736496,0.002923829576671398,0.0020792744280650984,0.0009442465894459976,0.003357372508456584,1.7111476142984454,1.2188304218229078,3.0714655193943052,higher_candidate_error,"Post hoc; pointwise 95% paired bootstrap, no multiplicity adjustment or confirmatory decision."
selector_g64,64,cahn_hilliard,structural,test,64,fno,smooth,mechanistic,,0.00042119297811346444,0.2673796713480453,-0.26695847836993186,-0.4053416595294947,-0.16424804908702798,0.0015752617840763294,0.0011550436533181619,0.002289096103314164,lower_candidate_error,"Post hoc; pointwise 95% paired bootstrap, no multiplicity adjustment or confirmatory decision."
selector_g64,64,cahn_hilliard,structural,test,64,fno,smooth,transformer,smooth,0.00042119297811346444,0.00639871739561148,-0.005977524417498016,-0.007263602403462898,-0.004814997141345378,0.06582459453551379,0.05371368821552976,0.07983732106719049,lower_candidate_error,"Post hoc; pointwise 95% paired bootstrap, no multiplicity adjustment or confirmatory decision."
selector_g64,64,cahn_hilliard,structural,test,64,fno,smooth,fno,none,0.00042119297811346444,4.6968038146630204e-05,0.0003742249399668342,0.00029091719168693354,0.00047003114260261953,8.967651082179245,6.699354842848765,12.102134356211224,higher_candidate_error,"Post hoc; pointwise 95% paired bootstrap, no multiplicity adjustment or confirmatory decision."
selector_g64,64,cahn_hilliard,structural,test,96,fno,smooth,mechanistic,,0.000913303639703056,2.380389824394176,-2.3794765207544732,-4.206664246552745,-1.1726121489291526,0.00038367818175978694,0.00022455083988453205,0.0007392274024947027,lower_candidate_error,"Post hoc; pointwise 95% paired bootstrap, no multiplicity adjustment or confirmatory decision."
selector_g64,64,cahn_hilliard,structural,test,96,fno,smooth,transformer,smooth,0.000913303639703056,0.013545454447608568,-0.012632150807905512,-0.015288968532206435,-0.010286993451388768,0.06742510140472242,0.053914809367664115,0.08307587783930338,lower_candidate_error,"Post hoc; pointwise 95% paired bootstrap, no multiplicity adjustment or confirmatory decision."
selector_g64,64,cahn_hilliard,structural,test,96,fno,smooth,fno,none,0.000913303639703056,7.844308668563417e-05,0.0008348605530174219,0.0006313877102647017,0.0010678052924200903,11.642882480685397,7.757973946953264,17.756333780342626,higher_candidate_error,"Post hoc; pointwise 95% paired bootstrap, no multiplicity adjustment or confirmatory decision."
selector_g64,64,cahn_hilliard,structural,ood,64,looped,iid,mechanistic,,0.373505884731218,0.7086269936451364,-0.3351211089139184,-0.5486092562777181,-0.13881871960942185,0.5270839074446279,0.30773401860778454,0.7788549868948714,lower_candidate_error,"Post hoc; pointwise 95% paired bootstrap, no multiplicity adjustment or confirmatory decision."
selector_g64,64,cahn_hilliard,structural,ood,64,looped,iid,transformer,iid,0.373505884731218,0.5805643456232676,-0.20705846089204966,-0.3963971965034082,-0.04726405305889567,0.6433496778556715,0.402794139025118,0.9120984018568927,lower_candidate_error,"Post hoc; pointwise 95% paired bootstrap, no multiplicity adjustment or confirmatory decision."
selector_g64,64,cahn_hilliard,structural,ood,96,looped,iid,mechanistic,,0.6264031124664212,6.564238334727499,-5.937835222261078,-7.852285915787076,-4.400945793382357,0.0954266253789862,0.05457733160066592,0.14293928903566358,lower_candidate_error,"Post hoc; pointwise 95% paired bootstrap, no multiplicity adjustment or confirmatory decision."
selector_g64,64,cahn_hilliard,structural,ood,96,looped,iid,transformer,iid,0.6264031124664212,0.9178662145903708,-0.29146310212394955,-0.5805077176018366,-0.04881234275312126,0.682455789862551,0.44954529085720885,0.9434538264648948,lower_candidate_error,"Post hoc; pointwise 95% paired bootstrap, no multiplicity adjustment or confirmatory decision."
selector_g64,64,cahn_hilliard,structural,test,64,looped,iid,mechanistic,,0.011007967210247658,0.2673796713480453,-0.25637170413779764,-0.39486146277881884,-0.1543140465196107,0.041169798566768015,0.026303096362738674,0.06594922568282155,lower_candidate_error,"Post hoc; pointwise 95% paired bootstrap, no multiplicity adjustment or confirmatory decision."
selector_g64,64,cahn_hilliard,structural,test,64,looped,iid,transformer,iid,0.011007967210247658,0.005252439654398464,0.005755527555849195,0.002360399636122056,0.009467268955187125,2.095781757536127,1.359096850213522,3.2864282305004524,higher_candidate_error,"Post hoc; pointwise 95% paired bootstrap, no multiplicity adjustment or confirmatory decision."
selector_g64,64,cahn_hilliard,structural,test,96,looped,iid,mechanistic,,0.02171861138311421,2.380389824394176,-2.358671213011062,-4.183803005424817,-1.1498606290010762,0.009123972536154547,0.005018423900793977,0.018188263762615477,lower_candidate_error,"Post hoc; pointwise 95% paired bootstrap, no multiplicity adjustment or confirmatory decision."
selector_g64,64,cahn_hilliard,structural,test,96,looped,iid,transformer,iid,0.02171861138311421,0.009657253531726914,0.012061357851387296,0.0044646050556132535,0.020356535422570803,2.248942860593045,1.3693390899044349,3.757870928639181,higher_candidate_error,"Post hoc; pointwise 95% paired bootstrap, no multiplicity adjustment or confirmatory decision."
selector_g64,64,cahn_hilliard,structural,ood,64,looped,none,mechanistic,,0.21124045762121557,0.7086269936451364,-0.4973865360239208,-0.6672780135052951,-0.3463179614654143,0.2980982371763837,0.2290076120617816,0.3980958846861833,lower_candidate_error,"Post hoc; pointwise 95% paired bootstrap, no multiplicity adjustment or confirmatory decision."
selector_g64,64,cahn_hilliard,structural,ood,64,looped,none,transformer,none,0.21124045762121557,0.2048249762629187,0.006415481358296865,-0.02279248412453133,0.030348828560169187,1.0313217727415322,0.8928659899469369,1.1549216426565874,interval_includes_zero,"Post hoc; pointwise 95% paired bootstrap, no multiplicity adjustment or confirmatory decision."
selector_g64,64,cahn_hilliard,structural,ood,96,looped,none,mechanistic,,0.3652190293088702,6.564238334727499,-6.199019305418629,-8.094896103461966,-4.658922785818879,0.055637685697168024,0.0402452948918502,0.07875287337413009,lower_candidate_error,"Post hoc; pointwise 95% paired bootstrap, no multiplicity adjustment or confirmatory decision."
selector_g64,64,cahn_hilliard,structural,ood,96,looped,none,transformer,none,0.3652190293088702,0.35818626909229495,0.007032760216575229,-0.049734381753702414,0.052695356654642284,1.0196343657572287,0.8677121174633322,1.155340953145482,interval_includes_zero,"Post hoc; pointwise 95% paired bootstrap, no multiplicity adjustment or confirmatory decision."
selector_g64,64,cahn_hilliard,structural,test,64,looped,none,mechanistic,,0.00593654837935688,0.2673796713480453,-0.26144312296868844,-0.39948761393682697,-0.1593909399416539,0.02220269158618771,0.014098566278169208,0.03612466861387764,lower_candidate_error,"Post hoc; pointwise 95% paired bootstrap, no multiplicity adjustment or confirmatory decision."
selector_g64,64,cahn_hilliard,structural,test,64,looped,none,transformer,none,0.00593654837935688,0.004084380733209904,0.0018521676461469763,0.0010329865913776177,0.002839679467151854,1.4534757573129973,1.2375347232444835,1.792005636131205,higher_candidate_error,"Post hoc; pointwise 95% paired bootstrap, no multiplicity adjustment or confirmatory decision."
selector_g64,64,cahn_hilliard,structural,test,96,looped,none,mechanistic,,0.01081683066859894,2.380389824394176,-2.369572993725577,-4.1945185591277125,-1.162869607184127,0.004544142542430792,0.0024753226397419624,0.009215299689113948,lower_candidate_error,"Post hoc; pointwise 95% paired bootstrap, no multiplicity adjustment or confirmatory decision."
selector_g64,64,cahn_hilliard,structural,test,96,looped,none,transformer,none,0.01081683066859894,0.007279214215489188,0.0035376164531097515,0.0019284674499648903,0.005380761355148125,1.4859887823581535,1.243562931695362,1.8690963134473564,higher_candidate_error,"Post hoc; pointwise 95% paired bootstrap, no multiplicity adjustment or confirmatory decision."
selector_g64,64,cahn_hilliard,structural,ood,64,looped,response_matched,mechanistic,,1.0802148285010726,0.7086269936451364,0.37158783485593627,-0.15974557419627497,1.151066539802903,1.5243771944736537,0.7966137797227812,2.704699179647911,interval_includes_zero,"Post hoc; pointwise 95% paired bootstrap, no multiplicity adjustment or confirmatory decision."
selector_g64,64,cahn_hilliard,structural,ood,64,looped,response_matched,transformer,response_matched,1.0802148285010726,0.9244757157263734,0.1557391127746992,-0.48900055924113744,1.0187695369635474,1.1684620916757482,0.5421779812178448,2.2292032021572186,interval_includes_zero,"Post hoc; pointwise 95% paired bootstrap, no multiplicity adjustment or confirmatory decision."
selector_g64,64,cahn_hilliard,structural,ood,96,looped,response_matched,mechanistic,,1.494631909141584,6.564238334727499,-5.069606425585914,-7.049917598287765,-3.343225269080628,0.22769312034792696,0.12956909048526025,0.37991875388044777,lower_candidate_error,"Post hoc; pointwise 95% paired bootstrap, no multiplicity adjustment or confirmatory decision."
selector_g64,64,cahn_hilliard,structural,ood,96,looped,response_matched,transformer,response_matched,1.494631909141584,1.2800532946277927,0.21457861451379134,-0.5573263543926958,1.1849178317491205,1.1676325629677673,0.6153108630174388,2.0153509358753,interval_includes_zero,"Post hoc; pointwise 95% paired bootstrap, no multiplicity adjustment or confirmatory decision."
selector_g64,64,cahn_hilliard,structural,test,64,looped,response_matched,mechanistic,,0.011246410983944003,0.2673796713480453,-0.2561332603641013,-0.39200477508191717,-0.15360746924936053,0.042061578306395134,0.02399363462836576,0.07951472049522451,lower_candidate_error,"Post hoc; pointwise 95% paired bootstrap, no multiplicity adjustment or confirmatory decision."
selector_g64,64,cahn_hilliard,structural,test,64,looped,response_matched,transformer,response_matched,0.011246410983944003,0.01254115730283012,-0.0012947463188861166,-0.006855549258911854,0.004885074286004086,0.8967602201597507,0.5355964590836351,1.4188095849706255,interval_includes_zero,"Post hoc; pointwise 95% paired bootstrap, no multiplicity adjustment or confirmatory decision."
selector_g64,64,cahn_hilliard,structural,test,96,looped,response_matched,mechanistic,,0.023757683782133582,2.380389824394176,-2.3566321406120427,-4.180579600421735,-1.1490382401492334,0.009980585338865687,0.0047862866399514155,0.023498676759573928,lower_candidate_error,"Post hoc; pointwise 95% paired bootstrap, no multiplicity adjustment or confirmatory decision."
selector_g64,64,cahn_hilliard,structural,test,96,looped,response_matched,transformer,response_matched,0.023757683782133582,0.02567416472998422,-0.00191648094785064,-0.014681389784290311,0.013310351171277055,0.925353717715598,0.5150747050423093,1.5442863976201442,interval_includes_zero,"Post hoc; pointwise 95% paired bootstrap, no multiplicity adjustment or confirmatory decision."
selector_g64,64,cahn_hilliard,structural,ood,64,looped,smooth,mechanistic,,0.11779286032904529,0.7086269936451364,-0.5908341333160911,-0.7590559290410569,-0.44377772242011254,0.16622688859639062,0.12063397364058176,0.22815021787608064,lower_candidate_error,"Post hoc; pointwise 95% paired bootstrap, no multiplicity adjustment or confirmatory decision."
selector_g64,64,cahn_hilliard,structural,ood,64,looped,smooth,transformer,smooth,0.11779286032904529,0.1318389711453756,-0.01404611081633031,-0.045125571967752395,0.01579523350215117,0.8934600998907826,0.6777867683192601,1.1265949796556518,interval_includes_zero,"Post hoc; pointwise 95% paired bootstrap, no multiplicity adjustment or confirmatory decision."
selector_g64,64,cahn_hilliard,structural,ood,64,looped,smooth,looped,none,0.11779286032904529,0.21124045762121557,-0.09344759729217028,-0.1152331835629995,-0.07010358810837783,0.5576245273065294,0.4743780725598849,0.6413341513789906,lower_candidate_error,"Post hoc; pointwise 95% paired bootstrap, no multiplicity adjustment or confirmatory decision."
selector_g64,64,cahn_hilliard,structural,ood,96,looped,smooth,mechanistic,,0.19235252037820197,6.564238334727499,-6.371885814349296,-8.280520618051295,-4.837442889339366,0.029303098176764648,0.019925845283858292,0.04249169644942013,lower_candidate_error,"Post hoc; pointwise 95% paired bootstrap, no multiplicity adjustment or confirmatory decision."
selector_g64,64,cahn_hilliard,structural,ood,96,looped,smooth,transformer,smooth,0.19235252037820197,0.2137149166412595,-0.021362396263057526,-0.08131564195004881,0.035042233844448906,0.9000425585691976,0.651332722078514,1.1748105331777416,interval_includes_zero,"Post hoc; pointwise 95% paired bootstrap, no multiplicity adjustment or confirmatory decision."
selector_g64,64,cahn_hilliard,structural,ood,96,looped,smooth,looped,none,0.19235252037820197,0.3652190293088702,-0.1728665089306682,-0.21322380938742563,-0.1322537404824528,0.5266771579295971,0.4429659147799474,0.6060901694068279,lower_candidate_error,"Post hoc; pointwise 95% paired bootstrap, no multiplicity adjustment or confirmatory decision."
selector_g64,64,cahn_hilliard,structural,test,64,looped,smooth,mechanistic,,0.010126985466734371,0.2673796713480453,-0.25725268588131095,-0.39403263305567704,-0.15525801648852455,0.03787492674995543,0.02443219673104184,0.06079677178941923,lower_candidate_error,"Post hoc; pointwise 95% paired bootstrap, no multiplicity adjustment or confirmatory decision."
selector_g64,64,cahn_hilliard,structural,test,64,looped,smooth,transformer,smooth,0.010126985466734371,0.00639871739561148,0.0037282680711228913,0.0019097691958767826,0.005654256280498662,1.5826586549485526,1.313768727387254,1.8702865204637578,higher_candidate_error,"Post hoc; pointwise 95% paired bootstrap, no multiplicity adjustment or confirmatory decision."
selector_g64,64,cahn_hilliard,structural,test,64,looped,smooth,looped,none,0.010126985466734371,0.00593654837935688,0.0041904370873774915,0.0011243541947607912,0.007034106384646095,1.7058709572634614,1.1549521181145808,2.3829446313259037,higher_candidate_error,"Post hoc; pointwise 95% paired bootstrap, no multiplicity adjustment or confirmatory decision."
selector_g64,64,cahn_hilliard,structural,test,96,looped,smooth,mechanistic,,0.022195357580755,2.380389824394176,-2.358194466813421,-4.183382362363113,-1.1504050665920185,0.009324253260242303,0.005243978348864272,0.018389331249271407,lower_candidate_error,"Post hoc; pointwise 95% paired bootstrap, no multiplicity adjustment or confirmatory decision."
selector_g64,64,cahn_hilliard,structural,test,96,looped,smooth,transformer,smooth,0.022195357580755,0.013545454447608568,0.00864990313314643,0.004369096762483575,0.013137010033303193,1.638583457395448,1.3311009263390197,1.9678695598856737,higher_candidate_error,"Post hoc; pointwise 95% paired bootstrap, no multiplicity adjustment or confirmatory decision."
selector_g64,64,cahn_hilliard,structural,test,96,looped,smooth,looped,none,0.022195357580755,0.01081683066859894,0.011378526912156059,0.003932820140520384,0.017935381012494565,2.0519279871125016,1.2885521852852833,3.038200431548222,higher_candidate_error,"Post hoc; pointwise 95% paired bootstrap, no multiplicity adjustment or confirmatory decision."
selector_g64,64,cahn_hilliard,structural,ood,64,transformer,iid,mechanistic,,0.5805643456232676,0.7086269936451364,-0.12806264802186873,-0.33594699808397016,0.08228103150959692,0.8192805958983839,0.5888393422773717,1.1331123782002848,interval_includes_zero,"Post hoc; pointwise 95% paired bootstrap, no multiplicity adjustment or confirmatory decision."
selector_g64,64,cahn_hilliard,structural,ood,96,transformer,iid,mechanistic,,0.9178662145903708,6.564238334727499,-5.646372120137128,-7.555866154976101,-4.119200964474877,0.13982828894778,0.09945004901701995,0.19659682989472108,lower_candidate_error,"Post hoc; pointwise 95% paired bootstrap, no multiplicity adjustment or confirmatory decision."
selector_g64,64,cahn_hilliard,structural,test,64,transformer,iid,mechanistic,,0.005252439654398464,0.2673796713480453,-0.2621272316936468,-0.3991968823849609,-0.1601797863956166,0.019644124880239748,0.01235125928608655,0.03194050170630698,lower_candidate_error,"Post hoc; pointwise 95% paired bootstrap, no multiplicity adjustment or confirmatory decision."
selector_g64,64,cahn_hilliard,structural,test,96,transformer,iid,mechanistic,,0.009657253531726914,2.380389824394176,-2.370732570862449,-4.195211705344719,-1.1650539258089172,0.004057005047139598,0.002211697457502365,0.008117676222055954,lower_candidate_error,"Post hoc; pointwise 95% paired bootstrap, no multiplicity adjustment or confirmatory decision."
selector_g64,64,cahn_hilliard,structural,ood,64,transformer,none,mechanistic,,0.2048249762629187,0.7086269936451364,-0.5038020173822176,-0.672828785647948,-0.3563190900400116,0.28904484037407446,0.22230805608534118,0.3753159199340421,lower_candidate_error,"Post hoc; pointwise 95% paired bootstrap, no multiplicity adjustment or confirmatory decision."
selector_g64,64,cahn_hilliard,structural,ood,96,transformer,none,mechanistic,,0.35818626909229495,6.564238334727499,-6.206052065635204,-8.121118815822129,-4.678995888215401,0.054566310793034964,0.03918596203258299,0.07490231938836495,lower_candidate_error,"Post hoc; pointwise 95% paired bootstrap, no multiplicity adjustment or confirmatory decision."
selector_g64,64,cahn_hilliard,structural,test,64,transformer,none,mechanistic,,0.004084380733209904,0.2673796713480453,-0.2632952906148354,-0.40168193128495444,-0.1610576471836094,0.015275584387615273,0.009482925719750297,0.02544315684776648,lower_candidate_error,"Post hoc; pointwise 95% paired bootstrap, no multiplicity adjustment or confirmatory decision."
selector_g64,64,cahn_hilliard,structural,test,96,transformer,none,mechanistic,,0.007279214215489188,2.380389824394176,-2.3731106101786867,-4.198435995814714,-1.167167971230893,0.0030579924938730543,0.0016175500802026073,0.006248266292426075,lower_candidate_error,"Post hoc; pointwise 95% paired bootstrap, no multiplicity adjustment or confirmatory decision."
selector_g64,64,cahn_hilliard,structural,ood,64,transformer,response_matched,mechanistic,,0.9244757157263734,0.7086269936451364,0.21584872208123707,0.01812543370710574,0.4220847660450915,1.3046013262505338,1.0221087164080334,1.6852974809429784,higher_candidate_error,"Post hoc; pointwise 95% paired bootstrap, no multiplicity adjustment or confirmatory decision."
selector_g64,64,cahn_hilliard,structural,ood,96,transformer,response_matched,mechanistic,,1.2800532946277927,6.564238334727499,-5.284185040099706,-7.151759362448905,-3.772713168307995,0.19500408567674768,0.14926460258427793,0.25684423797305034,lower_candidate_error,"Post hoc; pointwise 95% paired bootstrap, no multiplicity adjustment or confirmatory decision."
selector_g64,64,cahn_hilliard,structural,test,64,transformer,response_matched,mechanistic,,0.01254115730283012,0.2673796713480453,-0.2548385140452152,-0.3924764985103117,-0.15324184102215496,0.04690392968022399,0.029480876314767313,0.07661879967291291,lower_candidate_error,"Post hoc; pointwise 95% paired bootstrap, no multiplicity adjustment or confirmatory decision."
selector_g64,64,cahn_hilliard,structural,test,96,transformer,response_matched,mechanistic,,0.02567416472998422,2.380389824394176,-2.354715659664192,-4.182815930457202,-1.146983375672264,0.010785697563851103,0.005770378508132847,0.021740231280757517,lower_candidate_error,"Post hoc; pointwise 95% paired bootstrap, no multiplicity adjustment or confirmatory decision."
selector_g64,64,cahn_hilliard,structural,ood,64,transformer,smooth,mechanistic,,0.1318389711453756,0.7086269936451364,-0.5767880224997608,-0.7447360571227797,-0.43244521112447215,0.18604847448331532,0.14556052767757865,0.23872094618101516,lower_candidate_error,"Post hoc; pointwise 95% paired bootstrap, no multiplicity adjustment or confirmatory decision."
selector_g64,64,cahn_hilliard,structural,ood,64,transformer,smooth,transformer,none,0.1318389711453756,0.2048249762629187,-0.0729860051175431,-0.10072156276281707,-0.044961652846221216,0.6436664783309611,0.5532571631565967,0.7511193623732263,lower_candidate_error,"Post hoc; pointwise 95% paired bootstrap, no multiplicity adjustment or confirmatory decision."
selector_g64,64,cahn_hilliard,structural,ood,96,transformer,smooth,mechanistic,,0.2137149166412595,6.564238334727499,-6.350523418086239,-8.263441422953255,-4.826292866146986,0.03255745841990843,0.02398347158928179,0.04442132841777931,lower_candidate_error,"Post hoc; pointwise 95% paired bootstrap, no multiplicity adjustment or confirmatory decision."
selector_g64,64,cahn_hilliard,structural,ood,96,transformer,smooth,transformer,none,0.2137149166412595,0.35818626909229495,-0.14447135245103546,-0.20104191224773457,-0.08928740139558787,0.5966585966091037,0.5023504882340322,0.7155693805236633,lower_candidate_error,"Post hoc; pointwise 95% paired bootstrap, no multiplicity adjustment or confirmatory decision."
selector_g64,64,cahn_hilliard,structural,test,64,transformer,smooth,mechanistic,,0.00639871739561148,0.2673796713480453,-0.2609809539524338,-0.39840808425128293,-0.1588563475018137,0.023931203757380407,0.016468925740099644,0.03700462089442304,lower_candidate_error,"Post hoc; pointwise 95% paired bootstrap, no multiplicity adjustment or confirmatory decision."
selector_g64,64,cahn_hilliard,structural,test,64,transformer,smooth,transformer,none,0.00639871739561148,0.004084380733209904,0.0023143366624015765,0.0008347740057139954,0.003900741126302697,1.5666309811873844,1.16304549991046,2.2080603035666164,higher_candidate_error,"Post hoc; pointwise 95% paired bootstrap, no multiplicity adjustment or confirmatory decision."
selector_g64,64,cahn_hilliard,structural,test,96,transformer,smooth,mechanistic,,0.013545454447608568,2.380389824394176,-2.3668443699465676,-4.192285802370671,-1.1594218856627607,0.005690435368524553,0.0034024191677533705,0.010817424093793208,lower_candidate_error,"Post hoc; pointwise 95% paired bootstrap, no multiplicity adjustment or confirmatory decision."
selector_g64,64,cahn_hilliard,structural,test,96,transformer,smooth,transformer,none,0.013545454447608568,0.007279214215489188,0.00626624023211938,0.0028918075915720398,0.009803262144288335,1.8608402015131886,1.3013955614971804,2.8352362720228506,higher_candidate_error,"Post hoc; pointwise 95% paired bootstrap, no multiplicity adjustment or confirmatory decision."
selector_g64,64,fitzhugh_nagumo,coefficient,ood,64,fno,iid,mechanistic,,0.008356632375060105,0.019872867267123784,-0.011516234892063678,-0.014906592190348107,-0.007859143539236568,0.4205046137899138,0.263207987919743,0.6049391284080278,lower_candidate_error,"Post hoc; pointwise 95% paired bootstrap, no multiplicity adjustment or confirmatory decision."
selector_g64,64,fitzhugh_nagumo,coefficient,ood,64,fno,iid,transformer,iid,0.008356632375060105,0.29958048768715884,-0.2912238553120987,-0.350599797064041,-0.23897317249668387,0.027894448131704216,0.01625432367407321,0.04190344328401968,lower_candidate_error,"Post hoc; pointwise 95% paired bootstrap, no multiplicity adjustment or confirmatory decision."
selector_g64,64,fitzhugh_nagumo,coefficient,ood,96,fno,iid,mechanistic,,0.006813536455849243,0.02390420692788009,-0.017090670472030847,-0.020145625374037402,-0.013885089909077967,0.28503503489598897,0.1778052701630061,0.4169073436332823,lower_candidate_error,"Post hoc; pointwise 95% paired bootstrap, no multiplicity adjustment or confirmatory decision."
selector_g64,64,fitzhugh_nagumo,coefficient,ood,96,fno,iid,transformer,iid,0.006813536455849243,0.23274060463376933,-0.22592706817792008,-0.2647897524972718,-0.19091456434704304,0.02927523741106857,0.017583135855797957,0.044581424483063195,lower_candidate_error,"Post hoc; pointwise 95% paired bootstrap, no multiplicity adjustment or confirmatory decision."
selector_g64,64,fitzhugh_nagumo,coefficient,test,64,fno,iid,mechanistic,,0.0008585933654076788,0.03141501721936013,-0.030556423853952453,-0.03574266883417444,-0.025815189205426428,0.027330666713069746,0.019449900349129818,0.03661945411687604,lower_candidate_error,"Post hoc; pointwise 95% paired bootstrap, no multiplicity adjustment or confirmatory decision."
selector_g64,64,fitzhugh_nagumo,coefficient,test,64,fno,iid,transformer,iid,0.0008585933654076788,0.008679455781554787,-0.007820862416147108,-0.010133705061815768,-0.005882738484494491,0.09892248857725909,0.06548829346504377,0.14631486892714926,lower_candidate_error,"Post hoc; pointwise 95% paired bootstrap, no multiplicity adjustment or confirmatory decision."
selector_g64,64,fitzhugh_nagumo,coefficient,test,96,fno,iid,mechanistic,,0.0007589309800733114,0.033145908145173195,-0.03238697716509988,-0.0372457660746145,-0.02792962075696404,0.022896671792769364,0.016447111622068262,0.03010409535562609,lower_candidate_error,"Post hoc; pointwise 95% paired bootstrap, no multiplicity adjustment or confirmatory decision."
selector_g64,64,fitzhugh_nagumo,coefficient,test,96,fno,iid,transformer,iid,0.0007589309800733114,0.007005114764813358,-0.006246183784740047,-0.00823882363029729,-0.004620205116094037,0.10833954982228361,0.07135259175023981,0.16028878294148166,lower_candidate_error,"Post hoc; pointwise 95% paired bootstrap, no multiplicity adjustment or confirmatory decision."
selector_g64,64,fitzhugh_nagumo,coefficient,ood,64,fno,none,mechanistic,,0.007753379953560226,0.019872867267123784,-0.012119487313563559,-0.01589786544453573,-0.00793252236549681,0.39014903331975903,0.21309761737599825,0.5986500473468631,lower_candidate_error,"Post hoc; pointwise 95% paired bootstrap, no multiplicity adjustment or confirmatory decision."
selector_g64,64,fitzhugh_nagumo,coefficient,ood,64,fno,none,transformer,none,0.007753379953560226,0.20867855181731917,-0.20092517186375894,-0.2405529608891822,-0.16622745753825086,0.03715465670064487,0.018554278147295076,0.06160144408304114,lower_candidate_error,"Post hoc; pointwise 95% paired bootstrap, no multiplicity adjustment or confirmatory decision."
selector_g64,64,fitzhugh_nagumo,coefficient,ood,96,fno,none,mechanistic,,0.005975043777299412,0.02390420692788009,-0.017929163150580678,-0.020967944440148566,-0.014837417242155112,0.24995783358662968,0.14672225430439803,0.371252533728346,lower_candidate_error,"Post hoc; pointwise 95% paired bootstrap, no multiplicity adjustment or confirmatory decision."
selector_g64,64,fitzhugh_nagumo,coefficient,ood,96,fno,none,transformer,none,0.005975043777299412,0.18401915478112427,-0.17804411100382486,-0.21956334628270652,-0.14106892776208077,0.03246968384571833,0.01784277091446737,0.05057332525845622,lower_candidate_error,"Post hoc; pointwise 95% paired bootstrap, no multiplicity adjustment or confirmatory decision."
selector_g64,64,fitzhugh_nagumo,coefficient,test,64,fno,none,mechanistic,,0.0005070637675003963,0.03141501721936013,-0.030907953451859736,-0.036140555304234406,-0.02617309655255868,0.016140808198822448,0.010736070518957424,0.023056593386237795,lower_candidate_error,"Post hoc; pointwise 95% paired bootstrap, no multiplicity adjustment or confirmatory decision."
selector_g64,64,fitzhugh_nagumo,coefficient,test,64,fno,none,transformer,none,0.0005070637675003963,0.012317135828642495,-0.011810072061142098,-0.015447872991651006,-0.008653814853121248,0.04116734397953629,0.027606791134533376,0.057069353265308195,lower_candidate_error,"Post hoc; pointwise 95% paired bootstrap, no multiplicity adjustment or confirmatory decision."
selector_g64,64,fitzhugh_nagumo,coefficient,test,96,fno,none,mechanistic,,0.00041958887270472336,0.033145908145173195,-0.03272631927246847,-0.03755875216048446,-0.02822091381886402,0.012658843766385841,0.008431152939513293,0.017625310661897826,lower_candidate_error,"Post hoc; pointwise 95% paired bootstrap, no multiplicity adjustment or confirmatory decision."
selector_g64,64,fitzhugh_nagumo,coefficient,test,96,fno,none,transformer,none,0.00041958887270472336,0.009912098685839983,-0.00949250981313526,-0.01252997604106604,-0.006943119073044759,0.042330982166685925,0.028762611598658252,0.05793967197262135,lower_candidate_error,"Post hoc; pointwise 95% paired bootstrap, no multiplicity adjustment or confirmatory decision."
selector_g64,64,fitzhugh_nagumo,coefficient,ood,64,fno,response_matched,mechanistic,,0.009162574446963797,0.019872867267123784,-0.010710292820159987,-0.015029866798775614,-0.0059811931049669545,0.46105951012522933,0.25225400276111837,0.7024200125262889,lower_candidate_error,"Post hoc; pointwise 95% paired bootstrap, no multiplicity adjustment or confirmatory decision."
selector_g64,64,fitzhugh_nagumo,coefficient,ood,64,fno,response_matched,transformer,response_matched,0.009162574446963797,0.3160931423252957,-0.3069305678783319,-0.372934015096439,-0.24939174550777338,0.02898694473268411,0.014535485860945753,0.04734419494836316,lower_candidate_error,"Post hoc; pointwise 95% paired bootstrap, no multiplicity adjustment or confirmatory decision."
selector_g64,64,fitzhugh_nagumo,coefficient,ood,96,fno,response_matched,mechanistic,,0.007490815412526201,0.02390420692788009,-0.016413391515353887,-0.020153671795250336,-0.012279000528416326,0.3133680793145022,0.1734637551356368,0.4814816412904115,lower_candidate_error,"Post hoc; pointwise 95% paired bootstrap, no multiplicity adjustment or confirmatory decision."
selector_g64,64,fitzhugh_nagumo,coefficient,ood,96,fno,response_matched,transformer,response_matched,0.007490815412526201,0.24245672313226882,-0.23496590771974263,-0.2769670069918961,-0.19760323188487416,0.030895474110815616,0.01606855449547338,0.05064788319492061,lower_candidate_error,"Post hoc; pointwise 95% paired bootstrap, no multiplicity adjustment or confirmatory decision."
selector_g64,64,fitzhugh_nagumo,coefficient,test,64,fno,response_matched,mechanistic,,0.0009487441562220991,0.03141501721936013,-0.03046627306313803,-0.035690045245724944,-0.025743344035755383,0.030200338570478855,0.021416420387390608,0.04055951421126041,lower_candidate_error,"Post hoc; pointwise 95% paired bootstrap, no multiplicity adjustment or confirmatory decision."
selector_g64,64,fitzhugh_nagumo,coefficient,test,64,fno,response_matched,transformer,response_matched,0.0009487441562220991,0.007348499353231397,-0.006399755197009298,-0.008082317487540762,-0.004902530319813631,0.12910719734974224,0.08768363306662463,0.18515445486408938,lower_candidate_error,"Post hoc; pointwise 95% paired bootstrap, no multiplicity adjustment or confirmatory decision."
selector_g64,64,fitzhugh_nagumo,coefficient,test,96,fno,response_matched,mechanistic,,0.0008603299830957381,0.033145908145173195,-0.03228557816207746,-0.03715958014568671,-0.027826212139626424,0.02595584285479962,0.018555172943272837,0.03404720090577618,lower_candidate_error,"Post hoc; pointwise 95% paired bootstrap, no multiplicity adjustment or confirmatory decision."
selector_g64,64,fitzhugh_nagumo,coefficient,test,96,fno,response_matched,transformer,response_matched,0.0008603299830957381,0.005980127673578558,-0.00511979769048282,-0.006541974171776155,-0.003846136482456702,0.14386481862199263,0.09756294629944195,0.20621369112739005,lower_candidate_error,"Post hoc; pointwise 95% paired bootstrap, no multiplicity adjustment or confirmatory decision."
selector_g64,64,fitzhugh_nagumo,coefficient,ood,64,fno,smooth,mechanistic,,0.009629238957755692,0.019872867267123784,-0.010243628309368091,-0.014475997093623467,-0.005321760393989318,0.48454200535448655,0.28003558892596603,0.7341142798719004,lower_candidate_error,"Post hoc; pointwise 95% paired bootstrap, no multiplicity adjustment or confirmatory decision."
selector_g64,64,fitzhugh_nagumo,coefficient,ood,64,fno,smooth,transformer,smooth,0.009629238957755692,0.2114845950924741,-0.20185535613471842,-0.24226238049055004,-0.16701894276498808,0.045531632947284864,0.02643800859231806,0.07093528776853054,lower_candidate_error,"Post hoc; pointwise 95% paired bootstrap, no multiplicity adjustment or confirmatory decision."
selector_g64,64,fitzhugh_nagumo,coefficient,ood,64,fno,smooth,fno,none,0.009629238957755692,0.007753379953560226,0.0018758590041954666,-0.00108753991773686,0.004964424017369776,1.2419408071616693,0.859417366694363,1.8697061660531369,interval_includes_zero,"Post hoc; pointwise 95% paired bootstrap, no multiplicity adjustment or confirmatory decision."
selector_g64,64,fitzhugh_nagumo,coefficient,ood,96,fno,smooth,mechanistic,,0.00791969448588375,0.02390420692788009,-0.01598451244199634,-0.019619352296622688,-0.01238002767151773,0.3313096523042062,0.19724046253106176,0.481912604425917,lower_candidate_error,"Post hoc; pointwise 95% paired bootstrap, no multiplicity adjustment or confirmatory decision."
selector_g64,64,fitzhugh_nagumo,coefficient,ood,96,fno,smooth,transformer,smooth,0.00791969448588375,0.179086430435365,-0.17116673594948126,-0.20302577320623005,-0.14078129556045943,0.0442227502476358,0.025399677949922556,0.06359430028368061,lower_candidate_error,"Post hoc; pointwise 95% paired bootstrap, no multiplicity adjustment or confirmatory decision."
selector_g64,64,fitzhugh_nagumo,coefficient,ood,96,fno,smooth,fno,none,0.00791969448588375,0.005975043777299412,0.001944650708584338,-0.0005671483297497082,0.004613141546964714,1.3254621691597508,0.9065871386056575,2.02035586680803,interval_includes_zero,"Post hoc; pointwise 95% paired bootstrap, no multiplicity adjustment or confirmatory decision."
selector_g64,64,fitzhugh_nagumo,coefficient,test,64,fno,smooth,mechanistic,,0.0006298184853579074,0.03141501721936013,-0.030785198734002223,-0.035956881614889566,-0.026044605060851902,0.02004832532670933,0.016339489578232422,0.02443196836985513,lower_candidate_error,"Post hoc; pointwise 95% paired bootstrap, no multiplicity adjustment or confirmatory decision."
selector_g64,64,fitzhugh_nagumo,coefficient,test,64,fno,smooth,transformer,smooth,0.0006298184853579074,0.010926536896467285,-0.010296718411109377,-0.012956148949710606,-0.00797957329003668,0.05764118048798584,0.046162428869002875,0.07159695268952858,lower_candidate_error,"Post hoc; pointwise 95% paired bootstrap, no multiplicity adjustment or confirmatory decision."
selector_g64,64,fitzhugh_nagumo,coefficient,test,64,fno,smooth,fno,none,0.0006298184853579074,0.0005070637675003963,0.00012275471785751105,-8.038374588398405e-05,0.00030538201242709064,1.2420893105075095,0.8788392611118914,1.8367043880826355,interval_includes_zero,"Post hoc; pointwise 95% paired bootstrap, no multiplicity adjustment or confirmatory decision."
selector_g64,64,fitzhugh_nagumo,coefficient,test,96,fno,smooth,mechanistic,,0.0005808948120547622,0.033145908145173195,-0.03256501333311843,-0.037404918645975616,-0.028081064419487274,0.01752538532088323,0.014526602339723818,0.020950672619548295,lower_candidate_error,"Post hoc; pointwise 95% paired bootstrap, no multiplicity adjustment or confirmatory decision."
selector_g64,64,fitzhugh_nagumo,coefficient,test,96,fno,smooth,transformer,smooth,0.0005808948120547622,0.008714428505231143,-0.008133533693176381,-0.010317158302095007,-0.006252702215813982,0.06665896813612729,0.05443917502123824,0.08230847486686181,lower_candidate_error,"Post hoc; pointwise 95% paired bootstrap, no multiplicity adjustment or confirmatory decision."
selector_g64,64,fitzhugh_nagumo,coefficient,test,96,fno,smooth,fno,none,0.0005808948120547622,0.00041958887270472336,0.00016130593935003882,1.1762490940303139e-05,0.0003117535977729698,1.384438076992462,1.0198125744401292,2.0257542451974158,higher_candidate_error,"Post hoc; pointwise 95% paired bootstrap, no multiplicity adjustment or confirmatory decision."
selector_g64,64,fitzhugh_nagumo,coefficient,ood,64,looped,iid,mechanistic,,0.23867053158647047,0.019872867267123784,0.2187976643193467,0.15280906961382124,0.304435357395408,12.009868952393676,8.833732972698765,16.066850015840046,higher_candidate_error,"Post hoc; pointwise 95% paired bootstrap, no multiplicity adjustment or confirmatory decision."
selector_g64,64,fitzhugh_nagumo,coefficient,ood,64,looped,iid,transformer,iid,0.23867053158647047,0.29958048768715884,-0.06090995610068836,-0.14101142456827548,0.01057540311330158,0.7966824990141065,0.5698749051127076,1.0342118770805904,interval_includes_zero,"Post hoc; pointwise 95% paired bootstrap, no multiplicity adjustment or confirmatory decision."
selector_g64,64,fitzhugh_nagumo,coefficient,ood,96,looped,iid,mechanistic,,0.17899033914895077,0.02390420692788009,0.15508613222107068,0.10602655291340074,0.21580027213457958,7.487817507979725,5.511727618235999,9.93950376094144,higher_candidate_error,"Post hoc; pointwise 95% paired bootstrap, no multiplicity adjustment or confirmatory decision."
selector_g64,64,fitzhugh_nagumo,coefficient,ood,96,looped,iid,transformer,iid,0.17899033914895077,0.23274060463376933,-0.053750265484818566,-0.10320074291128042,-0.00974157728478704,0.7690550577996578,0.571969401755487,0.9594503233814541,lower_candidate_error,"Post hoc; pointwise 95% paired bootstrap, no multiplicity adjustment or confirmatory decision."
selector_g64,64,fitzhugh_nagumo,coefficient,test,64,looped,iid,mechanistic,,0.013701955864257634,0.03141501721936013,-0.017713061355102498,-0.023610922180920466,-0.01164166948679062,0.4361594255569445,0.2894078311829611,0.6031458518830465,lower_candidate_error,"Post hoc; pointwise 95% paired bootstrap, no multiplicity adjustment or confirmatory decision."
selector_g64,64,fitzhugh_nagumo,coefficient,test,64,looped,iid,transformer,iid,0.013701955864257634,0.008679455781554787,0.005022500082702847,0.0007755779333705564,0.009759383425334505,1.5786653229314738,1.086724908325588,2.1678219854209333,higher_candidate_error,"Post hoc; pointwise 95% paired bootstrap, no multiplicity adjustment or confirmatory decision."
selector_g64,64,fitzhugh_nagumo,coefficient,test,96,looped,iid,mechanistic,,0.011353547234830853,0.033145908145173195,-0.02179236091034234,-0.026873637700376766,-0.016776215229306692,0.34253239299114485,0.22921361290800407,0.4652835726277731,lower_candidate_error,"Post hoc; pointwise 95% paired bootstrap, no multiplicity adjustment or confirmatory decision."
selector_g64,64,fitzhugh_nagumo,coefficient,test,96,looped,iid,transformer,iid,0.011353547234830853,0.007005114764813358,0.004348432470017495,0.0008783516728698387,0.008282104419557868,1.6207510677568968,1.129703101442531,2.2070418624862005,higher_candidate_error,"Post hoc; pointwise 95% paired bootstrap, no multiplicity adjustment or confirmatory decision."
selector_g64,64,fitzhugh_nagumo,coefficient,ood,64,looped,none,mechanistic,,0.1579916161936238,0.019872867267123784,0.13811874892650003,0.0858317005461609,0.2001753234199364,7.95011681354072,5.360856976266283,11.050204561161618,higher_candidate_error,"Post hoc; pointwise 95% paired bootstrap, no multiplicity adjustment or confirmatory decision."
selector_g64,64,fitzhugh_nagumo,coefficient,ood,64,looped,none,transformer,none,0.1579916161936238,0.20867855181731917,-0.05068693562369536,-0.11219644805566739,-0.0008837449927422935,0.757105197528553,0.49425308077374286,0.9957077186438996,lower_candidate_error,"Post hoc; pointwise 95% paired bootstrap, no multiplicity adjustment or confirmatory decision."
selector_g64,64,fitzhugh_nagumo,coefficient,ood,96,looped,none,mechanistic,,0.13678365911447996,0.02390420692788009,0.11287945218659987,0.06256119136814214,0.16986866152610214,5.722158427056857,3.647719666563999,8.089870347353918,higher_candidate_error,"Post hoc; pointwise 95% paired bootstrap, no multiplicity adjustment or confirmatory decision."
selector_g64,64,fitzhugh_nagumo,coefficient,ood,96,looped,none,transformer,none,0.13678365911447996,0.18401915478112427,-0.04723549566664431,-0.08275939348671396,-0.02251122922978976,0.7433120713828565,0.5301927646363136,0.8907505324294628,lower_candidate_error,"Post hoc; pointwise 95% paired bootstrap, no multiplicity adjustment or confirmatory decision."
selector_g64,64,fitzhugh_nagumo,coefficient,test,64,looped,none,mechanistic,,0.018997358879911535,0.03141501721936013,-0.012417658339448596,-0.0199285029420605,-0.004174859862836286,0.6047222176343113,0.3926062154624956,0.8612607016217371,lower_candidate_error,"Post hoc; pointwise 95% paired bootstrap, no multiplicity adjustment or confirmatory decision."
selector_g64,64,fitzhugh_nagumo,coefficient,test,64,looped,none,transformer,none,0.018997358879911535,0.012317135828642495,0.00668022305126904,0.0009547058310895347,0.012916500219928765,1.5423519837895046,1.081675094300752,1.9963570089770062,higher_candidate_error,"Post hoc; pointwise 95% paired bootstrap, no multiplicity adjustment or confirmatory decision."
selector_g64,64,fitzhugh_nagumo,coefficient,test,96,looped,none,mechanistic,,0.015561830318433575,0.033145908145173195,-0.017584077826739618,-0.023708852731636705,-0.010943021324900873,0.46949476388685807,0.30808400961729676,0.6610730387228119,lower_candidate_error,"Post hoc; pointwise 95% paired bootstrap, no multiplicity adjustment or confirmatory decision."
selector_g64,64,fitzhugh_nagumo,coefficient,test,96,looped,none,transformer,none,0.015561830318433575,0.009912098685839983,0.005649731632593592,0.000935215535691165,0.01077575432493575,1.5699833921815736,1.0922283652288418,2.0447912207807337,higher_candidate_error,"Post hoc; pointwise 95% paired bootstrap, no multiplicity adjustment or confirmatory decision."
selector_g64,64,fitzhugh_nagumo,coefficient,ood,64,looped,response_matched,mechanistic,,0.2664089577231259,0.019872867267123784,0.2465360904560021,0.17420084225954607,0.33731735943409585,13.405662813632,9.86673171343132,17.783676260599353,higher_candidate_error,"Post hoc; pointwise 95% paired bootstrap, no multiplicity adjustment or confirmatory decision."
selector_g64,64,fitzhugh_nagumo,coefficient,ood,64,looped,response_matched,transformer,response_matched,0.2664089577231259,0.3160931423252957,-0.04968418460216978,-0.1377979706987248,0.029891684747456727,0.8428178977984941,0.6036282889046932,1.0948971316848468,interval_includes_zero,"Post hoc; pointwise 95% paired bootstrap, no multiplicity adjustment or confirmatory decision."
selector_g64,64,fitzhugh_nagumo,coefficient,ood,96,looped,response_matched,mechanistic,,0.19824077411149452,0.02390420692788009,0.17433656718361443,0.12227417903692236,0.2380167059205087,8.29313328442958,6.185876878812623,10.829189564364315,higher_candidate_error,"Post hoc; pointwise 95% paired bootstrap, no multiplicity adjustment or confirmatory decision."
selector_g64,64,fitzhugh_nagumo,coefficient,ood,96,looped,response_matched,transformer,response_matched,0.19824077411149452,0.24245672313226882,-0.0442159490207743,-0.10130842813841442,0.008839986672700318,0.8176336442662681,0.6051035792610837,1.037004262962992,interval_includes_zero,"Post hoc; pointwise 95% paired bootstrap, no multiplicity adjustment or confirmatory decision."
selector_g64,64,fitzhugh_nagumo,coefficient,test,64,looped,response_matched,mechanistic,,0.01279969441776696,0.03141501721936013,-0.01861532280159317,-0.024628840260431963,-0.012917421422819549,0.4074387204180456,0.2631543744963606,0.5609479846990607,lower_candidate_error,"Post hoc; pointwise 95% paired bootstrap, no multiplicity adjustment or confirmatory decision."
selector_g64,64,fitzhugh_nagumo,coefficient,test,64,looped,response_matched,transformer,response_matched,0.01279969441776696,0.007348499353231397,0.005451195064535563,0.0009678191311302655,0.010390226964877021,1.74181064765808,1.1252506495603605,2.4768235835784953,higher_candidate_error,"Post hoc; pointwise 95% paired bootstrap, no multiplicity adjustment or confirmatory decision."
selector_g64,64,fitzhugh_nagumo,coefficient,test,96,looped,response_matched,mechanistic,,0.010722054444106677,0.033145908145173195,-0.022423853701066518,-0.027617719192338623,-0.017536246854226136,0.32348048504647936,0.2089369750643824,0.4446986851188377,lower_candidate_error,"Post hoc; pointwise 95% paired bootstrap, no multiplicity adjustment or confirmatory decision."
selector_g64,64,fitzhugh_nagumo,coefficient,test,96,looped,response_matched,transformer,response_matched,0.010722054444106677,0.005980127673578558,0.004741926770528118,0.0009821100187535192,0.008897817132706676,1.792947413393686,1.1667982343275873,2.5092108165637033,higher_candidate_error,"Post hoc; pointwise 95% paired bootstrap, no multiplicity adjustment or confirmatory decision."
selector_g64,64,fitzhugh_nagumo,coefficient,ood,64,looped,smooth,mechanistic,,0.1704240886768016,0.019872867267123784,0.1505512214096778,0.09924563985293053,0.2111983829005353,8.575717151733746,6.054410087017019,11.575193444800359,higher_candidate_error,"Post hoc; pointwise 95% paired bootstrap, no multiplicity adjustment or confirmatory decision."
selector_g64,64,fitzhugh_nagumo,coefficient,ood,64,looped,smooth,transformer,smooth,0.1704240886768016,0.2114845950924741,-0.04106050641567252,-0.10927776996509547,0.013338715753587554,0.805846348299183,0.5310282562695124,1.061727235365029,interval_includes_zero,"Post hoc; pointwise 95% paired bootstrap, no multiplicity adjustment or confirmatory decision."
selector_g64,64,fitzhugh_nagumo,coefficient,ood,64,looped,smooth,looped,none,0.1704240886768016,0.1579916161936238,0.012432472483177776,0.006629601735294013,0.017941344601836245,1.078690710195289,1.0353374097910324,1.1418886670597974,higher_candidate_error,"Post hoc; pointwise 95% paired bootstrap, no multiplicity adjustment or confirmatory decision."
selector_g64,64,fitzhugh_nagumo,coefficient,ood,96,looped,smooth,mechanistic,,0.14075637929324317,0.02390420692788009,0.11685217236536308,0.07139329594317365,0.16652870002194425,5.888351774978797,4.00891799783613,7.926193742425776,higher_candidate_error,"Post hoc; pointwise 95% paired bootstrap, no multiplicity adjustment or confirmatory decision."
selector_g64,64,fitzhugh_nagumo,coefficient,ood,96,looped,smooth,transformer,smooth,0.14075637929324317,0.179086430435365,-0.038330051142121846,-0.07846220520133565,-0.009510680632517813,0.7859689812961248,0.562503192087144,0.9518966457036734,lower_candidate_error,"Post hoc; pointwise 95% paired bootstrap, no multiplicity adjustment or confirmatory decision."
selector_g64,64,fitzhugh_nagumo,coefficient,ood,96,looped,smooth,looped,none,0.14075637929324317,0.13678365911447996,0.003972720178763212,-0.005002867057764486,0.011869885758261783,1.0290438214950681,0.971838544717707,1.122110898019826,interval_includes_zero,"Post hoc; pointwise 95% paired bootstrap, no multiplicity adjustment or confirmatory decision."
selector_g64,64,fitzhugh_nagumo,coefficient,test,64,looped,smooth,mechanistic,,0.01720177768561835,0.03141501721936013,-0.014213239533741779,-0.02096384834127205,-0.006571115235679958,0.5475654387041817,0.36463734060567926,0.7798559700550816,lower_candidate_error,"Post hoc; pointwise 95% paired bootstrap, no multiplicity adjustment or confirmatory decision."
selector_g64,64,fitzhugh_nagumo,coefficient,test,64,looped,smooth,transformer,smooth,0.01720177768561835,0.010926536896467285,0.006275240789151067,0.0007443375449517945,0.013446406460333063,1.5743119570831219,1.0659161214535577,2.2317257076982093,higher_candidate_error,"Post hoc; pointwise 95% paired bootstrap, no multiplicity adjustment or confirmatory decision."
selector_g64,64,fitzhugh_nagumo,coefficient,test,64,looped,smooth,looped,none,0.01720177768561835,0.018997358879911535,-0.0017955811942931832,-0.003704569732020419,-0.0001442783719720129,0.9054825880985018,0.8278018284941778,0.9911957036572682,lower_candidate_error,"Post hoc; pointwise 95% paired bootstrap, no multiplicity adjustment or confirmatory decision."
selector_g64,64,fitzhugh_nagumo,coefficient,test,96,looped,smooth,mechanistic,,0.014180449146268,0.033145908145173195,-0.018965458998905192,-0.0244864161347804,-0.01274427571544054,0.4278189960631083,0.2874137196957973,0.6026547783009247,lower_candidate_error,"Post hoc; pointwise 95% paired bootstrap, no multiplicity adjustment or confirmatory decision."
selector_g64,64,fitzhugh_nagumo,coefficient,test,96,looped,smooth,transformer,smooth,0.014180449146268,0.008714428505231143,0.0054660206410368575,0.0009995733294830853,0.011365377012729034,1.627237992457645,1.1097188553991155,2.3109231279056544,higher_candidate_error,"Post hoc; pointwise 95% paired bootstrap, no multiplicity adjustment or confirmatory decision."
selector_g64,64,fitzhugh_nagumo,coefficient,test,96,looped,smooth,looped,none,0.014180449146268,0.015561830318433575,-0.0013813811721655744,-0.002885418548645866,-1.4599258559350862e-05,0.9112327313754812,0.8325906724222157,0.9988012274548782,lower_candidate_error,"Post hoc; pointwise 95% paired bootstrap, no multiplicity adjustment or confirmatory decision."
selector_g64,64,fitzhugh_nagumo,coefficient,ood,64,transformer,iid,mechanistic,,0.29958048768715884,0.019872867267123784,0.27970762042003505,0.2282759590117094,0.33831465439629504,15.074849726529541,12.827376676088997,17.622843064883302,higher_candidate_error,"Post hoc; pointwise 95% paired bootstrap, no multiplicity adjustment or confirmatory decision."
selector_g64,64,fitzhugh_nagumo,coefficient,ood,96,transformer,iid,mechanistic,,0.23274060463376933,0.02390420692788009,0.20883639770588924,0.17502634938024728,0.24577734583513275,9.73638679316811,8.548645991897924,11.047337801013215,higher_candidate_error,"Post hoc; pointwise 95% paired bootstrap, no multiplicity adjustment or confirmatory decision."
selector_g64,64,fitzhugh_nagumo,coefficient,test,64,transformer,iid,mechanistic,,0.008679455781554787,0.03141501721936013,-0.022735561437805342,-0.027583564029723243,-0.01818838930570318,0.2762836550732781,0.21733960747373124,0.34720481023171135,lower_candidate_error,"Post hoc; pointwise 95% paired bootstrap, no multiplicity adjustment or confirmatory decision."
selector_g64,64,fitzhugh_nagumo,coefficient,test,96,transformer,iid,mechanistic,,0.007005114764813358,0.033145908145173195,-0.026140793380359836,-0.030503950463807033,-0.021984421028729953,0.21134176605245508,0.16776738942676495,0.26269563593875883,lower_candidate_error,"Post hoc; pointwise 95% paired bootstrap, no multiplicity adjustment or confirmatory decision."
selector_g64,64,fitzhugh_nagumo,coefficient,ood,64,transformer,none,mechanistic,,0.20867855181731917,0.019872867267123784,0.1888056845501954,0.1555580690302376,0.22620958221032308,10.500676576376158,8.978612949980352,12.187466666133865,higher_candidate_error,"Post hoc; pointwise 95% paired bootstrap, no multiplicity adjustment or confirmatory decision."
selector_g64,64,fitzhugh_nagumo,coefficient,ood,96,transformer,none,mechanistic,,0.18401915478112427,0.02390420692788009,0.16011494785324418,0.12337787240626197,0.20060360020562923,7.698191173474909,6.252999445229113,9.457983753440184,higher_candidate_error,"Post hoc; pointwise 95% paired bootstrap, no multiplicity adjustment or confirmatory decision."
selector_g64,64,fitzhugh_nagumo,coefficient,test,64,transformer,none,mechanistic,,0.012317135828642495,0.03141501721936013,-0.019097881390717636,-0.02390790072105644,-0.014418139743277486,0.3920779588512151,0.2986170031717868,0.5009894105961072,lower_candidate_error,"Post hoc; pointwise 95% paired bootstrap, no multiplicity adjustment or confirmatory decision."
selector_g64,64,fitzhugh_nagumo,coefficient,test,96,transformer,none,mechanistic,,0.009912098685839983,0.033145908145173195,-0.02323380945933321,-0.027498199290198835,-0.019154770581396204,0.2990444142434339,0.2284128884777621,0.3776630764409,lower_candidate_error,"Post hoc; pointwise 95% paired bootstrap, no multiplicity adjustment or confirmatory decision."
selector_g64,64,fitzhugh_nagumo,coefficient,ood,64,transformer,response_matched,mechanistic,,0.3160931423252957,0.019872867267123784,0.2962202750581719,0.2408036745334696,0.35967997029078597,15.90576428033699,13.489702173416935,18.699730137288036,higher_candidate_error,"Post hoc; pointwise 95% paired bootstrap, no multiplicity adjustment or confirmatory decision."
selector_g64,64,fitzhugh_nagumo,coefficient,ood,96,transformer,response_matched,mechanistic,,0.24245672313226882,0.02390420692788009,0.21855251620438873,0.18297211980103287,0.25755892657549906,10.142847401872402,8.89103020756381,11.48887119019387,higher_candidate_error,"Post hoc; pointwise 95% paired bootstrap, no multiplicity adjustment or confirmatory decision."
selector_g64,64,fitzhugh_nagumo,coefficient,test,64,transformer,response_matched,mechanistic,,0.007348499353231397,0.03141501721936013,-0.024066517866128734,-0.028867374985398136,-0.019662822877847624,0.233916769865806,0.1888827947212637,0.28890966558108444,lower_candidate_error,"Post hoc; pointwise 95% paired bootstrap, no multiplicity adjustment or confirmatory decision."
selector_g64,64,fitzhugh_nagumo,coefficient,test,96,transformer,response_matched,mechanistic,,0.005980127673578558,0.033145908145173195,-0.027165780471594635,-0.03155894910476912,-0.02308475211050653,0.18041827809896355,0.14689759626037616,0.2185836034939719,lower_candidate_error,"Post hoc; pointwise 95% paired bootstrap, no multiplicity adjustment or confirmatory decision."
selector_g64,64,fitzhugh_nagumo,coefficient,ood,64,transformer,smooth,mechanistic,,0.2114845950924741,0.019872867267123784,0.19161172782535033,0.1563368384839476,0.23168618159764193,10.641876295442215,9.04204133670338,12.459712736700347,higher_candidate_error,"Post hoc; pointwise 95% paired bootstrap, no multiplicity adjustment or confirmatory decision."
selector_g64,64,fitzhugh_nagumo,coefficient,ood,64,transformer,smooth,transformer,none,0.2114845950924741,0.20867855181731917,0.0028060432751549347,-0.006717431712123385,0.011972114192541556,1.0134467258408588,0.9686170245968658,1.056013381770856,interval_includes_zero,"Post hoc; pointwise 95% paired bootstrap, no multiplicity adjustment or confirmatory decision."
selector_g64,64,fitzhugh_nagumo,coefficient,ood,96,transformer,smooth,mechanistic,,0.179086430435365,0.02390420692788009,0.15518222350748492,0.1242280770570299,0.18659532562957276,7.491837356314545,6.3122111845121855,8.781616557460303,higher_candidate_error,"Post hoc; pointwise 95% paired bootstrap, no multiplicity adjustment or confirmatory decision."
selector_g64,64,fitzhugh_nagumo,coefficient,ood,96,transformer,smooth,transformer,none,0.179086430435365,0.18401915478112427,-0.004932724345759254,-0.01858737774374237,0.006492658034503588,0.9731945060196243,0.9128654114504077,1.0402004482047522,interval_includes_zero,"Post hoc; pointwise 95% paired bootstrap, no multiplicity adjustment or confirmatory decision."
selector_g64,64,fitzhugh_nagumo,coefficient,test,64,transformer,smooth,mechanistic,,0.010926536896467285,0.03141501721936013,-0.020488480322892848,-0.02503575596263832,-0.015922586376248146,0.3478125388304288,0.2789541114872128,0.42846133427252914,lower_candidate_error,"Post hoc; pointwise 95% paired bootstrap, no multiplicity adjustment or confirmatory decision."
selector_g64,64,fitzhugh_nagumo,coefficient,test,64,transformer,smooth,transformer,none,0.010926536896467285,0.012317135828642495,-0.0013905989321752101,-0.003996024505377335,0.0007255494648945204,0.8871004630036241,0.7307596429524559,1.069338243289698,interval_includes_zero,"Post hoc; pointwise 95% paired bootstrap, no multiplicity adjustment or confirmatory decision."
selector_g64,64,fitzhugh_nagumo,coefficient,test,96,transformer,smooth,mechanistic,,0.008714428505231143,0.033145908145173195,-0.02443147963994205,-0.028582151632855168,-0.020353252939929636,0.2629111402548843,0.2109095109250487,0.32198582952182575,lower_candidate_error,"Post hoc; pointwise 95% paired bootstrap, no multiplicity adjustment or confirmatory decision."
selector_g64,64,fitzhugh_nagumo,coefficient,test,96,transformer,smooth,transformer,none,0.008714428505231143,0.009912098685839983,-0.00119767018060884,-0.003378163297649543,0.000579837333583339,0.8791708780785463,0.7186884915411033,1.0674794221932036,interval_includes_zero,"Post hoc; pointwise 95% paired bootstrap, no multiplicity adjustment or confirmatory decision."
selector_g64,64,fitzhugh_nagumo,correct,ood,64,fno,iid,mechanistic,,0.011661656204134193,4.136085975322065e-11,0.011661656162773334,0.005294097576720692,0.019289330763213923,281949076.3420636,129838289.9153929,461961401.4985347,higher_candidate_error,"Post hoc; pointwise 95% paired bootstrap, no multiplicity adjustment or confirmatory decision."
selector_g64,64,fitzhugh_nagumo,correct,ood,64,fno,iid,transformer,iid,0.011661656204134193,0.31615184550222847,-0.3044901892980943,-0.3625809044350782,-0.2543955302648875,0.036886250610395355,0.016332502660220828,0.060215374839063134,lower_candidate_error,"Post hoc; pointwise 95% paired bootstrap, no multiplicity adjustment or confirmatory decision."
selector_g64,64,fitzhugh_nagumo,correct,ood,96,fno,iid,mechanistic,,0.008818732565102511,3.2082528927591556e-11,0.008818732533019982,0.004227104205292954,0.014293073824887275,274876478.25412667,133228423.75211321,439329452.6136715,higher_candidate_error,"Post hoc; pointwise 95% paired bootstrap, no multiplicity adjustment or confirmatory decision."
selector_g64,64,fitzhugh_nagumo,correct,ood,96,fno,iid,transformer,iid,0.008818732565102511,0.2499275621061909,-0.2411088295410884,-0.27614791307454567,-0.20683109400358782,0.03528515418941888,0.017526339951057436,0.05361025090485799,lower_candidate_error,"Post hoc; pointwise 95% paired bootstrap, no multiplicity adjustment or confirmatory decision."
selector_g64,64,fitzhugh_nagumo,correct,test,64,fno,iid,mechanistic,,0.0005368169889881994,3.6728313592948177e-11,0.0005368169522598857,0.00040608119022746543,0.0007014792832843925,14615889.935422137,11163488.767964242,19145861.48836117,higher_candidate_error,"Post hoc; pointwise 95% paired bootstrap, no multiplicity adjustment or confirmatory decision."
selector_g64,64,fitzhugh_nagumo,correct,test,64,fno,iid,transformer,iid,0.0005368169889881994,0.00790888569782422,-0.00737206870883602,-0.009518449471143605,-0.005566098431117217,0.06787517350717065,0.05191441112544866,0.09218188145247526,lower_candidate_error,"Post hoc; pointwise 95% paired bootstrap, no multiplicity adjustment or confirmatory decision."
selector_g64,64,fitzhugh_nagumo,correct,test,96,fno,iid,mechanistic,,0.00043222987651996627,3.9303792654183866e-11,0.0004322298372161736,0.0003264277329091342,0.0005616060152201324,10997154.40499495,8456334.7151286,14314275.746540787,higher_candidate_error,"Post hoc; pointwise 95% paired bootstrap, no multiplicity adjustment or confirmatory decision."
selector_g64,64,fitzhugh_nagumo,correct,test,96,fno,iid,transformer,iid,0.00043222987651996627,0.006295798064994103,-0.005863568188474137,-0.007622953953584301,-0.004381866371164269,0.06865370713257957,0.0526315664431624,0.09262893347224052,lower_candidate_error,"Post hoc; pointwise 95% paired bootstrap, no multiplicity adjustment or confirmatory decision."
selector_g64,64,fitzhugh_nagumo,correct,ood,64,fno,none,mechanistic,,0.007766451672739029,4.136085975322065e-11,0.007766451631378169,0.0041946131541558225,0.012138738509578178,187772974.71758378,103323407.773961,289830959.19954926,higher_candidate_error,"Post hoc; pointwise 95% paired bootstrap, no multiplicity adjustment or confirmatory decision."
selector_g64,64,fitzhugh_nagumo,correct,ood,64,fno,none,transformer,none,0.007766451672739029,0.20867860391615048,-0.20091215224341144,-0.2405767550741885,-0.1661919678950315,0.03721728786272541,0.018552579857226324,0.061657992647850886,lower_candidate_error,"Post hoc; pointwise 95% paired bootstrap, no multiplicity adjustment or confirmatory decision."
selector_g64,64,fitzhugh_nagumo,correct,ood,96,fno,none,mechanistic,,0.005982852912417483,3.2082528927591556e-11,0.005982852880334954,0.0034629069499722306,0.009123683432455234,186483207.91420284,109493328.9448083,277475107.0460007,higher_candidate_error,"Post hoc; pointwise 95% paired bootstrap, no multiplicity adjustment or confirmatory decision."
selector_g64,64,fitzhugh_nagumo,correct,ood,96,fno,none,transformer,none,0.005982852912417483,0.18401919751321494,-0.17803634460079745,-0.21958416063006758,-0.14102486390101795,0.032512112829901005,0.017874012568562893,0.050642611100250784,lower_candidate_error,"Post hoc; pointwise 95% paired bootstrap, no multiplicity adjustment or confirmatory decision."
selector_g64,64,fitzhugh_nagumo,correct,test,64,fno,none,mechanistic,,0.0005038357312551391,3.6728313592948177e-11,0.0005038356945268255,0.00033193522584120126,0.000715992553508332,13717910.842273885,9046979.346445365,19533101.942138627,higher_candidate_error,"Post hoc; pointwise 95% paired bootstrap, no multiplicity adjustment or confirmatory decision."
selector_g64,64,fitzhugh_nagumo,correct,test,64,fno,none,transformer,none,0.0005038357312551391,0.012317133254565562,-0.011813297523310423,-0.015461027112196019,-0.008653108070424556,0.04090527567105629,0.02785160546407381,0.056066692360102095,lower_candidate_error,"Post hoc; pointwise 95% paired bootstrap, no multiplicity adjustment or confirmatory decision."
selector_g64,64,fitzhugh_nagumo,correct,test,96,fno,none,mechanistic,,0.0004165076561902549,3.9303792654183866e-11,0.00041650761688646226,0.00027389619796997015,0.0005824348074018692,10597136.511860717,7073333.785750027,14627611.995439379,higher_candidate_error,"Post hoc; pointwise 95% paired bootstrap, no multiplicity adjustment or confirmatory decision."
selector_g64,64,fitzhugh_nagumo,correct,test,96,fno,none,transformer,none,0.0004165076561902549,0.009912095946257804,-0.009495588290067549,-0.012528799955825945,-0.0069455399144024935,0.042020139680700175,0.029016192141899745,0.0569992121420843,lower_candidate_error,"Post hoc; pointwise 95% paired bootstrap, no multiplicity adjustment or confirmatory decision."
selector_g64,64,fitzhugh_nagumo,correct,ood,64,fno,response_matched,mechanistic,,0.00623524979531892,4.136085975322065e-11,0.00623524975395806,0.003838366957967145,0.009212339591460212,150752422.27848998,94835218.79686971,219506583.2737368,higher_candidate_error,"Post hoc; pointwise 95% paired bootstrap, no multiplicity adjustment or confirmatory decision."
selector_g64,64,fitzhugh_nagumo,correct,ood,64,fno,response_matched,transformer,response_matched,0.00623524979531892,0.3473341647621548,-0.34109891496683586,-0.4067195687777222,-0.2827154423506248,0.017951731870628544,0.01045711331746587,0.02825385491628691,lower_candidate_error,"Post hoc; pointwise 95% paired bootstrap, no multiplicity adjustment or confirmatory decision."
selector_g64,64,fitzhugh_nagumo,correct,ood,96,fno,response_matched,mechanistic,,0.004813122251476343,3.2082528927591556e-11,0.004813122219393813,0.003112380250767786,0.00687816946983556,150023156.28980765,98696260.80024889,211820595.01220194,higher_candidate_error,"Post hoc; pointwise 95% paired bootstrap, no multiplicity adjustment or confirmatory decision."
selector_g64,64,fitzhugh_nagumo,correct,ood,96,fno,response_matched,transformer,response_matched,0.004813122251476343,0.26963270039662907,-0.2648195781451527,-0.3071874305731628,-0.224435863544178,0.0178506621948905,0.011251699448819309,0.026074406406109613,lower_candidate_error,"Post hoc; pointwise 95% paired bootstrap, no multiplicity adjustment or confirmatory decision."
selector_g64,64,fitzhugh_nagumo,correct,test,64,fno,response_matched,mechanistic,,0.0006560063922640159,3.6728313592948177e-11,0.0006560063555357022,0.0004804500106003605,0.0008637235728375262,17861053.995955013,13117646.982644398,23702148.292683043,higher_candidate_error,"Post hoc; pointwise 95% paired bootstrap, no multiplicity adjustment or confirmatory decision."
selector_g64,64,fitzhugh_nagumo,correct,test,64,fno,response_matched,transformer,response_matched,0.0006560063922640159,0.007503452545307284,-0.006847446153043267,-0.008799964103111976,-0.005248082567067099,0.08742727275249941,0.06365915486294546,0.11741215722263314,lower_candidate_error,"Post hoc; pointwise 95% paired bootstrap, no multiplicity adjustment or confirmatory decision."
selector_g64,64,fitzhugh_nagumo,correct,test,96,fno,response_matched,mechanistic,,0.0005280762470043576,3.9303792654183866e-11,0.0005280762077005649,0.00038483963585765266,0.0006988435945502784,13435758.010700379,9911312.481793132,17737334.744161177,higher_candidate_error,"Post hoc; pointwise 95% paired bootstrap, no multiplicity adjustment or confirmatory decision."
selector_g64,64,fitzhugh_nagumo,correct,test,96,fno,response_matched,transformer,response_matched,0.0005280762470043576,0.0062363908880797994,-0.005708314641075442,-0.007722209279561612,-0.004261145981621701,0.08467657920765027,0.058832274619420546,0.11677583059254149,lower_candidate_error,"Post hoc; pointwise 95% paired bootstrap, no multiplicity adjustment or confirmatory decision."
selector_g64,64,fitzhugh_nagumo,correct,ood,64,fno,smooth,mechanistic,,0.008517618589464676,4.136085975322065e-11,0.008517618548103817,0.003914858923141278,0.013920084422204857,205934273.13370666,96667208.82952827,333625046.9173082,higher_candidate_error,"Post hoc; pointwise 95% paired bootstrap, no multiplicity adjustment or confirmatory decision."
selector_g64,64,fitzhugh_nagumo,correct,ood,64,fno,smooth,transformer,smooth,0.008517618589464676,0.21173168409158608,-0.2032140655021214,-0.24199870466995502,-0.16974236233541606,0.04022836084268011,0.01816143514574538,0.06691798096942858,lower_candidate_error,"Post hoc; pointwise 95% paired bootstrap, no multiplicity adjustment or confirmatory decision."
selector_g64,64,fitzhugh_nagumo,correct,ood,64,fno,smooth,fno,none,0.008517618589464676,0.007766451672739029,0.0007511669167256469,-0.002864483749252898,0.0043734042344842575,1.0967194477450124,0.6414319912569448,1.6808869346509645,interval_includes_zero,"Post hoc; pointwise 95% paired bootstrap, no multiplicity adjustment or confirmatory decision."
selector_g64,64,fitzhugh_nagumo,correct,ood,96,fno,smooth,mechanistic,,0.006570357443395112,3.2082528927591556e-11,0.006570357411312583,0.00305477552914706,0.01062950944665779,204795496.58395183,97544093.98839462,327455854.46815556,higher_candidate_error,"Post hoc; pointwise 95% paired bootstrap, no multiplicity adjustment or confirmatory decision."
selector_g64,64,fitzhugh_nagumo,correct,ood,96,fno,smooth,transformer,smooth,0.006570357443395112,0.18678721207791485,-0.18021685463451972,-0.21418753421320036,-0.14606041835597924,0.03517562776542973,0.017177899407673895,0.05581087490495235,lower_candidate_error,"Post hoc; pointwise 95% paired bootstrap, no multiplicity adjustment or confirmatory decision."
selector_g64,64,fitzhugh_nagumo,correct,ood,96,fno,smooth,fno,none,0.006570357443395112,0.005982852912417483,0.000587504530977629,-0.0020176861269330013,0.0033057821854037828,1.0981980569434118,0.6652860806315699,1.6074390618847756,interval_includes_zero,"Post hoc; pointwise 95% paired bootstrap, no multiplicity adjustment or confirmatory decision."
selector_g64,64,fitzhugh_nagumo,correct,test,64,fno,smooth,mechanistic,,0.0004509334446988593,3.6728313592948177e-11,0.00045093340797054573,0.0003294380232504808,0.0005901174732603509,12277542.870507356,9030691.2475214,16064963.33197097,higher_candidate_error,"Post hoc; pointwise 95% paired bootstrap, no multiplicity adjustment or confirmatory decision."
selector_g64,64,fitzhugh_nagumo,correct,test,64,fno,smooth,transformer,smooth,0.0004509334446988593,0.01048360825575966,-0.0100326748110608,-0.012599135006209544,-0.007831536579015745,0.043013191040510115,0.030425990633875293,0.058115737806193536,lower_candidate_error,"Post hoc; pointwise 95% paired bootstrap, no multiplicity adjustment or confirmatory decision."
selector_g64,64,fitzhugh_nagumo,correct,test,64,fno,smooth,fno,none,0.0004509334446988593,0.0005038357312551391,-5.2902286556279806e-05,-0.0002612757355572132,8.241038376671652e-05,0.8950009233674409,0.6070010635661369,1.2007688972746762,interval_includes_zero,"Post hoc; pointwise 95% paired bootstrap, no multiplicity adjustment or confirmatory decision."
selector_g64,64,fitzhugh_nagumo,correct,test,96,fno,smooth,mechanistic,,0.00037321460548186204,3.9303792654183866e-11,0.0003732145661780694,0.0002700881464263882,0.0005001758870399138,9495638.468419753,7054041.667251528,12447132.030872585,higher_candidate_error,"Post hoc; pointwise 95% paired bootstrap, no multiplicity adjustment or confirmatory decision."
selector_g64,64,fitzhugh_nagumo,correct,test,96,fno,smooth,transformer,smooth,0.00037321460548186204,0.008485123012906647,-0.008111908407424784,-0.010317302424554364,-0.006272772172897951,0.043984583949362735,0.03112850000338629,0.06074580767191101,lower_candidate_error,"Post hoc; pointwise 95% paired bootstrap, no multiplicity adjustment or confirmatory decision."
selector_g64,64,fitzhugh_nagumo,correct,test,96,fno,smooth,fno,none,0.00037321460548186204,0.0004165076561902549,-4.3293050708392855e-05,-0.00020501961875375824,6.99375361104651e-05,0.8960570110417918,0.6203061913607685,1.2016465058355825,interval_includes_zero,"Post hoc; pointwise 95% paired bootstrap, no multiplicity adjustment or confirmatory decision."
selector_g64,64,fitzhugh_nagumo,correct,ood,64,looped,iid,mechanistic,,0.2612289407050632,4.136085975322065e-11,0.26122894066370234,0.19096530261242825,0.3475687004760625,6315848903.13413,4711103326.507255,8227389254.742656,higher_candidate_error,"Post hoc; pointwise 95% paired bootstrap, no multiplicity adjustment or confirmatory decision."
selector_g64,64,fitzhugh_nagumo,correct,ood,64,looped,iid,transformer,iid,0.2612289407050632,0.31615184550222847,-0.05492290479716527,-0.13084812709333135,0.014584422323008703,0.826276817363136,0.6130355048947416,1.0460261949519125,interval_includes_zero,"Post hoc; pointwise 95% paired bootstrap, no multiplicity adjustment or confirmatory decision."
selector_g64,64,fitzhugh_nagumo,correct,ood,96,looped,iid,mechanistic,,0.1945440171742495,3.2082528927591556e-11,0.19454401714216696,0.14340058804259745,0.25475799108528663,6063861661.695195,4584725663.480524,7815516595.873456,higher_candidate_error,"Post hoc; pointwise 95% paired bootstrap, no multiplicity adjustment or confirmatory decision."
selector_g64,64,fitzhugh_nagumo,correct,ood,96,looped,iid,transformer,iid,0.1945440171742495,0.2499275621061909,-0.05538354493194142,-0.10331760698526776,-0.0075102030300779775,0.7784016117901806,0.5915518213866743,0.9702773573510474,lower_candidate_error,"Post hoc; pointwise 95% paired bootstrap, no multiplicity adjustment or confirmatory decision."
selector_g64,64,fitzhugh_nagumo,correct,test,64,looped,iid,mechanistic,,0.014160991606539533,3.6728313592948177e-11,0.01416099156981122,0.009272342553691764,0.019714843334173143,385560626.7002261,255276308.96783832,539052665.534422,higher_candidate_error,"Post hoc; pointwise 95% paired bootstrap, no multiplicity adjustment or confirmatory decision."
selector_g64,64,fitzhugh_nagumo,correct,test,64,looped,iid,transformer,iid,0.014160991606539533,0.00790888569782422,0.006252105908715314,0.0016048444002659493,0.011321839770287988,1.7905166603223643,1.191220867603718,2.517791846000538,higher_candidate_error,"Post hoc; pointwise 95% paired bootstrap, no multiplicity adjustment or confirmatory decision."
selector_g64,64,fitzhugh_nagumo,correct,test,96,looped,iid,mechanistic,,0.011658410558174565,3.9303792654183866e-11,0.011658410518870772,0.0075712178820063,0.01632005418833657,296623042.48222554,198735634.91378126,409645347.7857677,higher_candidate_error,"Post hoc; pointwise 95% paired bootstrap, no multiplicity adjustment or confirmatory decision."
selector_g64,64,fitzhugh_nagumo,correct,test,96,looped,iid,transformer,iid,0.011658410558174565,0.006295798064994103,0.005362612493180462,0.0015311848556445484,0.009504168396629889,1.8517764448319365,1.235122651509124,2.6006938790373306,higher_candidate_error,"Post hoc; pointwise 95% paired bootstrap, no multiplicity adjustment or confirmatory decision."
selector_g64,64,fitzhugh_nagumo,correct,ood,64,looped,none,mechanistic,,0.1579916722288607,4.136085975322065e-11,0.15799167218749985,0.1051976950613391,0.2207310754024734,3819835302.542481,2602314348.450854,5288503112.81425,higher_candidate_error,"Post hoc; pointwise 95% paired bootstrap, no multiplicity adjustment or confirmatory decision."
selector_g64,64,fitzhugh_nagumo,correct,ood,64,looped,none,transformer,none,0.1579916722288607,0.20867860391615048,-0.05068693168728977,-0.11219647788974646,-0.0008836458266197883,0.7571052770333063,0.49425262515446394,0.9957081989444471,lower_candidate_error,"Post hoc; pointwise 95% paired bootstrap, no multiplicity adjustment or confirmatory decision."
selector_g64,64,fitzhugh_nagumo,correct,ood,96,looped,none,mechanistic,,0.13678372657473284,3.2082528927591556e-11,0.1367837265426503,0.08578064923479603,0.1941070431254633,4263495776.2664514,2716616664.4483414,6035510645.592131,higher_candidate_error,"Post hoc; pointwise 95% paired bootstrap, no multiplicity adjustment or confirmatory decision."
selector_g64,64,fitzhugh_nagumo,correct,ood,96,looped,none,transformer,none,0.13678372657473284,0.18401919751321494,-0.0472354709384821,-0.08275950460296817,-0.022511060325267344,0.743312265367911,0.5301927608303512,0.8907516810736857,lower_candidate_error,"Post hoc; pointwise 95% paired bootstrap, no multiplicity adjustment or confirmatory decision."
selector_g64,64,fitzhugh_nagumo,correct,test,64,looped,none,mechanistic,,0.018997376289588586,3.6728313592948177e-11,0.01899737625286027,0.012107180249072208,0.02754722524140897,517240636.2059617,331875935.57892007,755468757.9288257,higher_candidate_error,"Post hoc; pointwise 95% paired bootstrap, no multiplicity adjustment or confirmatory decision."
selector_g64,64,fitzhugh_nagumo,correct,test,64,looped,none,transformer,none,0.018997376289588586,0.012317133254565562,0.006680243035023023,0.0009547808907957574,0.012916504856027036,1.5423537195675685,1.081678532446791,1.996356271743145,higher_candidate_error,"Post hoc; pointwise 95% paired bootstrap, no multiplicity adjustment or confirmatory decision."
selector_g64,64,fitzhugh_nagumo,correct,test,96,looped,none,mechanistic,,0.015561840102015978,3.9303792654183866e-11,0.015561840062712185,0.009937630797891787,0.0226360164211734,395937365.1020782,257735260.55576783,566709528.4672952,higher_candidate_error,"Post hoc; pointwise 95% paired bootstrap, no multiplicity adjustment or confirmatory decision."
selector_g64,64,fitzhugh_nagumo,correct,test,96,looped,none,transformer,none,0.015561840102015978,0.009912095946257804,0.005649744155758174,0.0009352439765692775,0.010775778498838021,1.569984813140471,1.092234691674557,2.044793397657368,higher_candidate_error,"Post hoc; pointwise 95% paired bootstrap, no multiplicity adjustment or confirmatory decision."
selector_g64,64,fitzhugh_nagumo,correct,ood,64,looped,response_matched,mechanistic,,0.2713721809951082,4.136085975322065e-11,0.2713721809537473,0.20485239579494763,0.3497801765945224,6561086558.989558,5115043027.115626,8280861637.028563,higher_candidate_error,"Post hoc; pointwise 95% paired bootstrap, no multiplicity adjustment or confirmatory decision."
selector_g64,64,fitzhugh_nagumo,correct,ood,64,looped,response_matched,transformer,response_matched,0.2713721809951082,0.3473341647621548,-0.0759619837670466,-0.1546611184789255,-0.010567849441886984,0.7812999944331322,0.5897826313568459,0.9682989073969802,lower_candidate_error,"Post hoc; pointwise 95% paired bootstrap, no multiplicity adjustment or confirmatory decision."
selector_g64,64,fitzhugh_nagumo,correct,ood,96,looped,response_matched,mechanistic,,0.20206703618666055,3.2082528927591556e-11,0.20206703615457802,0.1557270966205266,0.25574870992758497,6298351250.3866005,4991816531.498286,7815250773.967452,higher_candidate_error,"Post hoc; pointwise 95% paired bootstrap, no multiplicity adjustment or confirmatory decision."
selector_g64,64,fitzhugh_nagumo,correct,ood,96,looped,response_matched,transformer,response_matched,0.20206703618666055,0.26963270039662907,-0.06756566420996851,-0.11532671159897652,-0.025034682202439207,0.7494159124224191,0.5915648536621967,0.9044786578391855,lower_candidate_error,"Post hoc; pointwise 95% paired bootstrap, no multiplicity adjustment or confirmatory decision."
selector_g64,64,fitzhugh_nagumo,correct,test,64,looped,response_matched,mechanistic,,0.01062914915050415,3.6728313592948177e-11,0.010629149113775837,0.007413855037058512,0.014448493254693977,289399324.6818973,203232041.1845674,393689535.7175902,higher_candidate_error,"Post hoc; pointwise 95% paired bootstrap, no multiplicity adjustment or confirmatory decision."
selector_g64,64,fitzhugh_nagumo,correct,test,64,looped,response_matched,transformer,response_matched,0.01062914915050415,0.007503452545307284,0.0031256966051968664,4.805431287497274e-05,0.006662968497562145,1.416567784806169,1.0066125358664662,1.9683899973011092,higher_candidate_error,"Post hoc; pointwise 95% paired bootstrap, no multiplicity adjustment or confirmatory decision."
selector_g64,64,fitzhugh_nagumo,correct,test,96,looped,response_matched,mechanistic,,0.008757239184201744,3.9303792654183866e-11,0.008757239144897951,0.006055464497047598,0.012052514994825868,222809011.36571464,157745144.01849198,299968049.29358333,higher_candidate_error,"Post hoc; pointwise 95% paired bootstrap, no multiplicity adjustment or confirmatory decision."
selector_g64,64,fitzhugh_nagumo,correct,test,96,looped,response_matched,transformer,response_matched,0.008757239184201744,0.0062363908880797994,0.0025208482961219447,5.253628362967156e-05,0.005381925330826615,1.4042158904664361,1.0068021500471858,1.9456726133380289,higher_candidate_error,"Post hoc; pointwise 95% paired bootstrap, no multiplicity adjustment or confirmatory decision."
selector_g64,64,fitzhugh_nagumo,correct,ood,64,looped,smooth,mechanistic,,0.17443402124201532,4.136085975322065e-11,0.17443402120065446,0.1212267055617556,0.23817484884827972,4217369326.5269384,2986855842.5363836,5679976965.438444,higher_candidate_error,"Post hoc; pointwise 95% paired bootstrap, no multiplicity adjustment or confirmatory decision."
selector_g64,64,fitzhugh_nagumo,correct,ood,64,looped,smooth,transformer,smooth,0.17443402124201532,0.21173168409158608,-0.037297662849570756,-0.10651539524381663,0.01980078501407251,0.8238446786573643,0.543376072594043,1.0920860694415517,interval_includes_zero,"Post hoc; pointwise 95% paired bootstrap, no multiplicity adjustment or confirmatory decision."
selector_g64,64,fitzhugh_nagumo,correct,ood,64,looped,smooth,looped,none,0.17443402124201532,0.1579916722288607,0.01644234901315461,0.010645621209919742,0.02361441950763548,1.1040709853955901,1.0601308955943392,1.175254758267776,higher_candidate_error,"Post hoc; pointwise 95% paired bootstrap, no multiplicity adjustment or confirmatory decision."
selector_g64,64,fitzhugh_nagumo,correct,ood,96,looped,smooth,mechanistic,,0.14597832610789632,3.2082528927591556e-11,0.1459783260758138,0.09753169006234294,0.19883114574209262,4550087882.328762,3095491847.1302514,6150739056.506114,higher_candidate_error,"Post hoc; pointwise 95% paired bootstrap, no multiplicity adjustment or confirmatory decision."
selector_g64,64,fitzhugh_nagumo,correct,ood,96,looped,smooth,transformer,smooth,0.14597832610789632,0.18678721207791485,-0.04080888597001853,-0.08037601959656408,-0.007141872460205501,0.7815220564832037,0.5638840281045072,0.9621668643968114,lower_candidate_error,"Post hoc; pointwise 95% paired bootstrap, no multiplicity adjustment or confirmatory decision."
selector_g64,64,fitzhugh_nagumo,correct,ood,96,looped,smooth,looped,none,0.14597832610789632,0.13678372657473284,0.009194599533163483,0.0019049168379816662,0.01694431052592335,1.0672199812317582,1.0110935896752722,1.1701368360564561,higher_candidate_error,"Post hoc; pointwise 95% paired bootstrap, no multiplicity adjustment or confirmatory decision."
selector_g64,64,fitzhugh_nagumo,correct,test,64,looped,smooth,mechanistic,,0.01566752261026033,3.6728313592948177e-11,0.015667522573532017,0.010424413222776856,0.022543748022889026,426578872.7437922,284898369.7035981,617208415.0287707,higher_candidate_error,"Post hoc; pointwise 95% paired bootstrap, no multiplicity adjustment or confirmatory decision."
selector_g64,64,fitzhugh_nagumo,correct,test,64,looped,smooth,transformer,smooth,0.01566752261026033,0.01048360825575966,0.005183914354500671,0.0009070708398897634,0.010710296052238258,1.4944780678591882,1.0884955829098504,1.9769549797504482,higher_candidate_error,"Post hoc; pointwise 95% paired bootstrap, no multiplicity adjustment or confirmatory decision."
selector_g64,64,fitzhugh_nagumo,correct,test,64,looped,smooth,looped,none,0.01566752261026033,0.018997376289588586,-0.003329853679328254,-0.005804835266316668,-0.001214732072709597,0.8247203388210422,0.7497190573825591,0.9086484597431435,lower_candidate_error,"Post hoc; pointwise 95% paired bootstrap, no multiplicity adjustment or confirmatory decision."
selector_g64,64,fitzhugh_nagumo,correct,test,96,looped,smooth,mechanistic,,0.012799226233462796,3.9303792654183866e-11,0.012799226194159003,0.00845341508644761,0.018559615028054602,325648630.04640156,219306566.5012509,466134436.2521845,higher_candidate_error,"Post hoc; pointwise 95% paired bootstrap, no multiplicity adjustment or confirmatory decision."
selector_g64,64,fitzhugh_nagumo,correct,test,96,looped,smooth,transformer,smooth,0.012799226233462796,0.008485123012906647,0.004314103220556149,0.0006654699119854584,0.009004342508022036,1.5084314292195888,1.0774000256890475,2.0333991766055965,higher_candidate_error,"Post hoc; pointwise 95% paired bootstrap, no multiplicity adjustment or confirmatory decision."
selector_g64,64,fitzhugh_nagumo,correct,test,96,looped,smooth,looped,none,0.012799226233462796,0.015561840102015978,-0.0027626138685531813,-0.004758683376005585,-0.0010946831033457364,0.8224751153820624,0.7439920645630729,0.9044745788443789,lower_candidate_error,"Post hoc; pointwise 95% paired bootstrap, no multiplicity adjustment or confirmatory decision."
selector_g64,64,fitzhugh_nagumo,correct,ood,64,transformer,iid,mechanistic,,0.31615184550222847,4.136085975322065e-11,0.3161518454608676,0.26459938868639965,0.3747257115802067,7643744530.180146,6683841567.684449,8692794977.33624,higher_candidate_error,"Post hoc; pointwise 95% paired bootstrap, no multiplicity adjustment or confirmatory decision."
selector_g64,64,fitzhugh_nagumo,correct,ood,96,transformer,iid,mechanistic,,0.2499275621061909,3.2082528927591556e-11,0.24992756207410838,0.21348871634549055,0.2873438352131273,7790145305.2614155,6932860113.268437,8688419466.747458,higher_candidate_error,"Post hoc; pointwise 95% paired bootstrap, no multiplicity adjustment or confirmatory decision."
selector_g64,64,fitzhugh_nagumo,correct,test,64,transformer,iid,mechanistic,,0.00790888569782422,3.6728313592948177e-11,0.007908885661095906,0.00604736320699224,0.01014213317057907,215334844.54191557,164564401.7327363,275511836.1780285,higher_candidate_error,"Post hoc; pointwise 95% paired bootstrap, no multiplicity adjustment or confirmatory decision."
selector_g64,64,fitzhugh_nagumo,correct,test,96,transformer,iid,mechanistic,,0.006295798064994103,3.9303792654183866e-11,0.00629579802569031,0.0047728969649343455,0.008114217255032377,160182965.55724168,123955116.113395,201807743.3901913,higher_candidate_error,"Post hoc; pointwise 95% paired bootstrap, no multiplicity adjustment or confirmatory decision."
selector_g64,64,fitzhugh_nagumo,correct,ood,64,transformer,none,mechanistic,,0.20867860391615048,4.136085975322065e-11,0.20867860387478962,0.17435736481636785,0.24693729585265922,5045315913.673707,4371026880.736154,5825462323.754205,higher_candidate_error,"Post hoc; pointwise 95% paired bootstrap, no multiplicity adjustment or confirmatory decision."
selector_g64,64,fitzhugh_nagumo,correct,ood,96,transformer,none,mechanistic,,0.18401919751321494,3.2082528927591556e-11,0.1840191974811324,0.1464185751156397,0.22492627839846077,5735807109.487404,4687304785.70717,7017913287.234691,higher_candidate_error,"Post hoc; pointwise 95% paired bootstrap, no multiplicity adjustment or confirmatory decision."
selector_g64,64,fitzhugh_nagumo,correct,test,64,transformer,none,mechanistic,,0.012317133254565562,3.6728313592948177e-11,0.01231713321783725,0.009091753541079751,0.01603696221773838,335357985.42436886,248899351.4877893,440250634.9165017,higher_candidate_error,"Post hoc; pointwise 95% paired bootstrap, no multiplicity adjustment or confirmatory decision."
selector_g64,64,fitzhugh_nagumo,correct,test,96,transformer,none,mechanistic,,0.009912095946257804,3.9303792654183866e-11,0.009912095906954011,0.0072720747559727825,0.013039629881011965,252191844.01540616,188559284.22592387,325384775.00512797,higher_candidate_error,"Post hoc; pointwise 95% paired bootstrap, no multiplicity adjustment or confirmatory decision."
selector_g64,64,fitzhugh_nagumo,correct,ood,64,transformer,response_matched,mechanistic,,0.3473341647621548,4.136085975322065e-11,0.3473341647207939,0.2893570229463777,0.4126640858937182,8397653405.526922,7316482393.702988,9572542572.21748,higher_candidate_error,"Post hoc; pointwise 95% paired bootstrap, no multiplicity adjustment or confirmatory decision."
selector_g64,64,fitzhugh_nagumo,correct,ood,96,transformer,response_matched,mechanistic,,0.26963270039662907,3.2082528927591556e-11,0.26963270036454656,0.22888213168355367,0.3122196437721635,8404346833.29281,7430049755.860817,9431425514.00135,higher_candidate_error,"Post hoc; pointwise 95% paired bootstrap, no multiplicity adjustment or confirmatory decision."
selector_g64,64,fitzhugh_nagumo,correct,test,64,transformer,response_matched,mechanistic,,0.007503452545307284,3.6728313592948177e-11,0.00750345250857897,0.005818216696490895,0.00946805976518842,204296135.903935,157832553.11798063,258940679.57869434,higher_candidate_error,"Post hoc; pointwise 95% paired bootstrap, no multiplicity adjustment or confirmatory decision."
selector_g64,64,fitzhugh_nagumo,correct,test,96,transformer,response_matched,mechanistic,,0.0062363908880797994,3.9303792654183866e-11,0.006236390848776007,0.004719846966789327,0.008278477031631527,158671478.4232391,123686588.97684613,205822019.80210572,higher_candidate_error,"Post hoc; pointwise 95% paired bootstrap, no multiplicity adjustment or confirmatory decision."
selector_g64,64,fitzhugh_nagumo,correct,ood,64,transformer,smooth,mechanistic,,0.21173168409158608,4.136085975322065e-11,0.21173168405022522,0.1777563651175506,0.24985837310759781,5119131598.203762,4450875087.274525,5869908252.512742,higher_candidate_error,"Post hoc; pointwise 95% paired bootstrap, no multiplicity adjustment or confirmatory decision."
selector_g64,64,fitzhugh_nagumo,correct,ood,64,transformer,smooth,transformer,none,0.21173168409158608,0.20867860391615048,0.0030530801754355963,-0.008148866014231657,0.012735345905988744,1.0146305376696039,0.9626736089877399,1.0623990420947742,interval_includes_zero,"Post hoc; pointwise 95% paired bootstrap, no multiplicity adjustment or confirmatory decision."
selector_g64,64,fitzhugh_nagumo,correct,ood,96,transformer,smooth,mechanistic,,0.18678721207791485,3.2082528927591556e-11,0.18678721204583232,0.15163600622428006,0.22191269369958927,5822085051.321327,4844130315.3857155,6933626585.544278,higher_candidate_error,"Post hoc; pointwise 95% paired bootstrap, no multiplicity adjustment or confirmatory decision."
selector_g64,64,fitzhugh_nagumo,correct,ood,96,transformer,smooth,transformer,none,0.18678721207791485,0.18401919751321494,0.002768014564699911,-0.013933692866931392,0.016131702203546153,1.015041988021392,0.933211438325293,1.0885184848580969,interval_includes_zero,"Post hoc; pointwise 95% paired bootstrap, no multiplicity adjustment or confirmatory decision."
selector_g64,64,fitzhugh_nagumo,correct,test,64,transformer,smooth,mechanistic,,0.01048360825575966,3.6728313592948177e-11,0.010483608219031347,0.008234902135986927,0.01307154394154109,285436689.8504294,223944069.5230105,358377921.2029818,higher_candidate_error,"Post hoc; pointwise 95% paired bootstrap, no multiplicity adjustment or confirmatory decision."
selector_g64,64,fitzhugh_nagumo,correct,test,64,transformer,smooth,transformer,none,0.01048360825575966,0.012317133254565562,-0.0018335249988059021,-0.0038480281604675384,4.542292274892008e-05,0.8511402807040125,0.7354775247886475,1.004386551009798,interval_includes_zero,"Post hoc; pointwise 95% paired bootstrap, no multiplicity adjustment or confirmatory decision."
selector_g64,64,fitzhugh_nagumo,correct,test,96,transformer,smooth,mechanistic,,0.008485123012906647,3.9303792654183866e-11,0.008485122973602854,0.0065982810758347145,0.010722611753640024,215885603.90503207,171237002.73731962,266233302.93664962,higher_candidate_error,"Post hoc; pointwise 95% paired bootstrap, no multiplicity adjustment or confirmatory decision."
selector_g64,64,fitzhugh_nagumo,correct,test,96,transformer,smooth,transformer,none,0.008485123012906647,0.009912095946257804,-0.001426972933351157,-0.0033354770310974383,0.0003928738812934135,0.85603721542971,0.7198751576388865,1.0482811956213607,interval_includes_zero,"Post hoc; pointwise 95% paired bootstrap, no multiplicity adjustment or confirmatory decision."
selector_g64,64,fitzhugh_nagumo,structural,ood,64,fno,iid,mechanistic,,173.47385879588558,2.61533095004755,170.858527845838,-2.6632796160898433,617.5489587135302,66.32960115152218,0.008385324122663726,244.63147484744775,interval_includes_zero,"Post hoc; pointwise 95% paired bootstrap, no multiplicity adjustment or confirmatory decision."
selector_g64,64,fitzhugh_nagumo,structural,ood,64,fno,iid,transformer,iid,173.47385879588558,0.18298553625029848,173.29087325963528,-0.1938629162902765,619.8469452480421,948.019512091916,0.10459360086680337,4026.686590338,interval_includes_zero,"Post hoc; pointwise 95% paired bootstrap, no multiplicity adjustment or confirmatory decision."
selector_g64,64,fitzhugh_nagumo,structural,ood,96,fno,iid,mechanistic,,28501.92271573775,4.212883355218301,28497.70983238253,-4.2640950059250535,73382.59993487582,6765.419384430323,0.011893269510528348,17922.334009504328,interval_includes_zero,"Post hoc; pointwise 95% paired bootstrap, no multiplicity adjustment or confirmatory decision."
selector_g64,64,fitzhugh_nagumo,structural,ood,96,fno,iid,transformer,iid,28501.92271573775,0.16010260339382001,28501.762613134357,-0.13646598123438097,73386.60503645119,178022.85604081518,0.2647280277823387,538120.7779783203,interval_includes_zero,"Post hoc; pointwise 95% paired bootstrap, no multiplicity adjustment or confirmatory decision."
selector_g64,64,fitzhugh_nagumo,structural,test,64,fno,iid,mechanistic,,0.08493136652293574,1.6198745177830176,-1.534943151260082,-1.6865324656576892,-1.3539588883876381,0.05243083065420028,0.013037143252645282,0.13150849752544533,lower_candidate_error,"Post hoc; pointwise 95% paired bootstrap, no multiplicity adjustment or confirmatory decision."
selector_g64,64,fitzhugh_nagumo,structural,test,64,fno,iid,transformer,iid,0.08493136652293574,0.0411989303247093,0.04373243619822644,-0.048724471536458834,0.17754872984617626,2.0614944575878384,0.35344830813125966,7.79772745113494,interval_includes_zero,"Post hoc; pointwise 95% paired bootstrap, no multiplicity adjustment or confirmatory decision."
selector_g64,64,fitzhugh_nagumo,structural,test,96,fno,iid,mechanistic,,1492.0304748502313,3.1023666565697376,1488.9281081936615,-2.7334000646516463,4408.782774652697,480.93299084768967,0.1344733155088262,1463.8261435875042,interval_includes_zero,"Post hoc; pointwise 95% paired bootstrap, no multiplicity adjustment or confirmatory decision."
selector_g64,64,fitzhugh_nagumo,structural,test,96,fno,iid,transformer,iid,1492.0304748502313,0.05094105667979911,1491.9795337935514,0.3462904925730859,4411.737367866008,29289.35071427174,7.771479774698697,206211.0479532169,higher_candidate_error,"Post hoc; pointwise 95% paired bootstrap, no multiplicity adjustment or confirmatory decision."
selector_g64,64,fitzhugh_nagumo,structural,ood,64,fno,none,mechanistic,,0.007766451672739029,2.61533095004755,-2.607564498374811,-2.849483730449141,-2.363335178659068,0.0029695865728189487,0.0016201964351531173,0.0046040402360382785,lower_candidate_error,"Post hoc; pointwise 95% paired bootstrap, no multiplicity adjustment or confirmatory decision."
selector_g64,64,fitzhugh_nagumo,structural,ood,64,fno,none,transformer,none,0.007766451672739029,0.20867860391615048,-0.20091215224341144,-0.2405767550741885,-0.1661919678950315,0.03721728786272541,0.018552579857226324,0.061657992647850886,lower_candidate_error,"Post hoc; pointwise 95% paired bootstrap, no multiplicity adjustment or confirmatory decision."
selector_g64,64,fitzhugh_nagumo,structural,ood,96,fno,none,mechanistic,,0.005982852912417483,4.212883355218301,-4.206900502305883,-4.605743442047881,-3.792792998774331,0.0014201325809333894,0.0008341644565302137,0.002127268119335616,lower_candidate_error,"Post hoc; pointwise 95% paired bootstrap, no multiplicity adjustment or confirmatory decision."
selector_g64,64,fitzhugh_nagumo,structural,ood,96,fno,none,transformer,none,0.005982852912417483,0.18401919751321494,-0.17803634460079745,-0.21958416063006758,-0.14102486390101795,0.032512112829901005,0.017874012568562893,0.050642611100250784,lower_candidate_error,"Post hoc; pointwise 95% paired bootstrap, no multiplicity adjustment or confirmatory decision."
selector_g64,64,fitzhugh_nagumo,structural,test,64,fno,none,mechanistic,,0.0005038357312551391,1.6198745177830176,-1.6193706820517624,-1.7393321490149871,-1.5056508601283192,0.000311033802756954,0.000205967664280133,0.00044015323720697817,lower_candidate_error,"Post hoc; pointwise 95% paired bootstrap, no multiplicity adjustment or confirmatory decision."
selector_g64,64,fitzhugh_nagumo,structural,test,64,fno,none,transformer,none,0.0005038357312551391,0.012317133254565562,-0.011813297523310423,-0.015461027112196019,-0.008653108070424556,0.04090527567105629,0.02785160546407381,0.056066692360102095,lower_candidate_error,"Post hoc; pointwise 95% paired bootstrap, no multiplicity adjustment or confirmatory decision."
selector_g64,64,fitzhugh_nagumo,structural,test,96,fno,none,mechanistic,,0.0004165076561902549,3.1023666565697376,-3.1019501489135473,-3.315013906001339,-2.890682415684694,0.00013425481327561202,8.957087259302484e-05,0.0001865964273885588,lower_candidate_error,"Post hoc; pointwise 95% paired bootstrap, no multiplicity adjustment or confirmatory decision."
selector_g64,64,fitzhugh_nagumo,structural,test,96,fno,none,transformer,none,0.0004165076561902549,0.009912095946257804,-0.009495588290067549,-0.012528799955825945,-0.0069455399144024935,0.042020139680700175,0.029016192141899745,0.0569992121420843,lower_candidate_error,"Post hoc; pointwise 95% paired bootstrap, no multiplicity adjustment or confirmatory decision."
selector_g64,64,fitzhugh_nagumo,structural,ood,64,fno,response_matched,mechanistic,,4.89025891466948,2.61533095004755,2.27492796462193,-2.7829539592935735,15.875734921648608,1.8698432466378945,0.004034944525029436,7.262284499471779,interval_includes_zero,"Post hoc; pointwise 95% paired bootstrap, no multiplicity adjustment or confirmatory decision."
selector_g64,64,fitzhugh_nagumo,structural,ood,64,fno,response_matched,transformer,response_matched,4.89025891466948,0.21014186830801349,4.680117046361467,-0.2535858291573552,18.15393193707813,23.271226024799724,0.04512290543071129,105.94719968431787,interval_includes_zero,"Post hoc; pointwise 95% paired bootstrap, no multiplicity adjustment or confirmatory decision."
selector_g64,64,fitzhugh_nagumo,structural,ood,96,fno,response_matched,mechanistic,,4995.491752725736,4.212883355218301,4991.278869370518,-4.456932937618925,16917.5224627536,1185.7655034616741,0.00696468100113501,4103.080164140638,interval_includes_zero,"Post hoc; pointwise 95% paired bootstrap, no multiplicity adjustment or confirmatory decision."
selector_g64,64,fitzhugh_nagumo,structural,ood,96,fno,response_matched,transformer,response_matched,4995.491752725736,0.17612466803033813,4995.315628057705,-0.17829214094545445,16921.56080513207,28363.38491701369,0.14864259922275896,115544.34528526405,interval_includes_zero,"Post hoc; pointwise 95% paired bootstrap, no multiplicity adjustment or confirmatory decision."
selector_g64,64,fitzhugh_nagumo,structural,test,64,fno,response_matched,mechanistic,,0.03611639202855708,1.6198745177830176,-1.5837581257544606,-1.70729216820269,-1.4653390271875784,0.022295796144744882,0.013657773577203311,0.03606949547307873,lower_candidate_error,"Post hoc; pointwise 95% paired bootstrap, no multiplicity adjustment or confirmatory decision."
selector_g64,64,fitzhugh_nagumo,structural,test,64,fno,response_matched,transformer,response_matched,0.03611639202855708,0.021981412833378327,0.01413497919517875,-0.0029661856553813227,0.03766551541237478,1.643042342288166,0.888013319273848,3.0902760281758113,interval_includes_zero,"Post hoc; pointwise 95% paired bootstrap, no multiplicity adjustment or confirmatory decision."
selector_g64,64,fitzhugh_nagumo,structural,test,96,fno,response_matched,mechanistic,,26.23510845296799,3.1023666565697376,23.13274179639825,-3.1248116744903474,111.16797036028379,8.45648221412228,0.023651547451469995,37.62696248357258,interval_includes_zero,"Post hoc; pointwise 95% paired bootstrap, no multiplicity adjustment or confirmatory decision."
selector_g64,64,fitzhugh_nagumo,structural,test,96,fno,response_matched,transformer,response_matched,26.23510845296799,0.018294474517640866,26.216813978450347,0.05604918309594948,114.52011370422845,1434.0454779212262,4.083660986880549,6206.785642911104,higher_candidate_error,"Post hoc; pointwise 95% paired bootstrap, no multiplicity adjustment or confirmatory decision."
selector_g64,64,fitzhugh_nagumo,structural,ood,64,fno,smooth,mechanistic,,0.02140288142165178,2.61533095004755,-2.5939280686258983,-2.835445458132112,-2.349998947324915,0.008183622581785548,0.004399751441200172,0.013371478911889024,lower_candidate_error,"Post hoc; pointwise 95% paired bootstrap, no multiplicity adjustment or confirmatory decision."
selector_g64,64,fitzhugh_nagumo,structural,ood,64,fno,smooth,transformer,smooth,0.02140288142165178,0.18823855040439183,-0.16683566898274005,-0.2274022533789934,-0.1162710341300957,0.11370084063903005,0.05028792224494375,0.2201387998803612,lower_candidate_error,"Post hoc; pointwise 95% paired bootstrap, no multiplicity adjustment or confirmatory decision."
selector_g64,64,fitzhugh_nagumo,structural,ood,64,fno,smooth,fno,none,0.02140288142165178,0.007766451672739029,0.013636429748912753,0.006503270903921029,0.024855076750720254,2.7558120907103425,1.8860659851138704,4.098174837460348,higher_candidate_error,"Post hoc; pointwise 95% paired bootstrap, no multiplicity adjustment or confirmatory decision."
selector_g64,64,fitzhugh_nagumo,structural,ood,96,fno,smooth,mechanistic,,0.019676111553013305,4.212883355218301,-4.193207243665287,-4.590367319210024,-3.7791843074445657,0.004670461983867042,0.0029944303101264147,0.00688364133596485,lower_candidate_error,"Post hoc; pointwise 95% paired bootstrap, no multiplicity adjustment or confirmatory decision."
selector_g64,64,fitzhugh_nagumo,structural,ood,96,fno,smooth,transformer,smooth,0.019676111553013305,0.20442661948671179,-0.1847505079336985,-0.25656597086304184,-0.12259543434341005,0.09625024178562175,0.050495132385144505,0.17607225739745266,lower_candidate_error,"Post hoc; pointwise 95% paired bootstrap, no multiplicity adjustment or confirmatory decision."
selector_g64,64,fitzhugh_nagumo,structural,ood,96,fno,smooth,fno,none,0.019676111553013305,0.005982852912417483,0.013693258640595823,0.008312144019439461,0.02172248292336444,3.288750674811894,2.274984057512857,4.764615052653095,higher_candidate_error,"Post hoc; pointwise 95% paired bootstrap, no multiplicity adjustment or confirmatory decision."
selector_g64,64,fitzhugh_nagumo,structural,test,64,fno,smooth,mechanistic,,0.01407154042305031,1.6198745177830176,-1.6058029773599674,-1.725139875195132,-1.4923073814032635,0.008686808927835233,0.005908900058371127,0.011710759380185223,lower_candidate_error,"Post hoc; pointwise 95% paired bootstrap, no multiplicity adjustment or confirmatory decision."
selector_g64,64,fitzhugh_nagumo,structural,test,64,fno,smooth,transformer,smooth,0.01407154042305031,0.08927993866326238,-0.07520839824021207,-0.12236523667239128,-0.04168484956642636,0.15761144814541164,0.08948355220857737,0.28188884556322064,lower_candidate_error,"Post hoc; pointwise 95% paired bootstrap, no multiplicity adjustment or confirmatory decision."
selector_g64,64,fitzhugh_nagumo,structural,test,64,fno,smooth,fno,none,0.01407154042305031,0.0005038357312551391,0.013567704691795171,0.009055361546544178,0.01831723459142396,27.928825905212694,20.212252608510173,39.74744218917097,higher_candidate_error,"Post hoc; pointwise 95% paired bootstrap, no multiplicity adjustment or confirmatory decision."
selector_g64,64,fitzhugh_nagumo,structural,test,96,fno,smooth,mechanistic,,0.013078465845236247,3.1023666565697376,-3.0892881907245013,-3.3010075064836935,-2.8798539716133824,0.00421564157077971,0.0028702478098242682,0.005701827380884336,lower_candidate_error,"Post hoc; pointwise 95% paired bootstrap, no multiplicity adjustment or confirmatory decision."
selector_g64,64,fitzhugh_nagumo,structural,test,96,fno,smooth,transformer,smooth,0.013078465845236247,0.11193857842594586,-0.09886011258070962,-0.195785910120285,-0.04560414570775584,0.1168360901946637,0.05549331380926249,0.2493241422520277,lower_candidate_error,"Post hoc; pointwise 95% paired bootstrap, no multiplicity adjustment or confirmatory decision."
selector_g64,64,fitzhugh_nagumo,structural,test,96,fno,smooth,fno,none,0.013078465845236247,0.0004165076561902549,0.012661958189045992,0.008442334278538284,0.017363832392515058,31.400301173004575,22.29062219705157,45.50837774579842,higher_candidate_error,"Post hoc; pointwise 95% paired bootstrap, no multiplicity adjustment or confirmatory decision."
selector_g64,64,fitzhugh_nagumo,structural,ood,64,looped,iid,mechanistic,,0.2018861335461318,2.61533095004755,-2.413444816501418,-2.6725480398964803,-2.155442103269032,0.0771933408819489,0.046393412839625676,0.1269997256458209,lower_candidate_error,"Post hoc; pointwise 95% paired bootstrap, no multiplicity adjustment or confirmatory decision."
selector_g64,64,fitzhugh_nagumo,structural,ood,64,looped,iid,transformer,iid,0.2018861335461318,0.18298553625029848,0.01890059729583332,-0.03994028588945821,0.09758841171914756,1.1032901161651376,0.7651337184064898,1.4255232150229455,interval_includes_zero,"Post hoc; pointwise 95% paired bootstrap, no multiplicity adjustment or confirmatory decision."
selector_g64,64,fitzhugh_nagumo,structural,ood,96,looped,iid,mechanistic,,0.17399853718547612,4.212883355218301,-4.038884818032825,-4.435163787783826,-3.631099817503437,0.04130153211338081,0.02441598911749209,0.0691606028888641,lower_candidate_error,"Post hoc; pointwise 95% paired bootstrap, no multiplicity adjustment or confirmatory decision."
selector_g64,64,fitzhugh_nagumo,structural,ood,96,looped,iid,transformer,iid,0.17399853718547612,0.16010260339382001,0.013895933791656101,-0.03818029945139617,0.08893110292951512,1.086793927750662,0.7443740428655569,1.454811518632875,interval_includes_zero,"Post hoc; pointwise 95% paired bootstrap, no multiplicity adjustment or confirmatory decision."
selector_g64,64,fitzhugh_nagumo,structural,test,64,looped,iid,mechanistic,,0.07449717268356038,1.6198745177830176,-1.5453773450994572,-1.663666883463732,-1.4342219433961336,0.04598947132369131,0.03491155895491549,0.05945388987505775,lower_candidate_error,"Post hoc; pointwise 95% paired bootstrap, no multiplicity adjustment or confirmatory decision."
selector_g64,64,fitzhugh_nagumo,structural,test,64,looped,iid,transformer,iid,0.07449717268356038,0.0411989303247093,0.03329824235885107,-0.021008448451915223,0.06937350803614153,1.8082307500804276,0.7520898708114426,4.044961838880976,interval_includes_zero,"Post hoc; pointwise 95% paired bootstrap, no multiplicity adjustment or confirmatory decision."
selector_g64,64,fitzhugh_nagumo,structural,test,96,looped,iid,mechanistic,,0.07113970872646025,3.1023666565697376,-3.0312269478432774,-3.238681646123416,-2.82811917475398,0.02293078691256915,0.016861704718036653,0.030463674571751774,lower_candidate_error,"Post hoc; pointwise 95% paired bootstrap, no multiplicity adjustment or confirmatory decision."
selector_g64,64,fitzhugh_nagumo,structural,test,96,looped,iid,transformer,iid,0.07113970872646025,0.05094105667979911,0.020198652046661138,-0.06990349566143093,0.0724821314069298,1.3965102682031918,0.4696517224676251,4.844329077183585,interval_includes_zero,"Post hoc; pointwise 95% paired bootstrap, no multiplicity adjustment or confirmatory decision."
selector_g64,64,fitzhugh_nagumo,structural,ood,64,looped,none,mechanistic,,0.1579916722288607,2.61533095004755,-2.4573392778186895,-2.6963759194343884,-2.2202690996153205,0.06040982011320144,0.04048884290597428,0.08419756273715466,lower_candidate_error,"Post hoc; pointwise 95% paired bootstrap, no multiplicity adjustment or confirmatory decision."
selector_g64,64,fitzhugh_nagumo,structural,ood,64,looped,none,transformer,none,0.1579916722288607,0.20867860391615048,-0.05068693168728977,-0.11219647788974646,-0.0008836458266197883,0.7571052770333063,0.49425262515446394,0.9957081989444471,lower_candidate_error,"Post hoc; pointwise 95% paired bootstrap, no multiplicity adjustment or confirmatory decision."
selector_g64,64,fitzhugh_nagumo,structural,ood,96,looped,none,mechanistic,,0.13678372657473284,4.212883355218301,-4.076099628643568,-4.468532558876178,-3.675031952047736,0.03246795959952351,0.020480607510330782,0.04611614470368592,lower_candidate_error,"Post hoc; pointwise 95% paired bootstrap, no multiplicity adjustment or confirmatory decision."
selector_g64,64,fitzhugh_nagumo,structural,ood,96,looped,none,transformer,none,0.13678372657473284,0.18401919751321494,-0.0472354709384821,-0.08275950460296817,-0.022511060325267344,0.743312265367911,0.5301927608303512,0.8907516810736857,lower_candidate_error,"Post hoc; pointwise 95% paired bootstrap, no multiplicity adjustment or confirmatory decision."
selector_g64,64,fitzhugh_nagumo,structural,test,64,looped,none,mechanistic,,0.018997376289588586,1.6198745177830176,-1.600877141493429,-1.7205516508527243,-1.487129483715286,0.011727683892199659,0.0074751556114001855,0.017118049624888755,lower_candidate_error,"Post hoc; pointwise 95% paired bootstrap, no multiplicity adjustment or confirmatory decision."
selector_g64,64,fitzhugh_nagumo,structural,test,64,looped,none,transformer,none,0.018997376289588586,0.012317133254565562,0.006680243035023023,0.0009547808907957574,0.012916504856027036,1.5423537195675685,1.081678532446791,1.996356271743145,higher_candidate_error,"Post hoc; pointwise 95% paired bootstrap, no multiplicity adjustment or confirmatory decision."
selector_g64,64,fitzhugh_nagumo,structural,test,96,looped,none,mechanistic,,0.015561840102015978,3.1023666565697376,-3.0868048164677218,-3.29703496449764,-2.877373340307601,0.0050161189261950685,0.003252099087850645,0.0072520082199115515,lower_candidate_error,"Post hoc; pointwise 95% paired bootstrap, no multiplicity adjustment or confirmatory decision."
selector_g64,64,fitzhugh_nagumo,structural,test,96,looped,none,transformer,none,0.015561840102015978,0.009912095946257804,0.005649744155758174,0.0009352439765692775,0.010775778498838021,1.569984813140471,1.092234691674557,2.044793397657368,higher_candidate_error,"Post hoc; pointwise 95% paired bootstrap, no multiplicity adjustment or confirmatory decision."
selector_g64,64,fitzhugh_nagumo,structural,ood,64,looped,response_matched,mechanistic,,0.18846859251929496,2.61533095004755,-2.4268623575282553,-2.680260394503075,-2.174599762618427,0.07206299933699341,0.037851615690567365,0.11712045210590166,lower_candidate_error,"Post hoc; pointwise 95% paired bootstrap, no multiplicity adjustment or confirmatory decision."
selector_g64,64,fitzhugh_nagumo,structural,ood,64,looped,response_matched,transformer,response_matched,0.18846859251929496,0.21014186830801349,-0.021673275788718527,-0.08054693710136937,0.0607127872598105,0.8968635999897406,0.5825177173872184,1.2667211445516064,interval_includes_zero,"Post hoc; pointwise 95% paired bootstrap, no multiplicity adjustment or confirmatory decision."
selector_g64,64,fitzhugh_nagumo,structural,ood,96,looped,response_matched,mechanistic,,0.1642124920213443,4.212883355218301,-4.048670863196956,-4.444614398810798,-3.642188337855404,0.03897864673085288,0.022524657452166474,0.0624424079105194,lower_candidate_error,"Post hoc; pointwise 95% paired bootstrap, no multiplicity adjustment or confirmatory decision."
selector_g64,64,fitzhugh_nagumo,structural,ood,96,looped,response_matched,transformer,response_matched,0.1642124920213443,0.17612466803033813,-0.01191217600899383,-0.07219115487482068,0.07508928574743302,0.9323650903521253,0.6052037153382207,1.43663263902715,interval_includes_zero,"Post hoc; pointwise 95% paired bootstrap, no multiplicity adjustment or confirmatory decision."
selector_g64,64,fitzhugh_nagumo,structural,test,64,looped,response_matched,mechanistic,,0.06358633345003002,1.6198745177830176,-1.5562881843329877,-1.6762187522531105,-1.4429946008706445,0.03925386364929991,0.022869321971603462,0.06515061949157681,lower_candidate_error,"Post hoc; pointwise 95% paired bootstrap, no multiplicity adjustment or confirmatory decision."
selector_g64,64,fitzhugh_nagumo,structural,test,64,looped,response_matched,transformer,response_matched,0.06358633345003002,0.021981412833378327,0.04160492061665169,0.015098953221898982,0.08264287975124061,2.8927318699676787,1.6461930627405745,4.761478432042781,higher_candidate_error,"Post hoc; pointwise 95% paired bootstrap, no multiplicity adjustment or confirmatory decision."
selector_g64,64,fitzhugh_nagumo,structural,test,96,looped,response_matched,mechanistic,,0.061216631972862035,3.1023666565697376,-3.0411500245968757,-3.250497320363671,-2.834309733304055,0.019732236305217636,0.010390487108941306,0.03536208588253745,lower_candidate_error,"Post hoc; pointwise 95% paired bootstrap, no multiplicity adjustment or confirmatory decision."
selector_g64,64,fitzhugh_nagumo,structural,test,96,looped,response_matched,transformer,response_matched,0.061216631972862035,0.018294474517640866,0.04292215745522117,0.013617509816470372,0.09001715977275185,3.346181488505313,1.7052702640640798,5.811642423658127,higher_candidate_error,"Post hoc; pointwise 95% paired bootstrap, no multiplicity adjustment or confirmatory decision."
selector_g64,64,fitzhugh_nagumo,structural,ood,64,looped,smooth,mechanistic,,0.14185908755365695,2.61533095004755,-2.473471862493893,-2.7251154818069514,-2.224109908769158,0.05424135234245508,0.03055519184443066,0.09158174751556297,lower_candidate_error,"Post hoc; pointwise 95% paired bootstrap, no multiplicity adjustment or confirmatory decision."
selector_g64,64,fitzhugh_nagumo,structural,ood,64,looped,smooth,transformer,smooth,0.14185908755365695,0.18823855040439183,-0.04637946285073488,-0.09895061173036962,0.009574023346192152,0.7536133658536036,0.4659578043771868,1.0412854174188597,interval_includes_zero,"Post hoc; pointwise 95% paired bootstrap, no multiplicity adjustment or confirmatory decision."
selector_g64,64,fitzhugh_nagumo,structural,ood,64,looped,smooth,looped,none,0.14185908755365695,0.1579916722288607,-0.01613258467520376,-0.05412639258474975,0.030368358859211048,0.8978896517290182,0.6200450502746295,1.1587564758288844,interval_includes_zero,"Post hoc; pointwise 95% paired bootstrap, no multiplicity adjustment or confirmatory decision."
selector_g64,64,fitzhugh_nagumo,structural,ood,96,looped,smooth,mechanistic,,0.1452195070667774,4.212883355218301,-4.067663848151524,-4.468103728642105,-3.658886989384363,0.03447033654205042,0.017821986851425504,0.06060791561709741,lower_candidate_error,"Post hoc; pointwise 95% paired bootstrap, no multiplicity adjustment or confirmatory decision."
selector_g64,64,fitzhugh_nagumo,structural,ood,96,looped,smooth,transformer,smooth,0.1452195070667774,0.20442661948671179,-0.0592071124199344,-0.14597250734548636,0.023529543280290853,0.710374741955839,0.3689054103545459,1.107216132467952,interval_includes_zero,"Post hoc; pointwise 95% paired bootstrap, no multiplicity adjustment or confirmatory decision."
selector_g64,64,fitzhugh_nagumo,structural,ood,96,looped,smooth,looped,none,0.1452195070667774,0.13678372657473284,0.008435780492044548,-0.0323156098492153,0.06890507699092006,1.0616723984883947,0.7449198093511655,1.409195933668145,interval_includes_zero,"Post hoc; pointwise 95% paired bootstrap, no multiplicity adjustment or confirmatory decision."
selector_g64,64,fitzhugh_nagumo,structural,test,64,looped,smooth,mechanistic,,0.08925256516034345,1.6198745177830176,-1.530621952622674,-1.6506528445053579,-1.4191944587286947,0.055098443848907344,0.04020172076179523,0.07157861152430968,lower_candidate_error,"Post hoc; pointwise 95% paired bootstrap, no multiplicity adjustment or confirmatory decision."
selector_g64,64,fitzhugh_nagumo,structural,test,64,looped,smooth,transformer,smooth,0.08925256516034345,0.08927993866326238,-2.737350291892593e-05,-0.045504062950525725,0.03572777582195042,0.9996933969340842,0.6467826658738774,1.5616034558320824,interval_includes_zero,"Post hoc; pointwise 95% paired bootstrap, no multiplicity adjustment or confirmatory decision."
selector_g64,64,fitzhugh_nagumo,structural,test,64,looped,smooth,looped,none,0.08925256516034345,0.018997376289588586,0.07025518887075487,0.049723417876383506,0.09318668075338951,4.698152197430435,3.4892000296630017,6.769623069579518,higher_candidate_error,"Post hoc; pointwise 95% paired bootstrap, no multiplicity adjustment or confirmatory decision."
selector_g64,64,fitzhugh_nagumo,structural,test,96,looped,smooth,mechanistic,,0.08890503024535368,3.1023666565697376,-3.013461626324384,-3.2191194871858206,-2.8117258603465727,0.028657164057988963,0.020352350583527305,0.03814518341852352,lower_candidate_error,"Post hoc; pointwise 95% paired bootstrap, no multiplicity adjustment or confirmatory decision."
selector_g64,64,fitzhugh_nagumo,structural,test,96,looped,smooth,transformer,smooth,0.08890503024535368,0.11193857842594586,-0.02303354818059218,-0.1186353317973628,0.0300556019599099,0.7942304743861808,0.4198864051851929,1.4437000994306992,interval_includes_zero,"Post hoc; pointwise 95% paired bootstrap, no multiplicity adjustment or confirmatory decision."
selector_g64,64,fitzhugh_nagumo,structural,test,96,looped,smooth,looped,none,0.08890503024535368,0.015561840102015978,0.0733431901433377,0.0494833392359092,0.10227546253862639,5.713015277276648,4.118614097946347,8.207050548959613,higher_candidate_error,"Post hoc; pointwise 95% paired bootstrap, no multiplicity adjustment or confirmatory decision."
selector_g64,64,fitzhugh_nagumo,structural,ood,64,transformer,iid,mechanistic,,0.18298553625029848,2.61533095004755,-2.4323454137972518,-2.668737640013009,-2.1984572562958076,0.06996649362749734,0.05326457811156005,0.09265958785789397,lower_candidate_error,"Post hoc; pointwise 95% paired bootstrap, no multiplicity adjustment or confirmatory decision."
selector_g64,64,fitzhugh_nagumo,structural,ood,96,transformer,iid,mechanistic,,0.16010260339382001,4.212883355218301,-4.05278075182448,-4.44670028413071,-3.6545090275016454,0.03800309429301157,0.02928831344163997,0.04930327095603387,lower_candidate_error,"Post hoc; pointwise 95% paired bootstrap, no multiplicity adjustment or confirmatory decision."
selector_g64,64,fitzhugh_nagumo,structural,test,64,transformer,iid,mechanistic,,0.0411989303247093,1.6198745177830176,-1.5786755874583083,-1.6994490908726545,-1.4631741770691382,0.025433408497032673,0.012007686547847583,0.05440792147834794,lower_candidate_error,"Post hoc; pointwise 95% paired bootstrap, no multiplicity adjustment or confirmatory decision."
selector_g64,64,fitzhugh_nagumo,structural,test,96,transformer,iid,mechanistic,,0.05094105667979911,3.1023666565697376,-3.0514255998899387,-3.2729372722348464,-2.83872473897794,0.016420063235247712,0.005044797843202935,0.04305724205520475,lower_candidate_error,"Post hoc; pointwise 95% paired bootstrap, no multiplicity adjustment or confirmatory decision."
selector_g64,64,fitzhugh_nagumo,structural,ood,64,transformer,none,mechanistic,,0.20867860391615048,2.61533095004755,-2.4066523461313998,-2.6381948813996354,-2.175617882302622,0.07979051519745768,0.06765157220697,0.09410330332048088,lower_candidate_error,"Post hoc; pointwise 95% paired bootstrap, no multiplicity adjustment or confirmatory decision."
selector_g64,64,fitzhugh_nagumo,structural,ood,96,transformer,none,mechanistic,,0.18401919751321494,4.212883355218301,-4.028864157705086,-4.4198953575943785,-3.6304171079335275,0.043680107422219276,0.03530961437163222,0.0535446656393417,lower_candidate_error,"Post hoc; pointwise 95% paired bootstrap, no multiplicity adjustment or confirmatory decision."
selector_g64,64,fitzhugh_nagumo,structural,test,64,transformer,none,mechanistic,,0.012317133254565562,1.6198745177830176,-1.607557384528452,-1.7265694182065492,-1.4938623942109224,0.007603757648723902,0.00567252836662909,0.009980272587711102,lower_candidate_error,"Post hoc; pointwise 95% paired bootstrap, no multiplicity adjustment or confirmatory decision."
selector_g64,64,fitzhugh_nagumo,structural,test,96,transformer,none,mechanistic,,0.009912095946257804,3.1023666565697376,-3.0924545606234797,-3.30407065325397,-2.8827019725782277,0.003195011113617863,0.0023765421917193072,0.004177925566533128,lower_candidate_error,"Post hoc; pointwise 95% paired bootstrap, no multiplicity adjustment or confirmatory decision."
selector_g64,64,fitzhugh_nagumo,structural,ood,64,transformer,response_matched,mechanistic,,0.21014186830801349,2.61533095004755,-2.4051890817395365,-2.6401759383504824,-2.171679683903366,0.0803500101217373,0.059961311253468264,0.10370086957758355,lower_candidate_error,"Post hoc; pointwise 95% paired bootstrap, no multiplicity adjustment or confirmatory decision."
selector_g64,64,fitzhugh_nagumo,structural,ood,96,transformer,response_matched,mechanistic,,0.17612466803033813,4.212883355218301,-4.036758687187962,-4.426979805078997,-3.6392400586739257,0.04180620567435858,0.03227385351358422,0.052801362990546066,lower_candidate_error,"Post hoc; pointwise 95% paired bootstrap, no multiplicity adjustment or confirmatory decision."
selector_g64,64,fitzhugh_nagumo,structural,test,64,transformer,response_matched,mechanistic,,0.021981412833378327,1.6198745177830176,-1.5978931049496392,-1.7163066654235903,-1.4844311232601504,0.013569824447551894,0.01000333347510697,0.017686208067013123,lower_candidate_error,"Post hoc; pointwise 95% paired bootstrap, no multiplicity adjustment or confirmatory decision."
selector_g64,64,fitzhugh_nagumo,structural,test,96,transformer,response_matched,mechanistic,,0.018294474517640866,3.1023666565697376,-3.084072182052097,-3.294556376640067,-2.8736133417429808,0.005896941445944021,0.0043662858822290105,0.007705440471253682,lower_candidate_error,"Post hoc; pointwise 95% paired bootstrap, no multiplicity adjustment or confirmatory decision."
selector_g64,64,fitzhugh_nagumo,structural,ood,64,transformer,smooth,mechanistic,,0.18823855040439183,2.61533095004755,-2.427092399643158,-2.6650085733627216,-2.192736724216851,0.07197504025292455,0.056038297492070045,0.09304221953325768,lower_candidate_error,"Post hoc; pointwise 95% paired bootstrap, no multiplicity adjustment or confirmatory decision."
selector_g64,64,fitzhugh_nagumo,structural,ood,64,transformer,smooth,transformer,none,0.18823855040439183,0.20867860391615048,-0.02044005351175865,-0.057819006343913876,0.01841706159190349,0.9020500754357562,0.7348858243291772,1.0891852835387996,interval_includes_zero,"Post hoc; pointwise 95% paired bootstrap, no multiplicity adjustment or confirmatory decision."
selector_g64,64,fitzhugh_nagumo,structural,ood,96,transformer,smooth,mechanistic,,0.20442661948671179,4.212883355218301,-4.008456735731589,-4.404587616147142,-3.6066930814519798,0.04852415845634514,0.034754190608497465,0.06485902187531903,lower_candidate_error,"Post hoc; pointwise 95% paired bootstrap, no multiplicity adjustment or confirmatory decision."
selector_g64,64,fitzhugh_nagumo,structural,ood,96,transformer,smooth,transformer,none,0.20442661948671179,0.18401919751321494,0.020407421973496848,-0.028596572068081166,0.08638041386545169,1.1108983315288685,0.8452190377197262,1.5228785141312713,interval_includes_zero,"Post hoc; pointwise 95% paired bootstrap, no multiplicity adjustment or confirmatory decision."
selector_g64,64,fitzhugh_nagumo,structural,test,64,transformer,smooth,mechanistic,,0.08927993866326238,1.6198745177830176,-1.5305945791197553,-1.6501149055004927,-1.419104679665364,0.05511534238186062,0.03530227435493383,0.0831983885033374,lower_candidate_error,"Post hoc; pointwise 95% paired bootstrap, no multiplicity adjustment or confirmatory decision."
selector_g64,64,fitzhugh_nagumo,structural,test,64,transformer,smooth,transformer,none,0.08927993866326238,0.012317133254565562,0.07696280540869682,0.043973657700994255,0.12384390155386495,7.248434909167618,4.171357403771744,12.252833085131332,higher_candidate_error,"Post hoc; pointwise 95% paired bootstrap, no multiplicity adjustment or confirmatory decision."
selector_g64,64,fitzhugh_nagumo,structural,test,96,transformer,smooth,mechanistic,,0.11193857842594586,3.1023666565697376,-2.990428078143792,-3.204378695179319,-2.7799518333510687,0.03608167274132435,0.019262952320768335,0.06695512050595949,lower_candidate_error,"Post hoc; pointwise 95% paired bootstrap, no multiplicity adjustment or confirmatory decision."
selector_g64,64,fitzhugh_nagumo,structural,test,96,transformer,smooth,transformer,none,0.11193857842594586,0.009912095946257804,0.10202648247968805,0.04894867494156537,0.19732386528230186,11.293129024664754,5.4119831588359855,22.93517311762125,higher_candidate_error,"Post hoc; pointwise 95% paired bootstrap, no multiplicity adjustment or confirmatory decision."
