stage,run_id,kind,arm,family,prior,split,horizon,nonfinite_steps,steps_above_cap,affected_trajectories,raw_mean_nmse
development,advection_diffusion__fno__coefficient__s101__iid,fno,iid,advection_diffusion,coefficient,test,64,0,0,0,0.0007637610117920135
development,advection_diffusion__fno__coefficient__s101__iid,fno,iid,advection_diffusion,coefficient,test,96,0,0,0,0.0010867453185500011
development,advection_diffusion__fno__coefficient__s101__iid,fno,iid,advection_diffusion,coefficient,ood,64,0,0,0,0.028098063425118003
development,advection_diffusion__fno__coefficient__s101__iid,fno,iid,advection_diffusion,coefficient,ood,96,0,0,0,0.047442914025783565
development,advection_diffusion__fno__coefficient__s101__none,fno,none,advection_diffusion,coefficient,test,64,0,0,0,0.0005195895328422712
development,advection_diffusion__fno__coefficient__s101__none,fno,none,advection_diffusion,coefficient,test,96,0,0,0,0.0008772824784554675
development,advection_diffusion__fno__coefficient__s101__none,fno,none,advection_diffusion,coefficient,ood,64,0,0,0,0.009124438275264657
development,advection_diffusion__fno__coefficient__s101__none,fno,none,advection_diffusion,coefficient,ood,96,0,0,0,0.013613826622919914
development,advection_diffusion__fno__coefficient__s101__response_matched,fno,response_matched,advection_diffusion,coefficient,test,64,0,0,0,0.0006103626668265139
development,advection_diffusion__fno__coefficient__s101__response_matched,fno,response_matched,advection_diffusion,coefficient,test,96,0,0,0,0.0008291776342506478
development,advection_diffusion__fno__coefficient__s101__response_matched,fno,response_matched,advection_diffusion,coefficient,ood,64,0,0,0,0.09981267609959144
development,advection_diffusion__fno__coefficient__s101__response_matched,fno,response_matched,advection_diffusion,coefficient,ood,96,0,0,0,0.1941493940950476
development,advection_diffusion__fno__coefficient__s101__smooth,fno,smooth,advection_diffusion,coefficient,test,64,0,0,0,0.002624581142666234
development,advection_diffusion__fno__coefficient__s101__smooth,fno,smooth,advection_diffusion,coefficient,test,96,0,0,0,0.004329983617176
development,advection_diffusion__fno__coefficient__s101__smooth,fno,smooth,advection_diffusion,coefficient,ood,64,0,0,0,0.021068567734658372
development,advection_diffusion__fno__coefficient__s101__smooth,fno,smooth,advection_diffusion,coefficient,ood,96,0,0,0,0.03323714384802619
development,advection_diffusion__fno__coefficient__s202__iid,fno,iid,advection_diffusion,coefficient,test,64,0,0,0,0.0020558719000632747
development,advection_diffusion__fno__coefficient__s202__iid,fno,iid,advection_diffusion,coefficient,test,96,0,0,0,0.002969893884658431
development,advection_diffusion__fno__coefficient__s202__iid,fno,iid,advection_diffusion,coefficient,ood,64,0,0,0,0.04731814105018106
development,advection_diffusion__fno__coefficient__s202__iid,fno,iid,advection_diffusion,coefficient,ood,96,0,0,0,0.0678382417936311
development,advection_diffusion__fno__coefficient__s202__none,fno,none,advection_diffusion,coefficient,test,64,0,0,0,0.0003633582107044073
development,advection_diffusion__fno__coefficient__s202__none,fno,none,advection_diffusion,coefficient,test,96,0,0,0,0.0005048313655607323
development,advection_diffusion__fno__coefficient__s202__none,fno,none,advection_diffusion,coefficient,ood,64,0,0,0,0.05229153659471231
development,advection_diffusion__fno__coefficient__s202__none,fno,none,advection_diffusion,coefficient,ood,96,0,0,0,0.07942956255353564
development,advection_diffusion__fno__coefficient__s202__response_matched,fno,response_matched,advection_diffusion,coefficient,test,64,0,0,0,0.0019493700563330552
development,advection_diffusion__fno__coefficient__s202__response_matched,fno,response_matched,advection_diffusion,coefficient,test,96,0,0,0,0.002657387407271246
development,advection_diffusion__fno__coefficient__s202__response_matched,fno,response_matched,advection_diffusion,coefficient,ood,64,0,0,0,0.01606250797997799
development,advection_diffusion__fno__coefficient__s202__response_matched,fno,response_matched,advection_diffusion,coefficient,ood,96,0,0,0,0.022101737148223867
development,advection_diffusion__fno__coefficient__s202__smooth,fno,smooth,advection_diffusion,coefficient,test,64,0,0,0,0.0018379552624476492
development,advection_diffusion__fno__coefficient__s202__smooth,fno,smooth,advection_diffusion,coefficient,test,96,0,0,0,0.0027370911983048045
development,advection_diffusion__fno__coefficient__s202__smooth,fno,smooth,advection_diffusion,coefficient,ood,64,0,0,0,0.07853216634685145
development,advection_diffusion__fno__coefficient__s202__smooth,fno,smooth,advection_diffusion,coefficient,ood,96,0,0,0,0.11974745911322149
development,advection_diffusion__fno__coefficient__s303__iid,fno,iid,advection_diffusion,coefficient,test,64,0,0,0,0.006600227996502728
development,advection_diffusion__fno__coefficient__s303__iid,fno,iid,advection_diffusion,coefficient,test,96,0,0,0,0.012534818054236101
development,advection_diffusion__fno__coefficient__s303__iid,fno,iid,advection_diffusion,coefficient,ood,64,0,0,0,0.021572911492263813
development,advection_diffusion__fno__coefficient__s303__iid,fno,iid,advection_diffusion,coefficient,ood,96,0,0,0,0.18304491491964822
development,advection_diffusion__fno__coefficient__s303__none,fno,none,advection_diffusion,coefficient,test,64,0,0,0,0.0002873612810928936
development,advection_diffusion__fno__coefficient__s303__none,fno,none,advection_diffusion,coefficient,test,96,0,0,0,0.0003466930100128387
development,advection_diffusion__fno__coefficient__s303__none,fno,none,advection_diffusion,coefficient,ood,64,0,0,0,0.07360327792043697
development,advection_diffusion__fno__coefficient__s303__none,fno,none,advection_diffusion,coefficient,ood,96,0,0,0,0.10178004335584712
development,advection_diffusion__fno__coefficient__s303__response_matched,fno,response_matched,advection_diffusion,coefficient,test,64,0,0,0,0.00627725085822832
development,advection_diffusion__fno__coefficient__s303__response_matched,fno,response_matched,advection_diffusion,coefficient,test,96,0,0,0,0.011656338169735537
development,advection_diffusion__fno__coefficient__s303__response_matched,fno,response_matched,advection_diffusion,coefficient,ood,64,0,0,0,0.06932869622494486
development,advection_diffusion__fno__coefficient__s303__response_matched,fno,response_matched,advection_diffusion,coefficient,ood,96,0,0,0,0.10520453131437199
development,advection_diffusion__fno__coefficient__s303__smooth,fno,smooth,advection_diffusion,coefficient,test,64,0,0,0,0.003396697077440551
development,advection_diffusion__fno__coefficient__s303__smooth,fno,smooth,advection_diffusion,coefficient,test,96,0,0,0,0.005075044082125478
development,advection_diffusion__fno__coefficient__s303__smooth,fno,smooth,advection_diffusion,coefficient,ood,64,0,0,0,0.04370149071962115
development,advection_diffusion__fno__coefficient__s303__smooth,fno,smooth,advection_diffusion,coefficient,ood,96,0,0,0,0.06467409237021662
development,advection_diffusion__fno__coefficient__s404__iid,fno,iid,advection_diffusion,coefficient,test,64,0,0,0,0.002100334330110587
development,advection_diffusion__fno__coefficient__s404__iid,fno,iid,advection_diffusion,coefficient,test,96,0,0,0,0.0032796695676406973
development,advection_diffusion__fno__coefficient__s404__iid,fno,iid,advection_diffusion,coefficient,ood,64,0,0,0,0.04565139546217378
development,advection_diffusion__fno__coefficient__s404__iid,fno,iid,advection_diffusion,coefficient,ood,96,0,0,0,0.07102036792690644
development,advection_diffusion__fno__coefficient__s404__none,fno,none,advection_diffusion,coefficient,test,64,0,0,0,0.0002602896076625699
development,advection_diffusion__fno__coefficient__s404__none,fno,none,advection_diffusion,coefficient,test,96,0,0,0,0.00037975983238329924
development,advection_diffusion__fno__coefficient__s404__none,fno,none,advection_diffusion,coefficient,ood,64,0,0,0,0.0888347086650505
development,advection_diffusion__fno__coefficient__s404__none,fno,none,advection_diffusion,coefficient,ood,96,0,0,0,0.12774108590289046
development,advection_diffusion__fno__coefficient__s404__response_matched,fno,response_matched,advection_diffusion,coefficient,test,64,0,0,0,0.00260768099688094
development,advection_diffusion__fno__coefficient__s404__response_matched,fno,response_matched,advection_diffusion,coefficient,test,96,0,0,0,0.003738253792978893
development,advection_diffusion__fno__coefficient__s404__response_matched,fno,response_matched,advection_diffusion,coefficient,ood,64,0,0,0,0.04457576694531662
development,advection_diffusion__fno__coefficient__s404__response_matched,fno,response_matched,advection_diffusion,coefficient,ood,96,0,0,0,0.06957998274892585
development,advection_diffusion__fno__coefficient__s404__smooth,fno,smooth,advection_diffusion,coefficient,test,64,0,0,0,0.0030117569833060798
development,advection_diffusion__fno__coefficient__s404__smooth,fno,smooth,advection_diffusion,coefficient,test,96,0,0,0,0.00465309494247453
development,advection_diffusion__fno__coefficient__s404__smooth,fno,smooth,advection_diffusion,coefficient,ood,64,0,0,0,0.007585606816043922
development,advection_diffusion__fno__coefficient__s404__smooth,fno,smooth,advection_diffusion,coefficient,ood,96,0,0,0,0.01095055225239642
development,advection_diffusion__fno__coefficient__s505__iid,fno,iid,advection_diffusion,coefficient,test,64,0,0,0,0.0020426612235107527
development,advection_diffusion__fno__coefficient__s505__iid,fno,iid,advection_diffusion,coefficient,test,96,0,0,0,0.0027604069413163976
development,advection_diffusion__fno__coefficient__s505__iid,fno,iid,advection_diffusion,coefficient,ood,64,0,0,0,0.01689242402942004
development,advection_diffusion__fno__coefficient__s505__iid,fno,iid,advection_diffusion,coefficient,ood,96,0,0,0,0.023440046857685415
development,advection_diffusion__fno__coefficient__s505__none,fno,none,advection_diffusion,coefficient,test,64,0,0,0,0.0002773606836174447
development,advection_diffusion__fno__coefficient__s505__none,fno,none,advection_diffusion,coefficient,test,96,0,0,0,0.00043682362496829297
development,advection_diffusion__fno__coefficient__s505__none,fno,none,advection_diffusion,coefficient,ood,64,0,0,0,0.026100815694939494
development,advection_diffusion__fno__coefficient__s505__none,fno,none,advection_diffusion,coefficient,ood,96,0,0,0,0.036739134932887454
development,advection_diffusion__fno__coefficient__s505__response_matched,fno,response_matched,advection_diffusion,coefficient,test,64,0,0,0,0.004488446060976536
development,advection_diffusion__fno__coefficient__s505__response_matched,fno,response_matched,advection_diffusion,coefficient,test,96,0,0,0,0.00636358575801288
development,advection_diffusion__fno__coefficient__s505__response_matched,fno,response_matched,advection_diffusion,coefficient,ood,64,0,0,0,0.024154039509340253
development,advection_diffusion__fno__coefficient__s505__response_matched,fno,response_matched,advection_diffusion,coefficient,ood,96,0,0,0,0.03241945888882425
development,advection_diffusion__fno__coefficient__s505__smooth,fno,smooth,advection_diffusion,coefficient,test,64,0,0,0,0.0026389416839400354
development,advection_diffusion__fno__coefficient__s505__smooth,fno,smooth,advection_diffusion,coefficient,test,96,0,0,0,0.0037773414290327902
development,advection_diffusion__fno__coefficient__s505__smooth,fno,smooth,advection_diffusion,coefficient,ood,64,0,0,0,0.01861019994474683
development,advection_diffusion__fno__coefficient__s505__smooth,fno,smooth,advection_diffusion,coefficient,ood,96,0,0,0,0.02739878612139124
development,advection_diffusion__fno__coefficient__s606__iid,fno,iid,advection_diffusion,coefficient,test,64,0,0,0,0.016103377007226444
development,advection_diffusion__fno__coefficient__s606__iid,fno,iid,advection_diffusion,coefficient,test,96,0,0,0,0.02917798526460001
development,advection_diffusion__fno__coefficient__s606__iid,fno,iid,advection_diffusion,coefficient,ood,64,0,0,0,0.1579569402640284
development,advection_diffusion__fno__coefficient__s606__iid,fno,iid,advection_diffusion,coefficient,ood,96,0,0,0,0.2855089313279106
development,advection_diffusion__fno__coefficient__s606__none,fno,none,advection_diffusion,coefficient,test,64,0,0,0,0.0003140280913474097
development,advection_diffusion__fno__coefficient__s606__none,fno,none,advection_diffusion,coefficient,test,96,0,0,0,0.00037582407761757586
development,advection_diffusion__fno__coefficient__s606__none,fno,none,advection_diffusion,coefficient,ood,64,0,0,0,0.048390405516788304
development,advection_diffusion__fno__coefficient__s606__none,fno,none,advection_diffusion,coefficient,ood,96,0,0,0,0.07960593510567356
development,advection_diffusion__fno__coefficient__s606__response_matched,fno,response_matched,advection_diffusion,coefficient,test,64,0,0,0,0.001523865489118828
development,advection_diffusion__fno__coefficient__s606__response_matched,fno,response_matched,advection_diffusion,coefficient,test,96,0,0,0,0.002929151604348044
development,advection_diffusion__fno__coefficient__s606__response_matched,fno,response_matched,advection_diffusion,coefficient,ood,64,0,0,0,0.03076035702883395
development,advection_diffusion__fno__coefficient__s606__response_matched,fno,response_matched,advection_diffusion,coefficient,ood,96,0,0,0,0.05603885579745693
development,advection_diffusion__fno__coefficient__s606__smooth,fno,smooth,advection_diffusion,coefficient,test,64,0,0,0,0.002364811293705943
development,advection_diffusion__fno__coefficient__s606__smooth,fno,smooth,advection_diffusion,coefficient,test,96,0,0,0,0.0036727326618166876
development,advection_diffusion__fno__coefficient__s606__smooth,fno,smooth,advection_diffusion,coefficient,ood,64,0,0,0,0.0550112412817203
development,advection_diffusion__fno__coefficient__s606__smooth,fno,smooth,advection_diffusion,coefficient,ood,96,0,0,0,0.0848484971803328
development,advection_diffusion__fno__correct__s101__iid,fno,iid,advection_diffusion,correct,test,64,0,0,0,0.0002859699250271526
development,advection_diffusion__fno__correct__s101__iid,fno,iid,advection_diffusion,correct,test,96,0,0,0,0.0004426351243763232
development,advection_diffusion__fno__correct__s101__iid,fno,iid,advection_diffusion,correct,ood,64,0,0,0,0.004033651160619378
development,advection_diffusion__fno__correct__s101__iid,fno,iid,advection_diffusion,correct,ood,96,0,0,0,0.006278533498728459
development,advection_diffusion__fno__correct__s101__none,fno,none,advection_diffusion,correct,test,64,0,0,0,0.0005190673987746294
development,advection_diffusion__fno__correct__s101__none,fno,none,advection_diffusion,correct,test,96,0,0,0,0.0008766298792561253
development,advection_diffusion__fno__correct__s101__none,fno,none,advection_diffusion,correct,ood,64,0,0,0,0.009138861478738602
development,advection_diffusion__fno__correct__s101__none,fno,none,advection_diffusion,correct,ood,96,0,0,0,0.013632662475557944
development,advection_diffusion__fno__correct__s101__response_matched,fno,response_matched,advection_diffusion,correct,test,64,0,0,0,0.00015588576066460913
development,advection_diffusion__fno__correct__s101__response_matched,fno,response_matched,advection_diffusion,correct,test,96,0,0,0,0.00023116843226637468
development,advection_diffusion__fno__correct__s101__response_matched,fno,response_matched,advection_diffusion,correct,ood,64,0,0,0,0.028567815885823133
development,advection_diffusion__fno__correct__s101__response_matched,fno,response_matched,advection_diffusion,correct,ood,96,0,0,0,0.04875710037054255
development,advection_diffusion__fno__correct__s101__smooth,fno,smooth,advection_diffusion,correct,test,64,0,0,0,8.020147330900507e-05
development,advection_diffusion__fno__correct__s101__smooth,fno,smooth,advection_diffusion,correct,test,96,0,0,0,0.00011397042298355588
development,advection_diffusion__fno__correct__s101__smooth,fno,smooth,advection_diffusion,correct,ood,64,0,0,0,0.019737438550866515
development,advection_diffusion__fno__correct__s101__smooth,fno,smooth,advection_diffusion,correct,ood,96,0,0,0,0.03068723859367887
development,advection_diffusion__fno__correct__s202__iid,fno,iid,advection_diffusion,correct,test,64,0,0,0,0.00021798401358079367
development,advection_diffusion__fno__correct__s202__iid,fno,iid,advection_diffusion,correct,test,96,0,0,0,0.00030509365504374775
development,advection_diffusion__fno__correct__s202__iid,fno,iid,advection_diffusion,correct,ood,64,0,0,0,0.030254720805753532
development,advection_diffusion__fno__correct__s202__iid,fno,iid,advection_diffusion,correct,ood,96,0,0,0,0.04510434464476247
development,advection_diffusion__fno__correct__s202__none,fno,none,advection_diffusion,correct,test,64,0,0,0,0.00035551681889245054
development,advection_diffusion__fno__correct__s202__none,fno,none,advection_diffusion,correct,test,96,0,0,0,0.0004931100321569418
development,advection_diffusion__fno__correct__s202__none,fno,none,advection_diffusion,correct,ood,64,0,0,0,0.05231035736883882
development,advection_diffusion__fno__correct__s202__none,fno,none,advection_diffusion,correct,ood,96,0,0,0,0.07948085455709968
development,advection_diffusion__fno__correct__s202__response_matched,fno,response_matched,advection_diffusion,correct,test,64,0,0,0,0.00019330039586912262
development,advection_diffusion__fno__correct__s202__response_matched,fno,response_matched,advection_diffusion,correct,test,96,0,0,0,0.00027648995811013766
development,advection_diffusion__fno__correct__s202__response_matched,fno,response_matched,advection_diffusion,correct,ood,64,0,0,0,0.039253769990351906
development,advection_diffusion__fno__correct__s202__response_matched,fno,response_matched,advection_diffusion,correct,ood,96,0,0,0,0.056794319770827315
development,advection_diffusion__fno__correct__s202__smooth,fno,smooth,advection_diffusion,correct,test,64,0,0,0,8.978749548853651e-05
development,advection_diffusion__fno__correct__s202__smooth,fno,smooth,advection_diffusion,correct,test,96,0,0,0,0.0001291343367711163
development,advection_diffusion__fno__correct__s202__smooth,fno,smooth,advection_diffusion,correct,ood,64,0,0,0,0.03102888834634432
development,advection_diffusion__fno__correct__s202__smooth,fno,smooth,advection_diffusion,correct,ood,96,0,0,0,0.048669078145367944
development,advection_diffusion__fno__correct__s303__iid,fno,iid,advection_diffusion,correct,test,64,0,0,0,0.00022586738865324613
development,advection_diffusion__fno__correct__s303__iid,fno,iid,advection_diffusion,correct,test,96,0,0,0,0.00038241774435741893
development,advection_diffusion__fno__correct__s303__iid,fno,iid,advection_diffusion,correct,ood,64,0,0,0,0.059273090828282804
development,advection_diffusion__fno__correct__s303__iid,fno,iid,advection_diffusion,correct,ood,96,0,0,0,0.08818405190605816
development,advection_diffusion__fno__correct__s303__none,fno,none,advection_diffusion,correct,test,64,0,0,0,0.0002901508638015332
development,advection_diffusion__fno__correct__s303__none,fno,none,advection_diffusion,correct,test,96,0,0,0,0.00035045311070248475
development,advection_diffusion__fno__correct__s303__none,fno,none,advection_diffusion,correct,ood,64,0,0,0,0.07353592856136126
development,advection_diffusion__fno__correct__s303__none,fno,none,advection_diffusion,correct,ood,96,0,0,0,0.10168560878265875
development,advection_diffusion__fno__correct__s303__response_matched,fno,response_matched,advection_diffusion,correct,test,64,0,0,0,0.00021087139838335545
development,advection_diffusion__fno__correct__s303__response_matched,fno,response_matched,advection_diffusion,correct,test,96,0,0,0,0.00036853978996781445
development,advection_diffusion__fno__correct__s303__response_matched,fno,response_matched,advection_diffusion,correct,ood,64,0,0,0,0.053289418485347184
development,advection_diffusion__fno__correct__s303__response_matched,fno,response_matched,advection_diffusion,correct,ood,96,0,0,0,0.07868114618817756
development,advection_diffusion__fno__correct__s303__smooth,fno,smooth,advection_diffusion,correct,test,64,0,0,0,0.00017737514853174811
development,advection_diffusion__fno__correct__s303__smooth,fno,smooth,advection_diffusion,correct,test,96,0,0,0,0.00023432616542967571
development,advection_diffusion__fno__correct__s303__smooth,fno,smooth,advection_diffusion,correct,ood,64,0,0,0,0.060795086553145694
development,advection_diffusion__fno__correct__s303__smooth,fno,smooth,advection_diffusion,correct,ood,96,0,0,0,0.09241399792765274
development,advection_diffusion__fno__correct__s404__iid,fno,iid,advection_diffusion,correct,test,64,0,0,0,0.00020690811103754592
development,advection_diffusion__fno__correct__s404__iid,fno,iid,advection_diffusion,correct,test,96,0,0,0,0.0002895404972415583
development,advection_diffusion__fno__correct__s404__iid,fno,iid,advection_diffusion,correct,ood,64,0,0,0,0.03551088489395626
development,advection_diffusion__fno__correct__s404__iid,fno,iid,advection_diffusion,correct,ood,96,0,0,0,0.05680192414219487
development,advection_diffusion__fno__correct__s404__none,fno,none,advection_diffusion,correct,test,64,0,0,0,0.0003585674580624393
development,advection_diffusion__fno__correct__s404__none,fno,none,advection_diffusion,correct,test,96,0,0,0,0.0005579105990203559
development,advection_diffusion__fno__correct__s404__none,fno,none,advection_diffusion,correct,ood,64,0,0,0,0.12521737136887534
development,advection_diffusion__fno__correct__s404__none,fno,none,advection_diffusion,correct,ood,96,0,0,0,0.17829954909541298
development,advection_diffusion__fno__correct__s404__response_matched,fno,response_matched,advection_diffusion,correct,test,64,0,0,0,0.00018440419268615088
development,advection_diffusion__fno__correct__s404__response_matched,fno,response_matched,advection_diffusion,correct,test,96,0,0,0,0.00026392043789401354
development,advection_diffusion__fno__correct__s404__response_matched,fno,response_matched,advection_diffusion,correct,ood,64,0,0,0,0.03165562716361603
development,advection_diffusion__fno__correct__s404__response_matched,fno,response_matched,advection_diffusion,correct,ood,96,0,0,0,0.0498001421625757
development,advection_diffusion__fno__correct__s404__smooth,fno,smooth,advection_diffusion,correct,test,64,0,0,0,0.00012446663784243528
development,advection_diffusion__fno__correct__s404__smooth,fno,smooth,advection_diffusion,correct,test,96,0,0,0,0.00016795702205996133
development,advection_diffusion__fno__correct__s404__smooth,fno,smooth,advection_diffusion,correct,ood,64,0,0,0,0.04801332001853953
development,advection_diffusion__fno__correct__s404__smooth,fno,smooth,advection_diffusion,correct,ood,96,0,0,0,0.07498004376104861
development,advection_diffusion__fno__correct__s505__iid,fno,iid,advection_diffusion,correct,test,64,0,0,0,0.00018044211404702123
development,advection_diffusion__fno__correct__s505__iid,fno,iid,advection_diffusion,correct,test,96,0,0,0,0.00025496071051616986
development,advection_diffusion__fno__correct__s505__iid,fno,iid,advection_diffusion,correct,ood,64,0,0,0,0.027129679670391482
development,advection_diffusion__fno__correct__s505__iid,fno,iid,advection_diffusion,correct,ood,96,0,0,0,0.04215162480749986
development,advection_diffusion__fno__correct__s505__none,fno,none,advection_diffusion,correct,test,64,0,0,0,0.0006598034868655449
development,advection_diffusion__fno__correct__s505__none,fno,none,advection_diffusion,correct,test,96,0,0,0,0.0010089817200375935
development,advection_diffusion__fno__correct__s505__none,fno,none,advection_diffusion,correct,ood,64,0,0,0,0.027658752935347808
development,advection_diffusion__fno__correct__s505__none,fno,none,advection_diffusion,correct,ood,96,0,0,0,0.0392531551832529
development,advection_diffusion__fno__correct__s505__response_matched,fno,response_matched,advection_diffusion,correct,test,64,0,0,0,0.00018072229072063628
development,advection_diffusion__fno__correct__s505__response_matched,fno,response_matched,advection_diffusion,correct,test,96,0,0,0,0.0002520518880618402
development,advection_diffusion__fno__correct__s505__response_matched,fno,response_matched,advection_diffusion,correct,ood,64,0,0,0,0.06057952244068687
development,advection_diffusion__fno__correct__s505__response_matched,fno,response_matched,advection_diffusion,correct,ood,96,0,0,0,0.10061153971891437
development,advection_diffusion__fno__correct__s505__smooth,fno,smooth,advection_diffusion,correct,test,64,0,0,0,0.00011880787617275443
development,advection_diffusion__fno__correct__s505__smooth,fno,smooth,advection_diffusion,correct,test,96,0,0,0,0.0001619545347512884
development,advection_diffusion__fno__correct__s505__smooth,fno,smooth,advection_diffusion,correct,ood,64,0,0,0,0.03608203592197945
development,advection_diffusion__fno__correct__s505__smooth,fno,smooth,advection_diffusion,correct,ood,96,0,0,0,0.05544894622628793
development,advection_diffusion__fno__correct__s606__iid,fno,iid,advection_diffusion,correct,test,64,0,0,0,0.00024527494841383723
development,advection_diffusion__fno__correct__s606__iid,fno,iid,advection_diffusion,correct,test,96,0,0,0,0.0003459436226347923
development,advection_diffusion__fno__correct__s606__iid,fno,iid,advection_diffusion,correct,ood,64,0,0,0,0.014902881468775053
development,advection_diffusion__fno__correct__s606__iid,fno,iid,advection_diffusion,correct,ood,96,0,0,0,0.020862091585989916
development,advection_diffusion__fno__correct__s606__none,fno,none,advection_diffusion,correct,test,64,0,0,0,0.00036427006463112324
development,advection_diffusion__fno__correct__s606__none,fno,none,advection_diffusion,correct,test,96,0,0,0,0.0004647400308871013
development,advection_diffusion__fno__correct__s606__none,fno,none,advection_diffusion,correct,ood,64,0,0,0,0.04755869109274258
development,advection_diffusion__fno__correct__s606__none,fno,none,advection_diffusion,correct,ood,96,0,0,0,0.07811630203788648
development,advection_diffusion__fno__correct__s606__response_matched,fno,response_matched,advection_diffusion,correct,test,64,0,0,0,0.0003632360132421811
development,advection_diffusion__fno__correct__s606__response_matched,fno,response_matched,advection_diffusion,correct,test,96,0,0,0,0.000466495153774731
development,advection_diffusion__fno__correct__s606__response_matched,fno,response_matched,advection_diffusion,correct,ood,64,0,0,0,0.013207142821029638
development,advection_diffusion__fno__correct__s606__response_matched,fno,response_matched,advection_diffusion,correct,ood,96,0,0,0,0.020872373306805102
development,advection_diffusion__fno__correct__s606__smooth,fno,smooth,advection_diffusion,correct,test,64,0,0,0,0.00013055074699245238
development,advection_diffusion__fno__correct__s606__smooth,fno,smooth,advection_diffusion,correct,test,96,0,0,0,0.00020587400861432972
development,advection_diffusion__fno__correct__s606__smooth,fno,smooth,advection_diffusion,correct,ood,64,0,0,0,0.023588346909009905
development,advection_diffusion__fno__correct__s606__smooth,fno,smooth,advection_diffusion,correct,ood,96,0,0,0,0.0364580754204753
development,advection_diffusion__looped__coefficient__s101__iid,looped,iid,advection_diffusion,coefficient,test,64,0,0,0,0.009968003468841857
development,advection_diffusion__looped__coefficient__s101__iid,looped,iid,advection_diffusion,coefficient,test,96,0,0,0,0.01342835886560086
development,advection_diffusion__looped__coefficient__s101__iid,looped,iid,advection_diffusion,coefficient,ood,64,0,0,0,2.2133220647431244
development,advection_diffusion__looped__coefficient__s101__iid,looped,iid,advection_diffusion,coefficient,ood,96,0,0,0,3.0757402844551507
development,advection_diffusion__looped__coefficient__s101__none,looped,none,advection_diffusion,coefficient,test,64,0,0,0,0.005761912947575221
development,advection_diffusion__looped__coefficient__s101__none,looped,none,advection_diffusion,coefficient,test,96,0,0,0,0.009667000159594282
development,advection_diffusion__looped__coefficient__s101__none,looped,none,advection_diffusion,coefficient,ood,64,0,0,0,3.0162991526151472
development,advection_diffusion__looped__coefficient__s101__none,looped,none,advection_diffusion,coefficient,ood,96,0,0,0,5.176483419830068
development,advection_diffusion__looped__coefficient__s101__response_matched,looped,response_matched,advection_diffusion,coefficient,test,64,0,0,0,0.00881331150463982
development,advection_diffusion__looped__coefficient__s101__response_matched,looped,response_matched,advection_diffusion,coefficient,test,96,0,0,0,0.011965114757951884
development,advection_diffusion__looped__coefficient__s101__response_matched,looped,response_matched,advection_diffusion,coefficient,ood,64,0,0,0,2.2201388150187995
development,advection_diffusion__looped__coefficient__s101__response_matched,looped,response_matched,advection_diffusion,coefficient,ood,96,0,0,0,2.925709126530516
development,advection_diffusion__looped__coefficient__s101__smooth,looped,smooth,advection_diffusion,coefficient,test,64,0,0,0,0.014562555770465835
development,advection_diffusion__looped__coefficient__s101__smooth,looped,smooth,advection_diffusion,coefficient,test,96,0,0,0,0.021026544794730505
development,advection_diffusion__looped__coefficient__s101__smooth,looped,smooth,advection_diffusion,coefficient,ood,64,0,0,0,2.326149369114603
development,advection_diffusion__looped__coefficient__s101__smooth,looped,smooth,advection_diffusion,coefficient,ood,96,0,0,0,3.657624352367634
development,advection_diffusion__looped__coefficient__s202__iid,looped,iid,advection_diffusion,coefficient,test,64,0,0,0,0.014188866384031051
development,advection_diffusion__looped__coefficient__s202__iid,looped,iid,advection_diffusion,coefficient,test,96,0,0,0,0.028516971986400463
development,advection_diffusion__looped__coefficient__s202__iid,looped,iid,advection_diffusion,coefficient,ood,64,0,0,0,3.5862631469188386
development,advection_diffusion__looped__coefficient__s202__iid,looped,iid,advection_diffusion,coefficient,ood,96,0,0,0,4.051765307569326
development,advection_diffusion__looped__coefficient__s202__none,looped,none,advection_diffusion,coefficient,test,64,0,0,0,0.002140825027523885
development,advection_diffusion__looped__coefficient__s202__none,looped,none,advection_diffusion,coefficient,test,96,0,0,0,0.0021814048620424726
development,advection_diffusion__looped__coefficient__s202__none,looped,none,advection_diffusion,coefficient,ood,64,0,0,0,1.034490339476065
development,advection_diffusion__looped__coefficient__s202__none,looped,none,advection_diffusion,coefficient,ood,96,0,0,0,1.0846821856669067
development,advection_diffusion__looped__coefficient__s202__response_matched,looped,response_matched,advection_diffusion,coefficient,test,64,0,0,0,0.009764464116703397
development,advection_diffusion__looped__coefficient__s202__response_matched,looped,response_matched,advection_diffusion,coefficient,test,96,0,0,0,0.013018408447401281
development,advection_diffusion__looped__coefficient__s202__response_matched,looped,response_matched,advection_diffusion,coefficient,ood,64,0,0,0,2.407161735299894
development,advection_diffusion__looped__coefficient__s202__response_matched,looped,response_matched,advection_diffusion,coefficient,ood,96,0,0,0,2.577935140160169
development,advection_diffusion__looped__coefficient__s202__smooth,looped,smooth,advection_diffusion,coefficient,test,64,0,0,0,0.9496447077555716
development,advection_diffusion__looped__coefficient__s202__smooth,looped,smooth,advection_diffusion,coefficient,test,96,0,0,0,4.536706837486655
development,advection_diffusion__looped__coefficient__s202__smooth,looped,smooth,advection_diffusion,coefficient,ood,64,0,0,0,8.614440481458075
development,advection_diffusion__looped__coefficient__s202__smooth,looped,smooth,advection_diffusion,coefficient,ood,96,0,0,0,12.083313134995745
development,advection_diffusion__looped__coefficient__s303__iid,looped,iid,advection_diffusion,coefficient,test,64,0,0,0,0.008461914584708463
development,advection_diffusion__looped__coefficient__s303__iid,looped,iid,advection_diffusion,coefficient,test,96,0,0,0,0.011838484288144418
development,advection_diffusion__looped__coefficient__s303__iid,looped,iid,advection_diffusion,coefficient,ood,64,0,0,0,0.6596114915059275
development,advection_diffusion__looped__coefficient__s303__iid,looped,iid,advection_diffusion,coefficient,ood,96,0,0,0,0.8318340594171711
development,advection_diffusion__looped__coefficient__s303__none,looped,none,advection_diffusion,coefficient,test,64,0,0,0,0.0030713534476689563
development,advection_diffusion__looped__coefficient__s303__none,looped,none,advection_diffusion,coefficient,test,96,0,0,0,0.003654862359782888
development,advection_diffusion__looped__coefficient__s303__none,looped,none,advection_diffusion,coefficient,ood,64,0,0,0,1.1674834778054333
development,advection_diffusion__looped__coefficient__s303__none,looped,none,advection_diffusion,coefficient,ood,96,0,0,0,1.800522062818004
development,advection_diffusion__looped__coefficient__s303__response_matched,looped,response_matched,advection_diffusion,coefficient,test,64,0,0,0,0.00785671374121577
development,advection_diffusion__looped__coefficient__s303__response_matched,looped,response_matched,advection_diffusion,coefficient,test,96,0,0,0,0.009760007040992964
development,advection_diffusion__looped__coefficient__s303__response_matched,looped,response_matched,advection_diffusion,coefficient,ood,64,0,0,0,0.698141179449749
development,advection_diffusion__looped__coefficient__s303__response_matched,looped,response_matched,advection_diffusion,coefficient,ood,96,0,0,0,0.8580270595073974
development,advection_diffusion__looped__coefficient__s303__smooth,looped,smooth,advection_diffusion,coefficient,test,64,0,0,0,0.013107037625500029
development,advection_diffusion__looped__coefficient__s303__smooth,looped,smooth,advection_diffusion,coefficient,test,96,0,0,0,0.020480653112730618
development,advection_diffusion__looped__coefficient__s303__smooth,looped,smooth,advection_diffusion,coefficient,ood,64,0,0,0,1.2811172568320615
development,advection_diffusion__looped__coefficient__s303__smooth,looped,smooth,advection_diffusion,coefficient,ood,96,0,0,0,2.00970764893727
development,advection_diffusion__looped__coefficient__s404__iid,looped,iid,advection_diffusion,coefficient,test,64,0,0,0,0.009557579399708693
development,advection_diffusion__looped__coefficient__s404__iid,looped,iid,advection_diffusion,coefficient,test,96,0,0,0,0.014345970501985644
development,advection_diffusion__looped__coefficient__s404__iid,looped,iid,advection_diffusion,coefficient,ood,64,0,0,0,1.9978929653235014
development,advection_diffusion__looped__coefficient__s404__iid,looped,iid,advection_diffusion,coefficient,ood,96,0,0,0,4.2774936303400946
development,advection_diffusion__looped__coefficient__s404__none,looped,none,advection_diffusion,coefficient,test,64,0,0,0,0.006465052770475932
development,advection_diffusion__looped__coefficient__s404__none,looped,none,advection_diffusion,coefficient,test,96,0,0,0,0.008268299436212287
development,advection_diffusion__looped__coefficient__s404__none,looped,none,advection_diffusion,coefficient,ood,64,0,0,0,1.2324175504647314
development,advection_diffusion__looped__coefficient__s404__none,looped,none,advection_diffusion,coefficient,ood,96,0,0,0,1.6165268444887793
development,advection_diffusion__looped__coefficient__s404__response_matched,looped,response_matched,advection_diffusion,coefficient,test,64,0,0,0,0.01041314757742029
development,advection_diffusion__looped__coefficient__s404__response_matched,looped,response_matched,advection_diffusion,coefficient,test,96,0,0,0,0.015448987051890128
development,advection_diffusion__looped__coefficient__s404__response_matched,looped,response_matched,advection_diffusion,coefficient,ood,64,0,0,0,2.509986100018466
development,advection_diffusion__looped__coefficient__s404__response_matched,looped,response_matched,advection_diffusion,coefficient,ood,96,0,0,0,5.363216118895821
development,advection_diffusion__looped__coefficient__s404__smooth,looped,smooth,advection_diffusion,coefficient,test,64,0,0,0,0.012177955324177425
development,advection_diffusion__looped__coefficient__s404__smooth,looped,smooth,advection_diffusion,coefficient,test,96,0,0,0,0.02298102382314996
development,advection_diffusion__looped__coefficient__s404__smooth,looped,smooth,advection_diffusion,coefficient,ood,64,0,0,0,1.8670886194464629
development,advection_diffusion__looped__coefficient__s404__smooth,looped,smooth,advection_diffusion,coefficient,ood,96,0,0,0,3.6808598375171186
development,advection_diffusion__looped__coefficient__s505__iid,looped,iid,advection_diffusion,coefficient,test,64,0,0,0,0.08885354383281818
development,advection_diffusion__looped__coefficient__s505__iid,looped,iid,advection_diffusion,coefficient,test,96,0,0,0,3.18986164235414
development,advection_diffusion__looped__coefficient__s505__iid,looped,iid,advection_diffusion,coefficient,ood,64,0,0,0,49.59983822784102
development,advection_diffusion__looped__coefficient__s505__iid,looped,iid,advection_diffusion,coefficient,ood,96,0,0,0,135.34963949947738
development,advection_diffusion__looped__coefficient__s505__none,looped,none,advection_diffusion,coefficient,test,64,0,0,0,0.7528477927849286
development,advection_diffusion__looped__coefficient__s505__none,looped,none,advection_diffusion,coefficient,test,96,0,0,0,24.088953496836037
development,advection_diffusion__looped__coefficient__s505__none,looped,none,advection_diffusion,coefficient,ood,64,0,0,0,72.85975414970886
development,advection_diffusion__looped__coefficient__s505__none,looped,none,advection_diffusion,coefficient,ood,96,0,0,0,185.94260781190044
development,advection_diffusion__looped__coefficient__s505__response_matched,looped,response_matched,advection_diffusion,coefficient,test,64,0,0,0,0.08710836696132063
development,advection_diffusion__looped__coefficient__s505__response_matched,looped,response_matched,advection_diffusion,coefficient,test,96,0,0,0,3.6123618453390356
development,advection_diffusion__looped__coefficient__s505__response_matched,looped,response_matched,advection_diffusion,coefficient,ood,64,0,0,0,41.558560040179714
development,advection_diffusion__looped__coefficient__s505__response_matched,looped,response_matched,advection_diffusion,coefficient,ood,96,0,0,0,113.59548187433188
development,advection_diffusion__looped__coefficient__s505__smooth,looped,smooth,advection_diffusion,coefficient,test,64,0,0,0,2.6961377094706136
development,advection_diffusion__looped__coefficient__s505__smooth,looped,smooth,advection_diffusion,coefficient,test,96,0,0,0,34.18628220023578
development,advection_diffusion__looped__coefficient__s505__smooth,looped,smooth,advection_diffusion,coefficient,ood,64,0,0,0,94.01555472976781
development,advection_diffusion__looped__coefficient__s505__smooth,looped,smooth,advection_diffusion,coefficient,ood,96,0,0,0,207.09303497145123
development,advection_diffusion__looped__coefficient__s606__iid,looped,iid,advection_diffusion,coefficient,test,64,0,0,0,0.004067404031162791
development,advection_diffusion__looped__coefficient__s606__iid,looped,iid,advection_diffusion,coefficient,test,96,0,0,0,0.007146084526388503
development,advection_diffusion__looped__coefficient__s606__iid,looped,iid,advection_diffusion,coefficient,ood,64,0,0,0,14.992054604531859
development,advection_diffusion__looped__coefficient__s606__iid,looped,iid,advection_diffusion,coefficient,ood,96,0,0,0,44.474389599994836
development,advection_diffusion__looped__coefficient__s606__none,looped,none,advection_diffusion,coefficient,test,64,0,0,0,0.004695936462547512
development,advection_diffusion__looped__coefficient__s606__none,looped,none,advection_diffusion,coefficient,test,96,0,0,0,0.013120202274630993
development,advection_diffusion__looped__coefficient__s606__none,looped,none,advection_diffusion,coefficient,ood,64,0,0,0,51.088665715781985
development,advection_diffusion__looped__coefficient__s606__none,looped,none,advection_diffusion,coefficient,ood,96,0,0,0,106.96951624713218
development,advection_diffusion__looped__coefficient__s606__response_matched,looped,response_matched,advection_diffusion,coefficient,test,64,0,0,0,0.0073680775781315155
development,advection_diffusion__looped__coefficient__s606__response_matched,looped,response_matched,advection_diffusion,coefficient,test,96,0,0,0,0.012015829288436624
development,advection_diffusion__looped__coefficient__s606__response_matched,looped,response_matched,advection_diffusion,coefficient,ood,64,0,0,0,5.688542793836177
development,advection_diffusion__looped__coefficient__s606__response_matched,looped,response_matched,advection_diffusion,coefficient,ood,96,0,0,0,21.897084863359396
development,advection_diffusion__looped__coefficient__s606__smooth,looped,smooth,advection_diffusion,coefficient,test,64,0,0,0,0.007146659487311968
development,advection_diffusion__looped__coefficient__s606__smooth,looped,smooth,advection_diffusion,coefficient,test,96,0,0,0,0.012901573978870633
development,advection_diffusion__looped__coefficient__s606__smooth,looped,smooth,advection_diffusion,coefficient,ood,64,0,0,0,34.548474337480116
development,advection_diffusion__looped__coefficient__s606__smooth,looped,smooth,advection_diffusion,coefficient,ood,96,0,0,0,78.4990212579215
development,advection_diffusion__looped__correct__s101__iid,looped,iid,advection_diffusion,correct,test,64,0,0,0,0.0032191219598443066
development,advection_diffusion__looped__correct__s101__iid,looped,iid,advection_diffusion,correct,test,96,0,0,0,0.0038587973390158403
development,advection_diffusion__looped__correct__s101__iid,looped,iid,advection_diffusion,correct,ood,64,0,0,0,3.552117429501095
development,advection_diffusion__looped__correct__s101__iid,looped,iid,advection_diffusion,correct,ood,96,0,0,0,5.549190186547548
development,advection_diffusion__looped__correct__s101__none,looped,none,advection_diffusion,correct,test,64,0,0,0,0.005761709049330044
development,advection_diffusion__looped__correct__s101__none,looped,none,advection_diffusion,correct,test,96,0,0,0,0.009666491649515644
development,advection_diffusion__looped__correct__s101__none,looped,none,advection_diffusion,correct,ood,64,0,0,0,3.0162868785253636
development,advection_diffusion__looped__correct__s101__none,looped,none,advection_diffusion,correct,ood,96,0,0,0,5.176466113207917
development,advection_diffusion__looped__correct__s101__response_matched,looped,response_matched,advection_diffusion,correct,test,64,0,0,0,0.006035735485286464
development,advection_diffusion__looped__correct__s101__response_matched,looped,response_matched,advection_diffusion,correct,test,96,0,0,0,0.009464442789220318
development,advection_diffusion__looped__correct__s101__response_matched,looped,response_matched,advection_diffusion,correct,ood,64,0,0,0,3.2871640040949615
development,advection_diffusion__looped__correct__s101__response_matched,looped,response_matched,advection_diffusion,correct,ood,96,0,0,0,4.832307036838225
development,advection_diffusion__looped__correct__s101__smooth,looped,smooth,advection_diffusion,correct,test,64,0,0,0,0.004539842113106207
development,advection_diffusion__looped__correct__s101__smooth,looped,smooth,advection_diffusion,correct,test,96,0,0,0,0.00639172541938778
development,advection_diffusion__looped__correct__s101__smooth,looped,smooth,advection_diffusion,correct,ood,64,0,0,0,3.701059313296412
development,advection_diffusion__looped__correct__s101__smooth,looped,smooth,advection_diffusion,correct,ood,96,0,0,0,6.593895384601677
development,advection_diffusion__looped__correct__s202__iid,looped,iid,advection_diffusion,correct,test,64,0,0,0,0.00309671529847777
development,advection_diffusion__looped__correct__s202__iid,looped,iid,advection_diffusion,correct,test,96,0,0,0,0.003537151696615985
development,advection_diffusion__looped__correct__s202__iid,looped,iid,advection_diffusion,correct,ood,64,0,0,0,0.8897539858802759
development,advection_diffusion__looped__correct__s202__iid,looped,iid,advection_diffusion,correct,ood,96,0,0,0,0.9315064836385053
development,advection_diffusion__looped__correct__s202__none,looped,none,advection_diffusion,correct,test,64,0,0,0,0.002140796897235009
development,advection_diffusion__looped__correct__s202__none,looped,none,advection_diffusion,correct,test,96,0,0,0,0.0021813683123603025
development,advection_diffusion__looped__correct__s202__none,looped,none,advection_diffusion,correct,ood,64,0,0,0,1.0344897717721437
development,advection_diffusion__looped__correct__s202__none,looped,none,advection_diffusion,correct,ood,96,0,0,0,1.0846814916681446
development,advection_diffusion__looped__correct__s202__response_matched,looped,response_matched,advection_diffusion,correct,test,64,0,0,0,0.002736922659150487
development,advection_diffusion__looped__correct__s202__response_matched,looped,response_matched,advection_diffusion,correct,test,96,0,0,0,0.0030552850954593445
development,advection_diffusion__looped__correct__s202__response_matched,looped,response_matched,advection_diffusion,correct,ood,64,0,0,0,0.8363542424240791
development,advection_diffusion__looped__correct__s202__response_matched,looped,response_matched,advection_diffusion,correct,ood,96,0,0,0,0.8743326546955739
development,advection_diffusion__looped__correct__s202__smooth,looped,smooth,advection_diffusion,correct,test,64,0,0,0,0.00661108403170263
development,advection_diffusion__looped__correct__s202__smooth,looped,smooth,advection_diffusion,correct,test,96,0,0,0,0.015267751670610341
development,advection_diffusion__looped__correct__s202__smooth,looped,smooth,advection_diffusion,correct,ood,64,0,0,0,2.878304704974994
development,advection_diffusion__looped__correct__s202__smooth,looped,smooth,advection_diffusion,correct,ood,96,0,0,0,3.06635216937525
development,advection_diffusion__looped__correct__s303__iid,looped,iid,advection_diffusion,correct,test,64,0,0,0,0.003305512337022254
development,advection_diffusion__looped__correct__s303__iid,looped,iid,advection_diffusion,correct,test,96,0,0,0,0.004053101224774794
development,advection_diffusion__looped__correct__s303__iid,looped,iid,advection_diffusion,correct,ood,64,0,0,0,0.6615029291846781
development,advection_diffusion__looped__correct__s303__iid,looped,iid,advection_diffusion,correct,ood,96,0,0,0,0.839037416132707
development,advection_diffusion__looped__correct__s303__none,looped,none,advection_diffusion,correct,test,64,0,0,0,0.0030713577206598064
development,advection_diffusion__looped__correct__s303__none,looped,none,advection_diffusion,correct,test,96,0,0,0,0.0036548717050825337
development,advection_diffusion__looped__correct__s303__none,looped,none,advection_diffusion,correct,ood,64,0,0,0,1.1674686258406268
development,advection_diffusion__looped__correct__s303__none,looped,none,advection_diffusion,correct,ood,96,0,0,0,1.8004949092425022
development,advection_diffusion__looped__correct__s303__response_matched,looped,response_matched,advection_diffusion,correct,test,64,0,0,0,0.0036249252420492706
development,advection_diffusion__looped__correct__s303__response_matched,looped,response_matched,advection_diffusion,correct,test,96,0,0,0,0.004425398069310156
development,advection_diffusion__looped__correct__s303__response_matched,looped,response_matched,advection_diffusion,correct,ood,64,0,0,0,0.566681273792824
development,advection_diffusion__looped__correct__s303__response_matched,looped,response_matched,advection_diffusion,correct,ood,96,0,0,0,0.6639588006083461
development,advection_diffusion__looped__correct__s303__smooth,looped,smooth,advection_diffusion,correct,test,64,0,0,0,0.0036614152560989766
development,advection_diffusion__looped__correct__s303__smooth,looped,smooth,advection_diffusion,correct,test,96,0,0,0,0.004075592240308623
development,advection_diffusion__looped__correct__s303__smooth,looped,smooth,advection_diffusion,correct,ood,64,0,0,0,1.0278925278972793
development,advection_diffusion__looped__correct__s303__smooth,looped,smooth,advection_diffusion,correct,ood,96,0,0,0,1.5924945278087912
development,advection_diffusion__looped__correct__s404__iid,looped,iid,advection_diffusion,correct,test,64,0,0,0,0.005040619483268172
development,advection_diffusion__looped__correct__s404__iid,looped,iid,advection_diffusion,correct,test,96,0,0,0,0.006135450606971885
development,advection_diffusion__looped__correct__s404__iid,looped,iid,advection_diffusion,correct,ood,64,0,0,0,2.207399780961566
development,advection_diffusion__looped__correct__s404__iid,looped,iid,advection_diffusion,correct,ood,96,0,0,0,4.9354483274155045
development,advection_diffusion__looped__correct__s404__none,looped,none,advection_diffusion,correct,test,64,0,0,0,0.006465037267838536
development,advection_diffusion__looped__correct__s404__none,looped,none,advection_diffusion,correct,test,96,0,0,0,0.008268305992654195
development,advection_diffusion__looped__correct__s404__none,looped,none,advection_diffusion,correct,ood,64,0,0,0,1.2324187147647763
development,advection_diffusion__looped__correct__s404__none,looped,none,advection_diffusion,correct,ood,96,0,0,0,1.6165298975930302
development,advection_diffusion__looped__correct__s404__response_matched,looped,response_matched,advection_diffusion,correct,test,64,0,0,0,0.0068618272292879645
development,advection_diffusion__looped__correct__s404__response_matched,looped,response_matched,advection_diffusion,correct,test,96,0,0,0,0.009003489795580261
development,advection_diffusion__looped__correct__s404__response_matched,looped,response_matched,advection_diffusion,correct,ood,64,0,0,0,2.67584196367784
development,advection_diffusion__looped__correct__s404__response_matched,looped,response_matched,advection_diffusion,correct,ood,96,0,0,0,5.892617185334984
development,advection_diffusion__looped__correct__s404__smooth,looped,smooth,advection_diffusion,correct,test,64,0,0,0,0.005432231186077718
development,advection_diffusion__looped__correct__s404__smooth,looped,smooth,advection_diffusion,correct,test,96,0,0,0,0.00727588099998903
development,advection_diffusion__looped__correct__s404__smooth,looped,smooth,advection_diffusion,correct,ood,64,0,0,0,1.6462033786168035
development,advection_diffusion__looped__correct__s404__smooth,looped,smooth,advection_diffusion,correct,ood,96,0,0,0,2.8708685590180494
development,advection_diffusion__looped__correct__s505__iid,looped,iid,advection_diffusion,correct,test,64,0,0,0,0.14262705501585993
development,advection_diffusion__looped__correct__s505__iid,looped,iid,advection_diffusion,correct,test,96,0,0,0,5.17536345932313
development,advection_diffusion__looped__correct__s505__iid,looped,iid,advection_diffusion,correct,ood,64,0,0,0,52.73126328362105
development,advection_diffusion__looped__correct__s505__iid,looped,iid,advection_diffusion,correct,ood,96,0,0,0,142.7841917176914
development,advection_diffusion__looped__correct__s505__none,looped,none,advection_diffusion,correct,test,64,0,0,0,0.7528543128686991
development,advection_diffusion__looped__correct__s505__none,looped,none,advection_diffusion,correct,test,96,0,0,0,24.08904095793681
development,advection_diffusion__looped__correct__s505__none,looped,none,advection_diffusion,correct,ood,64,0,0,0,72.86012065803311
development,advection_diffusion__looped__correct__s505__none,looped,none,advection_diffusion,correct,ood,96,0,0,0,185.943153901781
development,advection_diffusion__looped__correct__s505__response_matched,looped,response_matched,advection_diffusion,correct,test,64,0,0,0,0.06699299195715569
development,advection_diffusion__looped__correct__s505__response_matched,looped,response_matched,advection_diffusion,correct,test,96,0,0,0,1.9260314314120839
development,advection_diffusion__looped__correct__s505__response_matched,looped,response_matched,advection_diffusion,correct,ood,64,0,0,0,47.83833323070223
development,advection_diffusion__looped__correct__s505__response_matched,looped,response_matched,advection_diffusion,correct,ood,96,0,0,0,127.0618362383321
development,advection_diffusion__looped__correct__s505__smooth,looped,smooth,advection_diffusion,correct,test,64,0,0,0,2.757542632017788
development,advection_diffusion__looped__correct__s505__smooth,looped,smooth,advection_diffusion,correct,test,96,0,0,0,43.862720234037376
development,advection_diffusion__looped__correct__s505__smooth,looped,smooth,advection_diffusion,correct,ood,64,0,0,0,93.13642230725077
development,advection_diffusion__looped__correct__s505__smooth,looped,smooth,advection_diffusion,correct,ood,96,0,0,0,215.00341362569588
development,advection_diffusion__looped__correct__s606__iid,looped,iid,advection_diffusion,correct,test,64,0,0,0,0.0029868712575864542
development,advection_diffusion__looped__correct__s606__iid,looped,iid,advection_diffusion,correct,test,96,0,0,0,0.004693663905060616
development,advection_diffusion__looped__correct__s606__iid,looped,iid,advection_diffusion,correct,ood,64,0,0,0,17.80685865517637
development,advection_diffusion__looped__correct__s606__iid,looped,iid,advection_diffusion,correct,ood,96,0,0,0,51.16067649617746
development,advection_diffusion__looped__correct__s606__none,looped,none,advection_diffusion,correct,test,64,0,0,0,0.00469561017719522
development,advection_diffusion__looped__correct__s606__none,looped,none,advection_diffusion,correct,test,96,0,0,0,0.01311900919243277
development,advection_diffusion__looped__correct__s606__none,looped,none,advection_diffusion,correct,ood,64,0,0,0,51.08860440845376
development,advection_diffusion__looped__correct__s606__none,looped,none,advection_diffusion,correct,ood,96,0,0,0,106.96939838873072
development,advection_diffusion__looped__correct__s606__response_matched,looped,response_matched,advection_diffusion,correct,test,64,0,0,0,0.0026945037597791988
development,advection_diffusion__looped__correct__s606__response_matched,looped,response_matched,advection_diffusion,correct,test,96,0,0,0,0.003759578330930028
development,advection_diffusion__looped__correct__s606__response_matched,looped,response_matched,advection_diffusion,correct,ood,64,0,0,0,5.907812658766261
development,advection_diffusion__looped__correct__s606__response_matched,looped,response_matched,advection_diffusion,correct,ood,96,0,0,0,23.112017171144394
development,advection_diffusion__looped__correct__s606__smooth,looped,smooth,advection_diffusion,correct,test,64,0,0,0,0.0027475122421307674
development,advection_diffusion__looped__correct__s606__smooth,looped,smooth,advection_diffusion,correct,test,96,0,0,0,0.005632246682208593
development,advection_diffusion__looped__correct__s606__smooth,looped,smooth,advection_diffusion,correct,ood,64,0,0,0,38.57751933470092
development,advection_diffusion__looped__correct__s606__smooth,looped,smooth,advection_diffusion,correct,ood,96,0,0,0,87.7350644679349
development,advection_diffusion__transformer__coefficient__s101__iid,transformer,iid,advection_diffusion,coefficient,test,64,0,0,0,0.005559430431450574
development,advection_diffusion__transformer__coefficient__s101__iid,transformer,iid,advection_diffusion,coefficient,test,96,0,0,0,0.007101893154605115
development,advection_diffusion__transformer__coefficient__s101__iid,transformer,iid,advection_diffusion,coefficient,ood,64,0,0,0,0.6523264507494844
development,advection_diffusion__transformer__coefficient__s101__iid,transformer,iid,advection_diffusion,coefficient,ood,96,0,0,0,0.6816270896360379
development,advection_diffusion__transformer__coefficient__s101__none,transformer,none,advection_diffusion,coefficient,test,64,0,0,0,0.00415767032297043
development,advection_diffusion__transformer__coefficient__s101__none,transformer,none,advection_diffusion,coefficient,test,96,0,0,0,0.006567015646966675
development,advection_diffusion__transformer__coefficient__s101__none,transformer,none,advection_diffusion,coefficient,ood,64,0,0,0,0.7872729963739289
development,advection_diffusion__transformer__coefficient__s101__none,transformer,none,advection_diffusion,coefficient,ood,96,0,0,0,0.7906663981704014
development,advection_diffusion__transformer__coefficient__s101__response_matched,transformer,response_matched,advection_diffusion,coefficient,test,64,0,0,0,0.005681583301732296
development,advection_diffusion__transformer__coefficient__s101__response_matched,transformer,response_matched,advection_diffusion,coefficient,test,96,0,0,0,0.007455904434377085
development,advection_diffusion__transformer__coefficient__s101__response_matched,transformer,response_matched,advection_diffusion,coefficient,ood,64,0,0,0,0.632116852495102
development,advection_diffusion__transformer__coefficient__s101__response_matched,transformer,response_matched,advection_diffusion,coefficient,ood,96,0,0,0,0.6729686766712082
development,advection_diffusion__transformer__coefficient__s101__smooth,transformer,smooth,advection_diffusion,coefficient,test,64,0,0,0,0.008769168974821051
development,advection_diffusion__transformer__coefficient__s101__smooth,transformer,smooth,advection_diffusion,coefficient,test,96,0,0,0,0.013020469142966729
development,advection_diffusion__transformer__coefficient__s101__smooth,transformer,smooth,advection_diffusion,coefficient,ood,64,0,0,0,0.8036869789478231
development,advection_diffusion__transformer__coefficient__s101__smooth,transformer,smooth,advection_diffusion,coefficient,ood,96,0,0,0,0.8000160675269683
development,advection_diffusion__transformer__coefficient__s202__iid,transformer,iid,advection_diffusion,coefficient,test,64,0,0,0,0.0034084000059249053
development,advection_diffusion__transformer__coefficient__s202__iid,transformer,iid,advection_diffusion,coefficient,test,96,0,0,0,0.004036123936544585
development,advection_diffusion__transformer__coefficient__s202__iid,transformer,iid,advection_diffusion,coefficient,ood,64,0,0,0,0.9092185241028119
development,advection_diffusion__transformer__coefficient__s202__iid,transformer,iid,advection_diffusion,coefficient,ood,96,0,0,0,1.0667246718787737
development,advection_diffusion__transformer__coefficient__s202__none,transformer,none,advection_diffusion,coefficient,test,64,0,0,0,0.002213615444091599
development,advection_diffusion__transformer__coefficient__s202__none,transformer,none,advection_diffusion,coefficient,test,96,0,0,0,0.0022243071854244345
development,advection_diffusion__transformer__coefficient__s202__none,transformer,none,advection_diffusion,coefficient,ood,64,0,0,0,0.9590828953780601
development,advection_diffusion__transformer__coefficient__s202__none,transformer,none,advection_diffusion,coefficient,ood,96,0,0,0,0.99247344239681
development,advection_diffusion__transformer__coefficient__s202__response_matched,transformer,response_matched,advection_diffusion,coefficient,test,64,0,0,0,0.004866850469362305
development,advection_diffusion__transformer__coefficient__s202__response_matched,transformer,response_matched,advection_diffusion,coefficient,test,96,0,0,0,0.006335419193490566
development,advection_diffusion__transformer__coefficient__s202__response_matched,transformer,response_matched,advection_diffusion,coefficient,ood,64,0,0,0,0.8895504472288849
development,advection_diffusion__transformer__coefficient__s202__response_matched,transformer,response_matched,advection_diffusion,coefficient,ood,96,0,0,0,1.0136031595851214
development,advection_diffusion__transformer__coefficient__s202__smooth,transformer,smooth,advection_diffusion,coefficient,test,64,0,0,0,0.0033939883386358005
development,advection_diffusion__transformer__coefficient__s202__smooth,transformer,smooth,advection_diffusion,coefficient,test,96,0,0,0,0.003704842188875901
development,advection_diffusion__transformer__coefficient__s202__smooth,transformer,smooth,advection_diffusion,coefficient,ood,64,0,0,0,0.9624693925318866
development,advection_diffusion__transformer__coefficient__s202__smooth,transformer,smooth,advection_diffusion,coefficient,ood,96,0,0,0,1.0234425317462787
development,advection_diffusion__transformer__coefficient__s303__iid,transformer,iid,advection_diffusion,coefficient,test,64,0,0,0,0.004712129320326275
development,advection_diffusion__transformer__coefficient__s303__iid,transformer,iid,advection_diffusion,coefficient,test,96,0,0,0,0.006801419590706903
development,advection_diffusion__transformer__coefficient__s303__iid,transformer,iid,advection_diffusion,coefficient,ood,64,0,0,0,1.3744979538218445
development,advection_diffusion__transformer__coefficient__s303__iid,transformer,iid,advection_diffusion,coefficient,ood,96,0,0,0,1.9197859208006398
development,advection_diffusion__transformer__coefficient__s303__none,transformer,none,advection_diffusion,coefficient,test,64,0,0,0,0.0031069778096483036
development,advection_diffusion__transformer__coefficient__s303__none,transformer,none,advection_diffusion,coefficient,test,96,0,0,0,0.005414336606244019
development,advection_diffusion__transformer__coefficient__s303__none,transformer,none,advection_diffusion,coefficient,ood,64,0,0,0,1.174454286472269
development,advection_diffusion__transformer__coefficient__s303__none,transformer,none,advection_diffusion,coefficient,ood,96,0,0,0,1.544537707603998
development,advection_diffusion__transformer__coefficient__s303__response_matched,transformer,response_matched,advection_diffusion,coefficient,test,64,0,0,0,0.004898923171453351
development,advection_diffusion__transformer__coefficient__s303__response_matched,transformer,response_matched,advection_diffusion,coefficient,test,96,0,0,0,0.006375523614357152
development,advection_diffusion__transformer__coefficient__s303__response_matched,transformer,response_matched,advection_diffusion,coefficient,ood,64,0,0,0,1.747745524214622
development,advection_diffusion__transformer__coefficient__s303__response_matched,transformer,response_matched,advection_diffusion,coefficient,ood,96,0,0,0,2.5388027189834474
development,advection_diffusion__transformer__coefficient__s303__smooth,transformer,smooth,advection_diffusion,coefficient,test,64,0,0,0,0.007245458200790145
development,advection_diffusion__transformer__coefficient__s303__smooth,transformer,smooth,advection_diffusion,coefficient,test,96,0,0,0,0.011448765233120254
development,advection_diffusion__transformer__coefficient__s303__smooth,transformer,smooth,advection_diffusion,coefficient,ood,64,0,0,0,1.0858295921357524
development,advection_diffusion__transformer__coefficient__s303__smooth,transformer,smooth,advection_diffusion,coefficient,ood,96,0,0,0,1.4094411928054076
development,advection_diffusion__transformer__coefficient__s404__iid,transformer,iid,advection_diffusion,coefficient,test,64,0,0,0,0.005116141190032009
development,advection_diffusion__transformer__coefficient__s404__iid,transformer,iid,advection_diffusion,coefficient,test,96,0,0,0,0.007991692986926296
development,advection_diffusion__transformer__coefficient__s404__iid,transformer,iid,advection_diffusion,coefficient,ood,64,0,0,0,1.6615912519437188
development,advection_diffusion__transformer__coefficient__s404__iid,transformer,iid,advection_diffusion,coefficient,ood,96,0,0,0,2.218879616069292
development,advection_diffusion__transformer__coefficient__s404__none,transformer,none,advection_diffusion,coefficient,test,64,0,0,0,0.0023402303777697586
development,advection_diffusion__transformer__coefficient__s404__none,transformer,none,advection_diffusion,coefficient,test,96,0,0,0,0.003577000448668155
development,advection_diffusion__transformer__coefficient__s404__none,transformer,none,advection_diffusion,coefficient,ood,64,0,0,0,2.074861687716634
development,advection_diffusion__transformer__coefficient__s404__none,transformer,none,advection_diffusion,coefficient,ood,96,0,0,0,3.0646833698989058
development,advection_diffusion__transformer__coefficient__s404__response_matched,transformer,response_matched,advection_diffusion,coefficient,test,64,0,0,0,0.004533030706111774
development,advection_diffusion__transformer__coefficient__s404__response_matched,transformer,response_matched,advection_diffusion,coefficient,test,96,0,0,0,0.006527373903545925
development,advection_diffusion__transformer__coefficient__s404__response_matched,transformer,response_matched,advection_diffusion,coefficient,ood,64,0,0,0,1.9059038639127266
development,advection_diffusion__transformer__coefficient__s404__response_matched,transformer,response_matched,advection_diffusion,coefficient,ood,96,0,0,0,2.5522246373507187
development,advection_diffusion__transformer__coefficient__s404__smooth,transformer,smooth,advection_diffusion,coefficient,test,64,0,0,0,0.005576635162883425
development,advection_diffusion__transformer__coefficient__s404__smooth,transformer,smooth,advection_diffusion,coefficient,test,96,0,0,0,0.0085955368329859
development,advection_diffusion__transformer__coefficient__s404__smooth,transformer,smooth,advection_diffusion,coefficient,ood,64,0,0,0,2.0009679607787803
development,advection_diffusion__transformer__coefficient__s404__smooth,transformer,smooth,advection_diffusion,coefficient,ood,96,0,0,0,2.878085913914826
development,advection_diffusion__transformer__coefficient__s505__iid,transformer,iid,advection_diffusion,coefficient,test,64,0,0,0,0.0036366581376721108
development,advection_diffusion__transformer__coefficient__s505__iid,transformer,iid,advection_diffusion,coefficient,test,96,0,0,0,0.003888049334626645
development,advection_diffusion__transformer__coefficient__s505__iid,transformer,iid,advection_diffusion,coefficient,ood,64,0,0,0,1.8704671704882117
development,advection_diffusion__transformer__coefficient__s505__iid,transformer,iid,advection_diffusion,coefficient,ood,96,0,0,0,2.51165151047284
development,advection_diffusion__transformer__coefficient__s505__none,transformer,none,advection_diffusion,coefficient,test,64,0,0,0,0.0022143240940883935
development,advection_diffusion__transformer__coefficient__s505__none,transformer,none,advection_diffusion,coefficient,test,96,0,0,0,0.0027945956762052875
development,advection_diffusion__transformer__coefficient__s505__none,transformer,none,advection_diffusion,coefficient,ood,64,0,0,0,0.9263511388116399
development,advection_diffusion__transformer__coefficient__s505__none,transformer,none,advection_diffusion,coefficient,ood,96,0,0,0,1.1063982857885626
development,advection_diffusion__transformer__coefficient__s505__response_matched,transformer,response_matched,advection_diffusion,coefficient,test,64,0,0,0,0.0056059129137437935
development,advection_diffusion__transformer__coefficient__s505__response_matched,transformer,response_matched,advection_diffusion,coefficient,test,96,0,0,0,0.00644702368929965
development,advection_diffusion__transformer__coefficient__s505__response_matched,transformer,response_matched,advection_diffusion,coefficient,ood,64,0,0,0,1.9403216373329997
development,advection_diffusion__transformer__coefficient__s505__response_matched,transformer,response_matched,advection_diffusion,coefficient,ood,96,0,0,0,2.5751729511642525
development,advection_diffusion__transformer__coefficient__s505__smooth,transformer,smooth,advection_diffusion,coefficient,test,64,0,0,0,0.00459703707197634
development,advection_diffusion__transformer__coefficient__s505__smooth,transformer,smooth,advection_diffusion,coefficient,test,96,0,0,0,0.00519585883843036
development,advection_diffusion__transformer__coefficient__s505__smooth,transformer,smooth,advection_diffusion,coefficient,ood,64,0,0,0,1.36402620324003
development,advection_diffusion__transformer__coefficient__s505__smooth,transformer,smooth,advection_diffusion,coefficient,ood,96,0,0,0,1.8213103644602977
development,advection_diffusion__transformer__coefficient__s606__iid,transformer,iid,advection_diffusion,coefficient,test,64,0,0,0,0.0035476075520950445
development,advection_diffusion__transformer__coefficient__s606__iid,transformer,iid,advection_diffusion,coefficient,test,96,0,0,0,0.004733983003188058
development,advection_diffusion__transformer__coefficient__s606__iid,transformer,iid,advection_diffusion,coefficient,ood,64,0,0,0,0.6082873566041371
development,advection_diffusion__transformer__coefficient__s606__iid,transformer,iid,advection_diffusion,coefficient,ood,96,0,0,0,0.6151586046646571
development,advection_diffusion__transformer__coefficient__s606__none,transformer,none,advection_diffusion,coefficient,test,64,0,0,0,0.001822607787973607
development,advection_diffusion__transformer__coefficient__s606__none,transformer,none,advection_diffusion,coefficient,test,96,0,0,0,0.0023261217608178493
development,advection_diffusion__transformer__coefficient__s606__none,transformer,none,advection_diffusion,coefficient,ood,64,0,0,0,1.0241709064742963
development,advection_diffusion__transformer__coefficient__s606__none,transformer,none,advection_diffusion,coefficient,ood,96,0,0,0,1.2757032230161562
development,advection_diffusion__transformer__coefficient__s606__response_matched,transformer,response_matched,advection_diffusion,coefficient,test,64,0,0,0,0.006594314221412656
development,advection_diffusion__transformer__coefficient__s606__response_matched,transformer,response_matched,advection_diffusion,coefficient,test,96,0,0,0,0.009232166311806306
development,advection_diffusion__transformer__coefficient__s606__response_matched,transformer,response_matched,advection_diffusion,coefficient,ood,64,0,0,0,0.6050874066302754
development,advection_diffusion__transformer__coefficient__s606__response_matched,transformer,response_matched,advection_diffusion,coefficient,ood,96,0,0,0,0.629852820840559
development,advection_diffusion__transformer__coefficient__s606__smooth,transformer,smooth,advection_diffusion,coefficient,test,64,0,0,0,0.0057367236090959395
development,advection_diffusion__transformer__coefficient__s606__smooth,transformer,smooth,advection_diffusion,coefficient,test,96,0,0,0,0.007391655081467144
development,advection_diffusion__transformer__coefficient__s606__smooth,transformer,smooth,advection_diffusion,coefficient,ood,64,0,0,0,0.8228281265392638
development,advection_diffusion__transformer__coefficient__s606__smooth,transformer,smooth,advection_diffusion,coefficient,ood,96,0,0,0,0.9204013622893779
development,advection_diffusion__transformer__correct__s101__iid,transformer,iid,advection_diffusion,correct,test,64,0,0,0,0.0025447577972997903
development,advection_diffusion__transformer__correct__s101__iid,transformer,iid,advection_diffusion,correct,test,96,0,0,0,0.0032107023111772976
development,advection_diffusion__transformer__correct__s101__iid,transformer,iid,advection_diffusion,correct,ood,64,0,0,0,0.6496000903534878
development,advection_diffusion__transformer__correct__s101__iid,transformer,iid,advection_diffusion,correct,ood,96,0,0,0,0.676635092876495
development,advection_diffusion__transformer__correct__s101__none,transformer,none,advection_diffusion,correct,test,64,0,0,0,0.004157688474973331
development,advection_diffusion__transformer__correct__s101__none,transformer,none,advection_diffusion,correct,test,96,0,0,0,0.0065670616867409635
development,advection_diffusion__transformer__correct__s101__none,transformer,none,advection_diffusion,correct,ood,64,0,0,0,0.7872730396272232
development,advection_diffusion__transformer__correct__s101__none,transformer,none,advection_diffusion,correct,ood,96,0,0,0,0.7906663676832295
development,advection_diffusion__transformer__correct__s101__response_matched,transformer,response_matched,advection_diffusion,correct,test,64,0,0,0,0.003425192763305329
development,advection_diffusion__transformer__correct__s101__response_matched,transformer,response_matched,advection_diffusion,correct,test,96,0,0,0,0.003923080675673596
development,advection_diffusion__transformer__correct__s101__response_matched,transformer,response_matched,advection_diffusion,correct,ood,64,0,0,0,0.6569501833300251
development,advection_diffusion__transformer__correct__s101__response_matched,transformer,response_matched,advection_diffusion,correct,ood,96,0,0,0,0.6846261496220525
development,advection_diffusion__transformer__correct__s101__smooth,transformer,smooth,advection_diffusion,correct,test,64,0,0,0,0.0035181099669090443
development,advection_diffusion__transformer__correct__s101__smooth,transformer,smooth,advection_diffusion,correct,test,96,0,0,0,0.00530439353226401
development,advection_diffusion__transformer__correct__s101__smooth,transformer,smooth,advection_diffusion,correct,ood,64,0,0,0,0.8745344441981615
development,advection_diffusion__transformer__correct__s101__smooth,transformer,smooth,advection_diffusion,correct,ood,96,0,0,0,0.8707991452480807
development,advection_diffusion__transformer__correct__s202__iid,transformer,iid,advection_diffusion,correct,test,64,0,0,0,0.0019537142802881213
development,advection_diffusion__transformer__correct__s202__iid,transformer,iid,advection_diffusion,correct,test,96,0,0,0,0.002072637470697636
development,advection_diffusion__transformer__correct__s202__iid,transformer,iid,advection_diffusion,correct,ood,64,0,0,0,0.8906479901270359
development,advection_diffusion__transformer__correct__s202__iid,transformer,iid,advection_diffusion,correct,ood,96,0,0,0,1.0075524650358907
development,advection_diffusion__transformer__correct__s202__none,transformer,none,advection_diffusion,correct,test,64,0,0,0,0.0022136538725568977
development,advection_diffusion__transformer__correct__s202__none,transformer,none,advection_diffusion,correct,test,96,0,0,0,0.002224399444771559
development,advection_diffusion__transformer__correct__s202__none,transformer,none,advection_diffusion,correct,ood,64,0,0,0,0.9590811046545014
development,advection_diffusion__transformer__correct__s202__none,transformer,none,advection_diffusion,correct,ood,96,0,0,0,0.9924695572189344
development,advection_diffusion__transformer__correct__s202__response_matched,transformer,response_matched,advection_diffusion,correct,test,64,0,0,0,0.0023810687769394434
development,advection_diffusion__transformer__correct__s202__response_matched,transformer,response_matched,advection_diffusion,correct,test,96,0,0,0,0.0026685984434529075
development,advection_diffusion__transformer__correct__s202__response_matched,transformer,response_matched,advection_diffusion,correct,ood,64,0,0,0,0.9405551263572534
development,advection_diffusion__transformer__correct__s202__response_matched,transformer,response_matched,advection_diffusion,correct,ood,96,0,0,0,1.1181784320470645
development,advection_diffusion__transformer__correct__s202__smooth,transformer,smooth,advection_diffusion,correct,test,64,0,0,0,0.001808166934132549
development,advection_diffusion__transformer__correct__s202__smooth,transformer,smooth,advection_diffusion,correct,test,96,0,0,0,0.0018765829236119616
development,advection_diffusion__transformer__correct__s202__smooth,transformer,smooth,advection_diffusion,correct,ood,64,0,0,0,1.0158959586561878
development,advection_diffusion__transformer__correct__s202__smooth,transformer,smooth,advection_diffusion,correct,ood,96,0,0,0,1.0985095605969188
development,advection_diffusion__transformer__correct__s303__iid,transformer,iid,advection_diffusion,correct,test,64,0,0,0,0.0044049102021146425
development,advection_diffusion__transformer__correct__s303__iid,transformer,iid,advection_diffusion,correct,test,96,0,0,0,0.008585321719372391
development,advection_diffusion__transformer__correct__s303__iid,transformer,iid,advection_diffusion,correct,ood,64,0,0,0,1.7355564368534715
development,advection_diffusion__transformer__correct__s303__iid,transformer,iid,advection_diffusion,correct,ood,96,0,0,0,2.544579856605727
development,advection_diffusion__transformer__correct__s303__none,transformer,none,advection_diffusion,correct,test,64,0,0,0,0.003106843437288176
development,advection_diffusion__transformer__correct__s303__none,transformer,none,advection_diffusion,correct,test,96,0,0,0,0.0054140439925597725
development,advection_diffusion__transformer__correct__s303__none,transformer,none,advection_diffusion,correct,ood,64,0,0,0,1.1744519005851544
development,advection_diffusion__transformer__correct__s303__none,transformer,none,advection_diffusion,correct,ood,96,0,0,0,1.544534079172081
development,advection_diffusion__transformer__correct__s303__response_matched,transformer,response_matched,advection_diffusion,correct,test,64,0,0,0,0.006259819686051937
development,advection_diffusion__transformer__correct__s303__response_matched,transformer,response_matched,advection_diffusion,correct,test,96,0,0,0,0.01279459925060274
development,advection_diffusion__transformer__correct__s303__response_matched,transformer,response_matched,advection_diffusion,correct,ood,64,0,0,0,2.333443237141296
development,advection_diffusion__transformer__correct__s303__response_matched,transformer,response_matched,advection_diffusion,correct,ood,96,0,0,0,3.5545818630053723
development,advection_diffusion__transformer__correct__s303__smooth,transformer,smooth,advection_diffusion,correct,test,64,0,0,0,0.001546211249488616
development,advection_diffusion__transformer__correct__s303__smooth,transformer,smooth,advection_diffusion,correct,test,96,0,0,0,0.0020257274155415965
development,advection_diffusion__transformer__correct__s303__smooth,transformer,smooth,advection_diffusion,correct,ood,64,0,0,0,1.2805972269455879
development,advection_diffusion__transformer__correct__s303__smooth,transformer,smooth,advection_diffusion,correct,ood,96,0,0,0,1.7548765099929824
development,advection_diffusion__transformer__correct__s404__iid,transformer,iid,advection_diffusion,correct,test,64,0,0,0,0.0020298012702438806
development,advection_diffusion__transformer__correct__s404__iid,transformer,iid,advection_diffusion,correct,test,96,0,0,0,0.002872268358596738
development,advection_diffusion__transformer__correct__s404__iid,transformer,iid,advection_diffusion,correct,ood,64,0,0,0,1.7948170930894207
development,advection_diffusion__transformer__correct__s404__iid,transformer,iid,advection_diffusion,correct,ood,96,0,0,0,2.530087948407489
development,advection_diffusion__transformer__correct__s404__none,transformer,none,advection_diffusion,correct,test,64,0,0,0,0.0023418389213301083
development,advection_diffusion__transformer__correct__s404__none,transformer,none,advection_diffusion,correct,test,96,0,0,0,0.0035803039099787286
development,advection_diffusion__transformer__correct__s404__none,transformer,none,advection_diffusion,correct,ood,64,0,0,0,2.0748999695895236
development,advection_diffusion__transformer__correct__s404__none,transformer,none,advection_diffusion,correct,ood,96,0,0,0,3.0647481078023397
development,advection_diffusion__transformer__correct__s404__response_matched,transformer,response_matched,advection_diffusion,correct,test,64,0,0,0,0.0014549043987892585
development,advection_diffusion__transformer__correct__s404__response_matched,transformer,response_matched,advection_diffusion,correct,test,96,0,0,0,0.001703596443201949
development,advection_diffusion__transformer__correct__s404__response_matched,transformer,response_matched,advection_diffusion,correct,ood,64,0,0,0,1.7067112188052533
development,advection_diffusion__transformer__correct__s404__response_matched,transformer,response_matched,advection_diffusion,correct,ood,96,0,0,0,2.3713057916199887
development,advection_diffusion__transformer__correct__s404__smooth,transformer,smooth,advection_diffusion,correct,test,64,0,0,0,0.0013873452159479105
development,advection_diffusion__transformer__correct__s404__smooth,transformer,smooth,advection_diffusion,correct,test,96,0,0,0,0.001597024618122537
development,advection_diffusion__transformer__correct__s404__smooth,transformer,smooth,advection_diffusion,correct,ood,64,0,0,0,2.5158459459934193
development,advection_diffusion__transformer__correct__s404__smooth,transformer,smooth,advection_diffusion,correct,ood,96,0,0,0,3.8279121991659695
development,advection_diffusion__transformer__correct__s505__iid,transformer,iid,advection_diffusion,correct,test,64,0,0,0,0.0023762847742294646
development,advection_diffusion__transformer__correct__s505__iid,transformer,iid,advection_diffusion,correct,test,96,0,0,0,0.0027643740633941745
development,advection_diffusion__transformer__correct__s505__iid,transformer,iid,advection_diffusion,correct,ood,64,0,0,0,1.8357620956581968
development,advection_diffusion__transformer__correct__s505__iid,transformer,iid,advection_diffusion,correct,ood,96,0,0,0,2.4945534860445
development,advection_diffusion__transformer__correct__s505__none,transformer,none,advection_diffusion,correct,test,64,0,0,0,0.002214386744092467
development,advection_diffusion__transformer__correct__s505__none,transformer,none,advection_diffusion,correct,test,96,0,0,0,0.0027948892276010717
development,advection_diffusion__transformer__correct__s505__none,transformer,none,advection_diffusion,correct,ood,64,0,0,0,0.9263372361274946
development,advection_diffusion__transformer__correct__s505__none,transformer,none,advection_diffusion,correct,ood,96,0,0,0,1.1063749242430656
development,advection_diffusion__transformer__correct__s505__response_matched,transformer,response_matched,advection_diffusion,correct,test,64,0,0,0,0.0027288884848117867
development,advection_diffusion__transformer__correct__s505__response_matched,transformer,response_matched,advection_diffusion,correct,test,96,0,0,0,0.0034116032631989297
development,advection_diffusion__transformer__correct__s505__response_matched,transformer,response_matched,advection_diffusion,correct,ood,64,0,0,0,1.8592216658928464
development,advection_diffusion__transformer__correct__s505__response_matched,transformer,response_matched,advection_diffusion,correct,ood,96,0,0,0,2.48976271868393
development,advection_diffusion__transformer__correct__s505__smooth,transformer,smooth,advection_diffusion,correct,test,64,0,0,0,0.0023547453854531053
development,advection_diffusion__transformer__correct__s505__smooth,transformer,smooth,advection_diffusion,correct,test,96,0,0,0,0.002488165214863465
development,advection_diffusion__transformer__correct__s505__smooth,transformer,smooth,advection_diffusion,correct,ood,64,0,0,0,1.1968248745392316
development,advection_diffusion__transformer__correct__s505__smooth,transformer,smooth,advection_diffusion,correct,ood,96,0,0,0,1.52818362671159
development,advection_diffusion__transformer__correct__s606__iid,transformer,iid,advection_diffusion,correct,test,64,0,0,0,0.0015798436612620703
development,advection_diffusion__transformer__correct__s606__iid,transformer,iid,advection_diffusion,correct,test,96,0,0,0,0.0021067128168591833
development,advection_diffusion__transformer__correct__s606__iid,transformer,iid,advection_diffusion,correct,ood,64,0,0,0,0.6304501247406904
development,advection_diffusion__transformer__correct__s606__iid,transformer,iid,advection_diffusion,correct,ood,96,0,0,0,0.6502516917433354
development,advection_diffusion__transformer__correct__s606__none,transformer,none,advection_diffusion,correct,test,64,0,0,0,0.0018226125517790681
development,advection_diffusion__transformer__correct__s606__none,transformer,none,advection_diffusion,correct,test,96,0,0,0,0.0023261356426771407
development,advection_diffusion__transformer__correct__s606__none,transformer,none,advection_diffusion,correct,ood,64,0,0,0,1.0241722746873734
development,advection_diffusion__transformer__correct__s606__none,transformer,none,advection_diffusion,correct,ood,96,0,0,0,1.2757053710426667
development,advection_diffusion__transformer__correct__s606__response_matched,transformer,response_matched,advection_diffusion,correct,test,64,0,0,0,0.0016072501498840541
development,advection_diffusion__transformer__correct__s606__response_matched,transformer,response_matched,advection_diffusion,correct,test,96,0,0,0,0.0017093174596799856
development,advection_diffusion__transformer__correct__s606__response_matched,transformer,response_matched,advection_diffusion,correct,ood,64,0,0,0,0.6747268894854983
development,advection_diffusion__transformer__correct__s606__response_matched,transformer,response_matched,advection_diffusion,correct,ood,96,0,0,0,0.7270293014428642
development,advection_diffusion__transformer__correct__s606__smooth,transformer,smooth,advection_diffusion,correct,test,64,0,0,0,0.00197573588832356
development,advection_diffusion__transformer__correct__s606__smooth,transformer,smooth,advection_diffusion,correct,test,96,0,0,0,0.0023229622525640092
development,advection_diffusion__transformer__correct__s606__smooth,transformer,smooth,advection_diffusion,correct,ood,64,0,0,0,0.9011556071891107
development,advection_diffusion__transformer__correct__s606__smooth,transformer,smooth,advection_diffusion,correct,ood,96,0,0,0,1.0278298906656762
development,allen_cahn__fno__coefficient__s101__iid,fno,iid,allen_cahn,coefficient,test,64,0,0,0,0.00032415025775989204
development,allen_cahn__fno__coefficient__s101__iid,fno,iid,allen_cahn,coefficient,test,96,0,0,0,0.00040670507800884736
development,allen_cahn__fno__coefficient__s101__iid,fno,iid,allen_cahn,coefficient,ood,64,0,0,0,0.00485626568854014
development,allen_cahn__fno__coefficient__s101__iid,fno,iid,allen_cahn,coefficient,ood,96,0,0,0,0.010347238655333971
development,allen_cahn__fno__coefficient__s101__none,fno,none,allen_cahn,coefficient,test,64,0,0,0,0.032485818931446586
development,allen_cahn__fno__coefficient__s101__none,fno,none,allen_cahn,coefficient,test,96,0,0,0,0.0696108279289251
development,allen_cahn__fno__coefficient__s101__none,fno,none,allen_cahn,coefficient,ood,64,0,0,0,0.026132592068898675
development,allen_cahn__fno__coefficient__s101__none,fno,none,allen_cahn,coefficient,ood,96,0,0,0,0.05008523069299127
development,allen_cahn__fno__coefficient__s101__response_matched,fno,response_matched,allen_cahn,coefficient,test,64,0,0,0,0.00023605970029887124
development,allen_cahn__fno__coefficient__s101__response_matched,fno,response_matched,allen_cahn,coefficient,test,96,0,0,0,0.00030745588937796287
development,allen_cahn__fno__coefficient__s101__response_matched,fno,response_matched,allen_cahn,coefficient,ood,64,0,0,0,0.0025018805616303097
development,allen_cahn__fno__coefficient__s101__response_matched,fno,response_matched,allen_cahn,coefficient,ood,96,0,0,0,0.005039359904140246
development,allen_cahn__fno__coefficient__s101__smooth,fno,smooth,allen_cahn,coefficient,test,64,0,0,0,0.0005713465210769458
development,allen_cahn__fno__coefficient__s101__smooth,fno,smooth,allen_cahn,coefficient,test,96,0,0,0,0.0010104317935927718
development,allen_cahn__fno__coefficient__s101__smooth,fno,smooth,allen_cahn,coefficient,ood,64,0,0,0,0.0031674304873074988
development,allen_cahn__fno__coefficient__s101__smooth,fno,smooth,allen_cahn,coefficient,ood,96,0,0,0,0.005910155793352819
development,allen_cahn__fno__coefficient__s202__iid,fno,iid,allen_cahn,coefficient,test,64,0,0,0,0.0003188638820389028
development,allen_cahn__fno__coefficient__s202__iid,fno,iid,allen_cahn,coefficient,test,96,0,0,0,0.0005452128245557464
development,allen_cahn__fno__coefficient__s202__iid,fno,iid,allen_cahn,coefficient,ood,64,0,0,0,0.0015339514913709773
development,allen_cahn__fno__coefficient__s202__iid,fno,iid,allen_cahn,coefficient,ood,96,0,0,0,0.0028803176820629086
development,allen_cahn__fno__coefficient__s202__none,fno,none,allen_cahn,coefficient,test,64,0,0,0,0.0028980132154885485
development,allen_cahn__fno__coefficient__s202__none,fno,none,allen_cahn,coefficient,test,96,0,0,0,0.004107132473132472
development,allen_cahn__fno__coefficient__s202__none,fno,none,allen_cahn,coefficient,ood,64,0,0,0,0.011384109422615057
development,allen_cahn__fno__coefficient__s202__none,fno,none,allen_cahn,coefficient,ood,96,0,0,0,0.023068781161977213
development,allen_cahn__fno__coefficient__s202__response_matched,fno,response_matched,allen_cahn,coefficient,test,64,0,0,0,0.00023165093649839957
development,allen_cahn__fno__coefficient__s202__response_matched,fno,response_matched,allen_cahn,coefficient,test,96,0,0,0,0.0003737907158202908
development,allen_cahn__fno__coefficient__s202__response_matched,fno,response_matched,allen_cahn,coefficient,ood,64,0,0,0,0.0011150195273151309
development,allen_cahn__fno__coefficient__s202__response_matched,fno,response_matched,allen_cahn,coefficient,ood,96,0,0,0,0.0020620191016669604
development,allen_cahn__fno__coefficient__s202__smooth,fno,smooth,allen_cahn,coefficient,test,64,0,0,0,0.0005068686514534682
development,allen_cahn__fno__coefficient__s202__smooth,fno,smooth,allen_cahn,coefficient,test,96,0,0,0,0.0007747110166752373
development,allen_cahn__fno__coefficient__s202__smooth,fno,smooth,allen_cahn,coefficient,ood,64,0,0,0,0.0019624258065419065
development,allen_cahn__fno__coefficient__s202__smooth,fno,smooth,allen_cahn,coefficient,ood,96,0,0,0,0.0037242135121023368
development,allen_cahn__fno__coefficient__s303__iid,fno,iid,allen_cahn,coefficient,test,64,0,0,0,0.0006835692378465985
development,allen_cahn__fno__coefficient__s303__iid,fno,iid,allen_cahn,coefficient,test,96,0,0,0,0.0008654955768155336
development,allen_cahn__fno__coefficient__s303__iid,fno,iid,allen_cahn,coefficient,ood,64,0,0,0,0.005652074246604855
development,allen_cahn__fno__coefficient__s303__iid,fno,iid,allen_cahn,coefficient,ood,96,0,0,0,0.011184538957877521
development,allen_cahn__fno__coefficient__s303__none,fno,none,allen_cahn,coefficient,test,64,0,0,0,0.025367415122575274
development,allen_cahn__fno__coefficient__s303__none,fno,none,allen_cahn,coefficient,test,96,0,0,0,0.07092242826184839
development,allen_cahn__fno__coefficient__s303__none,fno,none,allen_cahn,coefficient,ood,64,0,0,0,0.03366732117420919
development,allen_cahn__fno__coefficient__s303__none,fno,none,allen_cahn,coefficient,ood,96,0,0,0,0.0791833560425173
development,allen_cahn__fno__coefficient__s303__response_matched,fno,response_matched,allen_cahn,coefficient,test,64,0,0,0,0.0004241948648560784
development,allen_cahn__fno__coefficient__s303__response_matched,fno,response_matched,allen_cahn,coefficient,test,96,0,0,0,0.0005067627804539269
development,allen_cahn__fno__coefficient__s303__response_matched,fno,response_matched,allen_cahn,coefficient,ood,64,0,0,0,0.002061906878716574
development,allen_cahn__fno__coefficient__s303__response_matched,fno,response_matched,allen_cahn,coefficient,ood,96,0,0,0,0.003800924335077338
development,allen_cahn__fno__coefficient__s303__smooth,fno,smooth,allen_cahn,coefficient,test,64,0,0,0,0.0009225220372554715
development,allen_cahn__fno__coefficient__s303__smooth,fno,smooth,allen_cahn,coefficient,test,96,0,0,0,0.0012810091078884294
development,allen_cahn__fno__coefficient__s303__smooth,fno,smooth,allen_cahn,coefficient,ood,64,0,0,0,0.0026620849552017045
development,allen_cahn__fno__coefficient__s303__smooth,fno,smooth,allen_cahn,coefficient,ood,96,0,0,0,0.0040202692463423935
development,allen_cahn__fno__coefficient__s404__iid,fno,iid,allen_cahn,coefficient,test,64,0,0,0,0.00016383462735897886
development,allen_cahn__fno__coefficient__s404__iid,fno,iid,allen_cahn,coefficient,test,96,0,0,0,0.00022568349773999705
development,allen_cahn__fno__coefficient__s404__iid,fno,iid,allen_cahn,coefficient,ood,64,0,0,0,0.00207533054811182
development,allen_cahn__fno__coefficient__s404__iid,fno,iid,allen_cahn,coefficient,ood,96,0,0,0,0.0037579413778859503
development,allen_cahn__fno__coefficient__s404__none,fno,none,allen_cahn,coefficient,test,64,0,0,0,0.0033877178395944132
development,allen_cahn__fno__coefficient__s404__none,fno,none,allen_cahn,coefficient,test,96,0,0,0,0.004720825152328491
development,allen_cahn__fno__coefficient__s404__none,fno,none,allen_cahn,coefficient,ood,64,0,0,0,0.010163052347241935
development,allen_cahn__fno__coefficient__s404__none,fno,none,allen_cahn,coefficient,ood,96,0,0,0,0.021959166733772646
development,allen_cahn__fno__coefficient__s404__response_matched,fno,response_matched,allen_cahn,coefficient,test,64,0,0,0,0.00015338446993461152
development,allen_cahn__fno__coefficient__s404__response_matched,fno,response_matched,allen_cahn,coefficient,test,96,0,0,0,0.0002223125339542072
development,allen_cahn__fno__coefficient__s404__response_matched,fno,response_matched,allen_cahn,coefficient,ood,64,0,0,0,0.0015509246907626784
development,allen_cahn__fno__coefficient__s404__response_matched,fno,response_matched,allen_cahn,coefficient,ood,96,0,0,0,0.0028900603897890806
development,allen_cahn__fno__coefficient__s404__smooth,fno,smooth,allen_cahn,coefficient,test,64,0,0,0,0.00040587572076529466
development,allen_cahn__fno__coefficient__s404__smooth,fno,smooth,allen_cahn,coefficient,test,96,0,0,0,0.0007045129547284812
development,allen_cahn__fno__coefficient__s404__smooth,fno,smooth,allen_cahn,coefficient,ood,64,0,0,0,0.0018479460848291884
development,allen_cahn__fno__coefficient__s404__smooth,fno,smooth,allen_cahn,coefficient,ood,96,0,0,0,0.0036650547855805464
development,allen_cahn__fno__coefficient__s505__iid,fno,iid,allen_cahn,coefficient,test,64,0,0,0,0.0007258129585489964
development,allen_cahn__fno__coefficient__s505__iid,fno,iid,allen_cahn,coefficient,test,96,0,0,0,0.0008024069772568181
development,allen_cahn__fno__coefficient__s505__iid,fno,iid,allen_cahn,coefficient,ood,64,0,0,0,0.0023562511773888017
development,allen_cahn__fno__coefficient__s505__iid,fno,iid,allen_cahn,coefficient,ood,96,0,0,0,0.004164877679277312
development,allen_cahn__fno__coefficient__s505__none,fno,none,allen_cahn,coefficient,test,64,0,0,0,0.019770857169939732
development,allen_cahn__fno__coefficient__s505__none,fno,none,allen_cahn,coefficient,test,96,0,0,0,0.04132386038528678
development,allen_cahn__fno__coefficient__s505__none,fno,none,allen_cahn,coefficient,ood,64,0,0,0,0.02802797434616032
development,allen_cahn__fno__coefficient__s505__none,fno,none,allen_cahn,coefficient,ood,96,0,0,0,0.06863142068746778
development,allen_cahn__fno__coefficient__s505__response_matched,fno,response_matched,allen_cahn,coefficient,test,64,0,0,0,0.0002259661058886253
development,allen_cahn__fno__coefficient__s505__response_matched,fno,response_matched,allen_cahn,coefficient,test,96,0,0,0,0.00031747719104278466
development,allen_cahn__fno__coefficient__s505__response_matched,fno,response_matched,allen_cahn,coefficient,ood,64,0,0,0,0.0040777208072229065
development,allen_cahn__fno__coefficient__s505__response_matched,fno,response_matched,allen_cahn,coefficient,ood,96,0,0,0,0.008240860439641118
development,allen_cahn__fno__coefficient__s505__smooth,fno,smooth,allen_cahn,coefficient,test,64,0,0,0,0.0004917358423667181
development,allen_cahn__fno__coefficient__s505__smooth,fno,smooth,allen_cahn,coefficient,test,96,0,0,0,0.0008568798531171419
development,allen_cahn__fno__coefficient__s505__smooth,fno,smooth,allen_cahn,coefficient,ood,64,0,0,0,0.005314268984434156
development,allen_cahn__fno__coefficient__s505__smooth,fno,smooth,allen_cahn,coefficient,ood,96,0,0,0,0.010430436975648084
development,allen_cahn__fno__coefficient__s606__iid,fno,iid,allen_cahn,coefficient,test,64,0,0,0,0.00032326397475887503
development,allen_cahn__fno__coefficient__s606__iid,fno,iid,allen_cahn,coefficient,test,96,0,0,0,0.0004674627336406408
development,allen_cahn__fno__coefficient__s606__iid,fno,iid,allen_cahn,coefficient,ood,64,0,0,0,0.004513418207309938
development,allen_cahn__fno__coefficient__s606__iid,fno,iid,allen_cahn,coefficient,ood,96,0,0,0,0.009246679227968513
development,allen_cahn__fno__coefficient__s606__none,fno,none,allen_cahn,coefficient,test,64,0,0,0,0.016931029838813304
development,allen_cahn__fno__coefficient__s606__none,fno,none,allen_cahn,coefficient,test,96,0,0,0,0.034236518997155456
development,allen_cahn__fno__coefficient__s606__none,fno,none,allen_cahn,coefficient,ood,64,0,0,0,0.06641720882697569
development,allen_cahn__fno__coefficient__s606__none,fno,none,allen_cahn,coefficient,ood,96,0,0,0,0.15554585162571224
development,allen_cahn__fno__coefficient__s606__response_matched,fno,response_matched,allen_cahn,coefficient,test,64,0,0,0,0.00041600697657462327
development,allen_cahn__fno__coefficient__s606__response_matched,fno,response_matched,allen_cahn,coefficient,test,96,0,0,0,0.0005743161000562047
development,allen_cahn__fno__coefficient__s606__response_matched,fno,response_matched,allen_cahn,coefficient,ood,64,0,0,0,0.005846296550834462
development,allen_cahn__fno__coefficient__s606__response_matched,fno,response_matched,allen_cahn,coefficient,ood,96,0,0,0,0.012099459813085689
development,allen_cahn__fno__coefficient__s606__smooth,fno,smooth,allen_cahn,coefficient,test,64,0,0,0,0.0006088361750498233
development,allen_cahn__fno__coefficient__s606__smooth,fno,smooth,allen_cahn,coefficient,test,96,0,0,0,0.0008910376080984717
development,allen_cahn__fno__coefficient__s606__smooth,fno,smooth,allen_cahn,coefficient,ood,64,0,0,0,0.011589338954264172
development,allen_cahn__fno__coefficient__s606__smooth,fno,smooth,allen_cahn,coefficient,ood,96,0,0,0,0.023712727899586634
development,allen_cahn__fno__correct__s101__iid,fno,iid,allen_cahn,correct,test,64,0,0,0,0.0003900386728358102
development,allen_cahn__fno__correct__s101__iid,fno,iid,allen_cahn,correct,test,96,0,0,0,0.000605115120191115
development,allen_cahn__fno__correct__s101__iid,fno,iid,allen_cahn,correct,ood,64,0,0,0,0.006604540667156655
development,allen_cahn__fno__correct__s101__iid,fno,iid,allen_cahn,correct,ood,96,0,0,0,0.014273354541748755
development,allen_cahn__fno__correct__s101__none,fno,none,allen_cahn,correct,test,64,0,0,0,0.03248215783066136
development,allen_cahn__fno__correct__s101__none,fno,none,allen_cahn,correct,test,96,0,0,0,0.0696085165180905
development,allen_cahn__fno__correct__s101__none,fno,none,allen_cahn,correct,ood,64,0,0,0,0.026266629336275077
development,allen_cahn__fno__correct__s101__none,fno,none,allen_cahn,correct,ood,96,0,0,0,0.05037547054338977
development,allen_cahn__fno__correct__s101__response_matched,fno,response_matched,allen_cahn,correct,test,64,0,0,0,0.00016648671441101687
development,allen_cahn__fno__correct__s101__response_matched,fno,response_matched,allen_cahn,correct,test,96,0,0,0,0.00024672308778629637
development,allen_cahn__fno__correct__s101__response_matched,fno,response_matched,allen_cahn,correct,ood,64,0,0,0,0.005885765402120713
development,allen_cahn__fno__correct__s101__response_matched,fno,response_matched,allen_cahn,correct,ood,96,0,0,0,0.012466884888175192
development,allen_cahn__fno__correct__s101__smooth,fno,smooth,allen_cahn,correct,test,64,0,0,0,0.00046727357495100763
development,allen_cahn__fno__correct__s101__smooth,fno,smooth,allen_cahn,correct,test,96,0,0,0,0.0006881616517448914
development,allen_cahn__fno__correct__s101__smooth,fno,smooth,allen_cahn,correct,ood,64,0,0,0,0.001560157236324411
development,allen_cahn__fno__correct__s101__smooth,fno,smooth,allen_cahn,correct,ood,96,0,0,0,0.002770354211689548
development,allen_cahn__fno__correct__s202__iid,fno,iid,allen_cahn,correct,test,64,0,0,0,0.00011201345539337687
development,allen_cahn__fno__correct__s202__iid,fno,iid,allen_cahn,correct,test,96,0,0,0,0.00015000760186935358
development,allen_cahn__fno__correct__s202__iid,fno,iid,allen_cahn,correct,ood,64,0,0,0,0.004836015120258552
development,allen_cahn__fno__correct__s202__iid,fno,iid,allen_cahn,correct,ood,96,0,0,0,0.010299574067770711
development,allen_cahn__fno__correct__s202__none,fno,none,allen_cahn,correct,test,64,0,0,0,0.0028443063104583236
development,allen_cahn__fno__correct__s202__none,fno,none,allen_cahn,correct,test,96,0,0,0,0.004019011441239751
development,allen_cahn__fno__correct__s202__none,fno,none,allen_cahn,correct,ood,64,0,0,0,0.011043449482804946
development,allen_cahn__fno__correct__s202__none,fno,none,allen_cahn,correct,ood,96,0,0,0,0.022436083520521843
development,allen_cahn__fno__correct__s202__response_matched,fno,response_matched,allen_cahn,correct,test,64,0,0,0,8.441944097302596e-05
development,allen_cahn__fno__correct__s202__response_matched,fno,response_matched,allen_cahn,correct,test,96,0,0,0,0.00010713774417413802
development,allen_cahn__fno__correct__s202__response_matched,fno,response_matched,allen_cahn,correct,ood,64,0,0,0,0.006606058651698277
development,allen_cahn__fno__correct__s202__response_matched,fno,response_matched,allen_cahn,correct,ood,96,0,0,0,0.013769275458969332
development,allen_cahn__fno__correct__s202__smooth,fno,smooth,allen_cahn,correct,test,64,0,0,0,0.00025914016803296747
development,allen_cahn__fno__correct__s202__smooth,fno,smooth,allen_cahn,correct,test,96,0,0,0,0.00035580997323325647
development,allen_cahn__fno__correct__s202__smooth,fno,smooth,allen_cahn,correct,ood,64,0,0,0,0.0018604685825258371
development,allen_cahn__fno__correct__s202__smooth,fno,smooth,allen_cahn,correct,ood,96,0,0,0,0.0036706210382091986
development,allen_cahn__fno__correct__s303__iid,fno,iid,allen_cahn,correct,test,64,0,0,0,0.0006292417274751314
development,allen_cahn__fno__correct__s303__iid,fno,iid,allen_cahn,correct,test,96,0,0,0,0.0007723119363363072
development,allen_cahn__fno__correct__s303__iid,fno,iid,allen_cahn,correct,ood,64,0,0,0,0.001129093526279712
development,allen_cahn__fno__correct__s303__iid,fno,iid,allen_cahn,correct,ood,96,0,0,0,0.0019187695878427613
development,allen_cahn__fno__correct__s303__none,fno,none,allen_cahn,correct,test,64,0,0,0,0.02594149958063144
development,allen_cahn__fno__correct__s303__none,fno,none,allen_cahn,correct,test,96,0,0,0,0.07359545463288394
development,allen_cahn__fno__correct__s303__none,fno,none,allen_cahn,correct,ood,64,0,0,0,0.03302428079405875
development,allen_cahn__fno__correct__s303__none,fno,none,allen_cahn,correct,ood,96,0,0,0,0.0774986119231515
development,allen_cahn__fno__correct__s303__response_matched,fno,response_matched,allen_cahn,correct,test,64,0,0,0,0.00039035659724772145
development,allen_cahn__fno__correct__s303__response_matched,fno,response_matched,allen_cahn,correct,test,96,0,0,0,0.0005168413525834085
development,allen_cahn__fno__correct__s303__response_matched,fno,response_matched,allen_cahn,correct,ood,64,0,0,0,0.0016530317853597487
development,allen_cahn__fno__correct__s303__response_matched,fno,response_matched,allen_cahn,correct,ood,96,0,0,0,0.0031642958889271933
development,allen_cahn__fno__correct__s303__smooth,fno,smooth,allen_cahn,correct,test,64,0,0,0,0.0007616466997105581
development,allen_cahn__fno__correct__s303__smooth,fno,smooth,allen_cahn,correct,test,96,0,0,0,0.0009334187136982955
development,allen_cahn__fno__correct__s303__smooth,fno,smooth,allen_cahn,correct,ood,64,0,0,0,0.002140470407507533
development,allen_cahn__fno__correct__s303__smooth,fno,smooth,allen_cahn,correct,ood,96,0,0,0,0.0039522503205400294
development,allen_cahn__fno__correct__s404__iid,fno,iid,allen_cahn,correct,test,64,0,0,0,0.00013278109642858582
development,allen_cahn__fno__correct__s404__iid,fno,iid,allen_cahn,correct,test,96,0,0,0,0.0001953660775939059
development,allen_cahn__fno__correct__s404__iid,fno,iid,allen_cahn,correct,ood,64,0,0,0,0.005000618283993341
development,allen_cahn__fno__correct__s404__iid,fno,iid,allen_cahn,correct,ood,96,0,0,0,0.009972398632749716
development,allen_cahn__fno__correct__s404__none,fno,none,allen_cahn,correct,test,64,0,0,0,0.00341957245884468
development,allen_cahn__fno__correct__s404__none,fno,none,allen_cahn,correct,test,96,0,0,0,0.0047669217134628334
development,allen_cahn__fno__correct__s404__none,fno,none,allen_cahn,correct,ood,64,0,0,0,0.01022058080004229
development,allen_cahn__fno__correct__s404__none,fno,none,allen_cahn,correct,ood,96,0,0,0,0.022069269497263806
development,allen_cahn__fno__correct__s404__response_matched,fno,response_matched,allen_cahn,correct,test,64,0,0,0,0.0001141916963151475
development,allen_cahn__fno__correct__s404__response_matched,fno,response_matched,allen_cahn,correct,test,96,0,0,0,0.00015781679722362785
development,allen_cahn__fno__correct__s404__response_matched,fno,response_matched,allen_cahn,correct,ood,64,0,0,0,0.0018057322595186331
development,allen_cahn__fno__correct__s404__response_matched,fno,response_matched,allen_cahn,correct,ood,96,0,0,0,0.0033646031491317467
development,allen_cahn__fno__correct__s404__smooth,fno,smooth,allen_cahn,correct,test,64,0,0,0,0.00041728876833550116
development,allen_cahn__fno__correct__s404__smooth,fno,smooth,allen_cahn,correct,test,96,0,0,0,0.000661011574301193
development,allen_cahn__fno__correct__s404__smooth,fno,smooth,allen_cahn,correct,ood,64,0,0,0,0.0019658782456319635
development,allen_cahn__fno__correct__s404__smooth,fno,smooth,allen_cahn,correct,ood,96,0,0,0,0.0036581957062917594
development,allen_cahn__fno__correct__s505__iid,fno,iid,allen_cahn,correct,test,64,0,0,0,0.0030545876256995036
development,allen_cahn__fno__correct__s505__iid,fno,iid,allen_cahn,correct,test,96,0,0,0,0.005519855023762038
development,allen_cahn__fno__correct__s505__iid,fno,iid,allen_cahn,correct,ood,64,0,0,0,0.0010323265795849634
development,allen_cahn__fno__correct__s505__iid,fno,iid,allen_cahn,correct,ood,96,0,0,0,0.0014631888955574102
development,allen_cahn__fno__correct__s505__none,fno,none,allen_cahn,correct,test,64,0,0,0,0.019814408846710457
development,allen_cahn__fno__correct__s505__none,fno,none,allen_cahn,correct,test,96,0,0,0,0.04133689739097511
development,allen_cahn__fno__correct__s505__none,fno,none,allen_cahn,correct,ood,64,0,0,0,0.028105836474963605
development,allen_cahn__fno__correct__s505__none,fno,none,allen_cahn,correct,ood,96,0,0,0,0.06867178666756948
development,allen_cahn__fno__correct__s505__response_matched,fno,response_matched,allen_cahn,correct,test,64,0,0,0,0.00037995184926033904
development,allen_cahn__fno__correct__s505__response_matched,fno,response_matched,allen_cahn,correct,test,96,0,0,0,0.000498080026257892
development,allen_cahn__fno__correct__s505__response_matched,fno,response_matched,allen_cahn,correct,ood,64,0,0,0,0.0011100063341621391
development,allen_cahn__fno__correct__s505__response_matched,fno,response_matched,allen_cahn,correct,ood,96,0,0,0,0.0020030843896396977
development,allen_cahn__fno__correct__s505__smooth,fno,smooth,allen_cahn,correct,test,64,0,0,0,0.00038648172625666
development,allen_cahn__fno__correct__s505__smooth,fno,smooth,allen_cahn,correct,test,96,0,0,0,0.00057877514679013
development,allen_cahn__fno__correct__s505__smooth,fno,smooth,allen_cahn,correct,ood,64,0,0,0,0.0021971775413530126
development,allen_cahn__fno__correct__s505__smooth,fno,smooth,allen_cahn,correct,ood,96,0,0,0,0.004092831709815707
development,allen_cahn__fno__correct__s606__iid,fno,iid,allen_cahn,correct,test,64,0,0,0,0.0002830163857405754
development,allen_cahn__fno__correct__s606__iid,fno,iid,allen_cahn,correct,test,96,0,0,0,0.00041939536023383184
development,allen_cahn__fno__correct__s606__iid,fno,iid,allen_cahn,correct,ood,64,0,0,0,0.0035697214094813634
development,allen_cahn__fno__correct__s606__iid,fno,iid,allen_cahn,correct,ood,96,0,0,0,0.007432292469571888
development,allen_cahn__fno__correct__s606__none,fno,none,allen_cahn,correct,test,64,0,0,0,0.01698526044031934
development,allen_cahn__fno__correct__s606__none,fno,none,allen_cahn,correct,test,96,0,0,0,0.03413924891475355
development,allen_cahn__fno__correct__s606__none,fno,none,allen_cahn,correct,ood,64,0,0,0,0.06704283712732684
development,allen_cahn__fno__correct__s606__none,fno,none,allen_cahn,correct,ood,96,0,0,0,0.15665013848082912
development,allen_cahn__fno__correct__s606__response_matched,fno,response_matched,allen_cahn,correct,test,64,0,0,0,0.00014013884417009292
development,allen_cahn__fno__correct__s606__response_matched,fno,response_matched,allen_cahn,correct,test,96,0,0,0,0.00015121568481284614
development,allen_cahn__fno__correct__s606__response_matched,fno,response_matched,allen_cahn,correct,ood,64,0,0,0,0.001682703212197989
development,allen_cahn__fno__correct__s606__response_matched,fno,response_matched,allen_cahn,correct,ood,96,0,0,0,0.0034497080495971364
development,allen_cahn__fno__correct__s606__smooth,fno,smooth,allen_cahn,correct,test,64,0,0,0,0.0004588053540363901
development,allen_cahn__fno__correct__s606__smooth,fno,smooth,allen_cahn,correct,test,96,0,0,0,0.0006102609972560846
development,allen_cahn__fno__correct__s606__smooth,fno,smooth,allen_cahn,correct,ood,64,0,0,0,0.01452976300799197
development,allen_cahn__fno__correct__s606__smooth,fno,smooth,allen_cahn,correct,ood,96,0,0,0,0.030756613313196346
development,allen_cahn__looped__coefficient__s101__iid,looped,iid,allen_cahn,coefficient,test,64,0,0,0,0.0026348524343279833
development,allen_cahn__looped__coefficient__s101__iid,looped,iid,allen_cahn,coefficient,test,96,0,0,0,0.003849390806328956
development,allen_cahn__looped__coefficient__s101__iid,looped,iid,allen_cahn,coefficient,ood,64,0,0,0,0.7094393606191005
development,allen_cahn__looped__coefficient__s101__iid,looped,iid,allen_cahn,coefficient,ood,96,0,0,0,1.3154968343992077
development,allen_cahn__looped__coefficient__s101__none,looped,none,allen_cahn,coefficient,test,64,0,0,0,0.005798866363470823
development,allen_cahn__looped__coefficient__s101__none,looped,none,allen_cahn,coefficient,test,96,0,0,0,0.007797020188088663
development,allen_cahn__looped__coefficient__s101__none,looped,none,allen_cahn,coefficient,ood,64,0,0,0,0.07866755846235352
development,allen_cahn__looped__coefficient__s101__none,looped,none,allen_cahn,coefficient,ood,96,0,0,0,0.1727054258378642
development,allen_cahn__looped__coefficient__s101__response_matched,looped,response_matched,allen_cahn,coefficient,test,64,0,0,0,0.004064536927226192
development,allen_cahn__looped__coefficient__s101__response_matched,looped,response_matched,allen_cahn,coefficient,test,96,0,0,0,0.00641505793720539
development,allen_cahn__looped__coefficient__s101__response_matched,looped,response_matched,allen_cahn,coefficient,ood,64,0,0,0,0.8404697565941461
development,allen_cahn__looped__coefficient__s101__response_matched,looped,response_matched,allen_cahn,coefficient,ood,96,0,0,0,1.4687705178277781
development,allen_cahn__looped__coefficient__s101__smooth,looped,smooth,allen_cahn,coefficient,test,64,0,0,0,0.0020862717310963785
development,allen_cahn__looped__coefficient__s101__smooth,looped,smooth,allen_cahn,coefficient,test,96,0,0,0,0.002863255776215712
development,allen_cahn__looped__coefficient__s101__smooth,looped,smooth,allen_cahn,coefficient,ood,64,0,0,0,0.29695956450426664
development,allen_cahn__looped__coefficient__s101__smooth,looped,smooth,allen_cahn,coefficient,ood,96,0,0,0,0.7401071031864912
development,allen_cahn__looped__coefficient__s202__iid,looped,iid,allen_cahn,coefficient,test,64,0,0,0,0.0027219199172521247
development,allen_cahn__looped__coefficient__s202__iid,looped,iid,allen_cahn,coefficient,test,96,0,0,0,0.0042271054863192905
development,allen_cahn__looped__coefficient__s202__iid,looped,iid,allen_cahn,coefficient,ood,64,0,0,0,0.2441725510409256
development,allen_cahn__looped__coefficient__s202__iid,looped,iid,allen_cahn,coefficient,ood,96,0,0,0,0.48677072150726514
development,allen_cahn__looped__coefficient__s202__none,looped,none,allen_cahn,coefficient,test,64,0,0,0,0.003606062221567008
development,allen_cahn__looped__coefficient__s202__none,looped,none,allen_cahn,coefficient,test,96,0,0,0,0.004661909223957039
development,allen_cahn__looped__coefficient__s202__none,looped,none,allen_cahn,coefficient,ood,64,0,0,0,0.04737424972468762
development,allen_cahn__looped__coefficient__s202__none,looped,none,allen_cahn,coefficient,ood,96,0,0,0,0.08838894351687365
development,allen_cahn__looped__coefficient__s202__response_matched,looped,response_matched,allen_cahn,coefficient,test,64,0,0,0,0.0029090688897479566
development,allen_cahn__looped__coefficient__s202__response_matched,looped,response_matched,allen_cahn,coefficient,test,96,0,0,0,0.004911292940125378
development,allen_cahn__looped__coefficient__s202__response_matched,looped,response_matched,allen_cahn,coefficient,ood,64,0,0,0,0.3200892431339213
development,allen_cahn__looped__coefficient__s202__response_matched,looped,response_matched,allen_cahn,coefficient,ood,96,0,0,0,0.5449918351828368
development,allen_cahn__looped__coefficient__s202__smooth,looped,smooth,allen_cahn,coefficient,test,64,0,0,0,0.003090988016322682
development,allen_cahn__looped__coefficient__s202__smooth,looped,smooth,allen_cahn,coefficient,test,96,0,0,0,0.004127128891504943
development,allen_cahn__looped__coefficient__s202__smooth,looped,smooth,allen_cahn,coefficient,ood,64,0,0,0,0.21503449985801382
development,allen_cahn__looped__coefficient__s202__smooth,looped,smooth,allen_cahn,coefficient,ood,96,0,0,0,0.4282498126066656
development,allen_cahn__looped__coefficient__s303__iid,looped,iid,allen_cahn,coefficient,test,64,0,0,0,0.0027690187893465446
development,allen_cahn__looped__coefficient__s303__iid,looped,iid,allen_cahn,coefficient,test,96,0,0,0,0.004055612863933522
development,allen_cahn__looped__coefficient__s303__iid,looped,iid,allen_cahn,coefficient,ood,64,0,0,0,0.2961560889628885
development,allen_cahn__looped__coefficient__s303__iid,looped,iid,allen_cahn,coefficient,ood,96,0,0,0,0.5786250057058832
development,allen_cahn__looped__coefficient__s303__none,looped,none,allen_cahn,coefficient,test,64,0,0,0,0.004676736215866617
development,allen_cahn__looped__coefficient__s303__none,looped,none,allen_cahn,coefficient,test,96,0,0,0,0.005543156949279501
development,allen_cahn__looped__coefficient__s303__none,looped,none,allen_cahn,coefficient,ood,64,0,0,0,0.05844524339851098
development,allen_cahn__looped__coefficient__s303__none,looped,none,allen_cahn,coefficient,ood,96,0,0,0,0.09980829606251143
development,allen_cahn__looped__coefficient__s303__response_matched,looped,response_matched,allen_cahn,coefficient,test,64,0,0,0,0.003059007900629074
development,allen_cahn__looped__coefficient__s303__response_matched,looped,response_matched,allen_cahn,coefficient,test,96,0,0,0,0.0046244480488612325
development,allen_cahn__looped__coefficient__s303__response_matched,looped,response_matched,allen_cahn,coefficient,ood,64,0,0,0,0.36702098856304133
development,allen_cahn__looped__coefficient__s303__response_matched,looped,response_matched,allen_cahn,coefficient,ood,96,0,0,0,0.6871198520620396
development,allen_cahn__looped__coefficient__s303__smooth,looped,smooth,allen_cahn,coefficient,test,64,0,0,0,0.002522635613082247
development,allen_cahn__looped__coefficient__s303__smooth,looped,smooth,allen_cahn,coefficient,test,96,0,0,0,0.0036164702015966475
development,allen_cahn__looped__coefficient__s303__smooth,looped,smooth,allen_cahn,coefficient,ood,64,0,0,0,0.12748176568281977
development,allen_cahn__looped__coefficient__s303__smooth,looped,smooth,allen_cahn,coefficient,ood,96,0,0,0,0.25556993240429665
development,allen_cahn__looped__coefficient__s404__iid,looped,iid,allen_cahn,coefficient,test,64,0,0,0,0.00235161505947612
development,allen_cahn__looped__coefficient__s404__iid,looped,iid,allen_cahn,coefficient,test,96,0,0,0,0.0035913954163515616
development,allen_cahn__looped__coefficient__s404__iid,looped,iid,allen_cahn,coefficient,ood,64,0,0,0,0.17087433493179915
development,allen_cahn__looped__coefficient__s404__iid,looped,iid,allen_cahn,coefficient,ood,96,0,0,0,0.3683157323970008
development,allen_cahn__looped__coefficient__s404__none,looped,none,allen_cahn,coefficient,test,64,0,0,0,0.003582194868662958
development,allen_cahn__looped__coefficient__s404__none,looped,none,allen_cahn,coefficient,test,96,0,0,0,0.004512013886487734
development,allen_cahn__looped__coefficient__s404__none,looped,none,allen_cahn,coefficient,ood,64,0,0,0,0.1533312229639643
development,allen_cahn__looped__coefficient__s404__none,looped,none,allen_cahn,coefficient,ood,96,0,0,0,0.34222297305313576
development,allen_cahn__looped__coefficient__s404__response_matched,looped,response_matched,allen_cahn,coefficient,test,64,0,0,0,0.003387271453018814
development,allen_cahn__looped__coefficient__s404__response_matched,looped,response_matched,allen_cahn,coefficient,test,96,0,0,0,0.005431821844503637
development,allen_cahn__looped__coefficient__s404__response_matched,looped,response_matched,allen_cahn,coefficient,ood,64,0,0,0,0.18954500329343205
development,allen_cahn__looped__coefficient__s404__response_matched,looped,response_matched,allen_cahn,coefficient,ood,96,0,0,0,0.4040716599841403
development,allen_cahn__looped__coefficient__s404__smooth,looped,smooth,allen_cahn,coefficient,test,64,0,0,0,0.001694598728700314
development,allen_cahn__looped__coefficient__s404__smooth,looped,smooth,allen_cahn,coefficient,test,96,0,0,0,0.0025716062472223395
development,allen_cahn__looped__coefficient__s404__smooth,looped,smooth,allen_cahn,coefficient,ood,64,0,0,0,0.07034471782110074
development,allen_cahn__looped__coefficient__s404__smooth,looped,smooth,allen_cahn,coefficient,ood,96,0,0,0,0.13744490496745243
development,allen_cahn__looped__coefficient__s505__iid,looped,iid,allen_cahn,coefficient,test,64,0,0,0,0.0030433789632449137
development,allen_cahn__looped__coefficient__s505__iid,looped,iid,allen_cahn,coefficient,test,96,0,0,0,0.004992100265338362
development,allen_cahn__looped__coefficient__s505__iid,looped,iid,allen_cahn,coefficient,ood,64,0,0,0,0.21291734185614786
development,allen_cahn__looped__coefficient__s505__iid,looped,iid,allen_cahn,coefficient,ood,96,0,0,0,0.35169893095371185
development,allen_cahn__looped__coefficient__s505__none,looped,none,allen_cahn,coefficient,test,64,0,0,0,0.004782896826822869
development,allen_cahn__looped__coefficient__s505__none,looped,none,allen_cahn,coefficient,test,96,0,0,0,0.006493413831936431
development,allen_cahn__looped__coefficient__s505__none,looped,none,allen_cahn,coefficient,ood,64,0,0,0,0.1331157605453921
development,allen_cahn__looped__coefficient__s505__none,looped,none,allen_cahn,coefficient,ood,96,0,0,0,0.28230778777524657
development,allen_cahn__looped__coefficient__s505__response_matched,looped,response_matched,allen_cahn,coefficient,test,64,0,0,0,0.0020067054504857573
development,allen_cahn__looped__coefficient__s505__response_matched,looped,response_matched,allen_cahn,coefficient,test,96,0,0,0,0.0031134814480268482
development,allen_cahn__looped__coefficient__s505__response_matched,looped,response_matched,allen_cahn,coefficient,ood,64,0,0,0,0.34423394119431805
development,allen_cahn__looped__coefficient__s505__response_matched,looped,response_matched,allen_cahn,coefficient,ood,96,0,0,0,0.5546832178287104
development,allen_cahn__looped__coefficient__s505__smooth,looped,smooth,allen_cahn,coefficient,test,64,0,0,0,0.002390722507704779
development,allen_cahn__looped__coefficient__s505__smooth,looped,smooth,allen_cahn,coefficient,test,96,0,0,0,0.003567880502358974
development,allen_cahn__looped__coefficient__s505__smooth,looped,smooth,allen_cahn,coefficient,ood,64,0,0,0,0.12699219008274554
development,allen_cahn__looped__coefficient__s505__smooth,looped,smooth,allen_cahn,coefficient,ood,96,0,0,0,0.1796658617899804
development,allen_cahn__looped__coefficient__s606__iid,looped,iid,allen_cahn,coefficient,test,64,0,0,0,0.003387512331179121
development,allen_cahn__looped__coefficient__s606__iid,looped,iid,allen_cahn,coefficient,test,96,0,0,0,0.005275660493788581
development,allen_cahn__looped__coefficient__s606__iid,looped,iid,allen_cahn,coefficient,ood,64,0,0,0,0.3419740385635688
development,allen_cahn__looped__coefficient__s606__iid,looped,iid,allen_cahn,coefficient,ood,96,0,0,0,0.8211208686129261
development,allen_cahn__looped__coefficient__s606__none,looped,none,allen_cahn,coefficient,test,64,0,0,0,0.006464044734437069
development,allen_cahn__looped__coefficient__s606__none,looped,none,allen_cahn,coefficient,test,96,0,0,0,0.007477090307565752
development,allen_cahn__looped__coefficient__s606__none,looped,none,allen_cahn,coefficient,ood,64,0,0,0,0.5159514730509649
development,allen_cahn__looped__coefficient__s606__none,looped,none,allen_cahn,coefficient,ood,96,0,0,0,1.2208407773309418
development,allen_cahn__looped__coefficient__s606__response_matched,looped,response_matched,allen_cahn,coefficient,test,64,0,0,0,0.002918069782634203
development,allen_cahn__looped__coefficient__s606__response_matched,looped,response_matched,allen_cahn,coefficient,test,96,0,0,0,0.004433198983252451
development,allen_cahn__looped__coefficient__s606__response_matched,looped,response_matched,allen_cahn,coefficient,ood,64,0,0,0,0.49087039923813336
development,allen_cahn__looped__coefficient__s606__response_matched,looped,response_matched,allen_cahn,coefficient,ood,96,0,0,0,1.0045379215864614
development,allen_cahn__looped__coefficient__s606__smooth,looped,smooth,allen_cahn,coefficient,test,64,0,0,0,0.0032231241520810916
development,allen_cahn__looped__coefficient__s606__smooth,looped,smooth,allen_cahn,coefficient,test,96,0,0,0,0.005029457083884803
development,allen_cahn__looped__coefficient__s606__smooth,looped,smooth,allen_cahn,coefficient,ood,64,0,0,0,0.42078849852802946
development,allen_cahn__looped__coefficient__s606__smooth,looped,smooth,allen_cahn,coefficient,ood,96,0,0,0,0.97338869625793
development,allen_cahn__looped__correct__s101__iid,looped,iid,allen_cahn,correct,test,64,0,0,0,0.0038752674986763935
development,allen_cahn__looped__correct__s101__iid,looped,iid,allen_cahn,correct,test,96,0,0,0,0.006171416122345619
development,allen_cahn__looped__correct__s101__iid,looped,iid,allen_cahn,correct,ood,64,0,0,0,0.1771089553753349
development,allen_cahn__looped__correct__s101__iid,looped,iid,allen_cahn,correct,ood,96,0,0,0,0.4652753472282356
development,allen_cahn__looped__correct__s101__none,looped,none,allen_cahn,correct,test,64,0,0,0,0.005798858039631427
development,allen_cahn__looped__correct__s101__none,looped,none,allen_cahn,correct,test,96,0,0,0,0.007797004980521308
development,allen_cahn__looped__correct__s101__none,looped,none,allen_cahn,correct,ood,64,0,0,0,0.07866766303059691
development,allen_cahn__looped__correct__s101__none,looped,none,allen_cahn,correct,ood,96,0,0,0,0.17270561918734256
development,allen_cahn__looped__correct__s101__response_matched,looped,response_matched,allen_cahn,correct,test,64,0,0,0,0.003539013683227843
development,allen_cahn__looped__correct__s101__response_matched,looped,response_matched,allen_cahn,correct,test,96,0,0,0,0.005405453237186701
development,allen_cahn__looped__correct__s101__response_matched,looped,response_matched,allen_cahn,correct,ood,64,0,0,0,0.654916177188781
development,allen_cahn__looped__correct__s101__response_matched,looped,response_matched,allen_cahn,correct,ood,96,0,0,0,1.208588855853833
development,allen_cahn__looped__correct__s101__smooth,looped,smooth,allen_cahn,correct,test,64,0,0,0,0.0033436620791627014
development,allen_cahn__looped__correct__s101__smooth,looped,smooth,allen_cahn,correct,test,96,0,0,0,0.005088537148937237
development,allen_cahn__looped__correct__s101__smooth,looped,smooth,allen_cahn,correct,ood,64,0,0,0,0.060129585807040975
development,allen_cahn__looped__correct__s101__smooth,looped,smooth,allen_cahn,correct,ood,96,0,0,0,0.12417769057701437
development,allen_cahn__looped__correct__s202__iid,looped,iid,allen_cahn,correct,test,64,0,0,0,0.00318350416314217
development,allen_cahn__looped__correct__s202__iid,looped,iid,allen_cahn,correct,test,96,0,0,0,0.004973872951322085
development,allen_cahn__looped__correct__s202__iid,looped,iid,allen_cahn,correct,ood,64,0,0,0,0.2942071549245284
development,allen_cahn__looped__correct__s202__iid,looped,iid,allen_cahn,correct,ood,96,0,0,0,0.6088786700604724
development,allen_cahn__looped__correct__s202__none,looped,none,allen_cahn,correct,test,64,0,0,0,0.0036060720941206714
development,allen_cahn__looped__correct__s202__none,looped,none,allen_cahn,correct,test,96,0,0,0,0.004661926832032185
development,allen_cahn__looped__correct__s202__none,looped,none,allen_cahn,correct,ood,64,0,0,0,0.0473740292148932
development,allen_cahn__looped__correct__s202__none,looped,none,allen_cahn,correct,ood,96,0,0,0,0.08838843673152041
development,allen_cahn__looped__correct__s202__response_matched,looped,response_matched,allen_cahn,correct,test,64,0,0,0,0.002352568159168511
development,allen_cahn__looped__correct__s202__response_matched,looped,response_matched,allen_cahn,correct,test,96,0,0,0,0.003554644259803267
development,allen_cahn__looped__correct__s202__response_matched,looped,response_matched,allen_cahn,correct,ood,64,0,0,0,0.9843018911316506
development,allen_cahn__looped__correct__s202__response_matched,looped,response_matched,allen_cahn,correct,ood,96,0,0,0,1.470857678396688
development,allen_cahn__looped__correct__s202__smooth,looped,smooth,allen_cahn,correct,test,64,0,0,0,0.0015992277604476302
development,allen_cahn__looped__correct__s202__smooth,looped,smooth,allen_cahn,correct,test,96,0,0,0,0.0023766861811344393
development,allen_cahn__looped__correct__s202__smooth,looped,smooth,allen_cahn,correct,ood,64,0,0,0,0.4296122197370309
development,allen_cahn__looped__correct__s202__smooth,looped,smooth,allen_cahn,correct,ood,96,0,0,0,0.8879689059222216
development,allen_cahn__looped__correct__s303__iid,looped,iid,allen_cahn,correct,test,64,0,0,0,0.0036715944220999663
development,allen_cahn__looped__correct__s303__iid,looped,iid,allen_cahn,correct,test,96,0,0,0,0.00551790079240666
development,allen_cahn__looped__correct__s303__iid,looped,iid,allen_cahn,correct,ood,64,0,0,0,0.3059167437117907
development,allen_cahn__looped__correct__s303__iid,looped,iid,allen_cahn,correct,ood,96,0,0,0,0.5540370120934217
development,allen_cahn__looped__correct__s303__none,looped,none,allen_cahn,correct,test,64,0,0,0,0.0046767251562667145
development,allen_cahn__looped__correct__s303__none,looped,none,allen_cahn,correct,test,96,0,0,0,0.00554314988663481
development,allen_cahn__looped__correct__s303__none,looped,none,allen_cahn,correct,ood,64,0,0,0,0.05844518558578926
development,allen_cahn__looped__correct__s303__none,looped,none,allen_cahn,correct,ood,96,0,0,0,0.09980817325661917
development,allen_cahn__looped__correct__s303__response_matched,looped,response_matched,allen_cahn,correct,test,64,0,0,0,0.0035003033447613685
development,allen_cahn__looped__correct__s303__response_matched,looped,response_matched,allen_cahn,correct,test,96,0,0,0,0.00517952049386361
development,allen_cahn__looped__correct__s303__response_matched,looped,response_matched,allen_cahn,correct,ood,64,0,0,0,0.3253481482968539
development,allen_cahn__looped__correct__s303__response_matched,looped,response_matched,allen_cahn,correct,ood,96,0,0,0,0.543861226033054
development,allen_cahn__looped__correct__s303__smooth,looped,smooth,allen_cahn,correct,test,64,0,0,0,0.002815243193378336
development,allen_cahn__looped__correct__s303__smooth,looped,smooth,allen_cahn,correct,test,96,0,0,0,0.00375879697544453
development,allen_cahn__looped__correct__s303__smooth,looped,smooth,allen_cahn,correct,ood,64,0,0,0,0.11321897048307861
development,allen_cahn__looped__correct__s303__smooth,looped,smooth,allen_cahn,correct,ood,96,0,0,0,0.20321075445643308
development,allen_cahn__looped__correct__s404__iid,looped,iid,allen_cahn,correct,test,64,0,0,0,0.0032532197762158432
development,allen_cahn__looped__correct__s404__iid,looped,iid,allen_cahn,correct,test,96,0,0,0,0.005128448857276406
development,allen_cahn__looped__correct__s404__iid,looped,iid,allen_cahn,correct,ood,64,0,0,0,0.31044859112166634
development,allen_cahn__looped__correct__s404__iid,looped,iid,allen_cahn,correct,ood,96,0,0,0,0.6410421873691117
development,allen_cahn__looped__correct__s404__none,looped,none,allen_cahn,correct,test,64,0,0,0,0.003582191131757062
development,allen_cahn__looped__correct__s404__none,looped,none,allen_cahn,correct,test,96,0,0,0,0.004512016012863848
development,allen_cahn__looped__correct__s404__none,looped,none,allen_cahn,correct,ood,64,0,0,0,0.15333288798610667
development,allen_cahn__looped__correct__s404__none,looped,none,allen_cahn,correct,ood,96,0,0,0,0.34222704105753365
development,allen_cahn__looped__correct__s404__response_matched,looped,response_matched,allen_cahn,correct,test,64,0,0,0,0.0034825275803744837
development,allen_cahn__looped__correct__s404__response_matched,looped,response_matched,allen_cahn,correct,test,96,0,0,0,0.005511992090779276
development,allen_cahn__looped__correct__s404__response_matched,looped,response_matched,allen_cahn,correct,ood,64,0,0,0,0.7039035872634685
development,allen_cahn__looped__correct__s404__response_matched,looped,response_matched,allen_cahn,correct,ood,96,0,0,0,1.2119930089765583
development,allen_cahn__looped__correct__s404__smooth,looped,smooth,allen_cahn,correct,test,64,0,0,0,0.002259090973798006
development,allen_cahn__looped__correct__s404__smooth,looped,smooth,allen_cahn,correct,test,96,0,0,0,0.003165330521135101
development,allen_cahn__looped__correct__s404__smooth,looped,smooth,allen_cahn,correct,ood,64,0,0,0,0.2127214721441728
development,allen_cahn__looped__correct__s404__smooth,looped,smooth,allen_cahn,correct,ood,96,0,0,0,0.4977847793053094
development,allen_cahn__looped__correct__s505__iid,looped,iid,allen_cahn,correct,test,64,0,0,0,0.0023373402803587018
development,allen_cahn__looped__correct__s505__iid,looped,iid,allen_cahn,correct,test,96,0,0,0,0.003939681560998887
development,allen_cahn__looped__correct__s505__iid,looped,iid,allen_cahn,correct,ood,64,0,0,0,0.3630191370568525
development,allen_cahn__looped__correct__s505__iid,looped,iid,allen_cahn,correct,ood,96,0,0,0,0.6242435742868224
development,allen_cahn__looped__correct__s505__none,looped,none,allen_cahn,correct,test,64,0,0,0,0.004782885785883373
development,allen_cahn__looped__correct__s505__none,looped,none,allen_cahn,correct,test,96,0,0,0,0.006493395918045171
development,allen_cahn__looped__correct__s505__none,looped,none,allen_cahn,correct,ood,64,0,0,0,0.13311563720548314
development,allen_cahn__looped__correct__s505__none,looped,none,allen_cahn,correct,ood,96,0,0,0,0.2823075038105891
development,allen_cahn__looped__correct__s505__response_matched,looped,response_matched,allen_cahn,correct,test,64,0,0,0,0.0021082951705250763
development,allen_cahn__looped__correct__s505__response_matched,looped,response_matched,allen_cahn,correct,test,96,0,0,0,0.003325646957527166
development,allen_cahn__looped__correct__s505__response_matched,looped,response_matched,allen_cahn,correct,ood,64,0,0,0,0.26787745836082877
development,allen_cahn__looped__correct__s505__response_matched,looped,response_matched,allen_cahn,correct,ood,96,0,0,0,0.3868249105282378
development,allen_cahn__looped__correct__s505__smooth,looped,smooth,allen_cahn,correct,test,64,0,0,0,0.0024568641094598886
development,allen_cahn__looped__correct__s505__smooth,looped,smooth,allen_cahn,correct,test,96,0,0,0,0.0033648527113510074
development,allen_cahn__looped__correct__s505__smooth,looped,smooth,allen_cahn,correct,ood,64,0,0,0,0.11986145748985244
development,allen_cahn__looped__correct__s505__smooth,looped,smooth,allen_cahn,correct,ood,96,0,0,0,0.20715190036830577
development,allen_cahn__looped__correct__s606__iid,looped,iid,allen_cahn,correct,test,64,0,0,0,0.0036912558017114794
development,allen_cahn__looped__correct__s606__iid,looped,iid,allen_cahn,correct,test,96,0,0,0,0.005759477943124628
development,allen_cahn__looped__correct__s606__iid,looped,iid,allen_cahn,correct,ood,64,0,0,0,0.4368319569018908
development,allen_cahn__looped__correct__s606__iid,looped,iid,allen_cahn,correct,ood,96,0,0,0,1.0069144774156626
development,allen_cahn__looped__correct__s606__none,looped,none,allen_cahn,correct,test,64,0,0,0,0.006464051524374348
development,allen_cahn__looped__correct__s606__none,looped,none,allen_cahn,correct,test,96,0,0,0,0.007477101038886621
development,allen_cahn__looped__correct__s606__none,looped,none,allen_cahn,correct,ood,64,0,0,0,0.5159511711183207
development,allen_cahn__looped__correct__s606__none,looped,none,allen_cahn,correct,ood,96,0,0,0,1.2208403734119433
development,allen_cahn__looped__correct__s606__response_matched,looped,response_matched,allen_cahn,correct,test,64,0,0,0,0.003816261396810239
development,allen_cahn__looped__correct__s606__response_matched,looped,response_matched,allen_cahn,correct,test,96,0,0,0,0.005963296705383758
development,allen_cahn__looped__correct__s606__response_matched,looped,response_matched,allen_cahn,correct,ood,64,0,0,0,0.8922908928458426
development,allen_cahn__looped__correct__s606__response_matched,looped,response_matched,allen_cahn,correct,ood,96,0,0,0,1.495362613623385
development,allen_cahn__looped__correct__s606__smooth,looped,smooth,allen_cahn,correct,test,64,0,0,0,0.002688085570355603
development,allen_cahn__looped__correct__s606__smooth,looped,smooth,allen_cahn,correct,test,96,0,0,0,0.0038872469046208704
development,allen_cahn__looped__correct__s606__smooth,looped,smooth,allen_cahn,correct,ood,64,0,0,0,0.4436273979605794
development,allen_cahn__looped__correct__s606__smooth,looped,smooth,allen_cahn,correct,ood,96,0,0,0,1.0328461995242033
development,allen_cahn__transformer__coefficient__s101__iid,transformer,iid,allen_cahn,coefficient,test,64,0,0,0,0.001723072733138764
development,allen_cahn__transformer__coefficient__s101__iid,transformer,iid,allen_cahn,coefficient,test,96,0,0,0,0.0027882594148825506
development,allen_cahn__transformer__coefficient__s101__iid,transformer,iid,allen_cahn,coefficient,ood,64,0,0,0,0.20660963659384635
development,allen_cahn__transformer__coefficient__s101__iid,transformer,iid,allen_cahn,coefficient,ood,96,0,0,0,0.3694817210401548
development,allen_cahn__transformer__coefficient__s101__none,transformer,none,allen_cahn,coefficient,test,64,0,0,0,0.0021182711603723314
development,allen_cahn__transformer__coefficient__s101__none,transformer,none,allen_cahn,coefficient,test,96,0,0,0,0.0028708314012454066
development,allen_cahn__transformer__coefficient__s101__none,transformer,none,allen_cahn,coefficient,ood,64,0,0,0,0.05342635174439048
development,allen_cahn__transformer__coefficient__s101__none,transformer,none,allen_cahn,coefficient,ood,96,0,0,0,0.0901505470899234
development,allen_cahn__transformer__coefficient__s101__response_matched,transformer,response_matched,allen_cahn,coefficient,test,64,0,0,0,0.0016538606596797623
development,allen_cahn__transformer__coefficient__s101__response_matched,transformer,response_matched,allen_cahn,coefficient,test,96,0,0,0,0.002418623865603875
development,allen_cahn__transformer__coefficient__s101__response_matched,transformer,response_matched,allen_cahn,coefficient,ood,64,0,0,0,0.2679589949438892
development,allen_cahn__transformer__coefficient__s101__response_matched,transformer,response_matched,allen_cahn,coefficient,ood,96,0,0,0,0.48681488277360074
development,allen_cahn__transformer__coefficient__s101__smooth,transformer,smooth,allen_cahn,coefficient,test,64,0,0,0,0.0016821013341862812
development,allen_cahn__transformer__coefficient__s101__smooth,transformer,smooth,allen_cahn,coefficient,test,96,0,0,0,0.0023585168793854123
development,allen_cahn__transformer__coefficient__s101__smooth,transformer,smooth,allen_cahn,coefficient,ood,64,0,0,0,0.14719712601823076
development,allen_cahn__transformer__coefficient__s101__smooth,transformer,smooth,allen_cahn,coefficient,ood,96,0,0,0,0.26500619754870297
development,allen_cahn__transformer__coefficient__s202__iid,transformer,iid,allen_cahn,coefficient,test,64,0,0,0,0.0012528899394576576
development,allen_cahn__transformer__coefficient__s202__iid,transformer,iid,allen_cahn,coefficient,test,96,0,0,0,0.0020347948935841944
development,allen_cahn__transformer__coefficient__s202__iid,transformer,iid,allen_cahn,coefficient,ood,64,0,0,0,0.5609688088713085
development,allen_cahn__transformer__coefficient__s202__iid,transformer,iid,allen_cahn,coefficient,ood,96,0,0,0,0.8472914579116189
development,allen_cahn__transformer__coefficient__s202__none,transformer,none,allen_cahn,coefficient,test,64,0,0,0,0.001619874853529879
development,allen_cahn__transformer__coefficient__s202__none,transformer,none,allen_cahn,coefficient,test,96,0,0,0,0.0020364675878793053
development,allen_cahn__transformer__coefficient__s202__none,transformer,none,allen_cahn,coefficient,ood,64,0,0,0,0.2254506258153839
development,allen_cahn__transformer__coefficient__s202__none,transformer,none,allen_cahn,coefficient,ood,96,0,0,0,0.45093605426117733
development,allen_cahn__transformer__coefficient__s202__response_matched,transformer,response_matched,allen_cahn,coefficient,test,64,0,0,0,0.0016097334997415835
development,allen_cahn__transformer__coefficient__s202__response_matched,transformer,response_matched,allen_cahn,coefficient,test,96,0,0,0,0.0026055207949348498
development,allen_cahn__transformer__coefficient__s202__response_matched,transformer,response_matched,allen_cahn,coefficient,ood,64,0,0,0,0.7100632753762568
development,allen_cahn__transformer__coefficient__s202__response_matched,transformer,response_matched,allen_cahn,coefficient,ood,96,0,0,0,1.01453505159886
development,allen_cahn__transformer__coefficient__s202__smooth,transformer,smooth,allen_cahn,coefficient,test,64,0,0,0,0.0008712771067781455
development,allen_cahn__transformer__coefficient__s202__smooth,transformer,smooth,allen_cahn,coefficient,test,96,0,0,0,0.0013109641492119462
development,allen_cahn__transformer__coefficient__s202__smooth,transformer,smooth,allen_cahn,coefficient,ood,64,0,0,0,0.5154453653567757
development,allen_cahn__transformer__coefficient__s202__smooth,transformer,smooth,allen_cahn,coefficient,ood,96,0,0,0,0.8673793549854498
development,allen_cahn__transformer__coefficient__s303__iid,transformer,iid,allen_cahn,coefficient,test,64,0,0,0,0.0018099367153520118
development,allen_cahn__transformer__coefficient__s303__iid,transformer,iid,allen_cahn,coefficient,test,96,0,0,0,0.0029781829217310207
development,allen_cahn__transformer__coefficient__s303__iid,transformer,iid,allen_cahn,coefficient,ood,64,0,0,0,0.5423354905031204
development,allen_cahn__transformer__coefficient__s303__iid,transformer,iid,allen_cahn,coefficient,ood,96,0,0,0,0.9423431057874534
development,allen_cahn__transformer__coefficient__s303__none,transformer,none,allen_cahn,coefficient,test,64,0,0,0,0.0019514408331480215
development,allen_cahn__transformer__coefficient__s303__none,transformer,none,allen_cahn,coefficient,test,96,0,0,0,0.002357262425208173
development,allen_cahn__transformer__coefficient__s303__none,transformer,none,allen_cahn,coefficient,ood,64,0,0,0,0.12002450686027188
development,allen_cahn__transformer__coefficient__s303__none,transformer,none,allen_cahn,coefficient,ood,96,0,0,0,0.2128590887483668
development,allen_cahn__transformer__coefficient__s303__response_matched,transformer,response_matched,allen_cahn,coefficient,test,64,0,0,0,0.0017922535901266912
development,allen_cahn__transformer__coefficient__s303__response_matched,transformer,response_matched,allen_cahn,coefficient,test,96,0,0,0,0.0028375867189218695
development,allen_cahn__transformer__coefficient__s303__response_matched,transformer,response_matched,allen_cahn,coefficient,ood,64,0,0,0,0.5345115454194342
development,allen_cahn__transformer__coefficient__s303__response_matched,transformer,response_matched,allen_cahn,coefficient,ood,96,0,0,0,0.8697441480964017
development,allen_cahn__transformer__coefficient__s303__smooth,transformer,smooth,allen_cahn,coefficient,test,64,0,0,0,0.0014638195940269716
development,allen_cahn__transformer__coefficient__s303__smooth,transformer,smooth,allen_cahn,coefficient,test,96,0,0,0,0.002135327574704471
development,allen_cahn__transformer__coefficient__s303__smooth,transformer,smooth,allen_cahn,coefficient,ood,64,0,0,0,0.4070313109590913
development,allen_cahn__transformer__coefficient__s303__smooth,transformer,smooth,allen_cahn,coefficient,ood,96,0,0,0,0.7659974972899544
development,allen_cahn__transformer__coefficient__s404__iid,transformer,iid,allen_cahn,coefficient,test,64,0,0,0,0.002900262598829584
development,allen_cahn__transformer__coefficient__s404__iid,transformer,iid,allen_cahn,coefficient,test,96,0,0,0,0.004717734468566788
development,allen_cahn__transformer__coefficient__s404__iid,transformer,iid,allen_cahn,coefficient,ood,64,0,0,0,0.2753187393810137
development,allen_cahn__transformer__coefficient__s404__iid,transformer,iid,allen_cahn,coefficient,ood,96,0,0,0,0.422168894873451
development,allen_cahn__transformer__coefficient__s404__none,transformer,none,allen_cahn,coefficient,test,64,0,0,0,0.0028833437686328622
development,allen_cahn__transformer__coefficient__s404__none,transformer,none,allen_cahn,coefficient,test,96,0,0,0,0.003612315722384925
development,allen_cahn__transformer__coefficient__s404__none,transformer,none,allen_cahn,coefficient,ood,64,0,0,0,0.09296069853368838
development,allen_cahn__transformer__coefficient__s404__none,transformer,none,allen_cahn,coefficient,ood,96,0,0,0,0.15594619275602462
development,allen_cahn__transformer__coefficient__s404__response_matched,transformer,response_matched,allen_cahn,coefficient,test,64,0,0,0,0.002932394103598912
development,allen_cahn__transformer__coefficient__s404__response_matched,transformer,response_matched,allen_cahn,coefficient,test,96,0,0,0,0.004933460558123123
development,allen_cahn__transformer__coefficient__s404__response_matched,transformer,response_matched,allen_cahn,coefficient,ood,64,0,0,0,0.419186409026139
development,allen_cahn__transformer__coefficient__s404__response_matched,transformer,response_matched,allen_cahn,coefficient,ood,96,0,0,0,0.5744870170661709
development,allen_cahn__transformer__coefficient__s404__smooth,transformer,smooth,allen_cahn,coefficient,test,64,0,0,0,0.0017149510096136633
development,allen_cahn__transformer__coefficient__s404__smooth,transformer,smooth,allen_cahn,coefficient,test,96,0,0,0,0.0027113901749632463
development,allen_cahn__transformer__coefficient__s404__smooth,transformer,smooth,allen_cahn,coefficient,ood,64,0,0,0,0.3234928788790725
development,allen_cahn__transformer__coefficient__s404__smooth,transformer,smooth,allen_cahn,coefficient,ood,96,0,0,0,0.4818867162868467
development,allen_cahn__transformer__coefficient__s505__iid,transformer,iid,allen_cahn,coefficient,test,64,0,0,0,0.0018622207514441547
development,allen_cahn__transformer__coefficient__s505__iid,transformer,iid,allen_cahn,coefficient,test,96,0,0,0,0.003006867751027764
development,allen_cahn__transformer__coefficient__s505__iid,transformer,iid,allen_cahn,coefficient,ood,64,0,0,0,0.2513444016219495
development,allen_cahn__transformer__coefficient__s505__iid,transformer,iid,allen_cahn,coefficient,ood,96,0,0,0,0.3717507855518818
development,allen_cahn__transformer__coefficient__s505__none,transformer,none,allen_cahn,coefficient,test,64,0,0,0,0.0019306875714404925
development,allen_cahn__transformer__coefficient__s505__none,transformer,none,allen_cahn,coefficient,test,96,0,0,0,0.002397087020366858
development,allen_cahn__transformer__coefficient__s505__none,transformer,none,allen_cahn,coefficient,ood,64,0,0,0,0.044478793792514626
development,allen_cahn__transformer__coefficient__s505__none,transformer,none,allen_cahn,coefficient,ood,96,0,0,0,0.08081155149182499
development,allen_cahn__transformer__coefficient__s505__response_matched,transformer,response_matched,allen_cahn,coefficient,test,64,0,0,0,0.0022906855434143836
development,allen_cahn__transformer__coefficient__s505__response_matched,transformer,response_matched,allen_cahn,coefficient,test,96,0,0,0,0.003384480357835192
development,allen_cahn__transformer__coefficient__s505__response_matched,transformer,response_matched,allen_cahn,coefficient,ood,64,0,0,0,0.29101887547712124
development,allen_cahn__transformer__coefficient__s505__response_matched,transformer,response_matched,allen_cahn,coefficient,ood,96,0,0,0,0.4296764069400467
development,allen_cahn__transformer__coefficient__s505__smooth,transformer,smooth,allen_cahn,coefficient,test,64,0,0,0,0.0008679235423106335
development,allen_cahn__transformer__coefficient__s505__smooth,transformer,smooth,allen_cahn,coefficient,test,96,0,0,0,0.0013130178071314815
development,allen_cahn__transformer__coefficient__s505__smooth,transformer,smooth,allen_cahn,coefficient,ood,64,0,0,0,0.24675537129133573
development,allen_cahn__transformer__coefficient__s505__smooth,transformer,smooth,allen_cahn,coefficient,ood,96,0,0,0,0.4683711259125071
development,allen_cahn__transformer__coefficient__s606__iid,transformer,iid,allen_cahn,coefficient,test,64,0,0,0,0.0014790929910610817
development,allen_cahn__transformer__coefficient__s606__iid,transformer,iid,allen_cahn,coefficient,test,96,0,0,0,0.0025552983707934906
development,allen_cahn__transformer__coefficient__s606__iid,transformer,iid,allen_cahn,coefficient,ood,64,0,0,0,0.7266349611655585
development,allen_cahn__transformer__coefficient__s606__iid,transformer,iid,allen_cahn,coefficient,ood,96,0,0,0,0.9598889864804694
development,allen_cahn__transformer__coefficient__s606__none,transformer,none,allen_cahn,coefficient,test,64,0,0,0,0.0022272037070877326
development,allen_cahn__transformer__coefficient__s606__none,transformer,none,allen_cahn,coefficient,test,96,0,0,0,0.0026389843786072857
development,allen_cahn__transformer__coefficient__s606__none,transformer,none,allen_cahn,coefficient,ood,64,0,0,0,0.08026429211778918
development,allen_cahn__transformer__coefficient__s606__none,transformer,none,allen_cahn,coefficient,ood,96,0,0,0,0.13091053866005117
development,allen_cahn__transformer__coefficient__s606__response_matched,transformer,response_matched,allen_cahn,coefficient,test,64,0,0,0,0.0014232364919691265
development,allen_cahn__transformer__coefficient__s606__response_matched,transformer,response_matched,allen_cahn,coefficient,test,96,0,0,0,0.0023620988685232325
development,allen_cahn__transformer__coefficient__s606__response_matched,transformer,response_matched,allen_cahn,coefficient,ood,64,0,0,0,0.7363818954681847
development,allen_cahn__transformer__coefficient__s606__response_matched,transformer,response_matched,allen_cahn,coefficient,ood,96,0,0,0,0.9598073300288282
development,allen_cahn__transformer__coefficient__s606__smooth,transformer,smooth,allen_cahn,coefficient,test,64,0,0,0,0.0012324856679115925
development,allen_cahn__transformer__coefficient__s606__smooth,transformer,smooth,allen_cahn,coefficient,test,96,0,0,0,0.0019755269032885603
development,allen_cahn__transformer__coefficient__s606__smooth,transformer,smooth,allen_cahn,coefficient,ood,64,0,0,0,0.36164053460183254
development,allen_cahn__transformer__coefficient__s606__smooth,transformer,smooth,allen_cahn,coefficient,ood,96,0,0,0,0.595325369449616
development,allen_cahn__transformer__correct__s101__iid,transformer,iid,allen_cahn,correct,test,64,0,0,0,0.0013150694489315606
development,allen_cahn__transformer__correct__s101__iid,transformer,iid,allen_cahn,correct,test,96,0,0,0,0.0020465390223826465
development,allen_cahn__transformer__correct__s101__iid,transformer,iid,allen_cahn,correct,ood,64,0,0,0,0.41201410748094247
development,allen_cahn__transformer__correct__s101__iid,transformer,iid,allen_cahn,correct,ood,96,0,0,0,0.6719140874090026
development,allen_cahn__transformer__correct__s101__none,transformer,none,allen_cahn,correct,test,64,0,0,0,0.0021182706713719357
development,allen_cahn__transformer__correct__s101__none,transformer,none,allen_cahn,correct,test,96,0,0,0,0.0028708314115923894
development,allen_cahn__transformer__correct__s101__none,transformer,none,allen_cahn,correct,ood,64,0,0,0,0.053426434246236276
development,allen_cahn__transformer__correct__s101__none,transformer,none,allen_cahn,correct,ood,96,0,0,0,0.09015066420539775
development,allen_cahn__transformer__correct__s101__response_matched,transformer,response_matched,allen_cahn,correct,test,64,0,0,0,0.001696155376722852
development,allen_cahn__transformer__correct__s101__response_matched,transformer,response_matched,allen_cahn,correct,test,96,0,0,0,0.00291672134283331
development,allen_cahn__transformer__correct__s101__response_matched,transformer,response_matched,allen_cahn,correct,ood,64,0,0,0,0.3274709962399811
development,allen_cahn__transformer__correct__s101__response_matched,transformer,response_matched,allen_cahn,correct,ood,96,0,0,0,0.4718659791550029
development,allen_cahn__transformer__correct__s101__smooth,transformer,smooth,allen_cahn,correct,test,64,0,0,0,0.0022691041732982864
development,allen_cahn__transformer__correct__s101__smooth,transformer,smooth,allen_cahn,correct,test,96,0,0,0,0.003334677381278054
development,allen_cahn__transformer__correct__s101__smooth,transformer,smooth,allen_cahn,correct,ood,64,0,0,0,0.14375513627536307
development,allen_cahn__transformer__correct__s101__smooth,transformer,smooth,allen_cahn,correct,ood,96,0,0,0,0.2456335732175437
development,allen_cahn__transformer__correct__s202__iid,transformer,iid,allen_cahn,correct,test,64,0,0,0,0.0011798680742026724
development,allen_cahn__transformer__correct__s202__iid,transformer,iid,allen_cahn,correct,test,96,0,0,0,0.001843838359420961
development,allen_cahn__transformer__correct__s202__iid,transformer,iid,allen_cahn,correct,ood,64,0,0,0,0.584585235747852
development,allen_cahn__transformer__correct__s202__iid,transformer,iid,allen_cahn,correct,ood,96,0,0,0,0.8105562637325647
development,allen_cahn__transformer__correct__s202__none,transformer,none,allen_cahn,correct,test,64,0,0,0,0.0016198778975239359
development,allen_cahn__transformer__correct__s202__none,transformer,none,allen_cahn,correct,test,96,0,0,0,0.0020364734184986264
development,allen_cahn__transformer__correct__s202__none,transformer,none,allen_cahn,correct,ood,64,0,0,0,0.22545004021891657
development,allen_cahn__transformer__correct__s202__none,transformer,none,allen_cahn,correct,ood,96,0,0,0,0.4509346755653591
development,allen_cahn__transformer__correct__s202__response_matched,transformer,response_matched,allen_cahn,correct,test,64,0,0,0,0.0019489160034120712
development,allen_cahn__transformer__correct__s202__response_matched,transformer,response_matched,allen_cahn,correct,test,96,0,0,0,0.0033591041530720567
development,allen_cahn__transformer__correct__s202__response_matched,transformer,response_matched,allen_cahn,correct,ood,64,0,0,0,0.7790176429676876
development,allen_cahn__transformer__correct__s202__response_matched,transformer,response_matched,allen_cahn,correct,ood,96,0,0,0,1.014034640993259
development,allen_cahn__transformer__correct__s202__smooth,transformer,smooth,allen_cahn,correct,test,64,0,0,0,0.0009401478442054301
development,allen_cahn__transformer__correct__s202__smooth,transformer,smooth,allen_cahn,correct,test,96,0,0,0,0.0014824389655880474
development,allen_cahn__transformer__correct__s202__smooth,transformer,smooth,allen_cahn,correct,ood,64,0,0,0,0.46725187021482384
development,allen_cahn__transformer__correct__s202__smooth,transformer,smooth,allen_cahn,correct,ood,96,0,0,0,0.7887965549800242
development,allen_cahn__transformer__correct__s303__iid,transformer,iid,allen_cahn,correct,test,64,0,0,0,0.0019978134340903897
development,allen_cahn__transformer__correct__s303__iid,transformer,iid,allen_cahn,correct,test,96,0,0,0,0.0030341819544068187
development,allen_cahn__transformer__correct__s303__iid,transformer,iid,allen_cahn,correct,ood,64,0,0,0,0.540076598659951
development,allen_cahn__transformer__correct__s303__iid,transformer,iid,allen_cahn,correct,ood,96,0,0,0,0.8871858058242216
development,allen_cahn__transformer__correct__s303__none,transformer,none,allen_cahn,correct,test,64,0,0,0,0.0019514365421385849
development,allen_cahn__transformer__correct__s303__none,transformer,none,allen_cahn,correct,test,96,0,0,0,0.0023572565650216886
development,allen_cahn__transformer__correct__s303__none,transformer,none,allen_cahn,correct,ood,64,0,0,0,0.12002541044806314
development,allen_cahn__transformer__correct__s303__none,transformer,none,allen_cahn,correct,ood,96,0,0,0,0.21286103452574778
development,allen_cahn__transformer__correct__s303__response_matched,transformer,response_matched,allen_cahn,correct,test,64,0,0,0,0.0024796202585236626
development,allen_cahn__transformer__correct__s303__response_matched,transformer,response_matched,allen_cahn,correct,test,96,0,0,0,0.003820615507867868
development,allen_cahn__transformer__correct__s303__response_matched,transformer,response_matched,allen_cahn,correct,ood,64,0,0,0,0.810923553516659
development,allen_cahn__transformer__correct__s303__response_matched,transformer,response_matched,allen_cahn,correct,ood,96,0,0,0,1.1601162397085623
development,allen_cahn__transformer__correct__s303__smooth,transformer,smooth,allen_cahn,correct,test,64,0,0,0,0.001287131325795332
development,allen_cahn__transformer__correct__s303__smooth,transformer,smooth,allen_cahn,correct,test,96,0,0,0,0.0019178448408084061
development,allen_cahn__transformer__correct__s303__smooth,transformer,smooth,allen_cahn,correct,ood,64,0,0,0,0.401987171847459
development,allen_cahn__transformer__correct__s303__smooth,transformer,smooth,allen_cahn,correct,ood,96,0,0,0,0.7451898221182821
development,allen_cahn__transformer__correct__s404__iid,transformer,iid,allen_cahn,correct,test,64,0,0,0,0.005423316921937593
development,allen_cahn__transformer__correct__s404__iid,transformer,iid,allen_cahn,correct,test,96,0,0,0,0.009071050022699699
development,allen_cahn__transformer__correct__s404__iid,transformer,iid,allen_cahn,correct,ood,64,0,0,0,0.2684850984680267
development,allen_cahn__transformer__correct__s404__iid,transformer,iid,allen_cahn,correct,ood,96,0,0,0,0.42739203170772555
development,allen_cahn__transformer__correct__s404__none,transformer,none,allen_cahn,correct,test,64,0,0,0,0.0028833247103747794
development,allen_cahn__transformer__correct__s404__none,transformer,none,allen_cahn,correct,test,96,0,0,0,0.0036122798987179294
development,allen_cahn__transformer__correct__s404__none,transformer,none,allen_cahn,correct,ood,64,0,0,0,0.09296071511740234
development,allen_cahn__transformer__correct__s404__none,transformer,none,allen_cahn,correct,ood,96,0,0,0,0.15594619002631957
development,allen_cahn__transformer__correct__s404__response_matched,transformer,response_matched,allen_cahn,correct,test,64,0,0,0,0.0031386352774540605
development,allen_cahn__transformer__correct__s404__response_matched,transformer,response_matched,allen_cahn,correct,test,96,0,0,0,0.005315496801938065
development,allen_cahn__transformer__correct__s404__response_matched,transformer,response_matched,allen_cahn,correct,ood,64,0,0,0,0.5690828897452036
development,allen_cahn__transformer__correct__s404__response_matched,transformer,response_matched,allen_cahn,correct,ood,96,0,0,0,0.7817296546583256
development,allen_cahn__transformer__correct__s404__smooth,transformer,smooth,allen_cahn,correct,test,64,0,0,0,0.002731879806236903
development,allen_cahn__transformer__correct__s404__smooth,transformer,smooth,allen_cahn,correct,test,96,0,0,0,0.0041044354595855355
development,allen_cahn__transformer__correct__s404__smooth,transformer,smooth,allen_cahn,correct,ood,64,0,0,0,0.22329172333833824
development,allen_cahn__transformer__correct__s404__smooth,transformer,smooth,allen_cahn,correct,ood,96,0,0,0,0.36719129949818097
development,allen_cahn__transformer__correct__s505__iid,transformer,iid,allen_cahn,correct,test,64,0,0,0,0.0028372827200406903
development,allen_cahn__transformer__correct__s505__iid,transformer,iid,allen_cahn,correct,test,96,0,0,0,0.004357909058382367
development,allen_cahn__transformer__correct__s505__iid,transformer,iid,allen_cahn,correct,ood,64,0,0,0,0.1534038015103416
development,allen_cahn__transformer__correct__s505__iid,transformer,iid,allen_cahn,correct,ood,96,0,0,0,0.2811302961912965
development,allen_cahn__transformer__correct__s505__none,transformer,none,allen_cahn,correct,test,64,0,0,0,0.0019306871265229453
development,allen_cahn__transformer__correct__s505__none,transformer,none,allen_cahn,correct,test,96,0,0,0,0.0023970867448535422
development,allen_cahn__transformer__correct__s505__none,transformer,none,allen_cahn,correct,ood,64,0,0,0,0.04447911733029741
development,allen_cahn__transformer__correct__s505__none,transformer,none,allen_cahn,correct,ood,96,0,0,0,0.08081232896430872
development,allen_cahn__transformer__correct__s505__response_matched,transformer,response_matched,allen_cahn,correct,test,64,0,0,0,0.002312867408223118
development,allen_cahn__transformer__correct__s505__response_matched,transformer,response_matched,allen_cahn,correct,test,96,0,0,0,0.004141254079792933
development,allen_cahn__transformer__correct__s505__response_matched,transformer,response_matched,allen_cahn,correct,ood,64,0,0,0,0.43083804982998686
development,allen_cahn__transformer__correct__s505__response_matched,transformer,response_matched,allen_cahn,correct,ood,96,0,0,0,0.5852972092667225
development,allen_cahn__transformer__correct__s505__smooth,transformer,smooth,allen_cahn,correct,test,64,0,0,0,0.001469812910818824
development,allen_cahn__transformer__correct__s505__smooth,transformer,smooth,allen_cahn,correct,test,96,0,0,0,0.002087213137821564
development,allen_cahn__transformer__correct__s505__smooth,transformer,smooth,allen_cahn,correct,ood,64,0,0,0,0.1703444716397513
development,allen_cahn__transformer__correct__s505__smooth,transformer,smooth,allen_cahn,correct,ood,96,0,0,0,0.3412904483528507
development,allen_cahn__transformer__correct__s606__iid,transformer,iid,allen_cahn,correct,test,64,0,0,0,0.0020488532604069354
development,allen_cahn__transformer__correct__s606__iid,transformer,iid,allen_cahn,correct,test,96,0,0,0,0.0034031434114854724
development,allen_cahn__transformer__correct__s606__iid,transformer,iid,allen_cahn,correct,ood,64,0,0,0,0.5753552042532135
development,allen_cahn__transformer__correct__s606__iid,transformer,iid,allen_cahn,correct,ood,96,0,0,0,0.7874923079276073
development,allen_cahn__transformer__correct__s606__none,transformer,none,allen_cahn,correct,test,64,0,0,0,0.0022272074533322694
development,allen_cahn__transformer__correct__s606__none,transformer,none,allen_cahn,correct,test,96,0,0,0,0.0026389872220337436
development,allen_cahn__transformer__correct__s606__none,transformer,none,allen_cahn,correct,ood,64,0,0,0,0.08026433659435206
development,allen_cahn__transformer__correct__s606__none,transformer,none,allen_cahn,correct,ood,96,0,0,0,0.13091068752523327
development,allen_cahn__transformer__correct__s606__response_matched,transformer,response_matched,allen_cahn,correct,test,64,0,0,0,0.0026292480272366303
development,allen_cahn__transformer__correct__s606__response_matched,transformer,response_matched,allen_cahn,correct,test,96,0,0,0,0.004430684686695866
development,allen_cahn__transformer__correct__s606__response_matched,transformer,response_matched,allen_cahn,correct,ood,64,0,0,0,0.8026681255241215
development,allen_cahn__transformer__correct__s606__response_matched,transformer,response_matched,allen_cahn,correct,ood,96,0,0,0,0.997376813889749
development,allen_cahn__transformer__correct__s606__smooth,transformer,smooth,allen_cahn,correct,test,64,0,0,0,0.0016608861318528345
development,allen_cahn__transformer__correct__s606__smooth,transformer,smooth,allen_cahn,correct,test,96,0,0,0,0.002389721054009253
development,allen_cahn__transformer__correct__s606__smooth,transformer,smooth,allen_cahn,correct,ood,64,0,0,0,0.19097463610036414
development,allen_cahn__transformer__correct__s606__smooth,transformer,smooth,allen_cahn,correct,ood,96,0,0,0,0.2918525835064069
development,burgers__fno__coefficient__s101__iid,fno,iid,burgers,coefficient,test,64,0,0,0,0.0006719464667808359
development,burgers__fno__coefficient__s101__iid,fno,iid,burgers,coefficient,test,96,0,0,0,0.0009918363813234362
development,burgers__fno__coefficient__s101__iid,fno,iid,burgers,coefficient,ood,64,0,0,0,0.02953346504116383
development,burgers__fno__coefficient__s101__iid,fno,iid,burgers,coefficient,ood,96,0,0,0,0.054970382891361094
development,burgers__fno__coefficient__s101__none,fno,none,burgers,coefficient,test,64,0,0,0,0.00042961353644460805
development,burgers__fno__coefficient__s101__none,fno,none,burgers,coefficient,test,96,0,0,0,0.0004909114582340643
development,burgers__fno__coefficient__s101__none,fno,none,burgers,coefficient,ood,64,0,0,0,0.004315091545697203
development,burgers__fno__coefficient__s101__none,fno,none,burgers,coefficient,ood,96,0,0,0,0.005815779794965836
development,burgers__fno__coefficient__s101__response_matched,fno,response_matched,burgers,coefficient,test,64,0,0,0,0.0006322965018925181
development,burgers__fno__coefficient__s101__response_matched,fno,response_matched,burgers,coefficient,test,96,0,0,0,0.0009698241425472135
development,burgers__fno__coefficient__s101__response_matched,fno,response_matched,burgers,coefficient,ood,64,0,0,0,0.026912858801139583
development,burgers__fno__coefficient__s101__response_matched,fno,response_matched,burgers,coefficient,ood,96,0,0,0,0.04853921987496301
development,burgers__fno__coefficient__s101__smooth,fno,smooth,burgers,coefficient,test,64,0,0,0,0.0006633868676356076
development,burgers__fno__coefficient__s101__smooth,fno,smooth,burgers,coefficient,test,96,0,0,0,0.000759669178285657
development,burgers__fno__coefficient__s101__smooth,fno,smooth,burgers,coefficient,ood,64,0,0,0,0.0026553958599126876
development,burgers__fno__coefficient__s101__smooth,fno,smooth,burgers,coefficient,ood,96,0,0,0,0.00366397284092911
development,burgers__fno__coefficient__s202__iid,fno,iid,burgers,coefficient,test,64,0,0,0,0.0004073136232962439
development,burgers__fno__coefficient__s202__iid,fno,iid,burgers,coefficient,test,96,0,0,0,0.000520312226567105
development,burgers__fno__coefficient__s202__iid,fno,iid,burgers,coefficient,ood,64,0,0,0,0.062310774708597805
development,burgers__fno__coefficient__s202__iid,fno,iid,burgers,coefficient,ood,96,0,0,0,0.11488116963048256
development,burgers__fno__coefficient__s202__none,fno,none,burgers,coefficient,test,64,0,0,0,0.00034772525439348903
development,burgers__fno__coefficient__s202__none,fno,none,burgers,coefficient,test,96,0,0,0,0.00040673594114405454
development,burgers__fno__coefficient__s202__none,fno,none,burgers,coefficient,ood,64,0,0,0,0.018586276224415
development,burgers__fno__coefficient__s202__none,fno,none,burgers,coefficient,ood,96,0,0,0,0.030905465583328445
development,burgers__fno__coefficient__s202__response_matched,fno,response_matched,burgers,coefficient,test,64,0,0,0,0.0006739631790045192
development,burgers__fno__coefficient__s202__response_matched,fno,response_matched,burgers,coefficient,test,96,0,0,0,0.000952942422752151
development,burgers__fno__coefficient__s202__response_matched,fno,response_matched,burgers,coefficient,ood,64,0,0,0,0.053450453580369484
development,burgers__fno__coefficient__s202__response_matched,fno,response_matched,burgers,coefficient,ood,96,0,0,0,0.09691482364148978
development,burgers__fno__coefficient__s202__smooth,fno,smooth,burgers,coefficient,test,64,0,0,0,0.0005505601548470435
development,burgers__fno__coefficient__s202__smooth,fno,smooth,burgers,coefficient,test,96,0,0,0,0.0006405072235382094
development,burgers__fno__coefficient__s202__smooth,fno,smooth,burgers,coefficient,ood,64,0,0,0,0.00833259583166468
development,burgers__fno__coefficient__s202__smooth,fno,smooth,burgers,coefficient,ood,96,0,0,0,0.01204450232971303
development,burgers__fno__coefficient__s303__iid,fno,iid,burgers,coefficient,test,64,0,0,0,0.0011988396649122018
development,burgers__fno__coefficient__s303__iid,fno,iid,burgers,coefficient,test,96,0,0,0,0.0019630221122994194
development,burgers__fno__coefficient__s303__iid,fno,iid,burgers,coefficient,ood,64,0,0,0,0.0063656500434356444
development,burgers__fno__coefficient__s303__iid,fno,iid,burgers,coefficient,ood,96,0,0,0,0.0121000086241931
development,burgers__fno__coefficient__s303__none,fno,none,burgers,coefficient,test,64,0,0,0,0.0006650174927316458
development,burgers__fno__coefficient__s303__none,fno,none,burgers,coefficient,test,96,0,0,0,0.0007846699707712162
development,burgers__fno__coefficient__s303__none,fno,none,burgers,coefficient,ood,64,0,0,0,0.013698320192617075
development,burgers__fno__coefficient__s303__none,fno,none,burgers,coefficient,ood,96,0,0,0,0.017219488506735086
development,burgers__fno__coefficient__s303__response_matched,fno,response_matched,burgers,coefficient,test,64,0,0,0,0.0006606247252720493
development,burgers__fno__coefficient__s303__response_matched,fno,response_matched,burgers,coefficient,test,96,0,0,0,0.0009077640556592418
development,burgers__fno__coefficient__s303__response_matched,fno,response_matched,burgers,coefficient,ood,64,0,0,0,0.00549317216018419
development,burgers__fno__coefficient__s303__response_matched,fno,response_matched,burgers,coefficient,ood,96,0,0,0,0.007592781628880774
development,burgers__fno__coefficient__s303__smooth,fno,smooth,burgers,coefficient,test,64,0,0,0,0.0006133231921322951
development,burgers__fno__coefficient__s303__smooth,fno,smooth,burgers,coefficient,test,96,0,0,0,0.0007859798645622196
development,burgers__fno__coefficient__s303__smooth,fno,smooth,burgers,coefficient,ood,64,0,0,0,0.002807413569472561
development,burgers__fno__coefficient__s303__smooth,fno,smooth,burgers,coefficient,ood,96,0,0,0,0.004460008392746481
development,burgers__fno__coefficient__s404__iid,fno,iid,burgers,coefficient,test,64,0,0,0,0.0012865371362622037
development,burgers__fno__coefficient__s404__iid,fno,iid,burgers,coefficient,test,96,0,0,0,0.0015905335567617553
development,burgers__fno__coefficient__s404__iid,fno,iid,burgers,coefficient,ood,64,0,0,0,0.011542479066749545
development,burgers__fno__coefficient__s404__iid,fno,iid,burgers,coefficient,ood,96,0,0,0,0.017779576922371053
development,burgers__fno__coefficient__s404__none,fno,none,burgers,coefficient,test,64,0,0,0,0.0011064561168229571
development,burgers__fno__coefficient__s404__none,fno,none,burgers,coefficient,test,96,0,0,0,0.0012917205739523155
development,burgers__fno__coefficient__s404__none,fno,none,burgers,coefficient,ood,64,0,0,0,0.015505789337410425
development,burgers__fno__coefficient__s404__none,fno,none,burgers,coefficient,ood,96,0,0,0,0.024358959675670956
development,burgers__fno__coefficient__s404__response_matched,fno,response_matched,burgers,coefficient,test,64,0,0,0,0.0009001279453585836
development,burgers__fno__coefficient__s404__response_matched,fno,response_matched,burgers,coefficient,test,96,0,0,0,0.001188832205868138
development,burgers__fno__coefficient__s404__response_matched,fno,response_matched,burgers,coefficient,ood,64,0,0,0,0.014471133626812405
development,burgers__fno__coefficient__s404__response_matched,fno,response_matched,burgers,coefficient,ood,96,0,0,0,0.021148272394706215
development,burgers__fno__coefficient__s404__smooth,fno,smooth,burgers,coefficient,test,64,0,0,0,0.00048204820692110753
development,burgers__fno__coefficient__s404__smooth,fno,smooth,burgers,coefficient,test,96,0,0,0,0.0006205179272290978
development,burgers__fno__coefficient__s404__smooth,fno,smooth,burgers,coefficient,ood,64,0,0,0,0.01322113766529065
development,burgers__fno__coefficient__s404__smooth,fno,smooth,burgers,coefficient,ood,96,0,0,0,0.027758778463621216
development,burgers__fno__coefficient__s505__iid,fno,iid,burgers,coefficient,test,64,0,0,0,0.0008949550615351687
development,burgers__fno__coefficient__s505__iid,fno,iid,burgers,coefficient,test,96,0,0,0,0.0012883095587305493
development,burgers__fno__coefficient__s505__iid,fno,iid,burgers,coefficient,ood,64,0,0,0,0.017737080636823277
development,burgers__fno__coefficient__s505__iid,fno,iid,burgers,coefficient,ood,96,0,0,0,0.02848345311352522
development,burgers__fno__coefficient__s505__none,fno,none,burgers,coefficient,test,64,0,0,0,0.0006309125189629689
development,burgers__fno__coefficient__s505__none,fno,none,burgers,coefficient,test,96,0,0,0,0.0009139977453016546
development,burgers__fno__coefficient__s505__none,fno,none,burgers,coefficient,ood,64,0,0,0,0.010765342727630377
development,burgers__fno__coefficient__s505__none,fno,none,burgers,coefficient,ood,96,0,0,0,0.015892362145117737
development,burgers__fno__coefficient__s505__response_matched,fno,response_matched,burgers,coefficient,test,64,0,0,0,0.0006035902315941061
development,burgers__fno__coefficient__s505__response_matched,fno,response_matched,burgers,coefficient,test,96,0,0,0,0.0007386290367833356
development,burgers__fno__coefficient__s505__response_matched,fno,response_matched,burgers,coefficient,ood,64,0,0,0,0.030498729831324678
development,burgers__fno__coefficient__s505__response_matched,fno,response_matched,burgers,coefficient,ood,96,0,0,0,0.051668640487645
development,burgers__fno__coefficient__s505__smooth,fno,smooth,burgers,coefficient,test,64,0,0,0,0.0005186687247953192
development,burgers__fno__coefficient__s505__smooth,fno,smooth,burgers,coefficient,test,96,0,0,0,0.0006061512442789008
development,burgers__fno__coefficient__s505__smooth,fno,smooth,burgers,coefficient,ood,64,0,0,0,0.004779512283881487
development,burgers__fno__coefficient__s505__smooth,fno,smooth,burgers,coefficient,ood,96,0,0,0,0.007829094781645635
development,burgers__fno__coefficient__s606__iid,fno,iid,burgers,coefficient,test,64,0,0,0,0.0005131149647997213
development,burgers__fno__coefficient__s606__iid,fno,iid,burgers,coefficient,test,96,0,0,0,0.0006668054818536792
development,burgers__fno__coefficient__s606__iid,fno,iid,burgers,coefficient,ood,64,0,0,0,0.0036967551758757544
development,burgers__fno__coefficient__s606__iid,fno,iid,burgers,coefficient,ood,96,0,0,0,0.005654501492393216
development,burgers__fno__coefficient__s606__none,fno,none,burgers,coefficient,test,64,0,0,0,0.0007258771587632436
development,burgers__fno__coefficient__s606__none,fno,none,burgers,coefficient,test,96,0,0,0,0.0009986033668625861
development,burgers__fno__coefficient__s606__none,fno,none,burgers,coefficient,ood,64,0,0,0,0.03921306821517259
development,burgers__fno__coefficient__s606__none,fno,none,burgers,coefficient,ood,96,0,0,0,0.053303825243714374
development,burgers__fno__coefficient__s606__response_matched,fno,response_matched,burgers,coefficient,test,64,0,0,0,0.0006199970539477392
development,burgers__fno__coefficient__s606__response_matched,fno,response_matched,burgers,coefficient,test,96,0,0,0,0.0007902668375860723
development,burgers__fno__coefficient__s606__response_matched,fno,response_matched,burgers,coefficient,ood,64,0,0,0,0.0029136429343332715
development,burgers__fno__coefficient__s606__response_matched,fno,response_matched,burgers,coefficient,ood,96,0,0,0,0.004528960146512459
development,burgers__fno__coefficient__s606__smooth,fno,smooth,burgers,coefficient,test,64,0,0,0,0.0005991909375833056
development,burgers__fno__coefficient__s606__smooth,fno,smooth,burgers,coefficient,test,96,0,0,0,0.0006752404927639736
development,burgers__fno__coefficient__s606__smooth,fno,smooth,burgers,coefficient,ood,64,0,0,0,0.0028729559795001858
development,burgers__fno__coefficient__s606__smooth,fno,smooth,burgers,coefficient,ood,96,0,0,0,0.0038741254463222075
development,burgers__fno__correct__s101__iid,fno,iid,burgers,correct,test,64,0,0,0,0.0004986952553014574
development,burgers__fno__correct__s101__iid,fno,iid,burgers,correct,test,96,0,0,0,0.0007973753123479629
development,burgers__fno__correct__s101__iid,fno,iid,burgers,correct,ood,64,0,0,0,0.040499341187628435
development,burgers__fno__correct__s101__iid,fno,iid,burgers,correct,ood,96,0,0,0,0.07567166485194013
development,burgers__fno__correct__s101__none,fno,none,burgers,correct,test,64,0,0,0,0.00045677866352555364
development,burgers__fno__correct__s101__none,fno,none,burgers,correct,test,96,0,0,0,0.000530275393423463
development,burgers__fno__correct__s101__none,fno,none,burgers,correct,ood,64,0,0,0,0.005007007506337147
development,burgers__fno__correct__s101__none,fno,none,burgers,correct,ood,96,0,0,0,0.006863031567974852
development,burgers__fno__correct__s101__response_matched,fno,response_matched,burgers,correct,test,64,0,0,0,0.00030553290356368293
development,burgers__fno__correct__s101__response_matched,fno,response_matched,burgers,correct,test,96,0,0,0,0.00042932316251140473
development,burgers__fno__correct__s101__response_matched,fno,response_matched,burgers,correct,ood,64,0,0,0,0.014668772461564172
development,burgers__fno__correct__s101__response_matched,fno,response_matched,burgers,correct,ood,96,0,0,0,0.02559035490211814
development,burgers__fno__correct__s101__smooth,fno,smooth,burgers,correct,test,64,0,0,0,0.00021373899544883598
development,burgers__fno__correct__s101__smooth,fno,smooth,burgers,correct,test,96,0,0,0,0.00022008477708826182
development,burgers__fno__correct__s101__smooth,fno,smooth,burgers,correct,ood,64,0,0,0,0.0019080757309765661
development,burgers__fno__correct__s101__smooth,fno,smooth,burgers,correct,ood,96,0,0,0,0.002315028644005198
development,burgers__fno__correct__s202__iid,fno,iid,burgers,correct,test,64,0,0,0,0.00046914442618032834
development,burgers__fno__correct__s202__iid,fno,iid,burgers,correct,test,96,0,0,0,0.0006946781020432554
development,burgers__fno__correct__s202__iid,fno,iid,burgers,correct,ood,64,0,0,0,0.0666879945077321
development,burgers__fno__correct__s202__iid,fno,iid,burgers,correct,ood,96,0,0,0,0.13061169605759973
development,burgers__fno__correct__s202__none,fno,none,burgers,correct,test,64,0,0,0,0.00032756890716126134
development,burgers__fno__correct__s202__none,fno,none,burgers,correct,test,96,0,0,0,0.00037974543978537903
development,burgers__fno__correct__s202__none,fno,none,burgers,correct,ood,64,0,0,0,0.017863267403322836
development,burgers__fno__correct__s202__none,fno,none,burgers,correct,ood,96,0,0,0,0.029761629645857858
development,burgers__fno__correct__s202__response_matched,fno,response_matched,burgers,correct,test,64,0,0,0,0.0006100369261512265
development,burgers__fno__correct__s202__response_matched,fno,response_matched,burgers,correct,test,96,0,0,0,0.0009473702698842522
development,burgers__fno__correct__s202__response_matched,fno,response_matched,burgers,correct,ood,64,0,0,0,0.1098701639814017
development,burgers__fno__correct__s202__response_matched,fno,response_matched,burgers,correct,ood,96,0,0,0,0.21643885942479577
development,burgers__fno__correct__s202__smooth,fno,smooth,burgers,correct,test,64,0,0,0,0.0002688536527681185
development,burgers__fno__correct__s202__smooth,fno,smooth,burgers,correct,test,96,0,0,0,0.0003128537609926145
development,burgers__fno__correct__s202__smooth,fno,smooth,burgers,correct,ood,64,0,0,0,0.011081643028663546
development,burgers__fno__correct__s202__smooth,fno,smooth,burgers,correct,ood,96,0,0,0,0.018468064577293518
development,burgers__fno__correct__s303__iid,fno,iid,burgers,correct,test,64,0,0,0,0.00032402201595219116
development,burgers__fno__correct__s303__iid,fno,iid,burgers,correct,test,96,0,0,0,0.00046000362887801033
development,burgers__fno__correct__s303__iid,fno,iid,burgers,correct,ood,64,0,0,0,0.004914641979953144
development,burgers__fno__correct__s303__iid,fno,iid,burgers,correct,ood,96,0,0,0,0.006612942004585712
development,burgers__fno__correct__s303__none,fno,none,burgers,correct,test,64,0,0,0,0.0006241618315491731
development,burgers__fno__correct__s303__none,fno,none,burgers,correct,test,96,0,0,0,0.0007391827119415094
development,burgers__fno__correct__s303__none,fno,none,burgers,correct,ood,64,0,0,0,0.014670570938330352
development,burgers__fno__correct__s303__none,fno,none,burgers,correct,ood,96,0,0,0,0.018675541322770457
development,burgers__fno__correct__s303__response_matched,fno,response_matched,burgers,correct,test,64,0,0,0,0.0006779090150303355
development,burgers__fno__correct__s303__response_matched,fno,response_matched,burgers,correct,test,96,0,0,0,0.000994917726392111
development,burgers__fno__correct__s303__response_matched,fno,response_matched,burgers,correct,ood,64,0,0,0,0.017828939857830073
development,burgers__fno__correct__s303__response_matched,fno,response_matched,burgers,correct,ood,96,0,0,0,0.02985763585334289
development,burgers__fno__correct__s303__smooth,fno,smooth,burgers,correct,test,64,0,0,0,0.00013157131190635885
development,burgers__fno__correct__s303__smooth,fno,smooth,burgers,correct,test,96,0,0,0,0.00014075076951712098
development,burgers__fno__correct__s303__smooth,fno,smooth,burgers,correct,ood,64,0,0,0,0.0033192558331736066
development,burgers__fno__correct__s303__smooth,fno,smooth,burgers,correct,ood,96,0,0,0,0.004176646584443351
development,burgers__fno__correct__s404__iid,fno,iid,burgers,correct,test,64,0,0,0,0.00031781984579781764
development,burgers__fno__correct__s404__iid,fno,iid,burgers,correct,test,96,0,0,0,0.0004256524446306642
development,burgers__fno__correct__s404__iid,fno,iid,burgers,correct,ood,64,0,0,0,0.012045255475897257
development,burgers__fno__correct__s404__iid,fno,iid,burgers,correct,ood,96,0,0,0,0.015557322980565122
development,burgers__fno__correct__s404__none,fno,none,burgers,correct,test,64,0,0,0,0.0006761289796173228
development,burgers__fno__correct__s404__none,fno,none,burgers,correct,test,96,0,0,0,0.0008347712811572344
development,burgers__fno__correct__s404__none,fno,none,burgers,correct,ood,64,0,0,0,0.017378786776427235
development,burgers__fno__correct__s404__none,fno,none,burgers,correct,ood,96,0,0,0,0.028152505256879845
development,burgers__fno__correct__s404__response_matched,fno,response_matched,burgers,correct,test,64,0,0,0,0.00025832569832996005
development,burgers__fno__correct__s404__response_matched,fno,response_matched,burgers,correct,test,96,0,0,0,0.00033791463211600703
development,burgers__fno__correct__s404__response_matched,fno,response_matched,burgers,correct,ood,64,0,0,0,0.017845667207282756
development,burgers__fno__correct__s404__response_matched,fno,response_matched,burgers,correct,ood,96,0,0,0,0.02860632556717261
development,burgers__fno__correct__s404__smooth,fno,smooth,burgers,correct,test,64,0,0,0,0.0001773562046017375
development,burgers__fno__correct__s404__smooth,fno,smooth,burgers,correct,test,96,0,0,0,0.00020009368055858186
development,burgers__fno__correct__s404__smooth,fno,smooth,burgers,correct,ood,64,0,0,0,0.009812710634815203
development,burgers__fno__correct__s404__smooth,fno,smooth,burgers,correct,ood,96,0,0,0,0.019762604153193346
development,burgers__fno__correct__s505__iid,fno,iid,burgers,correct,test,64,0,0,0,0.0003076101375076648
development,burgers__fno__correct__s505__iid,fno,iid,burgers,correct,test,96,0,0,0,0.00041908596477345517
development,burgers__fno__correct__s505__iid,fno,iid,burgers,correct,ood,64,0,0,0,0.019580784345537616
development,burgers__fno__correct__s505__iid,fno,iid,burgers,correct,ood,96,0,0,0,0.03385113762757086
development,burgers__fno__correct__s505__none,fno,none,burgers,correct,test,64,0,0,0,0.0006496399691766075
development,burgers__fno__correct__s505__none,fno,none,burgers,correct,test,96,0,0,0,0.0010328385447624009
development,burgers__fno__correct__s505__none,fno,none,burgers,correct,ood,64,0,0,0,0.007662676742718588
development,burgers__fno__correct__s505__none,fno,none,burgers,correct,ood,96,0,0,0,0.010993319485838999
development,burgers__fno__correct__s505__response_matched,fno,response_matched,burgers,correct,test,64,0,0,0,0.0004144431134015039
development,burgers__fno__correct__s505__response_matched,fno,response_matched,burgers,correct,test,96,0,0,0,0.0005318984128236438
development,burgers__fno__correct__s505__response_matched,fno,response_matched,burgers,correct,ood,64,0,0,0,0.05469045567445274
development,burgers__fno__correct__s505__response_matched,fno,response_matched,burgers,correct,ood,96,0,0,0,0.10994028427841762
development,burgers__fno__correct__s505__smooth,fno,smooth,burgers,correct,test,64,0,0,0,0.00017326378552625504
development,burgers__fno__correct__s505__smooth,fno,smooth,burgers,correct,test,96,0,0,0,0.00022357523051816836
development,burgers__fno__correct__s505__smooth,fno,smooth,burgers,correct,ood,64,0,0,0,0.004245772756224925
development,burgers__fno__correct__s505__smooth,fno,smooth,burgers,correct,ood,96,0,0,0,0.005960750441903306
development,burgers__fno__correct__s606__iid,fno,iid,burgers,correct,test,64,0,0,0,0.0003726083590683462
development,burgers__fno__correct__s606__iid,fno,iid,burgers,correct,test,96,0,0,0,0.0004535752269569683
development,burgers__fno__correct__s606__iid,fno,iid,burgers,correct,ood,64,0,0,0,0.002542837991244995
development,burgers__fno__correct__s606__iid,fno,iid,burgers,correct,ood,96,0,0,0,0.003795175788631052
development,burgers__fno__correct__s606__none,fno,none,burgers,correct,test,64,0,0,0,0.0008770741979976775
development,burgers__fno__correct__s606__none,fno,none,burgers,correct,test,96,0,0,0,0.001138206072914759
development,burgers__fno__correct__s606__none,fno,none,burgers,correct,ood,64,0,0,0,0.03802438998500371
development,burgers__fno__correct__s606__none,fno,none,burgers,correct,ood,96,0,0,0,0.05278451044086273
development,burgers__fno__correct__s606__response_matched,fno,response_matched,burgers,correct,test,64,0,0,0,0.0003574263564540582
development,burgers__fno__correct__s606__response_matched,fno,response_matched,burgers,correct,test,96,0,0,0,0.0005783949493086162
development,burgers__fno__correct__s606__response_matched,fno,response_matched,burgers,correct,ood,64,0,0,0,0.0039486999257590805
development,burgers__fno__correct__s606__response_matched,fno,response_matched,burgers,correct,ood,96,0,0,0,0.006319912765861598
development,burgers__fno__correct__s606__smooth,fno,smooth,burgers,correct,test,64,0,0,0,0.0002599412173583523
development,burgers__fno__correct__s606__smooth,fno,smooth,burgers,correct,test,96,0,0,0,0.00030104646984819607
development,burgers__fno__correct__s606__smooth,fno,smooth,burgers,correct,ood,64,0,0,0,0.003534955170932663
development,burgers__fno__correct__s606__smooth,fno,smooth,burgers,correct,ood,96,0,0,0,0.0049149728887212625
development,burgers__looped__coefficient__s101__iid,looped,iid,burgers,coefficient,test,64,0,0,0,0.010424753638398343
development,burgers__looped__coefficient__s101__iid,looped,iid,burgers,coefficient,test,96,0,0,0,0.011524814465584397
development,burgers__looped__coefficient__s101__iid,looped,iid,burgers,coefficient,ood,64,0,0,0,0.2628165238136049
development,burgers__looped__coefficient__s101__iid,looped,iid,burgers,coefficient,ood,96,0,0,0,0.32296639603478167
development,burgers__looped__coefficient__s101__none,looped,none,burgers,coefficient,test,64,0,0,0,0.009993702749412359
development,burgers__looped__coefficient__s101__none,looped,none,burgers,coefficient,test,96,0,0,0,0.010622030397532622
development,burgers__looped__coefficient__s101__none,looped,none,burgers,coefficient,ood,64,0,0,0,0.43587155874965333
development,burgers__looped__coefficient__s101__none,looped,none,burgers,coefficient,ood,96,0,0,0,0.6107656725617403
development,burgers__looped__coefficient__s101__response_matched,looped,response_matched,burgers,coefficient,test,64,0,0,0,0.008507510682321362
development,burgers__looped__coefficient__s101__response_matched,looped,response_matched,burgers,coefficient,test,96,0,0,0,0.008846066383450719
development,burgers__looped__coefficient__s101__response_matched,looped,response_matched,burgers,coefficient,ood,64,0,0,0,0.25971559060231364
development,burgers__looped__coefficient__s101__response_matched,looped,response_matched,burgers,coefficient,ood,96,0,0,0,0.3182081309875109
development,burgers__looped__coefficient__s101__smooth,looped,smooth,burgers,coefficient,test,64,0,0,0,0.011957857672606598
development,burgers__looped__coefficient__s101__smooth,looped,smooth,burgers,coefficient,test,96,0,0,0,0.013236886805975422
development,burgers__looped__coefficient__s101__smooth,looped,smooth,burgers,coefficient,ood,64,0,0,0,0.29404635506703514
development,burgers__looped__coefficient__s101__smooth,looped,smooth,burgers,coefficient,ood,96,0,0,0,0.3651651219445166
development,burgers__looped__coefficient__s202__iid,looped,iid,burgers,coefficient,test,64,0,0,0,0.00818202599084572
development,burgers__looped__coefficient__s202__iid,looped,iid,burgers,coefficient,test,96,0,0,0,0.009104950444526787
development,burgers__looped__coefficient__s202__iid,looped,iid,burgers,coefficient,ood,64,0,0,0,0.30216676351711413
development,burgers__looped__coefficient__s202__iid,looped,iid,burgers,coefficient,ood,96,0,0,0,0.4119918501543651
development,burgers__looped__coefficient__s202__none,looped,none,burgers,coefficient,test,64,0,0,0,0.009018831049568132
development,burgers__looped__coefficient__s202__none,looped,none,burgers,coefficient,test,96,0,0,0,0.009889780633942118
development,burgers__looped__coefficient__s202__none,looped,none,burgers,coefficient,ood,64,0,0,0,0.3970592007626692
development,burgers__looped__coefficient__s202__none,looped,none,burgers,coefficient,ood,96,0,0,0,0.636504940695886
development,burgers__looped__coefficient__s202__response_matched,looped,response_matched,burgers,coefficient,test,64,0,0,0,0.007480682458377519
development,burgers__looped__coefficient__s202__response_matched,looped,response_matched,burgers,coefficient,test,96,0,0,0,0.008612371668378731
development,burgers__looped__coefficient__s202__response_matched,looped,response_matched,burgers,coefficient,ood,64,0,0,0,0.34575106806401124
development,burgers__looped__coefficient__s202__response_matched,looped,response_matched,burgers,coefficient,ood,96,0,0,0,0.47212011382535
development,burgers__looped__coefficient__s202__smooth,looped,smooth,burgers,coefficient,test,64,0,0,0,0.008660750852313492
development,burgers__looped__coefficient__s202__smooth,looped,smooth,burgers,coefficient,test,96,0,0,0,0.009608033028749538
development,burgers__looped__coefficient__s202__smooth,looped,smooth,burgers,coefficient,ood,64,0,0,0,0.27401442886455385
development,burgers__looped__coefficient__s202__smooth,looped,smooth,burgers,coefficient,ood,96,0,0,0,0.36555584653765527
development,burgers__looped__coefficient__s303__iid,looped,iid,burgers,coefficient,test,64,0,0,0,0.01244151701894447
development,burgers__looped__coefficient__s303__iid,looped,iid,burgers,coefficient,test,96,0,0,0,0.01323945774444398
development,burgers__looped__coefficient__s303__iid,looped,iid,burgers,coefficient,ood,64,0,0,0,3.6293281551532957
development,burgers__looped__coefficient__s303__iid,looped,iid,burgers,coefficient,ood,96,0,0,0,8.819367790284176
development,burgers__looped__coefficient__s303__none,looped,none,burgers,coefficient,test,64,0,0,0,0.017836618787031577
development,burgers__looped__coefficient__s303__none,looped,none,burgers,coefficient,test,96,0,0,0,0.023135107292879226
development,burgers__looped__coefficient__s303__none,looped,none,burgers,coefficient,ood,64,0,0,0,2.298105642002568
development,burgers__looped__coefficient__s303__none,looped,none,burgers,coefficient,ood,96,0,0,0,5.53096541531186
development,burgers__looped__coefficient__s303__response_matched,looped,response_matched,burgers,coefficient,test,64,0,0,0,0.01372251183634976
development,burgers__looped__coefficient__s303__response_matched,looped,response_matched,burgers,coefficient,test,96,0,0,0,0.016156259842518374
development,burgers__looped__coefficient__s303__response_matched,looped,response_matched,burgers,coefficient,ood,64,0,0,0,2.6605590580058838
development,burgers__looped__coefficient__s303__response_matched,looped,response_matched,burgers,coefficient,ood,96,0,0,0,6.724291406827876
development,burgers__looped__coefficient__s303__smooth,looped,smooth,burgers,coefficient,test,64,0,0,0,0.012824551186166877
development,burgers__looped__coefficient__s303__smooth,looped,smooth,burgers,coefficient,test,96,0,0,0,0.013138453397438205
development,burgers__looped__coefficient__s303__smooth,looped,smooth,burgers,coefficient,ood,64,0,0,0,3.9255103949004493
development,burgers__looped__coefficient__s303__smooth,looped,smooth,burgers,coefficient,ood,96,0,0,0,9.282572113707891
development,burgers__looped__coefficient__s404__iid,looped,iid,burgers,coefficient,test,64,0,0,0,0.008465521834702616
development,burgers__looped__coefficient__s404__iid,looped,iid,burgers,coefficient,test,96,0,0,0,0.009450899601064267
development,burgers__looped__coefficient__s404__iid,looped,iid,burgers,coefficient,ood,64,0,0,0,0.56596009964926
development,burgers__looped__coefficient__s404__iid,looped,iid,burgers,coefficient,ood,96,0,0,0,0.8441614613242715
development,burgers__looped__coefficient__s404__none,looped,none,burgers,coefficient,test,64,0,0,0,0.009010141121007176
development,burgers__looped__coefficient__s404__none,looped,none,burgers,coefficient,test,96,0,0,0,0.0100514230422164
development,burgers__looped__coefficient__s404__none,looped,none,burgers,coefficient,ood,64,0,0,0,0.4595437314274875
development,burgers__looped__coefficient__s404__none,looped,none,burgers,coefficient,ood,96,0,0,0,0.6360291013698429
development,burgers__looped__coefficient__s404__response_matched,looped,response_matched,burgers,coefficient,test,64,0,0,0,0.008225369552719908
development,burgers__looped__coefficient__s404__response_matched,looped,response_matched,burgers,coefficient,test,96,0,0,0,0.008902315439343944
development,burgers__looped__coefficient__s404__response_matched,looped,response_matched,burgers,coefficient,ood,64,0,0,0,0.5236814325500596
development,burgers__looped__coefficient__s404__response_matched,looped,response_matched,burgers,coefficient,ood,96,0,0,0,0.7531748993152381
development,burgers__looped__coefficient__s404__smooth,looped,smooth,burgers,coefficient,test,64,0,0,0,0.008688718721532096
development,burgers__looped__coefficient__s404__smooth,looped,smooth,burgers,coefficient,test,96,0,0,0,0.008854967500347014
development,burgers__looped__coefficient__s404__smooth,looped,smooth,burgers,coefficient,ood,64,0,0,0,0.7513295185078022
development,burgers__looped__coefficient__s404__smooth,looped,smooth,burgers,coefficient,ood,96,0,0,0,1.1796345395091046
development,burgers__looped__coefficient__s505__iid,looped,iid,burgers,coefficient,test,64,0,0,0,0.011786239868944559
development,burgers__looped__coefficient__s505__iid,looped,iid,burgers,coefficient,test,96,0,0,0,0.01647118437319121
development,burgers__looped__coefficient__s505__iid,looped,iid,burgers,coefficient,ood,64,0,0,0,0.3821117041993922
development,burgers__looped__coefficient__s505__iid,looped,iid,burgers,coefficient,ood,96,0,0,0,0.518395512975097
development,burgers__looped__coefficient__s505__none,looped,none,burgers,coefficient,test,64,0,0,0,0.012052841185957841
development,burgers__looped__coefficient__s505__none,looped,none,burgers,coefficient,test,96,0,0,0,0.014051177468489865
development,burgers__looped__coefficient__s505__none,looped,none,burgers,coefficient,ood,64,0,0,0,0.3433698705237873
development,burgers__looped__coefficient__s505__none,looped,none,burgers,coefficient,ood,96,0,0,0,0.46496988157550356
development,burgers__looped__coefficient__s505__response_matched,looped,response_matched,burgers,coefficient,test,64,0,0,0,0.009816033187409368
development,burgers__looped__coefficient__s505__response_matched,looped,response_matched,burgers,coefficient,test,96,0,0,0,0.012604164816634216
development,burgers__looped__coefficient__s505__response_matched,looped,response_matched,burgers,coefficient,ood,64,0,0,0,0.43899837480112325
development,burgers__looped__coefficient__s505__response_matched,looped,response_matched,burgers,coefficient,ood,96,0,0,0,0.5971781963263018
development,burgers__looped__coefficient__s505__smooth,looped,smooth,burgers,coefficient,test,64,0,0,0,0.010301172915894052
development,burgers__looped__coefficient__s505__smooth,looped,smooth,burgers,coefficient,test,96,0,0,0,0.01291027033911433
development,burgers__looped__coefficient__s505__smooth,looped,smooth,burgers,coefficient,ood,64,0,0,0,0.37412313098592875
development,burgers__looped__coefficient__s505__smooth,looped,smooth,burgers,coefficient,ood,96,0,0,0,0.509236977610873
development,burgers__looped__coefficient__s606__iid,looped,iid,burgers,coefficient,test,64,0,0,0,0.010466033018598608
development,burgers__looped__coefficient__s606__iid,looped,iid,burgers,coefficient,test,96,0,0,0,0.01396130846994718
development,burgers__looped__coefficient__s606__iid,looped,iid,burgers,coefficient,ood,64,0,0,0,0.9489898273672992
development,burgers__looped__coefficient__s606__iid,looped,iid,burgers,coefficient,ood,96,0,0,0,1.5951341561785646
development,burgers__looped__coefficient__s606__none,looped,none,burgers,coefficient,test,64,0,0,0,0.008300616003414085
development,burgers__looped__coefficient__s606__none,looped,none,burgers,coefficient,test,96,0,0,0,0.008661948517210472
development,burgers__looped__coefficient__s606__none,looped,none,burgers,coefficient,ood,64,0,0,0,0.9148797272320621
development,burgers__looped__coefficient__s606__none,looped,none,burgers,coefficient,ood,96,0,0,0,1.551736563868682
development,burgers__looped__coefficient__s606__response_matched,looped,response_matched,burgers,coefficient,test,64,0,0,0,0.00821236690863758
development,burgers__looped__coefficient__s606__response_matched,looped,response_matched,burgers,coefficient,test,96,0,0,0,0.009378911663643724
development,burgers__looped__coefficient__s606__response_matched,looped,response_matched,burgers,coefficient,ood,64,0,0,0,0.9069337246914557
development,burgers__looped__coefficient__s606__response_matched,looped,response_matched,burgers,coefficient,ood,96,0,0,0,1.4897189954259695
development,burgers__looped__coefficient__s606__smooth,looped,smooth,burgers,coefficient,test,64,0,0,0,0.008811923254786524
development,burgers__looped__coefficient__s606__smooth,looped,smooth,burgers,coefficient,test,96,0,0,0,0.009791400229690161
development,burgers__looped__coefficient__s606__smooth,looped,smooth,burgers,coefficient,ood,64,0,0,0,0.9822741932386805
development,burgers__looped__coefficient__s606__smooth,looped,smooth,burgers,coefficient,ood,96,0,0,0,1.6521907442815784
development,burgers__looped__correct__s101__iid,looped,iid,burgers,correct,test,64,0,0,0,0.008526374634728162
development,burgers__looped__correct__s101__iid,looped,iid,burgers,correct,test,96,0,0,0,0.009457566931427259
development,burgers__looped__correct__s101__iid,looped,iid,burgers,correct,ood,64,0,0,0,0.2498430966941534
development,burgers__looped__correct__s101__iid,looped,iid,burgers,correct,ood,96,0,0,0,0.3060856035977153
development,burgers__looped__correct__s101__none,looped,none,burgers,correct,test,64,0,0,0,0.009993793891067693
development,burgers__looped__correct__s101__none,looped,none,burgers,correct,test,96,0,0,0,0.010622161870788164
development,burgers__looped__correct__s101__none,looped,none,burgers,correct,ood,64,0,0,0,0.4358717542289128
development,burgers__looped__correct__s101__none,looped,none,burgers,correct,ood,96,0,0,0,0.6107660594193854
development,burgers__looped__correct__s101__response_matched,looped,response_matched,burgers,correct,test,64,0,0,0,0.0102660879333063
development,burgers__looped__correct__s101__response_matched,looped,response_matched,burgers,correct,test,96,0,0,0,0.011216786485801194
development,burgers__looped__correct__s101__response_matched,looped,response_matched,burgers,correct,ood,64,0,0,0,0.26353183421363013
development,burgers__looped__correct__s101__response_matched,looped,response_matched,burgers,correct,ood,96,0,0,0,0.32041112063842075
development,burgers__looped__correct__s101__smooth,looped,smooth,burgers,correct,test,64,0,0,0,0.01077703910608152
development,burgers__looped__correct__s101__smooth,looped,smooth,burgers,correct,test,96,0,0,0,0.012267620631599918
development,burgers__looped__correct__s101__smooth,looped,smooth,burgers,correct,ood,64,0,0,0,0.32043982287707706
development,burgers__looped__correct__s101__smooth,looped,smooth,burgers,correct,ood,96,0,0,0,0.4424625759989359
development,burgers__looped__correct__s202__iid,looped,iid,burgers,correct,test,64,0,0,0,0.008090849425717028
development,burgers__looped__correct__s202__iid,looped,iid,burgers,correct,test,96,0,0,0,0.01002510821155796
development,burgers__looped__correct__s202__iid,looped,iid,burgers,correct,ood,64,0,0,0,0.3309777367953224
development,burgers__looped__correct__s202__iid,looped,iid,burgers,correct,ood,96,0,0,0,0.4485682114378756
development,burgers__looped__correct__s202__none,looped,none,burgers,correct,test,64,0,0,0,0.009018848963942117
development,burgers__looped__correct__s202__none,looped,none,burgers,correct,test,96,0,0,0,0.009889821625417813
development,burgers__looped__correct__s202__none,looped,none,burgers,correct,ood,64,0,0,0,0.39705757995199775
development,burgers__looped__correct__s202__none,looped,none,burgers,correct,ood,96,0,0,0,0.6365012693748943
development,burgers__looped__correct__s202__response_matched,looped,response_matched,burgers,correct,test,64,0,0,0,0.007131242959780959
development,burgers__looped__correct__s202__response_matched,looped,response_matched,burgers,correct,test,96,0,0,0,0.009295640717099651
development,burgers__looped__correct__s202__response_matched,looped,response_matched,burgers,correct,ood,64,0,0,0,0.4893751431804034
development,burgers__looped__correct__s202__response_matched,looped,response_matched,burgers,correct,ood,96,0,0,0,0.6072582660829227
development,burgers__looped__correct__s202__smooth,looped,smooth,burgers,correct,test,64,0,0,0,0.007870988736967899
development,burgers__looped__correct__s202__smooth,looped,smooth,burgers,correct,test,96,0,0,0,0.008416024498434815
development,burgers__looped__correct__s202__smooth,looped,smooth,burgers,correct,ood,64,0,0,0,0.4151928463110437
development,burgers__looped__correct__s202__smooth,looped,smooth,burgers,correct,ood,96,0,0,0,0.6216176699480798
development,burgers__looped__correct__s303__iid,looped,iid,burgers,correct,test,64,0,0,0,0.011898091478629302
development,burgers__looped__correct__s303__iid,looped,iid,burgers,correct,test,96,0,0,0,0.012983597135218943
development,burgers__looped__correct__s303__iid,looped,iid,burgers,correct,ood,64,0,0,0,2.721889815054258
development,burgers__looped__correct__s303__iid,looped,iid,burgers,correct,ood,96,0,0,0,6.744437926599993
development,burgers__looped__correct__s303__none,looped,none,burgers,correct,test,64,0,0,0,0.017836646202926687
development,burgers__looped__correct__s303__none,looped,none,burgers,correct,test,96,0,0,0,0.023135153931219083
development,burgers__looped__correct__s303__none,looped,none,burgers,correct,ood,64,0,0,0,2.298107023823281
development,burgers__looped__correct__s303__none,looped,none,burgers,correct,ood,96,0,0,0,5.530968736900465
development,burgers__looped__correct__s303__response_matched,looped,response_matched,burgers,correct,test,64,0,0,0,0.012177234012182181
development,burgers__looped__correct__s303__response_matched,looped,response_matched,burgers,correct,test,96,0,0,0,0.013881737212223744
development,burgers__looped__correct__s303__response_matched,looped,response_matched,burgers,correct,ood,64,0,0,0,1.2741127826866432
development,burgers__looped__correct__s303__response_matched,looped,response_matched,burgers,correct,ood,96,0,0,0,3.128999879834737
development,burgers__looped__correct__s303__smooth,looped,smooth,burgers,correct,test,64,0,0,0,0.012460017108089416
development,burgers__looped__correct__s303__smooth,looped,smooth,burgers,correct,test,96,0,0,0,0.012737806575476998
development,burgers__looped__correct__s303__smooth,looped,smooth,burgers,correct,ood,64,0,0,0,3.701366387313719
development,burgers__looped__correct__s303__smooth,looped,smooth,burgers,correct,ood,96,0,0,0,8.756041423225227
development,burgers__looped__correct__s404__iid,looped,iid,burgers,correct,test,64,0,0,0,0.008025002101573087
development,burgers__looped__correct__s404__iid,looped,iid,burgers,correct,test,96,0,0,0,0.009303577769584237
development,burgers__looped__correct__s404__iid,looped,iid,burgers,correct,ood,64,0,0,0,0.3453426540046287
development,burgers__looped__correct__s404__iid,looped,iid,burgers,correct,ood,96,0,0,0,0.46217225672451195
development,burgers__looped__correct__s404__none,looped,none,burgers,correct,test,64,0,0,0,0.009010158344919916
development,burgers__looped__correct__s404__none,looped,none,burgers,correct,test,96,0,0,0,0.010051455928759518
development,burgers__looped__correct__s404__none,looped,none,burgers,correct,ood,64,0,0,0,0.4595451389780294
development,burgers__looped__correct__s404__none,looped,none,burgers,correct,ood,96,0,0,0,0.6360314297649173
development,burgers__looped__correct__s404__response_matched,looped,response_matched,burgers,correct,test,64,0,0,0,0.010020748108733102
development,burgers__looped__correct__s404__response_matched,looped,response_matched,burgers,correct,test,96,0,0,0,0.010723157688500368
development,burgers__looped__correct__s404__response_matched,looped,response_matched,burgers,correct,ood,64,0,0,0,0.502269743719026
development,burgers__looped__correct__s404__response_matched,looped,response_matched,burgers,correct,ood,96,0,0,0,0.656450039570179
development,burgers__looped__correct__s404__smooth,looped,smooth,burgers,correct,test,64,0,0,0,0.00934712574596852
development,burgers__looped__correct__s404__smooth,looped,smooth,burgers,correct,test,96,0,0,0,0.011513194405376865
development,burgers__looped__correct__s404__smooth,looped,smooth,burgers,correct,ood,64,0,0,0,0.4797399376102831
development,burgers__looped__correct__s404__smooth,looped,smooth,burgers,correct,ood,96,0,0,0,0.7026743620633102
development,burgers__looped__correct__s505__iid,looped,iid,burgers,correct,test,64,0,0,0,0.011883780321400916
development,burgers__looped__correct__s505__iid,looped,iid,burgers,correct,test,96,0,0,0,0.017927943211325886
development,burgers__looped__correct__s505__iid,looped,iid,burgers,correct,ood,64,0,0,0,0.33010782942091765
development,burgers__looped__correct__s505__iid,looped,iid,burgers,correct,ood,96,0,0,0,0.4391470361383322
development,burgers__looped__correct__s505__none,looped,none,burgers,correct,test,64,0,0,0,0.012052833116457662
development,burgers__looped__correct__s505__none,looped,none,burgers,correct,test,96,0,0,0,0.014051178425708466
development,burgers__looped__correct__s505__none,looped,none,burgers,correct,ood,64,0,0,0,0.34336950825119317
development,burgers__looped__correct__s505__none,looped,none,burgers,correct,ood,96,0,0,0,0.46496931381620255
development,burgers__looped__correct__s505__response_matched,looped,response_matched,burgers,correct,test,64,0,0,0,0.010421518002908359
development,burgers__looped__correct__s505__response_matched,looped,response_matched,burgers,correct,test,96,0,0,0,0.013312650766745815
development,burgers__looped__correct__s505__response_matched,looped,response_matched,burgers,correct,ood,64,0,0,0,0.3976090528666063
development,burgers__looped__correct__s505__response_matched,looped,response_matched,burgers,correct,ood,96,0,0,0,0.5097844285627531
development,burgers__looped__correct__s505__smooth,looped,smooth,burgers,correct,test,64,0,0,0,0.009621635069282375
development,burgers__looped__correct__s505__smooth,looped,smooth,burgers,correct,test,96,0,0,0,0.010881442175646534
development,burgers__looped__correct__s505__smooth,looped,smooth,burgers,correct,ood,64,0,0,0,0.3254979688870776
development,burgers__looped__correct__s505__smooth,looped,smooth,burgers,correct,ood,96,0,0,0,0.43464832098034856
development,burgers__looped__correct__s606__iid,looped,iid,burgers,correct,test,64,0,0,0,0.00880807694890473
development,burgers__looped__correct__s606__iid,looped,iid,burgers,correct,test,96,0,0,0,0.011488437905282051
development,burgers__looped__correct__s606__iid,looped,iid,burgers,correct,ood,64,0,0,0,0.8841820193905789
development,burgers__looped__correct__s606__iid,looped,iid,burgers,correct,ood,96,0,0,0,1.475067351090066
development,burgers__looped__correct__s606__none,looped,none,burgers,correct,test,64,0,0,0,0.008300629500988088
development,burgers__looped__correct__s606__none,looped,none,burgers,correct,test,96,0,0,0,0.008661983159461798
development,burgers__looped__correct__s606__none,looped,none,burgers,correct,ood,64,0,0,0,0.9148826774493131
development,burgers__looped__correct__s606__none,looped,none,burgers,correct,ood,96,0,0,0,1.5517426491826334
development,burgers__looped__correct__s606__response_matched,looped,response_matched,burgers,correct,test,64,0,0,0,0.01230264701852879
development,burgers__looped__correct__s606__response_matched,looped,response_matched,burgers,correct,test,96,0,0,0,0.017033526113237493
development,burgers__looped__correct__s606__response_matched,looped,response_matched,burgers,correct,ood,64,0,0,0,0.8149464449485464
development,burgers__looped__correct__s606__response_matched,looped,response_matched,burgers,correct,ood,96,0,0,0,1.26063796895059
development,burgers__looped__correct__s606__smooth,looped,smooth,burgers,correct,test,64,0,0,0,0.008158370383485103
development,burgers__looped__correct__s606__smooth,looped,smooth,burgers,correct,test,96,0,0,0,0.008920506515002497
development,burgers__looped__correct__s606__smooth,looped,smooth,burgers,correct,ood,64,0,0,0,1.0433797942192626
development,burgers__looped__correct__s606__smooth,looped,smooth,burgers,correct,ood,96,0,0,0,1.7711699511047052
development,burgers__transformer__coefficient__s101__iid,transformer,iid,burgers,coefficient,test,64,0,0,0,0.007865034645818447
development,burgers__transformer__coefficient__s101__iid,transformer,iid,burgers,coefficient,test,96,0,0,0,0.009339987533347601
development,burgers__transformer__coefficient__s101__iid,transformer,iid,burgers,coefficient,ood,64,0,0,0,0.3894062213053573
development,burgers__transformer__coefficient__s101__iid,transformer,iid,burgers,coefficient,ood,96,0,0,0,0.5250201873917556
development,burgers__transformer__coefficient__s101__none,transformer,none,burgers,coefficient,test,64,0,0,0,0.006808348375341167
development,burgers__transformer__coefficient__s101__none,transformer,none,burgers,coefficient,test,96,0,0,0,0.007404522977313348
development,burgers__transformer__coefficient__s101__none,transformer,none,burgers,coefficient,ood,64,0,0,0,0.5901028292904158
development,burgers__transformer__coefficient__s101__none,transformer,none,burgers,coefficient,ood,96,0,0,0,0.9986079378191355
development,burgers__transformer__coefficient__s101__response_matched,transformer,response_matched,burgers,coefficient,test,64,0,0,0,0.006499418242809307
development,burgers__transformer__coefficient__s101__response_matched,transformer,response_matched,burgers,coefficient,test,96,0,0,0,0.008806237248013254
development,burgers__transformer__coefficient__s101__response_matched,transformer,response_matched,burgers,coefficient,ood,64,0,0,0,0.34873466984119617
development,burgers__transformer__coefficient__s101__response_matched,transformer,response_matched,burgers,coefficient,ood,96,0,0,0,0.4149593737344546
development,burgers__transformer__coefficient__s101__smooth,transformer,smooth,burgers,coefficient,test,64,0,0,0,0.007724558081894317
development,burgers__transformer__coefficient__s101__smooth,transformer,smooth,burgers,coefficient,test,96,0,0,0,0.008091905449279846
development,burgers__transformer__coefficient__s101__smooth,transformer,smooth,burgers,coefficient,ood,64,0,0,0,0.53186984120277
development,burgers__transformer__coefficient__s101__smooth,transformer,smooth,burgers,coefficient,ood,96,0,0,0,0.8248797439214712
development,burgers__transformer__coefficient__s202__iid,transformer,iid,burgers,coefficient,test,64,0,0,0,0.0071608674330678745
development,burgers__transformer__coefficient__s202__iid,transformer,iid,burgers,coefficient,test,96,0,0,0,0.00825092318209612
development,burgers__transformer__coefficient__s202__iid,transformer,iid,burgers,coefficient,ood,64,0,0,0,0.5435227173204922
development,burgers__transformer__coefficient__s202__iid,transformer,iid,burgers,coefficient,ood,96,0,0,0,0.8267213226634881
development,burgers__transformer__coefficient__s202__none,transformer,none,burgers,coefficient,test,64,0,0,0,0.006337467502547045
development,burgers__transformer__coefficient__s202__none,transformer,none,burgers,coefficient,test,96,0,0,0,0.00665960047579491
development,burgers__transformer__coefficient__s202__none,transformer,none,burgers,coefficient,ood,64,0,0,0,0.5869054632194732
development,burgers__transformer__coefficient__s202__none,transformer,none,burgers,coefficient,ood,96,0,0,0,0.9480357867912186
development,burgers__transformer__coefficient__s202__response_matched,transformer,response_matched,burgers,coefficient,test,64,0,0,0,0.007344241974878929
development,burgers__transformer__coefficient__s202__response_matched,transformer,response_matched,burgers,coefficient,test,96,0,0,0,0.009600211949770381
development,burgers__transformer__coefficient__s202__response_matched,transformer,response_matched,burgers,coefficient,ood,64,0,0,0,0.5989722099482648
development,burgers__transformer__coefficient__s202__response_matched,transformer,response_matched,burgers,coefficient,ood,96,0,0,0,0.9130939481357956
development,burgers__transformer__coefficient__s202__smooth,transformer,smooth,burgers,coefficient,test,64,0,0,0,0.0074997669584634385
development,burgers__transformer__coefficient__s202__smooth,transformer,smooth,burgers,coefficient,test,96,0,0,0,0.008584134648034203
development,burgers__transformer__coefficient__s202__smooth,transformer,smooth,burgers,coefficient,ood,64,0,0,0,0.6393621116685608
development,burgers__transformer__coefficient__s202__smooth,transformer,smooth,burgers,coefficient,ood,96,0,0,0,1.0106882192067133
development,burgers__transformer__coefficient__s303__iid,transformer,iid,burgers,coefficient,test,64,0,0,0,0.005681638141753265
development,burgers__transformer__coefficient__s303__iid,transformer,iid,burgers,coefficient,test,96,0,0,0,0.007157202103040976
development,burgers__transformer__coefficient__s303__iid,transformer,iid,burgers,coefficient,ood,64,0,0,0,0.5798031551077827
development,burgers__transformer__coefficient__s303__iid,transformer,iid,burgers,coefficient,ood,96,0,0,0,0.8524028567227522
development,burgers__transformer__coefficient__s303__none,transformer,none,burgers,coefficient,test,64,0,0,0,0.004168662334208262
development,burgers__transformer__coefficient__s303__none,transformer,none,burgers,coefficient,test,96,0,0,0,0.005198207517129701
development,burgers__transformer__coefficient__s303__none,transformer,none,burgers,coefficient,ood,64,0,0,0,0.5856165958123256
development,burgers__transformer__coefficient__s303__none,transformer,none,burgers,coefficient,ood,96,0,0,0,0.8420927408261983
development,burgers__transformer__coefficient__s303__response_matched,transformer,response_matched,burgers,coefficient,test,64,0,0,0,0.005732237906896476
development,burgers__transformer__coefficient__s303__response_matched,transformer,response_matched,burgers,coefficient,test,96,0,0,0,0.006241430485042147
development,burgers__transformer__coefficient__s303__response_matched,transformer,response_matched,burgers,coefficient,ood,64,0,0,0,0.5253330920677541
development,burgers__transformer__coefficient__s303__response_matched,transformer,response_matched,burgers,coefficient,ood,96,0,0,0,0.7403926632153741
development,burgers__transformer__coefficient__s303__smooth,transformer,smooth,burgers,coefficient,test,64,0,0,0,0.004116741972286619
development,burgers__transformer__coefficient__s303__smooth,transformer,smooth,burgers,coefficient,test,96,0,0,0,0.004163604915246699
development,burgers__transformer__coefficient__s303__smooth,transformer,smooth,burgers,coefficient,ood,64,0,0,0,0.5174944586777173
development,burgers__transformer__coefficient__s303__smooth,transformer,smooth,burgers,coefficient,ood,96,0,0,0,0.7575397315678836
development,burgers__transformer__coefficient__s404__iid,transformer,iid,burgers,coefficient,test,64,0,0,0,0.008447746000582845
development,burgers__transformer__coefficient__s404__iid,transformer,iid,burgers,coefficient,test,96,0,0,0,0.009692749240200731
development,burgers__transformer__coefficient__s404__iid,transformer,iid,burgers,coefficient,ood,64,0,0,0,0.4296991794485656
development,burgers__transformer__coefficient__s404__iid,transformer,iid,burgers,coefficient,ood,96,0,0,0,0.5660008792010582
development,burgers__transformer__coefficient__s404__none,transformer,none,burgers,coefficient,test,64,0,0,0,0.007677050175383726
development,burgers__transformer__coefficient__s404__none,transformer,none,burgers,coefficient,test,96,0,0,0,0.007696891581907228
development,burgers__transformer__coefficient__s404__none,transformer,none,burgers,coefficient,ood,64,0,0,0,0.4547199017134709
development,burgers__transformer__coefficient__s404__none,transformer,none,burgers,coefficient,ood,96,0,0,0,0.6101154197325869
development,burgers__transformer__coefficient__s404__response_matched,transformer,response_matched,burgers,coefficient,test,64,0,0,0,0.005327876047375946
development,burgers__transformer__coefficient__s404__response_matched,transformer,response_matched,burgers,coefficient,test,96,0,0,0,0.005472960211123276
development,burgers__transformer__coefficient__s404__response_matched,transformer,response_matched,burgers,coefficient,ood,64,0,0,0,0.3945438589403736
development,burgers__transformer__coefficient__s404__response_matched,transformer,response_matched,burgers,coefficient,ood,96,0,0,0,0.510965621690384
development,burgers__transformer__coefficient__s404__smooth,transformer,smooth,burgers,coefficient,test,64,0,0,0,0.00755975258592978
development,burgers__transformer__coefficient__s404__smooth,transformer,smooth,burgers,coefficient,test,96,0,0,0,0.007818737981662846
development,burgers__transformer__coefficient__s404__smooth,transformer,smooth,burgers,coefficient,ood,64,0,0,0,0.4724861275324095
development,burgers__transformer__coefficient__s404__smooth,transformer,smooth,burgers,coefficient,ood,96,0,0,0,0.6359103096563791
development,burgers__transformer__coefficient__s505__iid,transformer,iid,burgers,coefficient,test,64,0,0,0,0.007288799099996579
development,burgers__transformer__coefficient__s505__iid,transformer,iid,burgers,coefficient,test,96,0,0,0,0.008758729253202535
development,burgers__transformer__coefficient__s505__iid,transformer,iid,burgers,coefficient,ood,64,0,0,0,0.5169126445556955
development,burgers__transformer__coefficient__s505__iid,transformer,iid,burgers,coefficient,ood,96,0,0,0,0.7306184650087317
development,burgers__transformer__coefficient__s505__none,transformer,none,burgers,coefficient,test,64,0,0,0,0.009536455932018018
development,burgers__transformer__coefficient__s505__none,transformer,none,burgers,coefficient,test,96,0,0,0,0.011505348496539058
development,burgers__transformer__coefficient__s505__none,transformer,none,burgers,coefficient,ood,64,0,0,0,0.37227946292172476
development,burgers__transformer__coefficient__s505__none,transformer,none,burgers,coefficient,ood,96,0,0,0,0.4965620127845133
development,burgers__transformer__coefficient__s505__response_matched,transformer,response_matched,burgers,coefficient,test,64,0,0,0,0.004986911547095296
development,burgers__transformer__coefficient__s505__response_matched,transformer,response_matched,burgers,coefficient,test,96,0,0,0,0.005606424668885168
development,burgers__transformer__coefficient__s505__response_matched,transformer,response_matched,burgers,coefficient,ood,64,0,0,0,0.453394566379437
development,burgers__transformer__coefficient__s505__response_matched,transformer,response_matched,burgers,coefficient,ood,96,0,0,0,0.596024692819294
development,burgers__transformer__coefficient__s505__smooth,transformer,smooth,burgers,coefficient,test,64,0,0,0,0.007401157398108316
development,burgers__transformer__coefficient__s505__smooth,transformer,smooth,burgers,coefficient,test,96,0,0,0,0.0075965569065687966
development,burgers__transformer__coefficient__s505__smooth,transformer,smooth,burgers,coefficient,ood,64,0,0,0,0.6286834688581848
development,burgers__transformer__coefficient__s505__smooth,transformer,smooth,burgers,coefficient,ood,96,0,0,0,0.938602262967303
development,burgers__transformer__coefficient__s606__iid,transformer,iid,burgers,coefficient,test,64,0,0,0,0.004184281567627068
development,burgers__transformer__coefficient__s606__iid,transformer,iid,burgers,coefficient,test,96,0,0,0,0.0044050820499674055
development,burgers__transformer__coefficient__s606__iid,transformer,iid,burgers,coefficient,ood,64,0,0,0,1.3186225010838086
development,burgers__transformer__coefficient__s606__iid,transformer,iid,burgers,coefficient,ood,96,0,0,0,2.340206991345572
development,burgers__transformer__coefficient__s606__none,transformer,none,burgers,coefficient,test,64,0,0,0,0.005299649041875298
development,burgers__transformer__coefficient__s606__none,transformer,none,burgers,coefficient,test,96,0,0,0,0.005603716853183727
development,burgers__transformer__coefficient__s606__none,transformer,none,burgers,coefficient,ood,64,0,0,0,0.6651349304305114
development,burgers__transformer__coefficient__s606__none,transformer,none,burgers,coefficient,ood,96,0,0,0,1.0672273354796005
development,burgers__transformer__coefficient__s606__response_matched,transformer,response_matched,burgers,coefficient,test,64,0,0,0,0.005375545682140825
development,burgers__transformer__coefficient__s606__response_matched,transformer,response_matched,burgers,coefficient,test,96,0,0,0,0.006121462216734264
development,burgers__transformer__coefficient__s606__response_matched,transformer,response_matched,burgers,coefficient,ood,64,0,0,0,1.0106194440178058
development,burgers__transformer__coefficient__s606__response_matched,transformer,response_matched,burgers,coefficient,ood,96,0,0,0,1.6937355456090963
development,burgers__transformer__coefficient__s606__smooth,transformer,smooth,burgers,coefficient,test,64,0,0,0,0.00567550653897575
development,burgers__transformer__coefficient__s606__smooth,transformer,smooth,burgers,coefficient,test,96,0,0,0,0.005745431309329696
development,burgers__transformer__coefficient__s606__smooth,transformer,smooth,burgers,coefficient,ood,64,0,0,0,1.250451373269172
development,burgers__transformer__coefficient__s606__smooth,transformer,smooth,burgers,coefficient,ood,96,0,0,0,2.2295643108457455
development,burgers__transformer__correct__s101__iid,transformer,iid,burgers,correct,test,64,0,0,0,0.004908437453325365
development,burgers__transformer__correct__s101__iid,transformer,iid,burgers,correct,test,96,0,0,0,0.005248006744486297
development,burgers__transformer__correct__s101__iid,transformer,iid,burgers,correct,ood,64,0,0,0,0.45634220001863923
development,burgers__transformer__correct__s101__iid,transformer,iid,burgers,correct,ood,96,0,0,0,0.6540177162225973
development,burgers__transformer__correct__s101__none,transformer,none,burgers,correct,test,64,0,0,0,0.00680835699457083
development,burgers__transformer__correct__s101__none,transformer,none,burgers,correct,test,96,0,0,0,0.007404542739035605
development,burgers__transformer__correct__s101__none,transformer,none,burgers,correct,ood,64,0,0,0,0.5901037542808361
development,burgers__transformer__correct__s101__none,transformer,none,burgers,correct,ood,96,0,0,0,0.99860961675225
development,burgers__transformer__correct__s101__response_matched,transformer,response_matched,burgers,correct,test,64,0,0,0,0.007075829887043472
development,burgers__transformer__correct__s101__response_matched,transformer,response_matched,burgers,correct,test,96,0,0,0,0.009112093832928103
development,burgers__transformer__correct__s101__response_matched,transformer,response_matched,burgers,correct,ood,64,0,0,0,0.6694134409213248
development,burgers__transformer__correct__s101__response_matched,transformer,response_matched,burgers,correct,ood,96,0,0,0,1.0314018107034761
development,burgers__transformer__correct__s101__smooth,transformer,smooth,burgers,correct,test,64,0,0,0,0.0084798781717621
development,burgers__transformer__correct__s101__smooth,transformer,smooth,burgers,correct,test,96,0,0,0,0.009608375636223668
development,burgers__transformer__correct__s101__smooth,transformer,smooth,burgers,correct,ood,64,0,0,0,0.6573058270530794
development,burgers__transformer__correct__s101__smooth,transformer,smooth,burgers,correct,ood,96,0,0,0,1.1024964644225481
development,burgers__transformer__correct__s202__iid,transformer,iid,burgers,correct,test,64,0,0,0,0.00547158856451424
development,burgers__transformer__correct__s202__iid,transformer,iid,burgers,correct,test,96,0,0,0,0.005973434800909506
development,burgers__transformer__correct__s202__iid,transformer,iid,burgers,correct,ood,64,0,0,0,0.4458484372804321
development,burgers__transformer__correct__s202__iid,transformer,iid,burgers,correct,ood,96,0,0,0,0.6445829150104411
development,burgers__transformer__correct__s202__none,transformer,none,burgers,correct,test,64,0,0,0,0.006337466514894308
development,burgers__transformer__correct__s202__none,transformer,none,burgers,correct,test,96,0,0,0,0.006659602382532714
development,burgers__transformer__correct__s202__none,transformer,none,burgers,correct,ood,64,0,0,0,0.5869072274640104
development,burgers__transformer__correct__s202__none,transformer,none,burgers,correct,ood,96,0,0,0,0.9480391151194473
development,burgers__transformer__correct__s202__response_matched,transformer,response_matched,burgers,correct,test,64,0,0,0,0.009827688522451528
development,burgers__transformer__correct__s202__response_matched,transformer,response_matched,burgers,correct,test,96,0,0,0,0.012636173973989234
development,burgers__transformer__correct__s202__response_matched,transformer,response_matched,burgers,correct,ood,64,0,0,0,0.4493681932177225
development,burgers__transformer__correct__s202__response_matched,transformer,response_matched,burgers,correct,ood,96,0,0,0,0.5901848108433588
development,burgers__transformer__correct__s202__smooth,transformer,smooth,burgers,correct,test,64,0,0,0,0.005711148451950643
development,burgers__transformer__correct__s202__smooth,transformer,smooth,burgers,correct,test,96,0,0,0,0.0059044803788308444
development,burgers__transformer__correct__s202__smooth,transformer,smooth,burgers,correct,ood,64,0,0,0,0.4455589477520263
development,burgers__transformer__correct__s202__smooth,transformer,smooth,burgers,correct,ood,96,0,0,0,0.6526362717043668
development,burgers__transformer__correct__s303__iid,transformer,iid,burgers,correct,test,64,0,0,0,0.004246225670833326
development,burgers__transformer__correct__s303__iid,transformer,iid,burgers,correct,test,96,0,0,0,0.004535537575797832
development,burgers__transformer__correct__s303__iid,transformer,iid,burgers,correct,ood,64,0,0,0,0.5562026018567678
development,burgers__transformer__correct__s303__iid,transformer,iid,burgers,correct,ood,96,0,0,0,0.8018830035682072
development,burgers__transformer__correct__s303__none,transformer,none,burgers,correct,test,64,0,0,0,0.004169971343600698
development,burgers__transformer__correct__s303__none,transformer,none,burgers,correct,test,96,0,0,0,0.005200707190009053
development,burgers__transformer__correct__s303__none,transformer,none,burgers,correct,ood,64,0,0,0,0.5855995247568728
development,burgers__transformer__correct__s303__none,transformer,none,burgers,correct,ood,96,0,0,0,0.8420644019753922
development,burgers__transformer__correct__s303__response_matched,transformer,response_matched,burgers,correct,test,64,0,0,0,0.007469383921556494
development,burgers__transformer__correct__s303__response_matched,transformer,response_matched,burgers,correct,test,96,0,0,0,0.010641895492282227
development,burgers__transformer__correct__s303__response_matched,transformer,response_matched,burgers,correct,ood,64,0,0,0,0.4193687251339213
development,burgers__transformer__correct__s303__response_matched,transformer,response_matched,burgers,correct,ood,96,0,0,0,0.5511464123661085
development,burgers__transformer__correct__s303__smooth,transformer,smooth,burgers,correct,test,64,0,0,0,0.0033532474089755793
development,burgers__transformer__correct__s303__smooth,transformer,smooth,burgers,correct,test,96,0,0,0,0.003869415232454468
development,burgers__transformer__correct__s303__smooth,transformer,smooth,burgers,correct,ood,64,0,0,0,0.6820178237905878
development,burgers__transformer__correct__s303__smooth,transformer,smooth,burgers,correct,ood,96,0,0,0,1.053429394713163
development,burgers__transformer__correct__s404__iid,transformer,iid,burgers,correct,test,64,0,0,0,0.006426299939009339
development,burgers__transformer__correct__s404__iid,transformer,iid,burgers,correct,test,96,0,0,0,0.006699446268248587
development,burgers__transformer__correct__s404__iid,transformer,iid,burgers,correct,ood,64,0,0,0,0.46258731532854114
development,burgers__transformer__correct__s404__iid,transformer,iid,burgers,correct,ood,96,0,0,0,0.6384463920084661
development,burgers__transformer__correct__s404__none,transformer,none,burgers,correct,test,64,0,0,0,0.007677029044997952
development,burgers__transformer__correct__s404__none,transformer,none,burgers,correct,test,96,0,0,0,0.007696863649205521
development,burgers__transformer__correct__s404__none,transformer,none,burgers,correct,ood,64,0,0,0,0.45472029915055145
development,burgers__transformer__correct__s404__none,transformer,none,burgers,correct,ood,96,0,0,0,0.6101161629514612
development,burgers__transformer__correct__s404__response_matched,transformer,response_matched,burgers,correct,test,64,0,0,0,0.007735418351292989
development,burgers__transformer__correct__s404__response_matched,transformer,response_matched,burgers,correct,test,96,0,0,0,0.00883262700489566
development,burgers__transformer__correct__s404__response_matched,transformer,response_matched,burgers,correct,ood,64,0,0,0,0.5856602255798578
development,burgers__transformer__correct__s404__response_matched,transformer,response_matched,burgers,correct,ood,96,0,0,0,0.8740078401891083
development,burgers__transformer__correct__s404__smooth,transformer,smooth,burgers,correct,test,64,0,0,0,0.006794557296956438
development,burgers__transformer__correct__s404__smooth,transformer,smooth,burgers,correct,test,96,0,0,0,0.0070620011876107265
development,burgers__transformer__correct__s404__smooth,transformer,smooth,burgers,correct,ood,64,0,0,0,0.42194383485695397
development,burgers__transformer__correct__s404__smooth,transformer,smooth,burgers,correct,ood,96,0,0,0,0.551209903345575
development,burgers__transformer__correct__s505__iid,transformer,iid,burgers,correct,test,64,0,0,0,0.0046530340106316626
development,burgers__transformer__correct__s505__iid,transformer,iid,burgers,correct,test,96,0,0,0,0.004737237542519868
development,burgers__transformer__correct__s505__iid,transformer,iid,burgers,correct,ood,64,0,0,0,0.4719340086324735
development,burgers__transformer__correct__s505__iid,transformer,iid,burgers,correct,ood,96,0,0,0,0.6448616928854751
development,burgers__transformer__correct__s505__none,transformer,none,burgers,correct,test,64,0,0,0,0.009536330606121024
development,burgers__transformer__correct__s505__none,transformer,none,burgers,correct,test,96,0,0,0,0.01150512634889611
development,burgers__transformer__correct__s505__none,transformer,none,burgers,correct,ood,64,0,0,0,0.37227743718827355
development,burgers__transformer__correct__s505__none,transformer,none,burgers,correct,ood,96,0,0,0,0.49655839569165505
development,burgers__transformer__correct__s505__response_matched,transformer,response_matched,burgers,correct,test,64,0,0,0,0.0045233965195576875
development,burgers__transformer__correct__s505__response_matched,transformer,response_matched,burgers,correct,test,96,0,0,0,0.004765354429962472
development,burgers__transformer__correct__s505__response_matched,transformer,response_matched,burgers,correct,ood,64,0,0,0,0.4704724280580592
development,burgers__transformer__correct__s505__response_matched,transformer,response_matched,burgers,correct,ood,96,0,0,0,0.6040744594191855
development,burgers__transformer__correct__s505__smooth,transformer,smooth,burgers,correct,test,64,0,0,0,0.005319159708769172
development,burgers__transformer__correct__s505__smooth,transformer,smooth,burgers,correct,test,96,0,0,0,0.0052228067480230385
development,burgers__transformer__correct__s505__smooth,transformer,smooth,burgers,correct,ood,64,0,0,0,0.5906350481356952
development,burgers__transformer__correct__s505__smooth,transformer,smooth,burgers,correct,ood,96,0,0,0,0.8763240017853207
development,burgers__transformer__correct__s606__iid,transformer,iid,burgers,correct,test,64,0,0,0,0.004406775450333633
development,burgers__transformer__correct__s606__iid,transformer,iid,burgers,correct,test,96,0,0,0,0.0049969604917610155
development,burgers__transformer__correct__s606__iid,transformer,iid,burgers,correct,ood,64,0,0,0,1.1387049131927682
development,burgers__transformer__correct__s606__iid,transformer,iid,burgers,correct,ood,96,0,0,0,1.9742092156115234
development,burgers__transformer__correct__s606__none,transformer,none,burgers,correct,test,64,0,0,0,0.005299625740935787
development,burgers__transformer__correct__s606__none,transformer,none,burgers,correct,test,96,0,0,0,0.005603665242994049
development,burgers__transformer__correct__s606__none,transformer,none,burgers,correct,ood,64,0,0,0,0.6651370805258594
development,burgers__transformer__correct__s606__none,transformer,none,burgers,correct,ood,96,0,0,0,1.067231720116472
development,burgers__transformer__correct__s606__response_matched,transformer,response_matched,burgers,correct,test,64,0,0,0,0.007373530753745472
development,burgers__transformer__correct__s606__response_matched,transformer,response_matched,burgers,correct,test,96,0,0,0,0.009461573143127122
development,burgers__transformer__correct__s606__response_matched,transformer,response_matched,burgers,correct,ood,64,0,0,0,0.9104689933909498
development,burgers__transformer__correct__s606__response_matched,transformer,response_matched,burgers,correct,ood,96,0,0,0,1.4732572538601496
development,burgers__transformer__correct__s606__smooth,transformer,smooth,burgers,correct,test,64,0,0,0,0.005123886742692152
development,burgers__transformer__correct__s606__smooth,transformer,smooth,burgers,correct,test,96,0,0,0,0.005596365569893921
development,burgers__transformer__correct__s606__smooth,transformer,smooth,burgers,correct,ood,64,0,0,0,1.1655820658784108
development,burgers__transformer__correct__s606__smooth,transformer,smooth,burgers,correct,ood,96,0,0,0,2.067220496043158
development,gray_scott__fno__coefficient__s101__iid,fno,iid,gray_scott,coefficient,test,64,0,0,0,0.003814724808911818
development,gray_scott__fno__coefficient__s101__iid,fno,iid,gray_scott,coefficient,test,96,0,0,0,0.006413424621025418
development,gray_scott__fno__coefficient__s101__iid,fno,iid,gray_scott,coefficient,ood,64,0,0,0,0.32907463644593715
development,gray_scott__fno__coefficient__s101__iid,fno,iid,gray_scott,coefficient,ood,96,0,0,0,0.8472206942499831
development,gray_scott__fno__coefficient__s101__none,fno,none,gray_scott,coefficient,test,64,0,0,0,0.00040416364029608604
development,gray_scott__fno__coefficient__s101__none,fno,none,gray_scott,coefficient,test,96,0,0,0,0.0010344469278154252
development,gray_scott__fno__coefficient__s101__none,fno,none,gray_scott,coefficient,ood,64,0,0,0,0.16256954356582032
development,gray_scott__fno__coefficient__s101__none,fno,none,gray_scott,coefficient,ood,96,0,0,0,0.4831814665551407
development,gray_scott__fno__coefficient__s101__response_matched,fno,response_matched,gray_scott,coefficient,test,64,0,0,0,0.0012706682682150083
development,gray_scott__fno__coefficient__s101__response_matched,fno,response_matched,gray_scott,coefficient,test,96,0,0,0,0.002081870311392675
development,gray_scott__fno__coefficient__s101__response_matched,fno,response_matched,gray_scott,coefficient,ood,64,0,0,0,0.3645811232684242
development,gray_scott__fno__coefficient__s101__response_matched,fno,response_matched,gray_scott,coefficient,ood,96,0,0,0,0.9939706380811717
development,gray_scott__fno__coefficient__s101__smooth,fno,smooth,gray_scott,coefficient,test,64,0,0,0,0.005044200344524921
development,gray_scott__fno__coefficient__s101__smooth,fno,smooth,gray_scott,coefficient,test,96,0,0,0,0.010201477047665802
development,gray_scott__fno__coefficient__s101__smooth,fno,smooth,gray_scott,coefficient,ood,64,0,0,0,0.24130328606463003
development,gray_scott__fno__coefficient__s101__smooth,fno,smooth,gray_scott,coefficient,ood,96,0,0,0,0.6032088124172752
development,gray_scott__fno__coefficient__s202__iid,fno,iid,gray_scott,coefficient,test,64,0,0,0,0.006312325585715178
development,gray_scott__fno__coefficient__s202__iid,fno,iid,gray_scott,coefficient,test,96,0,0,0,0.01589084807531847
development,gray_scott__fno__coefficient__s202__iid,fno,iid,gray_scott,coefficient,ood,64,0,0,0,0.15594817563949004
development,gray_scott__fno__coefficient__s202__iid,fno,iid,gray_scott,coefficient,ood,96,0,0,0,0.4891430949998862
development,gray_scott__fno__coefficient__s202__none,fno,none,gray_scott,coefficient,test,64,0,0,0,0.0005642510211265259
development,gray_scott__fno__coefficient__s202__none,fno,none,gray_scott,coefficient,test,96,0,0,0,0.0015454665297247364
development,gray_scott__fno__coefficient__s202__none,fno,none,gray_scott,coefficient,ood,64,0,0,0,0.1251982054938352
development,gray_scott__fno__coefficient__s202__none,fno,none,gray_scott,coefficient,ood,96,0,0,0,0.3995448032954063
development,gray_scott__fno__coefficient__s202__response_matched,fno,response_matched,gray_scott,coefficient,test,64,0,0,0,0.0036641469621184197
development,gray_scott__fno__coefficient__s202__response_matched,fno,response_matched,gray_scott,coefficient,test,96,0,0,0,0.006996497071551514
development,gray_scott__fno__coefficient__s202__response_matched,fno,response_matched,gray_scott,coefficient,ood,64,0,0,0,0.2508994190637597
development,gray_scott__fno__coefficient__s202__response_matched,fno,response_matched,gray_scott,coefficient,ood,96,0,0,0,0.8872261351830864
development,gray_scott__fno__coefficient__s202__smooth,fno,smooth,gray_scott,coefficient,test,64,0,0,0,0.005801454458255126
development,gray_scott__fno__coefficient__s202__smooth,fno,smooth,gray_scott,coefficient,test,96,0,0,0,0.012529293516795059
development,gray_scott__fno__coefficient__s202__smooth,fno,smooth,gray_scott,coefficient,ood,64,0,0,0,0.15723977128846522
development,gray_scott__fno__coefficient__s202__smooth,fno,smooth,gray_scott,coefficient,ood,96,0,0,0,0.4679328224813958
development,gray_scott__fno__coefficient__s303__iid,fno,iid,gray_scott,coefficient,test,64,0,0,0,0.0026747020783266795
development,gray_scott__fno__coefficient__s303__iid,fno,iid,gray_scott,coefficient,test,96,0,0,0,0.004482357168278254
development,gray_scott__fno__coefficient__s303__iid,fno,iid,gray_scott,coefficient,ood,64,0,0,0,0.10728157015582007
development,gray_scott__fno__coefficient__s303__iid,fno,iid,gray_scott,coefficient,ood,96,0,0,0,0.5320525067002204
development,gray_scott__fno__coefficient__s303__none,fno,none,gray_scott,coefficient,test,64,0,0,0,0.0005215672570758195
development,gray_scott__fno__coefficient__s303__none,fno,none,gray_scott,coefficient,test,96,0,0,0,0.0015503672477923112
development,gray_scott__fno__coefficient__s303__none,fno,none,gray_scott,coefficient,ood,64,0,0,0,0.08340722046646176
development,gray_scott__fno__coefficient__s303__none,fno,none,gray_scott,coefficient,ood,96,0,0,0,0.31273907177416493
development,gray_scott__fno__coefficient__s303__response_matched,fno,response_matched,gray_scott,coefficient,test,64,0,0,0,0.0016671393749092545
development,gray_scott__fno__coefficient__s303__response_matched,fno,response_matched,gray_scott,coefficient,test,96,0,0,0,0.0026655562916223135
development,gray_scott__fno__coefficient__s303__response_matched,fno,response_matched,gray_scott,coefficient,ood,64,0,0,0,0.8677327261369419
development,gray_scott__fno__coefficient__s303__response_matched,fno,response_matched,gray_scott,coefficient,ood,96,0,0,0,9.788534537239887
development,gray_scott__fno__coefficient__s303__smooth,fno,smooth,gray_scott,coefficient,test,64,0,0,0,0.01270951165682041
development,gray_scott__fno__coefficient__s303__smooth,fno,smooth,gray_scott,coefficient,test,96,0,0,0,0.028263267808955883
development,gray_scott__fno__coefficient__s303__smooth,fno,smooth,gray_scott,coefficient,ood,64,0,0,0,0.0866644480149028
development,gray_scott__fno__coefficient__s303__smooth,fno,smooth,gray_scott,coefficient,ood,96,0,0,0,0.3273814439606057
development,gray_scott__fno__coefficient__s404__iid,fno,iid,gray_scott,coefficient,test,64,0,0,0,0.002486615827763855
development,gray_scott__fno__coefficient__s404__iid,fno,iid,gray_scott,coefficient,test,96,0,0,0,0.0035166812306409168
development,gray_scott__fno__coefficient__s404__iid,fno,iid,gray_scott,coefficient,ood,64,0,0,0,0.056847555804795835
development,gray_scott__fno__coefficient__s404__iid,fno,iid,gray_scott,coefficient,ood,96,0,0,0,0.1799856151968428
development,gray_scott__fno__coefficient__s404__none,fno,none,gray_scott,coefficient,test,64,0,0,0,0.0003403257103245516
development,gray_scott__fno__coefficient__s404__none,fno,none,gray_scott,coefficient,test,96,0,0,0,0.0007620747764270908
development,gray_scott__fno__coefficient__s404__none,fno,none,gray_scott,coefficient,ood,64,0,0,0,0.092748003981173
development,gray_scott__fno__coefficient__s404__none,fno,none,gray_scott,coefficient,ood,96,0,0,0,0.29472808045363885
development,gray_scott__fno__coefficient__s404__response_matched,fno,response_matched,gray_scott,coefficient,test,64,0,0,0,0.0024529763781254432
development,gray_scott__fno__coefficient__s404__response_matched,fno,response_matched,gray_scott,coefficient,test,96,0,0,0,0.004544874397227376
development,gray_scott__fno__coefficient__s404__response_matched,fno,response_matched,gray_scott,coefficient,ood,64,0,0,0,0.10837595739777384
development,gray_scott__fno__coefficient__s404__response_matched,fno,response_matched,gray_scott,coefficient,ood,96,0,0,0,0.5924357894511005
development,gray_scott__fno__coefficient__s404__smooth,fno,smooth,gray_scott,coefficient,test,64,0,0,0,0.0035813705420048303
development,gray_scott__fno__coefficient__s404__smooth,fno,smooth,gray_scott,coefficient,test,96,0,0,0,0.005379403693910564
development,gray_scott__fno__coefficient__s404__smooth,fno,smooth,gray_scott,coefficient,ood,64,0,0,0,0.06384000908115661
development,gray_scott__fno__coefficient__s404__smooth,fno,smooth,gray_scott,coefficient,ood,96,0,0,0,0.21082236204168847
development,gray_scott__fno__coefficient__s505__iid,fno,iid,gray_scott,coefficient,test,64,0,0,0,0.004094838342451085
development,gray_scott__fno__coefficient__s505__iid,fno,iid,gray_scott,coefficient,test,96,0,0,0,0.00887642300328963
development,gray_scott__fno__coefficient__s505__iid,fno,iid,gray_scott,coefficient,ood,64,0,0,0,0.10874385502112771
development,gray_scott__fno__coefficient__s505__iid,fno,iid,gray_scott,coefficient,ood,96,0,0,0,0.3602263179108786
development,gray_scott__fno__coefficient__s505__none,fno,none,gray_scott,coefficient,test,64,0,0,0,0.0004207679430746729
development,gray_scott__fno__coefficient__s505__none,fno,none,gray_scott,coefficient,test,96,0,0,0,0.0011149288423109836
development,gray_scott__fno__coefficient__s505__none,fno,none,gray_scott,coefficient,ood,64,0,0,0,0.07194631299102272
development,gray_scott__fno__coefficient__s505__none,fno,none,gray_scott,coefficient,ood,96,0,0,0,0.21323684524106948
development,gray_scott__fno__coefficient__s505__response_matched,fno,response_matched,gray_scott,coefficient,test,64,0,0,0,0.0022405267239856697
development,gray_scott__fno__coefficient__s505__response_matched,fno,response_matched,gray_scott,coefficient,test,96,0,0,0,0.0033531371932380427
development,gray_scott__fno__coefficient__s505__response_matched,fno,response_matched,gray_scott,coefficient,ood,64,0,0,0,0.12416849218746417
development,gray_scott__fno__coefficient__s505__response_matched,fno,response_matched,gray_scott,coefficient,ood,96,0,0,0,0.413227896676308
development,gray_scott__fno__coefficient__s505__smooth,fno,smooth,gray_scott,coefficient,test,64,0,0,0,0.0033142040920717264
development,gray_scott__fno__coefficient__s505__smooth,fno,smooth,gray_scott,coefficient,test,96,0,0,0,0.006990503517268228
development,gray_scott__fno__coefficient__s505__smooth,fno,smooth,gray_scott,coefficient,ood,64,0,0,0,0.11681844882106551
development,gray_scott__fno__coefficient__s505__smooth,fno,smooth,gray_scott,coefficient,ood,96,0,0,0,0.3623389090059191
development,gray_scott__fno__coefficient__s606__iid,fno,iid,gray_scott,coefficient,test,64,0,0,0,0.005251667021400272
development,gray_scott__fno__coefficient__s606__iid,fno,iid,gray_scott,coefficient,test,96,0,0,0,0.00917655345562395
development,gray_scott__fno__coefficient__s606__iid,fno,iid,gray_scott,coefficient,ood,64,0,0,0,0.1783804774477935
development,gray_scott__fno__coefficient__s606__iid,fno,iid,gray_scott,coefficient,ood,96,0,0,0,0.542968733906845
development,gray_scott__fno__coefficient__s606__none,fno,none,gray_scott,coefficient,test,64,0,0,0,0.00040981884684794523
development,gray_scott__fno__coefficient__s606__none,fno,none,gray_scott,coefficient,test,96,0,0,0,0.0009142809056100116
development,gray_scott__fno__coefficient__s606__none,fno,none,gray_scott,coefficient,ood,64,0,0,0,0.16223950587781566
development,gray_scott__fno__coefficient__s606__none,fno,none,gray_scott,coefficient,ood,96,0,0,0,0.5116199467491794
development,gray_scott__fno__coefficient__s606__response_matched,fno,response_matched,gray_scott,coefficient,test,64,0,0,0,0.0040082893092040495
development,gray_scott__fno__coefficient__s606__response_matched,fno,response_matched,gray_scott,coefficient,test,96,0,0,0,0.008354869757979538
development,gray_scott__fno__coefficient__s606__response_matched,fno,response_matched,gray_scott,coefficient,ood,64,0,0,0,0.276876979907839
development,gray_scott__fno__coefficient__s606__response_matched,fno,response_matched,gray_scott,coefficient,ood,96,0,0,0,0.7922769128879559
development,gray_scott__fno__coefficient__s606__smooth,fno,smooth,gray_scott,coefficient,test,64,0,0,0,0.002213420285680112
development,gray_scott__fno__coefficient__s606__smooth,fno,smooth,gray_scott,coefficient,test,96,0,0,0,0.004509664972099148
development,gray_scott__fno__coefficient__s606__smooth,fno,smooth,gray_scott,coefficient,ood,64,0,0,0,0.0924399799235327
development,gray_scott__fno__coefficient__s606__smooth,fno,smooth,gray_scott,coefficient,ood,96,0,0,0,0.5445722142402424
development,gray_scott__fno__correct__s101__iid,fno,iid,gray_scott,correct,test,64,0,0,0,0.00048792875811268926
development,gray_scott__fno__correct__s101__iid,fno,iid,gray_scott,correct,test,96,0,0,0,0.0008311920721925704
development,gray_scott__fno__correct__s101__iid,fno,iid,gray_scott,correct,ood,64,0,0,0,0.22447502453123036
development,gray_scott__fno__correct__s101__iid,fno,iid,gray_scott,correct,ood,96,0,0,0,0.661462007634564
development,gray_scott__fno__correct__s101__none,fno,none,gray_scott,correct,test,64,0,0,0,0.00040418416200148355
development,gray_scott__fno__correct__s101__none,fno,none,gray_scott,correct,test,96,0,0,0,0.0010345535089855047
development,gray_scott__fno__correct__s101__none,fno,none,gray_scott,correct,ood,64,0,0,0,0.16256954356582032
development,gray_scott__fno__correct__s101__none,fno,none,gray_scott,correct,ood,96,0,0,0,0.4831814665551407
development,gray_scott__fno__correct__s101__response_matched,fno,response_matched,gray_scott,correct,test,64,0,0,0,0.0008067298708929124
development,gray_scott__fno__correct__s101__response_matched,fno,response_matched,gray_scott,correct,test,96,0,0,0,0.0013489887505793118
development,gray_scott__fno__correct__s101__response_matched,fno,response_matched,gray_scott,correct,ood,64,0,0,0,0.26549655428786156
development,gray_scott__fno__correct__s101__response_matched,fno,response_matched,gray_scott,correct,ood,96,0,0,0,0.7818746173033808
development,gray_scott__fno__correct__s101__smooth,fno,smooth,gray_scott,correct,test,64,0,0,0,0.000388665871693554
development,gray_scott__fno__correct__s101__smooth,fno,smooth,gray_scott,correct,test,96,0,0,0,0.0007801140014173785
development,gray_scott__fno__correct__s101__smooth,fno,smooth,gray_scott,correct,ood,64,0,0,0,0.13524681465512556
development,gray_scott__fno__correct__s101__smooth,fno,smooth,gray_scott,correct,ood,96,0,0,0,0.3807803685406883
development,gray_scott__fno__correct__s202__iid,fno,iid,gray_scott,correct,test,64,0,0,0,0.0009480559383658188
development,gray_scott__fno__correct__s202__iid,fno,iid,gray_scott,correct,test,96,0,0,0,0.002437579516189383
development,gray_scott__fno__correct__s202__iid,fno,iid,gray_scott,correct,ood,64,0,0,0,0.14767480139078826
development,gray_scott__fno__correct__s202__iid,fno,iid,gray_scott,correct,ood,96,0,0,0,0.529605975487771
development,gray_scott__fno__correct__s202__none,fno,none,gray_scott,correct,test,64,0,0,0,0.0005642509148634789
development,gray_scott__fno__correct__s202__none,fno,none,gray_scott,correct,test,96,0,0,0,0.0015454876075643258
development,gray_scott__fno__correct__s202__none,fno,none,gray_scott,correct,ood,64,0,0,0,0.1251982054938352
development,gray_scott__fno__correct__s202__none,fno,none,gray_scott,correct,ood,96,0,0,0,0.3995448032954063
development,gray_scott__fno__correct__s202__response_matched,fno,response_matched,gray_scott,correct,test,64,0,0,0,0.0012480286348444947
development,gray_scott__fno__correct__s202__response_matched,fno,response_matched,gray_scott,correct,test,96,0,0,0,0.0035927134166633956
development,gray_scott__fno__correct__s202__response_matched,fno,response_matched,gray_scott,correct,ood,64,0,0,0,0.15201697421556704
development,gray_scott__fno__correct__s202__response_matched,fno,response_matched,gray_scott,correct,ood,96,0,0,0,0.5887868516979873
development,gray_scott__fno__correct__s202__smooth,fno,smooth,gray_scott,correct,test,64,0,0,0,0.0006621835070622396
development,gray_scott__fno__correct__s202__smooth,fno,smooth,gray_scott,correct,test,96,0,0,0,0.0017988241016571617
development,gray_scott__fno__correct__s202__smooth,fno,smooth,gray_scott,correct,ood,64,0,0,0,0.09642295700361192
development,gray_scott__fno__correct__s202__smooth,fno,smooth,gray_scott,correct,ood,96,0,0,0,0.32676353512822764
development,gray_scott__fno__correct__s303__iid,fno,iid,gray_scott,correct,test,64,0,0,0,0.0006963671637760516
development,gray_scott__fno__correct__s303__iid,fno,iid,gray_scott,correct,test,96,0,0,0,0.0017046964854731301
development,gray_scott__fno__correct__s303__iid,fno,iid,gray_scott,correct,ood,64,0,0,0,0.1520900195579371
development,gray_scott__fno__correct__s303__iid,fno,iid,gray_scott,correct,ood,96,0,0,0,0.6494008872593932
development,gray_scott__fno__correct__s303__none,fno,none,gray_scott,correct,test,64,0,0,0,0.0005215682328657961
development,gray_scott__fno__correct__s303__none,fno,none,gray_scott,correct,test,96,0,0,0,0.001550386826192157
development,gray_scott__fno__correct__s303__none,fno,none,gray_scott,correct,ood,64,0,0,0,0.08340722046646176
development,gray_scott__fno__correct__s303__none,fno,none,gray_scott,correct,ood,96,0,0,0,0.31273907177416493
development,gray_scott__fno__correct__s303__response_matched,fno,response_matched,gray_scott,correct,test,64,0,0,0,0.0007548265428636014
development,gray_scott__fno__correct__s303__response_matched,fno,response_matched,gray_scott,correct,test,96,0,0,0,0.002002753823702167
development,gray_scott__fno__correct__s303__response_matched,fno,response_matched,gray_scott,correct,ood,64,0,0,0,0.21515067325491732
development,gray_scott__fno__correct__s303__response_matched,fno,response_matched,gray_scott,correct,ood,96,0,0,0,1.1473255038918775
development,gray_scott__fno__correct__s303__smooth,fno,smooth,gray_scott,correct,test,64,0,0,0,0.0003313412558322501
development,gray_scott__fno__correct__s303__smooth,fno,smooth,gray_scott,correct,test,96,0,0,0,0.0008580165679471276
development,gray_scott__fno__correct__s303__smooth,fno,smooth,gray_scott,correct,ood,64,0,0,0,0.06761646815379341
development,gray_scott__fno__correct__s303__smooth,fno,smooth,gray_scott,correct,ood,96,0,0,0,0.2779618798232704
development,gray_scott__fno__correct__s404__iid,fno,iid,gray_scott,correct,test,64,0,0,0,0.0007815184691667212
development,gray_scott__fno__correct__s404__iid,fno,iid,gray_scott,correct,test,96,0,0,0,0.0013848240046868917
development,gray_scott__fno__correct__s404__iid,fno,iid,gray_scott,correct,ood,64,0,0,0,0.09419905617629176
development,gray_scott__fno__correct__s404__iid,fno,iid,gray_scott,correct,ood,96,0,0,0,0.31229375576086105
development,gray_scott__fno__correct__s404__none,fno,none,gray_scott,correct,test,64,0,0,0,0.0003403125083846978
development,gray_scott__fno__correct__s404__none,fno,none,gray_scott,correct,test,96,0,0,0,0.0007620475885177734
development,gray_scott__fno__correct__s404__none,fno,none,gray_scott,correct,ood,64,0,0,0,0.092748003981173
development,gray_scott__fno__correct__s404__none,fno,none,gray_scott,correct,ood,96,0,0,0,0.29472808045363885
development,gray_scott__fno__correct__s404__response_matched,fno,response_matched,gray_scott,correct,test,64,0,0,0,0.000606470224327374
development,gray_scott__fno__correct__s404__response_matched,fno,response_matched,gray_scott,correct,test,96,0,0,0,0.0011633740765114309
development,gray_scott__fno__correct__s404__response_matched,fno,response_matched,gray_scott,correct,ood,64,0,0,0,0.07684238201773863
development,gray_scott__fno__correct__s404__response_matched,fno,response_matched,gray_scott,correct,ood,96,0,0,0,0.27735414261921754
development,gray_scott__fno__correct__s404__smooth,fno,smooth,gray_scott,correct,test,64,0,0,0,0.0003712358862018872
development,gray_scott__fno__correct__s404__smooth,fno,smooth,gray_scott,correct,test,96,0,0,0,0.0008641528696981167
development,gray_scott__fno__correct__s404__smooth,fno,smooth,gray_scott,correct,ood,64,0,0,0,0.09016615140974849
development,gray_scott__fno__correct__s404__smooth,fno,smooth,gray_scott,correct,ood,96,0,0,0,0.29579191799641186
development,gray_scott__fno__correct__s505__iid,fno,iid,gray_scott,correct,test,64,0,0,0,0.0004799800965384557
development,gray_scott__fno__correct__s505__iid,fno,iid,gray_scott,correct,test,96,0,0,0,0.001103714646626818
development,gray_scott__fno__correct__s505__iid,fno,iid,gray_scott,correct,ood,64,0,0,0,0.054449091012908624
development,gray_scott__fno__correct__s505__iid,fno,iid,gray_scott,correct,ood,96,0,0,0,0.20231452260882285
development,gray_scott__fno__correct__s505__none,fno,none,gray_scott,correct,test,64,0,0,0,0.00042077730705216906
development,gray_scott__fno__correct__s505__none,fno,none,gray_scott,correct,test,96,0,0,0,0.0011149557810545992
development,gray_scott__fno__correct__s505__none,fno,none,gray_scott,correct,ood,64,0,0,0,0.07194631299102272
development,gray_scott__fno__correct__s505__none,fno,none,gray_scott,correct,ood,96,0,0,0,0.21323684524106948
development,gray_scott__fno__correct__s505__response_matched,fno,response_matched,gray_scott,correct,test,64,0,0,0,0.0006849402488584982
development,gray_scott__fno__correct__s505__response_matched,fno,response_matched,gray_scott,correct,test,96,0,0,0,0.0016755414805537012
development,gray_scott__fno__correct__s505__response_matched,fno,response_matched,gray_scott,correct,ood,64,0,0,0,0.047291718694355556
development,gray_scott__fno__correct__s505__response_matched,fno,response_matched,gray_scott,correct,ood,96,0,0,0,0.16596950228992716
development,gray_scott__fno__correct__s505__smooth,fno,smooth,gray_scott,correct,test,64,0,0,0,0.00042650200816232026
development,gray_scott__fno__correct__s505__smooth,fno,smooth,gray_scott,correct,test,96,0,0,0,0.000997205400811621
development,gray_scott__fno__correct__s505__smooth,fno,smooth,gray_scott,correct,ood,64,0,0,0,0.0921497477824389
development,gray_scott__fno__correct__s505__smooth,fno,smooth,gray_scott,correct,ood,96,0,0,0,0.26816665878833323
development,gray_scott__fno__correct__s606__iid,fno,iid,gray_scott,correct,test,64,0,0,0,0.0010011606405686269
development,gray_scott__fno__correct__s606__iid,fno,iid,gray_scott,correct,test,96,0,0,0,0.002295982518031962
development,gray_scott__fno__correct__s606__iid,fno,iid,gray_scott,correct,ood,64,0,0,0,0.09727705367923001
development,gray_scott__fno__correct__s606__iid,fno,iid,gray_scott,correct,ood,96,0,0,0,0.2911933311176978
development,gray_scott__fno__correct__s606__none,fno,none,gray_scott,correct,test,64,0,0,0,0.0004098209252117978
development,gray_scott__fno__correct__s606__none,fno,none,gray_scott,correct,test,96,0,0,0,0.0009142867892151217
development,gray_scott__fno__correct__s606__none,fno,none,gray_scott,correct,ood,64,0,0,0,0.16223950587781566
development,gray_scott__fno__correct__s606__none,fno,none,gray_scott,correct,ood,96,0,0,0,0.5116199467491794
development,gray_scott__fno__correct__s606__response_matched,fno,response_matched,gray_scott,correct,test,64,0,0,0,0.0013440759048999468
development,gray_scott__fno__correct__s606__response_matched,fno,response_matched,gray_scott,correct,test,96,0,0,0,0.004833307451384448
development,gray_scott__fno__correct__s606__response_matched,fno,response_matched,gray_scott,correct,ood,64,0,0,0,0.09692891790793468
development,gray_scott__fno__correct__s606__response_matched,fno,response_matched,gray_scott,correct,ood,96,0,0,0,0.2927873249946179
development,gray_scott__fno__correct__s606__smooth,fno,smooth,gray_scott,correct,test,64,0,0,0,0.0003640776400219668
development,gray_scott__fno__correct__s606__smooth,fno,smooth,gray_scott,correct,test,96,0,0,0,0.0009424684243633497
development,gray_scott__fno__correct__s606__smooth,fno,smooth,gray_scott,correct,ood,64,0,0,0,0.11673204829277939
development,gray_scott__fno__correct__s606__smooth,fno,smooth,gray_scott,correct,ood,96,0,0,0,0.35781326501214333
development,gray_scott__looped__coefficient__s101__iid,looped,iid,gray_scott,coefficient,test,64,0,0,0,0.030929306601628292
development,gray_scott__looped__coefficient__s101__iid,looped,iid,gray_scott,coefficient,test,96,0,0,0,0.07107156084106725
development,gray_scott__looped__coefficient__s101__iid,looped,iid,gray_scott,coefficient,ood,64,0,0,0,0.367160870560689
development,gray_scott__looped__coefficient__s101__iid,looped,iid,gray_scott,coefficient,ood,96,0,0,0,1.284910455878366
development,gray_scott__looped__coefficient__s101__none,looped,none,gray_scott,coefficient,test,64,0,0,0,0.021844385728205795
development,gray_scott__looped__coefficient__s101__none,looped,none,gray_scott,coefficient,test,96,0,0,0,0.08564370434178961
development,gray_scott__looped__coefficient__s101__none,looped,none,gray_scott,coefficient,ood,64,0,0,0,0.3131913064976306
development,gray_scott__looped__coefficient__s101__none,looped,none,gray_scott,coefficient,ood,96,0,0,0,1.120569367813309
development,gray_scott__looped__coefficient__s101__response_matched,looped,response_matched,gray_scott,coefficient,test,64,0,0,0,0.03224002320458674
development,gray_scott__looped__coefficient__s101__response_matched,looped,response_matched,gray_scott,coefficient,test,96,0,0,0,0.07393530026514852
development,gray_scott__looped__coefficient__s101__response_matched,looped,response_matched,gray_scott,coefficient,ood,64,0,0,0,0.35915367208742044
development,gray_scott__looped__coefficient__s101__response_matched,looped,response_matched,gray_scott,coefficient,ood,96,0,0,0,1.255100839331479
development,gray_scott__looped__coefficient__s101__smooth,looped,smooth,gray_scott,coefficient,test,64,0,0,0,0.029292613432706727
development,gray_scott__looped__coefficient__s101__smooth,looped,smooth,gray_scott,coefficient,test,96,0,0,0,0.06851898191603656
development,gray_scott__looped__coefficient__s101__smooth,looped,smooth,gray_scott,coefficient,ood,64,0,0,0,0.3566993796497657
development,gray_scott__looped__coefficient__s101__smooth,looped,smooth,gray_scott,coefficient,ood,96,0,0,0,1.265783194050772
development,gray_scott__looped__coefficient__s202__iid,looped,iid,gray_scott,coefficient,test,64,0,0,0,0.02529077026945936
development,gray_scott__looped__coefficient__s202__iid,looped,iid,gray_scott,coefficient,test,96,0,0,0,0.041617368473771954
development,gray_scott__looped__coefficient__s202__iid,looped,iid,gray_scott,coefficient,ood,64,0,0,0,1.1598767223187245
development,gray_scott__looped__coefficient__s202__iid,looped,iid,gray_scott,coefficient,ood,96,0,0,0,2.549382107662285
development,gray_scott__looped__coefficient__s202__none,looped,none,gray_scott,coefficient,test,64,0,0,0,0.018172355303820664
development,gray_scott__looped__coefficient__s202__none,looped,none,gray_scott,coefficient,test,96,0,0,0,0.03554546254436911
development,gray_scott__looped__coefficient__s202__none,looped,none,gray_scott,coefficient,ood,64,0,0,0,1.2987887513722356
development,gray_scott__looped__coefficient__s202__none,looped,none,gray_scott,coefficient,ood,96,0,0,0,2.832463535353142
development,gray_scott__looped__coefficient__s202__response_matched,looped,response_matched,gray_scott,coefficient,test,64,0,0,0,0.025537072081891043
development,gray_scott__looped__coefficient__s202__response_matched,looped,response_matched,gray_scott,coefficient,test,96,0,0,0,0.042253698290941166
development,gray_scott__looped__coefficient__s202__response_matched,looped,response_matched,gray_scott,coefficient,ood,64,0,0,0,1.1239958093150868
development,gray_scott__looped__coefficient__s202__response_matched,looped,response_matched,gray_scott,coefficient,ood,96,0,0,0,2.487001167703319
development,gray_scott__looped__coefficient__s202__smooth,looped,smooth,gray_scott,coefficient,test,64,0,0,0,0.025445168419176212
development,gray_scott__looped__coefficient__s202__smooth,looped,smooth,gray_scott,coefficient,test,96,0,0,0,0.04358781311788662
development,gray_scott__looped__coefficient__s202__smooth,looped,smooth,gray_scott,coefficient,ood,64,0,0,0,1.0641810889917416
development,gray_scott__looped__coefficient__s202__smooth,looped,smooth,gray_scott,coefficient,ood,96,0,0,0,2.411374881415969
development,gray_scott__looped__coefficient__s303__iid,looped,iid,gray_scott,coefficient,test,64,0,0,0,0.022122884034655454
development,gray_scott__looped__coefficient__s303__iid,looped,iid,gray_scott,coefficient,test,96,0,0,0,0.045471062981569776
development,gray_scott__looped__coefficient__s303__iid,looped,iid,gray_scott,coefficient,ood,64,0,0,0,0.23467207521810396
development,gray_scott__looped__coefficient__s303__iid,looped,iid,gray_scott,coefficient,ood,96,0,0,0,0.5486192361862955
development,gray_scott__looped__coefficient__s303__none,looped,none,gray_scott,coefficient,test,64,0,0,0,0.016727997661652116
development,gray_scott__looped__coefficient__s303__none,looped,none,gray_scott,coefficient,test,96,0,0,0,0.03439145215698014
development,gray_scott__looped__coefficient__s303__none,looped,none,gray_scott,coefficient,ood,64,0,0,0,0.21545073507481183
development,gray_scott__looped__coefficient__s303__none,looped,none,gray_scott,coefficient,ood,96,0,0,0,0.5051275841079539
development,gray_scott__looped__coefficient__s303__response_matched,looped,response_matched,gray_scott,coefficient,test,64,0,0,0,0.022244066490427095
development,gray_scott__looped__coefficient__s303__response_matched,looped,response_matched,gray_scott,coefficient,test,96,0,0,0,0.04533739837025349
development,gray_scott__looped__coefficient__s303__response_matched,looped,response_matched,gray_scott,coefficient,ood,64,0,0,0,0.23328691979498029
development,gray_scott__looped__coefficient__s303__response_matched,looped,response_matched,gray_scott,coefficient,ood,96,0,0,0,0.5448129892966656
development,gray_scott__looped__coefficient__s303__smooth,looped,smooth,gray_scott,coefficient,test,64,0,0,0,0.022507394076692888
development,gray_scott__looped__coefficient__s303__smooth,looped,smooth,gray_scott,coefficient,test,96,0,0,0,0.048677117616162224
development,gray_scott__looped__coefficient__s303__smooth,looped,smooth,gray_scott,coefficient,ood,64,0,0,0,0.24991669029991037
development,gray_scott__looped__coefficient__s303__smooth,looped,smooth,gray_scott,coefficient,ood,96,0,0,0,0.6037385898865644
development,gray_scott__looped__coefficient__s404__iid,looped,iid,gray_scott,coefficient,test,64,0,0,0,0.02005745796715752
development,gray_scott__looped__coefficient__s404__iid,looped,iid,gray_scott,coefficient,test,96,0,0,0,0.042595331547120516
development,gray_scott__looped__coefficient__s404__iid,looped,iid,gray_scott,coefficient,ood,64,0,0,0,0.3958400248400835
development,gray_scott__looped__coefficient__s404__iid,looped,iid,gray_scott,coefficient,ood,96,0,0,0,1.0121764736558134
development,gray_scott__looped__coefficient__s404__none,looped,none,gray_scott,coefficient,test,64,0,0,0,0.022563172893896366
development,gray_scott__looped__coefficient__s404__none,looped,none,gray_scott,coefficient,test,96,0,0,0,0.04862377794320116
development,gray_scott__looped__coefficient__s404__none,looped,none,gray_scott,coefficient,ood,64,0,0,0,0.5709449044807506
development,gray_scott__looped__coefficient__s404__none,looped,none,gray_scott,coefficient,ood,96,0,0,0,1.437440948114601
development,gray_scott__looped__coefficient__s404__response_matched,looped,response_matched,gray_scott,coefficient,test,64,0,0,0,0.020040788108564245
development,gray_scott__looped__coefficient__s404__response_matched,looped,response_matched,gray_scott,coefficient,test,96,0,0,0,0.04137712411262203
development,gray_scott__looped__coefficient__s404__response_matched,looped,response_matched,gray_scott,coefficient,ood,64,0,0,0,0.42792759115112844
development,gray_scott__looped__coefficient__s404__response_matched,looped,response_matched,gray_scott,coefficient,ood,96,0,0,0,1.0908157229355857
development,gray_scott__looped__coefficient__s404__smooth,looped,smooth,gray_scott,coefficient,test,64,0,0,0,0.02008274257061482
development,gray_scott__looped__coefficient__s404__smooth,looped,smooth,gray_scott,coefficient,test,96,0,0,0,0.044165719442801565
development,gray_scott__looped__coefficient__s404__smooth,looped,smooth,gray_scott,coefficient,ood,64,0,0,0,0.375846888590905
development,gray_scott__looped__coefficient__s404__smooth,looped,smooth,gray_scott,coefficient,ood,96,0,0,0,0.9420872413012032
development,gray_scott__looped__coefficient__s505__iid,looped,iid,gray_scott,coefficient,test,64,0,0,0,0.018732161312708495
development,gray_scott__looped__coefficient__s505__iid,looped,iid,gray_scott,coefficient,test,96,0,0,0,0.04136383218741191
development,gray_scott__looped__coefficient__s505__iid,looped,iid,gray_scott,coefficient,ood,64,0,0,0,0.5276756517186065
development,gray_scott__looped__coefficient__s505__iid,looped,iid,gray_scott,coefficient,ood,96,0,0,0,1.2655632119318316
development,gray_scott__looped__coefficient__s505__none,looped,none,gray_scott,coefficient,test,64,0,0,0,0.015478167589379699
development,gray_scott__looped__coefficient__s505__none,looped,none,gray_scott,coefficient,test,96,0,0,0,0.0411325197130364
development,gray_scott__looped__coefficient__s505__none,looped,none,gray_scott,coefficient,ood,64,0,0,0,0.4811448203767199
development,gray_scott__looped__coefficient__s505__none,looped,none,gray_scott,coefficient,ood,96,0,0,0,1.0568018686659333
development,gray_scott__looped__coefficient__s505__response_matched,looped,response_matched,gray_scott,coefficient,test,64,0,0,0,0.01861775560084855
development,gray_scott__looped__coefficient__s505__response_matched,looped,response_matched,gray_scott,coefficient,test,96,0,0,0,0.04078079891322643
development,gray_scott__looped__coefficient__s505__response_matched,looped,response_matched,gray_scott,coefficient,ood,64,0,0,0,0.545589060874736
development,gray_scott__looped__coefficient__s505__response_matched,looped,response_matched,gray_scott,coefficient,ood,96,0,0,0,1.3001309655393078
development,gray_scott__looped__coefficient__s505__smooth,looped,smooth,gray_scott,coefficient,test,64,0,0,0,0.019688563782345292
development,gray_scott__looped__coefficient__s505__smooth,looped,smooth,gray_scott,coefficient,test,96,0,0,0,0.045654746489129414
development,gray_scott__looped__coefficient__s505__smooth,looped,smooth,gray_scott,coefficient,ood,64,0,0,0,0.51098474785924
development,gray_scott__looped__coefficient__s505__smooth,looped,smooth,gray_scott,coefficient,ood,96,0,0,0,1.2548540104856158
development,gray_scott__looped__coefficient__s606__iid,looped,iid,gray_scott,coefficient,test,64,0,0,0,0.02389656755124181
development,gray_scott__looped__coefficient__s606__iid,looped,iid,gray_scott,coefficient,test,96,0,0,0,0.05995410489755767
development,gray_scott__looped__coefficient__s606__iid,looped,iid,gray_scott,coefficient,ood,64,0,0,0,0.41193654769713817
development,gray_scott__looped__coefficient__s606__iid,looped,iid,gray_scott,coefficient,ood,96,0,0,0,1.022669979596022
development,gray_scott__looped__coefficient__s606__none,looped,none,gray_scott,coefficient,test,64,0,0,0,0.014924642937239607
development,gray_scott__looped__coefficient__s606__none,looped,none,gray_scott,coefficient,test,96,0,0,0,0.04224130261845094
development,gray_scott__looped__coefficient__s606__none,looped,none,gray_scott,coefficient,ood,64,0,0,0,0.2449034189424779
development,gray_scott__looped__coefficient__s606__none,looped,none,gray_scott,coefficient,ood,96,0,0,0,0.5347588763648379
development,gray_scott__looped__coefficient__s606__response_matched,looped,response_matched,gray_scott,coefficient,test,64,0,0,0,0.02357414998364038
development,gray_scott__looped__coefficient__s606__response_matched,looped,response_matched,gray_scott,coefficient,test,96,0,0,0,0.05829206074032027
development,gray_scott__looped__coefficient__s606__response_matched,looped,response_matched,gray_scott,coefficient,ood,64,0,0,0,0.40759387379058154
development,gray_scott__looped__coefficient__s606__response_matched,looped,response_matched,gray_scott,coefficient,ood,96,0,0,0,1.0101523602176457
development,gray_scott__looped__coefficient__s606__smooth,looped,smooth,gray_scott,coefficient,test,64,0,0,0,0.023555641555309648
development,gray_scott__looped__coefficient__s606__smooth,looped,smooth,gray_scott,coefficient,test,96,0,0,0,0.05906417781894728
development,gray_scott__looped__coefficient__s606__smooth,looped,smooth,gray_scott,coefficient,ood,64,0,0,0,0.42918191248684323
development,gray_scott__looped__coefficient__s606__smooth,looped,smooth,gray_scott,coefficient,ood,96,0,0,0,1.0461807964762713
development,gray_scott__looped__correct__s101__iid,looped,iid,gray_scott,correct,test,64,0,0,0,0.019927432233415865
development,gray_scott__looped__correct__s101__iid,looped,iid,gray_scott,correct,test,96,0,0,0,0.05967828954003548
development,gray_scott__looped__correct__s101__iid,looped,iid,gray_scott,correct,ood,64,0,0,0,0.3424918322969548
development,gray_scott__looped__correct__s101__iid,looped,iid,gray_scott,correct,ood,96,0,0,0,1.161566065418695
development,gray_scott__looped__correct__s101__none,looped,none,gray_scott,correct,test,64,0,0,0,0.021844387488708983
development,gray_scott__looped__correct__s101__none,looped,none,gray_scott,correct,test,96,0,0,0,0.08564368595677485
development,gray_scott__looped__correct__s101__none,looped,none,gray_scott,correct,ood,64,0,0,0,0.3131919451200913
development,gray_scott__looped__correct__s101__none,looped,none,gray_scott,correct,ood,96,0,0,0,1.1205710054257136
development,gray_scott__looped__correct__s101__response_matched,looped,response_matched,gray_scott,correct,test,64,0,0,0,0.020495425299007497
development,gray_scott__looped__correct__s101__response_matched,looped,response_matched,gray_scott,correct,test,96,0,0,0,0.06137807844610925
development,gray_scott__looped__correct__s101__response_matched,looped,response_matched,gray_scott,correct,ood,64,0,0,0,0.31988130454363795
development,gray_scott__looped__correct__s101__response_matched,looped,response_matched,gray_scott,correct,ood,96,0,0,0,1.0782627770276338
development,gray_scott__looped__correct__s101__smooth,looped,smooth,gray_scott,correct,test,64,0,0,0,0.020776454870025773
development,gray_scott__looped__correct__s101__smooth,looped,smooth,gray_scott,correct,test,96,0,0,0,0.07211135448700765
development,gray_scott__looped__correct__s101__smooth,looped,smooth,gray_scott,correct,ood,64,0,0,0,0.35342519482638135
development,gray_scott__looped__correct__s101__smooth,looped,smooth,gray_scott,correct,ood,96,0,0,0,1.224372919122958
development,gray_scott__looped__correct__s202__iid,looped,iid,gray_scott,correct,test,64,0,0,0,0.016703705448758988
development,gray_scott__looped__correct__s202__iid,looped,iid,gray_scott,correct,test,96,0,0,0,0.03665148213102776
development,gray_scott__looped__correct__s202__iid,looped,iid,gray_scott,correct,ood,64,0,0,0,1.4911906519287683
development,gray_scott__looped__correct__s202__iid,looped,iid,gray_scott,correct,ood,96,0,0,0,3.16368187170553
development,gray_scott__looped__correct__s202__none,looped,none,gray_scott,correct,test,64,0,0,0,0.018172259061312257
development,gray_scott__looped__correct__s202__none,looped,none,gray_scott,correct,test,96,0,0,0,0.03554513972418475
development,gray_scott__looped__correct__s202__none,looped,none,gray_scott,correct,ood,64,0,0,0,1.298785974506579
development,gray_scott__looped__correct__s202__none,looped,none,gray_scott,correct,ood,96,0,0,0,2.8324579386792212
development,gray_scott__looped__correct__s202__response_matched,looped,response_matched,gray_scott,correct,test,64,0,0,0,0.01684506266047714
development,gray_scott__looped__correct__s202__response_matched,looped,response_matched,gray_scott,correct,test,96,0,0,0,0.03415448028189716
development,gray_scott__looped__correct__s202__response_matched,looped,response_matched,gray_scott,correct,ood,64,0,0,0,1.63616789804896
development,gray_scott__looped__correct__s202__response_matched,looped,response_matched,gray_scott,correct,ood,96,0,0,0,3.33075165188023
development,gray_scott__looped__correct__s202__smooth,looped,smooth,gray_scott,correct,test,64,0,0,0,0.021305575968645796
development,gray_scott__looped__correct__s202__smooth,looped,smooth,gray_scott,correct,test,96,0,0,0,0.05491108179510151
development,gray_scott__looped__correct__s202__smooth,looped,smooth,gray_scott,correct,ood,64,0,0,0,1.3967337927523928
development,gray_scott__looped__correct__s202__smooth,looped,smooth,gray_scott,correct,ood,96,0,0,0,3.0776785854777273
development,gray_scott__looped__correct__s303__iid,looped,iid,gray_scott,correct,test,64,0,0,0,0.013507846875092766
development,gray_scott__looped__correct__s303__iid,looped,iid,gray_scott,correct,test,96,0,0,0,0.03492892725093062
development,gray_scott__looped__correct__s303__iid,looped,iid,gray_scott,correct,ood,64,0,0,0,0.19276698453199703
development,gray_scott__looped__correct__s303__iid,looped,iid,gray_scott,correct,ood,96,0,0,0,0.4246521955260487
development,gray_scott__looped__correct__s303__none,looped,none,gray_scott,correct,test,64,0,0,0,0.01672807678267918
development,gray_scott__looped__correct__s303__none,looped,none,gray_scott,correct,test,96,0,0,0,0.03439160350067209
development,gray_scott__looped__correct__s303__none,looped,none,gray_scott,correct,ood,64,0,0,0,0.21545062599102494
development,gray_scott__looped__correct__s303__none,looped,none,gray_scott,correct,ood,96,0,0,0,0.5051267520422396
development,gray_scott__looped__correct__s303__response_matched,looped,response_matched,gray_scott,correct,test,64,0,0,0,0.013153176175937475
development,gray_scott__looped__correct__s303__response_matched,looped,response_matched,gray_scott,correct,test,96,0,0,0,0.034028687520279176
development,gray_scott__looped__correct__s303__response_matched,looped,response_matched,gray_scott,correct,ood,64,0,0,0,0.1769085728493649
development,gray_scott__looped__correct__s303__response_matched,looped,response_matched,gray_scott,correct,ood,96,0,0,0,0.3707772269075784
development,gray_scott__looped__correct__s303__smooth,looped,smooth,gray_scott,correct,test,64,0,0,0,0.014942977902260068
development,gray_scott__looped__correct__s303__smooth,looped,smooth,gray_scott,correct,test,96,0,0,0,0.04114357463002823
development,gray_scott__looped__correct__s303__smooth,looped,smooth,gray_scott,correct,ood,64,0,0,0,0.24505088016340792
development,gray_scott__looped__correct__s303__smooth,looped,smooth,gray_scott,correct,ood,96,0,0,0,0.6014645130540947
development,gray_scott__looped__correct__s404__iid,looped,iid,gray_scott,correct,test,64,0,0,0,0.014918941436179889
development,gray_scott__looped__correct__s404__iid,looped,iid,gray_scott,correct,test,96,0,0,0,0.029337105155075406
development,gray_scott__looped__correct__s404__iid,looped,iid,gray_scott,correct,ood,64,0,0,0,0.6521162949405408
development,gray_scott__looped__correct__s404__iid,looped,iid,gray_scott,correct,ood,96,0,0,0,1.6501357595099932
development,gray_scott__looped__correct__s404__none,looped,none,gray_scott,correct,test,64,0,0,0,0.02256301554718626
development,gray_scott__looped__correct__s404__none,looped,none,gray_scott,correct,test,96,0,0,0,0.04862350207102969
development,gray_scott__looped__correct__s404__none,looped,none,gray_scott,correct,ood,64,0,0,0,0.570942334253381
development,gray_scott__looped__correct__s404__none,looped,none,gray_scott,correct,ood,96,0,0,0,1.4374344164808548
development,gray_scott__looped__correct__s404__response_matched,looped,response_matched,gray_scott,correct,test,64,0,0,0,0.015322468464374572
development,gray_scott__looped__correct__s404__response_matched,looped,response_matched,gray_scott,correct,test,96,0,0,0,0.029955658582270894
development,gray_scott__looped__correct__s404__response_matched,looped,response_matched,gray_scott,correct,ood,64,0,0,0,0.7083643674065954
development,gray_scott__looped__correct__s404__response_matched,looped,response_matched,gray_scott,correct,ood,96,0,0,0,1.7496239751985692
development,gray_scott__looped__correct__s404__smooth,looped,smooth,gray_scott,correct,test,64,0,0,0,0.01516078586242564
development,gray_scott__looped__correct__s404__smooth,looped,smooth,gray_scott,correct,test,96,0,0,0,0.03737309994333652
development,gray_scott__looped__correct__s404__smooth,looped,smooth,gray_scott,correct,ood,64,0,0,0,0.5227992873068921
development,gray_scott__looped__correct__s404__smooth,looped,smooth,gray_scott,correct,ood,96,0,0,0,1.3158175232013392
development,gray_scott__looped__correct__s505__iid,looped,iid,gray_scott,correct,test,64,0,0,0,0.011938618537343793
development,gray_scott__looped__correct__s505__iid,looped,iid,gray_scott,correct,test,96,0,0,0,0.028713245505590734
development,gray_scott__looped__correct__s505__iid,looped,iid,gray_scott,correct,ood,64,0,0,0,0.487790776581285
development,gray_scott__looped__correct__s505__iid,looped,iid,gray_scott,correct,ood,96,0,0,0,0.9416712469180055
development,gray_scott__looped__correct__s505__none,looped,none,gray_scott,correct,test,64,0,0,0,0.015478283219554245
development,gray_scott__looped__correct__s505__none,looped,none,gray_scott,correct,test,96,0,0,0,0.04113287175808714
development,gray_scott__looped__correct__s505__none,looped,none,gray_scott,correct,ood,64,0,0,0,0.4811428077887854
development,gray_scott__looped__correct__s505__none,looped,none,gray_scott,correct,ood,96,0,0,0,1.05679645248199
development,gray_scott__looped__correct__s505__response_matched,looped,response_matched,gray_scott,correct,test,64,0,0,0,0.01225106767979367
development,gray_scott__looped__correct__s505__response_matched,looped,response_matched,gray_scott,correct,test,96,0,0,0,0.027592235267250926
development,gray_scott__looped__correct__s505__response_matched,looped,response_matched,gray_scott,correct,ood,64,0,0,0,0.5471859375988295
development,gray_scott__looped__correct__s505__response_matched,looped,response_matched,gray_scott,correct,ood,96,0,0,0,1.0444120684705474
development,gray_scott__looped__correct__s505__smooth,looped,smooth,gray_scott,correct,test,64,0,0,0,0.016565460339128646
development,gray_scott__looped__correct__s505__smooth,looped,smooth,gray_scott,correct,test,96,0,0,0,0.03844099487292267
development,gray_scott__looped__correct__s505__smooth,looped,smooth,gray_scott,correct,ood,64,0,0,0,0.39867122310786485
development,gray_scott__looped__correct__s505__smooth,looped,smooth,gray_scott,correct,ood,96,0,0,0,0.8424933902829418
development,gray_scott__looped__correct__s606__iid,looped,iid,gray_scott,correct,test,64,0,0,0,0.01809743391879637
development,gray_scott__looped__correct__s606__iid,looped,iid,gray_scott,correct,test,96,0,0,0,0.06423333806276295
development,gray_scott__looped__correct__s606__iid,looped,iid,gray_scott,correct,ood,64,0,0,0,0.21472589369363604
development,gray_scott__looped__correct__s606__iid,looped,iid,gray_scott,correct,ood,96,0,0,0,0.4820411865346893
development,gray_scott__looped__correct__s606__none,looped,none,gray_scott,correct,test,64,0,0,0,0.0149246819117409
development,gray_scott__looped__correct__s606__none,looped,none,gray_scott,correct,test,96,0,0,0,0.04223999947290532
development,gray_scott__looped__correct__s606__none,looped,none,gray_scott,correct,ood,64,0,0,0,0.24490192029807467
development,gray_scott__looped__correct__s606__none,looped,none,gray_scott,correct,ood,96,0,0,0,0.534754607807314
development,gray_scott__looped__correct__s606__response_matched,looped,response_matched,gray_scott,correct,test,64,0,0,0,0.017339388255655175
development,gray_scott__looped__correct__s606__response_matched,looped,response_matched,gray_scott,correct,test,96,0,0,0,0.0626089637430538
development,gray_scott__looped__correct__s606__response_matched,looped,response_matched,gray_scott,correct,ood,64,0,0,0,0.20003237892084424
development,gray_scott__looped__correct__s606__response_matched,looped,response_matched,gray_scott,correct,ood,96,0,0,0,0.4356681389200355
development,gray_scott__looped__correct__s606__smooth,looped,smooth,gray_scott,correct,test,64,0,0,0,0.020127563856038866
development,gray_scott__looped__correct__s606__smooth,looped,smooth,gray_scott,correct,test,96,0,0,0,0.07177345473425774
development,gray_scott__looped__correct__s606__smooth,looped,smooth,gray_scott,correct,ood,64,0,0,0,0.23653706848174672
development,gray_scott__looped__correct__s606__smooth,looped,smooth,gray_scott,correct,ood,96,0,0,0,0.5512209568379625
development,gray_scott__transformer__coefficient__s101__iid,transformer,iid,gray_scott,coefficient,test,64,0,0,0,0.027407838522351846
development,gray_scott__transformer__coefficient__s101__iid,transformer,iid,gray_scott,coefficient,test,96,0,0,0,0.06448866236977913
development,gray_scott__transformer__coefficient__s101__iid,transformer,iid,gray_scott,coefficient,ood,64,0,0,0,0.5708448501840939
development,gray_scott__transformer__coefficient__s101__iid,transformer,iid,gray_scott,coefficient,ood,96,0,0,0,1.7800228129693156
development,gray_scott__transformer__coefficient__s101__none,transformer,none,gray_scott,coefficient,test,64,0,0,0,0.023378298190860902
development,gray_scott__transformer__coefficient__s101__none,transformer,none,gray_scott,coefficient,test,96,0,0,0,0.0895956047189641
development,gray_scott__transformer__coefficient__s101__none,transformer,none,gray_scott,coefficient,ood,64,0,0,0,1.3878606132114086
development,gray_scott__transformer__coefficient__s101__none,transformer,none,gray_scott,coefficient,ood,96,0,0,0,3.808685977694812
development,gray_scott__transformer__coefficient__s101__response_matched,transformer,response_matched,gray_scott,coefficient,test,64,0,0,0,0.028287300367670576
development,gray_scott__transformer__coefficient__s101__response_matched,transformer,response_matched,gray_scott,coefficient,test,96,0,0,0,0.06693290500411186
development,gray_scott__transformer__coefficient__s101__response_matched,transformer,response_matched,gray_scott,coefficient,ood,64,0,0,0,0.5535709863195155
development,gray_scott__transformer__coefficient__s101__response_matched,transformer,response_matched,gray_scott,coefficient,ood,96,0,0,0,1.752008962523624
development,gray_scott__transformer__coefficient__s101__smooth,transformer,smooth,gray_scott,coefficient,test,64,0,0,0,0.030505489294840094
development,gray_scott__transformer__coefficient__s101__smooth,transformer,smooth,gray_scott,coefficient,test,96,0,0,0,0.07154890877788556
development,gray_scott__transformer__coefficient__s101__smooth,transformer,smooth,gray_scott,coefficient,ood,64,0,0,0,0.5465925177361637
development,gray_scott__transformer__coefficient__s101__smooth,transformer,smooth,gray_scott,coefficient,ood,96,0,0,0,1.671664735444375
development,gray_scott__transformer__coefficient__s202__iid,transformer,iid,gray_scott,coefficient,test,64,0,0,0,0.03891432794237493
development,gray_scott__transformer__coefficient__s202__iid,transformer,iid,gray_scott,coefficient,test,96,0,0,0,0.080404889003439
development,gray_scott__transformer__coefficient__s202__iid,transformer,iid,gray_scott,coefficient,ood,64,0,0,0,0.2357399616961935
development,gray_scott__transformer__coefficient__s202__iid,transformer,iid,gray_scott,coefficient,ood,96,0,0,0,0.4752048187367919
development,gray_scott__transformer__coefficient__s202__none,transformer,none,gray_scott,coefficient,test,64,0,0,0,0.014679626842042492
development,gray_scott__transformer__coefficient__s202__none,transformer,none,gray_scott,coefficient,test,96,0,0,0,0.03558394218361379
development,gray_scott__transformer__coefficient__s202__none,transformer,none,gray_scott,coefficient,ood,64,0,0,0,0.18786552688360025
development,gray_scott__transformer__coefficient__s202__none,transformer,none,gray_scott,coefficient,ood,96,0,0,0,0.3489606700936948
development,gray_scott__transformer__coefficient__s202__response_matched,transformer,response_matched,gray_scott,coefficient,test,64,0,0,0,0.03792474965893322
development,gray_scott__transformer__coefficient__s202__response_matched,transformer,response_matched,gray_scott,coefficient,test,96,0,0,0,0.07854442761583322
development,gray_scott__transformer__coefficient__s202__response_matched,transformer,response_matched,gray_scott,coefficient,ood,64,0,0,0,0.2361413500263314
development,gray_scott__transformer__coefficient__s202__response_matched,transformer,response_matched,gray_scott,coefficient,ood,96,0,0,0,0.4665967854966304
development,gray_scott__transformer__coefficient__s202__smooth,transformer,smooth,gray_scott,coefficient,test,64,0,0,0,0.031196062637693478
development,gray_scott__transformer__coefficient__s202__smooth,transformer,smooth,gray_scott,coefficient,test,96,0,0,0,0.0916890835984554
development,gray_scott__transformer__coefficient__s202__smooth,transformer,smooth,gray_scott,coefficient,ood,64,0,0,0,0.22489697356232163
development,gray_scott__transformer__coefficient__s202__smooth,transformer,smooth,gray_scott,coefficient,ood,96,0,0,0,0.4691729713154954
development,gray_scott__transformer__coefficient__s303__iid,transformer,iid,gray_scott,coefficient,test,64,0,0,0,0.027625689365302408
development,gray_scott__transformer__coefficient__s303__iid,transformer,iid,gray_scott,coefficient,test,96,0,0,0,0.05190580144809642
development,gray_scott__transformer__coefficient__s303__iid,transformer,iid,gray_scott,coefficient,ood,64,0,0,0,0.1973916789111798
development,gray_scott__transformer__coefficient__s303__iid,transformer,iid,gray_scott,coefficient,ood,96,0,0,0,0.3656578620582082
development,gray_scott__transformer__coefficient__s303__none,transformer,none,gray_scott,coefficient,test,64,0,0,0,0.015742005114835367
development,gray_scott__transformer__coefficient__s303__none,transformer,none,gray_scott,coefficient,test,96,0,0,0,0.054840585661133215
development,gray_scott__transformer__coefficient__s303__none,transformer,none,gray_scott,coefficient,ood,64,0,0,0,0.31873668441082614
development,gray_scott__transformer__coefficient__s303__none,transformer,none,gray_scott,coefficient,ood,96,0,0,0,0.7304747719441806
development,gray_scott__transformer__coefficient__s303__response_matched,transformer,response_matched,gray_scott,coefficient,test,64,0,0,0,0.028537547944552877
development,gray_scott__transformer__coefficient__s303__response_matched,transformer,response_matched,gray_scott,coefficient,test,96,0,0,0,0.05339734278339907
development,gray_scott__transformer__coefficient__s303__response_matched,transformer,response_matched,gray_scott,coefficient,ood,64,0,0,0,0.19664967821503598
development,gray_scott__transformer__coefficient__s303__response_matched,transformer,response_matched,gray_scott,coefficient,ood,96,0,0,0,0.3625962520769104
development,gray_scott__transformer__coefficient__s303__smooth,transformer,smooth,gray_scott,coefficient,test,64,0,0,0,0.02836836310380164
development,gray_scott__transformer__coefficient__s303__smooth,transformer,smooth,gray_scott,coefficient,test,96,0,0,0,0.05389087160345696
development,gray_scott__transformer__coefficient__s303__smooth,transformer,smooth,gray_scott,coefficient,ood,64,0,0,0,0.1950547694970739
development,gray_scott__transformer__coefficient__s303__smooth,transformer,smooth,gray_scott,coefficient,ood,96,0,0,0,0.36020378815931825
development,gray_scott__transformer__coefficient__s404__iid,transformer,iid,gray_scott,coefficient,test,64,0,0,0,0.032096214779742116
development,gray_scott__transformer__coefficient__s404__iid,transformer,iid,gray_scott,coefficient,test,96,0,0,0,0.12779633558190567
development,gray_scott__transformer__coefficient__s404__iid,transformer,iid,gray_scott,coefficient,ood,64,0,0,0,0.26450110285087103
development,gray_scott__transformer__coefficient__s404__iid,transformer,iid,gray_scott,coefficient,ood,96,0,0,0,0.5368354260863928
development,gray_scott__transformer__coefficient__s404__none,transformer,none,gray_scott,coefficient,test,64,0,0,0,0.01377718057754973
development,gray_scott__transformer__coefficient__s404__none,transformer,none,gray_scott,coefficient,test,96,0,0,0,0.048807685094299114
development,gray_scott__transformer__coefficient__s404__none,transformer,none,gray_scott,coefficient,ood,64,0,0,0,0.39212913547089023
development,gray_scott__transformer__coefficient__s404__none,transformer,none,gray_scott,coefficient,ood,96,0,0,0,0.8310453087615279
development,gray_scott__transformer__coefficient__s404__response_matched,transformer,response_matched,gray_scott,coefficient,test,64,0,0,0,0.031581310515179206
development,gray_scott__transformer__coefficient__s404__response_matched,transformer,response_matched,gray_scott,coefficient,test,96,0,0,0,0.12453642107184744
development,gray_scott__transformer__coefficient__s404__response_matched,transformer,response_matched,gray_scott,coefficient,ood,64,0,0,0,0.25477040161702824
development,gray_scott__transformer__coefficient__s404__response_matched,transformer,response_matched,gray_scott,coefficient,ood,96,0,0,0,0.5048608598051239
development,gray_scott__transformer__coefficient__s404__smooth,transformer,smooth,gray_scott,coefficient,test,64,0,0,0,0.03652898276250782
development,gray_scott__transformer__coefficient__s404__smooth,transformer,smooth,gray_scott,coefficient,test,96,0,0,0,0.1510070074088239
development,gray_scott__transformer__coefficient__s404__smooth,transformer,smooth,gray_scott,coefficient,ood,64,0,0,0,0.1903756928007132
development,gray_scott__transformer__coefficient__s404__smooth,transformer,smooth,gray_scott,coefficient,ood,96,0,0,0,0.3513810713631731
development,gray_scott__transformer__coefficient__s505__iid,transformer,iid,gray_scott,coefficient,test,64,0,0,0,0.029861767052918653
development,gray_scott__transformer__coefficient__s505__iid,transformer,iid,gray_scott,coefficient,test,96,0,0,0,0.05678439742714003
development,gray_scott__transformer__coefficient__s505__iid,transformer,iid,gray_scott,coefficient,ood,64,0,0,0,0.4374013959796468
development,gray_scott__transformer__coefficient__s505__iid,transformer,iid,gray_scott,coefficient,ood,96,0,0,0,0.8427674953352084
development,gray_scott__transformer__coefficient__s505__none,transformer,none,gray_scott,coefficient,test,64,0,0,0,0.01758138598079867
development,gray_scott__transformer__coefficient__s505__none,transformer,none,gray_scott,coefficient,test,96,0,0,0,0.051054009971338986
development,gray_scott__transformer__coefficient__s505__none,transformer,none,gray_scott,coefficient,ood,64,0,0,0,0.4079671826048088
development,gray_scott__transformer__coefficient__s505__none,transformer,none,gray_scott,coefficient,ood,96,0,0,0,0.8481566114163204
development,gray_scott__transformer__coefficient__s505__response_matched,transformer,response_matched,gray_scott,coefficient,test,64,0,0,0,0.029943796271573175
development,gray_scott__transformer__coefficient__s505__response_matched,transformer,response_matched,gray_scott,coefficient,test,96,0,0,0,0.05651603171189305
development,gray_scott__transformer__coefficient__s505__response_matched,transformer,response_matched,gray_scott,coefficient,ood,64,0,0,0,0.4539482438340823
development,gray_scott__transformer__coefficient__s505__response_matched,transformer,response_matched,gray_scott,coefficient,ood,96,0,0,0,0.8838385680428889
development,gray_scott__transformer__coefficient__s505__smooth,transformer,smooth,gray_scott,coefficient,test,64,0,0,0,0.03191116043003339
development,gray_scott__transformer__coefficient__s505__smooth,transformer,smooth,gray_scott,coefficient,test,96,0,0,0,0.062117555248291614
development,gray_scott__transformer__coefficient__s505__smooth,transformer,smooth,gray_scott,coefficient,ood,64,0,0,0,0.4109066526485501
development,gray_scott__transformer__coefficient__s505__smooth,transformer,smooth,gray_scott,coefficient,ood,96,0,0,0,0.7787552827585961
development,gray_scott__transformer__coefficient__s606__iid,transformer,iid,gray_scott,coefficient,test,64,0,0,0,0.030107045266559718
development,gray_scott__transformer__coefficient__s606__iid,transformer,iid,gray_scott,coefficient,test,96,0,0,0,0.07759791043938824
development,gray_scott__transformer__coefficient__s606__iid,transformer,iid,gray_scott,coefficient,ood,64,0,0,0,0.3023690783024726
development,gray_scott__transformer__coefficient__s606__iid,transformer,iid,gray_scott,coefficient,ood,96,0,0,0,0.5862523896948797
development,gray_scott__transformer__coefficient__s606__none,transformer,none,gray_scott,coefficient,test,64,0,0,0,0.01576366188707784
development,gray_scott__transformer__coefficient__s606__none,transformer,none,gray_scott,coefficient,test,96,0,0,0,0.054027224096045955
development,gray_scott__transformer__coefficient__s606__none,transformer,none,gray_scott,coefficient,ood,64,0,0,0,0.45512595540133916
development,gray_scott__transformer__coefficient__s606__none,transformer,none,gray_scott,coefficient,ood,96,0,0,0,1.0756638630812532
development,gray_scott__transformer__coefficient__s606__response_matched,transformer,response_matched,gray_scott,coefficient,test,64,0,0,0,0.024170156648804397
development,gray_scott__transformer__coefficient__s606__response_matched,transformer,response_matched,gray_scott,coefficient,test,96,0,0,0,0.07959174895555807
development,gray_scott__transformer__coefficient__s606__response_matched,transformer,response_matched,gray_scott,coefficient,ood,64,0,0,0,0.5640153387568798
development,gray_scott__transformer__coefficient__s606__response_matched,transformer,response_matched,gray_scott,coefficient,ood,96,0,0,0,1.352192356139136
development,gray_scott__transformer__coefficient__s606__smooth,transformer,smooth,gray_scott,coefficient,test,64,0,0,0,0.028252093800988032
development,gray_scott__transformer__coefficient__s606__smooth,transformer,smooth,gray_scott,coefficient,test,96,0,0,0,0.06818882411419333
development,gray_scott__transformer__coefficient__s606__smooth,transformer,smooth,gray_scott,coefficient,ood,64,0,0,0,0.3822708584896066
development,gray_scott__transformer__coefficient__s606__smooth,transformer,smooth,gray_scott,coefficient,ood,96,0,0,0,0.8111999229666473
development,gray_scott__transformer__correct__s101__iid,transformer,iid,gray_scott,correct,test,64,0,0,0,0.016981323479918875
development,gray_scott__transformer__correct__s101__iid,transformer,iid,gray_scott,correct,test,96,0,0,0,0.059477813619713236
development,gray_scott__transformer__correct__s101__iid,transformer,iid,gray_scott,correct,ood,64,0,0,0,1.0206881460909258
development,gray_scott__transformer__correct__s101__iid,transformer,iid,gray_scott,correct,ood,96,0,0,0,2.8966074280325005
development,gray_scott__transformer__correct__s101__none,transformer,none,gray_scott,correct,test,64,0,0,0,0.0233792458905156
development,gray_scott__transformer__correct__s101__none,transformer,none,gray_scott,correct,test,96,0,0,0,0.08960052059124636
development,gray_scott__transformer__correct__s101__none,transformer,none,gray_scott,correct,ood,64,0,0,0,1.3878863033220057
development,gray_scott__transformer__correct__s101__none,transformer,none,gray_scott,correct,ood,96,0,0,0,3.808752330421214
development,gray_scott__transformer__correct__s101__response_matched,transformer,response_matched,gray_scott,correct,test,64,0,0,0,0.014858158597849114
development,gray_scott__transformer__correct__s101__response_matched,transformer,response_matched,gray_scott,correct,test,96,0,0,0,0.048696229904722596
development,gray_scott__transformer__correct__s101__response_matched,transformer,response_matched,gray_scott,correct,ood,64,0,0,0,0.9358204874149223
development,gray_scott__transformer__correct__s101__response_matched,transformer,response_matched,gray_scott,correct,ood,96,0,0,0,2.6486622047570023
development,gray_scott__transformer__correct__s101__smooth,transformer,smooth,gray_scott,correct,test,64,0,0,0,0.027490418375891834
development,gray_scott__transformer__correct__s101__smooth,transformer,smooth,gray_scott,correct,test,96,0,0,0,0.1227746202685683
development,gray_scott__transformer__correct__s101__smooth,transformer,smooth,gray_scott,correct,ood,64,0,0,0,1.1453127237070397
development,gray_scott__transformer__correct__s101__smooth,transformer,smooth,gray_scott,correct,ood,96,0,0,0,3.185604934854498
development,gray_scott__transformer__correct__s202__iid,transformer,iid,gray_scott,correct,test,64,0,0,0,0.012043837971180693
development,gray_scott__transformer__correct__s202__iid,transformer,iid,gray_scott,correct,test,96,0,0,0,0.03280173359826458
development,gray_scott__transformer__correct__s202__iid,transformer,iid,gray_scott,correct,ood,64,0,0,0,0.19046694214571147
development,gray_scott__transformer__correct__s202__iid,transformer,iid,gray_scott,correct,ood,96,0,0,0,0.37883417932616703
development,gray_scott__transformer__correct__s202__none,transformer,none,gray_scott,correct,test,64,0,0,0,0.014679568150039679
development,gray_scott__transformer__correct__s202__none,transformer,none,gray_scott,correct,test,96,0,0,0,0.035583764609202026
development,gray_scott__transformer__correct__s202__none,transformer,none,gray_scott,correct,ood,64,0,0,0,0.18786550111578926
development,gray_scott__transformer__correct__s202__none,transformer,none,gray_scott,correct,ood,96,0,0,0,0.3489604591321498
development,gray_scott__transformer__correct__s202__response_matched,transformer,response_matched,gray_scott,correct,test,64,0,0,0,0.014839702158233936
development,gray_scott__transformer__correct__s202__response_matched,transformer,response_matched,gray_scott,correct,test,96,0,0,0,0.03976314243697717
development,gray_scott__transformer__correct__s202__response_matched,transformer,response_matched,gray_scott,correct,ood,64,0,0,0,0.1977362683817141
development,gray_scott__transformer__correct__s202__response_matched,transformer,response_matched,gray_scott,correct,ood,96,0,0,0,0.37126543824872016
development,gray_scott__transformer__correct__s202__smooth,transformer,smooth,gray_scott,correct,test,64,0,0,0,0.013859941854905466
development,gray_scott__transformer__correct__s202__smooth,transformer,smooth,gray_scott,correct,test,96,0,0,0,0.043190966563032784
development,gray_scott__transformer__correct__s202__smooth,transformer,smooth,gray_scott,correct,ood,64,0,0,0,0.18696718934769763
development,gray_scott__transformer__correct__s202__smooth,transformer,smooth,gray_scott,correct,ood,96,0,0,0,0.3717684360468354
development,gray_scott__transformer__correct__s303__iid,transformer,iid,gray_scott,correct,test,64,0,0,0,0.014625027960813108
development,gray_scott__transformer__correct__s303__iid,transformer,iid,gray_scott,correct,test,96,0,0,0,0.04496837300746052
development,gray_scott__transformer__correct__s303__iid,transformer,iid,gray_scott,correct,ood,64,0,0,0,0.3618269678134549
development,gray_scott__transformer__correct__s303__iid,transformer,iid,gray_scott,correct,ood,96,0,0,0,0.8497897650339693
development,gray_scott__transformer__correct__s303__none,transformer,none,gray_scott,correct,test,64,0,0,0,0.01574210882595317
development,gray_scott__transformer__correct__s303__none,transformer,none,gray_scott,correct,test,96,0,0,0,0.054841139215193804
development,gray_scott__transformer__correct__s303__none,transformer,none,gray_scott,correct,ood,64,0,0,0,0.3187383482763977
development,gray_scott__transformer__correct__s303__none,transformer,none,gray_scott,correct,ood,96,0,0,0,0.7304791592590334
development,gray_scott__transformer__correct__s303__response_matched,transformer,response_matched,gray_scott,correct,test,64,0,0,0,0.014985830898995411
development,gray_scott__transformer__correct__s303__response_matched,transformer,response_matched,gray_scott,correct,test,96,0,0,0,0.04745461394095344
development,gray_scott__transformer__correct__s303__response_matched,transformer,response_matched,gray_scott,correct,ood,64,0,0,0,0.3618329454129121
development,gray_scott__transformer__correct__s303__response_matched,transformer,response_matched,gray_scott,correct,ood,96,0,0,0,0.8440770706571346
development,gray_scott__transformer__correct__s303__smooth,transformer,smooth,gray_scott,correct,test,64,0,0,0,0.01544260746535342
development,gray_scott__transformer__correct__s303__smooth,transformer,smooth,gray_scott,correct,test,96,0,0,0,0.050684338316742496
development,gray_scott__transformer__correct__s303__smooth,transformer,smooth,gray_scott,correct,ood,64,0,0,0,0.3351305315987867
development,gray_scott__transformer__correct__s303__smooth,transformer,smooth,gray_scott,correct,ood,96,0,0,0,0.788220592141211
development,gray_scott__transformer__correct__s404__iid,transformer,iid,gray_scott,correct,test,64,0,0,0,0.012148706056109848
development,gray_scott__transformer__correct__s404__iid,transformer,iid,gray_scott,correct,test,96,0,0,0,0.034790528205946046
development,gray_scott__transformer__correct__s404__iid,transformer,iid,gray_scott,correct,ood,64,0,0,0,0.3284353579156267
development,gray_scott__transformer__correct__s404__iid,transformer,iid,gray_scott,correct,ood,96,0,0,0,0.6109978592824845
development,gray_scott__transformer__correct__s404__none,transformer,none,gray_scott,correct,test,64,0,0,0,0.013777091265022912
development,gray_scott__transformer__correct__s404__none,transformer,none,gray_scott,correct,test,96,0,0,0,0.04880706044325437
development,gray_scott__transformer__correct__s404__none,transformer,none,gray_scott,correct,ood,64,0,0,0,0.3921311684544406
development,gray_scott__transformer__correct__s404__none,transformer,none,gray_scott,correct,ood,96,0,0,0,0.8310507010083086
development,gray_scott__transformer__correct__s404__response_matched,transformer,response_matched,gray_scott,correct,test,64,0,0,0,0.013235873723858482
development,gray_scott__transformer__correct__s404__response_matched,transformer,response_matched,gray_scott,correct,test,96,0,0,0,0.04325593397917812
development,gray_scott__transformer__correct__s404__response_matched,transformer,response_matched,gray_scott,correct,ood,64,0,0,0,0.3326503539370247
development,gray_scott__transformer__correct__s404__response_matched,transformer,response_matched,gray_scott,correct,ood,96,0,0,0,0.606251431402028
development,gray_scott__transformer__correct__s404__smooth,transformer,smooth,gray_scott,correct,test,64,0,0,0,0.015064003064140463
development,gray_scott__transformer__correct__s404__smooth,transformer,smooth,gray_scott,correct,test,96,0,0,0,0.05474367241209703
development,gray_scott__transformer__correct__s404__smooth,transformer,smooth,gray_scott,correct,ood,64,0,0,0,0.36533864655426207
development,gray_scott__transformer__correct__s404__smooth,transformer,smooth,gray_scott,correct,ood,96,0,0,0,0.757841400226339
development,gray_scott__transformer__correct__s505__iid,transformer,iid,gray_scott,correct,test,64,0,0,0,0.019591341113639693
development,gray_scott__transformer__correct__s505__iid,transformer,iid,gray_scott,correct,test,96,0,0,0,0.062263141006450105
development,gray_scott__transformer__correct__s505__iid,transformer,iid,gray_scott,correct,ood,64,0,0,0,0.5089876530697062
development,gray_scott__transformer__correct__s505__iid,transformer,iid,gray_scott,correct,ood,96,0,0,0,1.0142149552027202
development,gray_scott__transformer__correct__s505__none,transformer,none,gray_scott,correct,test,64,0,0,0,0.017581363925889493
development,gray_scott__transformer__correct__s505__none,transformer,none,gray_scott,correct,test,96,0,0,0,0.05105392200788901
development,gray_scott__transformer__correct__s505__none,transformer,none,gray_scott,correct,ood,64,0,0,0,0.40796900691553617
development,gray_scott__transformer__correct__s505__none,transformer,none,gray_scott,correct,ood,96,0,0,0,0.8481612905475895
development,gray_scott__transformer__correct__s505__response_matched,transformer,response_matched,gray_scott,correct,test,64,0,0,0,0.01779600038669904
development,gray_scott__transformer__correct__s505__response_matched,transformer,response_matched,gray_scott,correct,test,96,0,0,0,0.047707244256156724
development,gray_scott__transformer__correct__s505__response_matched,transformer,response_matched,gray_scott,correct,ood,64,0,0,0,0.46452948099828717
development,gray_scott__transformer__correct__s505__response_matched,transformer,response_matched,gray_scott,correct,ood,96,0,0,0,0.8736150106526519
development,gray_scott__transformer__correct__s505__smooth,transformer,smooth,gray_scott,correct,test,64,0,0,0,0.020767931514537596
development,gray_scott__transformer__correct__s505__smooth,transformer,smooth,gray_scott,correct,test,96,0,0,0,0.07011227423653794
development,gray_scott__transformer__correct__s505__smooth,transformer,smooth,gray_scott,correct,ood,64,0,0,0,0.5715198751254373
development,gray_scott__transformer__correct__s505__smooth,transformer,smooth,gray_scott,correct,ood,96,0,0,0,1.2756424487921962
development,gray_scott__transformer__correct__s606__iid,transformer,iid,gray_scott,correct,test,64,0,0,0,0.013849024551309874
development,gray_scott__transformer__correct__s606__iid,transformer,iid,gray_scott,correct,test,96,0,0,0,0.03906051953979114
development,gray_scott__transformer__correct__s606__iid,transformer,iid,gray_scott,correct,ood,64,0,0,0,0.354409949417672
development,gray_scott__transformer__correct__s606__iid,transformer,iid,gray_scott,correct,ood,96,0,0,0,0.7757507949040606
development,gray_scott__transformer__correct__s606__none,transformer,none,gray_scott,correct,test,64,0,0,0,0.015763766373833366
development,gray_scott__transformer__correct__s606__none,transformer,none,gray_scott,correct,test,96,0,0,0,0.0540280744461535
development,gray_scott__transformer__correct__s606__none,transformer,none,gray_scott,correct,ood,64,0,0,0,0.4551255739802915
development,gray_scott__transformer__correct__s606__none,transformer,none,gray_scott,correct,ood,96,0,0,0,1.0756640322806905
development,gray_scott__transformer__correct__s606__response_matched,transformer,response_matched,gray_scott,correct,test,64,0,0,0,0.013193765247862088
development,gray_scott__transformer__correct__s606__response_matched,transformer,response_matched,gray_scott,correct,test,96,0,0,0,0.03851622387370868
development,gray_scott__transformer__correct__s606__response_matched,transformer,response_matched,gray_scott,correct,ood,64,0,0,0,0.34366763614287077
development,gray_scott__transformer__correct__s606__response_matched,transformer,response_matched,gray_scott,correct,ood,96,0,0,0,0.7319831421466478
development,gray_scott__transformer__correct__s606__smooth,transformer,smooth,gray_scott,correct,test,64,0,0,0,0.0185900091964466
development,gray_scott__transformer__correct__s606__smooth,transformer,smooth,gray_scott,correct,test,96,0,0,0,0.08214658070005662
development,gray_scott__transformer__correct__s606__smooth,transformer,smooth,gray_scott,correct,ood,64,0,0,0,0.3328697168412429
development,gray_scott__transformer__correct__s606__smooth,transformer,smooth,gray_scott,correct,ood,96,0,0,0,0.7536873839232014
development,ks__fno__coefficient__s101__iid,fno,iid,ks,coefficient,test,64,0,0,0,0.07536548897298517
development,ks__fno__coefficient__s101__iid,fno,iid,ks,coefficient,test,96,0,0,0,0.2235872595518586
development,ks__fno__coefficient__s101__iid,fno,iid,ks,coefficient,ood,64,0,0,0,0.31937679893726845
development,ks__fno__coefficient__s101__iid,fno,iid,ks,coefficient,ood,96,0,0,0,0.6566659007208753
development,ks__fno__coefficient__s101__none,fno,none,ks,coefficient,test,64,0,0,0,0.027658733699032413
development,ks__fno__coefficient__s101__none,fno,none,ks,coefficient,test,96,0,0,0,0.11516187150362447
development,ks__fno__coefficient__s101__none,fno,none,ks,coefficient,ood,64,0,0,0,0.4044586823528731
development,ks__fno__coefficient__s101__none,fno,none,ks,coefficient,ood,96,0,0,0,0.8306591295549537
development,ks__fno__coefficient__s101__response_matched,fno,response_matched,ks,coefficient,test,64,0,0,0,0.06519991899234545
development,ks__fno__coefficient__s101__response_matched,fno,response_matched,ks,coefficient,test,96,0,0,0,0.2057922579261607
development,ks__fno__coefficient__s101__response_matched,fno,response_matched,ks,coefficient,ood,64,0,0,0,0.36902790100273064
development,ks__fno__coefficient__s101__response_matched,fno,response_matched,ks,coefficient,ood,96,0,0,0,0.7781224944339391
development,ks__fno__coefficient__s101__smooth,fno,smooth,ks,coefficient,test,64,0,0,0,0.09915360868331219
development,ks__fno__coefficient__s101__smooth,fno,smooth,ks,coefficient,test,96,0,0,0,0.29119207752577075
development,ks__fno__coefficient__s101__smooth,fno,smooth,ks,coefficient,ood,64,0,0,0,0.3875268890170158
development,ks__fno__coefficient__s101__smooth,fno,smooth,ks,coefficient,ood,96,0,0,0,0.7617135972384059
development,ks__fno__coefficient__s202__iid,fno,iid,ks,coefficient,test,64,0,0,0,0.08028418094381495
development,ks__fno__coefficient__s202__iid,fno,iid,ks,coefficient,test,96,0,0,0,0.23213151273709892
development,ks__fno__coefficient__s202__iid,fno,iid,ks,coefficient,ood,64,0,0,0,0.4048760531398248
development,ks__fno__coefficient__s202__iid,fno,iid,ks,coefficient,ood,96,0,0,0,0.8118544526686133
development,ks__fno__coefficient__s202__none,fno,none,ks,coefficient,test,64,0,0,0,0.027095992343281514
development,ks__fno__coefficient__s202__none,fno,none,ks,coefficient,test,96,0,0,0,0.09947368276262901
development,ks__fno__coefficient__s202__none,fno,none,ks,coefficient,ood,64,0,0,0,0.6460617705399714
development,ks__fno__coefficient__s202__none,fno,none,ks,coefficient,ood,96,0,0,0,1.098425431889002
development,ks__fno__coefficient__s202__response_matched,fno,response_matched,ks,coefficient,test,64,0,0,0,0.05941779072420761
development,ks__fno__coefficient__s202__response_matched,fno,response_matched,ks,coefficient,test,96,0,0,0,0.15908999529720086
development,ks__fno__coefficient__s202__response_matched,fno,response_matched,ks,coefficient,ood,64,0,0,0,0.5615481970799614
development,ks__fno__coefficient__s202__response_matched,fno,response_matched,ks,coefficient,ood,96,0,0,0,1.012375062155762
development,ks__fno__coefficient__s202__smooth,fno,smooth,ks,coefficient,test,64,0,0,0,0.07908306678519
development,ks__fno__coefficient__s202__smooth,fno,smooth,ks,coefficient,test,96,0,0,0,0.23560923727442812
development,ks__fno__coefficient__s202__smooth,fno,smooth,ks,coefficient,ood,64,0,0,0,0.5162395903021961
development,ks__fno__coefficient__s202__smooth,fno,smooth,ks,coefficient,ood,96,0,0,0,0.91567597925531
development,ks__fno__coefficient__s303__iid,fno,iid,ks,coefficient,test,64,0,0,0,0.040625142490114924
development,ks__fno__coefficient__s303__iid,fno,iid,ks,coefficient,test,96,0,0,0,0.17779757500576016
development,ks__fno__coefficient__s303__iid,fno,iid,ks,coefficient,ood,64,0,0,0,0.29739288550289267
development,ks__fno__coefficient__s303__iid,fno,iid,ks,coefficient,ood,96,0,0,0,0.6838412566905312
development,ks__fno__coefficient__s303__none,fno,none,ks,coefficient,test,64,0,0,0,0.03202237153864187
development,ks__fno__coefficient__s303__none,fno,none,ks,coefficient,test,96,0,0,0,0.11636559966295862
development,ks__fno__coefficient__s303__none,fno,none,ks,coefficient,ood,64,0,0,0,0.4103832769276117
development,ks__fno__coefficient__s303__none,fno,none,ks,coefficient,ood,96,0,0,0,0.8321808794127279
development,ks__fno__coefficient__s303__response_matched,fno,response_matched,ks,coefficient,test,64,0,0,0,0.10643393730266248
development,ks__fno__coefficient__s303__response_matched,fno,response_matched,ks,coefficient,test,96,0,0,0,0.25028038638751193
development,ks__fno__coefficient__s303__response_matched,fno,response_matched,ks,coefficient,ood,64,0,0,0,0.41818477764938056
development,ks__fno__coefficient__s303__response_matched,fno,response_matched,ks,coefficient,ood,96,0,0,0,0.877401712700045
development,ks__fno__coefficient__s303__smooth,fno,smooth,ks,coefficient,test,64,0,0,0,0.10361943231384696
development,ks__fno__coefficient__s303__smooth,fno,smooth,ks,coefficient,test,96,0,0,0,0.29680877501542935
development,ks__fno__coefficient__s303__smooth,fno,smooth,ks,coefficient,ood,64,0,0,0,0.36139809974691817
development,ks__fno__coefficient__s303__smooth,fno,smooth,ks,coefficient,ood,96,0,0,0,0.706987309731562
development,ks__fno__coefficient__s404__iid,fno,iid,ks,coefficient,test,64,0,0,0,0.10308754085235028
development,ks__fno__coefficient__s404__iid,fno,iid,ks,coefficient,test,96,0,0,0,0.2816207863894867
development,ks__fno__coefficient__s404__iid,fno,iid,ks,coefficient,ood,64,0,0,0,0.3391589573282521
development,ks__fno__coefficient__s404__iid,fno,iid,ks,coefficient,ood,96,0,0,0,0.7901504213607023
development,ks__fno__coefficient__s404__none,fno,none,ks,coefficient,test,64,0,0,0,0.01861900856017889
development,ks__fno__coefficient__s404__none,fno,none,ks,coefficient,test,96,0,0,0,0.08890008960004028
development,ks__fno__coefficient__s404__none,fno,none,ks,coefficient,ood,64,0,0,0,0.27677871221318306
development,ks__fno__coefficient__s404__none,fno,none,ks,coefficient,ood,96,0,0,0,0.6138134191795337
development,ks__fno__coefficient__s404__response_matched,fno,response_matched,ks,coefficient,test,64,0,0,0,0.07549256155922468
development,ks__fno__coefficient__s404__response_matched,fno,response_matched,ks,coefficient,test,96,0,0,0,0.24379312564873726
development,ks__fno__coefficient__s404__response_matched,fno,response_matched,ks,coefficient,ood,64,0,0,0,0.4017761686956547
development,ks__fno__coefficient__s404__response_matched,fno,response_matched,ks,coefficient,ood,96,0,0,0,0.8459716232901968
development,ks__fno__coefficient__s404__smooth,fno,smooth,ks,coefficient,test,64,0,0,0,0.09826872371236989
development,ks__fno__coefficient__s404__smooth,fno,smooth,ks,coefficient,test,96,0,0,0,0.25615466397453496
development,ks__fno__coefficient__s404__smooth,fno,smooth,ks,coefficient,ood,64,0,0,0,0.2820535877900676
development,ks__fno__coefficient__s404__smooth,fno,smooth,ks,coefficient,ood,96,0,0,0,0.5959348332781509
development,ks__fno__coefficient__s505__iid,fno,iid,ks,coefficient,test,64,0,0,0,0.09456190627941208
development,ks__fno__coefficient__s505__iid,fno,iid,ks,coefficient,test,96,0,0,0,0.30945799325180384
development,ks__fno__coefficient__s505__iid,fno,iid,ks,coefficient,ood,64,0,0,0,0.5604446601693533
development,ks__fno__coefficient__s505__iid,fno,iid,ks,coefficient,ood,96,0,0,0,1.0053783995015526
development,ks__fno__coefficient__s505__none,fno,none,ks,coefficient,test,64,0,0,0,0.02040972914985695
development,ks__fno__coefficient__s505__none,fno,none,ks,coefficient,test,96,0,0,0,0.10679875450905926
development,ks__fno__coefficient__s505__none,fno,none,ks,coefficient,ood,64,0,0,0,0.43020997726484267
development,ks__fno__coefficient__s505__none,fno,none,ks,coefficient,ood,96,0,0,0,0.8211668302501149
development,ks__fno__coefficient__s505__response_matched,fno,response_matched,ks,coefficient,test,64,0,0,0,0.08848885931994699
development,ks__fno__coefficient__s505__response_matched,fno,response_matched,ks,coefficient,test,96,0,0,0,0.27392490704409667
development,ks__fno__coefficient__s505__response_matched,fno,response_matched,ks,coefficient,ood,64,0,0,0,0.33956685377589135
development,ks__fno__coefficient__s505__response_matched,fno,response_matched,ks,coefficient,ood,96,0,0,0,0.7623231678959232
development,ks__fno__coefficient__s505__smooth,fno,smooth,ks,coefficient,test,64,0,0,0,0.08829101751251234
development,ks__fno__coefficient__s505__smooth,fno,smooth,ks,coefficient,test,96,0,0,0,0.302825783506967
development,ks__fno__coefficient__s505__smooth,fno,smooth,ks,coefficient,ood,64,0,0,0,0.5273487395305878
development,ks__fno__coefficient__s505__smooth,fno,smooth,ks,coefficient,ood,96,0,0,0,0.8972402556154814
development,ks__fno__coefficient__s606__iid,fno,iid,ks,coefficient,test,64,0,0,0,0.0774741222866413
development,ks__fno__coefficient__s606__iid,fno,iid,ks,coefficient,test,96,0,0,0,0.2593639070055523
development,ks__fno__coefficient__s606__iid,fno,iid,ks,coefficient,ood,64,0,0,0,0.5054424144998864
development,ks__fno__coefficient__s606__iid,fno,iid,ks,coefficient,ood,96,0,0,0,0.9736239890643155
development,ks__fno__coefficient__s606__none,fno,none,ks,coefficient,test,64,0,0,0,0.036294904115815624
development,ks__fno__coefficient__s606__none,fno,none,ks,coefficient,test,96,0,0,0,0.13362163984134814
development,ks__fno__coefficient__s606__none,fno,none,ks,coefficient,ood,64,0,0,0,0.6854953787015997
development,ks__fno__coefficient__s606__none,fno,none,ks,coefficient,ood,96,0,0,0,1.1801008325511075
development,ks__fno__coefficient__s606__response_matched,fno,response_matched,ks,coefficient,test,64,0,0,0,0.08703210642957515
development,ks__fno__coefficient__s606__response_matched,fno,response_matched,ks,coefficient,test,96,0,0,0,0.21781107274085798
development,ks__fno__coefficient__s606__response_matched,fno,response_matched,ks,coefficient,ood,64,0,0,0,0.46623227396594036
development,ks__fno__coefficient__s606__response_matched,fno,response_matched,ks,coefficient,ood,96,0,0,0,0.829004548091687
development,ks__fno__coefficient__s606__smooth,fno,smooth,ks,coefficient,test,64,0,0,0,0.13568366689720024
development,ks__fno__coefficient__s606__smooth,fno,smooth,ks,coefficient,test,96,0,0,0,0.33387717953512175
development,ks__fno__coefficient__s606__smooth,fno,smooth,ks,coefficient,ood,64,0,0,0,0.4851287151777468
development,ks__fno__coefficient__s606__smooth,fno,smooth,ks,coefficient,ood,96,0,0,0,0.9367035422219269
development,ks__fno__correct__s101__iid,fno,iid,ks,correct,test,64,0,0,0,0.01949193958041795
development,ks__fno__correct__s101__iid,fno,iid,ks,correct,test,96,0,0,0,0.06661890463990891
development,ks__fno__correct__s101__iid,fno,iid,ks,correct,ood,64,0,0,0,0.3086403967758282
development,ks__fno__correct__s101__iid,fno,iid,ks,correct,ood,96,0,0,0,0.6595509628583516
development,ks__fno__correct__s101__none,fno,none,ks,correct,test,64,0,0,0,0.027635191440106996
development,ks__fno__correct__s101__none,fno,none,ks,correct,test,96,0,0,0,0.11478289986077224
development,ks__fno__correct__s101__none,fno,none,ks,correct,ood,64,0,0,0,0.4069410853537849
development,ks__fno__correct__s101__none,fno,none,ks,correct,ood,96,0,0,0,0.8350001356607344
development,ks__fno__correct__s101__response_matched,fno,response_matched,ks,correct,test,64,0,0,0,0.0146787293157331
development,ks__fno__correct__s101__response_matched,fno,response_matched,ks,correct,test,96,0,0,0,0.07046268417371948
development,ks__fno__correct__s101__response_matched,fno,response_matched,ks,correct,ood,64,0,0,0,0.3238918361568861
development,ks__fno__correct__s101__response_matched,fno,response_matched,ks,correct,ood,96,0,0,0,0.6989159985534057
development,ks__fno__correct__s101__smooth,fno,smooth,ks,correct,test,64,0,0,0,0.009708626256819355
development,ks__fno__correct__s101__smooth,fno,smooth,ks,correct,test,96,0,0,0,0.06035624009249975
development,ks__fno__correct__s101__smooth,fno,smooth,ks,correct,ood,64,0,0,0,0.25522839923217133
development,ks__fno__correct__s101__smooth,fno,smooth,ks,correct,ood,96,0,0,0,0.6519206271190812
development,ks__fno__correct__s202__iid,fno,iid,ks,correct,test,64,0,0,0,0.012536535172022453
development,ks__fno__correct__s202__iid,fno,iid,ks,correct,test,96,0,0,0,0.08016373305753494
development,ks__fno__correct__s202__iid,fno,iid,ks,correct,ood,64,0,0,0,0.37541663184432106
development,ks__fno__correct__s202__iid,fno,iid,ks,correct,ood,96,0,0,0,0.8592734480621904
development,ks__fno__correct__s202__none,fno,none,ks,correct,test,64,0,0,0,0.0274136085014862
development,ks__fno__correct__s202__none,fno,none,ks,correct,test,96,0,0,0,0.10042372028813623
development,ks__fno__correct__s202__none,fno,none,ks,correct,ood,64,0,0,0,0.6483586007604871
development,ks__fno__correct__s202__none,fno,none,ks,correct,ood,96,0,0,0,1.101528637846503
development,ks__fno__correct__s202__response_matched,fno,response_matched,ks,correct,test,64,0,0,0,0.01770180193451365
development,ks__fno__correct__s202__response_matched,fno,response_matched,ks,correct,test,96,0,0,0,0.07752008193935911
development,ks__fno__correct__s202__response_matched,fno,response_matched,ks,correct,ood,64,0,0,0,0.34800758674220944
development,ks__fno__correct__s202__response_matched,fno,response_matched,ks,correct,ood,96,0,0,0,0.7428400386305682
development,ks__fno__correct__s202__smooth,fno,smooth,ks,correct,test,64,0,0,0,0.011213517130264469
development,ks__fno__correct__s202__smooth,fno,smooth,ks,correct,test,96,0,0,0,0.04413800261017242
development,ks__fno__correct__s202__smooth,fno,smooth,ks,correct,ood,64,0,0,0,0.31113875155600956
development,ks__fno__correct__s202__smooth,fno,smooth,ks,correct,ood,96,0,0,0,0.6895539805661371
development,ks__fno__correct__s303__iid,fno,iid,ks,correct,test,64,0,0,0,0.016015686570214377
development,ks__fno__correct__s303__iid,fno,iid,ks,correct,test,96,0,0,0,0.071018196627497
development,ks__fno__correct__s303__iid,fno,iid,ks,correct,ood,64,0,0,0,0.22994057031186665
development,ks__fno__correct__s303__iid,fno,iid,ks,correct,ood,96,0,0,0,0.5779336361306937
development,ks__fno__correct__s303__none,fno,none,ks,correct,test,64,0,0,0,0.032047053286896214
development,ks__fno__correct__s303__none,fno,none,ks,correct,test,96,0,0,0,0.11684656497961107
development,ks__fno__correct__s303__none,fno,none,ks,correct,ood,64,0,0,0,0.41311764482906943
development,ks__fno__correct__s303__none,fno,none,ks,correct,ood,96,0,0,0,0.8382991274878183
development,ks__fno__correct__s303__response_matched,fno,response_matched,ks,correct,test,64,0,0,0,0.025014980428562816
development,ks__fno__correct__s303__response_matched,fno,response_matched,ks,correct,test,96,0,0,0,0.09276784975161272
development,ks__fno__correct__s303__response_matched,fno,response_matched,ks,correct,ood,64,0,0,0,0.3758704058262765
development,ks__fno__correct__s303__response_matched,fno,response_matched,ks,correct,ood,96,0,0,0,0.780725884430088
development,ks__fno__correct__s303__smooth,fno,smooth,ks,correct,test,64,0,0,0,0.01562692396450515
development,ks__fno__correct__s303__smooth,fno,smooth,ks,correct,test,96,0,0,0,0.06933301230053786
development,ks__fno__correct__s303__smooth,fno,smooth,ks,correct,ood,64,0,0,0,0.25040303972756206
development,ks__fno__correct__s303__smooth,fno,smooth,ks,correct,ood,96,0,0,0,0.6108444433077908
development,ks__fno__correct__s404__iid,fno,iid,ks,correct,test,64,0,0,0,0.023209750946066227
development,ks__fno__correct__s404__iid,fno,iid,ks,correct,test,96,0,0,0,0.12506599335191054
development,ks__fno__correct__s404__iid,fno,iid,ks,correct,ood,64,0,0,0,0.34040709867479046
development,ks__fno__correct__s404__iid,fno,iid,ks,correct,ood,96,0,0,0,0.704877501089519
development,ks__fno__correct__s404__none,fno,none,ks,correct,test,64,0,0,0,0.01884272398716332
development,ks__fno__correct__s404__none,fno,none,ks,correct,test,96,0,0,0,0.08915654138338433
development,ks__fno__correct__s404__none,fno,none,ks,correct,ood,64,0,0,0,0.2780875429204295
development,ks__fno__correct__s404__none,fno,none,ks,correct,ood,96,0,0,0,0.6160702938678816
development,ks__fno__correct__s404__response_matched,fno,response_matched,ks,correct,test,64,0,0,0,0.027234778822364386
development,ks__fno__correct__s404__response_matched,fno,response_matched,ks,correct,test,96,0,0,0,0.10563777048097925
development,ks__fno__correct__s404__response_matched,fno,response_matched,ks,correct,ood,64,0,0,0,0.2280785810644046
development,ks__fno__correct__s404__response_matched,fno,response_matched,ks,correct,ood,96,0,0,0,0.572366091099541
development,ks__fno__correct__s404__smooth,fno,smooth,ks,correct,test,64,0,0,0,0.017956011821689648
development,ks__fno__correct__s404__smooth,fno,smooth,ks,correct,test,96,0,0,0,0.07237291379774613
development,ks__fno__correct__s404__smooth,fno,smooth,ks,correct,ood,64,0,0,0,0.21158919720564295
development,ks__fno__correct__s404__smooth,fno,smooth,ks,correct,ood,96,0,0,0,0.4996689875397463
development,ks__fno__correct__s505__iid,fno,iid,ks,correct,test,64,0,0,0,0.011049546088428702
development,ks__fno__correct__s505__iid,fno,iid,ks,correct,test,96,0,0,0,0.08760625400657268
development,ks__fno__correct__s505__iid,fno,iid,ks,correct,ood,64,0,0,0,0.39647200628788504
development,ks__fno__correct__s505__iid,fno,iid,ks,correct,ood,96,0,0,0,0.7874770882068691
development,ks__fno__correct__s505__none,fno,none,ks,correct,test,64,0,0,0,0.020495405503955184
development,ks__fno__correct__s505__none,fno,none,ks,correct,test,96,0,0,0,0.1072964754568044
development,ks__fno__correct__s505__none,fno,none,ks,correct,ood,64,0,0,0,0.4325798029375377
development,ks__fno__correct__s505__none,fno,none,ks,correct,ood,96,0,0,0,0.8271803209202052
development,ks__fno__correct__s505__response_matched,fno,response_matched,ks,correct,test,64,0,0,0,0.0197462712993903
development,ks__fno__correct__s505__response_matched,fno,response_matched,ks,correct,test,96,0,0,0,0.10521002980921466
development,ks__fno__correct__s505__response_matched,fno,response_matched,ks,correct,ood,64,0,0,0,0.4567435866129905
development,ks__fno__correct__s505__response_matched,fno,response_matched,ks,correct,ood,96,0,0,0,0.8686456325113479
development,ks__fno__correct__s505__smooth,fno,smooth,ks,correct,test,64,0,0,0,0.013783146334961964
development,ks__fno__correct__s505__smooth,fno,smooth,ks,correct,test,96,0,0,0,0.06556409658286806
development,ks__fno__correct__s505__smooth,fno,smooth,ks,correct,ood,64,0,0,0,0.25406995230640406
development,ks__fno__correct__s505__smooth,fno,smooth,ks,correct,ood,96,0,0,0,0.5856053775601959
development,ks__fno__correct__s606__iid,fno,iid,ks,correct,test,64,0,0,0,0.025206287490859083
development,ks__fno__correct__s606__iid,fno,iid,ks,correct,test,96,0,0,0,0.11825648871267841
development,ks__fno__correct__s606__iid,fno,iid,ks,correct,ood,64,0,0,0,0.45359254612499234
development,ks__fno__correct__s606__iid,fno,iid,ks,correct,ood,96,0,0,0,0.9039202200613549
development,ks__fno__correct__s606__none,fno,none,ks,correct,test,64,0,0,0,0.03625198528906363
development,ks__fno__correct__s606__none,fno,none,ks,correct,test,96,0,0,0,0.1333064005034862
development,ks__fno__correct__s606__none,fno,none,ks,correct,ood,64,0,0,0,0.680964459155344
development,ks__fno__correct__s606__none,fno,none,ks,correct,ood,96,0,0,0,1.1771532779090774
development,ks__fno__correct__s606__response_matched,fno,response_matched,ks,correct,test,64,0,0,0,0.013640906842487477
development,ks__fno__correct__s606__response_matched,fno,response_matched,ks,correct,test,96,0,0,0,0.08752545385715722
development,ks__fno__correct__s606__response_matched,fno,response_matched,ks,correct,ood,64,0,0,0,0.19144476996038318
development,ks__fno__correct__s606__response_matched,fno,response_matched,ks,correct,ood,96,0,0,0,0.5187663134486034
development,ks__fno__correct__s606__smooth,fno,smooth,ks,correct,test,64,0,0,0,0.020435195168676805
development,ks__fno__correct__s606__smooth,fno,smooth,ks,correct,test,96,0,0,0,0.09334937560484732
development,ks__fno__correct__s606__smooth,fno,smooth,ks,correct,ood,64,0,0,0,0.4902199542935468
development,ks__fno__correct__s606__smooth,fno,smooth,ks,correct,ood,96,0,0,0,1.0116288075378628
development,ks__looped__coefficient__s101__iid,looped,iid,ks,coefficient,test,64,0,0,0,0.42598522872141764
development,ks__looped__coefficient__s101__iid,looped,iid,ks,coefficient,test,96,0,0,0,0.7633873058515246
development,ks__looped__coefficient__s101__iid,looped,iid,ks,coefficient,ood,64,0,0,0,2.2466127744818323
development,ks__looped__coefficient__s101__iid,looped,iid,ks,coefficient,ood,96,0,0,0,2.523684360424568
development,ks__looped__coefficient__s101__none,looped,none,ks,coefficient,test,64,0,0,0,0.4470345362742254
development,ks__looped__coefficient__s101__none,looped,none,ks,coefficient,test,96,0,0,0,0.9335735906448843
development,ks__looped__coefficient__s101__none,looped,none,ks,coefficient,ood,64,0,0,0,31.919728938729463
development,ks__looped__coefficient__s101__none,looped,none,ks,coefficient,ood,96,0,0,0,109.19835193610871
development,ks__looped__coefficient__s101__response_matched,looped,response_matched,ks,coefficient,test,64,0,0,0,0.4184618928653112
development,ks__looped__coefficient__s101__response_matched,looped,response_matched,ks,coefficient,test,96,0,0,0,0.799121622105646
development,ks__looped__coefficient__s101__response_matched,looped,response_matched,ks,coefficient,ood,64,0,0,0,1.6959769697594425
development,ks__looped__coefficient__s101__response_matched,looped,response_matched,ks,coefficient,ood,96,0,0,0,1.9458482719121168
development,ks__looped__coefficient__s101__smooth,looped,smooth,ks,coefficient,test,64,0,0,0,0.4075962754034368
development,ks__looped__coefficient__s101__smooth,looped,smooth,ks,coefficient,test,96,0,0,0,0.7774945167610394
development,ks__looped__coefficient__s101__smooth,looped,smooth,ks,coefficient,ood,64,0,0,0,2.6810561115389078
development,ks__looped__coefficient__s101__smooth,looped,smooth,ks,coefficient,ood,96,0,0,0,3.056419238339572
development,ks__looped__coefficient__s202__iid,looped,iid,ks,coefficient,test,64,0,0,0,0.45941870110551974
development,ks__looped__coefficient__s202__iid,looped,iid,ks,coefficient,test,96,0,0,0,0.8809201980373871
development,ks__looped__coefficient__s202__iid,looped,iid,ks,coefficient,ood,64,0,0,0,4.951099916782255
development,ks__looped__coefficient__s202__iid,looped,iid,ks,coefficient,ood,96,0,0,0,5.761911087096374
development,ks__looped__coefficient__s202__none,looped,none,ks,coefficient,test,64,0,0,0,0.2758897219555476
development,ks__looped__coefficient__s202__none,looped,none,ks,coefficient,test,96,0,0,0,0.7048797861316489
development,ks__looped__coefficient__s202__none,looped,none,ks,coefficient,ood,64,0,0,0,17.310544186916047
development,ks__looped__coefficient__s202__none,looped,none,ks,coefficient,ood,96,0,0,0,43.99314730785436
development,ks__looped__coefficient__s202__response_matched,looped,response_matched,ks,coefficient,test,64,0,0,0,0.43696147923338957
development,ks__looped__coefficient__s202__response_matched,looped,response_matched,ks,coefficient,test,96,0,0,0,0.8751187614212013
development,ks__looped__coefficient__s202__response_matched,looped,response_matched,ks,coefficient,ood,64,0,0,0,4.645019377367589
development,ks__looped__coefficient__s202__response_matched,looped,response_matched,ks,coefficient,ood,96,0,0,0,5.5776488959215085
development,ks__looped__coefficient__s202__smooth,looped,smooth,ks,coefficient,test,64,0,0,0,0.5232657924127722
development,ks__looped__coefficient__s202__smooth,looped,smooth,ks,coefficient,test,96,0,0,0,0.9774256064818873
development,ks__looped__coefficient__s202__smooth,looped,smooth,ks,coefficient,ood,64,0,0,0,5.064154622508681
development,ks__looped__coefficient__s202__smooth,looped,smooth,ks,coefficient,ood,96,0,0,0,5.597013710774793
development,ks__looped__coefficient__s303__iid,looped,iid,ks,coefficient,test,64,0,0,0,0.3687002774693875
development,ks__looped__coefficient__s303__iid,looped,iid,ks,coefficient,test,96,0,0,0,0.7753491154931478
development,ks__looped__coefficient__s303__iid,looped,iid,ks,coefficient,ood,64,0,0,0,6.365374904234557
development,ks__looped__coefficient__s303__iid,looped,iid,ks,coefficient,ood,96,0,0,0,19.801762319979655
development,ks__looped__coefficient__s303__none,looped,none,ks,coefficient,test,64,0,0,0,0.3194061009608704
development,ks__looped__coefficient__s303__none,looped,none,ks,coefficient,test,96,0,0,0,0.7443845725666034
development,ks__looped__coefficient__s303__none,looped,none,ks,coefficient,ood,64,0,0,0,5.905203966149486
development,ks__looped__coefficient__s303__none,looped,none,ks,coefficient,ood,96,0,0,0,11.73992212820201
development,ks__looped__coefficient__s303__response_matched,looped,response_matched,ks,coefficient,test,64,0,0,0,0.3369612732116405
development,ks__looped__coefficient__s303__response_matched,looped,response_matched,ks,coefficient,test,96,0,0,0,0.7180817217706768
development,ks__looped__coefficient__s303__response_matched,looped,response_matched,ks,coefficient,ood,64,0,0,0,2.847409060461814
development,ks__looped__coefficient__s303__response_matched,looped,response_matched,ks,coefficient,ood,96,0,0,0,7.110483904080866
development,ks__looped__coefficient__s303__smooth,looped,smooth,ks,coefficient,test,64,0,0,0,0.372869506591623
development,ks__looped__coefficient__s303__smooth,looped,smooth,ks,coefficient,test,96,0,0,0,0.7777488009800371
development,ks__looped__coefficient__s303__smooth,looped,smooth,ks,coefficient,ood,64,0,0,0,10.883901085115838
development,ks__looped__coefficient__s303__smooth,looped,smooth,ks,coefficient,ood,96,0,0,0,33.82209140349046
development,ks__looped__coefficient__s404__iid,looped,iid,ks,coefficient,test,64,0,0,0,0.4233341314579411
development,ks__looped__coefficient__s404__iid,looped,iid,ks,coefficient,test,96,0,0,0,0.8123464073180973
development,ks__looped__coefficient__s404__iid,looped,iid,ks,coefficient,ood,64,0,0,0,14.206350096976621
development,ks__looped__coefficient__s404__iid,looped,iid,ks,coefficient,ood,96,0,0,0,17.580816544288304
development,ks__looped__coefficient__s404__none,looped,none,ks,coefficient,test,64,0,0,0,1.8357335317330339
development,ks__looped__coefficient__s404__none,looped,none,ks,coefficient,test,96,0,0,0,4.341084297255762
development,ks__looped__coefficient__s404__none,looped,none,ks,coefficient,ood,64,0,0,0,5.635586687802061
development,ks__looped__coefficient__s404__none,looped,none,ks,coefficient,ood,96,0,0,0,6.151503784253388
development,ks__looped__coefficient__s404__response_matched,looped,response_matched,ks,coefficient,test,64,0,0,0,0.41834605360435617
development,ks__looped__coefficient__s404__response_matched,looped,response_matched,ks,coefficient,test,96,0,0,0,0.8316847510966856
development,ks__looped__coefficient__s404__response_matched,looped,response_matched,ks,coefficient,ood,64,0,0,0,15.802291059850859
development,ks__looped__coefficient__s404__response_matched,looped,response_matched,ks,coefficient,ood,96,0,0,0,20.108002028728
development,ks__looped__coefficient__s404__smooth,looped,smooth,ks,coefficient,test,64,0,0,0,0.4557476989425675
development,ks__looped__coefficient__s404__smooth,looped,smooth,ks,coefficient,test,96,0,0,0,0.9076466088345168
development,ks__looped__coefficient__s404__smooth,looped,smooth,ks,coefficient,ood,64,0,0,0,12.974555934096088
development,ks__looped__coefficient__s404__smooth,looped,smooth,ks,coefficient,ood,96,0,0,0,16.0378178597219
development,ks__looped__coefficient__s505__iid,looped,iid,ks,coefficient,test,64,0,0,0,0.5782076026796754
development,ks__looped__coefficient__s505__iid,looped,iid,ks,coefficient,test,96,0,0,0,1.045323668250778
development,ks__looped__coefficient__s505__iid,looped,iid,ks,coefficient,ood,64,0,0,0,3.8253277017014398
development,ks__looped__coefficient__s505__iid,looped,iid,ks,coefficient,ood,96,0,0,0,5.644589879672746
development,ks__looped__coefficient__s505__none,looped,none,ks,coefficient,test,64,0,0,0,0.4893520832909628
development,ks__looped__coefficient__s505__none,looped,none,ks,coefficient,test,96,0,0,0,0.9314720454075378
development,ks__looped__coefficient__s505__none,looped,none,ks,coefficient,ood,64,0,0,0,4.951213079155082
development,ks__looped__coefficient__s505__none,looped,none,ks,coefficient,ood,96,0,0,0,11.395270224873835
development,ks__looped__coefficient__s505__response_matched,looped,response_matched,ks,coefficient,test,64,0,0,0,0.4777930148052514
development,ks__looped__coefficient__s505__response_matched,looped,response_matched,ks,coefficient,test,96,0,0,0,0.9801710304797624
development,ks__looped__coefficient__s505__response_matched,looped,response_matched,ks,coefficient,ood,64,0,0,0,2.2624525999092384
development,ks__looped__coefficient__s505__response_matched,looped,response_matched,ks,coefficient,ood,96,0,0,0,2.699076954893978
development,ks__looped__coefficient__s505__smooth,looped,smooth,ks,coefficient,test,64,0,0,0,0.4601651429141804
development,ks__looped__coefficient__s505__smooth,looped,smooth,ks,coefficient,test,96,0,0,0,0.8657386061309482
development,ks__looped__coefficient__s505__smooth,looped,smooth,ks,coefficient,ood,64,0,0,0,4.632354860633882
development,ks__looped__coefficient__s505__smooth,looped,smooth,ks,coefficient,ood,96,0,0,0,6.622311069108415
development,ks__looped__coefficient__s606__iid,looped,iid,ks,coefficient,test,64,0,0,0,0.4542983586703797
development,ks__looped__coefficient__s606__iid,looped,iid,ks,coefficient,test,96,0,0,0,0.8788903956851053
development,ks__looped__coefficient__s606__iid,looped,iid,ks,coefficient,ood,64,0,0,0,5.170504817699225
development,ks__looped__coefficient__s606__iid,looped,iid,ks,coefficient,ood,96,0,0,0,7.527145716296293
development,ks__looped__coefficient__s606__none,looped,none,ks,coefficient,test,64,0,0,0,0.4831278070920959
development,ks__looped__coefficient__s606__none,looped,none,ks,coefficient,test,96,0,0,0,0.9985847015266576
development,ks__looped__coefficient__s606__none,looped,none,ks,coefficient,ood,64,0,0,0,6.751797473684633
development,ks__looped__coefficient__s606__none,looped,none,ks,coefficient,ood,96,0,0,0,12.522287994885648
development,ks__looped__coefficient__s606__response_matched,looped,response_matched,ks,coefficient,test,64,0,0,0,0.5042500539554293
development,ks__looped__coefficient__s606__response_matched,looped,response_matched,ks,coefficient,test,96,0,0,0,0.9397617721495225
development,ks__looped__coefficient__s606__response_matched,looped,response_matched,ks,coefficient,ood,64,0,0,0,5.747672303884997
development,ks__looped__coefficient__s606__response_matched,looped,response_matched,ks,coefficient,ood,96,0,0,0,8.61063043046526
development,ks__looped__coefficient__s606__smooth,looped,smooth,ks,coefficient,test,64,0,0,0,0.4470598212257926
development,ks__looped__coefficient__s606__smooth,looped,smooth,ks,coefficient,test,96,0,0,0,0.8440385825201513
development,ks__looped__coefficient__s606__smooth,looped,smooth,ks,coefficient,ood,64,0,0,0,5.785012594615637
development,ks__looped__coefficient__s606__smooth,looped,smooth,ks,coefficient,ood,96,0,0,0,8.524861763475505
development,ks__looped__correct__s101__iid,looped,iid,ks,correct,test,64,0,0,0,0.3784785184643251
development,ks__looped__correct__s101__iid,looped,iid,ks,correct,test,96,0,0,0,0.8191495943968274
development,ks__looped__correct__s101__iid,looped,iid,ks,correct,ood,64,0,0,0,43.65025769747797
development,ks__looped__correct__s101__iid,looped,iid,ks,correct,ood,96,0,0,0,147.67419661707868
development,ks__looped__correct__s101__none,looped,none,ks,correct,test,64,0,0,0,0.44703609663028043
development,ks__looped__correct__s101__none,looped,none,ks,correct,test,96,0,0,0,0.9335774663477963
development,ks__looped__correct__s101__none,looped,none,ks,correct,ood,64,0,0,0,31.91957577261644
development,ks__looped__correct__s101__none,looped,none,ks,correct,ood,96,0,0,0,109.1981145322139
development,ks__looped__correct__s101__response_matched,looped,response_matched,ks,correct,test,64,0,0,0,0.3588364794980432
development,ks__looped__correct__s101__response_matched,looped,response_matched,ks,correct,test,96,0,0,0,0.8368581345623187
development,ks__looped__correct__s101__response_matched,looped,response_matched,ks,correct,ood,64,0,0,0,43.41628835666586
development,ks__looped__correct__s101__response_matched,looped,response_matched,ks,correct,ood,96,0,0,0,147.26913849393765
development,ks__looped__correct__s101__smooth,looped,smooth,ks,correct,test,64,0,0,0,0.4023713251683354
development,ks__looped__correct__s101__smooth,looped,smooth,ks,correct,test,96,0,0,0,0.8995392680112506
development,ks__looped__correct__s101__smooth,looped,smooth,ks,correct,ood,64,0,0,0,54.350237716381
development,ks__looped__correct__s101__smooth,looped,smooth,ks,correct,ood,96,0,0,0,165.5164584019504
development,ks__looped__correct__s202__iid,looped,iid,ks,correct,test,64,0,0,0,0.32618672593771714
development,ks__looped__correct__s202__iid,looped,iid,ks,correct,test,96,0,0,0,0.7536116849427972
development,ks__looped__correct__s202__iid,looped,iid,ks,correct,ood,64,0,0,0,6.8471214905971465
development,ks__looped__correct__s202__iid,looped,iid,ks,correct,ood,96,0,0,0,15.109059037773175
development,ks__looped__correct__s202__none,looped,none,ks,correct,test,64,0,0,0,0.2758902044646787
development,ks__looped__correct__s202__none,looped,none,ks,correct,test,96,0,0,0,0.7048830512560698
development,ks__looped__correct__s202__none,looped,none,ks,correct,ood,64,0,0,0,17.31054384293742
development,ks__looped__correct__s202__none,looped,none,ks,correct,ood,96,0,0,0,43.993117999346055
development,ks__looped__correct__s202__response_matched,looped,response_matched,ks,correct,test,64,0,0,0,0.3255518129531425
development,ks__looped__correct__s202__response_matched,looped,response_matched,ks,correct,test,96,0,0,0,0.7839458801351535
development,ks__looped__correct__s202__response_matched,looped,response_matched,ks,correct,ood,64,0,0,0,4.458786635730348
development,ks__looped__correct__s202__response_matched,looped,response_matched,ks,correct,ood,96,0,0,0,6.445176443985929
development,ks__looped__correct__s202__smooth,looped,smooth,ks,correct,test,64,0,0,0,0.38202110455609617
development,ks__looped__correct__s202__smooth,looped,smooth,ks,correct,test,96,0,0,0,0.8862557520122566
development,ks__looped__correct__s202__smooth,looped,smooth,ks,correct,ood,64,0,0,0,11.222106763774832
development,ks__looped__correct__s202__smooth,looped,smooth,ks,correct,ood,96,0,0,0,26.04692972752317
development,ks__looped__correct__s303__iid,looped,iid,ks,correct,test,64,0,0,0,0.2435201139900378
development,ks__looped__correct__s303__iid,looped,iid,ks,correct,test,96,0,0,0,0.6538447028575219
development,ks__looped__correct__s303__iid,looped,iid,ks,correct,ood,64,0,0,0,3.7883719008556227
development,ks__looped__correct__s303__iid,looped,iid,ks,correct,ood,96,0,0,0,5.653659094359455
development,ks__looped__correct__s303__none,looped,none,ks,correct,test,64,0,0,0,0.31940570948262526
development,ks__looped__correct__s303__none,looped,none,ks,correct,test,96,0,0,0,0.7443829762809943
development,ks__looped__correct__s303__none,looped,none,ks,correct,ood,64,0,0,0,5.905221079431328
development,ks__looped__correct__s303__none,looped,none,ks,correct,ood,96,0,0,0,11.739981253601513
development,ks__looped__correct__s303__response_matched,looped,response_matched,ks,correct,test,64,0,0,0,0.2985928020361457
development,ks__looped__correct__s303__response_matched,looped,response_matched,ks,correct,test,96,0,0,0,0.7211325439087034
development,ks__looped__correct__s303__response_matched,looped,response_matched,ks,correct,ood,64,0,0,0,2.5215182497436217
development,ks__looped__correct__s303__response_matched,looped,response_matched,ks,correct,ood,96,0,0,0,4.506810417055931
development,ks__looped__correct__s303__smooth,looped,smooth,ks,correct,test,64,0,0,0,0.2679070006233426
development,ks__looped__correct__s303__smooth,looped,smooth,ks,correct,test,96,0,0,0,0.6821925853803849
development,ks__looped__correct__s303__smooth,looped,smooth,ks,correct,ood,64,0,0,0,6.629819231212537
development,ks__looped__correct__s303__smooth,looped,smooth,ks,correct,ood,96,0,0,0,12.60474758415944
development,ks__looped__correct__s404__iid,looped,iid,ks,correct,test,64,0,0,0,0.6495891533411147
development,ks__looped__correct__s404__iid,looped,iid,ks,correct,test,96,0,0,0,1.4595900899025598
development,ks__looped__correct__s404__iid,looped,iid,ks,correct,ood,64,0,0,0,4.927811350477782
development,ks__looped__correct__s404__iid,looped,iid,ks,correct,ood,96,0,0,0,5.616905294849175
development,ks__looped__correct__s404__none,looped,none,ks,correct,test,64,0,0,0,1.8357373354210358
development,ks__looped__correct__s404__none,looped,none,ks,correct,test,96,0,0,0,4.341084218670075
development,ks__looped__correct__s404__none,looped,none,ks,correct,ood,64,0,0,0,5.6355926100332
development,ks__looped__correct__s404__none,looped,none,ks,correct,ood,96,0,0,0,6.151512448004117
development,ks__looped__correct__s404__response_matched,looped,response_matched,ks,correct,test,64,0,0,0,0.5298902807410908
development,ks__looped__correct__s404__response_matched,looped,response_matched,ks,correct,test,96,0,0,0,0.9726602431051521
development,ks__looped__correct__s404__response_matched,looped,response_matched,ks,correct,ood,64,0,0,0,5.150999920217828
development,ks__looped__correct__s404__response_matched,looped,response_matched,ks,correct,ood,96,0,0,0,5.565681757488315
development,ks__looped__correct__s404__smooth,looped,smooth,ks,correct,test,64,0,0,0,0.8057747927622119
development,ks__looped__correct__s404__smooth,looped,smooth,ks,correct,test,96,0,0,0,1.9267490568641423
development,ks__looped__correct__s404__smooth,looped,smooth,ks,correct,ood,64,0,0,0,4.73920500250324
development,ks__looped__correct__s404__smooth,looped,smooth,ks,correct,ood,96,0,0,0,5.20421877581642
development,ks__looped__correct__s505__iid,looped,iid,ks,correct,test,64,0,0,0,0.5244968467027116
development,ks__looped__correct__s505__iid,looped,iid,ks,correct,test,96,0,0,0,1.0215422142036779
development,ks__looped__correct__s505__iid,looped,iid,ks,correct,ood,64,0,0,0,22.66742321746085
development,ks__looped__correct__s505__iid,looped,iid,ks,correct,ood,96,0,0,0,60.49205933753176
development,ks__looped__correct__s505__none,looped,none,ks,correct,test,64,0,0,0,0.4893534530367605
development,ks__looped__correct__s505__none,looped,none,ks,correct,test,96,0,0,0,0.931472481701503
development,ks__looped__correct__s505__none,looped,none,ks,correct,ood,64,0,0,0,4.951203706734418
development,ks__looped__correct__s505__none,looped,none,ks,correct,ood,96,0,0,0,11.395222879152016
development,ks__looped__correct__s505__response_matched,looped,response_matched,ks,correct,test,64,0,0,0,0.5620479750447847
development,ks__looped__correct__s505__response_matched,looped,response_matched,ks,correct,test,96,0,0,0,1.0527655357459151
development,ks__looped__correct__s505__response_matched,looped,response_matched,ks,correct,ood,64,0,0,0,4.589556416987534
development,ks__looped__correct__s505__response_matched,looped,response_matched,ks,correct,ood,96,0,0,0,10.326116917749308
development,ks__looped__correct__s505__smooth,looped,smooth,ks,correct,test,64,0,0,0,0.40449729356636865
development,ks__looped__correct__s505__smooth,looped,smooth,ks,correct,test,96,0,0,0,0.8323575694273704
development,ks__looped__correct__s505__smooth,looped,smooth,ks,correct,ood,64,0,0,0,7.096901602070375
development,ks__looped__correct__s505__smooth,looped,smooth,ks,correct,ood,96,0,0,0,11.243619589495513
development,ks__looped__correct__s606__iid,looped,iid,ks,correct,test,64,0,0,0,0.3321556947265938
development,ks__looped__correct__s606__iid,looped,iid,ks,correct,test,96,0,0,0,0.7269349517439607
development,ks__looped__correct__s606__iid,looped,iid,ks,correct,ood,64,0,0,0,4.259453080879666
development,ks__looped__correct__s606__iid,looped,iid,ks,correct,ood,96,0,0,0,7.110129659331808
development,ks__looped__correct__s606__none,looped,none,ks,correct,test,64,0,0,0,0.4831314552441053
development,ks__looped__correct__s606__none,looped,none,ks,correct,test,96,0,0,0,0.9985884055066186
development,ks__looped__correct__s606__none,looped,none,ks,correct,ood,64,0,0,0,6.751764964891322
development,ks__looped__correct__s606__none,looped,none,ks,correct,ood,96,0,0,0,12.522279049034978
development,ks__looped__correct__s606__response_matched,looped,response_matched,ks,correct,test,64,0,0,0,0.3579066684910721
development,ks__looped__correct__s606__response_matched,looped,response_matched,ks,correct,test,96,0,0,0,0.7773290029560205
development,ks__looped__correct__s606__response_matched,looped,response_matched,ks,correct,ood,64,0,0,0,3.0689868017611843
development,ks__looped__correct__s606__response_matched,looped,response_matched,ks,correct,ood,96,0,0,0,3.926486688731226
development,ks__looped__correct__s606__smooth,looped,smooth,ks,correct,test,64,0,0,0,0.3313427967161964
development,ks__looped__correct__s606__smooth,looped,smooth,ks,correct,test,96,0,0,0,0.731185566507385
development,ks__looped__correct__s606__smooth,looped,smooth,ks,correct,ood,64,0,0,0,6.694353153190718
development,ks__looped__correct__s606__smooth,looped,smooth,ks,correct,ood,96,0,0,0,12.589746125714328
development,ks__transformer__coefficient__s101__iid,transformer,iid,ks,coefficient,test,64,0,0,0,0.2508460755512507
development,ks__transformer__coefficient__s101__iid,transformer,iid,ks,coefficient,test,96,0,0,0,0.6282828583404972
development,ks__transformer__coefficient__s101__iid,transformer,iid,ks,coefficient,ood,64,0,0,0,3.108729126680032
development,ks__transformer__coefficient__s101__iid,transformer,iid,ks,coefficient,ood,96,0,0,0,3.891595218829404
development,ks__transformer__coefficient__s101__none,transformer,none,ks,coefficient,test,64,0,0,0,1.2185999943778896
development,ks__transformer__coefficient__s101__none,transformer,none,ks,coefficient,test,96,0,0,0,2.406487364551296
development,ks__transformer__coefficient__s101__none,transformer,none,ks,coefficient,ood,64,0,0,0,15.68890758747196
development,ks__transformer__coefficient__s101__none,transformer,none,ks,coefficient,ood,96,0,0,0,61.743659071183195
development,ks__transformer__coefficient__s101__response_matched,transformer,response_matched,ks,coefficient,test,64,0,0,0,0.2698934693454387
development,ks__transformer__coefficient__s101__response_matched,transformer,response_matched,ks,coefficient,test,96,0,0,0,0.636408347601364
development,ks__transformer__coefficient__s101__response_matched,transformer,response_matched,ks,coefficient,ood,64,0,0,0,1.8588369344280409
development,ks__transformer__coefficient__s101__response_matched,transformer,response_matched,ks,coefficient,ood,96,0,0,0,2.1841209503612995
development,ks__transformer__coefficient__s101__smooth,transformer,smooth,ks,coefficient,test,64,0,0,0,0.25471003384609325
development,ks__transformer__coefficient__s101__smooth,transformer,smooth,ks,coefficient,test,96,0,0,0,0.6209575804611317
development,ks__transformer__coefficient__s101__smooth,transformer,smooth,ks,coefficient,ood,64,0,0,0,3.9652282600297326
development,ks__transformer__coefficient__s101__smooth,transformer,smooth,ks,coefficient,ood,96,0,0,0,8.04752090348283
development,ks__transformer__coefficient__s202__iid,transformer,iid,ks,coefficient,test,64,0,0,0,0.29842680233864094
development,ks__transformer__coefficient__s202__iid,transformer,iid,ks,coefficient,test,96,0,0,0,0.7191968871213525
development,ks__transformer__coefficient__s202__iid,transformer,iid,ks,coefficient,ood,64,0,0,0,2.15475935574824
development,ks__transformer__coefficient__s202__iid,transformer,iid,ks,coefficient,ood,96,0,0,0,2.9311359420440035
development,ks__transformer__coefficient__s202__none,transformer,none,ks,coefficient,test,64,0,0,0,0.6534173915486448
development,ks__transformer__coefficient__s202__none,transformer,none,ks,coefficient,test,96,0,0,0,1.6496372586448453
development,ks__transformer__coefficient__s202__none,transformer,none,ks,coefficient,ood,64,0,0,0,9.904784498253662
development,ks__transformer__coefficient__s202__none,transformer,none,ks,coefficient,ood,96,0,0,0,21.921857921938603
development,ks__transformer__coefficient__s202__response_matched,transformer,response_matched,ks,coefficient,test,64,0,0,0,0.31493995533841623
development,ks__transformer__coefficient__s202__response_matched,transformer,response_matched,ks,coefficient,test,96,0,0,0,0.7158296568309759
development,ks__transformer__coefficient__s202__response_matched,transformer,response_matched,ks,coefficient,ood,64,0,0,0,1.4249525814719846
development,ks__transformer__coefficient__s202__response_matched,transformer,response_matched,ks,coefficient,ood,96,0,0,0,1.6510151932439687
development,ks__transformer__coefficient__s202__smooth,transformer,smooth,ks,coefficient,test,64,0,0,0,0.3263703535200966
development,ks__transformer__coefficient__s202__smooth,transformer,smooth,ks,coefficient,test,96,0,0,0,0.7215696102422406
development,ks__transformer__coefficient__s202__smooth,transformer,smooth,ks,coefficient,ood,64,0,0,0,2.8888002555483467
development,ks__transformer__coefficient__s202__smooth,transformer,smooth,ks,coefficient,ood,96,0,0,0,4.230242026776788
development,ks__transformer__coefficient__s303__iid,transformer,iid,ks,coefficient,test,64,0,0,0,0.2933933674242044
development,ks__transformer__coefficient__s303__iid,transformer,iid,ks,coefficient,test,96,0,0,0,0.6589067319820783
development,ks__transformer__coefficient__s303__iid,transformer,iid,ks,coefficient,ood,64,0,0,0,3.927223411162231
development,ks__transformer__coefficient__s303__iid,transformer,iid,ks,coefficient,ood,96,0,0,0,5.031799822584313
development,ks__transformer__coefficient__s303__none,transformer,none,ks,coefficient,test,64,0,0,0,0.8504535032886165
development,ks__transformer__coefficient__s303__none,transformer,none,ks,coefficient,test,96,0,0,0,1.7679021631415215
development,ks__transformer__coefficient__s303__none,transformer,none,ks,coefficient,ood,64,0,0,0,3.22653319197633
development,ks__transformer__coefficient__s303__none,transformer,none,ks,coefficient,ood,96,0,0,0,3.8347445808656557
development,ks__transformer__coefficient__s303__response_matched,transformer,response_matched,ks,coefficient,test,64,0,0,0,0.3417625384973646
development,ks__transformer__coefficient__s303__response_matched,transformer,response_matched,ks,coefficient,test,96,0,0,0,0.714335475619067
development,ks__transformer__coefficient__s303__response_matched,transformer,response_matched,ks,coefficient,ood,64,0,0,0,2.712730601793055
development,ks__transformer__coefficient__s303__response_matched,transformer,response_matched,ks,coefficient,ood,96,0,0,0,3.3958027306648546
development,ks__transformer__coefficient__s303__smooth,transformer,smooth,ks,coefficient,test,64,0,0,0,0.36755815831810157
development,ks__transformer__coefficient__s303__smooth,transformer,smooth,ks,coefficient,test,96,0,0,0,0.8093293242810642
development,ks__transformer__coefficient__s303__smooth,transformer,smooth,ks,coefficient,ood,64,0,0,0,4.405496959662969
development,ks__transformer__coefficient__s303__smooth,transformer,smooth,ks,coefficient,ood,96,0,0,0,5.653410919845706
development,ks__transformer__coefficient__s404__iid,transformer,iid,ks,coefficient,test,64,0,0,0,0.38257281056250436
development,ks__transformer__coefficient__s404__iid,transformer,iid,ks,coefficient,test,96,0,0,0,0.7471626880193183
development,ks__transformer__coefficient__s404__iid,transformer,iid,ks,coefficient,ood,64,0,0,0,5.407382787813276
development,ks__transformer__coefficient__s404__iid,transformer,iid,ks,coefficient,ood,96,0,0,0,8.79545686985542
development,ks__transformer__coefficient__s404__none,transformer,none,ks,coefficient,test,64,0,0,0,1.9030359796151588
development,ks__transformer__coefficient__s404__none,transformer,none,ks,coefficient,test,96,0,0,0,2.829863288216049
development,ks__transformer__coefficient__s404__none,transformer,none,ks,coefficient,ood,64,0,0,0,8.075428257778071
development,ks__transformer__coefficient__s404__none,transformer,none,ks,coefficient,ood,96,0,0,0,12.72836137746943
development,ks__transformer__coefficient__s404__response_matched,transformer,response_matched,ks,coefficient,test,64,0,0,0,0.36376780739478853
development,ks__transformer__coefficient__s404__response_matched,transformer,response_matched,ks,coefficient,test,96,0,0,0,0.790265008824857
development,ks__transformer__coefficient__s404__response_matched,transformer,response_matched,ks,coefficient,ood,64,0,0,0,3.246129588189092
development,ks__transformer__coefficient__s404__response_matched,transformer,response_matched,ks,coefficient,ood,96,0,0,0,5.195995501723777
development,ks__transformer__coefficient__s404__smooth,transformer,smooth,ks,coefficient,test,64,0,0,0,0.3632254136144324
development,ks__transformer__coefficient__s404__smooth,transformer,smooth,ks,coefficient,test,96,0,0,0,0.7057993565169547
development,ks__transformer__coefficient__s404__smooth,transformer,smooth,ks,coefficient,ood,64,0,0,0,4.8095486365774605
development,ks__transformer__coefficient__s404__smooth,transformer,smooth,ks,coefficient,ood,96,0,0,0,7.485951033672563
development,ks__transformer__coefficient__s505__iid,transformer,iid,ks,coefficient,test,64,0,0,0,0.2777248308832667
development,ks__transformer__coefficient__s505__iid,transformer,iid,ks,coefficient,test,96,0,0,0,0.7277014632686738
development,ks__transformer__coefficient__s505__iid,transformer,iid,ks,coefficient,ood,64,0,0,0,9.76481745573642
development,ks__transformer__coefficient__s505__iid,transformer,iid,ks,coefficient,ood,96,0,0,0,19.048053920237635
development,ks__transformer__coefficient__s505__none,transformer,none,ks,coefficient,test,64,0,0,0,0.44645905623866167
development,ks__transformer__coefficient__s505__none,transformer,none,ks,coefficient,test,96,0,0,0,0.87859310984538
development,ks__transformer__coefficient__s505__none,transformer,none,ks,coefficient,ood,64,0,0,0,5.206861890960681
development,ks__transformer__coefficient__s505__none,transformer,none,ks,coefficient,ood,96,0,0,0,6.349386397278067
development,ks__transformer__coefficient__s505__response_matched,transformer,response_matched,ks,coefficient,test,64,0,0,0,0.33493595793229414
development,ks__transformer__coefficient__s505__response_matched,transformer,response_matched,ks,coefficient,test,96,0,0,0,0.7228460538019442
development,ks__transformer__coefficient__s505__response_matched,transformer,response_matched,ks,coefficient,ood,64,0,0,0,6.356483299495267
development,ks__transformer__coefficient__s505__response_matched,transformer,response_matched,ks,coefficient,ood,96,0,0,0,12.423160453234232
development,ks__transformer__coefficient__s505__smooth,transformer,smooth,ks,coefficient,test,64,0,0,0,0.30065253575484174
development,ks__transformer__coefficient__s505__smooth,transformer,smooth,ks,coefficient,test,96,0,0,0,0.7166829391018765
development,ks__transformer__coefficient__s505__smooth,transformer,smooth,ks,coefficient,ood,64,0,0,0,9.893911543600098
development,ks__transformer__coefficient__s505__smooth,transformer,smooth,ks,coefficient,ood,96,0,0,0,20.162250916672143
development,ks__transformer__coefficient__s606__iid,transformer,iid,ks,coefficient,test,64,0,0,0,0.3864169226253349
development,ks__transformer__coefficient__s606__iid,transformer,iid,ks,coefficient,test,96,0,0,0,0.7720310079930488
development,ks__transformer__coefficient__s606__iid,transformer,iid,ks,coefficient,ood,64,0,0,0,2.8460936245984954
development,ks__transformer__coefficient__s606__iid,transformer,iid,ks,coefficient,ood,96,0,0,0,6.098533953676565
development,ks__transformer__coefficient__s606__none,transformer,none,ks,coefficient,test,64,0,0,0,0.5813096215118398
development,ks__transformer__coefficient__s606__none,transformer,none,ks,coefficient,test,96,0,0,0,1.2730799737463614
development,ks__transformer__coefficient__s606__none,transformer,none,ks,coefficient,ood,64,0,0,0,5.0231124159462865
development,ks__transformer__coefficient__s606__none,transformer,none,ks,coefficient,ood,96,0,0,0,6.488168543766696
development,ks__transformer__coefficient__s606__response_matched,transformer,response_matched,ks,coefficient,test,64,0,0,0,0.36355758741110034
development,ks__transformer__coefficient__s606__response_matched,transformer,response_matched,ks,coefficient,test,96,0,0,0,0.7843465940390733
development,ks__transformer__coefficient__s606__response_matched,transformer,response_matched,ks,coefficient,ood,64,0,0,0,1.5287167725816744
development,ks__transformer__coefficient__s606__response_matched,transformer,response_matched,ks,coefficient,ood,96,0,0,0,2.359045935119108
development,ks__transformer__coefficient__s606__smooth,transformer,smooth,ks,coefficient,test,64,0,0,0,0.3578664560206297
development,ks__transformer__coefficient__s606__smooth,transformer,smooth,ks,coefficient,test,96,0,0,0,0.7495787590825002
development,ks__transformer__coefficient__s606__smooth,transformer,smooth,ks,coefficient,ood,64,0,0,0,7.1731224022611855
development,ks__transformer__coefficient__s606__smooth,transformer,smooth,ks,coefficient,ood,96,0,0,0,16.92047293529485
development,ks__transformer__correct__s101__iid,transformer,iid,ks,correct,test,64,0,0,0,0.45080904223131024
development,ks__transformer__correct__s101__iid,transformer,iid,ks,correct,test,96,0,0,0,1.0622129694019575
development,ks__transformer__correct__s101__iid,transformer,iid,ks,correct,ood,64,0,0,0,49.30170024098345
development,ks__transformer__correct__s101__iid,transformer,iid,ks,correct,ood,96,0,0,0,132.397883384833
development,ks__transformer__correct__s101__none,transformer,none,ks,correct,test,64,0,0,0,1.2185945395573672
development,ks__transformer__correct__s101__none,transformer,none,ks,correct,test,96,0,0,0,2.406481627653597
development,ks__transformer__correct__s101__none,transformer,none,ks,correct,ood,64,0,0,0,15.689244798803827
development,ks__transformer__correct__s101__none,transformer,none,ks,correct,ood,96,0,0,0,61.745002923890404
development,ks__transformer__correct__s101__response_matched,transformer,response_matched,ks,correct,test,64,0,0,0,0.3949888267433046
development,ks__transformer__correct__s101__response_matched,transformer,response_matched,ks,correct,test,96,0,0,0,0.8658407460545661
development,ks__transformer__correct__s101__response_matched,transformer,response_matched,ks,correct,ood,64,0,0,0,37.17307576123687
development,ks__transformer__correct__s101__response_matched,transformer,response_matched,ks,correct,ood,96,0,0,0,96.04377972617787
development,ks__transformer__correct__s101__smooth,transformer,smooth,ks,correct,test,64,0,0,0,1.3016361758848545
development,ks__transformer__correct__s101__smooth,transformer,smooth,ks,correct,test,96,0,0,0,3.113412951899763
development,ks__transformer__correct__s101__smooth,transformer,smooth,ks,correct,ood,64,0,0,0,53.74325591312049
development,ks__transformer__correct__s101__smooth,transformer,smooth,ks,correct,ood,96,0,0,0,154.2671230645557
development,ks__transformer__correct__s202__iid,transformer,iid,ks,correct,test,64,0,0,0,0.35279774917409856
development,ks__transformer__correct__s202__iid,transformer,iid,ks,correct,test,96,0,0,0,0.8166704531323207
development,ks__transformer__correct__s202__iid,transformer,iid,ks,correct,ood,64,0,0,0,5.445720561724045
development,ks__transformer__correct__s202__iid,transformer,iid,ks,correct,ood,96,0,0,0,11.08054887713081
development,ks__transformer__correct__s202__none,transformer,none,ks,correct,test,64,0,0,0,0.6534188865962425
development,ks__transformer__correct__s202__none,transformer,none,ks,correct,test,96,0,0,0,1.6496395383031486
development,ks__transformer__correct__s202__none,transformer,none,ks,correct,ood,64,0,0,0,9.904740039694502
development,ks__transformer__correct__s202__none,transformer,none,ks,correct,ood,96,0,0,0,21.921755305626373
development,ks__transformer__correct__s202__response_matched,transformer,response_matched,ks,correct,test,64,0,0,0,0.37385788868392433
development,ks__transformer__correct__s202__response_matched,transformer,response_matched,ks,correct,test,96,0,0,0,0.80756242250558
development,ks__transformer__correct__s202__response_matched,transformer,response_matched,ks,correct,ood,64,0,0,0,6.68000042577637
development,ks__transformer__correct__s202__response_matched,transformer,response_matched,ks,correct,ood,96,0,0,0,11.725405739228488
development,ks__transformer__correct__s202__smooth,transformer,smooth,ks,correct,test,64,0,0,0,0.5386350892065255
development,ks__transformer__correct__s202__smooth,transformer,smooth,ks,correct,test,96,0,0,0,1.282838965275452
development,ks__transformer__correct__s202__smooth,transformer,smooth,ks,correct,ood,64,0,0,0,8.082990510939055
development,ks__transformer__correct__s202__smooth,transformer,smooth,ks,correct,ood,96,0,0,0,14.40207698915799
development,ks__transformer__correct__s303__iid,transformer,iid,ks,correct,test,64,0,0,0,0.2921497881657331
development,ks__transformer__correct__s303__iid,transformer,iid,ks,correct,test,96,0,0,0,0.6741451742882532
development,ks__transformer__correct__s303__iid,transformer,iid,ks,correct,ood,64,0,0,0,1.3743275476517738
development,ks__transformer__correct__s303__iid,transformer,iid,ks,correct,ood,96,0,0,0,1.5948236082476797
development,ks__transformer__correct__s303__none,transformer,none,ks,correct,test,64,0,0,0,0.8504482112388647
development,ks__transformer__correct__s303__none,transformer,none,ks,correct,test,96,0,0,0,1.7678957784121738
development,ks__transformer__correct__s303__none,transformer,none,ks,correct,ood,64,0,0,0,3.226524055828804
development,ks__transformer__correct__s303__none,transformer,none,ks,correct,ood,96,0,0,0,3.834728827978173
development,ks__transformer__correct__s303__response_matched,transformer,response_matched,ks,correct,test,64,0,0,0,0.4656870514270368
development,ks__transformer__correct__s303__response_matched,transformer,response_matched,ks,correct,test,96,0,0,0,0.9942848322078419
development,ks__transformer__correct__s303__response_matched,transformer,response_matched,ks,correct,ood,64,0,0,0,1.7859771732059926
development,ks__transformer__correct__s303__response_matched,transformer,response_matched,ks,correct,ood,96,0,0,0,2.0210892961395075
development,ks__transformer__correct__s303__smooth,transformer,smooth,ks,correct,test,64,0,0,0,0.4832863776091001
development,ks__transformer__correct__s303__smooth,transformer,smooth,ks,correct,test,96,0,0,0,1.1837861880309286
development,ks__transformer__correct__s303__smooth,transformer,smooth,ks,correct,ood,64,0,0,0,1.7145732133752745
development,ks__transformer__correct__s303__smooth,transformer,smooth,ks,correct,ood,96,0,0,0,2.0560081874108773
development,ks__transformer__correct__s404__iid,transformer,iid,ks,correct,test,64,0,0,0,1.2404808847828281
development,ks__transformer__correct__s404__iid,transformer,iid,ks,correct,test,96,0,0,0,2.230692228906616
development,ks__transformer__correct__s404__iid,transformer,iid,ks,correct,ood,64,0,0,0,4.811417956955381
development,ks__transformer__correct__s404__iid,transformer,iid,ks,correct,ood,96,0,0,0,6.827256069132204
development,ks__transformer__correct__s404__none,transformer,none,ks,correct,test,64,0,0,0,1.9030440515097
development,ks__transformer__correct__s404__none,transformer,none,ks,correct,test,96,0,0,0,2.829893100010464
development,ks__transformer__correct__s404__none,transformer,none,ks,correct,ood,64,0,0,0,8.075463997436941
development,ks__transformer__correct__s404__none,transformer,none,ks,correct,ood,96,0,0,0,12.728409515774047
development,ks__transformer__correct__s404__response_matched,transformer,response_matched,ks,correct,test,64,0,0,0,0.5694602818911703
development,ks__transformer__correct__s404__response_matched,transformer,response_matched,ks,correct,test,96,0,0,0,1.048651537706331
development,ks__transformer__correct__s404__response_matched,transformer,response_matched,ks,correct,ood,64,0,0,0,2.242523407910028
development,ks__transformer__correct__s404__response_matched,transformer,response_matched,ks,correct,ood,96,0,0,0,2.544580245737923
development,ks__transformer__correct__s404__smooth,transformer,smooth,ks,correct,test,64,0,0,0,1.6477769762787822
development,ks__transformer__correct__s404__smooth,transformer,smooth,ks,correct,test,96,0,0,0,2.5773278655009557
development,ks__transformer__correct__s404__smooth,transformer,smooth,ks,correct,ood,64,0,0,0,8.477217713509617
development,ks__transformer__correct__s404__smooth,transformer,smooth,ks,correct,ood,96,0,0,0,13.714076854691484
development,ks__transformer__correct__s505__iid,transformer,iid,ks,correct,test,64,0,0,0,0.4897972208953414
development,ks__transformer__correct__s505__iid,transformer,iid,ks,correct,test,96,0,0,0,0.9363748378472021
development,ks__transformer__correct__s505__iid,transformer,iid,ks,correct,ood,64,0,0,0,4.0671033861463
development,ks__transformer__correct__s505__iid,transformer,iid,ks,correct,ood,96,0,0,0,4.49695350093134
development,ks__transformer__correct__s505__none,transformer,none,ks,correct,test,64,0,0,0,0.44646170605425306
development,ks__transformer__correct__s505__none,transformer,none,ks,correct,test,96,0,0,0,0.8785964919621387
development,ks__transformer__correct__s505__none,transformer,none,ks,correct,ood,64,0,0,0,5.206894547624188
development,ks__transformer__correct__s505__none,transformer,none,ks,correct,ood,96,0,0,0,6.349422997836427
development,ks__transformer__correct__s505__response_matched,transformer,response_matched,ks,correct,test,64,0,0,0,0.41326428823839123
development,ks__transformer__correct__s505__response_matched,transformer,response_matched,ks,correct,test,96,0,0,0,0.8394480431632374
development,ks__transformer__correct__s505__response_matched,transformer,response_matched,ks,correct,ood,64,0,0,0,7.648087211231086
development,ks__transformer__correct__s505__response_matched,transformer,response_matched,ks,correct,ood,96,0,0,0,9.570431871757744
development,ks__transformer__correct__s505__smooth,transformer,smooth,ks,correct,test,64,0,0,0,0.751037312881627
development,ks__transformer__correct__s505__smooth,transformer,smooth,ks,correct,test,96,0,0,0,1.4730282909676988
development,ks__transformer__correct__s505__smooth,transformer,smooth,ks,correct,ood,64,0,0,0,4.295510840205907
development,ks__transformer__correct__s505__smooth,transformer,smooth,ks,correct,ood,96,0,0,0,4.762724332091996
development,ks__transformer__correct__s606__iid,transformer,iid,ks,correct,test,64,0,0,0,0.5260363131704895
development,ks__transformer__correct__s606__iid,transformer,iid,ks,correct,test,96,0,0,0,1.0529407731430611
development,ks__transformer__correct__s606__iid,transformer,iid,ks,correct,ood,64,0,0,0,2.377704570023866
development,ks__transformer__correct__s606__iid,transformer,iid,ks,correct,ood,96,0,0,0,2.821677113755489
development,ks__transformer__correct__s606__none,transformer,none,ks,correct,test,64,0,0,0,0.5813097971257606
development,ks__transformer__correct__s606__none,transformer,none,ks,correct,test,96,0,0,0,1.2730803883968482
development,ks__transformer__correct__s606__none,transformer,none,ks,correct,ood,64,0,0,0,5.023103809512406
development,ks__transformer__correct__s606__none,transformer,none,ks,correct,ood,96,0,0,0,6.488163370253953
development,ks__transformer__correct__s606__response_matched,transformer,response_matched,ks,correct,test,64,0,0,0,0.353391666323601
development,ks__transformer__correct__s606__response_matched,transformer,response_matched,ks,correct,test,96,0,0,0,0.7244900103353669
development,ks__transformer__correct__s606__response_matched,transformer,response_matched,ks,correct,ood,64,0,0,0,1.758134745496136
development,ks__transformer__correct__s606__response_matched,transformer,response_matched,ks,correct,ood,96,0,0,0,1.9827188931897883
development,ks__transformer__correct__s606__smooth,transformer,smooth,ks,correct,test,64,0,0,0,0.7572850634563744
development,ks__transformer__correct__s606__smooth,transformer,smooth,ks,correct,test,96,0,0,0,1.6411688903046946
development,ks__transformer__correct__s606__smooth,transformer,smooth,ks,correct,ood,64,0,0,0,4.315661413847067
development,ks__transformer__correct__s606__smooth,transformer,smooth,ks,correct,ood,96,0,0,0,5.738655735460307
development,wave__fno__coefficient__s101__iid,fno,iid,wave,coefficient,test,64,0,0,0,0.0019691630268706684
development,wave__fno__coefficient__s101__iid,fno,iid,wave,coefficient,test,96,0,0,0,0.003522916864729349
development,wave__fno__coefficient__s101__iid,fno,iid,wave,coefficient,ood,64,0,0,0,0.4373256053996215
development,wave__fno__coefficient__s101__iid,fno,iid,wave,coefficient,ood,96,0,0,0,0.690837086433665
development,wave__fno__coefficient__s101__none,fno,none,wave,coefficient,test,64,0,0,0,0.0002652591707707746
development,wave__fno__coefficient__s101__none,fno,none,wave,coefficient,test,96,0,0,0,0.000489970818770501
development,wave__fno__coefficient__s101__none,fno,none,wave,coefficient,ood,64,0,0,0,0.0991163088318614
development,wave__fno__coefficient__s101__none,fno,none,wave,coefficient,ood,96,0,0,0,0.18819546171402707
development,wave__fno__coefficient__s101__response_matched,fno,response_matched,wave,coefficient,test,64,0,0,0,0.0056157630042646955
development,wave__fno__coefficient__s101__response_matched,fno,response_matched,wave,coefficient,test,96,0,0,0,0.01070064717890292
development,wave__fno__coefficient__s101__response_matched,fno,response_matched,wave,coefficient,ood,64,0,0,0,0.23481724800642034
development,wave__fno__coefficient__s101__response_matched,fno,response_matched,wave,coefficient,ood,96,0,0,0,0.4074656588026725
development,wave__fno__coefficient__s101__smooth,fno,smooth,wave,coefficient,test,64,0,0,0,0.002262228684489137
development,wave__fno__coefficient__s101__smooth,fno,smooth,wave,coefficient,test,96,0,0,0,0.0039197888297260826
development,wave__fno__coefficient__s101__smooth,fno,smooth,wave,coefficient,ood,64,0,0,0,0.13207975481403
development,wave__fno__coefficient__s101__smooth,fno,smooth,wave,coefficient,ood,96,0,0,0,0.2242104300047559
development,wave__fno__coefficient__s202__iid,fno,iid,wave,coefficient,test,64,0,0,0,0.003245664375467361
development,wave__fno__coefficient__s202__iid,fno,iid,wave,coefficient,test,96,0,0,0,0.005878147621973733
development,wave__fno__coefficient__s202__iid,fno,iid,wave,coefficient,ood,64,0,0,0,0.15085544747748436
development,wave__fno__coefficient__s202__iid,fno,iid,wave,coefficient,ood,96,0,0,0,0.2543051882996501
development,wave__fno__coefficient__s202__none,fno,none,wave,coefficient,test,64,0,0,0,0.0005867644829735553
development,wave__fno__coefficient__s202__none,fno,none,wave,coefficient,test,96,0,0,0,0.0010069454178174946
development,wave__fno__coefficient__s202__none,fno,none,wave,coefficient,ood,64,0,0,0,0.07770763794180313
development,wave__fno__coefficient__s202__none,fno,none,wave,coefficient,ood,96,0,0,0,0.14460733563132333
development,wave__fno__coefficient__s202__response_matched,fno,response_matched,wave,coefficient,test,64,0,0,0,0.007975061673332673
development,wave__fno__coefficient__s202__response_matched,fno,response_matched,wave,coefficient,test,96,0,0,0,0.017486616029788515
development,wave__fno__coefficient__s202__response_matched,fno,response_matched,wave,coefficient,ood,64,0,0,0,0.11860364934300716
development,wave__fno__coefficient__s202__response_matched,fno,response_matched,wave,coefficient,ood,96,0,0,0,0.24224891611041657
development,wave__fno__coefficient__s202__smooth,fno,smooth,wave,coefficient,test,64,0,0,0,0.0014718413274316527
development,wave__fno__coefficient__s202__smooth,fno,smooth,wave,coefficient,test,96,0,0,0,0.0026569572947527467
development,wave__fno__coefficient__s202__smooth,fno,smooth,wave,coefficient,ood,64,0,0,0,0.14734618023646462
development,wave__fno__coefficient__s202__smooth,fno,smooth,wave,coefficient,ood,96,0,0,0,0.2504056543823457
development,wave__fno__coefficient__s303__iid,fno,iid,wave,coefficient,test,64,0,0,0,0.0024122809718288563
development,wave__fno__coefficient__s303__iid,fno,iid,wave,coefficient,test,96,0,0,0,0.004363615038635008
development,wave__fno__coefficient__s303__iid,fno,iid,wave,coefficient,ood,64,0,0,0,0.43010898303452905
development,wave__fno__coefficient__s303__iid,fno,iid,wave,coefficient,ood,96,0,0,0,0.5966456699760935
development,wave__fno__coefficient__s303__none,fno,none,wave,coefficient,test,64,0,0,0,0.0004735033957352988
development,wave__fno__coefficient__s303__none,fno,none,wave,coefficient,test,96,0,0,0,0.0009026562456474346
development,wave__fno__coefficient__s303__none,fno,none,wave,coefficient,ood,64,0,0,0,0.07176663187542798
development,wave__fno__coefficient__s303__none,fno,none,wave,coefficient,ood,96,0,0,0,0.1359788233432802
development,wave__fno__coefficient__s303__response_matched,fno,response_matched,wave,coefficient,test,64,0,0,0,0.009898524014673837
development,wave__fno__coefficient__s303__response_matched,fno,response_matched,wave,coefficient,test,96,0,0,0,0.017933093727123595
development,wave__fno__coefficient__s303__response_matched,fno,response_matched,wave,coefficient,ood,64,0,0,0,0.1375377322798852
development,wave__fno__coefficient__s303__response_matched,fno,response_matched,wave,coefficient,ood,96,0,0,0,0.3022246343957257
development,wave__fno__coefficient__s303__smooth,fno,smooth,wave,coefficient,test,64,0,0,0,0.0035103129627067076
development,wave__fno__coefficient__s303__smooth,fno,smooth,wave,coefficient,test,96,0,0,0,0.00599166066297363
development,wave__fno__coefficient__s303__smooth,fno,smooth,wave,coefficient,ood,64,0,0,0,0.0856260065290364
development,wave__fno__coefficient__s303__smooth,fno,smooth,wave,coefficient,ood,96,0,0,0,0.1680916772327687
development,wave__fno__coefficient__s404__iid,fno,iid,wave,coefficient,test,64,0,0,0,0.002100959802545113
development,wave__fno__coefficient__s404__iid,fno,iid,wave,coefficient,test,96,0,0,0,0.014653942891961954
development,wave__fno__coefficient__s404__iid,fno,iid,wave,coefficient,ood,64,0,0,0,0.3264544201926878
development,wave__fno__coefficient__s404__iid,fno,iid,wave,coefficient,ood,96,0,0,0,0.6172333183365677
development,wave__fno__coefficient__s404__none,fno,none,wave,coefficient,test,64,0,0,0,0.00036294175545239886
development,wave__fno__coefficient__s404__none,fno,none,wave,coefficient,test,96,0,0,0,0.0006281262662788563
development,wave__fno__coefficient__s404__none,fno,none,wave,coefficient,ood,64,0,0,0,0.0733063077802174
development,wave__fno__coefficient__s404__none,fno,none,wave,coefficient,ood,96,0,0,0,0.14097282234201902
development,wave__fno__coefficient__s404__response_matched,fno,response_matched,wave,coefficient,test,64,0,0,0,0.005622598299853565
development,wave__fno__coefficient__s404__response_matched,fno,response_matched,wave,coefficient,test,96,0,0,0,0.011145780561986044
development,wave__fno__coefficient__s404__response_matched,fno,response_matched,wave,coefficient,ood,64,0,0,0,0.12506894718806905
development,wave__fno__coefficient__s404__response_matched,fno,response_matched,wave,coefficient,ood,96,0,0,0,0.22088630053196803
development,wave__fno__coefficient__s404__smooth,fno,smooth,wave,coefficient,test,64,0,0,0,0.004570687323909056
development,wave__fno__coefficient__s404__smooth,fno,smooth,wave,coefficient,test,96,0,0,0,0.008644758122445714
development,wave__fno__coefficient__s404__smooth,fno,smooth,wave,coefficient,ood,64,0,0,0,0.09422096408439273
development,wave__fno__coefficient__s404__smooth,fno,smooth,wave,coefficient,ood,96,0,0,0,0.16274948267713302
development,wave__fno__coefficient__s505__iid,fno,iid,wave,coefficient,test,64,0,0,0,0.005295142468792896
development,wave__fno__coefficient__s505__iid,fno,iid,wave,coefficient,test,96,0,0,0,0.009361370636846039
development,wave__fno__coefficient__s505__iid,fno,iid,wave,coefficient,ood,64,0,0,0,0.5149688139856021
development,wave__fno__coefficient__s505__iid,fno,iid,wave,coefficient,ood,96,0,0,0,1.2360226694237313
development,wave__fno__coefficient__s505__none,fno,none,wave,coefficient,test,64,0,0,0,0.000544543345864696
development,wave__fno__coefficient__s505__none,fno,none,wave,coefficient,test,96,0,0,0,0.0009552131572718471
development,wave__fno__coefficient__s505__none,fno,none,wave,coefficient,ood,64,0,0,0,0.06646842277770348
development,wave__fno__coefficient__s505__none,fno,none,wave,coefficient,ood,96,0,0,0,0.11617426410006745
development,wave__fno__coefficient__s505__response_matched,fno,response_matched,wave,coefficient,test,64,0,0,0,0.0036554118403763214
development,wave__fno__coefficient__s505__response_matched,fno,response_matched,wave,coefficient,test,96,0,0,0,0.007240155207279461
development,wave__fno__coefficient__s505__response_matched,fno,response_matched,wave,coefficient,ood,64,0,0,0,0.03836377352084086
development,wave__fno__coefficient__s505__response_matched,fno,response_matched,wave,coefficient,ood,96,0,0,0,0.06407955086238237
development,wave__fno__coefficient__s505__smooth,fno,smooth,wave,coefficient,test,64,0,0,0,0.0026317159228635423
development,wave__fno__coefficient__s505__smooth,fno,smooth,wave,coefficient,test,96,0,0,0,0.005121295217598928
development,wave__fno__coefficient__s505__smooth,fno,smooth,wave,coefficient,ood,64,0,0,0,0.05131754430033686
development,wave__fno__coefficient__s505__smooth,fno,smooth,wave,coefficient,ood,96,0,0,0,0.08381487811880431
development,wave__fno__coefficient__s606__iid,fno,iid,wave,coefficient,test,64,0,0,0,0.004763063002660828
development,wave__fno__coefficient__s606__iid,fno,iid,wave,coefficient,test,96,0,0,0,0.008614984761648126
development,wave__fno__coefficient__s606__iid,fno,iid,wave,coefficient,ood,64,0,0,0,0.2679703460603342
development,wave__fno__coefficient__s606__iid,fno,iid,wave,coefficient,ood,96,0,0,0,0.4596349331359283
development,wave__fno__coefficient__s606__none,fno,none,wave,coefficient,test,64,0,0,0,0.0002340570422284336
development,wave__fno__coefficient__s606__none,fno,none,wave,coefficient,test,96,0,0,0,0.0003999009002098655
development,wave__fno__coefficient__s606__none,fno,none,wave,coefficient,ood,64,0,0,0,0.07585337639888001
development,wave__fno__coefficient__s606__none,fno,none,wave,coefficient,ood,96,0,0,0,0.14450094384552248
development,wave__fno__coefficient__s606__response_matched,fno,response_matched,wave,coefficient,test,64,0,0,0,0.0074565546557977536
development,wave__fno__coefficient__s606__response_matched,fno,response_matched,wave,coefficient,test,96,0,0,0,0.014098357585534902
development,wave__fno__coefficient__s606__response_matched,fno,response_matched,wave,coefficient,ood,64,0,0,0,0.1528602350108903
development,wave__fno__coefficient__s606__response_matched,fno,response_matched,wave,coefficient,ood,96,0,0,0,0.27194814690364844
development,wave__fno__coefficient__s606__smooth,fno,smooth,wave,coefficient,test,64,0,0,0,0.0032640327839379424
development,wave__fno__coefficient__s606__smooth,fno,smooth,wave,coefficient,test,96,0,0,0,0.006096603953138787
development,wave__fno__coefficient__s606__smooth,fno,smooth,wave,coefficient,ood,64,0,0,0,0.1095751536765821
development,wave__fno__coefficient__s606__smooth,fno,smooth,wave,coefficient,ood,96,0,0,0,0.18698067324733478
development,wave__fno__correct__s101__iid,fno,iid,wave,correct,test,64,0,0,0,0.004894508859866725
development,wave__fno__correct__s101__iid,fno,iid,wave,correct,test,96,0,0,0,0.0085222991434958
development,wave__fno__correct__s101__iid,fno,iid,wave,correct,ood,64,0,0,0,0.4675733378598821
development,wave__fno__correct__s101__iid,fno,iid,wave,correct,ood,96,0,0,0,0.7201380736459981
development,wave__fno__correct__s101__none,fno,none,wave,correct,test,64,0,0,0,0.00037727955761145474
development,wave__fno__correct__s101__none,fno,none,wave,correct,test,96,0,0,0,0.0005832070446726591
development,wave__fno__correct__s101__none,fno,none,wave,correct,ood,64,0,0,0,0.11008362835462959
development,wave__fno__correct__s101__none,fno,none,wave,correct,ood,96,0,0,0,0.20587524936502147
development,wave__fno__correct__s101__response_matched,fno,response_matched,wave,correct,test,64,0,0,0,0.0005106250449352472
development,wave__fno__correct__s101__response_matched,fno,response_matched,wave,correct,test,96,0,0,0,0.0009028608858965165
development,wave__fno__correct__s101__response_matched,fno,response_matched,wave,correct,ood,64,0,0,0,0.16220661924687185
development,wave__fno__correct__s101__response_matched,fno,response_matched,wave,correct,ood,96,0,0,0,0.29490879321030056
development,wave__fno__correct__s101__smooth,fno,smooth,wave,correct,test,64,0,0,0,0.0001214238493510069
development,wave__fno__correct__s101__smooth,fno,smooth,wave,correct,test,96,0,0,0,0.00021123572414898906
development,wave__fno__correct__s101__smooth,fno,smooth,wave,correct,ood,64,0,0,0,0.056201241191055296
development,wave__fno__correct__s101__smooth,fno,smooth,wave,correct,ood,96,0,0,0,0.09890852890885604
development,wave__fno__correct__s202__iid,fno,iid,wave,correct,test,64,0,0,0,0.007335788443601998
development,wave__fno__correct__s202__iid,fno,iid,wave,correct,test,96,0,0,0,0.013553196244679508
development,wave__fno__correct__s202__iid,fno,iid,wave,correct,ood,64,0,0,0,0.30752277358767266
development,wave__fno__correct__s202__iid,fno,iid,wave,correct,ood,96,0,0,0,0.7838332146381752
development,wave__fno__correct__s202__none,fno,none,wave,correct,test,64,0,0,0,0.0005946035108087416
development,wave__fno__correct__s202__none,fno,none,wave,correct,test,96,0,0,0,0.0012641195593089682
development,wave__fno__correct__s202__none,fno,none,wave,correct,ood,64,0,0,0,0.058992041711206866
development,wave__fno__correct__s202__none,fno,none,wave,correct,ood,96,0,0,0,0.10579015012427817
development,wave__fno__correct__s202__response_matched,fno,response_matched,wave,correct,test,64,0,0,0,0.001454592587264547
development,wave__fno__correct__s202__response_matched,fno,response_matched,wave,correct,test,96,0,0,0,0.009924067769616778
development,wave__fno__correct__s202__response_matched,fno,response_matched,wave,correct,ood,64,0,0,0,0.08445498715317079
development,wave__fno__correct__s202__response_matched,fno,response_matched,wave,correct,ood,96,0,0,0,0.6517068005023757
development,wave__fno__correct__s202__smooth,fno,smooth,wave,correct,test,64,0,0,0,0.00013994206419659302
development,wave__fno__correct__s202__smooth,fno,smooth,wave,correct,test,96,0,0,0,0.0002360500173058643
development,wave__fno__correct__s202__smooth,fno,smooth,wave,correct,ood,64,0,0,0,0.03272534472854893
development,wave__fno__correct__s202__smooth,fno,smooth,wave,correct,ood,96,0,0,0,0.05166636103885599
development,wave__fno__correct__s303__iid,fno,iid,wave,correct,test,64,0,0,0,0.009539679377184668
development,wave__fno__correct__s303__iid,fno,iid,wave,correct,test,96,0,0,0,0.017197810282236457
development,wave__fno__correct__s303__iid,fno,iid,wave,correct,ood,64,0,0,0,0.7550559288946275
development,wave__fno__correct__s303__iid,fno,iid,wave,correct,ood,96,0,0,0,1.3558101628495034
development,wave__fno__correct__s303__none,fno,none,wave,correct,test,64,0,0,0,0.00045566103065482113
development,wave__fno__correct__s303__none,fno,none,wave,correct,test,96,0,0,0,0.0008543214763925735
development,wave__fno__correct__s303__none,fno,none,wave,correct,ood,64,0,0,0,0.07155550163575564
development,wave__fno__correct__s303__none,fno,none,wave,correct,ood,96,0,0,0,0.13615596723948808
development,wave__fno__correct__s303__response_matched,fno,response_matched,wave,correct,test,64,0,0,0,0.0009653781831244768
development,wave__fno__correct__s303__response_matched,fno,response_matched,wave,correct,test,96,0,0,0,0.0019132504499451328
development,wave__fno__correct__s303__response_matched,fno,response_matched,wave,correct,ood,64,0,0,0,0.10574460221046067
development,wave__fno__correct__s303__response_matched,fno,response_matched,wave,correct,ood,96,0,0,0,0.21728699292965103
development,wave__fno__correct__s303__smooth,fno,smooth,wave,correct,test,64,0,0,0,0.00019372693236156813
development,wave__fno__correct__s303__smooth,fno,smooth,wave,correct,test,96,0,0,0,0.00033033365749611987
development,wave__fno__correct__s303__smooth,fno,smooth,wave,correct,ood,64,0,0,0,0.0502006523947367
development,wave__fno__correct__s303__smooth,fno,smooth,wave,correct,ood,96,0,0,0,0.085992586815309
development,wave__fno__correct__s404__iid,fno,iid,wave,correct,test,64,0,0,0,0.0030249939145765986
development,wave__fno__correct__s404__iid,fno,iid,wave,correct,test,96,0,0,0,0.004632947529016282
development,wave__fno__correct__s404__iid,fno,iid,wave,correct,ood,64,0,0,0,0.18010156845923575
development,wave__fno__correct__s404__iid,fno,iid,wave,correct,ood,96,0,0,0,0.3238780283703969
development,wave__fno__correct__s404__none,fno,none,wave,correct,test,64,0,0,0,0.0003437881317407184
development,wave__fno__correct__s404__none,fno,none,wave,correct,test,96,0,0,0,0.0006180518145108224
development,wave__fno__correct__s404__none,fno,none,wave,correct,ood,64,0,0,0,0.09060597786561231
development,wave__fno__correct__s404__none,fno,none,wave,correct,ood,96,0,0,0,0.1704972426079352
development,wave__fno__correct__s404__response_matched,fno,response_matched,wave,correct,test,64,0,0,0,0.0005381011259155584
development,wave__fno__correct__s404__response_matched,fno,response_matched,wave,correct,test,96,0,0,0,0.0008901835786475933
development,wave__fno__correct__s404__response_matched,fno,response_matched,wave,correct,ood,64,0,0,0,0.0959885427382321
development,wave__fno__correct__s404__response_matched,fno,response_matched,wave,correct,ood,96,0,0,0,0.17568345002834862
development,wave__fno__correct__s404__smooth,fno,smooth,wave,correct,test,64,0,0,0,0.00012803175703373325
development,wave__fno__correct__s404__smooth,fno,smooth,wave,correct,test,96,0,0,0,0.00020912070131324953
development,wave__fno__correct__s404__smooth,fno,smooth,wave,correct,ood,64,0,0,0,0.037344161846125656
development,wave__fno__correct__s404__smooth,fno,smooth,wave,correct,ood,96,0,0,0,0.06359132811992459
development,wave__fno__correct__s505__iid,fno,iid,wave,correct,test,64,0,0,0,0.011957231471360852
development,wave__fno__correct__s505__iid,fno,iid,wave,correct,test,96,0,0,0,0.021327271562287864
development,wave__fno__correct__s505__iid,fno,iid,wave,correct,ood,64,0,0,0,0.7634989767364857
development,wave__fno__correct__s505__iid,fno,iid,wave,correct,ood,96,0,0,0,1.7544187965909828
development,wave__fno__correct__s505__none,fno,none,wave,correct,test,64,0,0,0,0.0005671563858391827
development,wave__fno__correct__s505__none,fno,none,wave,correct,test,96,0,0,0,0.0009958670368381294
development,wave__fno__correct__s505__none,fno,none,wave,correct,ood,64,0,0,0,0.06604324274486517
development,wave__fno__correct__s505__none,fno,none,wave,correct,ood,96,0,0,0,0.1154173348513797
development,wave__fno__correct__s505__response_matched,fno,response_matched,wave,correct,test,64,0,0,0,0.0016474860240890399
development,wave__fno__correct__s505__response_matched,fno,response_matched,wave,correct,test,96,0,0,0,0.0032679036962633594
development,wave__fno__correct__s505__response_matched,fno,response_matched,wave,correct,ood,64,0,0,0,0.07047296570131723
development,wave__fno__correct__s505__response_matched,fno,response_matched,wave,correct,ood,96,0,0,0,0.11879178973592541
development,wave__fno__correct__s505__smooth,fno,smooth,wave,correct,test,64,0,0,0,0.0001583413559304598
development,wave__fno__correct__s505__smooth,fno,smooth,wave,correct,test,96,0,0,0,0.0002705397783447928
development,wave__fno__correct__s505__smooth,fno,smooth,wave,correct,ood,64,0,0,0,0.05812886492807401
development,wave__fno__correct__s505__smooth,fno,smooth,wave,correct,ood,96,0,0,0,0.09207356645119211
development,wave__fno__correct__s606__iid,fno,iid,wave,correct,test,64,0,0,0,0.0027506042522517926
development,wave__fno__correct__s606__iid,fno,iid,wave,correct,test,96,0,0,0,0.005071764220481149
development,wave__fno__correct__s606__iid,fno,iid,wave,correct,ood,64,0,0,0,0.2542639801683464
development,wave__fno__correct__s606__iid,fno,iid,wave,correct,ood,96,0,0,0,0.4211113336494255
development,wave__fno__correct__s606__none,fno,none,wave,correct,test,64,0,0,0,0.0002768717900239973
development,wave__fno__correct__s606__none,fno,none,wave,correct,test,96,0,0,0,0.0004401849006040054
development,wave__fno__correct__s606__none,fno,none,wave,correct,ood,64,0,0,0,0.07098487438622691
development,wave__fno__correct__s606__none,fno,none,wave,correct,ood,96,0,0,0,0.13345928302010196
development,wave__fno__correct__s606__response_matched,fno,response_matched,wave,correct,test,64,0,0,0,0.0003517191947375979
development,wave__fno__correct__s606__response_matched,fno,response_matched,wave,correct,test,96,0,0,0,0.0006555471071092143
development,wave__fno__correct__s606__response_matched,fno,response_matched,wave,correct,ood,64,0,0,0,0.07701418416937633
development,wave__fno__correct__s606__response_matched,fno,response_matched,wave,correct,ood,96,0,0,0,0.14619327523566827
development,wave__fno__correct__s606__smooth,fno,smooth,wave,correct,test,64,0,0,0,0.00011098442871452022
development,wave__fno__correct__s606__smooth,fno,smooth,wave,correct,test,96,0,0,0,0.00018795479724825992
development,wave__fno__correct__s606__smooth,fno,smooth,wave,correct,ood,64,0,0,0,0.05376681012089035
development,wave__fno__correct__s606__smooth,fno,smooth,wave,correct,ood,96,0,0,0,0.09230390257097998
development,wave__looped__coefficient__s101__iid,looped,iid,wave,coefficient,test,64,0,0,0,0.014084253868277496
development,wave__looped__coefficient__s101__iid,looped,iid,wave,coefficient,test,96,0,0,0,0.022218347112263302
development,wave__looped__coefficient__s101__iid,looped,iid,wave,coefficient,ood,64,0,0,0,1.1553529553809199
development,wave__looped__coefficient__s101__iid,looped,iid,wave,coefficient,ood,96,0,0,0,1.2303574394092038
development,wave__looped__coefficient__s101__none,looped,none,wave,coefficient,test,64,0,0,0,0.0018664844652180879
development,wave__looped__coefficient__s101__none,looped,none,wave,coefficient,test,96,0,0,0,0.002828542285087258
development,wave__looped__coefficient__s101__none,looped,none,wave,coefficient,ood,64,0,0,0,1.015997703994998
development,wave__looped__coefficient__s101__none,looped,none,wave,coefficient,ood,96,0,0,0,1.251509083958941
development,wave__looped__coefficient__s101__response_matched,looped,response_matched,wave,coefficient,test,64,0,0,0,0.0056241331093718205
development,wave__looped__coefficient__s101__response_matched,looped,response_matched,wave,coefficient,test,96,0,0,0,0.009459554496937656
development,wave__looped__coefficient__s101__response_matched,looped,response_matched,wave,coefficient,ood,64,0,0,0,1.2007588791225032
development,wave__looped__coefficient__s101__response_matched,looped,response_matched,wave,coefficient,ood,96,0,0,0,1.4934892934145978
development,wave__looped__coefficient__s101__smooth,looped,smooth,wave,coefficient,test,64,0,0,0,0.004442249553052058
development,wave__looped__coefficient__s101__smooth,looped,smooth,wave,coefficient,test,96,0,0,0,0.007637763801048081
development,wave__looped__coefficient__s101__smooth,looped,smooth,wave,coefficient,ood,64,0,0,0,0.9967329765300121
development,wave__looped__coefficient__s101__smooth,looped,smooth,wave,coefficient,ood,96,0,0,0,1.220338269443971
development,wave__looped__coefficient__s202__iid,looped,iid,wave,coefficient,test,64,0,0,0,0.013184337115838218
development,wave__looped__coefficient__s202__iid,looped,iid,wave,coefficient,test,96,0,0,0,0.022407090192174905
development,wave__looped__coefficient__s202__iid,looped,iid,wave,coefficient,ood,64,0,0,0,1.090065765242798
development,wave__looped__coefficient__s202__iid,looped,iid,wave,coefficient,ood,96,0,0,0,1.3846765150404583
development,wave__looped__coefficient__s202__none,looped,none,wave,coefficient,test,64,0,0,0,0.00691304550721622
development,wave__looped__coefficient__s202__none,looped,none,wave,coefficient,test,96,0,0,0,0.011059285692471572
development,wave__looped__coefficient__s202__none,looped,none,wave,coefficient,ood,64,0,0,0,0.9461361313602481
development,wave__looped__coefficient__s202__none,looped,none,wave,coefficient,ood,96,0,0,0,1.2317159858221771
development,wave__looped__coefficient__s202__response_matched,looped,response_matched,wave,coefficient,test,64,0,0,0,0.010278648252680544
development,wave__looped__coefficient__s202__response_matched,looped,response_matched,wave,coefficient,test,96,0,0,0,0.017804677415607463
development,wave__looped__coefficient__s202__response_matched,looped,response_matched,wave,coefficient,ood,64,0,0,0,0.9175970193367675
development,wave__looped__coefficient__s202__response_matched,looped,response_matched,wave,coefficient,ood,96,0,0,0,1.1728912546079755
development,wave__looped__coefficient__s202__smooth,looped,smooth,wave,coefficient,test,64,0,0,0,0.01128274406059071
development,wave__looped__coefficient__s202__smooth,looped,smooth,wave,coefficient,test,96,0,0,0,0.019549185775055523
development,wave__looped__coefficient__s202__smooth,looped,smooth,wave,coefficient,ood,64,0,0,0,0.8635228574080998
development,wave__looped__coefficient__s202__smooth,looped,smooth,wave,coefficient,ood,96,0,0,0,1.103761689937869
development,wave__looped__coefficient__s303__iid,looped,iid,wave,coefficient,test,64,0,0,0,0.014083635331536337
development,wave__looped__coefficient__s303__iid,looped,iid,wave,coefficient,test,96,0,0,0,0.022942326790450718
development,wave__looped__coefficient__s303__iid,looped,iid,wave,coefficient,ood,64,0,0,0,1.0379797227117251
development,wave__looped__coefficient__s303__iid,looped,iid,wave,coefficient,ood,96,0,0,0,1.182418120766215
development,wave__looped__coefficient__s303__none,looped,none,wave,coefficient,test,64,0,0,0,0.0032709754206212693
development,wave__looped__coefficient__s303__none,looped,none,wave,coefficient,test,96,0,0,0,0.005121564875642785
development,wave__looped__coefficient__s303__none,looped,none,wave,coefficient,ood,64,0,0,0,1.0634118201215301
development,wave__looped__coefficient__s303__none,looped,none,wave,coefficient,ood,96,0,0,0,1.326025269174996
development,wave__looped__coefficient__s303__response_matched,looped,response_matched,wave,coefficient,test,64,0,0,0,0.008958823862163734
development,wave__looped__coefficient__s303__response_matched,looped,response_matched,wave,coefficient,test,96,0,0,0,0.015450623705280496
development,wave__looped__coefficient__s303__response_matched,looped,response_matched,wave,coefficient,ood,64,0,0,0,1.2234575953972922
development,wave__looped__coefficient__s303__response_matched,looped,response_matched,wave,coefficient,ood,96,0,0,0,1.4771750853240442
development,wave__looped__coefficient__s303__smooth,looped,smooth,wave,coefficient,test,64,0,0,0,0.007087376422625802
development,wave__looped__coefficient__s303__smooth,looped,smooth,wave,coefficient,test,96,0,0,0,0.01285941227500646
development,wave__looped__coefficient__s303__smooth,looped,smooth,wave,coefficient,ood,64,0,0,0,1.0124695890278588
development,wave__looped__coefficient__s303__smooth,looped,smooth,wave,coefficient,ood,96,0,0,0,1.2288213765821752
development,wave__looped__coefficient__s404__iid,looped,iid,wave,coefficient,test,64,0,0,0,0.013573294078290887
development,wave__looped__coefficient__s404__iid,looped,iid,wave,coefficient,test,96,0,0,0,0.02781663451692351
development,wave__looped__coefficient__s404__iid,looped,iid,wave,coefficient,ood,64,0,0,0,1.3406453358158217
development,wave__looped__coefficient__s404__iid,looped,iid,wave,coefficient,ood,96,0,0,0,1.7425329165836085
development,wave__looped__coefficient__s404__none,looped,none,wave,coefficient,test,64,0,0,0,0.0032163636290874764
development,wave__looped__coefficient__s404__none,looped,none,wave,coefficient,test,96,0,0,0,0.0048611212694481725
development,wave__looped__coefficient__s404__none,looped,none,wave,coefficient,ood,64,0,0,0,0.9722939204547743
development,wave__looped__coefficient__s404__none,looped,none,wave,coefficient,ood,96,0,0,0,1.2583219685741747
development,wave__looped__coefficient__s404__response_matched,looped,response_matched,wave,coefficient,test,64,0,0,0,0.007714536007796258
development,wave__looped__coefficient__s404__response_matched,looped,response_matched,wave,coefficient,test,96,0,0,0,0.012159489839575526
development,wave__looped__coefficient__s404__response_matched,looped,response_matched,wave,coefficient,ood,64,0,0,0,1.1184293311517308
development,wave__looped__coefficient__s404__response_matched,looped,response_matched,wave,coefficient,ood,96,0,0,0,1.4379439625718455
development,wave__looped__coefficient__s404__smooth,looped,smooth,wave,coefficient,test,64,0,0,0,0.007710784737269272
development,wave__looped__coefficient__s404__smooth,looped,smooth,wave,coefficient,test,96,0,0,0,0.01348355082573427
development,wave__looped__coefficient__s404__smooth,looped,smooth,wave,coefficient,ood,64,0,0,0,1.0005959916393294
development,wave__looped__coefficient__s404__smooth,looped,smooth,wave,coefficient,ood,96,0,0,0,1.2738943883532556
development,wave__looped__coefficient__s505__iid,looped,iid,wave,coefficient,test,64,0,0,0,0.021356871206240635
development,wave__looped__coefficient__s505__iid,looped,iid,wave,coefficient,test,96,0,0,0,0.058721061102491166
development,wave__looped__coefficient__s505__iid,looped,iid,wave,coefficient,ood,64,0,0,0,3.195720215048709
development,wave__looped__coefficient__s505__iid,looped,iid,wave,coefficient,ood,96,0,0,0,4.226475834466252
development,wave__looped__coefficient__s505__none,looped,none,wave,coefficient,test,64,0,0,0,0.002912450669863953
development,wave__looped__coefficient__s505__none,looped,none,wave,coefficient,test,96,0,0,0,0.004662978245995672
development,wave__looped__coefficient__s505__none,looped,none,wave,coefficient,ood,64,0,0,0,1.7550799461913016
development,wave__looped__coefficient__s505__none,looped,none,wave,coefficient,ood,96,0,0,0,2.5392002331026333
development,wave__looped__coefficient__s505__response_matched,looped,response_matched,wave,coefficient,test,64,0,0,0,0.00894407384291529
development,wave__looped__coefficient__s505__response_matched,looped,response_matched,wave,coefficient,test,96,0,0,0,0.015243364058261879
development,wave__looped__coefficient__s505__response_matched,looped,response_matched,wave,coefficient,ood,64,0,0,0,2.239163736398183
development,wave__looped__coefficient__s505__response_matched,looped,response_matched,wave,coefficient,ood,96,0,0,0,3.1836307942819717
development,wave__looped__coefficient__s505__smooth,looped,smooth,wave,coefficient,test,64,0,0,0,0.005686337366572092
development,wave__looped__coefficient__s505__smooth,looped,smooth,wave,coefficient,test,96,0,0,0,0.009511895986522282
development,wave__looped__coefficient__s505__smooth,looped,smooth,wave,coefficient,ood,64,0,0,0,1.3971566434936449
development,wave__looped__coefficient__s505__smooth,looped,smooth,wave,coefficient,ood,96,0,0,0,2.0157051098611496
development,wave__looped__coefficient__s606__iid,looped,iid,wave,coefficient,test,64,0,0,0,0.013822454521153604
development,wave__looped__coefficient__s606__iid,looped,iid,wave,coefficient,test,96,0,0,0,0.02083480332819413
development,wave__looped__coefficient__s606__iid,looped,iid,wave,coefficient,ood,64,0,0,0,0.841457204345545
development,wave__looped__coefficient__s606__iid,looped,iid,wave,coefficient,ood,96,0,0,0,1.043988850902565
development,wave__looped__coefficient__s606__none,looped,none,wave,coefficient,test,64,0,0,0,0.003269090985433598
development,wave__looped__coefficient__s606__none,looped,none,wave,coefficient,test,96,0,0,0,0.004663303001104513
development,wave__looped__coefficient__s606__none,looped,none,wave,coefficient,ood,64,0,0,0,0.8038507524476302
development,wave__looped__coefficient__s606__none,looped,none,wave,coefficient,ood,96,0,0,0,1.025864941990013
development,wave__looped__coefficient__s606__response_matched,looped,response_matched,wave,coefficient,test,64,0,0,0,0.006508087776594618
development,wave__looped__coefficient__s606__response_matched,looped,response_matched,wave,coefficient,test,96,0,0,0,0.010783899000566716
development,wave__looped__coefficient__s606__response_matched,looped,response_matched,wave,coefficient,ood,64,0,0,0,0.7957810980783222
development,wave__looped__coefficient__s606__response_matched,looped,response_matched,wave,coefficient,ood,96,0,0,0,1.0177741363813575
development,wave__looped__coefficient__s606__smooth,looped,smooth,wave,coefficient,test,64,0,0,0,0.006514699262134549
development,wave__looped__coefficient__s606__smooth,looped,smooth,wave,coefficient,test,96,0,0,0,0.012151081570622207
development,wave__looped__coefficient__s606__smooth,looped,smooth,wave,coefficient,ood,64,0,0,0,0.7888575513950826
development,wave__looped__coefficient__s606__smooth,looped,smooth,wave,coefficient,ood,96,0,0,0,0.9954658053816559
development,wave__looped__correct__s101__iid,looped,iid,wave,correct,test,64,0,0,0,0.01733114072100639
development,wave__looped__correct__s101__iid,looped,iid,wave,correct,test,96,0,0,0,0.025871840841618088
development,wave__looped__correct__s101__iid,looped,iid,wave,correct,ood,64,0,0,0,1.4489478851342028
development,wave__looped__correct__s101__iid,looped,iid,wave,correct,ood,96,0,0,0,1.4186634332257502
development,wave__looped__correct__s101__none,looped,none,wave,correct,test,64,0,0,0,0.0018665459245337246
development,wave__looped__correct__s101__none,looped,none,wave,correct,test,96,0,0,0,0.0028286184358741195
development,wave__looped__correct__s101__none,looped,none,wave,correct,ood,64,0,0,0,1.015996717490168
development,wave__looped__correct__s101__none,looped,none,wave,correct,ood,96,0,0,0,1.2515078321561834
development,wave__looped__correct__s101__response_matched,looped,response_matched,wave,correct,test,64,0,0,0,0.002745171701494631
development,wave__looped__correct__s101__response_matched,looped,response_matched,wave,correct,test,96,0,0,0,0.004246337117689699
development,wave__looped__correct__s101__response_matched,looped,response_matched,wave,correct,ood,64,0,0,0,1.2337303644541748
development,wave__looped__correct__s101__response_matched,looped,response_matched,wave,correct,ood,96,0,0,0,1.5130189917894845
development,wave__looped__correct__s101__smooth,looped,smooth,wave,correct,test,64,0,0,0,0.0016107954154324922
development,wave__looped__correct__s101__smooth,looped,smooth,wave,correct,test,96,0,0,0,0.0024436905983134527
development,wave__looped__correct__s101__smooth,looped,smooth,wave,correct,ood,64,0,0,0,1.0125086263500975
development,wave__looped__correct__s101__smooth,looped,smooth,wave,correct,ood,96,0,0,0,1.2374705385102895
development,wave__looped__correct__s202__iid,looped,iid,wave,correct,test,64,0,0,0,0.02011044240083848
development,wave__looped__correct__s202__iid,looped,iid,wave,correct,test,96,0,0,0,0.03330656931814484
development,wave__looped__correct__s202__iid,looped,iid,wave,correct,ood,64,0,0,0,1.2197955006743655
development,wave__looped__correct__s202__iid,looped,iid,wave,correct,ood,96,0,0,0,1.5246608768965189
development,wave__looped__correct__s202__none,looped,none,wave,correct,test,64,0,0,0,0.00691305931764985
development,wave__looped__correct__s202__none,looped,none,wave,correct,test,96,0,0,0,0.011059303446024831
development,wave__looped__correct__s202__none,looped,none,wave,correct,ood,64,0,0,0,0.9461360287852187
development,wave__looped__correct__s202__none,looped,none,wave,correct,ood,96,0,0,0,1.2317158164582338
development,wave__looped__correct__s202__response_matched,looped,response_matched,wave,correct,test,64,0,0,0,0.005483705981281117
development,wave__looped__correct__s202__response_matched,looped,response_matched,wave,correct,test,96,0,0,0,0.008453419177862022
development,wave__looped__correct__s202__response_matched,looped,response_matched,wave,correct,ood,64,0,0,0,0.9526233539248778
development,wave__looped__correct__s202__response_matched,looped,response_matched,wave,correct,ood,96,0,0,0,1.221292863097536
development,wave__looped__correct__s202__smooth,looped,smooth,wave,correct,test,64,0,0,0,0.006243362984801992
development,wave__looped__correct__s202__smooth,looped,smooth,wave,correct,test,96,0,0,0,0.009881255872886907
development,wave__looped__correct__s202__smooth,looped,smooth,wave,correct,ood,64,0,0,0,0.9233753344171589
development,wave__looped__correct__s202__smooth,looped,smooth,wave,correct,ood,96,0,0,0,1.1936077093518898
development,wave__looped__correct__s303__iid,looped,iid,wave,correct,test,64,0,0,0,0.013965570502060487
development,wave__looped__correct__s303__iid,looped,iid,wave,correct,test,96,0,0,0,0.021115257905067374
development,wave__looped__correct__s303__iid,looped,iid,wave,correct,ood,64,0,0,0,1.7264515500376092
development,wave__looped__correct__s303__iid,looped,iid,wave,correct,ood,96,0,0,0,1.7071384771614553
development,wave__looped__correct__s303__none,looped,none,wave,correct,test,64,0,0,0,0.0032711023374616954
development,wave__looped__correct__s303__none,looped,none,wave,correct,test,96,0,0,0,0.005121852703001657
development,wave__looped__correct__s303__none,looped,none,wave,correct,ood,64,0,0,0,1.063411084632719
development,wave__looped__correct__s303__none,looped,none,wave,correct,ood,96,0,0,0,1.3260249593753315
development,wave__looped__correct__s303__response_matched,looped,response_matched,wave,correct,test,64,0,0,0,0.004227298458125195
development,wave__looped__correct__s303__response_matched,looped,response_matched,wave,correct,test,96,0,0,0,0.00662755556037046
development,wave__looped__correct__s303__response_matched,looped,response_matched,wave,correct,ood,64,0,0,0,1.1930530403726038
development,wave__looped__correct__s303__response_matched,looped,response_matched,wave,correct,ood,96,0,0,0,1.4437913800230717
development,wave__looped__correct__s303__smooth,looped,smooth,wave,correct,test,64,0,0,0,0.00248086555508803
development,wave__looped__correct__s303__smooth,looped,smooth,wave,correct,test,96,0,0,0,0.003889282539102775
development,wave__looped__correct__s303__smooth,looped,smooth,wave,correct,ood,64,0,0,0,0.9775664595959483
development,wave__looped__correct__s303__smooth,looped,smooth,wave,correct,ood,96,0,0,0,1.2051244474578577
development,wave__looped__correct__s404__iid,looped,iid,wave,correct,test,64,0,0,0,0.016925397764944172
development,wave__looped__correct__s404__iid,looped,iid,wave,correct,test,96,0,0,0,0.028611542389195797
development,wave__looped__correct__s404__iid,looped,iid,wave,correct,ood,64,0,0,0,3.1968718216652405
development,wave__looped__correct__s404__iid,looped,iid,wave,correct,ood,96,0,0,0,3.4000282129262964
development,wave__looped__correct__s404__none,looped,none,wave,correct,test,64,0,0,0,0.003216364155949253
development,wave__looped__correct__s404__none,looped,none,wave,correct,test,96,0,0,0,0.0048611235689975385
development,wave__looped__correct__s404__none,looped,none,wave,correct,ood,64,0,0,0,0.9722943658000247
development,wave__looped__correct__s404__none,looped,none,wave,correct,ood,96,0,0,0,1.2583223174650016
development,wave__looped__correct__s404__response_matched,looped,response_matched,wave,correct,test,64,0,0,0,0.005227569312512781
development,wave__looped__correct__s404__response_matched,looped,response_matched,wave,correct,test,96,0,0,0,0.007345689886195513
development,wave__looped__correct__s404__response_matched,looped,response_matched,wave,correct,ood,64,0,0,0,1.1187164767204933
development,wave__looped__correct__s404__response_matched,looped,response_matched,wave,correct,ood,96,0,0,0,1.4691436285446382
development,wave__looped__correct__s404__smooth,looped,smooth,wave,correct,test,64,0,0,0,0.0031482244170702445
development,wave__looped__correct__s404__smooth,looped,smooth,wave,correct,test,96,0,0,0,0.005033046819758543
development,wave__looped__correct__s404__smooth,looped,smooth,wave,correct,ood,64,0,0,0,0.9673727441773963
development,wave__looped__correct__s404__smooth,looped,smooth,wave,correct,ood,96,0,0,0,1.2602604781184255
development,wave__looped__correct__s505__iid,looped,iid,wave,correct,test,64,0,0,0,0.028879682997465572
development,wave__looped__correct__s505__iid,looped,iid,wave,correct,test,96,0,0,0,0.07283056268697585
development,wave__looped__correct__s505__iid,looped,iid,wave,correct,ood,64,0,0,0,3.672514844653051
development,wave__looped__correct__s505__iid,looped,iid,wave,correct,ood,96,0,0,0,4.521892603736584
development,wave__looped__correct__s505__none,looped,none,wave,correct,test,64,0,0,0,0.002912434518273721
development,wave__looped__correct__s505__none,looped,none,wave,correct,test,96,0,0,0,0.00466291219215124
development,wave__looped__correct__s505__none,looped,none,wave,correct,ood,64,0,0,0,1.755075074305438
development,wave__looped__correct__s505__none,looped,none,wave,correct,ood,96,0,0,0,2.5391912093877522
development,wave__looped__correct__s505__response_matched,looped,response_matched,wave,correct,test,64,0,0,0,0.0055662755308574785
development,wave__looped__correct__s505__response_matched,looped,response_matched,wave,correct,test,96,0,0,0,0.008671598962425272
development,wave__looped__correct__s505__response_matched,looped,response_matched,wave,correct,ood,64,0,0,0,2.8691879317760822
development,wave__looped__correct__s505__response_matched,looped,response_matched,wave,correct,ood,96,0,0,0,4.1735601317767905
development,wave__looped__correct__s505__smooth,looped,smooth,wave,correct,test,64,0,0,0,0.002933929295424631
development,wave__looped__correct__s505__smooth,looped,smooth,wave,correct,test,96,0,0,0,0.004606392215512659
development,wave__looped__correct__s505__smooth,looped,smooth,wave,correct,ood,64,0,0,0,1.6101318901968398
development,wave__looped__correct__s505__smooth,looped,smooth,wave,correct,ood,96,0,0,0,2.428361218784251
development,wave__looped__correct__s606__iid,looped,iid,wave,correct,test,64,0,0,0,0.013558825232327099
development,wave__looped__correct__s606__iid,looped,iid,wave,correct,test,96,0,0,0,0.018876136233864155
development,wave__looped__correct__s606__iid,looped,iid,wave,correct,ood,64,0,0,0,1.939314080857912
development,wave__looped__correct__s606__iid,looped,iid,wave,correct,ood,96,0,0,0,1.9062574981392875
development,wave__looped__correct__s606__none,looped,none,wave,correct,test,64,0,0,0,0.003269242354793589
development,wave__looped__correct__s606__none,looped,none,wave,correct,test,96,0,0,0,0.004663433223179006
development,wave__looped__correct__s606__none,looped,none,wave,correct,ood,64,0,0,0,0.8038478369826976
development,wave__looped__correct__s606__none,looped,none,wave,correct,ood,96,0,0,0,1.0258631011511548
development,wave__looped__correct__s606__response_matched,looped,response_matched,wave,correct,test,64,0,0,0,0.003846274307715225
development,wave__looped__correct__s606__response_matched,looped,response_matched,wave,correct,test,96,0,0,0,0.005663301898235643
development,wave__looped__correct__s606__response_matched,looped,response_matched,wave,correct,ood,64,0,0,0,0.8713996193539515
development,wave__looped__correct__s606__response_matched,looped,response_matched,wave,correct,ood,96,0,0,0,1.117154510521535
development,wave__looped__correct__s606__smooth,looped,smooth,wave,correct,test,64,0,0,0,0.0029905313338683404
development,wave__looped__correct__s606__smooth,looped,smooth,wave,correct,test,96,0,0,0,0.004117136779600794
development,wave__looped__correct__s606__smooth,looped,smooth,wave,correct,ood,64,0,0,0,0.7820025727780404
development,wave__looped__correct__s606__smooth,looped,smooth,wave,correct,ood,96,0,0,0,1.001439208101876
development,wave__transformer__coefficient__s101__iid,transformer,iid,wave,coefficient,test,64,0,0,0,0.009324033718713487
development,wave__transformer__coefficient__s101__iid,transformer,iid,wave,coefficient,test,96,0,0,0,0.014715920822103712
development,wave__transformer__coefficient__s101__iid,transformer,iid,wave,coefficient,ood,64,0,0,0,1.0824219329764446
development,wave__transformer__coefficient__s101__iid,transformer,iid,wave,coefficient,ood,96,0,0,0,1.1215676111323016
development,wave__transformer__coefficient__s101__none,transformer,none,wave,coefficient,test,64,0,0,0,0.0020787368725704858
development,wave__transformer__coefficient__s101__none,transformer,none,wave,coefficient,test,96,0,0,0,0.003099341318446987
development,wave__transformer__coefficient__s101__none,transformer,none,wave,coefficient,ood,64,0,0,0,0.9773301401117465
development,wave__transformer__coefficient__s101__none,transformer,none,wave,coefficient,ood,96,0,0,0,1.0395041883965632
development,wave__transformer__coefficient__s101__response_matched,transformer,response_matched,wave,coefficient,test,64,0,0,0,0.006196445170404519
development,wave__transformer__coefficient__s101__response_matched,transformer,response_matched,wave,coefficient,test,96,0,0,0,0.01049904867794867
development,wave__transformer__coefficient__s101__response_matched,transformer,response_matched,wave,coefficient,ood,64,0,0,0,1.0223281581472747
development,wave__transformer__coefficient__s101__response_matched,transformer,response_matched,wave,coefficient,ood,96,0,0,0,1.0815073717529535
development,wave__transformer__coefficient__s101__smooth,transformer,smooth,wave,coefficient,test,64,0,0,0,0.0058024925943993555
development,wave__transformer__coefficient__s101__smooth,transformer,smooth,wave,coefficient,test,96,0,0,0,0.009417988415711214
development,wave__transformer__coefficient__s101__smooth,transformer,smooth,wave,coefficient,ood,64,0,0,0,0.9576606308238524
development,wave__transformer__coefficient__s101__smooth,transformer,smooth,wave,coefficient,ood,96,0,0,0,0.975387671445257
development,wave__transformer__coefficient__s202__iid,transformer,iid,wave,coefficient,test,64,0,0,0,0.013333799176638239
development,wave__transformer__coefficient__s202__iid,transformer,iid,wave,coefficient,test,96,0,0,0,0.019909888435082273
development,wave__transformer__coefficient__s202__iid,transformer,iid,wave,coefficient,ood,64,0,0,0,0.5225494601385208
development,wave__transformer__coefficient__s202__iid,transformer,iid,wave,coefficient,ood,96,0,0,0,0.613445712715702
development,wave__transformer__coefficient__s202__none,transformer,none,wave,coefficient,test,64,0,0,0,0.002096370730705538
development,wave__transformer__coefficient__s202__none,transformer,none,wave,coefficient,test,96,0,0,0,0.0031683284870738793
development,wave__transformer__coefficient__s202__none,transformer,none,wave,coefficient,ood,64,0,0,0,0.7570988658593478
development,wave__transformer__coefficient__s202__none,transformer,none,wave,coefficient,ood,96,0,0,0,0.8674882375685986
development,wave__transformer__coefficient__s202__response_matched,transformer,response_matched,wave,coefficient,test,64,0,0,0,0.005481870445586512
development,wave__transformer__coefficient__s202__response_matched,transformer,response_matched,wave,coefficient,test,96,0,0,0,0.00880676110842249
development,wave__transformer__coefficient__s202__response_matched,transformer,response_matched,wave,coefficient,ood,64,0,0,0,0.7589650777851489
development,wave__transformer__coefficient__s202__response_matched,transformer,response_matched,wave,coefficient,ood,96,0,0,0,0.8863444381523777
development,wave__transformer__coefficient__s202__smooth,transformer,smooth,wave,coefficient,test,64,0,0,0,0.006155132385939344
development,wave__transformer__coefficient__s202__smooth,transformer,smooth,wave,coefficient,test,96,0,0,0,0.010445514387563248
development,wave__transformer__coefficient__s202__smooth,transformer,smooth,wave,coefficient,ood,64,0,0,0,0.7704524052028887
development,wave__transformer__coefficient__s202__smooth,transformer,smooth,wave,coefficient,ood,96,0,0,0,0.8549285152782508
development,wave__transformer__coefficient__s303__iid,transformer,iid,wave,coefficient,test,64,0,0,0,0.011509401253814833
development,wave__transformer__coefficient__s303__iid,transformer,iid,wave,coefficient,test,96,0,0,0,0.017295973608609273
development,wave__transformer__coefficient__s303__iid,transformer,iid,wave,coefficient,ood,64,0,0,0,1.2002369187928537
development,wave__transformer__coefficient__s303__iid,transformer,iid,wave,coefficient,ood,96,0,0,0,1.4459678082413916
development,wave__transformer__coefficient__s303__none,transformer,none,wave,coefficient,test,64,0,0,0,0.0025860026047931917
development,wave__transformer__coefficient__s303__none,transformer,none,wave,coefficient,test,96,0,0,0,0.0035303536706452108
development,wave__transformer__coefficient__s303__none,transformer,none,wave,coefficient,ood,64,0,0,0,0.9395490980894579
development,wave__transformer__coefficient__s303__none,transformer,none,wave,coefficient,ood,96,0,0,0,1.0791164738231678
development,wave__transformer__coefficient__s303__response_matched,transformer,response_matched,wave,coefficient,test,64,0,0,0,0.007588791762292768
development,wave__transformer__coefficient__s303__response_matched,transformer,response_matched,wave,coefficient,test,96,0,0,0,0.012466761276019572
development,wave__transformer__coefficient__s303__response_matched,transformer,response_matched,wave,coefficient,ood,64,0,0,0,1.0881384487743162
development,wave__transformer__coefficient__s303__response_matched,transformer,response_matched,wave,coefficient,ood,96,0,0,0,1.2936320878128147
development,wave__transformer__coefficient__s303__smooth,transformer,smooth,wave,coefficient,test,64,0,0,0,0.004341590594641231
development,wave__transformer__coefficient__s303__smooth,transformer,smooth,wave,coefficient,test,96,0,0,0,0.006970582443599568
development,wave__transformer__coefficient__s303__smooth,transformer,smooth,wave,coefficient,ood,64,0,0,0,0.9428558927866106
development,wave__transformer__coefficient__s303__smooth,transformer,smooth,wave,coefficient,ood,96,0,0,0,1.0552004173344662
development,wave__transformer__coefficient__s404__iid,transformer,iid,wave,coefficient,test,64,0,0,0,0.008811108438551818
development,wave__transformer__coefficient__s404__iid,transformer,iid,wave,coefficient,test,96,0,0,0,0.013076534751330934
development,wave__transformer__coefficient__s404__iid,transformer,iid,wave,coefficient,ood,64,0,0,0,1.0827019119710712
development,wave__transformer__coefficient__s404__iid,transformer,iid,wave,coefficient,ood,96,0,0,0,1.1362558625075205
development,wave__transformer__coefficient__s404__none,transformer,none,wave,coefficient,test,64,0,0,0,0.0037543611695402546
development,wave__transformer__coefficient__s404__none,transformer,none,wave,coefficient,test,96,0,0,0,0.005889923534425005
development,wave__transformer__coefficient__s404__none,transformer,none,wave,coefficient,ood,64,0,0,0,1.026019463497562
development,wave__transformer__coefficient__s404__none,transformer,none,wave,coefficient,ood,96,0,0,0,1.030280691460007
development,wave__transformer__coefficient__s404__response_matched,transformer,response_matched,wave,coefficient,test,64,0,0,0,0.006561187257209
development,wave__transformer__coefficient__s404__response_matched,transformer,response_matched,wave,coefficient,test,96,0,0,0,0.011740498651006126
development,wave__transformer__coefficient__s404__response_matched,transformer,response_matched,wave,coefficient,ood,64,0,0,0,1.0207986002109237
development,wave__transformer__coefficient__s404__response_matched,transformer,response_matched,wave,coefficient,ood,96,0,0,0,1.0398694724240918
development,wave__transformer__coefficient__s404__smooth,transformer,smooth,wave,coefficient,test,64,0,0,0,0.008805970705420663
development,wave__transformer__coefficient__s404__smooth,transformer,smooth,wave,coefficient,test,96,0,0,0,0.01283608155451314
development,wave__transformer__coefficient__s404__smooth,transformer,smooth,wave,coefficient,ood,64,0,0,0,0.9783612365008594
development,wave__transformer__coefficient__s404__smooth,transformer,smooth,wave,coefficient,ood,96,0,0,0,0.975069008293455
development,wave__transformer__coefficient__s505__iid,transformer,iid,wave,coefficient,test,64,0,0,0,0.023346486210747086
development,wave__transformer__coefficient__s505__iid,transformer,iid,wave,coefficient,test,96,0,0,0,0.04416467209257672
development,wave__transformer__coefficient__s505__iid,transformer,iid,wave,coefficient,ood,64,0,0,0,3.3607688590278713
development,wave__transformer__coefficient__s505__iid,transformer,iid,wave,coefficient,ood,96,0,0,0,3.687455829262414
development,wave__transformer__coefficient__s505__none,transformer,none,wave,coefficient,test,64,0,0,0,0.005402162692515228
development,wave__transformer__coefficient__s505__none,transformer,none,wave,coefficient,test,96,0,0,0,0.009699066353748972
development,wave__transformer__coefficient__s505__none,transformer,none,wave,coefficient,ood,64,0,0,0,3.333251472742404
development,wave__transformer__coefficient__s505__none,transformer,none,wave,coefficient,ood,96,0,0,0,3.695990753402384
development,wave__transformer__coefficient__s505__response_matched,transformer,response_matched,wave,coefficient,test,64,0,0,0,0.009430648374098571
development,wave__transformer__coefficient__s505__response_matched,transformer,response_matched,wave,coefficient,test,96,0,0,0,0.016632467930193164
development,wave__transformer__coefficient__s505__response_matched,transformer,response_matched,wave,coefficient,ood,64,0,0,0,3.111959844776834
development,wave__transformer__coefficient__s505__response_matched,transformer,response_matched,wave,coefficient,ood,96,0,0,0,3.482307830481129
development,wave__transformer__coefficient__s505__smooth,transformer,smooth,wave,coefficient,test,64,0,0,0,0.005517314007841723
development,wave__transformer__coefficient__s505__smooth,transformer,smooth,wave,coefficient,test,96,0,0,0,0.010187943765322949
development,wave__transformer__coefficient__s505__smooth,transformer,smooth,wave,coefficient,ood,64,0,0,0,3.0441196835946585
development,wave__transformer__coefficient__s505__smooth,transformer,smooth,wave,coefficient,ood,96,0,0,0,3.354394153559724
development,wave__transformer__coefficient__s606__iid,transformer,iid,wave,coefficient,test,64,0,0,0,0.013636638512561916
development,wave__transformer__coefficient__s606__iid,transformer,iid,wave,coefficient,test,96,0,0,0,0.019144528196096168
development,wave__transformer__coefficient__s606__iid,transformer,iid,wave,coefficient,ood,64,0,0,0,0.6579366903830532
development,wave__transformer__coefficient__s606__iid,transformer,iid,wave,coefficient,ood,96,0,0,0,0.7559793719220427
development,wave__transformer__coefficient__s606__none,transformer,none,wave,coefficient,test,64,0,0,0,0.002398562478602123
development,wave__transformer__coefficient__s606__none,transformer,none,wave,coefficient,test,96,0,0,0,0.003753459045762464
development,wave__transformer__coefficient__s606__none,transformer,none,wave,coefficient,ood,64,0,0,0,0.7545933901368471
development,wave__transformer__coefficient__s606__none,transformer,none,wave,coefficient,ood,96,0,0,0,0.8435920067061033
development,wave__transformer__coefficient__s606__response_matched,transformer,response_matched,wave,coefficient,test,64,0,0,0,0.007592634818015642
development,wave__transformer__coefficient__s606__response_matched,transformer,response_matched,wave,coefficient,test,96,0,0,0,0.01272384492751984
development,wave__transformer__coefficient__s606__response_matched,transformer,response_matched,wave,coefficient,ood,64,0,0,0,0.7968118792543635
development,wave__transformer__coefficient__s606__response_matched,transformer,response_matched,wave,coefficient,ood,96,0,0,0,0.8695329758473349
development,wave__transformer__coefficient__s606__smooth,transformer,smooth,wave,coefficient,test,64,0,0,0,0.007410759577903048
development,wave__transformer__coefficient__s606__smooth,transformer,smooth,wave,coefficient,test,96,0,0,0,0.012769700417982534
development,wave__transformer__coefficient__s606__smooth,transformer,smooth,wave,coefficient,ood,64,0,0,0,0.7584341198727884
development,wave__transformer__coefficient__s606__smooth,transformer,smooth,wave,coefficient,ood,96,0,0,0,0.8395511655757749
development,wave__transformer__correct__s101__iid,transformer,iid,wave,correct,test,64,0,0,0,0.0195898652408677
development,wave__transformer__correct__s101__iid,transformer,iid,wave,correct,test,96,0,0,0,0.025916244495813423
development,wave__transformer__correct__s101__iid,transformer,iid,wave,correct,ood,64,0,0,0,1.751625732400953
development,wave__transformer__correct__s101__iid,transformer,iid,wave,correct,ood,96,0,0,0,1.5967069689058917
development,wave__transformer__correct__s101__none,transformer,none,wave,correct,test,64,0,0,0,0.0020780536044103237
development,wave__transformer__correct__s101__none,transformer,none,wave,correct,test,96,0,0,0,0.0030986968523262952
development,wave__transformer__correct__s101__none,transformer,none,wave,correct,ood,64,0,0,0,0.9774409673742639
development,wave__transformer__correct__s101__none,transformer,none,wave,correct,ood,96,0,0,0,1.0396145519435627
development,wave__transformer__correct__s101__response_matched,transformer,response_matched,wave,correct,test,64,0,0,0,0.0024814957173744934
development,wave__transformer__correct__s101__response_matched,transformer,response_matched,wave,correct,test,96,0,0,0,0.003562802081431893
development,wave__transformer__correct__s101__response_matched,transformer,response_matched,wave,correct,ood,64,0,0,0,1.039891969206451
development,wave__transformer__correct__s101__response_matched,transformer,response_matched,wave,correct,ood,96,0,0,0,1.111558523253052
development,wave__transformer__correct__s101__smooth,transformer,smooth,wave,correct,test,64,0,0,0,0.001956190248851797
development,wave__transformer__correct__s101__smooth,transformer,smooth,wave,correct,test,96,0,0,0,0.0028679705943687184
development,wave__transformer__correct__s101__smooth,transformer,smooth,wave,correct,ood,64,0,0,0,0.9762384240708002
development,wave__transformer__correct__s101__smooth,transformer,smooth,wave,correct,ood,96,0,0,0,1.0281257513485873
development,wave__transformer__correct__s202__iid,transformer,iid,wave,correct,test,64,0,0,0,0.014949310882283129
development,wave__transformer__correct__s202__iid,transformer,iid,wave,correct,test,96,0,0,0,0.022124244152979124
development,wave__transformer__correct__s202__iid,transformer,iid,wave,correct,ood,64,0,0,0,0.6060369708343387
development,wave__transformer__correct__s202__iid,transformer,iid,wave,correct,ood,96,0,0,0,0.6878307771297234
development,wave__transformer__correct__s202__none,transformer,none,wave,correct,test,64,0,0,0,0.002096313206489425
development,wave__transformer__correct__s202__none,transformer,none,wave,correct,test,96,0,0,0,0.0031682471604285722
development,wave__transformer__correct__s202__none,transformer,none,wave,correct,ood,64,0,0,0,0.7570985776645784
development,wave__transformer__correct__s202__none,transformer,none,wave,correct,ood,96,0,0,0,0.8674882469172946
development,wave__transformer__correct__s202__response_matched,transformer,response_matched,wave,correct,test,64,0,0,0,0.002879111452124161
development,wave__transformer__correct__s202__response_matched,transformer,response_matched,wave,correct,test,96,0,0,0,0.004196471707430834
development,wave__transformer__correct__s202__response_matched,transformer,response_matched,wave,correct,ood,64,0,0,0,0.760677598054599
development,wave__transformer__correct__s202__response_matched,transformer,response_matched,wave,correct,ood,96,0,0,0,0.8956262070579821
development,wave__transformer__correct__s202__smooth,transformer,smooth,wave,correct,test,64,0,0,0,0.002000740462063111
development,wave__transformer__correct__s202__smooth,transformer,smooth,wave,correct,test,96,0,0,0,0.003017498962557097
development,wave__transformer__correct__s202__smooth,transformer,smooth,wave,correct,ood,64,0,0,0,0.7623597685897323
development,wave__transformer__correct__s202__smooth,transformer,smooth,wave,correct,ood,96,0,0,0,0.8675047670919298
development,wave__transformer__correct__s303__iid,transformer,iid,wave,correct,test,64,0,0,0,0.01209077503554079
development,wave__transformer__correct__s303__iid,transformer,iid,wave,correct,test,96,0,0,0,0.01685667124488699
development,wave__transformer__correct__s303__iid,transformer,iid,wave,correct,ood,64,0,0,0,1.1703848687545815
development,wave__transformer__correct__s303__iid,transformer,iid,wave,correct,ood,96,0,0,0,1.3485086851243675
development,wave__transformer__correct__s303__none,transformer,none,wave,correct,test,64,0,0,0,0.0025860799922361732
development,wave__transformer__correct__s303__none,transformer,none,wave,correct,test,96,0,0,0,0.003530444692980861
development,wave__transformer__correct__s303__none,transformer,none,wave,correct,ood,64,0,0,0,0.9395500397858427
development,wave__transformer__correct__s303__none,transformer,none,wave,correct,ood,96,0,0,0,1.0791177166962598
development,wave__transformer__correct__s303__response_matched,transformer,response_matched,wave,correct,test,64,0,0,0,0.00321626830031968
development,wave__transformer__correct__s303__response_matched,transformer,response_matched,wave,correct,test,96,0,0,0,0.004632600756792024
development,wave__transformer__correct__s303__response_matched,transformer,response_matched,wave,correct,ood,64,0,0,0,1.0840471658998183
development,wave__transformer__correct__s303__response_matched,transformer,response_matched,wave,correct,ood,96,0,0,0,1.294903396864337
development,wave__transformer__correct__s303__smooth,transformer,smooth,wave,correct,test,64,0,0,0,0.0016322585773742848
development,wave__transformer__correct__s303__smooth,transformer,smooth,wave,correct,test,96,0,0,0,0.0024683486046327974
development,wave__transformer__correct__s303__smooth,transformer,smooth,wave,correct,ood,64,0,0,0,0.9326885069482955
development,wave__transformer__correct__s303__smooth,transformer,smooth,wave,correct,ood,96,0,0,0,1.0606634664695398
development,wave__transformer__correct__s404__iid,transformer,iid,wave,correct,test,64,0,0,0,0.016265111710774605
development,wave__transformer__correct__s404__iid,transformer,iid,wave,correct,test,96,0,0,0,0.02475818128706564
development,wave__transformer__correct__s404__iid,transformer,iid,wave,correct,ood,64,0,0,0,0.9842624613445423
development,wave__transformer__correct__s404__iid,transformer,iid,wave,correct,ood,96,0,0,0,1.0016848250499302
development,wave__transformer__correct__s404__none,transformer,none,wave,correct,test,64,0,0,0,0.00375448352208807
development,wave__transformer__correct__s404__none,transformer,none,wave,correct,test,96,0,0,0,0.005890159602217393
development,wave__transformer__correct__s404__none,transformer,none,wave,correct,ood,64,0,0,0,1.0260124607250418
development,wave__transformer__correct__s404__none,transformer,none,wave,correct,ood,96,0,0,0,1.0302761485001306
development,wave__transformer__correct__s404__response_matched,transformer,response_matched,wave,correct,test,64,0,0,0,0.003130958059338773
development,wave__transformer__correct__s404__response_matched,transformer,response_matched,wave,correct,test,96,0,0,0,0.004894425853048815
development,wave__transformer__correct__s404__response_matched,transformer,response_matched,wave,correct,ood,64,0,0,0,0.9956682004308846
development,wave__transformer__correct__s404__response_matched,transformer,response_matched,wave,correct,ood,96,0,0,0,1.0205358220013068
development,wave__transformer__correct__s404__smooth,transformer,smooth,wave,correct,test,64,0,0,0,0.003048760814222562
development,wave__transformer__correct__s404__smooth,transformer,smooth,wave,correct,test,96,0,0,0,0.00470785906790557
development,wave__transformer__correct__s404__smooth,transformer,smooth,wave,correct,ood,64,0,0,0,0.9864919756053041
development,wave__transformer__correct__s404__smooth,transformer,smooth,wave,correct,ood,96,0,0,0,0.9931504720223834
development,wave__transformer__correct__s505__iid,transformer,iid,wave,correct,test,64,0,0,0,0.05990993651952481
development,wave__transformer__correct__s505__iid,transformer,iid,wave,correct,test,96,0,0,0,0.14425690012257567
development,wave__transformer__correct__s505__iid,transformer,iid,wave,correct,ood,64,0,0,0,3.601336633952542
development,wave__transformer__correct__s505__iid,transformer,iid,wave,correct,ood,96,0,0,0,3.9762451697743018
development,wave__transformer__correct__s505__none,transformer,none,wave,correct,test,64,0,0,0,0.005402636846043141
development,wave__transformer__correct__s505__none,transformer,none,wave,correct,test,96,0,0,0,0.009700043459475022
development,wave__transformer__correct__s505__none,transformer,none,wave,correct,ood,64,0,0,0,3.3332364350294483
development,wave__transformer__correct__s505__none,transformer,none,wave,correct,ood,96,0,0,0,3.6959743629228496
development,wave__transformer__correct__s505__response_matched,transformer,response_matched,wave,correct,test,64,0,0,0,0.007472592565448688
development,wave__transformer__correct__s505__response_matched,transformer,response_matched,wave,correct,test,96,0,0,0,0.015350919221323736
development,wave__transformer__correct__s505__response_matched,transformer,response_matched,wave,correct,ood,64,0,0,0,3.174650919260671
development,wave__transformer__correct__s505__response_matched,transformer,response_matched,wave,correct,ood,96,0,0,0,3.4865041909026786
development,wave__transformer__correct__s505__smooth,transformer,smooth,wave,correct,test,64,0,0,0,0.003810088627008268
development,wave__transformer__correct__s505__smooth,transformer,smooth,wave,correct,test,96,0,0,0,0.007710990664370568
development,wave__transformer__correct__s505__smooth,transformer,smooth,wave,correct,ood,64,0,0,0,3.264713760114887
development,wave__transformer__correct__s505__smooth,transformer,smooth,wave,correct,ood,96,0,0,0,3.590755883428832
development,wave__transformer__correct__s606__iid,transformer,iid,wave,correct,test,64,0,0,0,0.014339636556346624
development,wave__transformer__correct__s606__iid,transformer,iid,wave,correct,test,96,0,0,0,0.020732530245010466
development,wave__transformer__correct__s606__iid,transformer,iid,wave,correct,ood,64,0,0,0,0.8212168905031945
development,wave__transformer__correct__s606__iid,transformer,iid,wave,correct,ood,96,0,0,0,0.9541605133140745
development,wave__transformer__correct__s606__none,transformer,none,wave,correct,test,64,0,0,0,0.0023986171698358594
development,wave__transformer__correct__s606__none,transformer,none,wave,correct,test,96,0,0,0,0.0037535180766054745
development,wave__transformer__correct__s606__none,transformer,none,wave,correct,ood,64,0,0,0,0.754592950530224
development,wave__transformer__correct__s606__none,transformer,none,wave,correct,ood,96,0,0,0,0.8435917196801295
development,wave__transformer__correct__s606__response_matched,transformer,response_matched,wave,correct,test,64,0,0,0,0.003741837649091362
development,wave__transformer__correct__s606__response_matched,transformer,response_matched,wave,correct,test,96,0,0,0,0.005224376172040117
development,wave__transformer__correct__s606__response_matched,transformer,response_matched,wave,correct,ood,64,0,0,0,0.7701577519816283
development,wave__transformer__correct__s606__response_matched,transformer,response_matched,wave,correct,ood,96,0,0,0,0.8579132177120148
development,wave__transformer__correct__s606__smooth,transformer,smooth,wave,correct,test,64,0,0,0,0.0022578446353699044
development,wave__transformer__correct__s606__smooth,transformer,smooth,wave,correct,test,96,0,0,0,0.0036194086924416133
development,wave__transformer__correct__s606__smooth,transformer,smooth,wave,correct,ood,64,0,0,0,0.7536270786233388
development,wave__transformer__correct__s606__smooth,transformer,smooth,wave,correct,ood,96,0,0,0,0.8392914801984073
resolution_g32,advection_diffusion__fno__coefficient__s7101__none,fno,none,advection_diffusion,coefficient,test,64,0,0,0,0.00031755799368052805
resolution_g32,advection_diffusion__fno__coefficient__s7101__none,fno,none,advection_diffusion,coefficient,test,96,0,0,0,0.0005142368970207402
resolution_g32,advection_diffusion__fno__coefficient__s7101__none,fno,none,advection_diffusion,coefficient,ood,64,0,0,0,0.06934452942982583
resolution_g32,advection_diffusion__fno__coefficient__s7101__none,fno,none,advection_diffusion,coefficient,ood,96,0,0,0,0.09771199897992636
resolution_g32,advection_diffusion__fno__coefficient__s7101__smooth,fno,smooth,advection_diffusion,coefficient,test,64,0,0,0,0.0016678091043845697
resolution_g32,advection_diffusion__fno__coefficient__s7101__smooth,fno,smooth,advection_diffusion,coefficient,test,96,0,0,0,0.002558760528674537
resolution_g32,advection_diffusion__fno__coefficient__s7101__smooth,fno,smooth,advection_diffusion,coefficient,ood,64,0,0,0,0.021082387952987336
resolution_g32,advection_diffusion__fno__coefficient__s7101__smooth,fno,smooth,advection_diffusion,coefficient,ood,96,0,0,0,0.030513542679794448
resolution_g32,advection_diffusion__fno__coefficient__s7202__none,fno,none,advection_diffusion,coefficient,test,64,0,0,0,0.00024579750286707336
resolution_g32,advection_diffusion__fno__coefficient__s7202__none,fno,none,advection_diffusion,coefficient,test,96,0,0,0,0.00036784952624154454
resolution_g32,advection_diffusion__fno__coefficient__s7202__none,fno,none,advection_diffusion,coefficient,ood,64,0,0,0,0.012161952461097969
resolution_g32,advection_diffusion__fno__coefficient__s7202__none,fno,none,advection_diffusion,coefficient,ood,96,0,0,0,0.01676834638564547
resolution_g32,advection_diffusion__fno__coefficient__s7202__smooth,fno,smooth,advection_diffusion,coefficient,test,64,0,0,0,0.002580288464651581
resolution_g32,advection_diffusion__fno__coefficient__s7202__smooth,fno,smooth,advection_diffusion,coefficient,test,96,0,0,0,0.00409357550074337
resolution_g32,advection_diffusion__fno__coefficient__s7202__smooth,fno,smooth,advection_diffusion,coefficient,ood,64,0,0,0,0.028823124728116656
resolution_g32,advection_diffusion__fno__coefficient__s7202__smooth,fno,smooth,advection_diffusion,coefficient,ood,96,0,0,0,0.04148010247435482
resolution_g32,advection_diffusion__fno__coefficient__s7303__none,fno,none,advection_diffusion,coefficient,test,64,0,0,0,0.0005593506542774171
resolution_g32,advection_diffusion__fno__coefficient__s7303__none,fno,none,advection_diffusion,coefficient,test,96,0,0,0,0.0008314907541466382
resolution_g32,advection_diffusion__fno__coefficient__s7303__none,fno,none,advection_diffusion,coefficient,ood,64,0,0,0,0.06467534264175034
resolution_g32,advection_diffusion__fno__coefficient__s7303__none,fno,none,advection_diffusion,coefficient,ood,96,0,0,0,0.10438263240666945
resolution_g32,advection_diffusion__fno__coefficient__s7303__smooth,fno,smooth,advection_diffusion,coefficient,test,64,0,0,0,0.00134366653249475
resolution_g32,advection_diffusion__fno__coefficient__s7303__smooth,fno,smooth,advection_diffusion,coefficient,test,96,0,0,0,0.0016347689708888131
resolution_g32,advection_diffusion__fno__coefficient__s7303__smooth,fno,smooth,advection_diffusion,coefficient,ood,64,0,0,0,0.022951580113402148
resolution_g32,advection_diffusion__fno__coefficient__s7303__smooth,fno,smooth,advection_diffusion,coefficient,ood,96,0,0,0,0.03559792936889187
resolution_g32,advection_diffusion__fno__coefficient__s7404__none,fno,none,advection_diffusion,coefficient,test,64,0,0,0,0.00039199180900783767
resolution_g32,advection_diffusion__fno__coefficient__s7404__none,fno,none,advection_diffusion,coefficient,test,96,0,0,0,0.0006256902321979372
resolution_g32,advection_diffusion__fno__coefficient__s7404__none,fno,none,advection_diffusion,coefficient,ood,64,0,0,0,0.042657057130319864
resolution_g32,advection_diffusion__fno__coefficient__s7404__none,fno,none,advection_diffusion,coefficient,ood,96,0,0,0,0.056467123215113935
resolution_g32,advection_diffusion__fno__coefficient__s7404__smooth,fno,smooth,advection_diffusion,coefficient,test,64,0,0,0,0.003023627217155815
resolution_g32,advection_diffusion__fno__coefficient__s7404__smooth,fno,smooth,advection_diffusion,coefficient,test,96,0,0,0,0.004833442130272513
resolution_g32,advection_diffusion__fno__coefficient__s7404__smooth,fno,smooth,advection_diffusion,coefficient,ood,64,0,0,0,0.016680021650823995
resolution_g32,advection_diffusion__fno__coefficient__s7404__smooth,fno,smooth,advection_diffusion,coefficient,ood,96,0,0,0,0.024077009151641755
resolution_g32,advection_diffusion__fno__correct__s7101__none,fno,none,advection_diffusion,correct,test,64,0,0,0,0.00030704769076111277
resolution_g32,advection_diffusion__fno__correct__s7101__none,fno,none,advection_diffusion,correct,test,96,0,0,0,0.0005030051226403385
resolution_g32,advection_diffusion__fno__correct__s7101__none,fno,none,advection_diffusion,correct,ood,64,0,0,0,0.06966447547344379
resolution_g32,advection_diffusion__fno__correct__s7101__none,fno,none,advection_diffusion,correct,ood,96,0,0,0,0.09810236725204802
resolution_g32,advection_diffusion__fno__correct__s7101__smooth,fno,smooth,advection_diffusion,correct,test,64,0,0,0,0.00010574281389232922
resolution_g32,advection_diffusion__fno__correct__s7101__smooth,fno,smooth,advection_diffusion,correct,test,96,0,0,0,0.0001589093093263977
resolution_g32,advection_diffusion__fno__correct__s7101__smooth,fno,smooth,advection_diffusion,correct,ood,64,0,0,0,0.03304484491284998
resolution_g32,advection_diffusion__fno__correct__s7101__smooth,fno,smooth,advection_diffusion,correct,ood,96,0,0,0,0.04930257185461
resolution_g32,advection_diffusion__fno__correct__s7202__none,fno,none,advection_diffusion,correct,test,64,0,0,0,0.00028865199587111215
resolution_g32,advection_diffusion__fno__correct__s7202__none,fno,none,advection_diffusion,correct,test,96,0,0,0,0.0004385817839002368
resolution_g32,advection_diffusion__fno__correct__s7202__none,fno,none,advection_diffusion,correct,ood,64,0,0,0,0.00923195686012368
resolution_g32,advection_diffusion__fno__correct__s7202__none,fno,none,advection_diffusion,correct,ood,96,0,0,0,0.012029588064292072
resolution_g32,advection_diffusion__fno__correct__s7202__smooth,fno,smooth,advection_diffusion,correct,test,64,0,0,0,0.00013725812372122025
resolution_g32,advection_diffusion__fno__correct__s7202__smooth,fno,smooth,advection_diffusion,correct,test,96,0,0,0,0.00020161626545115233
resolution_g32,advection_diffusion__fno__correct__s7202__smooth,fno,smooth,advection_diffusion,correct,ood,64,0,0,0,0.007507976576691
resolution_g32,advection_diffusion__fno__correct__s7202__smooth,fno,smooth,advection_diffusion,correct,ood,96,0,0,0,0.010557166064497045
resolution_g32,advection_diffusion__fno__correct__s7303__none,fno,none,advection_diffusion,correct,test,64,0,0,0,0.0002991234752335514
resolution_g32,advection_diffusion__fno__correct__s7303__none,fno,none,advection_diffusion,correct,test,96,0,0,0,0.0004466767332242331
resolution_g32,advection_diffusion__fno__correct__s7303__none,fno,none,advection_diffusion,correct,ood,64,0,0,0,0.05415183710811666
resolution_g32,advection_diffusion__fno__correct__s7303__none,fno,none,advection_diffusion,correct,ood,96,0,0,0,0.08583041291228326
resolution_g32,advection_diffusion__fno__correct__s7303__smooth,fno,smooth,advection_diffusion,correct,test,64,0,0,0,0.0001017059834464585
resolution_g32,advection_diffusion__fno__correct__s7303__smooth,fno,smooth,advection_diffusion,correct,test,96,0,0,0,0.0001403409194027846
resolution_g32,advection_diffusion__fno__correct__s7303__smooth,fno,smooth,advection_diffusion,correct,ood,64,0,0,0,0.042253288977908365
resolution_g32,advection_diffusion__fno__correct__s7303__smooth,fno,smooth,advection_diffusion,correct,ood,96,0,0,0,0.06633473542963338
resolution_g32,advection_diffusion__fno__correct__s7404__none,fno,none,advection_diffusion,correct,test,64,0,0,0,0.0005564346223321127
resolution_g32,advection_diffusion__fno__correct__s7404__none,fno,none,advection_diffusion,correct,test,96,0,0,0,0.0008406348961093336
resolution_g32,advection_diffusion__fno__correct__s7404__none,fno,none,advection_diffusion,correct,ood,64,0,0,0,0.04706355825752251
resolution_g32,advection_diffusion__fno__correct__s7404__none,fno,none,advection_diffusion,correct,ood,96,0,0,0,0.06326111369115199
resolution_g32,advection_diffusion__fno__correct__s7404__smooth,fno,smooth,advection_diffusion,correct,test,64,0,0,0,0.00015801390466887826
resolution_g32,advection_diffusion__fno__correct__s7404__smooth,fno,smooth,advection_diffusion,correct,test,96,0,0,0,0.00024357838450866806
resolution_g32,advection_diffusion__fno__correct__s7404__smooth,fno,smooth,advection_diffusion,correct,ood,64,0,0,0,0.035374921339901944
resolution_g32,advection_diffusion__fno__correct__s7404__smooth,fno,smooth,advection_diffusion,correct,ood,96,0,0,0,0.05196650029003107
resolution_g32,advection_diffusion__looped__coefficient__s7101__none,looped,none,advection_diffusion,coefficient,test,64,0,0,0,0.0022374953221468985
resolution_g32,advection_diffusion__looped__coefficient__s7101__none,looped,none,advection_diffusion,coefficient,test,96,0,0,0,0.003130767375041662
resolution_g32,advection_diffusion__looped__coefficient__s7101__none,looped,none,advection_diffusion,coefficient,ood,64,0,0,0,1.3746522312982563
resolution_g32,advection_diffusion__looped__coefficient__s7101__none,looped,none,advection_diffusion,coefficient,ood,96,0,0,0,5.444875405087959
resolution_g32,advection_diffusion__looped__coefficient__s7101__smooth,looped,smooth,advection_diffusion,coefficient,test,64,0,0,0,0.005729005177951496
resolution_g32,advection_diffusion__looped__coefficient__s7101__smooth,looped,smooth,advection_diffusion,coefficient,test,96,0,0,0,0.00891269562060663
resolution_g32,advection_diffusion__looped__coefficient__s7101__smooth,looped,smooth,advection_diffusion,coefficient,ood,64,0,0,0,1.602948905542064
resolution_g32,advection_diffusion__looped__coefficient__s7101__smooth,looped,smooth,advection_diffusion,coefficient,ood,96,0,0,0,6.041072675945125
resolution_g32,advection_diffusion__looped__coefficient__s7202__none,looped,none,advection_diffusion,coefficient,test,64,0,0,0,0.003221902558120382
resolution_g32,advection_diffusion__looped__coefficient__s7202__none,looped,none,advection_diffusion,coefficient,test,96,0,0,0,0.0041913440499118755
resolution_g32,advection_diffusion__looped__coefficient__s7202__none,looped,none,advection_diffusion,coefficient,ood,64,0,0,0,1.5479835277625966
resolution_g32,advection_diffusion__looped__coefficient__s7202__none,looped,none,advection_diffusion,coefficient,ood,96,0,0,0,2.5471475483953254
resolution_g32,advection_diffusion__looped__coefficient__s7202__smooth,looped,smooth,advection_diffusion,coefficient,test,64,0,0,0,0.00617744228883188
resolution_g32,advection_diffusion__looped__coefficient__s7202__smooth,looped,smooth,advection_diffusion,coefficient,test,96,0,0,0,0.008970625932828526
resolution_g32,advection_diffusion__looped__coefficient__s7202__smooth,looped,smooth,advection_diffusion,coefficient,ood,64,0,0,0,1.055978459315611
resolution_g32,advection_diffusion__looped__coefficient__s7202__smooth,looped,smooth,advection_diffusion,coefficient,ood,96,0,0,0,1.5873348725499454
resolution_g32,advection_diffusion__looped__coefficient__s7303__none,looped,none,advection_diffusion,coefficient,test,64,0,0,0,0.004477207775411607
resolution_g32,advection_diffusion__looped__coefficient__s7303__none,looped,none,advection_diffusion,coefficient,test,96,0,0,0,0.00917942647912362
resolution_g32,advection_diffusion__looped__coefficient__s7303__none,looped,none,advection_diffusion,coefficient,ood,64,0,0,0,1.9345676346106302
resolution_g32,advection_diffusion__looped__coefficient__s7303__none,looped,none,advection_diffusion,coefficient,ood,96,0,0,0,3.3341370121133878
resolution_g32,advection_diffusion__looped__coefficient__s7303__smooth,looped,smooth,advection_diffusion,coefficient,test,64,0,0,0,0.011452913317738123
resolution_g32,advection_diffusion__looped__coefficient__s7303__smooth,looped,smooth,advection_diffusion,coefficient,test,96,0,0,0,0.022366412361339627
resolution_g32,advection_diffusion__looped__coefficient__s7303__smooth,looped,smooth,advection_diffusion,coefficient,ood,64,0,0,0,0.9387182915380663
resolution_g32,advection_diffusion__looped__coefficient__s7303__smooth,looped,smooth,advection_diffusion,coefficient,ood,96,0,0,0,1.1502328058472056
resolution_g32,advection_diffusion__looped__coefficient__s7404__none,looped,none,advection_diffusion,coefficient,test,64,0,0,0,0.003061039836758095
resolution_g32,advection_diffusion__looped__coefficient__s7404__none,looped,none,advection_diffusion,coefficient,test,96,0,0,0,0.003431769826145311
resolution_g32,advection_diffusion__looped__coefficient__s7404__none,looped,none,advection_diffusion,coefficient,ood,64,0,0,0,0.9650167059384671
resolution_g32,advection_diffusion__looped__coefficient__s7404__none,looped,none,advection_diffusion,coefficient,ood,96,0,0,0,1.029809972204286
resolution_g32,advection_diffusion__looped__coefficient__s7404__smooth,looped,smooth,advection_diffusion,coefficient,test,64,0,0,0,0.009130990507079106
resolution_g32,advection_diffusion__looped__coefficient__s7404__smooth,looped,smooth,advection_diffusion,coefficient,test,96,0,0,0,0.01225580026275308
resolution_g32,advection_diffusion__looped__coefficient__s7404__smooth,looped,smooth,advection_diffusion,coefficient,ood,64,0,0,0,2.5181784254262993
resolution_g32,advection_diffusion__looped__coefficient__s7404__smooth,looped,smooth,advection_diffusion,coefficient,ood,96,0,0,0,2.93359486346579
resolution_g32,advection_diffusion__looped__correct__s7101__none,looped,none,advection_diffusion,correct,test,64,0,0,0,0.0022374379131380184
resolution_g32,advection_diffusion__looped__correct__s7101__none,looped,none,advection_diffusion,correct,test,96,0,0,0,0.003130658550892118
resolution_g32,advection_diffusion__looped__correct__s7101__none,looped,none,advection_diffusion,correct,ood,64,0,0,0,1.3746490996401803
resolution_g32,advection_diffusion__looped__correct__s7101__none,looped,none,advection_diffusion,correct,ood,96,0,0,0,5.444865603105541
resolution_g32,advection_diffusion__looped__correct__s7101__smooth,looped,smooth,advection_diffusion,correct,test,64,0,0,0,0.003283415019911029
resolution_g32,advection_diffusion__looped__correct__s7101__smooth,looped,smooth,advection_diffusion,correct,test,96,0,0,0,0.005249804932908534
resolution_g32,advection_diffusion__looped__correct__s7101__smooth,looped,smooth,advection_diffusion,correct,ood,64,0,0,0,1.9714070333446898
resolution_g32,advection_diffusion__looped__correct__s7101__smooth,looped,smooth,advection_diffusion,correct,ood,96,0,0,0,7.809120103068001
resolution_g32,advection_diffusion__looped__correct__s7202__none,looped,none,advection_diffusion,correct,test,64,0,0,0,0.0032218609509819807
resolution_g32,advection_diffusion__looped__correct__s7202__none,looped,none,advection_diffusion,correct,test,96,0,0,0,0.004191274294026511
resolution_g32,advection_diffusion__looped__correct__s7202__none,looped,none,advection_diffusion,correct,ood,64,0,0,0,1.547977057988362
resolution_g32,advection_diffusion__looped__correct__s7202__none,looped,none,advection_diffusion,correct,ood,96,0,0,0,2.5471350609190795
resolution_g32,advection_diffusion__looped__correct__s7202__smooth,looped,smooth,advection_diffusion,correct,test,64,0,0,0,0.0031352466874920992
resolution_g32,advection_diffusion__looped__correct__s7202__smooth,looped,smooth,advection_diffusion,correct,test,96,0,0,0,0.0041403385961776475
resolution_g32,advection_diffusion__looped__correct__s7202__smooth,looped,smooth,advection_diffusion,correct,ood,64,0,0,0,1.079561925379437
resolution_g32,advection_diffusion__looped__correct__s7202__smooth,looped,smooth,advection_diffusion,correct,ood,96,0,0,0,1.5571079792686078
resolution_g32,advection_diffusion__looped__correct__s7303__none,looped,none,advection_diffusion,correct,test,64,0,0,0,0.004477323319757587
resolution_g32,advection_diffusion__looped__correct__s7303__none,looped,none,advection_diffusion,correct,test,96,0,0,0,0.00917995636157524
resolution_g32,advection_diffusion__looped__correct__s7303__none,looped,none,advection_diffusion,correct,ood,64,0,0,0,1.934558451239809
resolution_g32,advection_diffusion__looped__correct__s7303__none,looped,none,advection_diffusion,correct,ood,96,0,0,0,3.3341155446460107
resolution_g32,advection_diffusion__looped__correct__s7303__smooth,looped,smooth,advection_diffusion,correct,test,64,0,0,0,0.00442465654113966
resolution_g32,advection_diffusion__looped__correct__s7303__smooth,looped,smooth,advection_diffusion,correct,test,96,0,0,0,0.01034677189626132
resolution_g32,advection_diffusion__looped__correct__s7303__smooth,looped,smooth,advection_diffusion,correct,ood,64,0,0,0,1.2197489546196891
resolution_g32,advection_diffusion__looped__correct__s7303__smooth,looped,smooth,advection_diffusion,correct,ood,96,0,0,0,1.6615599204111693
resolution_g32,advection_diffusion__looped__correct__s7404__none,looped,none,advection_diffusion,correct,test,64,0,0,0,0.0030610677500271244
resolution_g32,advection_diffusion__looped__correct__s7404__none,looped,none,advection_diffusion,correct,test,96,0,0,0,0.003431807509283698
resolution_g32,advection_diffusion__looped__correct__s7404__none,looped,none,advection_diffusion,correct,ood,64,0,0,0,0.9650196249040164
resolution_g32,advection_diffusion__looped__correct__s7404__none,looped,none,advection_diffusion,correct,ood,96,0,0,0,1.0298132582962958
resolution_g32,advection_diffusion__looped__correct__s7404__smooth,looped,smooth,advection_diffusion,correct,test,64,0,0,0,0.004763660432752115
resolution_g32,advection_diffusion__looped__correct__s7404__smooth,looped,smooth,advection_diffusion,correct,test,96,0,0,0,0.005582048046426221
resolution_g32,advection_diffusion__looped__correct__s7404__smooth,looped,smooth,advection_diffusion,correct,ood,64,0,0,0,1.4609304621410502
resolution_g32,advection_diffusion__looped__correct__s7404__smooth,looped,smooth,advection_diffusion,correct,ood,96,0,0,0,1.575751118745302
resolution_g32,advection_diffusion__transformer__coefficient__s7101__none,transformer,none,advection_diffusion,coefficient,test,64,0,0,0,0.004251459314573047
resolution_g32,advection_diffusion__transformer__coefficient__s7101__none,transformer,none,advection_diffusion,coefficient,test,96,0,0,0,0.00726392192114093
resolution_g32,advection_diffusion__transformer__coefficient__s7101__none,transformer,none,advection_diffusion,coefficient,ood,64,0,0,0,0.8529123626820478
resolution_g32,advection_diffusion__transformer__coefficient__s7101__none,transformer,none,advection_diffusion,coefficient,ood,96,0,0,0,0.8856977859818851
resolution_g32,advection_diffusion__transformer__coefficient__s7101__smooth,transformer,smooth,advection_diffusion,coefficient,test,64,0,0,0,0.0039759083996636635
resolution_g32,advection_diffusion__transformer__coefficient__s7101__smooth,transformer,smooth,advection_diffusion,coefficient,test,96,0,0,0,0.005686299872496248
resolution_g32,advection_diffusion__transformer__coefficient__s7101__smooth,transformer,smooth,advection_diffusion,coefficient,ood,64,0,0,0,0.8775712090401271
resolution_g32,advection_diffusion__transformer__coefficient__s7101__smooth,transformer,smooth,advection_diffusion,coefficient,ood,96,0,0,0,0.9125332670580141
resolution_g32,advection_diffusion__transformer__coefficient__s7202__none,transformer,none,advection_diffusion,coefficient,test,64,0,0,0,0.0020161595679010214
resolution_g32,advection_diffusion__transformer__coefficient__s7202__none,transformer,none,advection_diffusion,coefficient,test,96,0,0,0,0.002412404822346318
resolution_g32,advection_diffusion__transformer__coefficient__s7202__none,transformer,none,advection_diffusion,coefficient,ood,64,0,0,0,1.4229065308651911
resolution_g32,advection_diffusion__transformer__coefficient__s7202__none,transformer,none,advection_diffusion,coefficient,ood,96,0,0,0,1.6547711807098722
resolution_g32,advection_diffusion__transformer__coefficient__s7202__smooth,transformer,smooth,advection_diffusion,coefficient,test,64,0,0,0,0.005867657121019332
resolution_g32,advection_diffusion__transformer__coefficient__s7202__smooth,transformer,smooth,advection_diffusion,coefficient,test,96,0,0,0,0.008652564348748209
resolution_g32,advection_diffusion__transformer__coefficient__s7202__smooth,transformer,smooth,advection_diffusion,coefficient,ood,64,0,0,0,1.9915554068736014
resolution_g32,advection_diffusion__transformer__coefficient__s7202__smooth,transformer,smooth,advection_diffusion,coefficient,ood,96,0,0,0,2.5074968434938683
resolution_g32,advection_diffusion__transformer__coefficient__s7303__none,transformer,none,advection_diffusion,coefficient,test,64,0,0,0,0.0020847323601201895
resolution_g32,advection_diffusion__transformer__coefficient__s7303__none,transformer,none,advection_diffusion,coefficient,test,96,0,0,0,0.002882286959525452
resolution_g32,advection_diffusion__transformer__coefficient__s7303__none,transformer,none,advection_diffusion,coefficient,ood,64,0,0,0,0.9573406708347534
resolution_g32,advection_diffusion__transformer__coefficient__s7303__none,transformer,none,advection_diffusion,coefficient,ood,96,0,0,0,1.1470301260122064
resolution_g32,advection_diffusion__transformer__coefficient__s7303__smooth,transformer,smooth,advection_diffusion,coefficient,test,64,0,0,0,0.007420492745275453
resolution_g32,advection_diffusion__transformer__coefficient__s7303__smooth,transformer,smooth,advection_diffusion,coefficient,test,96,0,0,0,0.011568269411786977
resolution_g32,advection_diffusion__transformer__coefficient__s7303__smooth,transformer,smooth,advection_diffusion,coefficient,ood,64,0,0,0,1.5202884486931794
resolution_g32,advection_diffusion__transformer__coefficient__s7303__smooth,transformer,smooth,advection_diffusion,coefficient,ood,96,0,0,0,2.1211241414880155
resolution_g32,advection_diffusion__transformer__coefficient__s7404__none,transformer,none,advection_diffusion,coefficient,test,64,0,0,0,0.0020714588260547506
resolution_g32,advection_diffusion__transformer__coefficient__s7404__none,transformer,none,advection_diffusion,coefficient,test,96,0,0,0,0.002442117903507901
resolution_g32,advection_diffusion__transformer__coefficient__s7404__none,transformer,none,advection_diffusion,coefficient,ood,64,0,0,0,0.6408951646270964
resolution_g32,advection_diffusion__transformer__coefficient__s7404__none,transformer,none,advection_diffusion,coefficient,ood,96,0,0,0,0.643197828127029
resolution_g32,advection_diffusion__transformer__coefficient__s7404__smooth,transformer,smooth,advection_diffusion,coefficient,test,64,0,0,0,0.007309149103339463
resolution_g32,advection_diffusion__transformer__coefficient__s7404__smooth,transformer,smooth,advection_diffusion,coefficient,test,96,0,0,0,0.010675256025870272
resolution_g32,advection_diffusion__transformer__coefficient__s7404__smooth,transformer,smooth,advection_diffusion,coefficient,ood,64,0,0,0,0.6622009907990787
resolution_g32,advection_diffusion__transformer__coefficient__s7404__smooth,transformer,smooth,advection_diffusion,coefficient,ood,96,0,0,0,0.6593989208561197
resolution_g32,advection_diffusion__transformer__correct__s7101__none,transformer,none,advection_diffusion,correct,test,64,0,0,0,0.004251309103472045
resolution_g32,advection_diffusion__transformer__correct__s7101__none,transformer,none,advection_diffusion,correct,test,96,0,0,0,0.007263614921635039
resolution_g32,advection_diffusion__transformer__correct__s7101__none,transformer,none,advection_diffusion,correct,ood,64,0,0,0,0.8529143335903768
resolution_g32,advection_diffusion__transformer__correct__s7101__none,transformer,none,advection_diffusion,correct,ood,96,0,0,0,0.8857001367432152
resolution_g32,advection_diffusion__transformer__correct__s7101__smooth,transformer,smooth,advection_diffusion,correct,test,64,0,0,0,0.002661838591109744
resolution_g32,advection_diffusion__transformer__correct__s7101__smooth,transformer,smooth,advection_diffusion,correct,test,96,0,0,0,0.003443114801371272
resolution_g32,advection_diffusion__transformer__correct__s7101__smooth,transformer,smooth,advection_diffusion,correct,ood,64,0,0,0,0.9677625449025413
resolution_g32,advection_diffusion__transformer__correct__s7101__smooth,transformer,smooth,advection_diffusion,correct,ood,96,0,0,0,1.0181612175028552
resolution_g32,advection_diffusion__transformer__correct__s7202__none,transformer,none,advection_diffusion,correct,test,64,0,0,0,0.0020161849253597097
resolution_g32,advection_diffusion__transformer__correct__s7202__none,transformer,none,advection_diffusion,correct,test,96,0,0,0,0.0024124492457104907
resolution_g32,advection_diffusion__transformer__correct__s7202__none,transformer,none,advection_diffusion,correct,ood,64,0,0,0,1.4229038172620108
resolution_g32,advection_diffusion__transformer__correct__s7202__none,transformer,none,advection_diffusion,correct,ood,96,0,0,0,1.6547671201323815
resolution_g32,advection_diffusion__transformer__correct__s7202__smooth,transformer,smooth,advection_diffusion,correct,test,64,0,0,0,0.0022497055979613934
resolution_g32,advection_diffusion__transformer__correct__s7202__smooth,transformer,smooth,advection_diffusion,correct,test,96,0,0,0,0.0031795209258997552
resolution_g32,advection_diffusion__transformer__correct__s7202__smooth,transformer,smooth,advection_diffusion,correct,ood,64,0,0,0,2.069820878034591
resolution_g32,advection_diffusion__transformer__correct__s7202__smooth,transformer,smooth,advection_diffusion,correct,ood,96,0,0,0,2.6506576510804507
resolution_g32,advection_diffusion__transformer__correct__s7303__none,transformer,none,advection_diffusion,correct,test,64,0,0,0,0.002084757181058383
resolution_g32,advection_diffusion__transformer__correct__s7303__none,transformer,none,advection_diffusion,correct,test,96,0,0,0,0.0028823270700252626
resolution_g32,advection_diffusion__transformer__correct__s7303__none,transformer,none,advection_diffusion,correct,ood,64,0,0,0,0.9573399814331083
resolution_g32,advection_diffusion__transformer__correct__s7303__none,transformer,none,advection_diffusion,correct,ood,96,0,0,0,1.1470290766219857
resolution_g32,advection_diffusion__transformer__correct__s7303__smooth,transformer,smooth,advection_diffusion,correct,test,64,0,0,0,0.0033156294881134807
resolution_g32,advection_diffusion__transformer__correct__s7303__smooth,transformer,smooth,advection_diffusion,correct,test,96,0,0,0,0.006745403867687369
resolution_g32,advection_diffusion__transformer__correct__s7303__smooth,transformer,smooth,advection_diffusion,correct,ood,64,0,0,0,1.410799696641618
resolution_g32,advection_diffusion__transformer__correct__s7303__smooth,transformer,smooth,advection_diffusion,correct,ood,96,0,0,0,1.950552861607207
resolution_g32,advection_diffusion__transformer__correct__s7404__none,transformer,none,advection_diffusion,correct,test,64,0,0,0,0.002071440110325007
resolution_g32,advection_diffusion__transformer__correct__s7404__none,transformer,none,advection_diffusion,correct,test,96,0,0,0,0.0024421599466280712
resolution_g32,advection_diffusion__transformer__correct__s7404__none,transformer,none,advection_diffusion,correct,ood,64,0,0,0,0.6408919080349165
resolution_g32,advection_diffusion__transformer__correct__s7404__none,transformer,none,advection_diffusion,correct,ood,96,0,0,0,0.6431935559751689
resolution_g32,advection_diffusion__transformer__correct__s7404__smooth,transformer,smooth,advection_diffusion,correct,test,64,0,0,0,0.0017372366597375732
resolution_g32,advection_diffusion__transformer__correct__s7404__smooth,transformer,smooth,advection_diffusion,correct,test,96,0,0,0,0.0021692116940374984
resolution_g32,advection_diffusion__transformer__correct__s7404__smooth,transformer,smooth,advection_diffusion,correct,ood,64,0,0,0,0.6924977073643959
resolution_g32,advection_diffusion__transformer__correct__s7404__smooth,transformer,smooth,advection_diffusion,correct,ood,96,0,0,0,0.6913712110718582
resolution_g32,allen_cahn__fno__coefficient__s7101__none,fno,none,allen_cahn,coefficient,test,64,0,0,0,0.010536790901590272
resolution_g32,allen_cahn__fno__coefficient__s7101__none,fno,none,allen_cahn,coefficient,test,96,0,0,0,0.017374705364730812
resolution_g32,allen_cahn__fno__coefficient__s7101__none,fno,none,allen_cahn,coefficient,ood,64,0,0,0,0.025332383216691845
resolution_g32,allen_cahn__fno__coefficient__s7101__none,fno,none,allen_cahn,coefficient,ood,96,0,0,0,0.0577364364931056
resolution_g32,allen_cahn__fno__coefficient__s7101__smooth,fno,smooth,allen_cahn,coefficient,test,64,0,0,0,0.000491883213162056
resolution_g32,allen_cahn__fno__coefficient__s7101__smooth,fno,smooth,allen_cahn,coefficient,test,96,0,0,0,0.0010265274742170816
resolution_g32,allen_cahn__fno__coefficient__s7101__smooth,fno,smooth,allen_cahn,coefficient,ood,64,0,0,0,0.0029616361828998516
resolution_g32,allen_cahn__fno__coefficient__s7101__smooth,fno,smooth,allen_cahn,coefficient,ood,96,0,0,0,0.0054282742260984475
resolution_g32,allen_cahn__fno__coefficient__s7202__none,fno,none,allen_cahn,coefficient,test,64,0,0,0,0.015452007666905805
resolution_g32,allen_cahn__fno__coefficient__s7202__none,fno,none,allen_cahn,coefficient,test,96,0,0,0,0.04197783498409343
resolution_g32,allen_cahn__fno__coefficient__s7202__none,fno,none,allen_cahn,coefficient,ood,64,0,0,0,0.06882295015743048
resolution_g32,allen_cahn__fno__coefficient__s7202__none,fno,none,allen_cahn,coefficient,ood,96,0,0,0,0.17399659871743575
resolution_g32,allen_cahn__fno__coefficient__s7202__smooth,fno,smooth,allen_cahn,coefficient,test,64,0,0,0,0.00042036364818709426
resolution_g32,allen_cahn__fno__coefficient__s7202__smooth,fno,smooth,allen_cahn,coefficient,test,96,0,0,0,0.0008283879888738206
resolution_g32,allen_cahn__fno__coefficient__s7202__smooth,fno,smooth,allen_cahn,coefficient,ood,64,0,0,0,0.007298251936098232
resolution_g32,allen_cahn__fno__coefficient__s7202__smooth,fno,smooth,allen_cahn,coefficient,ood,96,0,0,0,0.013734586604333169
resolution_g32,allen_cahn__fno__coefficient__s7303__none,fno,none,allen_cahn,coefficient,test,64,0,0,0,0.01353721489303586
resolution_g32,allen_cahn__fno__coefficient__s7303__none,fno,none,allen_cahn,coefficient,test,96,0,0,0,0.03105824338598593
resolution_g32,allen_cahn__fno__coefficient__s7303__none,fno,none,allen_cahn,coefficient,ood,64,0,0,0,0.022399436458899635
resolution_g32,allen_cahn__fno__coefficient__s7303__none,fno,none,allen_cahn,coefficient,ood,96,0,0,0,0.054442300708502936
resolution_g32,allen_cahn__fno__coefficient__s7303__smooth,fno,smooth,allen_cahn,coefficient,test,64,0,0,0,0.0005937898793628299
resolution_g32,allen_cahn__fno__coefficient__s7303__smooth,fno,smooth,allen_cahn,coefficient,test,96,0,0,0,0.0008647442218898405
resolution_g32,allen_cahn__fno__coefficient__s7303__smooth,fno,smooth,allen_cahn,coefficient,ood,64,0,0,0,0.007185768741884591
resolution_g32,allen_cahn__fno__coefficient__s7303__smooth,fno,smooth,allen_cahn,coefficient,ood,96,0,0,0,0.01417590757760016
resolution_g32,allen_cahn__fno__coefficient__s7404__none,fno,none,allen_cahn,coefficient,test,64,0,0,0,0.014669135216908089
resolution_g32,allen_cahn__fno__coefficient__s7404__none,fno,none,allen_cahn,coefficient,test,96,0,0,0,0.032231753343430744
resolution_g32,allen_cahn__fno__coefficient__s7404__none,fno,none,allen_cahn,coefficient,ood,64,0,0,0,0.02211527297358644
resolution_g32,allen_cahn__fno__coefficient__s7404__none,fno,none,allen_cahn,coefficient,ood,96,0,0,0,0.046991331191534966
resolution_g32,allen_cahn__fno__coefficient__s7404__smooth,fno,smooth,allen_cahn,coefficient,test,64,0,0,0,0.000519746185860176
resolution_g32,allen_cahn__fno__coefficient__s7404__smooth,fno,smooth,allen_cahn,coefficient,test,96,0,0,0,0.0009706504882616336
resolution_g32,allen_cahn__fno__coefficient__s7404__smooth,fno,smooth,allen_cahn,coefficient,ood,64,0,0,0,0.010653113170424167
resolution_g32,allen_cahn__fno__coefficient__s7404__smooth,fno,smooth,allen_cahn,coefficient,ood,96,0,0,0,0.020726608818651293
resolution_g32,allen_cahn__fno__correct__s7101__none,fno,none,allen_cahn,correct,test,64,0,0,0,0.010499279258885996
resolution_g32,allen_cahn__fno__correct__s7101__none,fno,none,allen_cahn,correct,test,96,0,0,0,0.017232965233275405
resolution_g32,allen_cahn__fno__correct__s7101__none,fno,none,allen_cahn,correct,ood,64,0,0,0,0.025404386200551035
resolution_g32,allen_cahn__fno__correct__s7101__none,fno,none,allen_cahn,correct,ood,96,0,0,0,0.05805026782295076
resolution_g32,allen_cahn__fno__correct__s7101__smooth,fno,smooth,allen_cahn,correct,test,64,0,0,0,0.0003361006562228666
resolution_g32,allen_cahn__fno__correct__s7101__smooth,fno,smooth,allen_cahn,correct,test,96,0,0,0,0.0006034838954640936
resolution_g32,allen_cahn__fno__correct__s7101__smooth,fno,smooth,allen_cahn,correct,ood,64,0,0,0,0.0014264942248484735
resolution_g32,allen_cahn__fno__correct__s7101__smooth,fno,smooth,allen_cahn,correct,ood,96,0,0,0,0.0027636638890203105
resolution_g32,allen_cahn__fno__correct__s7202__none,fno,none,allen_cahn,correct,test,64,0,0,0,0.01536901709365137
resolution_g32,allen_cahn__fno__correct__s7202__none,fno,none,allen_cahn,correct,test,96,0,0,0,0.04159860623244355
resolution_g32,allen_cahn__fno__correct__s7202__none,fno,none,allen_cahn,correct,ood,64,0,0,0,0.0691216322208349
resolution_g32,allen_cahn__fno__correct__s7202__none,fno,none,allen_cahn,correct,ood,96,0,0,0,0.17445685092156307
resolution_g32,allen_cahn__fno__correct__s7202__smooth,fno,smooth,allen_cahn,correct,test,64,0,0,0,0.00017126025743571804
resolution_g32,allen_cahn__fno__correct__s7202__smooth,fno,smooth,allen_cahn,correct,test,96,0,0,0,0.00027912902069580453
resolution_g32,allen_cahn__fno__correct__s7202__smooth,fno,smooth,allen_cahn,correct,ood,64,0,0,0,0.00529768809208625
resolution_g32,allen_cahn__fno__correct__s7202__smooth,fno,smooth,allen_cahn,correct,ood,96,0,0,0,0.010713363586234686
resolution_g32,allen_cahn__fno__correct__s7303__none,fno,none,allen_cahn,correct,test,64,0,0,0,0.012991624058869986
resolution_g32,allen_cahn__fno__correct__s7303__none,fno,none,allen_cahn,correct,test,96,0,0,0,0.029010515924208436
resolution_g32,allen_cahn__fno__correct__s7303__none,fno,none,allen_cahn,correct,ood,64,0,0,0,0.022617127902174863
resolution_g32,allen_cahn__fno__correct__s7303__none,fno,none,allen_cahn,correct,ood,96,0,0,0,0.05412555414801214
resolution_g32,allen_cahn__fno__correct__s7303__smooth,fno,smooth,allen_cahn,correct,test,64,0,0,0,0.00020413522959129848
resolution_g32,allen_cahn__fno__correct__s7303__smooth,fno,smooth,allen_cahn,correct,test,96,0,0,0,0.0002798801781374871
resolution_g32,allen_cahn__fno__correct__s7303__smooth,fno,smooth,allen_cahn,correct,ood,64,0,0,0,0.005630248620453138
resolution_g32,allen_cahn__fno__correct__s7303__smooth,fno,smooth,allen_cahn,correct,ood,96,0,0,0,0.01128029159505021
resolution_g32,allen_cahn__fno__correct__s7404__none,fno,none,allen_cahn,correct,test,64,0,0,0,0.014581650587283855
resolution_g32,allen_cahn__fno__correct__s7404__none,fno,none,allen_cahn,correct,test,96,0,0,0,0.03198393603905611
resolution_g32,allen_cahn__fno__correct__s7404__none,fno,none,allen_cahn,correct,ood,64,0,0,0,0.02223008224271389
resolution_g32,allen_cahn__fno__correct__s7404__none,fno,none,allen_cahn,correct,ood,96,0,0,0,0.047277003323737334
resolution_g32,allen_cahn__fno__correct__s7404__smooth,fno,smooth,allen_cahn,correct,test,64,0,0,0,0.0002697849698153343
resolution_g32,allen_cahn__fno__correct__s7404__smooth,fno,smooth,allen_cahn,correct,test,96,0,0,0,0.0004202208043796822
resolution_g32,allen_cahn__fno__correct__s7404__smooth,fno,smooth,allen_cahn,correct,ood,64,0,0,0,0.02266924226486844
resolution_g32,allen_cahn__fno__correct__s7404__smooth,fno,smooth,allen_cahn,correct,ood,96,0,0,0,0.04600417891293788
resolution_g32,allen_cahn__looped__coefficient__s7101__none,looped,none,allen_cahn,coefficient,test,64,0,0,0,0.003933269091537239
resolution_g32,allen_cahn__looped__coefficient__s7101__none,looped,none,allen_cahn,coefficient,test,96,0,0,0,0.004723448587102977
resolution_g32,allen_cahn__looped__coefficient__s7101__none,looped,none,allen_cahn,coefficient,ood,64,0,0,0,0.10984611843847247
resolution_g32,allen_cahn__looped__coefficient__s7101__none,looped,none,allen_cahn,coefficient,ood,96,0,0,0,0.23392842235150368
resolution_g32,allen_cahn__looped__coefficient__s7101__smooth,looped,smooth,allen_cahn,coefficient,test,64,0,0,0,0.0021933141037465687
resolution_g32,allen_cahn__looped__coefficient__s7101__smooth,looped,smooth,allen_cahn,coefficient,test,96,0,0,0,0.0033857862536574115
resolution_g32,allen_cahn__looped__coefficient__s7101__smooth,looped,smooth,allen_cahn,coefficient,ood,64,0,0,0,0.11013250322768897
resolution_g32,allen_cahn__looped__coefficient__s7101__smooth,looped,smooth,allen_cahn,coefficient,ood,96,0,0,0,0.21024922720724248
resolution_g32,allen_cahn__looped__coefficient__s7202__none,looped,none,allen_cahn,coefficient,test,64,0,0,0,0.005265167969233042
resolution_g32,allen_cahn__looped__coefficient__s7202__none,looped,none,allen_cahn,coefficient,test,96,0,0,0,0.006383371780983212
resolution_g32,allen_cahn__looped__coefficient__s7202__none,looped,none,allen_cahn,coefficient,ood,64,0,0,0,0.036113945969612704
resolution_g32,allen_cahn__looped__coefficient__s7202__none,looped,none,allen_cahn,coefficient,ood,96,0,0,0,0.06363804659453513
resolution_g32,allen_cahn__looped__coefficient__s7202__smooth,looped,smooth,allen_cahn,coefficient,test,64,0,0,0,0.0024023790573066695
resolution_g32,allen_cahn__looped__coefficient__s7202__smooth,looped,smooth,allen_cahn,coefficient,test,96,0,0,0,0.003790360748130587
resolution_g32,allen_cahn__looped__coefficient__s7202__smooth,looped,smooth,allen_cahn,coefficient,ood,64,0,0,0,0.07840267358555941
resolution_g32,allen_cahn__looped__coefficient__s7202__smooth,looped,smooth,allen_cahn,coefficient,ood,96,0,0,0,0.15503452934356804
resolution_g32,allen_cahn__looped__coefficient__s7303__none,looped,none,allen_cahn,coefficient,test,64,0,0,0,0.005692651181923525
resolution_g32,allen_cahn__looped__coefficient__s7303__none,looped,none,allen_cahn,coefficient,test,96,0,0,0,0.0074952306635647226
resolution_g32,allen_cahn__looped__coefficient__s7303__none,looped,none,allen_cahn,coefficient,ood,64,0,0,0,0.10505131472492746
resolution_g32,allen_cahn__looped__coefficient__s7303__none,looped,none,allen_cahn,coefficient,ood,96,0,0,0,0.2502352130190738
resolution_g32,allen_cahn__looped__coefficient__s7303__smooth,looped,smooth,allen_cahn,coefficient,test,64,0,0,0,0.0014142268764979482
resolution_g32,allen_cahn__looped__coefficient__s7303__smooth,looped,smooth,allen_cahn,coefficient,test,96,0,0,0,0.0022160606239174374
resolution_g32,allen_cahn__looped__coefficient__s7303__smooth,looped,smooth,allen_cahn,coefficient,ood,64,0,0,0,0.14686126496436458
resolution_g32,allen_cahn__looped__coefficient__s7303__smooth,looped,smooth,allen_cahn,coefficient,ood,96,0,0,0,0.22290819299706283
resolution_g32,allen_cahn__looped__coefficient__s7404__none,looped,none,allen_cahn,coefficient,test,64,0,0,0,0.006412735671180503
resolution_g32,allen_cahn__looped__coefficient__s7404__none,looped,none,allen_cahn,coefficient,test,96,0,0,0,0.00774014492011362
resolution_g32,allen_cahn__looped__coefficient__s7404__none,looped,none,allen_cahn,coefficient,ood,64,0,0,0,0.08540288408803054
resolution_g32,allen_cahn__looped__coefficient__s7404__none,looped,none,allen_cahn,coefficient,ood,96,0,0,0,0.17981785407415707
resolution_g32,allen_cahn__looped__coefficient__s7404__smooth,looped,smooth,allen_cahn,coefficient,test,64,0,0,0,0.0023984110293547856
resolution_g32,allen_cahn__looped__coefficient__s7404__smooth,looped,smooth,allen_cahn,coefficient,test,96,0,0,0,0.0036813035331567288
resolution_g32,allen_cahn__looped__coefficient__s7404__smooth,looped,smooth,allen_cahn,coefficient,ood,64,0,0,0,0.5275727890585191
resolution_g32,allen_cahn__looped__coefficient__s7404__smooth,looped,smooth,allen_cahn,coefficient,ood,96,0,0,0,1.0684768751668385
resolution_g32,allen_cahn__looped__correct__s7101__none,looped,none,allen_cahn,correct,test,64,0,0,0,0.003933270861127602
resolution_g32,allen_cahn__looped__correct__s7101__none,looped,none,allen_cahn,correct,test,96,0,0,0,0.004723450607657739
resolution_g32,allen_cahn__looped__correct__s7101__none,looped,none,allen_cahn,correct,ood,64,0,0,0,0.10984622173019876
resolution_g32,allen_cahn__looped__correct__s7101__none,looped,none,allen_cahn,correct,ood,96,0,0,0,0.23392865136436392
resolution_g32,allen_cahn__looped__correct__s7101__smooth,looped,smooth,allen_cahn,correct,test,64,0,0,0,0.00222790924278482
resolution_g32,allen_cahn__looped__correct__s7101__smooth,looped,smooth,allen_cahn,correct,test,96,0,0,0,0.0034117547962331978
resolution_g32,allen_cahn__looped__correct__s7101__smooth,looped,smooth,allen_cahn,correct,ood,64,0,0,0,0.08310470346130217
resolution_g32,allen_cahn__looped__correct__s7101__smooth,looped,smooth,allen_cahn,correct,ood,96,0,0,0,0.15237971613264753
resolution_g32,allen_cahn__looped__correct__s7202__none,looped,none,allen_cahn,correct,test,64,0,0,0,0.005265165189345611
resolution_g32,allen_cahn__looped__correct__s7202__none,looped,none,allen_cahn,correct,test,96,0,0,0,0.006383367966399601
resolution_g32,allen_cahn__looped__correct__s7202__none,looped,none,allen_cahn,correct,ood,64,0,0,0,0.03611389599671
resolution_g32,allen_cahn__looped__correct__s7202__none,looped,none,allen_cahn,correct,ood,96,0,0,0,0.063637955972915
resolution_g32,allen_cahn__looped__correct__s7202__smooth,looped,smooth,allen_cahn,correct,test,64,0,0,0,0.002177088041687647
resolution_g32,allen_cahn__looped__correct__s7202__smooth,looped,smooth,allen_cahn,correct,test,96,0,0,0,0.0033072812099681865
resolution_g32,allen_cahn__looped__correct__s7202__smooth,looped,smooth,allen_cahn,correct,ood,64,0,0,0,0.06313329609331841
resolution_g32,allen_cahn__looped__correct__s7202__smooth,looped,smooth,allen_cahn,correct,ood,96,0,0,0,0.13299238435558358
resolution_g32,allen_cahn__looped__correct__s7303__none,looped,none,allen_cahn,correct,test,64,0,0,0,0.005692656959737863
resolution_g32,allen_cahn__looped__correct__s7303__none,looped,none,allen_cahn,correct,test,96,0,0,0,0.007495250808413253
resolution_g32,allen_cahn__looped__correct__s7303__none,looped,none,allen_cahn,correct,ood,64,0,0,0,0.10505234715558309
resolution_g32,allen_cahn__looped__correct__s7303__none,looped,none,allen_cahn,correct,ood,96,0,0,0,0.25023783717474524
resolution_g32,allen_cahn__looped__correct__s7303__smooth,looped,smooth,allen_cahn,correct,test,64,0,0,0,0.0016232785552440232
resolution_g32,allen_cahn__looped__correct__s7303__smooth,looped,smooth,allen_cahn,correct,test,96,0,0,0,0.002397951086204886
resolution_g32,allen_cahn__looped__correct__s7303__smooth,looped,smooth,allen_cahn,correct,ood,64,0,0,0,0.1557092088261811
resolution_g32,allen_cahn__looped__correct__s7303__smooth,looped,smooth,allen_cahn,correct,ood,96,0,0,0,0.31242298937782687
resolution_g32,allen_cahn__looped__correct__s7404__none,looped,none,allen_cahn,correct,test,64,0,0,0,0.006412783384777132
resolution_g32,allen_cahn__looped__correct__s7404__none,looped,none,allen_cahn,correct,test,96,0,0,0,0.007740211674295061
resolution_g32,allen_cahn__looped__correct__s7404__none,looped,none,allen_cahn,correct,ood,64,0,0,0,0.0854018624635049
resolution_g32,allen_cahn__looped__correct__s7404__none,looped,none,allen_cahn,correct,ood,96,0,0,0,0.17981543158466612
resolution_g32,allen_cahn__looped__correct__s7404__smooth,looped,smooth,allen_cahn,correct,test,64,0,0,0,0.0020720109118881336
resolution_g32,allen_cahn__looped__correct__s7404__smooth,looped,smooth,allen_cahn,correct,test,96,0,0,0,0.003141608024236427
resolution_g32,allen_cahn__looped__correct__s7404__smooth,looped,smooth,allen_cahn,correct,ood,64,0,0,0,0.23891687158588404
resolution_g32,allen_cahn__looped__correct__s7404__smooth,looped,smooth,allen_cahn,correct,ood,96,0,0,0,0.5636513498051166
resolution_g32,allen_cahn__transformer__coefficient__s7101__none,transformer,none,allen_cahn,coefficient,test,64,0,0,0,0.002637980511489002
resolution_g32,allen_cahn__transformer__coefficient__s7101__none,transformer,none,allen_cahn,coefficient,test,96,0,0,0,0.0035588947600959657
resolution_g32,allen_cahn__transformer__coefficient__s7101__none,transformer,none,allen_cahn,coefficient,ood,64,0,0,0,0.1659768477501018
resolution_g32,allen_cahn__transformer__coefficient__s7101__none,transformer,none,allen_cahn,coefficient,ood,96,0,0,0,0.27329591738989245
resolution_g32,allen_cahn__transformer__coefficient__s7101__smooth,transformer,smooth,allen_cahn,coefficient,test,64,0,0,0,0.0018317126718246923
resolution_g32,allen_cahn__transformer__coefficient__s7101__smooth,transformer,smooth,allen_cahn,coefficient,test,96,0,0,0,0.002535657122323842
resolution_g32,allen_cahn__transformer__coefficient__s7101__smooth,transformer,smooth,allen_cahn,coefficient,ood,64,0,0,0,0.3193803389082319
resolution_g32,allen_cahn__transformer__coefficient__s7101__smooth,transformer,smooth,allen_cahn,coefficient,ood,96,0,0,0,0.4616686379696091
resolution_g32,allen_cahn__transformer__coefficient__s7202__none,transformer,none,allen_cahn,coefficient,test,64,0,0,0,0.0026569157319623615
resolution_g32,allen_cahn__transformer__coefficient__s7202__none,transformer,none,allen_cahn,coefficient,test,96,0,0,0,0.0038732552427904006
resolution_g32,allen_cahn__transformer__coefficient__s7202__none,transformer,none,allen_cahn,coefficient,ood,64,0,0,0,0.21582907400367546
resolution_g32,allen_cahn__transformer__coefficient__s7202__none,transformer,none,allen_cahn,coefficient,ood,96,0,0,0,0.46923482909379527
resolution_g32,allen_cahn__transformer__coefficient__s7202__smooth,transformer,smooth,allen_cahn,coefficient,test,64,0,0,0,0.0016803075204462892
resolution_g32,allen_cahn__transformer__coefficient__s7202__smooth,transformer,smooth,allen_cahn,coefficient,test,96,0,0,0,0.0027885772757570244
resolution_g32,allen_cahn__transformer__coefficient__s7202__smooth,transformer,smooth,allen_cahn,coefficient,ood,64,0,0,0,0.23149139532716134
resolution_g32,allen_cahn__transformer__coefficient__s7202__smooth,transformer,smooth,allen_cahn,coefficient,ood,96,0,0,0,0.3625858945720542
resolution_g32,allen_cahn__transformer__coefficient__s7303__none,transformer,none,allen_cahn,coefficient,test,64,0,0,0,0.0022415863007758663
resolution_g32,allen_cahn__transformer__coefficient__s7303__none,transformer,none,allen_cahn,coefficient,test,96,0,0,0,0.003051779415206143
resolution_g32,allen_cahn__transformer__coefficient__s7303__none,transformer,none,allen_cahn,coefficient,ood,64,0,0,0,0.14318551372793564
resolution_g32,allen_cahn__transformer__coefficient__s7303__none,transformer,none,allen_cahn,coefficient,ood,96,0,0,0,0.23201384718955848
resolution_g32,allen_cahn__transformer__coefficient__s7303__smooth,transformer,smooth,allen_cahn,coefficient,test,64,0,0,0,0.0014739055243959132
resolution_g32,allen_cahn__transformer__coefficient__s7303__smooth,transformer,smooth,allen_cahn,coefficient,test,96,0,0,0,0.002119475015635068
resolution_g32,allen_cahn__transformer__coefficient__s7303__smooth,transformer,smooth,allen_cahn,coefficient,ood,64,0,0,0,0.38544916692767117
resolution_g32,allen_cahn__transformer__coefficient__s7303__smooth,transformer,smooth,allen_cahn,coefficient,ood,96,0,0,0,0.563513233050827
resolution_g32,allen_cahn__transformer__coefficient__s7404__none,transformer,none,allen_cahn,coefficient,test,64,0,0,0,0.0024223750761329654
resolution_g32,allen_cahn__transformer__coefficient__s7404__none,transformer,none,allen_cahn,coefficient,test,96,0,0,0,0.0031762544460581426
resolution_g32,allen_cahn__transformer__coefficient__s7404__none,transformer,none,allen_cahn,coefficient,ood,64,0,0,0,0.08961445397719459
resolution_g32,allen_cahn__transformer__coefficient__s7404__none,transformer,none,allen_cahn,coefficient,ood,96,0,0,0,0.16399316081559095
resolution_g32,allen_cahn__transformer__coefficient__s7404__smooth,transformer,smooth,allen_cahn,coefficient,test,64,0,0,0,0.001325241589362175
resolution_g32,allen_cahn__transformer__coefficient__s7404__smooth,transformer,smooth,allen_cahn,coefficient,test,96,0,0,0,0.0019478202046289324
resolution_g32,allen_cahn__transformer__coefficient__s7404__smooth,transformer,smooth,allen_cahn,coefficient,ood,64,0,0,0,0.8243718716769166
resolution_g32,allen_cahn__transformer__coefficient__s7404__smooth,transformer,smooth,allen_cahn,coefficient,ood,96,0,0,0,1.2196544839487822
resolution_g32,allen_cahn__transformer__correct__s7101__none,transformer,none,allen_cahn,correct,test,64,0,0,0,0.0026379780085370452
resolution_g32,allen_cahn__transformer__correct__s7101__none,transformer,none,allen_cahn,correct,test,96,0,0,0,0.003558893507990953
resolution_g32,allen_cahn__transformer__correct__s7101__none,transformer,none,allen_cahn,correct,ood,64,0,0,0,0.16597727220727165
resolution_g32,allen_cahn__transformer__correct__s7101__none,transformer,none,allen_cahn,correct,ood,96,0,0,0,0.2732964909533848
resolution_g32,allen_cahn__transformer__correct__s7101__smooth,transformer,smooth,allen_cahn,correct,test,64,0,0,0,0.0023338061092312845
resolution_g32,allen_cahn__transformer__correct__s7101__smooth,transformer,smooth,allen_cahn,correct,test,96,0,0,0,0.003154915804486939
resolution_g32,allen_cahn__transformer__correct__s7101__smooth,transformer,smooth,allen_cahn,correct,ood,64,0,0,0,0.3720306225484933
resolution_g32,allen_cahn__transformer__correct__s7101__smooth,transformer,smooth,allen_cahn,correct,ood,96,0,0,0,0.5198331434105133
resolution_g32,allen_cahn__transformer__correct__s7202__none,transformer,none,allen_cahn,correct,test,64,0,0,0,0.002656925291083634
resolution_g32,allen_cahn__transformer__correct__s7202__none,transformer,none,allen_cahn,correct,test,96,0,0,0,0.0038732738335476302
resolution_g32,allen_cahn__transformer__correct__s7202__none,transformer,none,allen_cahn,correct,ood,64,0,0,0,0.21582924081408805
resolution_g32,allen_cahn__transformer__correct__s7202__none,transformer,none,allen_cahn,correct,ood,96,0,0,0,0.4692349496818716
resolution_g32,allen_cahn__transformer__correct__s7202__smooth,transformer,smooth,allen_cahn,correct,test,64,0,0,0,0.0012289807886158854
resolution_g32,allen_cahn__transformer__correct__s7202__smooth,transformer,smooth,allen_cahn,correct,test,96,0,0,0,0.0018840660017538369
resolution_g32,allen_cahn__transformer__correct__s7202__smooth,transformer,smooth,allen_cahn,correct,ood,64,0,0,0,0.23249050327491716
resolution_g32,allen_cahn__transformer__correct__s7202__smooth,transformer,smooth,allen_cahn,correct,ood,96,0,0,0,0.3730870156058188
resolution_g32,allen_cahn__transformer__correct__s7303__none,transformer,none,allen_cahn,correct,test,64,0,0,0,0.00224157245672707
resolution_g32,allen_cahn__transformer__correct__s7303__none,transformer,none,allen_cahn,correct,test,96,0,0,0,0.003051756816277636
resolution_g32,allen_cahn__transformer__correct__s7303__none,transformer,none,allen_cahn,correct,ood,64,0,0,0,0.14318609345009747
resolution_g32,allen_cahn__transformer__correct__s7303__none,transformer,none,allen_cahn,correct,ood,96,0,0,0,0.23201508457726544
resolution_g32,allen_cahn__transformer__correct__s7303__smooth,transformer,smooth,allen_cahn,correct,test,64,0,0,0,0.0014055825589091575
resolution_g32,allen_cahn__transformer__correct__s7303__smooth,transformer,smooth,allen_cahn,correct,test,96,0,0,0,0.0020522538147172975
resolution_g32,allen_cahn__transformer__correct__s7303__smooth,transformer,smooth,allen_cahn,correct,ood,64,0,0,0,0.39816483921266865
resolution_g32,allen_cahn__transformer__correct__s7303__smooth,transformer,smooth,allen_cahn,correct,ood,96,0,0,0,0.6006033470754062
resolution_g32,allen_cahn__transformer__correct__s7404__none,transformer,none,allen_cahn,correct,test,64,0,0,0,0.0024223711692561434
resolution_g32,allen_cahn__transformer__correct__s7404__none,transformer,none,allen_cahn,correct,test,96,0,0,0,0.003176257857913682
resolution_g32,allen_cahn__transformer__correct__s7404__none,transformer,none,allen_cahn,correct,ood,64,0,0,0,0.08961426876492418
resolution_g32,allen_cahn__transformer__correct__s7404__none,transformer,none,allen_cahn,correct,ood,96,0,0,0,0.1639926819999514
resolution_g32,allen_cahn__transformer__correct__s7404__smooth,transformer,smooth,allen_cahn,correct,test,64,0,0,0,0.001142155562576852
resolution_g32,allen_cahn__transformer__correct__s7404__smooth,transformer,smooth,allen_cahn,correct,test,96,0,0,0,0.0017120376398913246
resolution_g32,allen_cahn__transformer__correct__s7404__smooth,transformer,smooth,allen_cahn,correct,ood,64,0,0,0,0.5319294362945968
resolution_g32,allen_cahn__transformer__correct__s7404__smooth,transformer,smooth,allen_cahn,correct,ood,96,0,0,0,0.8565916122523305
resolution_g32,wave__fno__coefficient__s7101__none,fno,none,wave,coefficient,test,64,0,0,0,0.0003250463329494309
resolution_g32,wave__fno__coefficient__s7101__none,fno,none,wave,coefficient,test,96,0,0,0,0.0005006278317832037
resolution_g32,wave__fno__coefficient__s7101__none,fno,none,wave,coefficient,ood,64,0,0,0,0.06654670379467165
resolution_g32,wave__fno__coefficient__s7101__none,fno,none,wave,coefficient,ood,96,0,0,0,0.11838240347903697
resolution_g32,wave__fno__coefficient__s7101__smooth,fno,smooth,wave,coefficient,test,64,0,0,0,0.0034391369735797817
resolution_g32,wave__fno__coefficient__s7101__smooth,fno,smooth,wave,coefficient,test,96,0,0,0,0.006728407368671974
resolution_g32,wave__fno__coefficient__s7101__smooth,fno,smooth,wave,coefficient,ood,64,0,0,0,0.11286769705034239
resolution_g32,wave__fno__coefficient__s7101__smooth,fno,smooth,wave,coefficient,ood,96,0,0,0,0.1911136721362408
resolution_g32,wave__fno__coefficient__s7202__none,fno,none,wave,coefficient,test,64,0,0,0,0.0003982167679592707
resolution_g32,wave__fno__coefficient__s7202__none,fno,none,wave,coefficient,test,96,0,0,0,0.0006921984499615719
resolution_g32,wave__fno__coefficient__s7202__none,fno,none,wave,coefficient,ood,64,0,0,0,0.03525927169098586
resolution_g32,wave__fno__coefficient__s7202__none,fno,none,wave,coefficient,ood,96,0,0,0,0.06634009166534094
resolution_g32,wave__fno__coefficient__s7202__smooth,fno,smooth,wave,coefficient,test,64,0,0,0,0.0014713938087152767
resolution_g32,wave__fno__coefficient__s7202__smooth,fno,smooth,wave,coefficient,test,96,0,0,0,0.00265058846433025
resolution_g32,wave__fno__coefficient__s7202__smooth,fno,smooth,wave,coefficient,ood,64,0,0,0,0.09235156065496852
resolution_g32,wave__fno__coefficient__s7202__smooth,fno,smooth,wave,coefficient,ood,96,0,0,0,0.16215313602418271
resolution_g32,wave__fno__coefficient__s7303__none,fno,none,wave,coefficient,test,64,0,0,0,0.00028917508134730565
resolution_g32,wave__fno__coefficient__s7303__none,fno,none,wave,coefficient,test,96,0,0,0,0.00048210264697117324
resolution_g32,wave__fno__coefficient__s7303__none,fno,none,wave,coefficient,ood,64,0,0,0,0.05884847236420754
resolution_g32,wave__fno__coefficient__s7303__none,fno,none,wave,coefficient,ood,96,0,0,0,0.10834629662761823
resolution_g32,wave__fno__coefficient__s7303__smooth,fno,smooth,wave,coefficient,test,64,0,0,0,0.0026684889247246407
resolution_g32,wave__fno__coefficient__s7303__smooth,fno,smooth,wave,coefficient,test,96,0,0,0,0.005259189211953961
resolution_g32,wave__fno__coefficient__s7303__smooth,fno,smooth,wave,coefficient,ood,64,0,0,0,0.11587728795442764
resolution_g32,wave__fno__coefficient__s7303__smooth,fno,smooth,wave,coefficient,ood,96,0,0,0,0.2017750536239819
resolution_g32,wave__fno__coefficient__s7404__none,fno,none,wave,coefficient,test,64,0,0,0,0.0004066992798197177
resolution_g32,wave__fno__coefficient__s7404__none,fno,none,wave,coefficient,test,96,0,0,0,0.0006963882010436264
resolution_g32,wave__fno__coefficient__s7404__none,fno,none,wave,coefficient,ood,64,0,0,0,0.06328964842626617
resolution_g32,wave__fno__coefficient__s7404__none,fno,none,wave,coefficient,ood,96,0,0,0,0.11980864275546062
resolution_g32,wave__fno__coefficient__s7404__smooth,fno,smooth,wave,coefficient,test,64,0,0,0,0.0023057903541809782
resolution_g32,wave__fno__coefficient__s7404__smooth,fno,smooth,wave,coefficient,test,96,0,0,0,0.004359591738711653
resolution_g32,wave__fno__coefficient__s7404__smooth,fno,smooth,wave,coefficient,ood,64,0,0,0,0.09394057938609457
resolution_g32,wave__fno__coefficient__s7404__smooth,fno,smooth,wave,coefficient,ood,96,0,0,0,0.16427720895385414
resolution_g32,wave__fno__correct__s7101__none,fno,none,wave,correct,test,64,0,0,0,0.0003250490791364101
resolution_g32,wave__fno__correct__s7101__none,fno,none,wave,correct,test,96,0,0,0,0.0005006263948974313
resolution_g32,wave__fno__correct__s7101__none,fno,none,wave,correct,ood,64,0,0,0,0.06654670379467165
resolution_g32,wave__fno__correct__s7101__none,fno,none,wave,correct,ood,96,0,0,0,0.11838240347903697
resolution_g32,wave__fno__correct__s7101__smooth,fno,smooth,wave,correct,test,64,0,0,0,0.00010891536437959183
resolution_g32,wave__fno__correct__s7101__smooth,fno,smooth,wave,correct,test,96,0,0,0,0.00019052457306561674
resolution_g32,wave__fno__correct__s7101__smooth,fno,smooth,wave,correct,ood,64,0,0,0,0.04640029140807922
resolution_g32,wave__fno__correct__s7101__smooth,fno,smooth,wave,correct,ood,96,0,0,0,0.07618061528645312
resolution_g32,wave__fno__correct__s7202__none,fno,none,wave,correct,test,64,0,0,0,0.0003982208298233623
resolution_g32,wave__fno__correct__s7202__none,fno,none,wave,correct,test,96,0,0,0,0.0006922025693499
resolution_g32,wave__fno__correct__s7202__none,fno,none,wave,correct,ood,64,0,0,0,0.03525927169098586
resolution_g32,wave__fno__correct__s7202__none,fno,none,wave,correct,ood,96,0,0,0,0.06634009166534094
resolution_g32,wave__fno__correct__s7202__smooth,fno,smooth,wave,correct,test,64,0,0,0,0.0002452812661053669
resolution_g32,wave__fno__correct__s7202__smooth,fno,smooth,wave,correct,test,96,0,0,0,0.00044386307473485065
resolution_g32,wave__fno__correct__s7202__smooth,fno,smooth,wave,correct,ood,64,0,0,0,0.02826003029933144
resolution_g32,wave__fno__correct__s7202__smooth,fno,smooth,wave,correct,ood,96,0,0,0,0.0494988124615805
resolution_g32,wave__fno__correct__s7303__none,fno,none,wave,correct,test,64,0,0,0,0.0002891733479510111
resolution_g32,wave__fno__correct__s7303__none,fno,none,wave,correct,test,96,0,0,0,0.0004820992724836829
resolution_g32,wave__fno__correct__s7303__none,fno,none,wave,correct,ood,64,0,0,0,0.05884847236420754
resolution_g32,wave__fno__correct__s7303__none,fno,none,wave,correct,ood,96,0,0,0,0.10834629662761823
resolution_g32,wave__fno__correct__s7303__smooth,fno,smooth,wave,correct,test,64,0,0,0,0.00013383609007981516
resolution_g32,wave__fno__correct__s7303__smooth,fno,smooth,wave,correct,test,96,0,0,0,0.000241646416228655
resolution_g32,wave__fno__correct__s7303__smooth,fno,smooth,wave,correct,ood,64,0,0,0,0.0669977968918607
resolution_g32,wave__fno__correct__s7303__smooth,fno,smooth,wave,correct,ood,96,0,0,0,0.11522199218626798
resolution_g32,wave__fno__correct__s7404__none,fno,none,wave,correct,test,64,0,0,0,0.0004067022187109748
resolution_g32,wave__fno__correct__s7404__none,fno,none,wave,correct,test,96,0,0,0,0.0006963824991805811
resolution_g32,wave__fno__correct__s7404__none,fno,none,wave,correct,ood,64,0,0,0,0.06328964842626617
resolution_g32,wave__fno__correct__s7404__none,fno,none,wave,correct,ood,96,0,0,0,0.11980864275546062
resolution_g32,wave__fno__correct__s7404__smooth,fno,smooth,wave,correct,test,64,0,0,0,0.00010256629293419438
resolution_g32,wave__fno__correct__s7404__smooth,fno,smooth,wave,correct,test,96,0,0,0,0.000177048931460416
resolution_g32,wave__fno__correct__s7404__smooth,fno,smooth,wave,correct,ood,64,0,0,0,0.048780987217244665
resolution_g32,wave__fno__correct__s7404__smooth,fno,smooth,wave,correct,ood,96,0,0,0,0.08598381562402994
resolution_g32,wave__looped__coefficient__s7101__none,looped,none,wave,coefficient,test,64,0,0,0,0.00282061725942534
resolution_g32,wave__looped__coefficient__s7101__none,looped,none,wave,coefficient,test,96,0,0,0,0.004387371115243899
resolution_g32,wave__looped__coefficient__s7101__none,looped,none,wave,coefficient,ood,64,0,0,0,0.8450291793453175
resolution_g32,wave__looped__coefficient__s7101__none,looped,none,wave,coefficient,ood,96,0,0,0,1.048455305191472
resolution_g32,wave__looped__coefficient__s7101__smooth,looped,smooth,wave,coefficient,test,64,0,0,0,0.005504246647948907
resolution_g32,wave__looped__coefficient__s7101__smooth,looped,smooth,wave,coefficient,test,96,0,0,0,0.009010243470473078
resolution_g32,wave__looped__coefficient__s7101__smooth,looped,smooth,wave,coefficient,ood,64,0,0,0,0.8225538298609081
resolution_g32,wave__looped__coefficient__s7101__smooth,looped,smooth,wave,coefficient,ood,96,0,0,0,1.0206773747315008
resolution_g32,wave__looped__coefficient__s7202__none,looped,none,wave,coefficient,test,64,0,0,0,0.0026303867477432963
resolution_g32,wave__looped__coefficient__s7202__none,looped,none,wave,coefficient,test,96,0,0,0,0.004166438309731439
resolution_g32,wave__looped__coefficient__s7202__none,looped,none,wave,coefficient,ood,64,0,0,0,0.953845844376275
resolution_g32,wave__looped__coefficient__s7202__none,looped,none,wave,coefficient,ood,96,0,0,0,1.1207550891786204
resolution_g32,wave__looped__coefficient__s7202__smooth,looped,smooth,wave,coefficient,test,64,0,0,0,0.008651075117180773
resolution_g32,wave__looped__coefficient__s7202__smooth,looped,smooth,wave,coefficient,test,96,0,0,0,0.015053639204729055
resolution_g32,wave__looped__coefficient__s7202__smooth,looped,smooth,wave,coefficient,ood,64,0,0,0,1.0788255670683213
resolution_g32,wave__looped__coefficient__s7202__smooth,looped,smooth,wave,coefficient,ood,96,0,0,0,1.201936107859884
resolution_g32,wave__looped__coefficient__s7303__none,looped,none,wave,coefficient,test,64,0,0,0,0.0029661225333737495
resolution_g32,wave__looped__coefficient__s7303__none,looped,none,wave,coefficient,test,96,0,0,0,0.004619674426034542
resolution_g32,wave__looped__coefficient__s7303__none,looped,none,wave,coefficient,ood,64,0,0,0,1.2643297002059057
resolution_g32,wave__looped__coefficient__s7303__none,looped,none,wave,coefficient,ood,96,0,0,0,1.623347122337956
resolution_g32,wave__looped__coefficient__s7303__smooth,looped,smooth,wave,coefficient,test,64,0,0,0,0.007046995936540512
resolution_g32,wave__looped__coefficient__s7303__smooth,looped,smooth,wave,coefficient,test,96,0,0,0,0.011306126933651295
resolution_g32,wave__looped__coefficient__s7303__smooth,looped,smooth,wave,coefficient,ood,64,0,0,0,1.2274580892247968
resolution_g32,wave__looped__coefficient__s7303__smooth,looped,smooth,wave,coefficient,ood,96,0,0,0,1.5384414230541097
resolution_g32,wave__looped__coefficient__s7404__none,looped,none,wave,coefficient,test,64,0,0,0,0.003754063867777102
resolution_g32,wave__looped__coefficient__s7404__none,looped,none,wave,coefficient,test,96,0,0,0,0.005748872419210885
resolution_g32,wave__looped__coefficient__s7404__none,looped,none,wave,coefficient,ood,64,0,0,0,1.2852553079056293
resolution_g32,wave__looped__coefficient__s7404__none,looped,none,wave,coefficient,ood,96,0,0,0,1.5360067284582708
resolution_g32,wave__looped__coefficient__s7404__smooth,looped,smooth,wave,coefficient,test,64,0,0,0,0.0064635494315931075
resolution_g32,wave__looped__coefficient__s7404__smooth,looped,smooth,wave,coefficient,test,96,0,0,0,0.011281523986852077
resolution_g32,wave__looped__coefficient__s7404__smooth,looped,smooth,wave,coefficient,ood,64,0,0,0,1.15988949488127
resolution_g32,wave__looped__coefficient__s7404__smooth,looped,smooth,wave,coefficient,ood,96,0,0,0,1.3821808406920582
resolution_g32,wave__looped__correct__s7101__none,looped,none,wave,correct,test,64,0,0,0,0.00282060569083592
resolution_g32,wave__looped__correct__s7101__none,looped,none,wave,correct,test,96,0,0,0,0.004387358812688036
resolution_g32,wave__looped__correct__s7101__none,looped,none,wave,correct,ood,64,0,0,0,0.8450282049392968
resolution_g32,wave__looped__correct__s7101__none,looped,none,wave,correct,ood,96,0,0,0,1.0484540788853565
resolution_g32,wave__looped__correct__s7101__smooth,looped,smooth,wave,correct,test,64,0,0,0,0.002661711464599037
resolution_g32,wave__looped__correct__s7101__smooth,looped,smooth,wave,correct,test,96,0,0,0,0.004154219441442564
resolution_g32,wave__looped__correct__s7101__smooth,looped,smooth,wave,correct,ood,64,0,0,0,0.8547099817991466
resolution_g32,wave__looped__correct__s7101__smooth,looped,smooth,wave,correct,ood,96,0,0,0,1.059604135359147
resolution_g32,wave__looped__correct__s7202__none,looped,none,wave,correct,test,64,0,0,0,0.002630400510147568
resolution_g32,wave__looped__correct__s7202__none,looped,none,wave,correct,test,96,0,0,0,0.004166440848368999
resolution_g32,wave__looped__correct__s7202__none,looped,none,wave,correct,ood,64,0,0,0,0.9538462579437237
resolution_g32,wave__looped__correct__s7202__none,looped,none,wave,correct,ood,96,0,0,0,1.1207552058135661
resolution_g32,wave__looped__correct__s7202__smooth,looped,smooth,wave,correct,test,64,0,0,0,0.0033722835970028675
resolution_g32,wave__looped__correct__s7202__smooth,looped,smooth,wave,correct,test,96,0,0,0,0.0054036529161296904
resolution_g32,wave__looped__correct__s7202__smooth,looped,smooth,wave,correct,ood,64,0,0,0,1.0698247264155896
resolution_g32,wave__looped__correct__s7202__smooth,looped,smooth,wave,correct,ood,96,0,0,0,1.2491266916381203
resolution_g32,wave__looped__correct__s7303__none,looped,none,wave,correct,test,64,0,0,0,0.002966163769624386
resolution_g32,wave__looped__correct__s7303__none,looped,none,wave,correct,test,96,0,0,0,0.004619716274625355
resolution_g32,wave__looped__correct__s7303__none,looped,none,wave,correct,ood,64,0,0,0,1.2643281947801484
resolution_g32,wave__looped__correct__s7303__none,looped,none,wave,correct,ood,96,0,0,0,1.6233445725409865
resolution_g32,wave__looped__correct__s7303__smooth,looped,smooth,wave,correct,test,64,0,0,0,0.0026106038072098436
resolution_g32,wave__looped__correct__s7303__smooth,looped,smooth,wave,correct,test,96,0,0,0,0.004180864907527708
resolution_g32,wave__looped__correct__s7303__smooth,looped,smooth,wave,correct,ood,64,0,0,0,1.5058116972168705
resolution_g32,wave__looped__correct__s7303__smooth,looped,smooth,wave,correct,ood,96,0,0,0,1.9682971815412884
resolution_g32,wave__looped__correct__s7404__none,looped,none,wave,correct,test,64,0,0,0,0.003753918802544609
resolution_g32,wave__looped__correct__s7404__none,looped,none,wave,correct,test,96,0,0,0,0.005748717887513374
resolution_g32,wave__looped__correct__s7404__none,looped,none,wave,correct,ood,64,0,0,0,1.2852576896765413
resolution_g32,wave__looped__correct__s7404__none,looped,none,wave,correct,ood,96,0,0,0,1.536007436681075
resolution_g32,wave__looped__correct__s7404__smooth,looped,smooth,wave,correct,test,64,0,0,0,0.003782738186263901
resolution_g32,wave__looped__correct__s7404__smooth,looped,smooth,wave,correct,test,96,0,0,0,0.005658798260680794
resolution_g32,wave__looped__correct__s7404__smooth,looped,smooth,wave,correct,ood,64,0,0,0,1.260447570509882
resolution_g32,wave__looped__correct__s7404__smooth,looped,smooth,wave,correct,ood,96,0,0,0,1.4827235046114613
resolution_g32,wave__transformer__coefficient__s7101__none,transformer,none,wave,coefficient,test,64,0,0,0,0.0028677483231843437
resolution_g32,wave__transformer__coefficient__s7101__none,transformer,none,wave,coefficient,test,96,0,0,0,0.004468089186825675
resolution_g32,wave__transformer__coefficient__s7101__none,transformer,none,wave,coefficient,ood,64,0,0,0,0.9065308762371274
resolution_g32,wave__transformer__coefficient__s7101__none,transformer,none,wave,coefficient,ood,96,0,0,0,0.9824768114768857
resolution_g32,wave__transformer__coefficient__s7101__smooth,transformer,smooth,wave,coefficient,test,64,0,0,0,0.008483356747198356
resolution_g32,wave__transformer__coefficient__s7101__smooth,transformer,smooth,wave,coefficient,test,96,0,0,0,0.014170795157416299
resolution_g32,wave__transformer__coefficient__s7101__smooth,transformer,smooth,wave,coefficient,ood,64,0,0,0,0.919527405484871
resolution_g32,wave__transformer__coefficient__s7101__smooth,transformer,smooth,wave,coefficient,ood,96,0,0,0,0.9675050515272308
resolution_g32,wave__transformer__coefficient__s7202__none,transformer,none,wave,coefficient,test,64,0,0,0,0.002263538157662087
resolution_g32,wave__transformer__coefficient__s7202__none,transformer,none,wave,coefficient,test,96,0,0,0,0.003492280549825033
resolution_g32,wave__transformer__coefficient__s7202__none,transformer,none,wave,coefficient,ood,64,0,0,0,0.9444566954916525
resolution_g32,wave__transformer__coefficient__s7202__none,transformer,none,wave,coefficient,ood,96,0,0,0,1.1195479245264437
resolution_g32,wave__transformer__coefficient__s7202__smooth,transformer,smooth,wave,coefficient,test,64,0,0,0,0.0068399227914157645
resolution_g32,wave__transformer__coefficient__s7202__smooth,transformer,smooth,wave,coefficient,test,96,0,0,0,0.01183476230532306
resolution_g32,wave__transformer__coefficient__s7202__smooth,transformer,smooth,wave,coefficient,ood,64,0,0,0,1.1635340857667984
resolution_g32,wave__transformer__coefficient__s7202__smooth,transformer,smooth,wave,coefficient,ood,96,0,0,0,1.3133517625867248
resolution_g32,wave__transformer__coefficient__s7303__none,transformer,none,wave,coefficient,test,64,0,0,0,0.0023536721106685587
resolution_g32,wave__transformer__coefficient__s7303__none,transformer,none,wave,coefficient,test,96,0,0,0,0.0036633702392212157
resolution_g32,wave__transformer__coefficient__s7303__none,transformer,none,wave,coefficient,ood,64,0,0,0,0.8652723035758072
resolution_g32,wave__transformer__coefficient__s7303__none,transformer,none,wave,coefficient,ood,96,0,0,0,0.9478693155337321
resolution_g32,wave__transformer__coefficient__s7303__smooth,transformer,smooth,wave,coefficient,test,64,0,0,0,0.0047369501232295
resolution_g32,wave__transformer__coefficient__s7303__smooth,transformer,smooth,wave,coefficient,test,96,0,0,0,0.007956960827318374
resolution_g32,wave__transformer__coefficient__s7303__smooth,transformer,smooth,wave,coefficient,ood,64,0,0,0,0.8334873132970984
resolution_g32,wave__transformer__coefficient__s7303__smooth,transformer,smooth,wave,coefficient,ood,96,0,0,0,0.8789454276108017
resolution_g32,wave__transformer__coefficient__s7404__none,transformer,none,wave,coefficient,test,64,0,0,0,0.00324767296901024
resolution_g32,wave__transformer__coefficient__s7404__none,transformer,none,wave,coefficient,test,96,0,0,0,0.004943554527954993
resolution_g32,wave__transformer__coefficient__s7404__none,transformer,none,wave,coefficient,ood,64,0,0,0,1.0424844529827624
resolution_g32,wave__transformer__coefficient__s7404__none,transformer,none,wave,coefficient,ood,96,0,0,0,1.1504444396791769
resolution_g32,wave__transformer__coefficient__s7404__smooth,transformer,smooth,wave,coefficient,test,64,0,0,0,0.007537387273897078
resolution_g32,wave__transformer__coefficient__s7404__smooth,transformer,smooth,wave,coefficient,test,96,0,0,0,0.01295945417083851
resolution_g32,wave__transformer__coefficient__s7404__smooth,transformer,smooth,wave,coefficient,ood,64,0,0,0,0.9884924804993034
resolution_g32,wave__transformer__coefficient__s7404__smooth,transformer,smooth,wave,coefficient,ood,96,0,0,0,1.0615985058309434
resolution_g32,wave__transformer__correct__s7101__none,transformer,none,wave,correct,test,64,0,0,0,0.002867736393483797
resolution_g32,wave__transformer__correct__s7101__none,transformer,none,wave,correct,test,96,0,0,0,0.004468078662550455
resolution_g32,wave__transformer__correct__s7101__none,transformer,none,wave,correct,ood,64,0,0,0,0.9065319034851314
resolution_g32,wave__transformer__correct__s7101__none,transformer,none,wave,correct,ood,96,0,0,0,0.9824782050562817
resolution_g32,wave__transformer__correct__s7101__smooth,transformer,smooth,wave,correct,test,64,0,0,0,0.002580180791040082
resolution_g32,wave__transformer__correct__s7101__smooth,transformer,smooth,wave,correct,test,96,0,0,0,0.0039267502663432406
resolution_g32,wave__transformer__correct__s7101__smooth,transformer,smooth,wave,correct,ood,64,0,0,0,0.9488648243644207
resolution_g32,wave__transformer__correct__s7101__smooth,transformer,smooth,wave,correct,ood,96,0,0,0,1.0070461520665124
resolution_g32,wave__transformer__correct__s7202__none,transformer,none,wave,correct,test,64,0,0,0,0.0022636373413141564
resolution_g32,wave__transformer__correct__s7202__none,transformer,none,wave,correct,test,96,0,0,0,0.003492412527340542
resolution_g32,wave__transformer__correct__s7202__none,transformer,none,wave,correct,ood,64,0,0,0,0.9444602275758598
resolution_g32,wave__transformer__correct__s7202__none,transformer,none,wave,correct,ood,96,0,0,0,1.1195516437144306
resolution_g32,wave__transformer__correct__s7202__smooth,transformer,smooth,wave,correct,test,64,0,0,0,0.00291181332985313
resolution_g32,wave__transformer__correct__s7202__smooth,transformer,smooth,wave,correct,test,96,0,0,0,0.004191022997697728
resolution_g32,wave__transformer__correct__s7202__smooth,transformer,smooth,wave,correct,ood,64,0,0,0,1.1490521375778258
resolution_g32,wave__transformer__correct__s7202__smooth,transformer,smooth,wave,correct,ood,96,0,0,0,1.3186688316077002
resolution_g32,wave__transformer__correct__s7303__none,transformer,none,wave,correct,test,64,0,0,0,0.002353624254454012
resolution_g32,wave__transformer__correct__s7303__none,transformer,none,wave,correct,test,96,0,0,0,0.0036633086784265316
resolution_g32,wave__transformer__correct__s7303__none,transformer,none,wave,correct,ood,64,0,0,0,0.8652601001826952
resolution_g32,wave__transformer__correct__s7303__none,transformer,none,wave,correct,ood,96,0,0,0,0.9478500366637188
resolution_g32,wave__transformer__correct__s7303__smooth,transformer,smooth,wave,correct,test,64,0,0,0,0.0019899517454660676
resolution_g32,wave__transformer__correct__s7303__smooth,transformer,smooth,wave,correct,test,96,0,0,0,0.0030309794380949753
resolution_g32,wave__transformer__correct__s7303__smooth,transformer,smooth,wave,correct,ood,64,0,0,0,0.8632997879829531
resolution_g32,wave__transformer__correct__s7303__smooth,transformer,smooth,wave,correct,ood,96,0,0,0,0.9224326648544547
resolution_g32,wave__transformer__correct__s7404__none,transformer,none,wave,correct,test,64,0,0,0,0.0032476655247101194
resolution_g32,wave__transformer__correct__s7404__none,transformer,none,wave,correct,test,96,0,0,0,0.004943561360703989
resolution_g32,wave__transformer__correct__s7404__none,transformer,none,wave,correct,ood,64,0,0,0,1.0424916049040576
resolution_g32,wave__transformer__correct__s7404__none,transformer,none,wave,correct,ood,96,0,0,0,1.1504515081268587
resolution_g32,wave__transformer__correct__s7404__smooth,transformer,smooth,wave,correct,test,64,0,0,0,0.003330901665845848
resolution_g32,wave__transformer__correct__s7404__smooth,transformer,smooth,wave,correct,test,96,0,0,0,0.0050596475841649755
resolution_g32,wave__transformer__correct__s7404__smooth,transformer,smooth,wave,correct,ood,64,0,0,0,1.0610465446167154
resolution_g32,wave__transformer__correct__s7404__smooth,transformer,smooth,wave,correct,ood,96,0,0,0,1.150037534645056
resolution_g64,advection_diffusion__fno__coefficient__s7101__none,fno,none,advection_diffusion,coefficient,test,64,0,0,0,0.00035706363510494814
resolution_g64,advection_diffusion__fno__coefficient__s7101__none,fno,none,advection_diffusion,coefficient,test,96,0,0,0,0.0005805574432787765
resolution_g64,advection_diffusion__fno__coefficient__s7101__none,fno,none,advection_diffusion,coefficient,ood,64,0,0,0,0.06990552107376236
resolution_g64,advection_diffusion__fno__coefficient__s7101__none,fno,none,advection_diffusion,coefficient,ood,96,0,0,0,0.09780993457242822
resolution_g64,advection_diffusion__fno__coefficient__s7101__smooth,fno,smooth,advection_diffusion,coefficient,test,64,0,0,0,0.001714424193031569
resolution_g64,advection_diffusion__fno__coefficient__s7101__smooth,fno,smooth,advection_diffusion,coefficient,test,96,0,0,0,0.0026611573189748257
resolution_g64,advection_diffusion__fno__coefficient__s7101__smooth,fno,smooth,advection_diffusion,coefficient,ood,64,0,0,0,0.019525955431358544
resolution_g64,advection_diffusion__fno__coefficient__s7101__smooth,fno,smooth,advection_diffusion,coefficient,ood,96,0,0,0,0.028476574612812423
resolution_g64,advection_diffusion__fno__coefficient__s7202__none,fno,none,advection_diffusion,coefficient,test,64,0,0,0,0.000437006743581431
resolution_g64,advection_diffusion__fno__coefficient__s7202__none,fno,none,advection_diffusion,coefficient,test,96,0,0,0,0.0006950512575996439
resolution_g64,advection_diffusion__fno__coefficient__s7202__none,fno,none,advection_diffusion,coefficient,ood,64,0,0,0,0.011537231308576201
resolution_g64,advection_diffusion__fno__coefficient__s7202__none,fno,none,advection_diffusion,coefficient,ood,96,0,0,0,0.01560177968710012
resolution_g64,advection_diffusion__fno__coefficient__s7202__smooth,fno,smooth,advection_diffusion,coefficient,test,64,0,0,0,0.0023412531061789005
resolution_g64,advection_diffusion__fno__coefficient__s7202__smooth,fno,smooth,advection_diffusion,coefficient,test,96,0,0,0,0.003706948851688587
resolution_g64,advection_diffusion__fno__coefficient__s7202__smooth,fno,smooth,advection_diffusion,coefficient,ood,64,0,0,0,0.03187601116641259
resolution_g64,advection_diffusion__fno__coefficient__s7202__smooth,fno,smooth,advection_diffusion,coefficient,ood,96,0,0,0,0.0459385561496944
resolution_g64,advection_diffusion__fno__coefficient__s7303__none,fno,none,advection_diffusion,coefficient,test,64,0,0,0,0.00047400084759274125
resolution_g64,advection_diffusion__fno__coefficient__s7303__none,fno,none,advection_diffusion,coefficient,test,96,0,0,0,0.0006413521630038305
resolution_g64,advection_diffusion__fno__coefficient__s7303__none,fno,none,advection_diffusion,coefficient,ood,64,0,0,0,0.06913405489412838
resolution_g64,advection_diffusion__fno__coefficient__s7303__none,fno,none,advection_diffusion,coefficient,ood,96,0,0,0,0.11141144380896151
resolution_g64,advection_diffusion__fno__coefficient__s7303__smooth,fno,smooth,advection_diffusion,coefficient,test,64,0,0,0,0.0014544308835008624
resolution_g64,advection_diffusion__fno__coefficient__s7303__smooth,fno,smooth,advection_diffusion,coefficient,test,96,0,0,0,0.001820343151035464
resolution_g64,advection_diffusion__fno__coefficient__s7303__smooth,fno,smooth,advection_diffusion,coefficient,ood,64,0,0,0,0.019983374947828203
resolution_g64,advection_diffusion__fno__coefficient__s7303__smooth,fno,smooth,advection_diffusion,coefficient,ood,96,0,0,0,0.03121847389758218
resolution_g64,advection_diffusion__fno__coefficient__s7404__none,fno,none,advection_diffusion,coefficient,test,64,0,0,0,0.0005176438480903756
resolution_g64,advection_diffusion__fno__coefficient__s7404__none,fno,none,advection_diffusion,coefficient,test,96,0,0,0,0.0008283356354791561
resolution_g64,advection_diffusion__fno__coefficient__s7404__none,fno,none,advection_diffusion,coefficient,ood,64,0,0,0,0.046247771141321725
resolution_g64,advection_diffusion__fno__coefficient__s7404__none,fno,none,advection_diffusion,coefficient,ood,96,0,0,0,0.060945234668668226
resolution_g64,advection_diffusion__fno__coefficient__s7404__smooth,fno,smooth,advection_diffusion,coefficient,test,64,0,0,0,0.002709426073783397
resolution_g64,advection_diffusion__fno__coefficient__s7404__smooth,fno,smooth,advection_diffusion,coefficient,test,96,0,0,0,0.004314433374388277
resolution_g64,advection_diffusion__fno__coefficient__s7404__smooth,fno,smooth,advection_diffusion,coefficient,ood,64,0,0,0,0.0186518461197947
resolution_g64,advection_diffusion__fno__coefficient__s7404__smooth,fno,smooth,advection_diffusion,coefficient,ood,96,0,0,0,0.026883611890459142
resolution_g64,advection_diffusion__fno__correct__s7101__none,fno,none,advection_diffusion,correct,test,64,0,0,0,0.00033582320439737735
resolution_g64,advection_diffusion__fno__correct__s7101__none,fno,none,advection_diffusion,correct,test,96,0,0,0,0.000542706077423815
resolution_g64,advection_diffusion__fno__correct__s7101__none,fno,none,advection_diffusion,correct,ood,64,0,0,0,0.07021336907781617
resolution_g64,advection_diffusion__fno__correct__s7101__none,fno,none,advection_diffusion,correct,ood,96,0,0,0,0.09824954322138288
resolution_g64,advection_diffusion__fno__correct__s7101__smooth,fno,smooth,advection_diffusion,correct,test,64,0,0,0,0.0001359470450961603
resolution_g64,advection_diffusion__fno__correct__s7101__smooth,fno,smooth,advection_diffusion,correct,test,96,0,0,0,0.00021820283004062024
resolution_g64,advection_diffusion__fno__correct__s7101__smooth,fno,smooth,advection_diffusion,correct,ood,64,0,0,0,0.021411530984204785
resolution_g64,advection_diffusion__fno__correct__s7101__smooth,fno,smooth,advection_diffusion,correct,ood,96,0,0,0,0.03197367255684595
resolution_g64,advection_diffusion__fno__correct__s7202__none,fno,none,advection_diffusion,correct,test,64,0,0,0,0.00042251279442724263
resolution_g64,advection_diffusion__fno__correct__s7202__none,fno,none,advection_diffusion,correct,test,96,0,0,0,0.0006157930820806767
resolution_g64,advection_diffusion__fno__correct__s7202__none,fno,none,advection_diffusion,correct,ood,64,0,0,0,0.014187003758940553
resolution_g64,advection_diffusion__fno__correct__s7202__none,fno,none,advection_diffusion,correct,ood,96,0,0,0,0.0194994311451111
resolution_g64,advection_diffusion__fno__correct__s7202__smooth,fno,smooth,advection_diffusion,correct,test,64,0,0,0,8.52250959139881e-05
resolution_g64,advection_diffusion__fno__correct__s7202__smooth,fno,smooth,advection_diffusion,correct,test,96,0,0,0,0.00011189561106155974
resolution_g64,advection_diffusion__fno__correct__s7202__smooth,fno,smooth,advection_diffusion,correct,ood,64,0,0,0,0.013792427228188742
resolution_g64,advection_diffusion__fno__correct__s7202__smooth,fno,smooth,advection_diffusion,correct,ood,96,0,0,0,0.02020888873165879
resolution_g64,advection_diffusion__fno__correct__s7303__none,fno,none,advection_diffusion,correct,test,64,0,0,0,0.0004797245210884718
resolution_g64,advection_diffusion__fno__correct__s7303__none,fno,none,advection_diffusion,correct,test,96,0,0,0,0.0006496895226764896
resolution_g64,advection_diffusion__fno__correct__s7303__none,fno,none,advection_diffusion,correct,ood,64,0,0,0,0.0691732842628201
resolution_g64,advection_diffusion__fno__correct__s7303__none,fno,none,advection_diffusion,correct,ood,96,0,0,0,0.11141874194310444
resolution_g64,advection_diffusion__fno__correct__s7303__smooth,fno,smooth,advection_diffusion,correct,test,64,0,0,0,0.00012858015662232762
resolution_g64,advection_diffusion__fno__correct__s7303__smooth,fno,smooth,advection_diffusion,correct,test,96,0,0,0,0.0001828568479316309
resolution_g64,advection_diffusion__fno__correct__s7303__smooth,fno,smooth,advection_diffusion,correct,ood,64,0,0,0,0.04396506556308255
resolution_g64,advection_diffusion__fno__correct__s7303__smooth,fno,smooth,advection_diffusion,correct,ood,96,0,0,0,0.07019881323309374
resolution_g64,advection_diffusion__fno__correct__s7404__none,fno,none,advection_diffusion,correct,test,64,0,0,0,0.0005035228609645039
resolution_g64,advection_diffusion__fno__correct__s7404__none,fno,none,advection_diffusion,correct,test,96,0,0,0,0.0007286394529184212
resolution_g64,advection_diffusion__fno__correct__s7404__none,fno,none,advection_diffusion,correct,ood,64,0,0,0,0.048919134100246064
resolution_g64,advection_diffusion__fno__correct__s7404__none,fno,none,advection_diffusion,correct,ood,96,0,0,0,0.06550780585557973
resolution_g64,advection_diffusion__fno__correct__s7404__smooth,fno,smooth,advection_diffusion,correct,test,64,0,0,0,0.00025335655258604435
resolution_g64,advection_diffusion__fno__correct__s7404__smooth,fno,smooth,advection_diffusion,correct,test,96,0,0,0,0.0004049172394112189
resolution_g64,advection_diffusion__fno__correct__s7404__smooth,fno,smooth,advection_diffusion,correct,ood,64,0,0,0,0.03770462331427882
resolution_g64,advection_diffusion__fno__correct__s7404__smooth,fno,smooth,advection_diffusion,correct,ood,96,0,0,0,0.05613665941181193
resolution_g64,advection_diffusion__looped__coefficient__s7101__none,looped,none,advection_diffusion,coefficient,test,64,0,0,0,0.004639278996675378
resolution_g64,advection_diffusion__looped__coefficient__s7101__none,looped,none,advection_diffusion,coefficient,test,96,0,0,0,0.005894789061527295
resolution_g64,advection_diffusion__looped__coefficient__s7101__none,looped,none,advection_diffusion,coefficient,ood,64,0,0,0,2.8740123135014244
resolution_g64,advection_diffusion__looped__coefficient__s7101__none,looped,none,advection_diffusion,coefficient,ood,96,0,0,0,5.991186429949096
resolution_g64,advection_diffusion__looped__coefficient__s7101__smooth,looped,smooth,advection_diffusion,coefficient,test,64,0,0,0,0.005753149569325933
resolution_g64,advection_diffusion__looped__coefficient__s7101__smooth,looped,smooth,advection_diffusion,coefficient,test,96,0,0,0,0.006270314654535831
resolution_g64,advection_diffusion__looped__coefficient__s7101__smooth,looped,smooth,advection_diffusion,coefficient,ood,64,0,0,0,3.500152932849346
resolution_g64,advection_diffusion__looped__coefficient__s7101__smooth,looped,smooth,advection_diffusion,coefficient,ood,96,0,0,0,6.914088962554843
resolution_g64,advection_diffusion__looped__coefficient__s7202__none,looped,none,advection_diffusion,coefficient,test,64,0,0,0,0.0035842470516178615
resolution_g64,advection_diffusion__looped__coefficient__s7202__none,looped,none,advection_diffusion,coefficient,test,96,0,0,0,0.0054295954743522525
resolution_g64,advection_diffusion__looped__coefficient__s7202__none,looped,none,advection_diffusion,coefficient,ood,64,0,0,0,20.37317642392503
resolution_g64,advection_diffusion__looped__coefficient__s7202__none,looped,none,advection_diffusion,coefficient,ood,96,0,0,0,63.82852160176204
resolution_g64,advection_diffusion__looped__coefficient__s7202__smooth,looped,smooth,advection_diffusion,coefficient,test,64,0,0,0,0.008257326556246225
resolution_g64,advection_diffusion__looped__coefficient__s7202__smooth,looped,smooth,advection_diffusion,coefficient,test,96,0,0,0,0.011915072563491187
resolution_g64,advection_diffusion__looped__coefficient__s7202__smooth,looped,smooth,advection_diffusion,coefficient,ood,64,0,0,0,3.919539312625659
resolution_g64,advection_diffusion__looped__coefficient__s7202__smooth,looped,smooth,advection_diffusion,coefficient,ood,96,0,0,0,16.294473357632683
resolution_g64,advection_diffusion__looped__coefficient__s7303__none,looped,none,advection_diffusion,coefficient,test,64,0,0,0,0.0035076600469168273
resolution_g64,advection_diffusion__looped__coefficient__s7303__none,looped,none,advection_diffusion,coefficient,test,96,0,0,0,0.00923607553416354
resolution_g64,advection_diffusion__looped__coefficient__s7303__none,looped,none,advection_diffusion,coefficient,ood,64,0,0,0,7.37805738833282
resolution_g64,advection_diffusion__looped__coefficient__s7303__none,looped,none,advection_diffusion,coefficient,ood,96,0,0,0,18.323555889679216
resolution_g64,advection_diffusion__looped__coefficient__s7303__smooth,looped,smooth,advection_diffusion,coefficient,test,64,0,0,0,0.013258322182830184
resolution_g64,advection_diffusion__looped__coefficient__s7303__smooth,looped,smooth,advection_diffusion,coefficient,test,96,0,0,0,0.03708493945779523
resolution_g64,advection_diffusion__looped__coefficient__s7303__smooth,looped,smooth,advection_diffusion,coefficient,ood,64,0,0,0,2.355000519113503
resolution_g64,advection_diffusion__looped__coefficient__s7303__smooth,looped,smooth,advection_diffusion,coefficient,ood,96,0,0,0,5.977286153817241
resolution_g64,advection_diffusion__looped__coefficient__s7404__none,looped,none,advection_diffusion,coefficient,test,64,0,0,0,0.003720447585247255
resolution_g64,advection_diffusion__looped__coefficient__s7404__none,looped,none,advection_diffusion,coefficient,test,96,0,0,0,0.0045651568145115284
resolution_g64,advection_diffusion__looped__coefficient__s7404__none,looped,none,advection_diffusion,coefficient,ood,64,0,0,0,0.39687103494853204
resolution_g64,advection_diffusion__looped__coefficient__s7404__none,looped,none,advection_diffusion,coefficient,ood,96,0,0,0,0.43961097761009194
resolution_g64,advection_diffusion__looped__coefficient__s7404__smooth,looped,smooth,advection_diffusion,coefficient,test,64,0,0,0,0.008820773436699847
resolution_g64,advection_diffusion__looped__coefficient__s7404__smooth,looped,smooth,advection_diffusion,coefficient,test,96,0,0,0,0.011652934938148157
resolution_g64,advection_diffusion__looped__coefficient__s7404__smooth,looped,smooth,advection_diffusion,coefficient,ood,64,0,0,0,0.3660593851695637
resolution_g64,advection_diffusion__looped__coefficient__s7404__smooth,looped,smooth,advection_diffusion,coefficient,ood,96,0,0,0,0.39787705521270783
resolution_g64,advection_diffusion__looped__correct__s7101__none,looped,none,advection_diffusion,correct,test,64,0,0,0,0.004639203725281815
resolution_g64,advection_diffusion__looped__correct__s7101__none,looped,none,advection_diffusion,correct,test,96,0,0,0,0.00589463435727966
resolution_g64,advection_diffusion__looped__correct__s7101__none,looped,none,advection_diffusion,correct,ood,64,0,0,0,2.8740274720909724
resolution_g64,advection_diffusion__looped__correct__s7101__none,looped,none,advection_diffusion,correct,ood,96,0,0,0,5.991218878290775
resolution_g64,advection_diffusion__looped__correct__s7101__smooth,looped,smooth,advection_diffusion,correct,test,64,0,0,0,0.006037182324793111
resolution_g64,advection_diffusion__looped__correct__s7101__smooth,looped,smooth,advection_diffusion,correct,test,96,0,0,0,0.00828616934460798
resolution_g64,advection_diffusion__looped__correct__s7101__smooth,looped,smooth,advection_diffusion,correct,ood,64,0,0,0,4.095819166850703
resolution_g64,advection_diffusion__looped__correct__s7101__smooth,looped,smooth,advection_diffusion,correct,ood,96,0,0,0,8.88238993048687
resolution_g64,advection_diffusion__looped__correct__s7202__none,looped,none,advection_diffusion,correct,test,64,0,0,0,0.003584207092569347
resolution_g64,advection_diffusion__looped__correct__s7202__none,looped,none,advection_diffusion,correct,test,96,0,0,0,0.005429507624420478
resolution_g64,advection_diffusion__looped__correct__s7202__none,looped,none,advection_diffusion,correct,ood,64,0,0,0,20.37332873940943
resolution_g64,advection_diffusion__looped__correct__s7202__none,looped,none,advection_diffusion,correct,ood,96,0,0,0,63.82888007279181
resolution_g64,advection_diffusion__looped__correct__s7202__smooth,looped,smooth,advection_diffusion,correct,test,64,0,0,0,0.0030607335351944265
resolution_g64,advection_diffusion__looped__correct__s7202__smooth,looped,smooth,advection_diffusion,correct,test,96,0,0,0,0.0035771058420843715
resolution_g64,advection_diffusion__looped__correct__s7202__smooth,looped,smooth,advection_diffusion,correct,ood,64,0,0,0,5.999371274296493
resolution_g64,advection_diffusion__looped__correct__s7202__smooth,looped,smooth,advection_diffusion,correct,ood,96,0,0,0,24.091649814612122
resolution_g64,advection_diffusion__looped__correct__s7303__none,looped,none,advection_diffusion,correct,test,64,0,0,0,0.0035076142166560187
resolution_g64,advection_diffusion__looped__correct__s7303__none,looped,none,advection_diffusion,correct,test,96,0,0,0,0.00923581326644111
resolution_g64,advection_diffusion__looped__correct__s7303__none,looped,none,advection_diffusion,correct,ood,64,0,0,0,7.378102006033032
resolution_g64,advection_diffusion__looped__correct__s7303__none,looped,none,advection_diffusion,correct,ood,96,0,0,0,18.32365313319239
resolution_g64,advection_diffusion__looped__correct__s7303__smooth,looped,smooth,advection_diffusion,correct,test,64,0,0,0,0.0052854380423745795
resolution_g64,advection_diffusion__looped__correct__s7303__smooth,looped,smooth,advection_diffusion,correct,test,96,0,0,0,0.021595071872622402
resolution_g64,advection_diffusion__looped__correct__s7303__smooth,looped,smooth,advection_diffusion,correct,ood,64,0,0,0,5.836205007029548
resolution_g64,advection_diffusion__looped__correct__s7303__smooth,looped,smooth,advection_diffusion,correct,ood,96,0,0,0,15.23254089273875
resolution_g64,advection_diffusion__looped__correct__s7404__none,looped,none,advection_diffusion,correct,test,64,0,0,0,0.00372044677262795
resolution_g64,advection_diffusion__looped__correct__s7404__none,looped,none,advection_diffusion,correct,test,96,0,0,0,0.0045651737342393695
resolution_g64,advection_diffusion__looped__correct__s7404__none,looped,none,advection_diffusion,correct,ood,64,0,0,0,0.39686985450333623
resolution_g64,advection_diffusion__looped__correct__s7404__none,looped,none,advection_diffusion,correct,ood,96,0,0,0,0.4396094431705251
resolution_g64,advection_diffusion__looped__correct__s7404__smooth,looped,smooth,advection_diffusion,correct,test,64,0,0,0,0.004276731836061254
resolution_g64,advection_diffusion__looped__correct__s7404__smooth,looped,smooth,advection_diffusion,correct,test,96,0,0,0,0.004835504136752563
resolution_g64,advection_diffusion__looped__correct__s7404__smooth,looped,smooth,advection_diffusion,correct,ood,64,0,0,0,0.3966167608732576
resolution_g64,advection_diffusion__looped__correct__s7404__smooth,looped,smooth,advection_diffusion,correct,ood,96,0,0,0,0.42858383404169825
resolution_g64,advection_diffusion__transformer__coefficient__s7101__none,transformer,none,advection_diffusion,coefficient,test,64,0,0,0,0.001256636233210151
resolution_g64,advection_diffusion__transformer__coefficient__s7101__none,transformer,none,advection_diffusion,coefficient,test,96,0,0,0,0.001974336688782552
resolution_g64,advection_diffusion__transformer__coefficient__s7101__none,transformer,none,advection_diffusion,coefficient,ood,64,0,0,0,1.6248448367344963
resolution_g64,advection_diffusion__transformer__coefficient__s7101__none,transformer,none,advection_diffusion,coefficient,ood,96,0,0,0,2.749335732986083
resolution_g64,advection_diffusion__transformer__coefficient__s7101__smooth,transformer,smooth,advection_diffusion,coefficient,test,64,0,0,0,0.004741615806175714
resolution_g64,advection_diffusion__transformer__coefficient__s7101__smooth,transformer,smooth,advection_diffusion,coefficient,test,96,0,0,0,0.008180048338265983
resolution_g64,advection_diffusion__transformer__coefficient__s7101__smooth,transformer,smooth,advection_diffusion,coefficient,ood,64,0,0,0,2.0956490791168108
resolution_g64,advection_diffusion__transformer__coefficient__s7101__smooth,transformer,smooth,advection_diffusion,coefficient,ood,96,0,0,0,3.4619698853851637
resolution_g64,advection_diffusion__transformer__coefficient__s7202__none,transformer,none,advection_diffusion,coefficient,test,64,0,0,0,0.0017806301955519688
resolution_g64,advection_diffusion__transformer__coefficient__s7202__none,transformer,none,advection_diffusion,coefficient,test,96,0,0,0,0.002353677183775179
resolution_g64,advection_diffusion__transformer__coefficient__s7202__none,transformer,none,advection_diffusion,coefficient,ood,64,0,0,0,0.9956725094432386
resolution_g64,advection_diffusion__transformer__coefficient__s7202__none,transformer,none,advection_diffusion,coefficient,ood,96,0,0,0,1.2218459729663969
resolution_g64,advection_diffusion__transformer__coefficient__s7202__smooth,transformer,smooth,advection_diffusion,coefficient,test,64,0,0,0,0.00799391719220921
resolution_g64,advection_diffusion__transformer__coefficient__s7202__smooth,transformer,smooth,advection_diffusion,coefficient,test,96,0,0,0,0.011892898205142425
resolution_g64,advection_diffusion__transformer__coefficient__s7202__smooth,transformer,smooth,advection_diffusion,coefficient,ood,64,0,0,0,1.2820300319069702
resolution_g64,advection_diffusion__transformer__coefficient__s7202__smooth,transformer,smooth,advection_diffusion,coefficient,ood,96,0,0,0,1.5694417295549101
resolution_g64,advection_diffusion__transformer__coefficient__s7303__none,transformer,none,advection_diffusion,coefficient,test,64,0,0,0,0.001943382426281559
resolution_g64,advection_diffusion__transformer__coefficient__s7303__none,transformer,none,advection_diffusion,coefficient,test,96,0,0,0,0.0037965461746066378
resolution_g64,advection_diffusion__transformer__coefficient__s7303__none,transformer,none,advection_diffusion,coefficient,ood,64,0,0,0,1.670401854317845
resolution_g64,advection_diffusion__transformer__coefficient__s7303__none,transformer,none,advection_diffusion,coefficient,ood,96,0,0,0,2.4267196725371605
resolution_g64,advection_diffusion__transformer__coefficient__s7303__smooth,transformer,smooth,advection_diffusion,coefficient,test,64,0,0,0,0.013740088096639402
resolution_g64,advection_diffusion__transformer__coefficient__s7303__smooth,transformer,smooth,advection_diffusion,coefficient,test,96,0,0,0,0.03215189652628192
resolution_g64,advection_diffusion__transformer__coefficient__s7303__smooth,transformer,smooth,advection_diffusion,coefficient,ood,64,0,0,0,1.4602805751046617
resolution_g64,advection_diffusion__transformer__coefficient__s7303__smooth,transformer,smooth,advection_diffusion,coefficient,ood,96,0,0,0,1.9704944397229458
resolution_g64,advection_diffusion__transformer__coefficient__s7404__none,transformer,none,advection_diffusion,coefficient,test,64,0,0,0,0.001535501251068716
resolution_g64,advection_diffusion__transformer__coefficient__s7404__none,transformer,none,advection_diffusion,coefficient,test,96,0,0,0,0.0017526235647427058
resolution_g64,advection_diffusion__transformer__coefficient__s7404__none,transformer,none,advection_diffusion,coefficient,ood,64,0,0,0,0.5461438989775615
resolution_g64,advection_diffusion__transformer__coefficient__s7404__none,transformer,none,advection_diffusion,coefficient,ood,96,0,0,0,0.5631757382287408
resolution_g64,advection_diffusion__transformer__coefficient__s7404__smooth,transformer,smooth,advection_diffusion,coefficient,test,64,0,0,0,0.0029834271731576933
resolution_g64,advection_diffusion__transformer__coefficient__s7404__smooth,transformer,smooth,advection_diffusion,coefficient,test,96,0,0,0,0.003463800473337386
resolution_g64,advection_diffusion__transformer__coefficient__s7404__smooth,transformer,smooth,advection_diffusion,coefficient,ood,64,0,0,0,0.5296363927922414
resolution_g64,advection_diffusion__transformer__coefficient__s7404__smooth,transformer,smooth,advection_diffusion,coefficient,ood,96,0,0,0,0.5443136832414932
resolution_g64,advection_diffusion__transformer__correct__s7101__none,transformer,none,advection_diffusion,correct,test,64,0,0,0,0.001256594718716919
resolution_g64,advection_diffusion__transformer__correct__s7101__none,transformer,none,advection_diffusion,correct,test,96,0,0,0,0.0019742438385465704
resolution_g64,advection_diffusion__transformer__correct__s7101__none,transformer,none,advection_diffusion,correct,ood,64,0,0,0,1.624840178172576
resolution_g64,advection_diffusion__transformer__correct__s7101__none,transformer,none,advection_diffusion,correct,ood,96,0,0,0,2.7493280476934006
resolution_g64,advection_diffusion__transformer__correct__s7101__smooth,transformer,smooth,advection_diffusion,correct,test,64,0,0,0,0.0018986039076133165
resolution_g64,advection_diffusion__transformer__correct__s7101__smooth,transformer,smooth,advection_diffusion,correct,test,96,0,0,0,0.0029273722806882523
resolution_g64,advection_diffusion__transformer__correct__s7101__smooth,transformer,smooth,advection_diffusion,correct,ood,64,0,0,0,2.3076610502132553
resolution_g64,advection_diffusion__transformer__correct__s7101__smooth,transformer,smooth,advection_diffusion,correct,ood,96,0,0,0,4.217534817238175
resolution_g64,advection_diffusion__transformer__correct__s7202__none,transformer,none,advection_diffusion,correct,test,64,0,0,0,0.0017805915122290905
resolution_g64,advection_diffusion__transformer__correct__s7202__none,transformer,none,advection_diffusion,correct,test,96,0,0,0,0.0023536064813590345
resolution_g64,advection_diffusion__transformer__correct__s7202__none,transformer,none,advection_diffusion,correct,ood,64,0,0,0,0.9956699099262778
resolution_g64,advection_diffusion__transformer__correct__s7202__none,transformer,none,advection_diffusion,correct,ood,96,0,0,0,1.2218414257529275
resolution_g64,advection_diffusion__transformer__correct__s7202__smooth,transformer,smooth,advection_diffusion,correct,test,64,0,0,0,0.0013028429813234377
resolution_g64,advection_diffusion__transformer__correct__s7202__smooth,transformer,smooth,advection_diffusion,correct,test,96,0,0,0,0.0014438690837571175
resolution_g64,advection_diffusion__transformer__correct__s7202__smooth,transformer,smooth,advection_diffusion,correct,ood,64,0,0,0,1.3690934786854996
resolution_g64,advection_diffusion__transformer__correct__s7202__smooth,transformer,smooth,advection_diffusion,correct,ood,96,0,0,0,1.8148123969434284
resolution_g64,advection_diffusion__transformer__correct__s7303__none,transformer,none,advection_diffusion,correct,test,64,0,0,0,0.0019430286459808377
resolution_g64,advection_diffusion__transformer__correct__s7303__none,transformer,none,advection_diffusion,correct,test,96,0,0,0,0.00379528619688944
resolution_g64,advection_diffusion__transformer__correct__s7303__none,transformer,none,advection_diffusion,correct,ood,64,0,0,0,1.6704054512252924
resolution_g64,advection_diffusion__transformer__correct__s7303__none,transformer,none,advection_diffusion,correct,ood,96,0,0,0,2.4267263731178446
resolution_g64,advection_diffusion__transformer__correct__s7303__smooth,transformer,smooth,advection_diffusion,correct,test,64,0,0,0,0.0022882213732067225
resolution_g64,advection_diffusion__transformer__correct__s7303__smooth,transformer,smooth,advection_diffusion,correct,test,96,0,0,0,0.004543906193968865
resolution_g64,advection_diffusion__transformer__correct__s7303__smooth,transformer,smooth,advection_diffusion,correct,ood,64,0,0,0,1.7954302107014541
resolution_g64,advection_diffusion__transformer__correct__s7303__smooth,transformer,smooth,advection_diffusion,correct,ood,96,0,0,0,2.5812322977814874
resolution_g64,advection_diffusion__transformer__correct__s7404__none,transformer,none,advection_diffusion,correct,test,64,0,0,0,0.0015354902604634013
resolution_g64,advection_diffusion__transformer__correct__s7404__none,transformer,none,advection_diffusion,correct,test,96,0,0,0,0.0017526123549259274
resolution_g64,advection_diffusion__transformer__correct__s7404__none,transformer,none,advection_diffusion,correct,ood,64,0,0,0,0.5461439391250735
resolution_g64,advection_diffusion__transformer__correct__s7404__none,transformer,none,advection_diffusion,correct,ood,96,0,0,0,0.5631757470857981
resolution_g64,advection_diffusion__transformer__correct__s7404__smooth,transformer,smooth,advection_diffusion,correct,test,64,0,0,0,0.001866115953071401
resolution_g64,advection_diffusion__transformer__correct__s7404__smooth,transformer,smooth,advection_diffusion,correct,test,96,0,0,0,0.0021356875476597668
resolution_g64,advection_diffusion__transformer__correct__s7404__smooth,transformer,smooth,advection_diffusion,correct,ood,64,0,0,0,0.5793210581876735
resolution_g64,advection_diffusion__transformer__correct__s7404__smooth,transformer,smooth,advection_diffusion,correct,ood,96,0,0,0,0.5967007749182471
resolution_g64,allen_cahn__fno__coefficient__s7101__none,fno,none,allen_cahn,coefficient,test,64,0,0,0,0.010506134276172627
resolution_g64,allen_cahn__fno__coefficient__s7101__none,fno,none,allen_cahn,coefficient,test,96,0,0,0,0.017239181130114682
resolution_g64,allen_cahn__fno__coefficient__s7101__none,fno,none,allen_cahn,coefficient,ood,64,0,0,0,0.02155257704423702
resolution_g64,allen_cahn__fno__coefficient__s7101__none,fno,none,allen_cahn,coefficient,ood,96,0,0,0,0.04868954151178011
resolution_g64,allen_cahn__fno__coefficient__s7101__smooth,fno,smooth,allen_cahn,coefficient,test,64,0,0,0,0.0005014205961271501
resolution_g64,allen_cahn__fno__coefficient__s7101__smooth,fno,smooth,allen_cahn,coefficient,test,96,0,0,0,0.0010400338860353333
resolution_g64,allen_cahn__fno__coefficient__s7101__smooth,fno,smooth,allen_cahn,coefficient,ood,64,0,0,0,0.0024446592648553755
resolution_g64,allen_cahn__fno__coefficient__s7101__smooth,fno,smooth,allen_cahn,coefficient,ood,96,0,0,0,0.004560045334170241
resolution_g64,allen_cahn__fno__coefficient__s7202__none,fno,none,allen_cahn,coefficient,test,64,0,0,0,0.014331102698154359
resolution_g64,allen_cahn__fno__coefficient__s7202__none,fno,none,allen_cahn,coefficient,test,96,0,0,0,0.03692262190323707
resolution_g64,allen_cahn__fno__coefficient__s7202__none,fno,none,allen_cahn,coefficient,ood,64,0,0,0,0.0639197991209465
resolution_g64,allen_cahn__fno__coefficient__s7202__none,fno,none,allen_cahn,coefficient,ood,96,0,0,0,0.1602359940965391
resolution_g64,allen_cahn__fno__coefficient__s7202__smooth,fno,smooth,allen_cahn,coefficient,test,64,0,0,0,0.00046435404043480843
resolution_g64,allen_cahn__fno__coefficient__s7202__smooth,fno,smooth,allen_cahn,coefficient,test,96,0,0,0,0.0008846963429881468
resolution_g64,allen_cahn__fno__coefficient__s7202__smooth,fno,smooth,allen_cahn,coefficient,ood,64,0,0,0,0.005372366391325545
resolution_g64,allen_cahn__fno__coefficient__s7202__smooth,fno,smooth,allen_cahn,coefficient,ood,96,0,0,0,0.01030733268949639
resolution_g64,allen_cahn__fno__coefficient__s7303__none,fno,none,allen_cahn,coefficient,test,64,0,0,0,0.014049989065741578
resolution_g64,allen_cahn__fno__coefficient__s7303__none,fno,none,allen_cahn,coefficient,test,96,0,0,0,0.03309658308457742
resolution_g64,allen_cahn__fno__coefficient__s7303__none,fno,none,allen_cahn,coefficient,ood,64,0,0,0,0.022423460841480655
resolution_g64,allen_cahn__fno__coefficient__s7303__none,fno,none,allen_cahn,coefficient,ood,96,0,0,0,0.05593167919175829
resolution_g64,allen_cahn__fno__coefficient__s7303__smooth,fno,smooth,allen_cahn,coefficient,test,64,0,0,0,0.0005251019584530808
resolution_g64,allen_cahn__fno__coefficient__s7303__smooth,fno,smooth,allen_cahn,coefficient,test,96,0,0,0,0.0007935507360492996
resolution_g64,allen_cahn__fno__coefficient__s7303__smooth,fno,smooth,allen_cahn,coefficient,ood,64,0,0,0,0.01235416378209031
resolution_g64,allen_cahn__fno__coefficient__s7303__smooth,fno,smooth,allen_cahn,coefficient,ood,96,0,0,0,0.02510764422556496
resolution_g64,allen_cahn__fno__coefficient__s7404__none,fno,none,allen_cahn,coefficient,test,64,0,0,0,0.014966957027729572
resolution_g64,allen_cahn__fno__coefficient__s7404__none,fno,none,allen_cahn,coefficient,test,96,0,0,0,0.03303276223494239
resolution_g64,allen_cahn__fno__coefficient__s7404__none,fno,none,allen_cahn,coefficient,ood,64,0,0,0,0.02347615944311318
resolution_g64,allen_cahn__fno__coefficient__s7404__none,fno,none,allen_cahn,coefficient,ood,96,0,0,0,0.05024118255125133
resolution_g64,allen_cahn__fno__coefficient__s7404__smooth,fno,smooth,allen_cahn,coefficient,test,64,0,0,0,0.0007543411490740087
resolution_g64,allen_cahn__fno__coefficient__s7404__smooth,fno,smooth,allen_cahn,coefficient,test,96,0,0,0,0.0014799563124453057
resolution_g64,allen_cahn__fno__coefficient__s7404__smooth,fno,smooth,allen_cahn,coefficient,ood,64,0,0,0,0.018347847173701748
resolution_g64,allen_cahn__fno__coefficient__s7404__smooth,fno,smooth,allen_cahn,coefficient,ood,96,0,0,0,0.03620837324176869
resolution_g64,allen_cahn__fno__correct__s7101__none,fno,none,allen_cahn,correct,test,64,0,0,0,0.010504365161039177
resolution_g64,allen_cahn__fno__correct__s7101__none,fno,none,allen_cahn,correct,test,96,0,0,0,0.01724632293195263
resolution_g64,allen_cahn__fno__correct__s7101__none,fno,none,allen_cahn,correct,ood,64,0,0,0,0.021667889760260906
resolution_g64,allen_cahn__fno__correct__s7101__none,fno,none,allen_cahn,correct,ood,96,0,0,0,0.049126508891898624
resolution_g64,allen_cahn__fno__correct__s7101__smooth,fno,smooth,allen_cahn,correct,test,64,0,0,0,0.00024150465216928735
resolution_g64,allen_cahn__fno__correct__s7101__smooth,fno,smooth,allen_cahn,correct,test,96,0,0,0,0.00037711755646290906
resolution_g64,allen_cahn__fno__correct__s7101__smooth,fno,smooth,allen_cahn,correct,ood,64,0,0,0,0.0026043092057893846
resolution_g64,allen_cahn__fno__correct__s7101__smooth,fno,smooth,allen_cahn,correct,ood,96,0,0,0,0.005213475836794415
resolution_g64,allen_cahn__fno__correct__s7202__none,fno,none,allen_cahn,correct,test,64,0,0,0,0.014185492525168895
resolution_g64,allen_cahn__fno__correct__s7202__none,fno,none,allen_cahn,correct,test,96,0,0,0,0.036238721246716205
resolution_g64,allen_cahn__fno__correct__s7202__none,fno,none,allen_cahn,correct,ood,64,0,0,0,0.06393174645704804
resolution_g64,allen_cahn__fno__correct__s7202__none,fno,none,allen_cahn,correct,ood,96,0,0,0,0.1612538672868149
resolution_g64,allen_cahn__fno__correct__s7202__smooth,fno,smooth,allen_cahn,correct,test,64,0,0,0,0.00021835449172034893
resolution_g64,allen_cahn__fno__correct__s7202__smooth,fno,smooth,allen_cahn,correct,test,96,0,0,0,0.0003479563284972953
resolution_g64,allen_cahn__fno__correct__s7202__smooth,fno,smooth,allen_cahn,correct,ood,64,0,0,0,0.0022243403584382704
resolution_g64,allen_cahn__fno__correct__s7202__smooth,fno,smooth,allen_cahn,correct,ood,96,0,0,0,0.00427482306903922
resolution_g64,allen_cahn__fno__correct__s7303__none,fno,none,allen_cahn,correct,test,64,0,0,0,0.013928186414363691
resolution_g64,allen_cahn__fno__correct__s7303__none,fno,none,allen_cahn,correct,test,96,0,0,0,0.03248161871127473
resolution_g64,allen_cahn__fno__correct__s7303__none,fno,none,allen_cahn,correct,ood,64,0,0,0,0.02240126786289827
resolution_g64,allen_cahn__fno__correct__s7303__none,fno,none,allen_cahn,correct,ood,96,0,0,0,0.055375938700986796
resolution_g64,allen_cahn__fno__correct__s7303__smooth,fno,smooth,allen_cahn,correct,test,64,0,0,0,0.00021181611276857581
resolution_g64,allen_cahn__fno__correct__s7303__smooth,fno,smooth,allen_cahn,correct,test,96,0,0,0,0.00030873890654993985
resolution_g64,allen_cahn__fno__correct__s7303__smooth,fno,smooth,allen_cahn,correct,ood,64,0,0,0,0.005119232999525547
resolution_g64,allen_cahn__fno__correct__s7303__smooth,fno,smooth,allen_cahn,correct,ood,96,0,0,0,0.010229042429410324
resolution_g64,allen_cahn__fno__correct__s7404__none,fno,none,allen_cahn,correct,test,64,0,0,0,0.014864796632284058
resolution_g64,allen_cahn__fno__correct__s7404__none,fno,none,allen_cahn,correct,test,96,0,0,0,0.032906812120190414
resolution_g64,allen_cahn__fno__correct__s7404__none,fno,none,allen_cahn,correct,ood,64,0,0,0,0.023388736248639755
resolution_g64,allen_cahn__fno__correct__s7404__none,fno,none,allen_cahn,correct,ood,96,0,0,0,0.05018001529567933
resolution_g64,allen_cahn__fno__correct__s7404__smooth,fno,smooth,allen_cahn,correct,test,64,0,0,0,0.00023554123087318746
resolution_g64,allen_cahn__fno__correct__s7404__smooth,fno,smooth,allen_cahn,correct,test,96,0,0,0,0.00035125149594441207
resolution_g64,allen_cahn__fno__correct__s7404__smooth,fno,smooth,allen_cahn,correct,ood,64,0,0,0,0.021231659099948508
resolution_g64,allen_cahn__fno__correct__s7404__smooth,fno,smooth,allen_cahn,correct,ood,96,0,0,0,0.043366070864897674
resolution_g64,allen_cahn__looped__coefficient__s7101__none,looped,none,allen_cahn,coefficient,test,64,0,0,0,0.0037612116392198303
resolution_g64,allen_cahn__looped__coefficient__s7101__none,looped,none,allen_cahn,coefficient,test,96,0,0,0,0.004336379347471701
resolution_g64,allen_cahn__looped__coefficient__s7101__none,looped,none,allen_cahn,coefficient,ood,64,0,0,0,0.13581874894194979
resolution_g64,allen_cahn__looped__coefficient__s7101__none,looped,none,allen_cahn,coefficient,ood,96,0,0,0,0.2917649479796716
resolution_g64,allen_cahn__looped__coefficient__s7101__smooth,looped,smooth,allen_cahn,coefficient,test,64,0,0,0,0.00232904476781004
resolution_g64,allen_cahn__looped__coefficient__s7101__smooth,looped,smooth,allen_cahn,coefficient,test,96,0,0,0,0.0034977624958244893
resolution_g64,allen_cahn__looped__coefficient__s7101__smooth,looped,smooth,allen_cahn,coefficient,ood,64,0,0,0,0.0928538709874438
resolution_g64,allen_cahn__looped__coefficient__s7101__smooth,looped,smooth,allen_cahn,coefficient,ood,96,0,0,0,0.17291038001695114
resolution_g64,allen_cahn__looped__coefficient__s7202__none,looped,none,allen_cahn,coefficient,test,64,0,0,0,0.0043228739143277295
resolution_g64,allen_cahn__looped__coefficient__s7202__none,looped,none,allen_cahn,coefficient,test,96,0,0,0,0.005240097645446676
resolution_g64,allen_cahn__looped__coefficient__s7202__none,looped,none,allen_cahn,coefficient,ood,64,0,0,0,0.15844228720881048
resolution_g64,allen_cahn__looped__coefficient__s7202__none,looped,none,allen_cahn,coefficient,ood,96,0,0,0,0.3009540875388434
resolution_g64,allen_cahn__looped__coefficient__s7202__smooth,looped,smooth,allen_cahn,coefficient,test,64,0,0,0,0.002458648052737822
resolution_g64,allen_cahn__looped__coefficient__s7202__smooth,looped,smooth,allen_cahn,coefficient,test,96,0,0,0,0.003860456650253918
resolution_g64,allen_cahn__looped__coefficient__s7202__smooth,looped,smooth,allen_cahn,coefficient,ood,64,0,0,0,0.04038597156548995
resolution_g64,allen_cahn__looped__coefficient__s7202__smooth,looped,smooth,allen_cahn,coefficient,ood,96,0,0,0,0.07727820859450556
resolution_g64,allen_cahn__looped__coefficient__s7303__none,looped,none,allen_cahn,coefficient,test,64,0,0,0,0.0037291142856810122
resolution_g64,allen_cahn__looped__coefficient__s7303__none,looped,none,allen_cahn,coefficient,test,96,0,0,0,0.004330620717528285
resolution_g64,allen_cahn__looped__coefficient__s7303__none,looped,none,allen_cahn,coefficient,ood,64,0,0,0,0.07618447346671964
resolution_g64,allen_cahn__looped__coefficient__s7303__none,looped,none,allen_cahn,coefficient,ood,96,0,0,0,0.16466403876963062
resolution_g64,allen_cahn__looped__coefficient__s7303__smooth,looped,smooth,allen_cahn,coefficient,test,64,0,0,0,0.002639632229286426
resolution_g64,allen_cahn__looped__coefficient__s7303__smooth,looped,smooth,allen_cahn,coefficient,test,96,0,0,0,0.004249041103603431
resolution_g64,allen_cahn__looped__coefficient__s7303__smooth,looped,smooth,allen_cahn,coefficient,ood,64,0,0,0,0.24916231668039757
resolution_g64,allen_cahn__looped__coefficient__s7303__smooth,looped,smooth,allen_cahn,coefficient,ood,96,0,0,0,0.4783585641790845
resolution_g64,allen_cahn__looped__coefficient__s7404__none,looped,none,allen_cahn,coefficient,test,64,0,0,0,0.0065471234922671595
resolution_g64,allen_cahn__looped__coefficient__s7404__none,looped,none,allen_cahn,coefficient,test,96,0,0,0,0.008017525193801795
resolution_g64,allen_cahn__looped__coefficient__s7404__none,looped,none,allen_cahn,coefficient,ood,64,0,0,0,0.10356483335618982
resolution_g64,allen_cahn__looped__coefficient__s7404__none,looped,none,allen_cahn,coefficient,ood,96,0,0,0,0.23545785612672532
resolution_g64,allen_cahn__looped__coefficient__s7404__smooth,looped,smooth,allen_cahn,coefficient,test,64,0,0,0,0.002448626501578177
resolution_g64,allen_cahn__looped__coefficient__s7404__smooth,looped,smooth,allen_cahn,coefficient,test,96,0,0,0,0.003875810216027305
resolution_g64,allen_cahn__looped__coefficient__s7404__smooth,looped,smooth,allen_cahn,coefficient,ood,64,0,0,0,0.08150898824242692
resolution_g64,allen_cahn__looped__coefficient__s7404__smooth,looped,smooth,allen_cahn,coefficient,ood,96,0,0,0,0.18650178622696068
resolution_g64,allen_cahn__looped__correct__s7101__none,looped,none,allen_cahn,correct,test,64,0,0,0,0.0037612206321990804
resolution_g64,allen_cahn__looped__correct__s7101__none,looped,none,allen_cahn,correct,test,96,0,0,0,0.004336389619074232
resolution_g64,allen_cahn__looped__correct__s7101__none,looped,none,allen_cahn,correct,ood,64,0,0,0,0.13581919551092358
resolution_g64,allen_cahn__looped__correct__s7101__none,looped,none,allen_cahn,correct,ood,96,0,0,0,0.2917659663031629
resolution_g64,allen_cahn__looped__correct__s7101__smooth,looped,smooth,allen_cahn,correct,test,64,0,0,0,0.0016786440840510508
resolution_g64,allen_cahn__looped__correct__s7101__smooth,looped,smooth,allen_cahn,correct,test,96,0,0,0,0.002258008132902371
resolution_g64,allen_cahn__looped__correct__s7101__smooth,looped,smooth,allen_cahn,correct,ood,64,0,0,0,0.08293544037954792
resolution_g64,allen_cahn__looped__correct__s7101__smooth,looped,smooth,allen_cahn,correct,ood,96,0,0,0,0.17502559178715948
resolution_g64,allen_cahn__looped__correct__s7202__none,looped,none,allen_cahn,correct,test,64,0,0,0,0.00432288468311226
resolution_g64,allen_cahn__looped__correct__s7202__none,looped,none,allen_cahn,correct,test,96,0,0,0,0.005240109328283596
resolution_g64,allen_cahn__looped__correct__s7202__none,looped,none,allen_cahn,correct,ood,64,0,0,0,0.15844215896603409
resolution_g64,allen_cahn__looped__correct__s7202__none,looped,none,allen_cahn,correct,ood,96,0,0,0,0.30095397393663487
resolution_g64,allen_cahn__looped__correct__s7202__smooth,looped,smooth,allen_cahn,correct,test,64,0,0,0,0.002014325716589993
resolution_g64,allen_cahn__looped__correct__s7202__smooth,looped,smooth,allen_cahn,correct,test,96,0,0,0,0.002947758398128627
resolution_g64,allen_cahn__looped__correct__s7202__smooth,looped,smooth,allen_cahn,correct,ood,64,0,0,0,0.04891743399109583
resolution_g64,allen_cahn__looped__correct__s7202__smooth,looped,smooth,allen_cahn,correct,ood,96,0,0,0,0.09375538547445394
resolution_g64,allen_cahn__looped__correct__s7303__none,looped,none,allen_cahn,correct,test,64,0,0,0,0.003729116869380489
resolution_g64,allen_cahn__looped__correct__s7303__none,looped,none,allen_cahn,correct,test,96,0,0,0,0.004330622691090932
resolution_g64,allen_cahn__looped__correct__s7303__none,looped,none,allen_cahn,correct,ood,64,0,0,0,0.0761837852106364
resolution_g64,allen_cahn__looped__correct__s7303__none,looped,none,allen_cahn,correct,ood,96,0,0,0,0.16466232215533574
resolution_g64,allen_cahn__looped__correct__s7303__smooth,looped,smooth,allen_cahn,correct,test,64,0,0,0,0.002078228755274192
resolution_g64,allen_cahn__looped__correct__s7303__smooth,looped,smooth,allen_cahn,correct,test,96,0,0,0,0.0030864324379683192
resolution_g64,allen_cahn__looped__correct__s7303__smooth,looped,smooth,allen_cahn,correct,ood,64,0,0,0,0.12061132622284987
resolution_g64,allen_cahn__looped__correct__s7303__smooth,looped,smooth,allen_cahn,correct,ood,96,0,0,0,0.21356990059364023
resolution_g64,allen_cahn__looped__correct__s7404__none,looped,none,allen_cahn,correct,test,64,0,0,0,0.006547101508747932
resolution_g64,allen_cahn__looped__correct__s7404__none,looped,none,allen_cahn,correct,test,96,0,0,0,0.00801748103780901
resolution_g64,allen_cahn__looped__correct__s7404__none,looped,none,allen_cahn,correct,ood,64,0,0,0,0.10356534916415194
resolution_g64,allen_cahn__looped__correct__s7404__none,looped,none,allen_cahn,correct,ood,96,0,0,0,0.23545929515765024
resolution_g64,allen_cahn__looped__correct__s7404__smooth,looped,smooth,allen_cahn,correct,test,64,0,0,0,0.0028081521642400187
resolution_g64,allen_cahn__looped__correct__s7404__smooth,looped,smooth,allen_cahn,correct,test,96,0,0,0,0.004435045409530472
resolution_g64,allen_cahn__looped__correct__s7404__smooth,looped,smooth,allen_cahn,correct,ood,64,0,0,0,0.15048415706613305
resolution_g64,allen_cahn__looped__correct__s7404__smooth,looped,smooth,allen_cahn,correct,ood,96,0,0,0,0.3617418282091016
resolution_g64,allen_cahn__transformer__coefficient__s7101__none,transformer,none,allen_cahn,coefficient,test,64,0,0,0,0.0023141758071594243
resolution_g64,allen_cahn__transformer__coefficient__s7101__none,transformer,none,allen_cahn,coefficient,test,96,0,0,0,0.0032168309108550437
resolution_g64,allen_cahn__transformer__coefficient__s7101__none,transformer,none,allen_cahn,coefficient,ood,64,0,0,0,0.09965919617867236
resolution_g64,allen_cahn__transformer__coefficient__s7101__none,transformer,none,allen_cahn,coefficient,ood,96,0,0,0,0.18762710649465575
resolution_g64,allen_cahn__transformer__coefficient__s7101__smooth,transformer,smooth,allen_cahn,coefficient,test,64,0,0,0,0.0014218983170725674
resolution_g64,allen_cahn__transformer__coefficient__s7101__smooth,transformer,smooth,allen_cahn,coefficient,test,96,0,0,0,0.0019981993491856587
resolution_g64,allen_cahn__transformer__coefficient__s7101__smooth,transformer,smooth,allen_cahn,coefficient,ood,64,0,0,0,0.27918259562682124
resolution_g64,allen_cahn__transformer__coefficient__s7101__smooth,transformer,smooth,allen_cahn,coefficient,ood,96,0,0,0,0.4981368269438917
resolution_g64,allen_cahn__transformer__coefficient__s7202__none,transformer,none,allen_cahn,coefficient,test,64,0,0,0,0.0024526203530760293
resolution_g64,allen_cahn__transformer__coefficient__s7202__none,transformer,none,allen_cahn,coefficient,test,96,0,0,0,0.00336700390597892
resolution_g64,allen_cahn__transformer__coefficient__s7202__none,transformer,none,allen_cahn,coefficient,ood,64,0,0,0,0.16711827185817185
resolution_g64,allen_cahn__transformer__coefficient__s7202__none,transformer,none,allen_cahn,coefficient,ood,96,0,0,0,0.2681504910808693
resolution_g64,allen_cahn__transformer__coefficient__s7202__smooth,transformer,smooth,allen_cahn,coefficient,test,64,0,0,0,0.0014521692041491452
resolution_g64,allen_cahn__transformer__coefficient__s7202__smooth,transformer,smooth,allen_cahn,coefficient,test,96,0,0,0,0.0022485061916479587
resolution_g64,allen_cahn__transformer__coefficient__s7202__smooth,transformer,smooth,allen_cahn,coefficient,ood,64,0,0,0,0.23982603090618682
resolution_g64,allen_cahn__transformer__coefficient__s7202__smooth,transformer,smooth,allen_cahn,coefficient,ood,96,0,0,0,0.398713083763577
resolution_g64,allen_cahn__transformer__coefficient__s7303__none,transformer,none,allen_cahn,coefficient,test,64,0,0,0,0.002002776555305341
resolution_g64,allen_cahn__transformer__coefficient__s7303__none,transformer,none,allen_cahn,coefficient,test,96,0,0,0,0.0027948630414897924
resolution_g64,allen_cahn__transformer__coefficient__s7303__none,transformer,none,allen_cahn,coefficient,ood,64,0,0,0,0.07666868550197892
resolution_g64,allen_cahn__transformer__coefficient__s7303__none,transformer,none,allen_cahn,coefficient,ood,96,0,0,0,0.12890301277834748
resolution_g64,allen_cahn__transformer__coefficient__s7303__smooth,transformer,smooth,allen_cahn,coefficient,test,64,0,0,0,0.001587614383667224
resolution_g64,allen_cahn__transformer__coefficient__s7303__smooth,transformer,smooth,allen_cahn,coefficient,test,96,0,0,0,0.0023750254990352326
resolution_g64,allen_cahn__transformer__coefficient__s7303__smooth,transformer,smooth,allen_cahn,coefficient,ood,64,0,0,0,0.1699153821856072
resolution_g64,allen_cahn__transformer__coefficient__s7303__smooth,transformer,smooth,allen_cahn,coefficient,ood,96,0,0,0,0.2592763736823921
resolution_g64,allen_cahn__transformer__coefficient__s7404__none,transformer,none,allen_cahn,coefficient,test,64,0,0,0,0.0021835665391211068
resolution_g64,allen_cahn__transformer__coefficient__s7404__none,transformer,none,allen_cahn,coefficient,test,96,0,0,0,0.0029603378016372544
resolution_g64,allen_cahn__transformer__coefficient__s7404__none,transformer,none,allen_cahn,coefficient,ood,64,0,0,0,0.037741857350356955
resolution_g64,allen_cahn__transformer__coefficient__s7404__none,transformer,none,allen_cahn,coefficient,ood,96,0,0,0,0.06319296733459279
resolution_g64,allen_cahn__transformer__coefficient__s7404__smooth,transformer,smooth,allen_cahn,coefficient,test,64,0,0,0,0.0014350594017591423
resolution_g64,allen_cahn__transformer__coefficient__s7404__smooth,transformer,smooth,allen_cahn,coefficient,test,96,0,0,0,0.002184008258037699
resolution_g64,allen_cahn__transformer__coefficient__s7404__smooth,transformer,smooth,allen_cahn,coefficient,ood,64,0,0,0,0.06672012578994213
resolution_g64,allen_cahn__transformer__coefficient__s7404__smooth,transformer,smooth,allen_cahn,coefficient,ood,96,0,0,0,0.11354013332445825
resolution_g64,allen_cahn__transformer__correct__s7101__none,transformer,none,allen_cahn,correct,test,64,0,0,0,0.002314175576187294
resolution_g64,allen_cahn__transformer__correct__s7101__none,transformer,none,allen_cahn,correct,test,96,0,0,0,0.003216830328397406
resolution_g64,allen_cahn__transformer__correct__s7101__none,transformer,none,allen_cahn,correct,ood,64,0,0,0,0.09965898603311452
resolution_g64,allen_cahn__transformer__correct__s7101__none,transformer,none,allen_cahn,correct,ood,96,0,0,0,0.1876265620447614
resolution_g64,allen_cahn__transformer__correct__s7101__smooth,transformer,smooth,allen_cahn,correct,test,64,0,0,0,0.0010956441585331933
resolution_g64,allen_cahn__transformer__correct__s7101__smooth,transformer,smooth,allen_cahn,correct,test,96,0,0,0,0.0015570926050810785
resolution_g64,allen_cahn__transformer__correct__s7101__smooth,transformer,smooth,allen_cahn,correct,ood,64,0,0,0,0.279093225751204
resolution_g64,allen_cahn__transformer__correct__s7101__smooth,transformer,smooth,allen_cahn,correct,ood,96,0,0,0,0.4861305014704224
resolution_g64,allen_cahn__transformer__correct__s7202__none,transformer,none,allen_cahn,correct,test,64,0,0,0,0.002452621704524982
resolution_g64,allen_cahn__transformer__correct__s7202__none,transformer,none,allen_cahn,correct,test,96,0,0,0,0.003367011566584255
resolution_g64,allen_cahn__transformer__correct__s7202__none,transformer,none,allen_cahn,correct,ood,64,0,0,0,0.1671178187737965
resolution_g64,allen_cahn__transformer__correct__s7202__none,transformer,none,allen_cahn,correct,ood,96,0,0,0,0.26814951773991896
resolution_g64,allen_cahn__transformer__correct__s7202__smooth,transformer,smooth,allen_cahn,correct,test,64,0,0,0,0.0013841402970805605
resolution_g64,allen_cahn__transformer__correct__s7202__smooth,transformer,smooth,allen_cahn,correct,test,96,0,0,0,0.0020125332754736087
resolution_g64,allen_cahn__transformer__correct__s7202__smooth,transformer,smooth,allen_cahn,correct,ood,64,0,0,0,0.23618911292806644
resolution_g64,allen_cahn__transformer__correct__s7202__smooth,transformer,smooth,allen_cahn,correct,ood,96,0,0,0,0.35297274747821444
resolution_g64,allen_cahn__transformer__correct__s7303__none,transformer,none,allen_cahn,correct,test,64,0,0,0,0.0020027795586071706
resolution_g64,allen_cahn__transformer__correct__s7303__none,transformer,none,allen_cahn,correct,test,96,0,0,0,0.0027948674572246812
resolution_g64,allen_cahn__transformer__correct__s7303__none,transformer,none,allen_cahn,correct,ood,64,0,0,0,0.07666867739291572
resolution_g64,allen_cahn__transformer__correct__s7303__none,transformer,none,allen_cahn,correct,ood,96,0,0,0,0.12890304992938142
resolution_g64,allen_cahn__transformer__correct__s7303__smooth,transformer,smooth,allen_cahn,correct,test,64,0,0,0,0.0013574485095070865
resolution_g64,allen_cahn__transformer__correct__s7303__smooth,transformer,smooth,allen_cahn,correct,test,96,0,0,0,0.0021753898243929886
resolution_g64,allen_cahn__transformer__correct__s7303__smooth,transformer,smooth,allen_cahn,correct,ood,64,0,0,0,0.16914195852451286
resolution_g64,allen_cahn__transformer__correct__s7303__smooth,transformer,smooth,allen_cahn,correct,ood,96,0,0,0,0.2582025908404878
resolution_g64,allen_cahn__transformer__correct__s7404__none,transformer,none,allen_cahn,correct,test,64,0,0,0,0.002183559651318001
resolution_g64,allen_cahn__transformer__correct__s7404__none,transformer,none,allen_cahn,correct,test,96,0,0,0,0.002960326127699068
resolution_g64,allen_cahn__transformer__correct__s7404__none,transformer,none,allen_cahn,correct,ood,64,0,0,0,0.037742345012577116
resolution_g64,allen_cahn__transformer__correct__s7404__none,transformer,none,allen_cahn,correct,ood,96,0,0,0,0.06319425675662815
resolution_g64,allen_cahn__transformer__correct__s7404__smooth,transformer,smooth,allen_cahn,correct,test,64,0,0,0,0.0014186817755836856
resolution_g64,allen_cahn__transformer__correct__s7404__smooth,transformer,smooth,allen_cahn,correct,test,96,0,0,0,0.0019820790481362613
resolution_g64,allen_cahn__transformer__correct__s7404__smooth,transformer,smooth,allen_cahn,correct,ood,64,0,0,0,0.11823795058184672
resolution_g64,allen_cahn__transformer__correct__s7404__smooth,transformer,smooth,allen_cahn,correct,ood,96,0,0,0,0.23233725481328565
resolution_g64,wave__fno__coefficient__s7101__none,fno,none,wave,coefficient,test,64,0,0,0,0.000341077078239228
resolution_g64,wave__fno__coefficient__s7101__none,fno,none,wave,coefficient,test,96,0,0,0,0.000519373290735637
resolution_g64,wave__fno__coefficient__s7101__none,fno,none,wave,coefficient,ood,64,0,0,0,0.07069340387278844
resolution_g64,wave__fno__coefficient__s7101__none,fno,none,wave,coefficient,ood,96,0,0,0,0.12589646933319926
resolution_g64,wave__fno__coefficient__s7101__smooth,fno,smooth,wave,coefficient,test,64,0,0,0,0.0034814036546482185
resolution_g64,wave__fno__coefficient__s7101__smooth,fno,smooth,wave,coefficient,test,96,0,0,0,0.006784348757161496
resolution_g64,wave__fno__coefficient__s7101__smooth,fno,smooth,wave,coefficient,ood,64,0,0,0,0.11025421342030306
resolution_g64,wave__fno__coefficient__s7101__smooth,fno,smooth,wave,coefficient,ood,96,0,0,0,0.1858936900237313
resolution_g64,wave__fno__coefficient__s7202__none,fno,none,wave,coefficient,test,64,0,0,0,0.00041833393072935113
resolution_g64,wave__fno__coefficient__s7202__none,fno,none,wave,coefficient,test,96,0,0,0,0.0007276463924017693
resolution_g64,wave__fno__coefficient__s7202__none,fno,none,wave,coefficient,ood,64,0,0,0,0.035694053048679564
resolution_g64,wave__fno__coefficient__s7202__none,fno,none,wave,coefficient,ood,96,0,0,0,0.0673125917917948
resolution_g64,wave__fno__coefficient__s7202__smooth,fno,smooth,wave,coefficient,test,64,0,0,0,0.001592423939467083
resolution_g64,wave__fno__coefficient__s7202__smooth,fno,smooth,wave,coefficient,test,96,0,0,0,0.00287797599649998
resolution_g64,wave__fno__coefficient__s7202__smooth,fno,smooth,wave,coefficient,ood,64,0,0,0,0.09226710329451038
resolution_g64,wave__fno__coefficient__s7202__smooth,fno,smooth,wave,coefficient,ood,96,0,0,0,0.16164800115895162
resolution_g64,wave__fno__coefficient__s7303__none,fno,none,wave,coefficient,test,64,0,0,0,0.000338028312173954
resolution_g64,wave__fno__coefficient__s7303__none,fno,none,wave,coefficient,test,96,0,0,0,0.0006161035303707887
resolution_g64,wave__fno__coefficient__s7303__none,fno,none,wave,coefficient,ood,64,0,0,0,0.10117500858551987
resolution_g64,wave__fno__coefficient__s7303__none,fno,none,wave,coefficient,ood,96,0,0,0,0.18215664379878077
resolution_g64,wave__fno__coefficient__s7303__smooth,fno,smooth,wave,coefficient,test,64,0,0,0,0.0022477835879117503
resolution_g64,wave__fno__coefficient__s7303__smooth,fno,smooth,wave,coefficient,test,96,0,0,0,0.004391999293721119
resolution_g64,wave__fno__coefficient__s7303__smooth,fno,smooth,wave,coefficient,ood,64,0,0,0,0.11327858745113417
resolution_g64,wave__fno__coefficient__s7303__smooth,fno,smooth,wave,coefficient,ood,96,0,0,0,0.19357344955979744
resolution_g64,wave__fno__coefficient__s7404__none,fno,none,wave,coefficient,test,64,0,0,0,0.00039471355184401286
resolution_g64,wave__fno__coefficient__s7404__none,fno,none,wave,coefficient,test,96,0,0,0,0.0006662183559910153
resolution_g64,wave__fno__coefficient__s7404__none,fno,none,wave,coefficient,ood,64,0,0,0,0.06296907974101362
resolution_g64,wave__fno__coefficient__s7404__none,fno,none,wave,coefficient,ood,96,0,0,0,0.11881149298042064
resolution_g64,wave__fno__coefficient__s7404__smooth,fno,smooth,wave,coefficient,test,64,0,0,0,0.002155368952829209
resolution_g64,wave__fno__coefficient__s7404__smooth,fno,smooth,wave,coefficient,test,96,0,0,0,0.004017040189823415
resolution_g64,wave__fno__coefficient__s7404__smooth,fno,smooth,wave,coefficient,ood,64,0,0,0,0.09788942876129703
resolution_g64,wave__fno__coefficient__s7404__smooth,fno,smooth,wave,coefficient,ood,96,0,0,0,0.17076911038469095
resolution_g64,wave__fno__correct__s7101__none,fno,none,wave,correct,test,64,0,0,0,0.00034107775104952505
resolution_g64,wave__fno__correct__s7101__none,fno,none,wave,correct,test,96,0,0,0,0.0005193743867697454
resolution_g64,wave__fno__correct__s7101__none,fno,none,wave,correct,ood,64,0,0,0,0.07069340387278844
resolution_g64,wave__fno__correct__s7101__none,fno,none,wave,correct,ood,96,0,0,0,0.12589646933319926
resolution_g64,wave__fno__correct__s7101__smooth,fno,smooth,wave,correct,test,64,0,0,0,0.0001021849492637665
resolution_g64,wave__fno__correct__s7101__smooth,fno,smooth,wave,correct,test,96,0,0,0,0.00016444194490053177
resolution_g64,wave__fno__correct__s7101__smooth,fno,smooth,wave,correct,ood,64,0,0,0,0.040256608262634774
resolution_g64,wave__fno__correct__s7101__smooth,fno,smooth,wave,correct,ood,96,0,0,0,0.06582547409446024
resolution_g64,wave__fno__correct__s7202__none,fno,none,wave,correct,test,64,0,0,0,0.00041833458464401313
resolution_g64,wave__fno__correct__s7202__none,fno,none,wave,correct,test,96,0,0,0,0.0007276465548735577
resolution_g64,wave__fno__correct__s7202__none,fno,none,wave,correct,ood,64,0,0,0,0.035694053048679564
resolution_g64,wave__fno__correct__s7202__none,fno,none,wave,correct,ood,96,0,0,0,0.0673125917917948
resolution_g64,wave__fno__correct__s7202__smooth,fno,smooth,wave,correct,test,64,0,0,0,0.00019034128863515756
resolution_g64,wave__fno__correct__s7202__smooth,fno,smooth,wave,correct,test,96,0,0,0,0.00033567529354091435
resolution_g64,wave__fno__correct__s7202__smooth,fno,smooth,wave,correct,ood,64,0,0,0,0.021989751453091788
resolution_g64,wave__fno__correct__s7202__smooth,fno,smooth,wave,correct,ood,96,0,0,0,0.03790607297572546
resolution_g64,wave__fno__correct__s7303__none,fno,none,wave,correct,test,64,0,0,0,0.0003380224279777057
resolution_g64,wave__fno__correct__s7303__none,fno,none,wave,correct,test,96,0,0,0,0.0006160940161561828
resolution_g64,wave__fno__correct__s7303__none,fno,none,wave,correct,ood,64,0,0,0,0.10117500858551987
resolution_g64,wave__fno__correct__s7303__none,fno,none,wave,correct,ood,96,0,0,0,0.18215664379878077
resolution_g64,wave__fno__correct__s7303__smooth,fno,smooth,wave,correct,test,64,0,0,0,0.00011251075153418354
resolution_g64,wave__fno__correct__s7303__smooth,fno,smooth,wave,correct,test,96,0,0,0,0.00019379266887702026
resolution_g64,wave__fno__correct__s7303__smooth,fno,smooth,wave,correct,ood,64,0,0,0,0.06414067824389136
resolution_g64,wave__fno__correct__s7303__smooth,fno,smooth,wave,correct,ood,96,0,0,0,0.11007960001588657
resolution_g64,wave__fno__correct__s7404__none,fno,none,wave,correct,test,64,0,0,0,0.00039471078766432216
resolution_g64,wave__fno__correct__s7404__none,fno,none,wave,correct,test,96,0,0,0,0.0006662174451145114
resolution_g64,wave__fno__correct__s7404__none,fno,none,wave,correct,ood,64,0,0,0,0.06296907974101362
resolution_g64,wave__fno__correct__s7404__none,fno,none,wave,correct,ood,96,0,0,0,0.11881149298042064
resolution_g64,wave__fno__correct__s7404__smooth,fno,smooth,wave,correct,test,64,0,0,0,0.00013104919216655898
resolution_g64,wave__fno__correct__s7404__smooth,fno,smooth,wave,correct,test,96,0,0,0,0.00023001387320683493
resolution_g64,wave__fno__correct__s7404__smooth,fno,smooth,wave,correct,ood,64,0,0,0,0.04960038040923642
resolution_g64,wave__fno__correct__s7404__smooth,fno,smooth,wave,correct,ood,96,0,0,0,0.08740189901531772
resolution_g64,wave__looped__coefficient__s7101__none,looped,none,wave,coefficient,test,64,0,0,0,0.002428041518343832
resolution_g64,wave__looped__coefficient__s7101__none,looped,none,wave,coefficient,test,96,0,0,0,0.0037617706168199443
resolution_g64,wave__looped__coefficient__s7101__none,looped,none,wave,coefficient,ood,64,0,0,0,1.4152033748023314
resolution_g64,wave__looped__coefficient__s7101__none,looped,none,wave,coefficient,ood,96,0,0,0,1.6689749227219486
resolution_g64,wave__looped__coefficient__s7101__smooth,looped,smooth,wave,coefficient,test,64,0,0,0,0.00477870077181497
resolution_g64,wave__looped__coefficient__s7101__smooth,looped,smooth,wave,coefficient,test,96,0,0,0,0.008298549695434126
resolution_g64,wave__looped__coefficient__s7101__smooth,looped,smooth,wave,coefficient,ood,64,0,0,0,1.273894266897571
resolution_g64,wave__looped__coefficient__s7101__smooth,looped,smooth,wave,coefficient,ood,96,0,0,0,1.462466688290116
resolution_g64,wave__looped__coefficient__s7202__none,looped,none,wave,coefficient,test,64,0,0,0,0.0032825475605737786
resolution_g64,wave__looped__coefficient__s7202__none,looped,none,wave,coefficient,test,96,0,0,0,0.00508025278858811
resolution_g64,wave__looped__coefficient__s7202__none,looped,none,wave,coefficient,ood,64,0,0,0,0.7635708995459254
resolution_g64,wave__looped__coefficient__s7202__none,looped,none,wave,coefficient,ood,96,0,0,0,0.9498172725495806
resolution_g64,wave__looped__coefficient__s7202__smooth,looped,smooth,wave,coefficient,test,64,0,0,0,0.006465173102204069
resolution_g64,wave__looped__coefficient__s7202__smooth,looped,smooth,wave,coefficient,test,96,0,0,0,0.00984459173428635
resolution_g64,wave__looped__coefficient__s7202__smooth,looped,smooth,wave,coefficient,ood,64,0,0,0,0.7320556953555126
resolution_g64,wave__looped__coefficient__s7202__smooth,looped,smooth,wave,coefficient,ood,96,0,0,0,0.9131382979097491
resolution_g64,wave__looped__coefficient__s7303__none,looped,none,wave,coefficient,test,64,0,0,0,0.0024437178913217505
resolution_g64,wave__looped__coefficient__s7303__none,looped,none,wave,coefficient,test,96,0,0,0,0.0036727518798405447
resolution_g64,wave__looped__coefficient__s7303__none,looped,none,wave,coefficient,ood,64,0,0,0,1.0565352538082493
resolution_g64,wave__looped__coefficient__s7303__none,looped,none,wave,coefficient,ood,96,0,0,0,1.4358669198781702
resolution_g64,wave__looped__coefficient__s7303__smooth,looped,smooth,wave,coefficient,test,64,0,0,0,0.0041253926875877145
resolution_g64,wave__looped__coefficient__s7303__smooth,looped,smooth,wave,coefficient,test,96,0,0,0,0.00684557978082756
resolution_g64,wave__looped__coefficient__s7303__smooth,looped,smooth,wave,coefficient,ood,64,0,0,0,1.0215581638907452
resolution_g64,wave__looped__coefficient__s7303__smooth,looped,smooth,wave,coefficient,ood,96,0,0,0,1.3729027549169737
resolution_g64,wave__looped__coefficient__s7404__none,looped,none,wave,coefficient,test,64,0,0,0,0.002299599711128586
resolution_g64,wave__looped__coefficient__s7404__none,looped,none,wave,coefficient,test,96,0,0,0,0.0035213764242640147
resolution_g64,wave__looped__coefficient__s7404__none,looped,none,wave,coefficient,ood,64,0,0,0,1.1147550487843034
resolution_g64,wave__looped__coefficient__s7404__none,looped,none,wave,coefficient,ood,96,0,0,0,1.3741647639474006
resolution_g64,wave__looped__coefficient__s7404__smooth,looped,smooth,wave,coefficient,test,64,0,0,0,0.006518812437336319
resolution_g64,wave__looped__coefficient__s7404__smooth,looped,smooth,wave,coefficient,test,96,0,0,0,0.011070618849327177
resolution_g64,wave__looped__coefficient__s7404__smooth,looped,smooth,wave,coefficient,ood,64,0,0,0,1.0591114315264178
resolution_g64,wave__looped__coefficient__s7404__smooth,looped,smooth,wave,coefficient,ood,96,0,0,0,1.321892216419523
resolution_g64,wave__looped__correct__s7101__none,looped,none,wave,correct,test,64,0,0,0,0.0024280769122276835
resolution_g64,wave__looped__correct__s7101__none,looped,none,wave,correct,test,96,0,0,0,0.003761812591906185
resolution_g64,wave__looped__correct__s7101__none,looped,none,wave,correct,ood,64,0,0,0,1.4151970369596825
resolution_g64,wave__looped__correct__s7101__none,looped,none,wave,correct,ood,96,0,0,0,1.668968156486585
resolution_g64,wave__looped__correct__s7101__smooth,looped,smooth,wave,correct,test,64,0,0,0,0.0019185101485597045
resolution_g64,wave__looped__correct__s7101__smooth,looped,smooth,wave,correct,test,96,0,0,0,0.003106383772653487
resolution_g64,wave__looped__correct__s7101__smooth,looped,smooth,wave,correct,ood,64,0,0,0,1.3709863336985677
resolution_g64,wave__looped__correct__s7101__smooth,looped,smooth,wave,correct,ood,96,0,0,0,1.5816131527096406
resolution_g64,wave__looped__correct__s7202__none,looped,none,wave,correct,test,64,0,0,0,0.0032825404142995396
resolution_g64,wave__looped__correct__s7202__none,looped,none,wave,correct,test,96,0,0,0,0.005080236845540635
resolution_g64,wave__looped__correct__s7202__none,looped,none,wave,correct,ood,64,0,0,0,0.7635694439924237
resolution_g64,wave__looped__correct__s7202__none,looped,none,wave,correct,ood,96,0,0,0,0.9498156195284082
resolution_g64,wave__looped__correct__s7202__smooth,looped,smooth,wave,correct,test,64,0,0,0,0.003359787730778052
resolution_g64,wave__looped__correct__s7202__smooth,looped,smooth,wave,correct,test,96,0,0,0,0.005312805625620124
resolution_g64,wave__looped__correct__s7202__smooth,looped,smooth,wave,correct,ood,64,0,0,0,0.7784309675598138
resolution_g64,wave__looped__correct__s7202__smooth,looped,smooth,wave,correct,ood,96,0,0,0,0.9674026729632031
resolution_g64,wave__looped__correct__s7303__none,looped,none,wave,correct,test,64,0,0,0,0.0024437080425611657
resolution_g64,wave__looped__correct__s7303__none,looped,none,wave,correct,test,96,0,0,0,0.0036727400035174345
resolution_g64,wave__looped__correct__s7303__none,looped,none,wave,correct,ood,64,0,0,0,1.056535317873795
resolution_g64,wave__looped__correct__s7303__none,looped,none,wave,correct,ood,96,0,0,0,1.4358675038809754
resolution_g64,wave__looped__correct__s7303__smooth,looped,smooth,wave,correct,test,64,0,0,0,0.0022654248897002183
resolution_g64,wave__looped__correct__s7303__smooth,looped,smooth,wave,correct,test,96,0,0,0,0.0034574916760734915
resolution_g64,wave__looped__correct__s7303__smooth,looped,smooth,wave,correct,ood,64,0,0,0,1.038848819302899
resolution_g64,wave__looped__correct__s7303__smooth,looped,smooth,wave,correct,ood,96,0,0,0,1.3963109950933394
resolution_g64,wave__looped__correct__s7404__none,looped,none,wave,correct,test,64,0,0,0,0.002299604643296177
resolution_g64,wave__looped__correct__s7404__none,looped,none,wave,correct,test,96,0,0,0,0.0035213786093670945
resolution_g64,wave__looped__correct__s7404__none,looped,none,wave,correct,ood,64,0,0,0,1.1147525717095164
resolution_g64,wave__looped__correct__s7404__none,looped,none,wave,correct,ood,96,0,0,0,1.3741615260173983
resolution_g64,wave__looped__correct__s7404__smooth,looped,smooth,wave,correct,test,64,0,0,0,0.0025588624420972983
resolution_g64,wave__looped__correct__s7404__smooth,looped,smooth,wave,correct,test,96,0,0,0,0.003874393394139752
resolution_g64,wave__looped__correct__s7404__smooth,looped,smooth,wave,correct,ood,64,0,0,0,1.2529403463001074
resolution_g64,wave__looped__correct__s7404__smooth,looped,smooth,wave,correct,ood,96,0,0,0,1.5573249490132828
resolution_g64,wave__transformer__coefficient__s7101__none,transformer,none,wave,coefficient,test,64,0,0,0,0.002631793116262493
resolution_g64,wave__transformer__coefficient__s7101__none,transformer,none,wave,coefficient,test,96,0,0,0,0.003762709043189834
resolution_g64,wave__transformer__coefficient__s7101__none,transformer,none,wave,coefficient,ood,64,0,0,0,1.0869194061115763
resolution_g64,wave__transformer__coefficient__s7101__none,transformer,none,wave,coefficient,ood,96,0,0,0,1.2552309349867223
resolution_g64,wave__transformer__coefficient__s7101__smooth,transformer,smooth,wave,coefficient,test,64,0,0,0,0.0055816767621719166
resolution_g64,wave__transformer__coefficient__s7101__smooth,transformer,smooth,wave,coefficient,test,96,0,0,0,0.008799950241985618
resolution_g64,wave__transformer__coefficient__s7101__smooth,transformer,smooth,wave,coefficient,ood,64,0,0,0,1.045463430281302
resolution_g64,wave__transformer__coefficient__s7101__smooth,transformer,smooth,wave,coefficient,ood,96,0,0,0,1.1805411483855248
resolution_g64,wave__transformer__coefficient__s7202__none,transformer,none,wave,coefficient,test,64,0,0,0,0.0025865464208662814
resolution_g64,wave__transformer__coefficient__s7202__none,transformer,none,wave,coefficient,test,96,0,0,0,0.004123348097471002
resolution_g64,wave__transformer__coefficient__s7202__none,transformer,none,wave,coefficient,ood,64,0,0,0,0.8863649048113871
resolution_g64,wave__transformer__coefficient__s7202__none,transformer,none,wave,coefficient,ood,96,0,0,0,1.0610579254502759
resolution_g64,wave__transformer__coefficient__s7202__smooth,transformer,smooth,wave,coefficient,test,64,0,0,0,0.004833883596469746
resolution_g64,wave__transformer__coefficient__s7202__smooth,transformer,smooth,wave,coefficient,test,96,0,0,0,0.00824074524553553
resolution_g64,wave__transformer__coefficient__s7202__smooth,transformer,smooth,wave,coefficient,ood,64,0,0,0,0.8948465039935058
resolution_g64,wave__transformer__coefficient__s7202__smooth,transformer,smooth,wave,coefficient,ood,96,0,0,0,1.0617426995786823
resolution_g64,wave__transformer__coefficient__s7303__none,transformer,none,wave,coefficient,test,64,0,0,0,0.002015732865156994
resolution_g64,wave__transformer__coefficient__s7303__none,transformer,none,wave,coefficient,test,96,0,0,0,0.003274645094902384
resolution_g64,wave__transformer__coefficient__s7303__none,transformer,none,wave,coefficient,ood,64,0,0,0,1.0547798813104237
resolution_g64,wave__transformer__coefficient__s7303__none,transformer,none,wave,coefficient,ood,96,0,0,0,1.2946400878457403
resolution_g64,wave__transformer__coefficient__s7303__smooth,transformer,smooth,wave,coefficient,test,64,0,0,0,0.005768758961072096
resolution_g64,wave__transformer__coefficient__s7303__smooth,transformer,smooth,wave,coefficient,test,96,0,0,0,0.0090201147065944
resolution_g64,wave__transformer__coefficient__s7303__smooth,transformer,smooth,wave,coefficient,ood,64,0,0,0,0.9858765790442021
resolution_g64,wave__transformer__coefficient__s7303__smooth,transformer,smooth,wave,coefficient,ood,96,0,0,0,1.1397414338541694
resolution_g64,wave__transformer__coefficient__s7404__none,transformer,none,wave,coefficient,test,64,0,0,0,0.0026919847786021356
resolution_g64,wave__transformer__coefficient__s7404__none,transformer,none,wave,coefficient,test,96,0,0,0,0.00390601875825893
resolution_g64,wave__transformer__coefficient__s7404__none,transformer,none,wave,coefficient,ood,64,0,0,0,0.830815526977517
resolution_g64,wave__transformer__coefficient__s7404__none,transformer,none,wave,coefficient,ood,96,0,0,0,0.9111151299540173
resolution_g64,wave__transformer__coefficient__s7404__smooth,transformer,smooth,wave,coefficient,test,64,0,0,0,0.007406642146836395
resolution_g64,wave__transformer__coefficient__s7404__smooth,transformer,smooth,wave,coefficient,test,96,0,0,0,0.011816556072652269
resolution_g64,wave__transformer__coefficient__s7404__smooth,transformer,smooth,wave,coefficient,ood,64,0,0,0,0.7940897836017484
resolution_g64,wave__transformer__coefficient__s7404__smooth,transformer,smooth,wave,coefficient,ood,96,0,0,0,0.8429302208898358
resolution_g64,wave__transformer__correct__s7101__none,transformer,none,wave,correct,test,64,0,0,0,0.0026393940181594633
resolution_g64,wave__transformer__correct__s7101__none,transformer,none,wave,correct,test,96,0,0,0,0.0037711788718290023
resolution_g64,wave__transformer__correct__s7101__none,transformer,none,wave,correct,ood,64,0,0,0,1.0869088711328345
resolution_g64,wave__transformer__correct__s7101__none,transformer,none,wave,correct,ood,96,0,0,0,1.2551983982602528
resolution_g64,wave__transformer__correct__s7101__smooth,transformer,smooth,wave,correct,test,64,0,0,0,0.001585281532411581
resolution_g64,wave__transformer__correct__s7101__smooth,transformer,smooth,wave,correct,test,96,0,0,0,0.0023670975123086246
resolution_g64,wave__transformer__correct__s7101__smooth,transformer,smooth,wave,correct,ood,64,0,0,0,1.0471938292103005
resolution_g64,wave__transformer__correct__s7101__smooth,transformer,smooth,wave,correct,ood,96,0,0,0,1.1859464748413302
resolution_g64,wave__transformer__correct__s7202__none,transformer,none,wave,correct,test,64,0,0,0,0.0025865537083502865
resolution_g64,wave__transformer__correct__s7202__none,transformer,none,wave,correct,test,96,0,0,0,0.004123361261678246
resolution_g64,wave__transformer__correct__s7202__none,transformer,none,wave,correct,ood,64,0,0,0,0.8863664544949472
resolution_g64,wave__transformer__correct__s7202__none,transformer,none,wave,correct,ood,96,0,0,0,1.0610592620188868
resolution_g64,wave__transformer__correct__s7202__smooth,transformer,smooth,wave,correct,test,64,0,0,0,0.002199456759477497
resolution_g64,wave__transformer__correct__s7202__smooth,transformer,smooth,wave,correct,test,96,0,0,0,0.0034802254165764252
resolution_g64,wave__transformer__correct__s7202__smooth,transformer,smooth,wave,correct,ood,64,0,0,0,0.8400349818419954
resolution_g64,wave__transformer__correct__s7202__smooth,transformer,smooth,wave,correct,ood,96,0,0,0,1.0077689207961007
resolution_g64,wave__transformer__correct__s7303__none,transformer,none,wave,correct,test,64,0,0,0,0.0020163083149246086
resolution_g64,wave__transformer__correct__s7303__none,transformer,none,wave,correct,test,96,0,0,0,0.003275434924738141
resolution_g64,wave__transformer__correct__s7303__none,transformer,none,wave,correct,ood,64,0,0,0,1.0547758175391664
resolution_g64,wave__transformer__correct__s7303__none,transformer,none,wave,correct,ood,96,0,0,0,1.294618328354924
resolution_g64,wave__transformer__correct__s7303__smooth,transformer,smooth,wave,correct,test,64,0,0,0,0.0019854661467846313
resolution_g64,wave__transformer__correct__s7303__smooth,transformer,smooth,wave,correct,test,96,0,0,0,0.002858413768985694
resolution_g64,wave__transformer__correct__s7303__smooth,transformer,smooth,wave,correct,ood,64,0,0,0,1.121491131179198
resolution_g64,wave__transformer__correct__s7303__smooth,transformer,smooth,wave,correct,ood,96,0,0,0,1.4030587971084287
resolution_g64,wave__transformer__correct__s7404__none,transformer,none,wave,correct,test,64,0,0,0,0.0026913442842219637
resolution_g64,wave__transformer__correct__s7404__none,transformer,none,wave,correct,test,96,0,0,0,0.0039053350786316665
resolution_g64,wave__transformer__correct__s7404__none,transformer,none,wave,correct,ood,64,0,0,0,0.8308160807208651
resolution_g64,wave__transformer__correct__s7404__none,transformer,none,wave,correct,ood,96,0,0,0,0.9111157274103334
resolution_g64,wave__transformer__correct__s7404__smooth,transformer,smooth,wave,correct,test,64,0,0,0,0.0022815506734828184
resolution_g64,wave__transformer__correct__s7404__smooth,transformer,smooth,wave,correct,test,96,0,0,0,0.0034015467804871897
resolution_g64,wave__transformer__correct__s7404__smooth,transformer,smooth,wave,correct,ood,64,0,0,0,0.830520522042093
resolution_g64,wave__transformer__correct__s7404__smooth,transformer,smooth,wave,correct,ood,96,0,0,0,0.8863612798558431
selector_g64,cahn_hilliard__fno__coefficient__s8101__iid,fno,iid,cahn_hilliard,coefficient,test,64,0,0,0,0.0005878994271584226
selector_g64,cahn_hilliard__fno__coefficient__s8101__iid,fno,iid,cahn_hilliard,coefficient,test,96,0,0,0,0.0010658035041937928
selector_g64,cahn_hilliard__fno__coefficient__s8101__iid,fno,iid,cahn_hilliard,coefficient,ood,64,0,0,0,0.010429328995508247
selector_g64,cahn_hilliard__fno__coefficient__s8101__iid,fno,iid,cahn_hilliard,coefficient,ood,96,0,0,0,0.013627375337303849
selector_g64,cahn_hilliard__fno__coefficient__s8101__none,fno,none,cahn_hilliard,coefficient,test,64,0,0,0,5.153082882179932e-05
selector_g64,cahn_hilliard__fno__coefficient__s8101__none,fno,none,cahn_hilliard,coefficient,test,96,0,0,0,9.771339997191757e-05
selector_g64,cahn_hilliard__fno__coefficient__s8101__none,fno,none,cahn_hilliard,coefficient,ood,64,0,0,0,0.0029907320318700997
selector_g64,cahn_hilliard__fno__coefficient__s8101__none,fno,none,cahn_hilliard,coefficient,ood,96,0,0,0,0.005693915258922405
selector_g64,cahn_hilliard__fno__coefficient__s8101__response_matched,fno,response_matched,cahn_hilliard,coefficient,test,64,0,0,0,0.0006646174296718599
selector_g64,cahn_hilliard__fno__coefficient__s8101__response_matched,fno,response_matched,cahn_hilliard,coefficient,test,96,0,0,0,0.001148094358610722
selector_g64,cahn_hilliard__fno__coefficient__s8101__response_matched,fno,response_matched,cahn_hilliard,coefficient,ood,64,0,0,0,0.20195011129724527
selector_g64,cahn_hilliard__fno__coefficient__s8101__response_matched,fno,response_matched,cahn_hilliard,coefficient,ood,96,0,0,0,0.365713058263875
selector_g64,cahn_hilliard__fno__coefficient__s8101__smooth,fno,smooth,cahn_hilliard,coefficient,test,64,0,0,0,0.0003333118872240982
selector_g64,cahn_hilliard__fno__coefficient__s8101__smooth,fno,smooth,cahn_hilliard,coefficient,test,96,0,0,0,0.0005014258646004251
selector_g64,cahn_hilliard__fno__coefficient__s8101__smooth,fno,smooth,cahn_hilliard,coefficient,ood,64,0,0,0,0.0077166460868343945
selector_g64,cahn_hilliard__fno__coefficient__s8101__smooth,fno,smooth,cahn_hilliard,coefficient,ood,96,0,0,0,0.019082579352111124
selector_g64,cahn_hilliard__fno__coefficient__s8202__iid,fno,iid,cahn_hilliard,coefficient,test,64,0,0,0,0.0006145571358146598
selector_g64,cahn_hilliard__fno__coefficient__s8202__iid,fno,iid,cahn_hilliard,coefficient,test,96,0,0,0,0.0012885780366734868
selector_g64,cahn_hilliard__fno__coefficient__s8202__iid,fno,iid,cahn_hilliard,coefficient,ood,64,0,0,0,0.009032853959784343
selector_g64,cahn_hilliard__fno__coefficient__s8202__iid,fno,iid,cahn_hilliard,coefficient,ood,96,0,0,0,0.016479199107230745
selector_g64,cahn_hilliard__fno__coefficient__s8202__none,fno,none,cahn_hilliard,coefficient,test,64,0,0,0,4.3535622680910234e-05
selector_g64,cahn_hilliard__fno__coefficient__s8202__none,fno,none,cahn_hilliard,coefficient,test,96,0,0,0,6.126014474673534e-05
selector_g64,cahn_hilliard__fno__coefficient__s8202__none,fno,none,cahn_hilliard,coefficient,ood,64,0,0,0,0.002114306357011847
selector_g64,cahn_hilliard__fno__coefficient__s8202__none,fno,none,cahn_hilliard,coefficient,ood,96,0,0,0,0.0023776568863314216
selector_g64,cahn_hilliard__fno__coefficient__s8202__response_matched,fno,response_matched,cahn_hilliard,coefficient,test,64,0,0,0,0.0006715631600368657
selector_g64,cahn_hilliard__fno__coefficient__s8202__response_matched,fno,response_matched,cahn_hilliard,coefficient,test,96,0,0,0,0.0014529708494448134
selector_g64,cahn_hilliard__fno__coefficient__s8202__response_matched,fno,response_matched,cahn_hilliard,coefficient,ood,64,0,0,0,0.1175736346774292
selector_g64,cahn_hilliard__fno__coefficient__s8202__response_matched,fno,response_matched,cahn_hilliard,coefficient,ood,96,0,0,0,0.2590985843863994
selector_g64,cahn_hilliard__fno__coefficient__s8202__smooth,fno,smooth,cahn_hilliard,coefficient,test,64,0,0,0,0.00034490421367932775
selector_g64,cahn_hilliard__fno__coefficient__s8202__smooth,fno,smooth,cahn_hilliard,coefficient,test,96,0,0,0,0.0006618730701523055
selector_g64,cahn_hilliard__fno__coefficient__s8202__smooth,fno,smooth,cahn_hilliard,coefficient,ood,64,0,0,0,0.005198321165783781
selector_g64,cahn_hilliard__fno__coefficient__s8202__smooth,fno,smooth,cahn_hilliard,coefficient,ood,96,0,0,0,0.008333511126886368
selector_g64,cahn_hilliard__fno__coefficient__s8303__iid,fno,iid,cahn_hilliard,coefficient,test,64,0,0,0,0.0005849375007390828
selector_g64,cahn_hilliard__fno__coefficient__s8303__iid,fno,iid,cahn_hilliard,coefficient,test,96,0,0,0,0.0009165546474930453
selector_g64,cahn_hilliard__fno__coefficient__s8303__iid,fno,iid,cahn_hilliard,coefficient,ood,64,0,0,0,0.011383076541183923
selector_g64,cahn_hilliard__fno__coefficient__s8303__iid,fno,iid,cahn_hilliard,coefficient,ood,96,0,0,0,0.021935079658147928
selector_g64,cahn_hilliard__fno__coefficient__s8303__none,fno,none,cahn_hilliard,coefficient,test,64,0,0,0,3.462436231052514e-05
selector_g64,cahn_hilliard__fno__coefficient__s8303__none,fno,none,cahn_hilliard,coefficient,test,96,0,0,0,5.293998220640096e-05
selector_g64,cahn_hilliard__fno__coefficient__s8303__none,fno,none,cahn_hilliard,coefficient,ood,64,0,0,0,0.0006483561624507223
selector_g64,cahn_hilliard__fno__coefficient__s8303__none,fno,none,cahn_hilliard,coefficient,ood,96,0,0,0,0.0009164828939513998
selector_g64,cahn_hilliard__fno__coefficient__s8303__response_matched,fno,response_matched,cahn_hilliard,coefficient,test,64,0,0,0,0.0006776820540010803
selector_g64,cahn_hilliard__fno__coefficient__s8303__response_matched,fno,response_matched,cahn_hilliard,coefficient,test,96,0,0,0,0.0010373303189491014
selector_g64,cahn_hilliard__fno__coefficient__s8303__response_matched,fno,response_matched,cahn_hilliard,coefficient,ood,64,0,0,0,0.016678699978300182
selector_g64,cahn_hilliard__fno__coefficient__s8303__response_matched,fno,response_matched,cahn_hilliard,coefficient,ood,96,0,0,0,0.02832060194101412
selector_g64,cahn_hilliard__fno__coefficient__s8303__smooth,fno,smooth,cahn_hilliard,coefficient,test,64,0,0,0,0.0003595380430528126
selector_g64,cahn_hilliard__fno__coefficient__s8303__smooth,fno,smooth,cahn_hilliard,coefficient,test,96,0,0,0,0.0006382525643937841
selector_g64,cahn_hilliard__fno__coefficient__s8303__smooth,fno,smooth,cahn_hilliard,coefficient,ood,64,0,0,0,0.0028308001125575133
selector_g64,cahn_hilliard__fno__coefficient__s8303__smooth,fno,smooth,cahn_hilliard,coefficient,ood,96,0,0,0,0.004805669149416399
selector_g64,cahn_hilliard__fno__coefficient__s8404__iid,fno,iid,cahn_hilliard,coefficient,test,64,0,0,0,0.0011712670543884071
selector_g64,cahn_hilliard__fno__coefficient__s8404__iid,fno,iid,cahn_hilliard,coefficient,test,96,0,0,0,0.0028097797089068296
selector_g64,cahn_hilliard__fno__coefficient__s8404__iid,fno,iid,cahn_hilliard,coefficient,ood,64,0,0,0,0.00696544698946816
selector_g64,cahn_hilliard__fno__coefficient__s8404__iid,fno,iid,cahn_hilliard,coefficient,ood,96,0,0,0,0.011412250082883824
selector_g64,cahn_hilliard__fno__coefficient__s8404__none,fno,none,cahn_hilliard,coefficient,test,64,0,0,0,6.545741866285449e-05
selector_g64,cahn_hilliard__fno__coefficient__s8404__none,fno,none,cahn_hilliard,coefficient,test,96,0,0,0,0.00011329083595626137
selector_g64,cahn_hilliard__fno__coefficient__s8404__none,fno,none,cahn_hilliard,coefficient,ood,64,0,0,0,0.003326908357448276
selector_g64,cahn_hilliard__fno__coefficient__s8404__none,fno,none,cahn_hilliard,coefficient,ood,96,0,0,0,0.004530609285740279
selector_g64,cahn_hilliard__fno__coefficient__s8404__response_matched,fno,response_matched,cahn_hilliard,coefficient,test,64,0,0,0,0.0006239186034849645
selector_g64,cahn_hilliard__fno__coefficient__s8404__response_matched,fno,response_matched,cahn_hilliard,coefficient,test,96,0,0,0,0.0013912581472907831
selector_g64,cahn_hilliard__fno__coefficient__s8404__response_matched,fno,response_matched,cahn_hilliard,coefficient,ood,64,0,0,0,0.012033811775206349
selector_g64,cahn_hilliard__fno__coefficient__s8404__response_matched,fno,response_matched,cahn_hilliard,coefficient,ood,96,0,0,0,0.020092799600316923
selector_g64,cahn_hilliard__fno__coefficient__s8404__smooth,fno,smooth,cahn_hilliard,coefficient,test,64,0,0,0,0.0006212426825280178
selector_g64,cahn_hilliard__fno__coefficient__s8404__smooth,fno,smooth,cahn_hilliard,coefficient,test,96,0,0,0,0.001273803133221537
selector_g64,cahn_hilliard__fno__coefficient__s8404__smooth,fno,smooth,cahn_hilliard,coefficient,ood,64,0,0,0,0.0056782024339006865
selector_g64,cahn_hilliard__fno__coefficient__s8404__smooth,fno,smooth,cahn_hilliard,coefficient,ood,96,0,0,0,0.00853512075908371
selector_g64,cahn_hilliard__fno__coefficient__s8505__iid,fno,iid,cahn_hilliard,coefficient,test,64,0,0,0,0.000326214472009298
selector_g64,cahn_hilliard__fno__coefficient__s8505__iid,fno,iid,cahn_hilliard,coefficient,test,96,0,0,0,0.0006100981656930461
selector_g64,cahn_hilliard__fno__coefficient__s8505__iid,fno,iid,cahn_hilliard,coefficient,ood,64,0,0,0,0.01503230087605073
selector_g64,cahn_hilliard__fno__coefficient__s8505__iid,fno,iid,cahn_hilliard,coefficient,ood,96,0,0,0,0.033122372089910715
selector_g64,cahn_hilliard__fno__coefficient__s8505__none,fno,none,cahn_hilliard,coefficient,test,64,0,0,0,4.108624905576762e-05
selector_g64,cahn_hilliard__fno__coefficient__s8505__none,fno,none,cahn_hilliard,coefficient,test,96,0,0,0,5.671393902071482e-05
selector_g64,cahn_hilliard__fno__coefficient__s8505__none,fno,none,cahn_hilliard,coefficient,ood,64,0,0,0,0.0004976565560440328
selector_g64,cahn_hilliard__fno__coefficient__s8505__none,fno,none,cahn_hilliard,coefficient,ood,96,0,0,0,0.0008662977728600165
selector_g64,cahn_hilliard__fno__coefficient__s8505__response_matched,fno,response_matched,cahn_hilliard,coefficient,test,64,0,0,0,0.0008556245219454792
selector_g64,cahn_hilliard__fno__coefficient__s8505__response_matched,fno,response_matched,cahn_hilliard,coefficient,test,96,0,0,0,0.0019238036277037197
selector_g64,cahn_hilliard__fno__coefficient__s8505__response_matched,fno,response_matched,cahn_hilliard,coefficient,ood,64,0,0,0,0.026875426792247747
selector_g64,cahn_hilliard__fno__coefficient__s8505__response_matched,fno,response_matched,cahn_hilliard,coefficient,ood,96,0,0,0,0.05887186294096806
selector_g64,cahn_hilliard__fno__coefficient__s8505__smooth,fno,smooth,cahn_hilliard,coefficient,test,64,0,0,0,0.00028306587916762833
selector_g64,cahn_hilliard__fno__coefficient__s8505__smooth,fno,smooth,cahn_hilliard,coefficient,test,96,0,0,0,0.00046080490363633345
selector_g64,cahn_hilliard__fno__coefficient__s8505__smooth,fno,smooth,cahn_hilliard,coefficient,ood,64,0,0,0,0.0011901121057376618
selector_g64,cahn_hilliard__fno__coefficient__s8505__smooth,fno,smooth,cahn_hilliard,coefficient,ood,96,0,0,0,0.0022494011290385605
selector_g64,cahn_hilliard__fno__coefficient__s8606__iid,fno,iid,cahn_hilliard,coefficient,test,64,0,0,0,0.0009159873135892865
selector_g64,cahn_hilliard__fno__coefficient__s8606__iid,fno,iid,cahn_hilliard,coefficient,test,96,0,0,0,0.0022514047642322546
selector_g64,cahn_hilliard__fno__coefficient__s8606__iid,fno,iid,cahn_hilliard,coefficient,ood,64,0,0,0,0.0026032029863634065
selector_g64,cahn_hilliard__fno__coefficient__s8606__iid,fno,iid,cahn_hilliard,coefficient,ood,96,0,0,0,0.004111618556809896
selector_g64,cahn_hilliard__fno__coefficient__s8606__none,fno,none,cahn_hilliard,coefficient,test,64,0,0,0,3.7848890771934886e-05
selector_g64,cahn_hilliard__fno__coefficient__s8606__none,fno,none,cahn_hilliard,coefficient,test,96,0,0,0,6.366656098024263e-05
selector_g64,cahn_hilliard__fno__coefficient__s8606__none,fno,none,cahn_hilliard,coefficient,ood,64,0,0,0,0.001606863563656337
selector_g64,cahn_hilliard__fno__coefficient__s8606__none,fno,none,cahn_hilliard,coefficient,ood,96,0,0,0,0.0021392444636096027
selector_g64,cahn_hilliard__fno__coefficient__s8606__response_matched,fno,response_matched,cahn_hilliard,coefficient,test,64,0,0,0,0.0008460055663639388
selector_g64,cahn_hilliard__fno__coefficient__s8606__response_matched,fno,response_matched,cahn_hilliard,coefficient,test,96,0,0,0,0.001335039917687612
selector_g64,cahn_hilliard__fno__coefficient__s8606__response_matched,fno,response_matched,cahn_hilliard,coefficient,ood,64,0,0,0,0.03395092787798082
selector_g64,cahn_hilliard__fno__coefficient__s8606__response_matched,fno,response_matched,cahn_hilliard,coefficient,ood,96,0,0,0,0.06970185347510431
selector_g64,cahn_hilliard__fno__coefficient__s8606__smooth,fno,smooth,cahn_hilliard,coefficient,test,64,0,0,0,0.0004778379864468149
selector_g64,cahn_hilliard__fno__coefficient__s8606__smooth,fno,smooth,cahn_hilliard,coefficient,test,96,0,0,0,0.0009105721701525339
selector_g64,cahn_hilliard__fno__coefficient__s8606__smooth,fno,smooth,cahn_hilliard,coefficient,ood,64,0,0,0,0.0011141440200536055
selector_g64,cahn_hilliard__fno__coefficient__s8606__smooth,fno,smooth,cahn_hilliard,coefficient,ood,96,0,0,0,0.00168373096724609
selector_g64,cahn_hilliard__fno__correct__s8101__iid,fno,iid,cahn_hilliard,correct,test,64,0,0,0,0.0002055167179891345
selector_g64,cahn_hilliard__fno__correct__s8101__iid,fno,iid,cahn_hilliard,correct,test,96,0,0,0,0.0003921854329366238
selector_g64,cahn_hilliard__fno__correct__s8101__iid,fno,iid,cahn_hilliard,correct,ood,64,0,0,0,0.038605447394097325
selector_g64,cahn_hilliard__fno__correct__s8101__iid,fno,iid,cahn_hilliard,correct,ood,96,0,0,0,0.07664994968781969
selector_g64,cahn_hilliard__fno__correct__s8101__none,fno,none,cahn_hilliard,correct,test,64,0,0,0,5.2276767397107854e-05
selector_g64,cahn_hilliard__fno__correct__s8101__none,fno,none,cahn_hilliard,correct,test,96,0,0,0,9.864103978396419e-05
selector_g64,cahn_hilliard__fno__correct__s8101__none,fno,none,cahn_hilliard,correct,ood,64,0,0,0,0.0032282205429693053
selector_g64,cahn_hilliard__fno__correct__s8101__none,fno,none,cahn_hilliard,correct,ood,96,0,0,0,0.006098954494284561
selector_g64,cahn_hilliard__fno__correct__s8101__response_matched,fno,response_matched,cahn_hilliard,correct,test,64,0,0,0,0.0003903616833083254
selector_g64,cahn_hilliard__fno__correct__s8101__response_matched,fno,response_matched,cahn_hilliard,correct,test,96,0,0,0,0.0008384907238870634
selector_g64,cahn_hilliard__fno__correct__s8101__response_matched,fno,response_matched,cahn_hilliard,correct,ood,64,0,0,0,0.20414786067691004
selector_g64,cahn_hilliard__fno__correct__s8101__response_matched,fno,response_matched,cahn_hilliard,correct,ood,96,0,0,0,0.37123191449540016
selector_g64,cahn_hilliard__fno__correct__s8101__smooth,fno,smooth,cahn_hilliard,correct,test,64,0,0,0,3.121993738986698e-05
selector_g64,cahn_hilliard__fno__correct__s8101__smooth,fno,smooth,cahn_hilliard,correct,test,96,0,0,0,5.189031075166922e-05
selector_g64,cahn_hilliard__fno__correct__s8101__smooth,fno,smooth,cahn_hilliard,correct,ood,64,0,0,0,0.0009392960328197392
selector_g64,cahn_hilliard__fno__correct__s8101__smooth,fno,smooth,cahn_hilliard,correct,ood,96,0,0,0,0.0021677190935908606
selector_g64,cahn_hilliard__fno__correct__s8202__iid,fno,iid,cahn_hilliard,correct,test,64,0,0,0,0.00012395084682280573
selector_g64,cahn_hilliard__fno__correct__s8202__iid,fno,iid,cahn_hilliard,correct,test,96,0,0,0,0.0002405929861890507
selector_g64,cahn_hilliard__fno__correct__s8202__iid,fno,iid,cahn_hilliard,correct,ood,64,0,0,0,0.007660886358833552
selector_g64,cahn_hilliard__fno__correct__s8202__iid,fno,iid,cahn_hilliard,correct,ood,96,0,0,0,0.015282319350479781
selector_g64,cahn_hilliard__fno__correct__s8202__none,fno,none,cahn_hilliard,correct,test,64,0,0,0,4.387019818522181e-05
selector_g64,cahn_hilliard__fno__correct__s8202__none,fno,none,cahn_hilliard,correct,test,96,0,0,0,6.162602807356326e-05
selector_g64,cahn_hilliard__fno__correct__s8202__none,fno,none,cahn_hilliard,correct,ood,64,0,0,0,0.002106944943083791
selector_g64,cahn_hilliard__fno__correct__s8202__none,fno,none,cahn_hilliard,correct,ood,96,0,0,0,0.0023761793831272955
selector_g64,cahn_hilliard__fno__correct__s8202__response_matched,fno,response_matched,cahn_hilliard,correct,test,64,0,0,0,0.00044254487929105274
selector_g64,cahn_hilliard__fno__correct__s8202__response_matched,fno,response_matched,cahn_hilliard,correct,test,96,0,0,0,0.0007815156076284996
selector_g64,cahn_hilliard__fno__correct__s8202__response_matched,fno,response_matched,cahn_hilliard,correct,ood,64,0,0,0,0.04034479605207786
selector_g64,cahn_hilliard__fno__correct__s8202__response_matched,fno,response_matched,cahn_hilliard,correct,ood,96,0,0,0,0.09100888436600196
selector_g64,cahn_hilliard__fno__correct__s8202__smooth,fno,smooth,cahn_hilliard,correct,test,64,0,0,0,3.4670500026265936e-05
selector_g64,cahn_hilliard__fno__correct__s8202__smooth,fno,smooth,cahn_hilliard,correct,test,96,0,0,0,7.034914803679905e-05
selector_g64,cahn_hilliard__fno__correct__s8202__smooth,fno,smooth,cahn_hilliard,correct,ood,64,0,0,0,0.0015648680582391362
selector_g64,cahn_hilliard__fno__correct__s8202__smooth,fno,smooth,cahn_hilliard,correct,ood,96,0,0,0,0.0022977660134915596
selector_g64,cahn_hilliard__fno__correct__s8303__iid,fno,iid,cahn_hilliard,correct,test,64,0,0,0,8.743973891973782e-05
selector_g64,cahn_hilliard__fno__correct__s8303__iid,fno,iid,cahn_hilliard,correct,test,96,0,0,0,0.00015395709862424736
selector_g64,cahn_hilliard__fno__correct__s8303__iid,fno,iid,cahn_hilliard,correct,ood,64,0,0,0,0.010234300540242075
selector_g64,cahn_hilliard__fno__correct__s8303__iid,fno,iid,cahn_hilliard,correct,ood,96,0,0,0,0.02443686444198669
selector_g64,cahn_hilliard__fno__correct__s8303__none,fno,none,cahn_hilliard,correct,test,64,0,0,0,3.386902131710402e-05
selector_g64,cahn_hilliard__fno__correct__s8303__none,fno,none,cahn_hilliard,correct,test,96,0,0,0,5.151021375646907e-05
selector_g64,cahn_hilliard__fno__correct__s8303__none,fno,none,cahn_hilliard,correct,ood,64,0,0,0,0.0006634514387379399
selector_g64,cahn_hilliard__fno__correct__s8303__none,fno,none,cahn_hilliard,correct,ood,96,0,0,0,0.0009201057260156935
selector_g64,cahn_hilliard__fno__correct__s8303__response_matched,fno,response_matched,cahn_hilliard,correct,test,64,0,0,0,0.00035315897312864115
selector_g64,cahn_hilliard__fno__correct__s8303__response_matched,fno,response_matched,cahn_hilliard,correct,test,96,0,0,0,0.0007596280371880901
selector_g64,cahn_hilliard__fno__correct__s8303__response_matched,fno,response_matched,cahn_hilliard,correct,ood,64,0,0,0,0.015554215805602067
selector_g64,cahn_hilliard__fno__correct__s8303__response_matched,fno,response_matched,cahn_hilliard,correct,ood,96,0,0,0,0.030906655957822122
selector_g64,cahn_hilliard__fno__correct__s8303__smooth,fno,smooth,cahn_hilliard,correct,test,64,0,0,0,2.9363046912881698e-05
selector_g64,cahn_hilliard__fno__correct__s8303__smooth,fno,smooth,cahn_hilliard,correct,test,96,0,0,0,4.9924147807699326e-05
selector_g64,cahn_hilliard__fno__correct__s8303__smooth,fno,smooth,cahn_hilliard,correct,ood,64,0,0,0,0.0007259944139496599
selector_g64,cahn_hilliard__fno__correct__s8303__smooth,fno,smooth,cahn_hilliard,correct,ood,96,0,0,0,0.0009808355222608773
selector_g64,cahn_hilliard__fno__correct__s8404__iid,fno,iid,cahn_hilliard,correct,test,64,0,0,0,0.00018388397864729528
selector_g64,cahn_hilliard__fno__correct__s8404__iid,fno,iid,cahn_hilliard,correct,test,96,0,0,0,0.00042488046056367594
selector_g64,cahn_hilliard__fno__correct__s8404__iid,fno,iid,cahn_hilliard,correct,ood,64,0,0,0,0.008082132297379807
selector_g64,cahn_hilliard__fno__correct__s8404__iid,fno,iid,cahn_hilliard,correct,ood,96,0,0,0,0.014119968170522227
selector_g64,cahn_hilliard__fno__correct__s8404__none,fno,none,cahn_hilliard,correct,test,64,0,0,0,6.49036283444592e-05
selector_g64,cahn_hilliard__fno__correct__s8404__none,fno,none,cahn_hilliard,correct,test,96,0,0,0,0.00011753750592059884
selector_g64,cahn_hilliard__fno__correct__s8404__none,fno,none,cahn_hilliard,correct,ood,64,0,0,0,0.003267527624464958
selector_g64,cahn_hilliard__fno__correct__s8404__none,fno,none,cahn_hilliard,correct,ood,96,0,0,0,0.0044329725302288125
selector_g64,cahn_hilliard__fno__correct__s8404__response_matched,fno,response_matched,cahn_hilliard,correct,test,64,0,0,0,0.0003858067480872352
selector_g64,cahn_hilliard__fno__correct__s8404__response_matched,fno,response_matched,cahn_hilliard,correct,test,96,0,0,0,0.0007950705562055268
selector_g64,cahn_hilliard__fno__correct__s8404__response_matched,fno,response_matched,cahn_hilliard,correct,ood,64,0,0,0,0.05252054133210193
selector_g64,cahn_hilliard__fno__correct__s8404__response_matched,fno,response_matched,cahn_hilliard,correct,ood,96,0,0,0,0.13095461468294528
selector_g64,cahn_hilliard__fno__correct__s8404__smooth,fno,smooth,cahn_hilliard,correct,test,64,0,0,0,2.331575898199714e-05
selector_g64,cahn_hilliard__fno__correct__s8404__smooth,fno,smooth,cahn_hilliard,correct,test,96,0,0,0,3.0907177557853275e-05
selector_g64,cahn_hilliard__fno__correct__s8404__smooth,fno,smooth,cahn_hilliard,correct,ood,64,0,0,0,0.0036062322184821083
selector_g64,cahn_hilliard__fno__correct__s8404__smooth,fno,smooth,cahn_hilliard,correct,ood,96,0,0,0,0.00654057278495294
selector_g64,cahn_hilliard__fno__correct__s8505__iid,fno,iid,cahn_hilliard,correct,test,64,0,0,0,0.00016439792693662483
selector_g64,cahn_hilliard__fno__correct__s8505__iid,fno,iid,cahn_hilliard,correct,test,96,0,0,0,0.00035586836503787256
selector_g64,cahn_hilliard__fno__correct__s8505__iid,fno,iid,cahn_hilliard,correct,ood,64,0,0,0,0.021634064216021487
selector_g64,cahn_hilliard__fno__correct__s8505__iid,fno,iid,cahn_hilliard,correct,ood,96,0,0,0,0.05112192689182744
selector_g64,cahn_hilliard__fno__correct__s8505__none,fno,none,cahn_hilliard,correct,test,64,0,0,0,4.1395227561673124e-05
selector_g64,cahn_hilliard__fno__correct__s8505__none,fno,none,cahn_hilliard,correct,test,96,0,0,0,5.709718438786914e-05
selector_g64,cahn_hilliard__fno__correct__s8505__none,fno,none,cahn_hilliard,correct,ood,64,0,0,0,0.0005062049702938658
selector_g64,cahn_hilliard__fno__correct__s8505__none,fno,none,cahn_hilliard,correct,ood,96,0,0,0,0.0008847443291256339
selector_g64,cahn_hilliard__fno__correct__s8505__response_matched,fno,response_matched,cahn_hilliard,correct,test,64,0,0,0,0.0005390280117193568
selector_g64,cahn_hilliard__fno__correct__s8505__response_matched,fno,response_matched,cahn_hilliard,correct,test,96,0,0,0,0.0014086962199520703
selector_g64,cahn_hilliard__fno__correct__s8505__response_matched,fno,response_matched,cahn_hilliard,correct,ood,64,0,0,0,0.028075915561434683
selector_g64,cahn_hilliard__fno__correct__s8505__response_matched,fno,response_matched,cahn_hilliard,correct,ood,96,0,0,0,0.06173506777198453
selector_g64,cahn_hilliard__fno__correct__s8505__smooth,fno,smooth,cahn_hilliard,correct,test,64,0,0,0,3.418335602481978e-05
selector_g64,cahn_hilliard__fno__correct__s8505__smooth,fno,smooth,cahn_hilliard,correct,test,96,0,0,0,6.157416703617526e-05
selector_g64,cahn_hilliard__fno__correct__s8505__smooth,fno,smooth,cahn_hilliard,correct,ood,64,0,0,0,0.0015164932970747266
selector_g64,cahn_hilliard__fno__correct__s8505__smooth,fno,smooth,cahn_hilliard,correct,ood,96,0,0,0,0.003068804320974945
selector_g64,cahn_hilliard__fno__correct__s8606__iid,fno,iid,cahn_hilliard,correct,test,64,0,0,0,0.0001746467376764274
selector_g64,cahn_hilliard__fno__correct__s8606__iid,fno,iid,cahn_hilliard,correct,test,96,0,0,0,0.00034655937387162905
selector_g64,cahn_hilliard__fno__correct__s8606__iid,fno,iid,cahn_hilliard,correct,ood,64,0,0,0,0.010950316355443607
selector_g64,cahn_hilliard__fno__correct__s8606__iid,fno,iid,cahn_hilliard,correct,ood,96,0,0,0,0.027118576222739922
selector_g64,cahn_hilliard__fno__correct__s8606__none,fno,none,cahn_hilliard,correct,test,64,0,0,0,4.5493386074215206e-05
selector_g64,cahn_hilliard__fno__correct__s8606__none,fno,none,cahn_hilliard,correct,test,96,0,0,0,8.424654819134055e-05
selector_g64,cahn_hilliard__fno__correct__s8606__none,fno,none,cahn_hilliard,correct,ood,64,0,0,0,0.00188568747539326
selector_g64,cahn_hilliard__fno__correct__s8606__none,fno,none,cahn_hilliard,correct,ood,96,0,0,0,0.002830020997246392
selector_g64,cahn_hilliard__fno__correct__s8606__response_matched,fno,response_matched,cahn_hilliard,correct,test,64,0,0,0,0.0004325541900946431
selector_g64,cahn_hilliard__fno__correct__s8606__response_matched,fno,response_matched,cahn_hilliard,correct,test,96,0,0,0,0.001028520259166485
selector_g64,cahn_hilliard__fno__correct__s8606__response_matched,fno,response_matched,cahn_hilliard,correct,ood,64,0,0,0,0.008333007779774804
selector_g64,cahn_hilliard__fno__correct__s8606__response_matched,fno,response_matched,cahn_hilliard,correct,ood,96,0,0,0,0.021042201135533456
selector_g64,cahn_hilliard__fno__correct__s8606__smooth,fno,smooth,cahn_hilliard,correct,test,64,0,0,0,2.2101502343231097e-05
selector_g64,cahn_hilliard__fno__correct__s8606__smooth,fno,smooth,cahn_hilliard,correct,test,96,0,0,0,3.308378751062805e-05
selector_g64,cahn_hilliard__fno__correct__s8606__smooth,fno,smooth,cahn_hilliard,correct,ood,64,0,0,0,0.0037763828944617633
selector_g64,cahn_hilliard__fno__correct__s8606__smooth,fno,smooth,cahn_hilliard,correct,ood,96,0,0,0,0.007496933942294827
selector_g64,cahn_hilliard__fno__structural__s8101__iid,fno,iid,cahn_hilliard,structural,test,64,0,0,0,0.0004716436676615206
selector_g64,cahn_hilliard__fno__structural__s8101__iid,fno,iid,cahn_hilliard,structural,test,96,0,0,0,0.0010376041747613717
selector_g64,cahn_hilliard__fno__structural__s8101__iid,fno,iid,cahn_hilliard,structural,ood,64,0,0,0,0.02787809797930496
selector_g64,cahn_hilliard__fno__structural__s8101__iid,fno,iid,cahn_hilliard,structural,ood,96,0,0,0,0.05128404646167499
selector_g64,cahn_hilliard__fno__structural__s8101__none,fno,none,cahn_hilliard,structural,test,64,0,0,0,5.2276767397107854e-05
selector_g64,cahn_hilliard__fno__structural__s8101__none,fno,none,cahn_hilliard,structural,test,96,0,0,0,9.864103978396419e-05
selector_g64,cahn_hilliard__fno__structural__s8101__none,fno,none,cahn_hilliard,structural,ood,64,0,0,0,0.0032282205429693053
selector_g64,cahn_hilliard__fno__structural__s8101__none,fno,none,cahn_hilliard,structural,ood,96,0,0,0,0.006098954494284561
selector_g64,cahn_hilliard__fno__structural__s8101__response_matched,fno,response_matched,cahn_hilliard,structural,test,64,0,0,0,0.0007923872031368254
selector_g64,cahn_hilliard__fno__structural__s8101__response_matched,fno,response_matched,cahn_hilliard,structural,test,96,0,0,0,0.0014771749920819838
selector_g64,cahn_hilliard__fno__structural__s8101__response_matched,fno,response_matched,cahn_hilliard,structural,ood,64,0,0,0,0.1668949085298559
selector_g64,cahn_hilliard__fno__structural__s8101__response_matched,fno,response_matched,cahn_hilliard,structural,ood,96,0,0,0,0.3353607458273403
selector_g64,cahn_hilliard__fno__structural__s8101__smooth,fno,smooth,cahn_hilliard,structural,test,64,0,0,0,0.00038403299211627225
selector_g64,cahn_hilliard__fno__structural__s8101__smooth,fno,smooth,cahn_hilliard,structural,test,96,0,0,0,0.0008313494591643464
selector_g64,cahn_hilliard__fno__structural__s8101__smooth,fno,smooth,cahn_hilliard,structural,ood,64,0,0,0,0.005049809715349435
selector_g64,cahn_hilliard__fno__structural__s8101__smooth,fno,smooth,cahn_hilliard,structural,ood,96,0,0,0,0.006950507704036176
selector_g64,cahn_hilliard__fno__structural__s8202__iid,fno,iid,cahn_hilliard,structural,test,64,0,0,0,0.000858321154164848
selector_g64,cahn_hilliard__fno__structural__s8202__iid,fno,iid,cahn_hilliard,structural,test,96,0,0,0,0.0017234337526560116
selector_g64,cahn_hilliard__fno__structural__s8202__iid,fno,iid,cahn_hilliard,structural,ood,64,0,0,0,0.013704641803031103
selector_g64,cahn_hilliard__fno__structural__s8202__iid,fno,iid,cahn_hilliard,structural,ood,96,0,0,0,0.02251022453109893
selector_g64,cahn_hilliard__fno__structural__s8202__none,fno,none,cahn_hilliard,structural,test,64,0,0,0,4.387019818522181e-05
selector_g64,cahn_hilliard__fno__structural__s8202__none,fno,none,cahn_hilliard,structural,test,96,0,0,0,6.162602807356326e-05
selector_g64,cahn_hilliard__fno__structural__s8202__none,fno,none,cahn_hilliard,structural,ood,64,0,0,0,0.002106944943083791
selector_g64,cahn_hilliard__fno__structural__s8202__none,fno,none,cahn_hilliard,structural,ood,96,0,0,0,0.0023761793831272955
selector_g64,cahn_hilliard__fno__structural__s8202__response_matched,fno,response_matched,cahn_hilliard,structural,test,64,0,0,0,0.0007133265468207764
selector_g64,cahn_hilliard__fno__structural__s8202__response_matched,fno,response_matched,cahn_hilliard,structural,test,96,0,0,0,0.001524835352525312
selector_g64,cahn_hilliard__fno__structural__s8202__response_matched,fno,response_matched,cahn_hilliard,structural,ood,64,0,0,0,0.03045189240773588
selector_g64,cahn_hilliard__fno__structural__s8202__response_matched,fno,response_matched,cahn_hilliard,structural,ood,96,0,0,0,0.08068002570649654
selector_g64,cahn_hilliard__fno__structural__s8202__smooth,fno,smooth,cahn_hilliard,structural,test,64,0,0,0,0.0005082696752440521
selector_g64,cahn_hilliard__fno__structural__s8202__smooth,fno,smooth,cahn_hilliard,structural,test,96,0,0,0,0.001135967410803697
selector_g64,cahn_hilliard__fno__structural__s8202__smooth,fno,smooth,cahn_hilliard,structural,ood,64,0,0,0,0.0028493618257352527
selector_g64,cahn_hilliard__fno__structural__s8202__smooth,fno,smooth,cahn_hilliard,structural,ood,96,0,0,0,0.004978704637331225
selector_g64,cahn_hilliard__fno__structural__s8303__iid,fno,iid,cahn_hilliard,structural,test,64,0,0,0,0.00043325170878484587
selector_g64,cahn_hilliard__fno__structural__s8303__iid,fno,iid,cahn_hilliard,structural,test,96,0,0,0,0.0008555775363610167
selector_g64,cahn_hilliard__fno__structural__s8303__iid,fno,iid,cahn_hilliard,structural,ood,64,0,0,0,0.013246142091121182
selector_g64,cahn_hilliard__fno__structural__s8303__iid,fno,iid,cahn_hilliard,structural,ood,96,0,0,0,0.021512832265283482
selector_g64,cahn_hilliard__fno__structural__s8303__none,fno,none,cahn_hilliard,structural,test,64,0,0,0,3.386902131710402e-05
selector_g64,cahn_hilliard__fno__structural__s8303__none,fno,none,cahn_hilliard,structural,test,96,0,0,0,5.151021375646907e-05
selector_g64,cahn_hilliard__fno__structural__s8303__none,fno,none,cahn_hilliard,structural,ood,64,0,0,0,0.0006634514387379399
selector_g64,cahn_hilliard__fno__structural__s8303__none,fno,none,cahn_hilliard,structural,ood,96,0,0,0,0.0009201057260156935
selector_g64,cahn_hilliard__fno__structural__s8303__response_matched,fno,response_matched,cahn_hilliard,structural,test,64,0,0,0,0.0009277952734085583
selector_g64,cahn_hilliard__fno__structural__s8303__response_matched,fno,response_matched,cahn_hilliard,structural,test,96,0,0,0,0.0021339285475954046
selector_g64,cahn_hilliard__fno__structural__s8303__response_matched,fno,response_matched,cahn_hilliard,structural,ood,64,0,0,0,0.020999454276706797
selector_g64,cahn_hilliard__fno__structural__s8303__response_matched,fno,response_matched,cahn_hilliard,structural,ood,96,0,0,0,0.05404375660308965
selector_g64,cahn_hilliard__fno__structural__s8303__smooth,fno,smooth,cahn_hilliard,structural,test,64,0,0,0,0.0005058788132832823
selector_g64,cahn_hilliard__fno__structural__s8303__smooth,fno,smooth,cahn_hilliard,structural,test,96,0,0,0,0.0012391100655769715
selector_g64,cahn_hilliard__fno__structural__s8303__smooth,fno,smooth,cahn_hilliard,structural,ood,64,0,0,0,0.0018425026581759124
selector_g64,cahn_hilliard__fno__structural__s8303__smooth,fno,smooth,cahn_hilliard,structural,ood,96,0,0,0,0.003588669126257539
selector_g64,cahn_hilliard__fno__structural__s8404__iid,fno,iid,cahn_hilliard,structural,test,64,0,0,0,0.0006663002910467092
selector_g64,cahn_hilliard__fno__structural__s8404__iid,fno,iid,cahn_hilliard,structural,test,96,0,0,0,0.0013294557050250824
selector_g64,cahn_hilliard__fno__structural__s8404__iid,fno,iid,cahn_hilliard,structural,ood,64,0,0,0,0.004036002618991452
selector_g64,cahn_hilliard__fno__structural__s8404__iid,fno,iid,cahn_hilliard,structural,ood,96,0,0,0,0.005991720650780427
selector_g64,cahn_hilliard__fno__structural__s8404__none,fno,none,cahn_hilliard,structural,test,64,0,0,0,6.49036283444592e-05
selector_g64,cahn_hilliard__fno__structural__s8404__none,fno,none,cahn_hilliard,structural,test,96,0,0,0,0.00011753750592059884
selector_g64,cahn_hilliard__fno__structural__s8404__none,fno,none,cahn_hilliard,structural,ood,64,0,0,0,0.003267527624464958
selector_g64,cahn_hilliard__fno__structural__s8404__none,fno,none,cahn_hilliard,structural,ood,96,0,0,0,0.0044329725302288125
selector_g64,cahn_hilliard__fno__structural__s8404__response_matched,fno,response_matched,cahn_hilliard,structural,test,64,0,0,0,0.000732142288201211
selector_g64,cahn_hilliard__fno__structural__s8404__response_matched,fno,response_matched,cahn_hilliard,structural,test,96,0,0,0,0.0014401049013375254
selector_g64,cahn_hilliard__fno__structural__s8404__response_matched,fno,response_matched,cahn_hilliard,structural,ood,64,0,0,0,0.009357923860529832
selector_g64,cahn_hilliard__fno__structural__s8404__response_matched,fno,response_matched,cahn_hilliard,structural,ood,96,0,0,0,0.017419246971671798
selector_g64,cahn_hilliard__fno__structural__s8404__smooth,fno,smooth,cahn_hilliard,structural,test,64,0,0,0,0.00032728530890097
selector_g64,cahn_hilliard__fno__structural__s8404__smooth,fno,smooth,cahn_hilliard,structural,test,96,0,0,0,0.0006242656964579405
selector_g64,cahn_hilliard__fno__structural__s8404__smooth,fno,smooth,cahn_hilliard,structural,ood,64,0,0,0,0.0024749544931204695
selector_g64,cahn_hilliard__fno__structural__s8404__smooth,fno,smooth,cahn_hilliard,structural,ood,96,0,0,0,0.004959010190833192
selector_g64,cahn_hilliard__fno__structural__s8505__iid,fno,iid,cahn_hilliard,structural,test,64,0,0,0,0.0005192756324729261
selector_g64,cahn_hilliard__fno__structural__s8505__iid,fno,iid,cahn_hilliard,structural,test,96,0,0,0,0.0009429880662867353
selector_g64,cahn_hilliard__fno__structural__s8505__iid,fno,iid,cahn_hilliard,structural,ood,64,0,0,0,0.0042044432289174705
selector_g64,cahn_hilliard__fno__structural__s8505__iid,fno,iid,cahn_hilliard,structural,ood,96,0,0,0,0.0073957049931550976
selector_g64,cahn_hilliard__fno__structural__s8505__none,fno,none,cahn_hilliard,structural,test,64,0,0,0,4.1395227561673124e-05
selector_g64,cahn_hilliard__fno__structural__s8505__none,fno,none,cahn_hilliard,structural,test,96,0,0,0,5.709718438786914e-05
selector_g64,cahn_hilliard__fno__structural__s8505__none,fno,none,cahn_hilliard,structural,ood,64,0,0,0,0.0005062049702938658
selector_g64,cahn_hilliard__fno__structural__s8505__none,fno,none,cahn_hilliard,structural,ood,96,0,0,0,0.0008847443291256339
selector_g64,cahn_hilliard__fno__structural__s8505__response_matched,fno,response_matched,cahn_hilliard,structural,test,64,0,0,0,0.0005713000618567596
selector_g64,cahn_hilliard__fno__structural__s8505__response_matched,fno,response_matched,cahn_hilliard,structural,test,96,0,0,0,0.0009839033649539594
selector_g64,cahn_hilliard__fno__structural__s8505__response_matched,fno,response_matched,cahn_hilliard,structural,ood,64,0,0,0,0.02156174930396182
selector_g64,cahn_hilliard__fno__structural__s8505__response_matched,fno,response_matched,cahn_hilliard,structural,ood,96,0,0,0,0.04495356706768816
selector_g64,cahn_hilliard__fno__structural__s8505__smooth,fno,smooth,cahn_hilliard,structural,test,64,0,0,0,0.0003630878982818619
selector_g64,cahn_hilliard__fno__structural__s8505__smooth,fno,smooth,cahn_hilliard,structural,test,96,0,0,0,0.0007425846102810097
selector_g64,cahn_hilliard__fno__structural__s8505__smooth,fno,smooth,cahn_hilliard,structural,ood,64,0,0,0,0.004781310769084231
selector_g64,cahn_hilliard__fno__structural__s8505__smooth,fno,smooth,cahn_hilliard,structural,ood,96,0,0,0,0.005478938588449467
selector_g64,cahn_hilliard__fno__structural__s8606__iid,fno,iid,cahn_hilliard,structural,test,64,0,0,0,0.0004917817604211741
selector_g64,cahn_hilliard__fno__structural__s8606__iid,fno,iid,cahn_hilliard,structural,test,96,0,0,0,0.0009159113687011584
selector_g64,cahn_hilliard__fno__structural__s8606__iid,fno,iid,cahn_hilliard,structural,ood,64,0,0,0,0.03440742036155098
selector_g64,cahn_hilliard__fno__structural__s8606__iid,fno,iid,cahn_hilliard,structural,ood,96,0,0,0,0.07030449583411125
selector_g64,cahn_hilliard__fno__structural__s8606__none,fno,none,cahn_hilliard,structural,test,64,0,0,0,4.5493386074215206e-05
selector_g64,cahn_hilliard__fno__structural__s8606__none,fno,none,cahn_hilliard,structural,test,96,0,0,0,8.424654819134055e-05
selector_g64,cahn_hilliard__fno__structural__s8606__none,fno,none,cahn_hilliard,structural,ood,64,0,0,0,0.00188568747539326
selector_g64,cahn_hilliard__fno__structural__s8606__none,fno,none,cahn_hilliard,structural,ood,96,0,0,0,0.002830020997246392
selector_g64,cahn_hilliard__fno__structural__s8606__response_matched,fno,response_matched,cahn_hilliard,structural,test,64,0,0,0,0.0004442256335567881
selector_g64,cahn_hilliard__fno__structural__s8606__response_matched,fno,response_matched,cahn_hilliard,structural,test,96,0,0,0,0.0008678222803077616
selector_g64,cahn_hilliard__fno__structural__s8606__response_matched,fno,response_matched,cahn_hilliard,structural,ood,64,0,0,0,0.018391725969668093
selector_g64,cahn_hilliard__fno__structural__s8606__response_matched,fno,response_matched,cahn_hilliard,structural,ood,96,0,0,0,0.033497948384301646
selector_g64,cahn_hilliard__fno__structural__s8606__smooth,fno,smooth,cahn_hilliard,structural,test,64,0,0,0,0.0004386031808543481
selector_g64,cahn_hilliard__fno__structural__s8606__smooth,fno,smooth,cahn_hilliard,structural,test,96,0,0,0,0.0009065445959343712
selector_g64,cahn_hilliard__fno__structural__s8606__smooth,fno,smooth,cahn_hilliard,structural,ood,64,0,0,0,0.003691290553414703
selector_g64,cahn_hilliard__fno__structural__s8606__smooth,fno,smooth,cahn_hilliard,structural,ood,96,0,0,0,0.004062793781511374
selector_g64,cahn_hilliard__looped__coefficient__s8101__iid,looped,iid,cahn_hilliard,coefficient,test,64,0,0,0,0.006462881210526128
selector_g64,cahn_hilliard__looped__coefficient__s8101__iid,looped,iid,cahn_hilliard,coefficient,test,96,0,0,0,0.013112967721801705
selector_g64,cahn_hilliard__looped__coefficient__s8101__iid,looped,iid,cahn_hilliard,coefficient,ood,64,0,0,0,0.6763392843975495
selector_g64,cahn_hilliard__looped__coefficient__s8101__iid,looped,iid,cahn_hilliard,coefficient,ood,96,0,0,0,1.08798771897564
selector_g64,cahn_hilliard__looped__coefficient__s8101__none,looped,none,cahn_hilliard,coefficient,test,64,0,0,0,0.005534444364290493
selector_g64,cahn_hilliard__looped__coefficient__s8101__none,looped,none,cahn_hilliard,coefficient,test,96,0,0,0,0.009994221304133286
selector_g64,cahn_hilliard__looped__coefficient__s8101__none,looped,none,cahn_hilliard,coefficient,ood,64,0,0,0,0.3135371276280061
selector_g64,cahn_hilliard__looped__coefficient__s8101__none,looped,none,cahn_hilliard,coefficient,ood,96,0,0,0,0.5717127574986567
selector_g64,cahn_hilliard__looped__coefficient__s8101__response_matched,looped,response_matched,cahn_hilliard,coefficient,test,64,0,0,0,0.008431784330301118
selector_g64,cahn_hilliard__looped__coefficient__s8101__response_matched,looped,response_matched,cahn_hilliard,coefficient,test,96,0,0,0,0.016233392921323715
selector_g64,cahn_hilliard__looped__coefficient__s8101__response_matched,looped,response_matched,cahn_hilliard,coefficient,ood,64,0,0,0,0.7780595612892398
selector_g64,cahn_hilliard__looped__coefficient__s8101__response_matched,looped,response_matched,cahn_hilliard,coefficient,ood,96,0,0,0,1.0825990879795502
selector_g64,cahn_hilliard__looped__coefficient__s8101__smooth,looped,smooth,cahn_hilliard,coefficient,test,64,0,0,0,0.008250291463291357
selector_g64,cahn_hilliard__looped__coefficient__s8101__smooth,looped,smooth,cahn_hilliard,coefficient,test,96,0,0,0,0.01769657345084392
selector_g64,cahn_hilliard__looped__coefficient__s8101__smooth,looped,smooth,cahn_hilliard,coefficient,ood,64,0,0,0,0.2827422737342662
selector_g64,cahn_hilliard__looped__coefficient__s8101__smooth,looped,smooth,cahn_hilliard,coefficient,ood,96,0,0,0,0.49974099086506035
selector_g64,cahn_hilliard__looped__coefficient__s8202__iid,looped,iid,cahn_hilliard,coefficient,test,64,0,0,0,0.0055181268614550305
selector_g64,cahn_hilliard__looped__coefficient__s8202__iid,looped,iid,cahn_hilliard,coefficient,test,96,0,0,0,0.009982177788720275
selector_g64,cahn_hilliard__looped__coefficient__s8202__iid,looped,iid,cahn_hilliard,coefficient,ood,64,0,0,0,0.7811789881011606
selector_g64,cahn_hilliard__looped__coefficient__s8202__iid,looped,iid,cahn_hilliard,coefficient,ood,96,0,0,0,1.2188041903182332
selector_g64,cahn_hilliard__looped__coefficient__s8202__none,looped,none,cahn_hilliard,coefficient,test,64,0,0,0,0.005086948405017694
selector_g64,cahn_hilliard__looped__coefficient__s8202__none,looped,none,cahn_hilliard,coefficient,test,96,0,0,0,0.009031087316938302
selector_g64,cahn_hilliard__looped__coefficient__s8202__none,looped,none,cahn_hilliard,coefficient,ood,64,0,0,0,0.19635177368196732
selector_g64,cahn_hilliard__looped__coefficient__s8202__none,looped,none,cahn_hilliard,coefficient,ood,96,0,0,0,0.3331950499764478
selector_g64,cahn_hilliard__looped__coefficient__s8202__response_matched,looped,response_matched,cahn_hilliard,coefficient,test,64,0,0,0,0.005459753675759016
selector_g64,cahn_hilliard__looped__coefficient__s8202__response_matched,looped,response_matched,cahn_hilliard,coefficient,test,96,0,0,0,0.010121484784193502
selector_g64,cahn_hilliard__looped__coefficient__s8202__response_matched,looped,response_matched,cahn_hilliard,coefficient,ood,64,0,0,0,1.1155245859629872
selector_g64,cahn_hilliard__looped__coefficient__s8202__response_matched,looped,response_matched,cahn_hilliard,coefficient,ood,96,0,0,0,1.5262029370789683
selector_g64,cahn_hilliard__looped__coefficient__s8202__smooth,looped,smooth,cahn_hilliard,coefficient,test,64,0,0,0,0.007262263264562072
selector_g64,cahn_hilliard__looped__coefficient__s8202__smooth,looped,smooth,cahn_hilliard,coefficient,test,96,0,0,0,0.015758669748406035
selector_g64,cahn_hilliard__looped__coefficient__s8202__smooth,looped,smooth,cahn_hilliard,coefficient,ood,64,0,0,0,0.2357506640322189
selector_g64,cahn_hilliard__looped__coefficient__s8202__smooth,looped,smooth,cahn_hilliard,coefficient,ood,96,0,0,0,0.4065177070196041
selector_g64,cahn_hilliard__looped__coefficient__s8303__iid,looped,iid,cahn_hilliard,coefficient,test,64,0,0,0,0.005581380645052564
selector_g64,cahn_hilliard__looped__coefficient__s8303__iid,looped,iid,cahn_hilliard,coefficient,test,96,0,0,0,0.010737908536023317
selector_g64,cahn_hilliard__looped__coefficient__s8303__iid,looped,iid,cahn_hilliard,coefficient,ood,64,0,0,0,0.400355359645733
selector_g64,cahn_hilliard__looped__coefficient__s8303__iid,looped,iid,cahn_hilliard,coefficient,ood,96,0,0,0,0.6870741682098777
selector_g64,cahn_hilliard__looped__coefficient__s8303__none,looped,none,cahn_hilliard,coefficient,test,64,0,0,0,0.009140057120454015
selector_g64,cahn_hilliard__looped__coefficient__s8303__none,looped,none,cahn_hilliard,coefficient,test,96,0,0,0,0.01830740486618713
selector_g64,cahn_hilliard__looped__coefficient__s8303__none,looped,none,cahn_hilliard,coefficient,ood,64,0,0,0,0.184776611519605
selector_g64,cahn_hilliard__looped__coefficient__s8303__none,looped,none,cahn_hilliard,coefficient,ood,96,0,0,0,0.3167973674298109
selector_g64,cahn_hilliard__looped__coefficient__s8303__response_matched,looped,response_matched,cahn_hilliard,coefficient,test,64,0,0,0,0.006933402879748751
selector_g64,cahn_hilliard__looped__coefficient__s8303__response_matched,looped,response_matched,cahn_hilliard,coefficient,test,96,0,0,0,0.012821005941918113
selector_g64,cahn_hilliard__looped__coefficient__s8303__response_matched,looped,response_matched,cahn_hilliard,coefficient,ood,64,0,0,0,0.662161786489321
selector_g64,cahn_hilliard__looped__coefficient__s8303__response_matched,looped,response_matched,cahn_hilliard,coefficient,ood,96,0,0,0,0.9659164874622472
selector_g64,cahn_hilliard__looped__coefficient__s8303__smooth,looped,smooth,cahn_hilliard,coefficient,test,64,0,0,0,0.006339148571747055
selector_g64,cahn_hilliard__looped__coefficient__s8303__smooth,looped,smooth,cahn_hilliard,coefficient,test,96,0,0,0,0.01322411215526124
selector_g64,cahn_hilliard__looped__coefficient__s8303__smooth,looped,smooth,cahn_hilliard,coefficient,ood,64,0,0,0,0.17846717558266878
selector_g64,cahn_hilliard__looped__coefficient__s8303__smooth,looped,smooth,cahn_hilliard,coefficient,ood,96,0,0,0,0.30967352451109365
selector_g64,cahn_hilliard__looped__coefficient__s8404__iid,looped,iid,cahn_hilliard,coefficient,test,64,0,0,0,0.007461719011773671
selector_g64,cahn_hilliard__looped__coefficient__s8404__iid,looped,iid,cahn_hilliard,coefficient,test,96,0,0,0,0.013652465229229102
selector_g64,cahn_hilliard__looped__coefficient__s8404__iid,looped,iid,cahn_hilliard,coefficient,ood,64,0,0,0,0.7073291442855378
selector_g64,cahn_hilliard__looped__coefficient__s8404__iid,looped,iid,cahn_hilliard,coefficient,ood,96,0,0,0,1.0495645930100466
selector_g64,cahn_hilliard__looped__coefficient__s8404__none,looped,none,cahn_hilliard,coefficient,test,64,0,0,0,0.006737307267801432
selector_g64,cahn_hilliard__looped__coefficient__s8404__none,looped,none,cahn_hilliard,coefficient,test,96,0,0,0,0.012041829142866195
selector_g64,cahn_hilliard__looped__coefficient__s8404__none,looped,none,cahn_hilliard,coefficient,ood,64,0,0,0,0.21445588288080764
selector_g64,cahn_hilliard__looped__coefficient__s8404__none,looped,none,cahn_hilliard,coefficient,ood,96,0,0,0,0.3677959162550396
selector_g64,cahn_hilliard__looped__coefficient__s8404__response_matched,looped,response_matched,cahn_hilliard,coefficient,test,64,0,0,0,0.009101637923126016
selector_g64,cahn_hilliard__looped__coefficient__s8404__response_matched,looped,response_matched,cahn_hilliard,coefficient,test,96,0,0,0,0.018457112002296865
selector_g64,cahn_hilliard__looped__coefficient__s8404__response_matched,looped,response_matched,cahn_hilliard,coefficient,ood,64,0,0,0,0.9690190905876079
selector_g64,cahn_hilliard__looped__coefficient__s8404__response_matched,looped,response_matched,cahn_hilliard,coefficient,ood,96,0,0,0,1.4020451782307646
selector_g64,cahn_hilliard__looped__coefficient__s8404__smooth,looped,smooth,cahn_hilliard,coefficient,test,64,0,0,0,0.007744198744739091
selector_g64,cahn_hilliard__looped__coefficient__s8404__smooth,looped,smooth,cahn_hilliard,coefficient,test,96,0,0,0,0.016410577349399883
selector_g64,cahn_hilliard__looped__coefficient__s8404__smooth,looped,smooth,cahn_hilliard,coefficient,ood,64,0,0,0,0.22688241543948173
selector_g64,cahn_hilliard__looped__coefficient__s8404__smooth,looped,smooth,cahn_hilliard,coefficient,ood,96,0,0,0,0.38667029873468906
selector_g64,cahn_hilliard__looped__coefficient__s8505__iid,looped,iid,cahn_hilliard,coefficient,test,64,0,0,0,0.006442307898339994
selector_g64,cahn_hilliard__looped__coefficient__s8505__iid,looped,iid,cahn_hilliard,coefficient,test,96,0,0,0,0.011967082496748382
selector_g64,cahn_hilliard__looped__coefficient__s8505__iid,looped,iid,cahn_hilliard,coefficient,ood,64,0,0,0,0.7075265087437579
selector_g64,cahn_hilliard__looped__coefficient__s8505__iid,looped,iid,cahn_hilliard,coefficient,ood,96,0,0,0,1.0811214403338574
selector_g64,cahn_hilliard__looped__coefficient__s8505__none,looped,none,cahn_hilliard,coefficient,test,64,0,0,0,0.004973319579005847
selector_g64,cahn_hilliard__looped__coefficient__s8505__none,looped,none,cahn_hilliard,coefficient,test,96,0,0,0,0.00853135911806959
selector_g64,cahn_hilliard__looped__coefficient__s8505__none,looped,none,cahn_hilliard,coefficient,ood,64,0,0,0,0.1859059468279911
selector_g64,cahn_hilliard__looped__coefficient__s8505__none,looped,none,cahn_hilliard,coefficient,ood,96,0,0,0,0.3110442729727966
selector_g64,cahn_hilliard__looped__coefficient__s8505__response_matched,looped,response_matched,cahn_hilliard,coefficient,test,64,0,0,0,0.016321735833659146
selector_g64,cahn_hilliard__looped__coefficient__s8505__response_matched,looped,response_matched,cahn_hilliard,coefficient,test,96,0,0,0,0.0357193569825367
selector_g64,cahn_hilliard__looped__coefficient__s8505__response_matched,looped,response_matched,cahn_hilliard,coefficient,ood,64,0,0,0,1.205713950578911
selector_g64,cahn_hilliard__looped__coefficient__s8505__response_matched,looped,response_matched,cahn_hilliard,coefficient,ood,96,0,0,0,1.53893050648018
selector_g64,cahn_hilliard__looped__coefficient__s8505__smooth,looped,smooth,cahn_hilliard,coefficient,test,64,0,0,0,0.010594033940048223
selector_g64,cahn_hilliard__looped__coefficient__s8505__smooth,looped,smooth,cahn_hilliard,coefficient,test,96,0,0,0,0.024347320956780466
selector_g64,cahn_hilliard__looped__coefficient__s8505__smooth,looped,smooth,cahn_hilliard,coefficient,ood,64,0,0,0,0.189022018735169
selector_g64,cahn_hilliard__looped__coefficient__s8505__smooth,looped,smooth,cahn_hilliard,coefficient,ood,96,0,0,0,0.32200309682291317
selector_g64,cahn_hilliard__looped__coefficient__s8606__iid,looped,iid,cahn_hilliard,coefficient,test,64,0,0,0,0.0068294187906106085
selector_g64,cahn_hilliard__looped__coefficient__s8606__iid,looped,iid,cahn_hilliard,coefficient,test,96,0,0,0,0.012680029278722877
selector_g64,cahn_hilliard__looped__coefficient__s8606__iid,looped,iid,cahn_hilliard,coefficient,ood,64,0,0,0,0.41138688807382096
selector_g64,cahn_hilliard__looped__coefficient__s8606__iid,looped,iid,cahn_hilliard,coefficient,ood,96,0,0,0,0.7555878871842954
selector_g64,cahn_hilliard__looped__coefficient__s8606__none,looped,none,cahn_hilliard,coefficient,test,64,0,0,0,0.004147226698597163
selector_g64,cahn_hilliard__looped__coefficient__s8606__none,looped,none,cahn_hilliard,coefficient,test,96,0,0,0,0.0069950988260374615
selector_g64,cahn_hilliard__looped__coefficient__s8606__none,looped,none,cahn_hilliard,coefficient,ood,64,0,0,0,0.17241475098804515
selector_g64,cahn_hilliard__looped__coefficient__s8606__none,looped,none,cahn_hilliard,coefficient,ood,96,0,0,0,0.2907676250709357
selector_g64,cahn_hilliard__looped__coefficient__s8606__response_matched,looped,response_matched,cahn_hilliard,coefficient,test,64,0,0,0,0.006437727663529347
selector_g64,cahn_hilliard__looped__coefficient__s8606__response_matched,looped,response_matched,cahn_hilliard,coefficient,test,96,0,0,0,0.01259478308530378
selector_g64,cahn_hilliard__looped__coefficient__s8606__response_matched,looped,response_matched,cahn_hilliard,coefficient,ood,64,0,0,0,0.9869864671473465
selector_g64,cahn_hilliard__looped__coefficient__s8606__response_matched,looped,response_matched,cahn_hilliard,coefficient,ood,96,0,0,0,1.4193155652501823
selector_g64,cahn_hilliard__looped__coefficient__s8606__smooth,looped,smooth,cahn_hilliard,coefficient,test,64,0,0,0,0.010051659545317795
selector_g64,cahn_hilliard__looped__coefficient__s8606__smooth,looped,smooth,cahn_hilliard,coefficient,test,96,0,0,0,0.02266132258737194
selector_g64,cahn_hilliard__looped__coefficient__s8606__smooth,looped,smooth,cahn_hilliard,coefficient,ood,64,0,0,0,0.19826679556199878
selector_g64,cahn_hilliard__looped__coefficient__s8606__smooth,looped,smooth,cahn_hilliard,coefficient,ood,96,0,0,0,0.3415453054830048
selector_g64,cahn_hilliard__looped__correct__s8101__iid,looped,iid,cahn_hilliard,correct,test,64,0,0,0,0.0044124442389110174
selector_g64,cahn_hilliard__looped__correct__s8101__iid,looped,iid,cahn_hilliard,correct,test,96,0,0,0,0.008338754244122856
selector_g64,cahn_hilliard__looped__correct__s8101__iid,looped,iid,cahn_hilliard,correct,ood,64,0,0,0,0.7687015394886316
selector_g64,cahn_hilliard__looped__correct__s8101__iid,looped,iid,cahn_hilliard,correct,ood,96,0,0,0,1.130970895967683
selector_g64,cahn_hilliard__looped__correct__s8101__none,looped,none,cahn_hilliard,correct,test,64,0,0,0,0.0055344448772605345
selector_g64,cahn_hilliard__looped__correct__s8101__none,looped,none,cahn_hilliard,correct,test,96,0,0,0,0.009994220671665532
selector_g64,cahn_hilliard__looped__correct__s8101__none,looped,none,cahn_hilliard,correct,ood,64,0,0,0,0.31353744129280514
selector_g64,cahn_hilliard__looped__correct__s8101__none,looped,none,cahn_hilliard,correct,ood,96,0,0,0,0.5717133881581044
selector_g64,cahn_hilliard__looped__correct__s8101__response_matched,looped,response_matched,cahn_hilliard,correct,test,64,0,0,0,0.006087793462210833
selector_g64,cahn_hilliard__looped__correct__s8101__response_matched,looped,response_matched,cahn_hilliard,correct,test,96,0,0,0,0.012519946058439941
selector_g64,cahn_hilliard__looped__correct__s8101__response_matched,looped,response_matched,cahn_hilliard,correct,ood,64,0,0,0,0.7770813944574684
selector_g64,cahn_hilliard__looped__correct__s8101__response_matched,looped,response_matched,cahn_hilliard,correct,ood,96,0,0,0,1.0819310789462029
selector_g64,cahn_hilliard__looped__correct__s8101__smooth,looped,smooth,cahn_hilliard,correct,test,64,0,0,0,0.003080960586805341
selector_g64,cahn_hilliard__looped__correct__s8101__smooth,looped,smooth,cahn_hilliard,correct,test,96,0,0,0,0.0043426786752848116
selector_g64,cahn_hilliard__looped__correct__s8101__smooth,looped,smooth,cahn_hilliard,correct,ood,64,0,0,0,0.43251113001121233
selector_g64,cahn_hilliard__looped__correct__s8101__smooth,looped,smooth,cahn_hilliard,correct,ood,96,0,0,0,0.7654842667045554
selector_g64,cahn_hilliard__looped__correct__s8202__iid,looped,iid,cahn_hilliard,correct,test,64,0,0,0,0.002810261769733091
selector_g64,cahn_hilliard__looped__correct__s8202__iid,looped,iid,cahn_hilliard,correct,test,96,0,0,0,0.005027179869089737
selector_g64,cahn_hilliard__looped__correct__s8202__iid,looped,iid,cahn_hilliard,correct,ood,64,0,0,0,0.9499783504638373
selector_g64,cahn_hilliard__looped__correct__s8202__iid,looped,iid,cahn_hilliard,correct,ood,96,0,0,0,1.4468418483777914
selector_g64,cahn_hilliard__looped__correct__s8202__none,looped,none,cahn_hilliard,correct,test,64,0,0,0,0.005086930987249029
selector_g64,cahn_hilliard__looped__correct__s8202__none,looped,none,cahn_hilliard,correct,test,96,0,0,0,0.009031057285930035
selector_g64,cahn_hilliard__looped__correct__s8202__none,looped,none,cahn_hilliard,correct,ood,64,0,0,0,0.19635201695781745
selector_g64,cahn_hilliard__looped__correct__s8202__none,looped,none,cahn_hilliard,correct,ood,96,0,0,0,0.3331955257298679
selector_g64,cahn_hilliard__looped__correct__s8202__response_matched,looped,response_matched,cahn_hilliard,correct,test,64,0,0,0,0.00397322938527972
selector_g64,cahn_hilliard__looped__correct__s8202__response_matched,looped,response_matched,cahn_hilliard,correct,test,96,0,0,0,0.0076316472861883335
selector_g64,cahn_hilliard__looped__correct__s8202__response_matched,looped,response_matched,cahn_hilliard,correct,ood,64,0,0,0,1.0890965617521147
selector_g64,cahn_hilliard__looped__correct__s8202__response_matched,looped,response_matched,cahn_hilliard,correct,ood,96,0,0,0,1.5880991247306233
selector_g64,cahn_hilliard__looped__correct__s8202__smooth,looped,smooth,cahn_hilliard,correct,test,64,0,0,0,0.004263614203715835
selector_g64,cahn_hilliard__looped__correct__s8202__smooth,looped,smooth,cahn_hilliard,correct,test,96,0,0,0,0.006483066462669116
selector_g64,cahn_hilliard__looped__correct__s8202__smooth,looped,smooth,cahn_hilliard,correct,ood,64,0,0,0,0.2583877339205829
selector_g64,cahn_hilliard__looped__correct__s8202__smooth,looped,smooth,cahn_hilliard,correct,ood,96,0,0,0,0.4443919358214602
selector_g64,cahn_hilliard__looped__correct__s8303__iid,looped,iid,cahn_hilliard,correct,test,64,0,0,0,0.004313080471338215
selector_g64,cahn_hilliard__looped__correct__s8303__iid,looped,iid,cahn_hilliard,correct,test,96,0,0,0,0.008306974434738637
selector_g64,cahn_hilliard__looped__correct__s8303__iid,looped,iid,cahn_hilliard,correct,ood,64,0,0,0,0.49825202091431464
selector_g64,cahn_hilliard__looped__correct__s8303__iid,looped,iid,cahn_hilliard,correct,ood,96,0,0,0,0.8038852698338086
selector_g64,cahn_hilliard__looped__correct__s8303__none,looped,none,cahn_hilliard,correct,test,64,0,0,0,0.009140057349125097
selector_g64,cahn_hilliard__looped__correct__s8303__none,looped,none,cahn_hilliard,correct,test,96,0,0,0,0.01830740459947115
selector_g64,cahn_hilliard__looped__correct__s8303__none,looped,none,cahn_hilliard,correct,ood,64,0,0,0,0.1847762378955622
selector_g64,cahn_hilliard__looped__correct__s8303__none,looped,none,cahn_hilliard,correct,ood,96,0,0,0,0.3167965879637601
selector_g64,cahn_hilliard__looped__correct__s8303__response_matched,looped,response_matched,cahn_hilliard,correct,test,64,0,0,0,0.005421538777783119
selector_g64,cahn_hilliard__looped__correct__s8303__response_matched,looped,response_matched,cahn_hilliard,correct,test,96,0,0,0,0.010887092152606265
selector_g64,cahn_hilliard__looped__correct__s8303__response_matched,looped,response_matched,cahn_hilliard,correct,ood,64,0,0,0,0.9242315781886674
selector_g64,cahn_hilliard__looped__correct__s8303__response_matched,looped,response_matched,cahn_hilliard,correct,ood,96,0,0,0,1.420558009071224
selector_g64,cahn_hilliard__looped__correct__s8303__smooth,looped,smooth,cahn_hilliard,correct,test,64,0,0,0,0.0028523121409681253
selector_g64,cahn_hilliard__looped__correct__s8303__smooth,looped,smooth,cahn_hilliard,correct,test,96,0,0,0,0.0041190836184117185
selector_g64,cahn_hilliard__looped__correct__s8303__smooth,looped,smooth,cahn_hilliard,correct,ood,64,0,0,0,0.1902870398183527
selector_g64,cahn_hilliard__looped__correct__s8303__smooth,looped,smooth,cahn_hilliard,correct,ood,96,0,0,0,0.34920247648148595
selector_g64,cahn_hilliard__looped__correct__s8404__iid,looped,iid,cahn_hilliard,correct,test,64,0,0,0,0.0056034573261593
selector_g64,cahn_hilliard__looped__correct__s8404__iid,looped,iid,cahn_hilliard,correct,test,96,0,0,0,0.00992783707727048
selector_g64,cahn_hilliard__looped__correct__s8404__iid,looped,iid,cahn_hilliard,correct,ood,64,0,0,0,0.7142377244951206
selector_g64,cahn_hilliard__looped__correct__s8404__iid,looped,iid,cahn_hilliard,correct,ood,96,0,0,0,1.0568056868351998
selector_g64,cahn_hilliard__looped__correct__s8404__none,looped,none,cahn_hilliard,correct,test,64,0,0,0,0.006737281133286553
selector_g64,cahn_hilliard__looped__correct__s8404__none,looped,none,cahn_hilliard,correct,test,96,0,0,0,0.012041770670570825
selector_g64,cahn_hilliard__looped__correct__s8404__none,looped,none,cahn_hilliard,correct,ood,64,0,0,0,0.21445633051622615
selector_g64,cahn_hilliard__looped__correct__s8404__none,looped,none,cahn_hilliard,correct,ood,96,0,0,0,0.3677967485108115
selector_g64,cahn_hilliard__looped__correct__s8404__response_matched,looped,response_matched,cahn_hilliard,correct,test,64,0,0,0,0.010755816786893468
selector_g64,cahn_hilliard__looped__correct__s8404__response_matched,looped,response_matched,cahn_hilliard,correct,test,96,0,0,0,0.024295111675833245
selector_g64,cahn_hilliard__looped__correct__s8404__response_matched,looped,response_matched,cahn_hilliard,correct,ood,64,0,0,0,0.8657306986747244
selector_g64,cahn_hilliard__looped__correct__s8404__response_matched,looped,response_matched,cahn_hilliard,correct,ood,96,0,0,0,1.2219790141507474
selector_g64,cahn_hilliard__looped__correct__s8404__smooth,looped,smooth,cahn_hilliard,correct,test,64,0,0,0,0.006795050207342279
selector_g64,cahn_hilliard__looped__correct__s8404__smooth,looped,smooth,cahn_hilliard,correct,test,96,0,0,0,0.012044975227987717
selector_g64,cahn_hilliard__looped__correct__s8404__smooth,looped,smooth,cahn_hilliard,correct,ood,64,0,0,0,0.2159159008152498
selector_g64,cahn_hilliard__looped__correct__s8404__smooth,looped,smooth,cahn_hilliard,correct,ood,96,0,0,0,0.37100681538389024
selector_g64,cahn_hilliard__looped__correct__s8505__iid,looped,iid,cahn_hilliard,correct,test,64,0,0,0,0.013116779880390131
selector_g64,cahn_hilliard__looped__correct__s8505__iid,looped,iid,cahn_hilliard,correct,test,96,0,0,0,0.02802976706923633
selector_g64,cahn_hilliard__looped__correct__s8505__iid,looped,iid,cahn_hilliard,correct,ood,64,0,0,0,0.1887816207217714
selector_g64,cahn_hilliard__looped__correct__s8505__iid,looped,iid,cahn_hilliard,correct,ood,96,0,0,0,0.32265416498193267
selector_g64,cahn_hilliard__looped__correct__s8505__none,looped,none,cahn_hilliard,correct,test,64,0,0,0,0.00497332383566676
selector_g64,cahn_hilliard__looped__correct__s8505__none,looped,none,cahn_hilliard,correct,test,96,0,0,0,0.008531366576493468
selector_g64,cahn_hilliard__looped__correct__s8505__none,looped,none,cahn_hilliard,correct,ood,64,0,0,0,0.18590589448475914
selector_g64,cahn_hilliard__looped__correct__s8505__none,looped,none,cahn_hilliard,correct,ood,96,0,0,0,0.3110441756495922
selector_g64,cahn_hilliard__looped__correct__s8505__response_matched,looped,response_matched,cahn_hilliard,correct,test,64,0,0,0,0.021442699055243875
selector_g64,cahn_hilliard__looped__correct__s8505__response_matched,looped,response_matched,cahn_hilliard,correct,test,96,0,0,0,0.043788732707422603
selector_g64,cahn_hilliard__looped__correct__s8505__response_matched,looped,response_matched,cahn_hilliard,correct,ood,64,0,0,0,1.5411818033890086
selector_g64,cahn_hilliard__looped__correct__s8505__response_matched,looped,response_matched,cahn_hilliard,correct,ood,96,0,0,0,1.890685713252727
selector_g64,cahn_hilliard__looped__correct__s8505__smooth,looped,smooth,cahn_hilliard,correct,test,64,0,0,0,0.004557225964971684
selector_g64,cahn_hilliard__looped__correct__s8505__smooth,looped,smooth,cahn_hilliard,correct,test,96,0,0,0,0.006895728193672808
selector_g64,cahn_hilliard__looped__correct__s8505__smooth,looped,smooth,cahn_hilliard,correct,ood,64,0,0,0,0.22822855343228632
selector_g64,cahn_hilliard__looped__correct__s8505__smooth,looped,smooth,cahn_hilliard,correct,ood,96,0,0,0,0.38696957870542664
selector_g64,cahn_hilliard__looped__correct__s8606__iid,looped,iid,cahn_hilliard,correct,test,64,0,0,0,0.0033464107936035103
selector_g64,cahn_hilliard__looped__correct__s8606__iid,looped,iid,cahn_hilliard,correct,test,96,0,0,0,0.006072271794846614
selector_g64,cahn_hilliard__looped__correct__s8606__iid,looped,iid,cahn_hilliard,correct,ood,64,0,0,0,0.4759471235512365
selector_g64,cahn_hilliard__looped__correct__s8606__iid,looped,iid,cahn_hilliard,correct,ood,96,0,0,0,0.7981237640991974
selector_g64,cahn_hilliard__looped__correct__s8606__none,looped,none,cahn_hilliard,correct,test,64,0,0,0,0.004147252093553308
selector_g64,cahn_hilliard__looped__correct__s8606__none,looped,none,cahn_hilliard,correct,test,96,0,0,0,0.006995164207462629
selector_g64,cahn_hilliard__looped__correct__s8606__none,looped,none,cahn_hilliard,correct,ood,64,0,0,0,0.17241482458012336
selector_g64,cahn_hilliard__looped__correct__s8606__none,looped,none,cahn_hilliard,correct,ood,96,0,0,0,0.29076774984108544
selector_g64,cahn_hilliard__looped__correct__s8606__response_matched,looped,response_matched,cahn_hilliard,correct,test,64,0,0,0,0.005937409486768741
selector_g64,cahn_hilliard__looped__correct__s8606__response_matched,looped,response_matched,cahn_hilliard,correct,test,96,0,0,0,0.011626747687922193
selector_g64,cahn_hilliard__looped__correct__s8606__response_matched,looped,response_matched,cahn_hilliard,correct,ood,64,0,0,0,0.9750531844277077
selector_g64,cahn_hilliard__looped__correct__s8606__response_matched,looped,response_matched,cahn_hilliard,correct,ood,96,0,0,0,1.4281331368803762
selector_g64,cahn_hilliard__looped__correct__s8606__smooth,looped,smooth,cahn_hilliard,correct,test,64,0,0,0,0.002916127761844467
selector_g64,cahn_hilliard__looped__correct__s8606__smooth,looped,smooth,cahn_hilliard,correct,test,96,0,0,0,0.003924912302926649
selector_g64,cahn_hilliard__looped__correct__s8606__smooth,looped,smooth,cahn_hilliard,correct,ood,64,0,0,0,0.19550326543479946
selector_g64,cahn_hilliard__looped__correct__s8606__smooth,looped,smooth,cahn_hilliard,correct,ood,96,0,0,0,0.353391129953852
selector_g64,cahn_hilliard__looped__structural__s8101__iid,looped,iid,cahn_hilliard,structural,test,64,0,0,0,0.00824673762899436
selector_g64,cahn_hilliard__looped__structural__s8101__iid,looped,iid,cahn_hilliard,structural,test,96,0,0,0,0.015411677642940158
selector_g64,cahn_hilliard__looped__structural__s8101__iid,looped,iid,cahn_hilliard,structural,ood,64,0,0,0,0.6298986798966837
selector_g64,cahn_hilliard__looped__structural__s8101__iid,looped,iid,cahn_hilliard,structural,ood,96,0,0,0,0.9962645175905323
selector_g64,cahn_hilliard__looped__structural__s8101__none,looped,none,cahn_hilliard,structural,test,64,0,0,0,0.0055344448772605345
selector_g64,cahn_hilliard__looped__structural__s8101__none,looped,none,cahn_hilliard,structural,test,96,0,0,0,0.009994220671665532
selector_g64,cahn_hilliard__looped__structural__s8101__none,looped,none,cahn_hilliard,structural,ood,64,0,0,0,0.31353744129280514
selector_g64,cahn_hilliard__looped__structural__s8101__none,looped,none,cahn_hilliard,structural,ood,96,0,0,0,0.5717133881581044
selector_g64,cahn_hilliard__looped__structural__s8101__response_matched,looped,response_matched,cahn_hilliard,structural,test,64,0,0,0,0.009999019170821799
selector_g64,cahn_hilliard__looped__structural__s8101__response_matched,looped,response_matched,cahn_hilliard,structural,test,96,0,0,0,0.021155596945903854
selector_g64,cahn_hilliard__looped__structural__s8101__response_matched,looped,response_matched,cahn_hilliard,structural,ood,64,0,0,0,0.7746139263072109
selector_g64,cahn_hilliard__looped__structural__s8101__response_matched,looped,response_matched,cahn_hilliard,structural,ood,96,0,0,0,1.1286958743221476
selector_g64,cahn_hilliard__looped__structural__s8101__smooth,looped,smooth,cahn_hilliard,structural,test,64,0,0,0,0.007484824028921585
selector_g64,cahn_hilliard__looped__structural__s8101__smooth,looped,smooth,cahn_hilliard,structural,test,96,0,0,0,0.01538346915695395
selector_g64,cahn_hilliard__looped__structural__s8101__smooth,looped,smooth,cahn_hilliard,structural,ood,64,0,0,0,0.18147751302847226
selector_g64,cahn_hilliard__looped__structural__s8101__smooth,looped,smooth,cahn_hilliard,structural,ood,96,0,0,0,0.3169702395017495
selector_g64,cahn_hilliard__looped__structural__s8202__iid,looped,iid,cahn_hilliard,structural,test,64,0,0,0,0.0077200200915080175
selector_g64,cahn_hilliard__looped__structural__s8202__iid,looped,iid,cahn_hilliard,structural,test,96,0,0,0,0.014463671433662305
selector_g64,cahn_hilliard__looped__structural__s8202__iid,looped,iid,cahn_hilliard,structural,ood,64,0,0,0,0.5627744996436235
selector_g64,cahn_hilliard__looped__structural__s8202__iid,looped,iid,cahn_hilliard,structural,ood,96,0,0,0,0.8612187738653934
selector_g64,cahn_hilliard__looped__structural__s8202__none,looped,none,cahn_hilliard,structural,test,64,0,0,0,0.005086930987249029
selector_g64,cahn_hilliard__looped__structural__s8202__none,looped,none,cahn_hilliard,structural,test,96,0,0,0,0.009031057285930035
selector_g64,cahn_hilliard__looped__structural__s8202__none,looped,none,cahn_hilliard,structural,ood,64,0,0,0,0.19635201695781745
selector_g64,cahn_hilliard__looped__structural__s8202__none,looped,none,cahn_hilliard,structural,ood,96,0,0,0,0.3331955257298679
selector_g64,cahn_hilliard__looped__structural__s8202__response_matched,looped,response_matched,cahn_hilliard,structural,test,64,0,0,0,0.007669152365733289
selector_g64,cahn_hilliard__looped__structural__s8202__response_matched,looped,response_matched,cahn_hilliard,structural,test,96,0,0,0,0.014867469163635978
selector_g64,cahn_hilliard__looped__structural__s8202__response_matched,looped,response_matched,cahn_hilliard,structural,ood,64,0,0,0,0.4416706200444622
selector_g64,cahn_hilliard__looped__structural__s8202__response_matched,looped,response_matched,cahn_hilliard,structural,ood,96,0,0,0,0.6905477043885924
selector_g64,cahn_hilliard__looped__structural__s8202__smooth,looped,smooth,cahn_hilliard,structural,test,64,0,0,0,0.012236497300970362
selector_g64,cahn_hilliard__looped__structural__s8202__smooth,looped,smooth,cahn_hilliard,structural,test,96,0,0,0,0.02795077311955329
selector_g64,cahn_hilliard__looped__structural__s8202__smooth,looped,smooth,cahn_hilliard,structural,ood,64,0,0,0,0.08877229104890572
selector_g64,cahn_hilliard__looped__structural__s8202__smooth,looped,smooth,cahn_hilliard,structural,ood,96,0,0,0,0.13636450718064053
selector_g64,cahn_hilliard__looped__structural__s8303__iid,looped,iid,cahn_hilliard,structural,test,64,0,0,0,0.01057452118383262
selector_g64,cahn_hilliard__looped__structural__s8303__iid,looped,iid,cahn_hilliard,structural,test,96,0,0,0,0.019707000035835698
selector_g64,cahn_hilliard__looped__structural__s8303__iid,looped,iid,cahn_hilliard,structural,ood,64,0,0,0,0.33287973747285804
selector_g64,cahn_hilliard__looped__structural__s8303__iid,looped,iid,cahn_hilliard,structural,ood,96,0,0,0,0.5765328926235753
selector_g64,cahn_hilliard__looped__structural__s8303__none,looped,none,cahn_hilliard,structural,test,64,0,0,0,0.009140057349125097
selector_g64,cahn_hilliard__looped__structural__s8303__none,looped,none,cahn_hilliard,structural,test,96,0,0,0,0.01830740459947115
selector_g64,cahn_hilliard__looped__structural__s8303__none,looped,none,cahn_hilliard,structural,ood,64,0,0,0,0.1847762378955622
selector_g64,cahn_hilliard__looped__structural__s8303__none,looped,none,cahn_hilliard,structural,ood,96,0,0,0,0.3167965879637601
selector_g64,cahn_hilliard__looped__structural__s8303__response_matched,looped,response_matched,cahn_hilliard,structural,test,64,0,0,0,0.007701043545256581
selector_g64,cahn_hilliard__looped__structural__s8303__response_matched,looped,response_matched,cahn_hilliard,structural,test,96,0,0,0,0.01439172780617744
selector_g64,cahn_hilliard__looped__structural__s8303__response_matched,looped,response_matched,cahn_hilliard,structural,ood,64,0,0,0,0.49565408113024034
selector_g64,cahn_hilliard__looped__structural__s8303__response_matched,looped,response_matched,cahn_hilliard,structural,ood,96,0,0,0,0.8020113828857138
selector_g64,cahn_hilliard__looped__structural__s8303__smooth,looped,smooth,cahn_hilliard,structural,test,64,0,0,0,0.006740089621091398
selector_g64,cahn_hilliard__looped__structural__s8303__smooth,looped,smooth,cahn_hilliard,structural,test,96,0,0,0,0.013735875253218986
selector_g64,cahn_hilliard__looped__structural__s8303__smooth,looped,smooth,cahn_hilliard,structural,ood,64,0,0,0,0.13979346394201908
selector_g64,cahn_hilliard__looped__structural__s8303__smooth,looped,smooth,cahn_hilliard,structural,ood,96,0,0,0,0.22615526053858953
selector_g64,cahn_hilliard__looped__structural__s8404__iid,looped,iid,cahn_hilliard,structural,test,64,0,0,0,0.016214464635628922
selector_g64,cahn_hilliard__looped__structural__s8404__iid,looped,iid,cahn_hilliard,structural,test,96,0,0,0,0.03417361308036819
selector_g64,cahn_hilliard__looped__structural__s8404__iid,looped,iid,cahn_hilliard,structural,ood,64,0,0,0,0.13444811915986066
selector_g64,cahn_hilliard__looped__structural__s8404__iid,looped,iid,cahn_hilliard,structural,ood,96,0,0,0,0.21422985011842682
selector_g64,cahn_hilliard__looped__structural__s8404__none,looped,none,cahn_hilliard,structural,test,64,0,0,0,0.006737281133286553
selector_g64,cahn_hilliard__looped__structural__s8404__none,looped,none,cahn_hilliard,structural,test,96,0,0,0,0.012041770670570825
selector_g64,cahn_hilliard__looped__structural__s8404__none,looped,none,cahn_hilliard,structural,ood,64,0,0,0,0.21445633051622615
selector_g64,cahn_hilliard__looped__structural__s8404__none,looped,none,cahn_hilliard,structural,ood,96,0,0,0,0.3677967485108115
selector_g64,cahn_hilliard__looped__structural__s8404__response_matched,looped,response_matched,cahn_hilliard,structural,test,64,0,0,0,0.007163797283874895
selector_g64,cahn_hilliard__looped__structural__s8404__response_matched,looped,response_matched,cahn_hilliard,structural,test,96,0,0,0,0.015866612624578967
selector_g64,cahn_hilliard__looped__structural__s8404__response_matched,looped,response_matched,cahn_hilliard,structural,ood,64,0,0,0,0.8304594810999504
selector_g64,cahn_hilliard__looped__structural__s8404__response_matched,looped,response_matched,cahn_hilliard,structural,ood,96,0,0,0,1.2534495251761466
selector_g64,cahn_hilliard__looped__structural__s8404__smooth,looped,smooth,cahn_hilliard,structural,test,64,0,0,0,0.011285812574371341
selector_g64,cahn_hilliard__looped__structural__s8404__smooth,looped,smooth,cahn_hilliard,structural,test,96,0,0,0,0.025200385541467092
selector_g64,cahn_hilliard__looped__structural__s8404__smooth,looped,smooth,cahn_hilliard,structural,ood,64,0,0,0,0.12314414679211438
selector_g64,cahn_hilliard__looped__structural__s8404__smooth,looped,smooth,cahn_hilliard,structural,ood,96,0,0,0,0.20325187492228264
selector_g64,cahn_hilliard__looped__structural__s8505__iid,looped,iid,cahn_hilliard,structural,test,64,0,0,0,0.013201994017482496
selector_g64,cahn_hilliard__looped__structural__s8505__iid,looped,iid,cahn_hilliard,structural,test,96,0,0,0,0.026864063474735418
selector_g64,cahn_hilliard__looped__structural__s8505__iid,looped,iid,cahn_hilliard,structural,ood,64,0,0,0,0.14335538078965016
selector_g64,cahn_hilliard__looped__structural__s8505__iid,looped,iid,cahn_hilliard,structural,ood,96,0,0,0,0.23252965450863883
selector_g64,cahn_hilliard__looped__structural__s8505__none,looped,none,cahn_hilliard,structural,test,64,0,0,0,0.00497332383566676
selector_g64,cahn_hilliard__looped__structural__s8505__none,looped,none,cahn_hilliard,structural,test,96,0,0,0,0.008531366576493468
selector_g64,cahn_hilliard__looped__structural__s8505__none,looped,none,cahn_hilliard,structural,ood,64,0,0,0,0.18590589448475914
selector_g64,cahn_hilliard__looped__structural__s8505__none,looped,none,cahn_hilliard,structural,ood,96,0,0,0,0.3110441756495922
selector_g64,cahn_hilliard__looped__structural__s8505__response_matched,looped,response_matched,cahn_hilliard,structural,test,64,0,0,0,0.025749695371965586
selector_g64,cahn_hilliard__looped__structural__s8505__response_matched,looped,response_matched,cahn_hilliard,structural,test,96,0,0,0,0.05797947492497832
selector_g64,cahn_hilliard__looped__structural__s8505__response_matched,looped,response_matched,cahn_hilliard,structural,ood,64,0,0,0,2.8890696324478995
selector_g64,cahn_hilliard__looped__structural__s8505__response_matched,looped,response_matched,cahn_hilliard,structural,ood,96,0,0,0,3.5029456385473168
selector_g64,cahn_hilliard__looped__structural__s8505__smooth,looped,smooth,cahn_hilliard,structural,test,64,0,0,0,0.012940065807462181
selector_g64,cahn_hilliard__looped__structural__s8505__smooth,looped,smooth,cahn_hilliard,structural,test,96,0,0,0,0.0287883613716857
selector_g64,cahn_hilliard__looped__structural__s8505__smooth,looped,smooth,cahn_hilliard,structural,ood,64,0,0,0,0.0766328052996822
selector_g64,cahn_hilliard__looped__structural__s8505__smooth,looped,smooth,cahn_hilliard,structural,ood,96,0,0,0,0.12202317435676066
selector_g64,cahn_hilliard__looped__structural__s8606__iid,looped,iid,cahn_hilliard,structural,test,64,0,0,0,0.01009006570403953
selector_g64,cahn_hilliard__looped__structural__s8606__iid,looped,iid,cahn_hilliard,structural,test,96,0,0,0,0.019691642631143497
selector_g64,cahn_hilliard__looped__structural__s8606__iid,looped,iid,cahn_hilliard,structural,ood,64,0,0,0,0.4376788914246319
selector_g64,cahn_hilliard__looped__structural__s8606__iid,looped,iid,cahn_hilliard,structural,ood,96,0,0,0,0.8776429860919611
selector_g64,cahn_hilliard__looped__structural__s8606__none,looped,none,cahn_hilliard,structural,test,64,0,0,0,0.004147252093553308
selector_g64,cahn_hilliard__looped__structural__s8606__none,looped,none,cahn_hilliard,structural,test,96,0,0,0,0.006995164207462629
selector_g64,cahn_hilliard__looped__structural__s8606__none,looped,none,cahn_hilliard,structural,ood,64,0,0,0,0.17241482458012336
selector_g64,cahn_hilliard__looped__structural__s8606__none,looped,none,cahn_hilliard,structural,ood,96,0,0,0,0.29076774984108544
selector_g64,cahn_hilliard__looped__structural__s8606__response_matched,looped,response_matched,cahn_hilliard,structural,test,64,0,0,0,0.00919575816601187
selector_g64,cahn_hilliard__looped__structural__s8606__response_matched,looped,response_matched,cahn_hilliard,structural,test,96,0,0,0,0.01828522122752696
selector_g64,cahn_hilliard__looped__structural__s8606__response_matched,looped,response_matched,cahn_hilliard,structural,ood,64,0,0,0,1.049821229976672
selector_g64,cahn_hilliard__looped__structural__s8606__response_matched,looped,response_matched,cahn_hilliard,structural,ood,96,0,0,0,1.5901413295295868
selector_g64,cahn_hilliard__looped__structural__s8606__smooth,looped,smooth,cahn_hilliard,structural,test,64,0,0,0,0.010074623467589361
selector_g64,cahn_hilliard__looped__structural__s8606__smooth,looped,smooth,cahn_hilliard,structural,test,96,0,0,0,0.022113281041650962
selector_g64,cahn_hilliard__looped__structural__s8606__smooth,looped,smooth,cahn_hilliard,structural,ood,64,0,0,0,0.09693694186307811
selector_g64,cahn_hilliard__looped__structural__s8606__smooth,looped,smooth,cahn_hilliard,structural,ood,96,0,0,0,0.149350065769189
selector_g64,cahn_hilliard__transformer__coefficient__s8101__iid,transformer,iid,cahn_hilliard,coefficient,test,64,0,0,0,0.0069328745112941514
selector_g64,cahn_hilliard__transformer__coefficient__s8101__iid,transformer,iid,cahn_hilliard,coefficient,test,96,0,0,0,0.013962625370700773
selector_g64,cahn_hilliard__transformer__coefficient__s8101__iid,transformer,iid,cahn_hilliard,coefficient,ood,64,0,0,0,0.6781588005311932
selector_g64,cahn_hilliard__transformer__coefficient__s8101__iid,transformer,iid,cahn_hilliard,coefficient,ood,96,0,0,0,1.0194018801986335
selector_g64,cahn_hilliard__transformer__coefficient__s8101__none,transformer,none,cahn_hilliard,coefficient,test,64,0,0,0,0.005048087267647966
selector_g64,cahn_hilliard__transformer__coefficient__s8101__none,transformer,none,cahn_hilliard,coefficient,test,96,0,0,0,0.009115675246672506
selector_g64,cahn_hilliard__transformer__coefficient__s8101__none,transformer,none,cahn_hilliard,coefficient,ood,64,0,0,0,0.2719008820083362
selector_g64,cahn_hilliard__transformer__coefficient__s8101__none,transformer,none,cahn_hilliard,coefficient,ood,96,0,0,0,0.5012780628523104
selector_g64,cahn_hilliard__transformer__coefficient__s8101__response_matched,transformer,response_matched,cahn_hilliard,coefficient,test,64,0,0,0,0.016781199280223147
selector_g64,cahn_hilliard__transformer__coefficient__s8101__response_matched,transformer,response_matched,cahn_hilliard,coefficient,test,96,0,0,0,0.03583061675787672
selector_g64,cahn_hilliard__transformer__coefficient__s8101__response_matched,transformer,response_matched,cahn_hilliard,coefficient,ood,64,0,0,0,0.8477333712407926
selector_g64,cahn_hilliard__transformer__coefficient__s8101__response_matched,transformer,response_matched,cahn_hilliard,coefficient,ood,96,0,0,0,1.1529032767800043
selector_g64,cahn_hilliard__transformer__coefficient__s8101__smooth,transformer,smooth,cahn_hilliard,coefficient,test,64,0,0,0,0.004918289538392198
selector_g64,cahn_hilliard__transformer__coefficient__s8101__smooth,transformer,smooth,cahn_hilliard,coefficient,test,96,0,0,0,0.009438626093610025
selector_g64,cahn_hilliard__transformer__coefficient__s8101__smooth,transformer,smooth,cahn_hilliard,coefficient,ood,64,0,0,0,0.3494380359468625
selector_g64,cahn_hilliard__transformer__coefficient__s8101__smooth,transformer,smooth,cahn_hilliard,coefficient,ood,96,0,0,0,0.6417626222627
selector_g64,cahn_hilliard__transformer__coefficient__s8202__iid,transformer,iid,cahn_hilliard,coefficient,test,64,0,0,0,0.007451957692382827
selector_g64,cahn_hilliard__transformer__coefficient__s8202__iid,transformer,iid,cahn_hilliard,coefficient,test,96,0,0,0,0.014945933401274777
selector_g64,cahn_hilliard__transformer__coefficient__s8202__iid,transformer,iid,cahn_hilliard,coefficient,ood,64,0,0,0,0.659739220348385
selector_g64,cahn_hilliard__transformer__coefficient__s8202__iid,transformer,iid,cahn_hilliard,coefficient,ood,96,0,0,0,1.0355660662419552
selector_g64,cahn_hilliard__transformer__coefficient__s8202__none,transformer,none,cahn_hilliard,coefficient,test,64,0,0,0,0.0032079318647051866
selector_g64,cahn_hilliard__transformer__coefficient__s8202__none,transformer,none,cahn_hilliard,coefficient,test,96,0,0,0,0.00535243109829571
selector_g64,cahn_hilliard__transformer__coefficient__s8202__none,transformer,none,cahn_hilliard,coefficient,ood,64,0,0,0,0.17212207170629767
selector_g64,cahn_hilliard__transformer__coefficient__s8202__none,transformer,none,cahn_hilliard,coefficient,ood,96,0,0,0,0.28919379042415966
selector_g64,cahn_hilliard__transformer__coefficient__s8202__response_matched,transformer,response_matched,cahn_hilliard,coefficient,test,64,0,0,0,0.015138384334413502
selector_g64,cahn_hilliard__transformer__coefficient__s8202__response_matched,transformer,response_matched,cahn_hilliard,coefficient,test,96,0,0,0,0.034268661774371864
selector_g64,cahn_hilliard__transformer__coefficient__s8202__response_matched,transformer,response_matched,cahn_hilliard,coefficient,ood,64,0,0,0,0.8681004535156944
selector_g64,cahn_hilliard__transformer__coefficient__s8202__response_matched,transformer,response_matched,cahn_hilliard,coefficient,ood,96,0,0,0,1.177827984413625
selector_g64,cahn_hilliard__transformer__coefficient__s8202__smooth,transformer,smooth,cahn_hilliard,coefficient,test,64,0,0,0,0.004572009162277735
selector_g64,cahn_hilliard__transformer__coefficient__s8202__smooth,transformer,smooth,cahn_hilliard,coefficient,test,96,0,0,0,0.00883191084993255
selector_g64,cahn_hilliard__transformer__coefficient__s8202__smooth,transformer,smooth,cahn_hilliard,coefficient,ood,64,0,0,0,0.49344010990061093
selector_g64,cahn_hilliard__transformer__coefficient__s8202__smooth,transformer,smooth,cahn_hilliard,coefficient,ood,96,0,0,0,0.8683277763477169
selector_g64,cahn_hilliard__transformer__coefficient__s8303__iid,transformer,iid,cahn_hilliard,coefficient,test,64,0,0,0,0.0037866421416836715
selector_g64,cahn_hilliard__transformer__coefficient__s8303__iid,transformer,iid,cahn_hilliard,coefficient,test,96,0,0,0,0.007062790927292895
selector_g64,cahn_hilliard__transformer__coefficient__s8303__iid,transformer,iid,cahn_hilliard,coefficient,ood,64,0,0,0,0.7106234919133954
selector_g64,cahn_hilliard__transformer__coefficient__s8303__iid,transformer,iid,cahn_hilliard,coefficient,ood,96,0,0,0,1.0466714705553766
selector_g64,cahn_hilliard__transformer__coefficient__s8303__none,transformer,none,cahn_hilliard,coefficient,test,64,0,0,0,0.006757440425700013
selector_g64,cahn_hilliard__transformer__coefficient__s8303__none,transformer,none,cahn_hilliard,coefficient,test,96,0,0,0,0.013040726093814112
selector_g64,cahn_hilliard__transformer__coefficient__s8303__none,transformer,none,cahn_hilliard,coefficient,ood,64,0,0,0,0.19291051785366964
selector_g64,cahn_hilliard__transformer__coefficient__s8303__none,transformer,none,cahn_hilliard,coefficient,ood,96,0,0,0,0.3325109370904098
selector_g64,cahn_hilliard__transformer__coefficient__s8303__response_matched,transformer,response_matched,cahn_hilliard,coefficient,test,64,0,0,0,0.015264945373373306
selector_g64,cahn_hilliard__transformer__coefficient__s8303__response_matched,transformer,response_matched,cahn_hilliard,coefficient,test,96,0,0,0,0.033415965706703535
selector_g64,cahn_hilliard__transformer__coefficient__s8303__response_matched,transformer,response_matched,cahn_hilliard,coefficient,ood,64,0,0,0,1.4120443650040215
selector_g64,cahn_hilliard__transformer__coefficient__s8303__response_matched,transformer,response_matched,cahn_hilliard,coefficient,ood,96,0,0,0,1.9111927569911131
selector_g64,cahn_hilliard__transformer__coefficient__s8303__smooth,transformer,smooth,cahn_hilliard,coefficient,test,64,0,0,0,0.005098521247729124
selector_g64,cahn_hilliard__transformer__coefficient__s8303__smooth,transformer,smooth,cahn_hilliard,coefficient,test,96,0,0,0,0.010343606411669603
selector_g64,cahn_hilliard__transformer__coefficient__s8303__smooth,transformer,smooth,cahn_hilliard,coefficient,ood,64,0,0,0,0.20596988385940573
selector_g64,cahn_hilliard__transformer__coefficient__s8303__smooth,transformer,smooth,cahn_hilliard,coefficient,ood,96,0,0,0,0.35660833839397965
selector_g64,cahn_hilliard__transformer__coefficient__s8404__iid,transformer,iid,cahn_hilliard,coefficient,test,64,0,0,0,0.010918904548663955
selector_g64,cahn_hilliard__transformer__coefficient__s8404__iid,transformer,iid,cahn_hilliard,coefficient,test,96,0,0,0,0.022103639564328297
selector_g64,cahn_hilliard__transformer__coefficient__s8404__iid,transformer,iid,cahn_hilliard,coefficient,ood,64,0,0,0,0.5986791404229734
selector_g64,cahn_hilliard__transformer__coefficient__s8404__iid,transformer,iid,cahn_hilliard,coefficient,ood,96,0,0,0,0.9285646941534651
selector_g64,cahn_hilliard__transformer__coefficient__s8404__none,transformer,none,cahn_hilliard,coefficient,test,64,0,0,0,0.0030488813056704644
selector_g64,cahn_hilliard__transformer__coefficient__s8404__none,transformer,none,cahn_hilliard,coefficient,test,96,0,0,0,0.005109561943553701
selector_g64,cahn_hilliard__transformer__coefficient__s8404__none,transformer,none,cahn_hilliard,coefficient,ood,64,0,0,0,0.21200274409450692
selector_g64,cahn_hilliard__transformer__coefficient__s8404__none,transformer,none,cahn_hilliard,coefficient,ood,96,0,0,0,0.36945153667592123
selector_g64,cahn_hilliard__transformer__coefficient__s8404__response_matched,transformer,response_matched,cahn_hilliard,coefficient,test,64,0,0,0,0.012238360497644263
selector_g64,cahn_hilliard__transformer__coefficient__s8404__response_matched,transformer,response_matched,cahn_hilliard,coefficient,test,96,0,0,0,0.027559102412432496
selector_g64,cahn_hilliard__transformer__coefficient__s8404__response_matched,transformer,response_matched,cahn_hilliard,coefficient,ood,64,0,0,0,0.833191598684266
selector_g64,cahn_hilliard__transformer__coefficient__s8404__response_matched,transformer,response_matched,cahn_hilliard,coefficient,ood,96,0,0,0,1.1672621337775886
selector_g64,cahn_hilliard__transformer__coefficient__s8404__smooth,transformer,smooth,cahn_hilliard,coefficient,test,64,0,0,0,0.004382920749104749
selector_g64,cahn_hilliard__transformer__coefficient__s8404__smooth,transformer,smooth,cahn_hilliard,coefficient,test,96,0,0,0,0.008400024583927534
selector_g64,cahn_hilliard__transformer__coefficient__s8404__smooth,transformer,smooth,cahn_hilliard,coefficient,ood,64,0,0,0,0.1297418711696836
selector_g64,cahn_hilliard__transformer__coefficient__s8404__smooth,transformer,smooth,cahn_hilliard,coefficient,ood,96,0,0,0,0.21273597968955857
selector_g64,cahn_hilliard__transformer__coefficient__s8505__iid,transformer,iid,cahn_hilliard,coefficient,test,64,0,0,0,0.00777319843566171
selector_g64,cahn_hilliard__transformer__coefficient__s8505__iid,transformer,iid,cahn_hilliard,coefficient,test,96,0,0,0,0.01624030109363443
selector_g64,cahn_hilliard__transformer__coefficient__s8505__iid,transformer,iid,cahn_hilliard,coefficient,ood,64,0,0,0,0.6526950883048173
selector_g64,cahn_hilliard__transformer__coefficient__s8505__iid,transformer,iid,cahn_hilliard,coefficient,ood,96,0,0,0,1.0024490939270312
selector_g64,cahn_hilliard__transformer__coefficient__s8505__none,transformer,none,cahn_hilliard,coefficient,test,64,0,0,0,0.003797253037324262
selector_g64,cahn_hilliard__transformer__coefficient__s8505__none,transformer,none,cahn_hilliard,coefficient,test,96,0,0,0,0.006565497628025019
selector_g64,cahn_hilliard__transformer__coefficient__s8505__none,transformer,none,cahn_hilliard,coefficient,ood,64,0,0,0,0.14908061891797897
selector_g64,cahn_hilliard__transformer__coefficient__s8505__none,transformer,none,cahn_hilliard,coefficient,ood,96,0,0,0,0.24519219718201724
selector_g64,cahn_hilliard__transformer__coefficient__s8505__response_matched,transformer,response_matched,cahn_hilliard,coefficient,test,64,0,0,0,0.01587662017501812
selector_g64,cahn_hilliard__transformer__coefficient__s8505__response_matched,transformer,response_matched,cahn_hilliard,coefficient,test,96,0,0,0,0.03633474874610735
selector_g64,cahn_hilliard__transformer__coefficient__s8505__response_matched,transformer,response_matched,cahn_hilliard,coefficient,ood,64,0,0,0,0.7295191251004667
selector_g64,cahn_hilliard__transformer__coefficient__s8505__response_matched,transformer,response_matched,cahn_hilliard,coefficient,ood,96,0,0,0,1.0236944884799946
selector_g64,cahn_hilliard__transformer__coefficient__s8505__smooth,transformer,smooth,cahn_hilliard,coefficient,test,64,0,0,0,0.004467676440235595
selector_g64,cahn_hilliard__transformer__coefficient__s8505__smooth,transformer,smooth,cahn_hilliard,coefficient,test,96,0,0,0,0.008710711175121968
selector_g64,cahn_hilliard__transformer__coefficient__s8505__smooth,transformer,smooth,cahn_hilliard,coefficient,ood,64,0,0,0,0.18230206965241824
selector_g64,cahn_hilliard__transformer__coefficient__s8505__smooth,transformer,smooth,cahn_hilliard,coefficient,ood,96,0,0,0,0.3095674083127136
selector_g64,cahn_hilliard__transformer__coefficient__s8606__iid,transformer,iid,cahn_hilliard,coefficient,test,64,0,0,0,0.0031430274247066514
selector_g64,cahn_hilliard__transformer__coefficient__s8606__iid,transformer,iid,cahn_hilliard,coefficient,test,96,0,0,0,0.007385590167080755
selector_g64,cahn_hilliard__transformer__coefficient__s8606__iid,transformer,iid,cahn_hilliard,coefficient,ood,64,0,0,0,0.5149058371119395
selector_g64,cahn_hilliard__transformer__coefficient__s8606__iid,transformer,iid,cahn_hilliard,coefficient,ood,96,0,0,0,0.8211344207922668
selector_g64,cahn_hilliard__transformer__coefficient__s8606__none,transformer,none,cahn_hilliard,coefficient,test,64,0,0,0,0.0026467165452601776
selector_g64,cahn_hilliard__transformer__coefficient__s8606__none,transformer,none,cahn_hilliard,coefficient,test,96,0,0,0,0.004491482754258452
selector_g64,cahn_hilliard__transformer__coefficient__s8606__none,transformer,none,cahn_hilliard,coefficient,ood,64,0,0,0,0.23093344844779473
selector_g64,cahn_hilliard__transformer__coefficient__s8606__none,transformer,none,cahn_hilliard,coefficient,ood,96,0,0,0,0.4114918948682072
selector_g64,cahn_hilliard__transformer__coefficient__s8606__response_matched,transformer,response_matched,cahn_hilliard,coefficient,test,64,0,0,0,0.0066656288616466774
selector_g64,cahn_hilliard__transformer__coefficient__s8606__response_matched,transformer,response_matched,cahn_hilliard,coefficient,test,96,0,0,0,0.012692916946893893
selector_g64,cahn_hilliard__transformer__coefficient__s8606__response_matched,transformer,response_matched,cahn_hilliard,coefficient,ood,64,0,0,0,0.8555156425416044
selector_g64,cahn_hilliard__transformer__coefficient__s8606__response_matched,transformer,response_matched,cahn_hilliard,coefficient,ood,96,0,0,0,1.2007348282972998
selector_g64,cahn_hilliard__transformer__coefficient__s8606__smooth,transformer,smooth,cahn_hilliard,coefficient,test,64,0,0,0,0.004754666617489162
selector_g64,cahn_hilliard__transformer__coefficient__s8606__smooth,transformer,smooth,cahn_hilliard,coefficient,test,96,0,0,0,0.00927867347460822
selector_g64,cahn_hilliard__transformer__coefficient__s8606__smooth,transformer,smooth,cahn_hilliard,coefficient,ood,64,0,0,0,0.3424574672067724
selector_g64,cahn_hilliard__transformer__coefficient__s8606__smooth,transformer,smooth,cahn_hilliard,coefficient,ood,96,0,0,0,0.6212043575291103
selector_g64,cahn_hilliard__transformer__correct__s8101__iid,transformer,iid,cahn_hilliard,correct,test,64,0,0,0,0.0038251390794750983
selector_g64,cahn_hilliard__transformer__correct__s8101__iid,transformer,iid,cahn_hilliard,correct,test,96,0,0,0,0.007275618911109598
selector_g64,cahn_hilliard__transformer__correct__s8101__iid,transformer,iid,cahn_hilliard,correct,ood,64,0,0,0,0.6670012214016197
selector_g64,cahn_hilliard__transformer__correct__s8101__iid,transformer,iid,cahn_hilliard,correct,ood,96,0,0,0,0.9926708016912471
selector_g64,cahn_hilliard__transformer__correct__s8101__none,transformer,none,cahn_hilliard,correct,test,64,0,0,0,0.005048090557416687
selector_g64,cahn_hilliard__transformer__correct__s8101__none,transformer,none,cahn_hilliard,correct,test,96,0,0,0,0.009115683543963238
selector_g64,cahn_hilliard__transformer__correct__s8101__none,transformer,none,cahn_hilliard,correct,ood,64,0,0,0,0.2719006151930401
selector_g64,cahn_hilliard__transformer__correct__s8101__none,transformer,none,cahn_hilliard,correct,ood,96,0,0,0,0.5012774956826103
selector_g64,cahn_hilliard__transformer__correct__s8101__response_matched,transformer,response_matched,cahn_hilliard,correct,test,64,0,0,0,0.007961353629598544
selector_g64,cahn_hilliard__transformer__correct__s8101__response_matched,transformer,response_matched,cahn_hilliard,correct,test,96,0,0,0,0.017870482731497234
selector_g64,cahn_hilliard__transformer__correct__s8101__response_matched,transformer,response_matched,cahn_hilliard,correct,ood,64,0,0,0,0.855402413433012
selector_g64,cahn_hilliard__transformer__correct__s8101__response_matched,transformer,response_matched,cahn_hilliard,correct,ood,96,0,0,0,1.1572209120381558
selector_g64,cahn_hilliard__transformer__correct__s8101__smooth,transformer,smooth,cahn_hilliard,correct,test,64,0,0,0,0.0026590046600249995
selector_g64,cahn_hilliard__transformer__correct__s8101__smooth,transformer,smooth,cahn_hilliard,correct,test,96,0,0,0,0.0038263991214366002
selector_g64,cahn_hilliard__transformer__correct__s8101__smooth,transformer,smooth,cahn_hilliard,correct,ood,64,0,0,0,0.621421294559628
selector_g64,cahn_hilliard__transformer__correct__s8101__smooth,transformer,smooth,cahn_hilliard,correct,ood,96,0,0,0,1.1132189785396658
selector_g64,cahn_hilliard__transformer__correct__s8202__iid,transformer,iid,cahn_hilliard,correct,test,64,0,0,0,0.007251370807537627
selector_g64,cahn_hilliard__transformer__correct__s8202__iid,transformer,iid,cahn_hilliard,correct,test,96,0,0,0,0.014363095978419893
selector_g64,cahn_hilliard__transformer__correct__s8202__iid,transformer,iid,cahn_hilliard,correct,ood,64,0,0,0,0.5783083499126604
selector_g64,cahn_hilliard__transformer__correct__s8202__iid,transformer,iid,cahn_hilliard,correct,ood,96,0,0,0,0.8874688148504125
selector_g64,cahn_hilliard__transformer__correct__s8202__none,transformer,none,cahn_hilliard,correct,test,64,0,0,0,0.0032079394508656572
selector_g64,cahn_hilliard__transformer__correct__s8202__none,transformer,none,cahn_hilliard,correct,test,96,0,0,0,0.005352433555433828
selector_g64,cahn_hilliard__transformer__correct__s8202__none,transformer,none,cahn_hilliard,correct,ood,64,0,0,0,0.17212134765688303
selector_g64,cahn_hilliard__transformer__correct__s8202__none,transformer,none,cahn_hilliard,correct,ood,96,0,0,0,0.2891923805832256
selector_g64,cahn_hilliard__transformer__correct__s8202__response_matched,transformer,response_matched,cahn_hilliard,correct,test,64,0,0,0,0.0156604151567713
selector_g64,cahn_hilliard__transformer__correct__s8202__response_matched,transformer,response_matched,cahn_hilliard,correct,test,96,0,0,0,0.03367684049358721
selector_g64,cahn_hilliard__transformer__correct__s8202__response_matched,transformer,response_matched,cahn_hilliard,correct,ood,64,0,0,0,1.0741586125096774
selector_g64,cahn_hilliard__transformer__correct__s8202__response_matched,transformer,response_matched,cahn_hilliard,correct,ood,96,0,0,0,1.4082550310232214
selector_g64,cahn_hilliard__transformer__correct__s8202__smooth,transformer,smooth,cahn_hilliard,correct,test,64,0,0,0,0.002718218842423674
selector_g64,cahn_hilliard__transformer__correct__s8202__smooth,transformer,smooth,cahn_hilliard,correct,test,96,0,0,0,0.004549671110447828
selector_g64,cahn_hilliard__transformer__correct__s8202__smooth,transformer,smooth,cahn_hilliard,correct,ood,64,0,0,0,0.2807619986917409
selector_g64,cahn_hilliard__transformer__correct__s8202__smooth,transformer,smooth,cahn_hilliard,correct,ood,96,0,0,0,0.49919996410559736
selector_g64,cahn_hilliard__transformer__correct__s8303__iid,transformer,iid,cahn_hilliard,correct,test,64,0,0,0,0.001736466458681557
selector_g64,cahn_hilliard__transformer__correct__s8303__iid,transformer,iid,cahn_hilliard,correct,test,96,0,0,0,0.0030900954290462024
selector_g64,cahn_hilliard__transformer__correct__s8303__iid,transformer,iid,cahn_hilliard,correct,ood,64,0,0,0,1.2395196098099746
selector_g64,cahn_hilliard__transformer__correct__s8303__iid,transformer,iid,cahn_hilliard,correct,ood,96,0,0,0,1.8270812740098563
selector_g64,cahn_hilliard__transformer__correct__s8303__none,transformer,none,cahn_hilliard,correct,test,64,0,0,0,0.006757434143892099
selector_g64,cahn_hilliard__transformer__correct__s8303__none,transformer,none,cahn_hilliard,correct,test,96,0,0,0,0.01304070498801437
selector_g64,cahn_hilliard__transformer__correct__s8303__none,transformer,none,cahn_hilliard,correct,ood,64,0,0,0,0.19291070060854487
selector_g64,cahn_hilliard__transformer__correct__s8303__none,transformer,none,cahn_hilliard,correct,ood,96,0,0,0,0.33251132831689867
selector_g64,cahn_hilliard__transformer__correct__s8303__response_matched,transformer,response_matched,cahn_hilliard,correct,test,64,0,0,0,0.013396810030935291
selector_g64,cahn_hilliard__transformer__correct__s8303__response_matched,transformer,response_matched,cahn_hilliard,correct,test,96,0,0,0,0.030181281826682005
selector_g64,cahn_hilliard__transformer__correct__s8303__response_matched,transformer,response_matched,cahn_hilliard,correct,ood,64,0,0,0,1.5754570578536686
selector_g64,cahn_hilliard__transformer__correct__s8303__response_matched,transformer,response_matched,cahn_hilliard,correct,ood,96,0,0,0,2.0917652185088778
selector_g64,cahn_hilliard__transformer__correct__s8303__smooth,transformer,smooth,cahn_hilliard,correct,test,64,0,0,0,0.0032711549227865747
selector_g64,cahn_hilliard__transformer__correct__s8303__smooth,transformer,smooth,cahn_hilliard,correct,test,96,0,0,0,0.005508413802990946
selector_g64,cahn_hilliard__transformer__correct__s8303__smooth,transformer,smooth,cahn_hilliard,correct,ood,64,0,0,0,0.2444607101863232
selector_g64,cahn_hilliard__transformer__correct__s8303__smooth,transformer,smooth,cahn_hilliard,correct,ood,96,0,0,0,0.4388923844964309
selector_g64,cahn_hilliard__transformer__correct__s8404__iid,transformer,iid,cahn_hilliard,correct,test,64,0,0,0,0.004857215474106974
selector_g64,cahn_hilliard__transformer__correct__s8404__iid,transformer,iid,cahn_hilliard,correct,test,96,0,0,0,0.010344870635788317
selector_g64,cahn_hilliard__transformer__correct__s8404__iid,transformer,iid,cahn_hilliard,correct,ood,64,0,0,0,0.5238599757371389
selector_g64,cahn_hilliard__transformer__correct__s8404__iid,transformer,iid,cahn_hilliard,correct,ood,96,0,0,0,0.8201476259767257
selector_g64,cahn_hilliard__transformer__correct__s8404__none,transformer,none,cahn_hilliard,correct,test,64,0,0,0,0.0030488615730041024
selector_g64,cahn_hilliard__transformer__correct__s8404__none,transformer,none,cahn_hilliard,correct,test,96,0,0,0,0.005109508822052892
selector_g64,cahn_hilliard__transformer__correct__s8404__none,transformer,none,cahn_hilliard,correct,ood,64,0,0,0,0.21200293135301962
selector_g64,cahn_hilliard__transformer__correct__s8404__none,transformer,none,cahn_hilliard,correct,ood,96,0,0,0,0.36945189607967654
selector_g64,cahn_hilliard__transformer__correct__s8404__response_matched,transformer,response_matched,cahn_hilliard,correct,test,64,0,0,0,0.005923100869220432
selector_g64,cahn_hilliard__transformer__correct__s8404__response_matched,transformer,response_matched,cahn_hilliard,correct,test,96,0,0,0,0.011761990936469829
selector_g64,cahn_hilliard__transformer__correct__s8404__response_matched,transformer,response_matched,cahn_hilliard,correct,ood,64,0,0,0,0.8810274985437445
selector_g64,cahn_hilliard__transformer__correct__s8404__response_matched,transformer,response_matched,cahn_hilliard,correct,ood,96,0,0,0,1.2257963656637305
selector_g64,cahn_hilliard__transformer__correct__s8404__smooth,transformer,smooth,cahn_hilliard,correct,test,64,0,0,0,0.0024927930517096575
selector_g64,cahn_hilliard__transformer__correct__s8404__smooth,transformer,smooth,cahn_hilliard,correct,test,96,0,0,0,0.003558543662114888
selector_g64,cahn_hilliard__transformer__correct__s8404__smooth,transformer,smooth,cahn_hilliard,correct,ood,64,0,0,0,0.24694607344945219
selector_g64,cahn_hilliard__transformer__correct__s8404__smooth,transformer,smooth,cahn_hilliard,correct,ood,96,0,0,0,0.4317446816975152
selector_g64,cahn_hilliard__transformer__correct__s8505__iid,transformer,iid,cahn_hilliard,correct,test,64,0,0,0,0.005179337913138127
selector_g64,cahn_hilliard__transformer__correct__s8505__iid,transformer,iid,cahn_hilliard,correct,test,96,0,0,0,0.010128448685599218
selector_g64,cahn_hilliard__transformer__correct__s8505__iid,transformer,iid,cahn_hilliard,correct,ood,64,0,0,0,0.5883236404167818
selector_g64,cahn_hilliard__transformer__correct__s8505__iid,transformer,iid,cahn_hilliard,correct,ood,96,0,0,0,0.9251948764563214
selector_g64,cahn_hilliard__transformer__correct__s8505__none,transformer,none,cahn_hilliard,correct,test,64,0,0,0,0.003797243332442482
selector_g64,cahn_hilliard__transformer__correct__s8505__none,transformer,none,cahn_hilliard,correct,test,96,0,0,0,0.006565473962315929
selector_g64,cahn_hilliard__transformer__correct__s8505__none,transformer,none,cahn_hilliard,correct,ood,64,0,0,0,0.14908038563107473
selector_g64,cahn_hilliard__transformer__correct__s8505__none,transformer,none,cahn_hilliard,correct,ood,96,0,0,0,0.2451917451451644
selector_g64,cahn_hilliard__transformer__correct__s8505__response_matched,transformer,response_matched,cahn_hilliard,correct,test,64,0,0,0,0.020847754166556598
selector_g64,cahn_hilliard__transformer__correct__s8505__response_matched,transformer,response_matched,cahn_hilliard,correct,test,96,0,0,0,0.047502019491742445
selector_g64,cahn_hilliard__transformer__correct__s8505__response_matched,transformer,response_matched,cahn_hilliard,correct,ood,64,0,0,0,0.7110750182141032
selector_g64,cahn_hilliard__transformer__correct__s8505__response_matched,transformer,response_matched,cahn_hilliard,correct,ood,96,0,0,0,1.0107753277767415
selector_g64,cahn_hilliard__transformer__correct__s8505__smooth,transformer,smooth,cahn_hilliard,correct,test,64,0,0,0,0.0025162229017807597
selector_g64,cahn_hilliard__transformer__correct__s8505__smooth,transformer,smooth,cahn_hilliard,correct,test,96,0,0,0,0.004021201718827093
selector_g64,cahn_hilliard__transformer__correct__s8505__smooth,transformer,smooth,cahn_hilliard,correct,ood,64,0,0,0,0.24359840087986462
selector_g64,cahn_hilliard__transformer__correct__s8505__smooth,transformer,smooth,cahn_hilliard,correct,ood,96,0,0,0,0.4291102505588852
selector_g64,cahn_hilliard__transformer__correct__s8606__iid,transformer,iid,cahn_hilliard,correct,test,64,0,0,0,0.0026526304146227975
selector_g64,cahn_hilliard__transformer__correct__s8606__iid,transformer,iid,cahn_hilliard,correct,test,96,0,0,0,0.004862002310952888
selector_g64,cahn_hilliard__transformer__correct__s8606__iid,transformer,iid,cahn_hilliard,correct,ood,64,0,0,0,0.6558531326768673
selector_g64,cahn_hilliard__transformer__correct__s8606__iid,transformer,iid,cahn_hilliard,correct,ood,96,0,0,0,0.9642885183005585
selector_g64,cahn_hilliard__transformer__correct__s8606__none,transformer,none,cahn_hilliard,correct,test,64,0,0,0,0.002646715341638392
selector_g64,cahn_hilliard__transformer__correct__s8606__none,transformer,none,cahn_hilliard,correct,test,96,0,0,0,0.004491480421154872
selector_g64,cahn_hilliard__transformer__correct__s8606__none,transformer,none,cahn_hilliard,correct,ood,64,0,0,0,0.23093387713494984
selector_g64,cahn_hilliard__transformer__correct__s8606__none,transformer,none,cahn_hilliard,correct,ood,96,0,0,0,0.41149276874619406
selector_g64,cahn_hilliard__transformer__correct__s8606__response_matched,transformer,response_matched,cahn_hilliard,correct,test,64,0,0,0,0.00874356761329892
selector_g64,cahn_hilliard__transformer__correct__s8606__response_matched,transformer,response_matched,cahn_hilliard,correct,test,96,0,0,0,0.01895214993628106
selector_g64,cahn_hilliard__transformer__correct__s8606__response_matched,transformer,response_matched,cahn_hilliard,correct,ood,64,0,0,0,0.9235477449435621
selector_g64,cahn_hilliard__transformer__correct__s8606__response_matched,transformer,response_matched,cahn_hilliard,correct,ood,96,0,0,0,1.291209337934409
selector_g64,cahn_hilliard__transformer__correct__s8606__smooth,transformer,smooth,cahn_hilliard,correct,test,64,0,0,0,0.0024723674927554368
selector_g64,cahn_hilliard__transformer__correct__s8606__smooth,transformer,smooth,cahn_hilliard,correct,test,96,0,0,0,0.004537148490592622
selector_g64,cahn_hilliard__transformer__correct__s8606__smooth,transformer,smooth,cahn_hilliard,correct,ood,64,0,0,0,0.2639430855448772
selector_g64,cahn_hilliard__transformer__correct__s8606__smooth,transformer,smooth,cahn_hilliard,correct,ood,96,0,0,0,0.47766370325532864
selector_g64,cahn_hilliard__transformer__structural__s8101__iid,transformer,iid,cahn_hilliard,structural,test,64,0,0,0,0.007736058454721195
selector_g64,cahn_hilliard__transformer__structural__s8101__iid,transformer,iid,cahn_hilliard,structural,test,96,0,0,0,0.014936712631782052
selector_g64,cahn_hilliard__transformer__structural__s8101__iid,transformer,iid,cahn_hilliard,structural,ood,64,0,0,0,0.5876590236916357
selector_g64,cahn_hilliard__transformer__structural__s8101__iid,transformer,iid,cahn_hilliard,structural,ood,96,0,0,0,0.9603576390148163
selector_g64,cahn_hilliard__transformer__structural__s8101__none,transformer,none,cahn_hilliard,structural,test,64,0,0,0,0.005048090557416687
selector_g64,cahn_hilliard__transformer__structural__s8101__none,transformer,none,cahn_hilliard,structural,test,96,0,0,0,0.009115683543963238
selector_g64,cahn_hilliard__transformer__structural__s8101__none,transformer,none,cahn_hilliard,structural,ood,64,0,0,0,0.2719006151930401
selector_g64,cahn_hilliard__transformer__structural__s8101__none,transformer,none,cahn_hilliard,structural,ood,96,0,0,0,0.5012774956826103
selector_g64,cahn_hilliard__transformer__structural__s8101__response_matched,transformer,response_matched,cahn_hilliard,structural,test,64,0,0,0,0.00785557062699338
selector_g64,cahn_hilliard__transformer__structural__s8101__response_matched,transformer,response_matched,cahn_hilliard,structural,test,96,0,0,0,0.015947102378783676
selector_g64,cahn_hilliard__transformer__structural__s8101__response_matched,transformer,response_matched,cahn_hilliard,structural,ood,64,0,0,0,0.8024907932181122
selector_g64,cahn_hilliard__transformer__structural__s8101__response_matched,transformer,response_matched,cahn_hilliard,structural,ood,96,0,0,0,1.114543930330607
selector_g64,cahn_hilliard__transformer__structural__s8101__smooth,transformer,smooth,cahn_hilliard,structural,test,64,0,0,0,0.005468766795091784
selector_g64,cahn_hilliard__transformer__structural__s8101__smooth,transformer,smooth,cahn_hilliard,structural,test,96,0,0,0,0.010957252472840812
selector_g64,cahn_hilliard__transformer__structural__s8101__smooth,transformer,smooth,cahn_hilliard,structural,ood,64,0,0,0,0.15422259398428428
selector_g64,cahn_hilliard__transformer__structural__s8101__smooth,transformer,smooth,cahn_hilliard,structural,ood,96,0,0,0,0.2547598230227459
selector_g64,cahn_hilliard__transformer__structural__s8202__iid,transformer,iid,cahn_hilliard,structural,test,64,0,0,0,0.007445490297720014
selector_g64,cahn_hilliard__transformer__structural__s8202__iid,transformer,iid,cahn_hilliard,structural,test,96,0,0,0,0.013714312028786813
selector_g64,cahn_hilliard__transformer__structural__s8202__iid,transformer,iid,cahn_hilliard,structural,ood,64,0,0,0,0.5595205260089386
selector_g64,cahn_hilliard__transformer__structural__s8202__iid,transformer,iid,cahn_hilliard,structural,ood,96,0,0,0,0.8718448541513814
selector_g64,cahn_hilliard__transformer__structural__s8202__none,transformer,none,cahn_hilliard,structural,test,64,0,0,0,0.0032079394508656572
selector_g64,cahn_hilliard__transformer__structural__s8202__none,transformer,none,cahn_hilliard,structural,test,96,0,0,0,0.005352433555433828
selector_g64,cahn_hilliard__transformer__structural__s8202__none,transformer,none,cahn_hilliard,structural,ood,64,0,0,0,0.17212134765688303
selector_g64,cahn_hilliard__transformer__structural__s8202__none,transformer,none,cahn_hilliard,structural,ood,96,0,0,0,0.2891923805832256
selector_g64,cahn_hilliard__transformer__structural__s8202__response_matched,transformer,response_matched,cahn_hilliard,structural,test,64,0,0,0,0.013857357006636262
selector_g64,cahn_hilliard__transformer__structural__s8202__response_matched,transformer,response_matched,cahn_hilliard,structural,test,96,0,0,0,0.028240503873372774
selector_g64,cahn_hilliard__transformer__structural__s8202__response_matched,transformer,response_matched,cahn_hilliard,structural,ood,64,0,0,0,1.2891580881282607
selector_g64,cahn_hilliard__transformer__structural__s8202__response_matched,transformer,response_matched,cahn_hilliard,structural,ood,96,0,0,0,1.7206914689950281
selector_g64,cahn_hilliard__transformer__structural__s8202__smooth,transformer,smooth,cahn_hilliard,structural,test,64,0,0,0,0.008146551445480953
selector_g64,cahn_hilliard__transformer__structural__s8202__smooth,transformer,smooth,cahn_hilliard,structural,test,96,0,0,0,0.01779752410396164
selector_g64,cahn_hilliard__transformer__structural__s8202__smooth,transformer,smooth,cahn_hilliard,structural,ood,64,0,0,0,0.11261281703560955
selector_g64,cahn_hilliard__transformer__structural__s8202__smooth,transformer,smooth,cahn_hilliard,structural,ood,96,0,0,0,0.17168594865462117
selector_g64,cahn_hilliard__transformer__structural__s8303__iid,transformer,iid,cahn_hilliard,structural,test,64,0,0,0,0.004668637364966144
selector_g64,cahn_hilliard__transformer__structural__s8303__iid,transformer,iid,cahn_hilliard,structural,test,96,0,0,0,0.009105171058551166
selector_g64,cahn_hilliard__transformer__structural__s8303__iid,transformer,iid,cahn_hilliard,structural,ood,64,0,0,0,0.96558262951649
selector_g64,cahn_hilliard__transformer__structural__s8303__iid,transformer,iid,cahn_hilliard,structural,ood,96,0,0,0,1.4743923704541924
selector_g64,cahn_hilliard__transformer__structural__s8303__none,transformer,none,cahn_hilliard,structural,test,64,0,0,0,0.006757434143892099
selector_g64,cahn_hilliard__transformer__structural__s8303__none,transformer,none,cahn_hilliard,structural,test,96,0,0,0,0.01304070498801437
selector_g64,cahn_hilliard__transformer__structural__s8303__none,transformer,none,cahn_hilliard,structural,ood,64,0,0,0,0.19291070060854487
selector_g64,cahn_hilliard__transformer__structural__s8303__none,transformer,none,cahn_hilliard,structural,ood,96,0,0,0,0.33251132831689867
selector_g64,cahn_hilliard__transformer__structural__s8303__response_matched,transformer,response_matched,cahn_hilliard,structural,test,64,0,0,0,0.018831244122086366
selector_g64,cahn_hilliard__transformer__structural__s8303__response_matched,transformer,response_matched,cahn_hilliard,structural,test,96,0,0,0,0.03863227138388685
selector_g64,cahn_hilliard__transformer__structural__s8303__response_matched,transformer,response_matched,cahn_hilliard,structural,ood,64,0,0,0,1.089204707914746
selector_g64,cahn_hilliard__transformer__structural__s8303__response_matched,transformer,response_matched,cahn_hilliard,structural,ood,96,0,0,0,1.4645647431247348
selector_g64,cahn_hilliard__transformer__structural__s8303__smooth,transformer,smooth,cahn_hilliard,structural,test,64,0,0,0,0.006360291725463485
selector_g64,cahn_hilliard__transformer__structural__s8303__smooth,transformer,smooth,cahn_hilliard,structural,test,96,0,0,0,0.013474615378948377
selector_g64,cahn_hilliard__transformer__structural__s8303__smooth,transformer,smooth,cahn_hilliard,structural,ood,64,0,0,0,0.1275363774256424
selector_g64,cahn_hilliard__transformer__structural__s8303__smooth,transformer,smooth,cahn_hilliard,structural,ood,96,0,0,0,0.2027357337282849
selector_g64,cahn_hilliard__transformer__structural__s8404__iid,transformer,iid,cahn_hilliard,structural,test,64,0,0,0,0.003604646720033272
selector_g64,cahn_hilliard__transformer__structural__s8404__iid,transformer,iid,cahn_hilliard,structural,test,96,0,0,0,0.006021961476798546
selector_g64,cahn_hilliard__transformer__structural__s8404__iid,transformer,iid,cahn_hilliard,structural,ood,64,0,0,0,0.41740013006107546
selector_g64,cahn_hilliard__transformer__structural__s8404__iid,transformer,iid,cahn_hilliard,structural,ood,96,0,0,0,0.6710724869355953
selector_g64,cahn_hilliard__transformer__structural__s8404__none,transformer,none,cahn_hilliard,structural,test,64,0,0,0,0.0030488615730041024
selector_g64,cahn_hilliard__transformer__structural__s8404__none,transformer,none,cahn_hilliard,structural,test,96,0,0,0,0.005109508822052892
selector_g64,cahn_hilliard__transformer__structural__s8404__none,transformer,none,cahn_hilliard,structural,ood,64,0,0,0,0.21200293135301962
selector_g64,cahn_hilliard__transformer__structural__s8404__none,transformer,none,cahn_hilliard,structural,ood,96,0,0,0,0.36945189607967654
selector_g64,cahn_hilliard__transformer__structural__s8404__response_matched,transformer,response_matched,cahn_hilliard,structural,test,64,0,0,0,0.007839941822651297
selector_g64,cahn_hilliard__transformer__structural__s8404__response_matched,transformer,response_matched,cahn_hilliard,structural,test,96,0,0,0,0.015665879866597437
selector_g64,cahn_hilliard__transformer__structural__s8404__response_matched,transformer,response_matched,cahn_hilliard,structural,ood,64,0,0,0,0.8186088469738877
selector_g64,cahn_hilliard__transformer__structural__s8404__response_matched,transformer,response_matched,cahn_hilliard,structural,ood,96,0,0,0,1.169724945866676
selector_g64,cahn_hilliard__transformer__structural__s8404__smooth,transformer,smooth,cahn_hilliard,structural,test,64,0,0,0,0.006618032650861715
selector_g64,cahn_hilliard__transformer__structural__s8404__smooth,transformer,smooth,cahn_hilliard,structural,test,96,0,0,0,0.014682661608275447
selector_g64,cahn_hilliard__transformer__structural__s8404__smooth,transformer,smooth,cahn_hilliard,structural,ood,64,0,0,0,0.09840709826750782
selector_g64,cahn_hilliard__transformer__structural__s8404__smooth,transformer,smooth,cahn_hilliard,structural,ood,96,0,0,0,0.15569168559572688
selector_g64,cahn_hilliard__transformer__structural__s8505__iid,transformer,iid,cahn_hilliard,structural,test,64,0,0,0,0.005113970274588375
selector_g64,cahn_hilliard__transformer__structural__s8505__iid,transformer,iid,cahn_hilliard,structural,test,96,0,0,0,0.009137453821861522
selector_g64,cahn_hilliard__transformer__structural__s8505__iid,transformer,iid,cahn_hilliard,structural,ood,64,0,0,0,0.36269609842146266
selector_g64,cahn_hilliard__transformer__structural__s8505__iid,transformer,iid,cahn_hilliard,structural,ood,96,0,0,0,0.6277545117502612
selector_g64,cahn_hilliard__transformer__structural__s8505__none,transformer,none,cahn_hilliard,structural,test,64,0,0,0,0.003797243332442482
selector_g64,cahn_hilliard__transformer__structural__s8505__none,transformer,none,cahn_hilliard,structural,test,96,0,0,0,0.006565473962315929
selector_g64,cahn_hilliard__transformer__structural__s8505__none,transformer,none,cahn_hilliard,structural,ood,64,0,0,0,0.14908038563107473
selector_g64,cahn_hilliard__transformer__structural__s8505__none,transformer,none,cahn_hilliard,structural,ood,96,0,0,0,0.2451917451451644
selector_g64,cahn_hilliard__transformer__structural__s8505__response_matched,transformer,response_matched,cahn_hilliard,structural,test,64,0,0,0,0.015706737750655897
selector_g64,cahn_hilliard__transformer__structural__s8505__response_matched,transformer,response_matched,cahn_hilliard,structural,test,96,0,0,0,0.03166708537754973
selector_g64,cahn_hilliard__transformer__structural__s8505__response_matched,transformer,response_matched,cahn_hilliard,structural,ood,64,0,0,0,0.7519114180699091
selector_g64,cahn_hilliard__transformer__structural__s8505__response_matched,transformer,response_matched,cahn_hilliard,structural,ood,96,0,0,0,1.0906230074138914
selector_g64,cahn_hilliard__transformer__structural__s8505__smooth,transformer,smooth,cahn_hilliard,structural,test,64,0,0,0,0.006115799482151386
selector_g64,cahn_hilliard__transformer__structural__s8505__smooth,transformer,smooth,cahn_hilliard,structural,test,96,0,0,0,0.012469947616953438
selector_g64,cahn_hilliard__transformer__structural__s8505__smooth,transformer,smooth,cahn_hilliard,structural,ood,64,0,0,0,0.13581139093104655
selector_g64,cahn_hilliard__transformer__structural__s8505__smooth,transformer,smooth,cahn_hilliard,structural,ood,96,0,0,0,0.21746770085344766
selector_g64,cahn_hilliard__transformer__structural__s8606__iid,transformer,iid,cahn_hilliard,structural,test,64,0,0,0,0.0029458348143617807
selector_g64,cahn_hilliard__transformer__structural__s8606__iid,transformer,iid,cahn_hilliard,structural,test,96,0,0,0,0.005027910172581381
selector_g64,cahn_hilliard__transformer__structural__s8606__iid,transformer,iid,cahn_hilliard,structural,ood,64,0,0,0,0.5905276660400034
selector_g64,cahn_hilliard__transformer__structural__s8606__iid,transformer,iid,cahn_hilliard,structural,ood,96,0,0,0,0.9017754252359774
selector_g64,cahn_hilliard__transformer__structural__s8606__none,transformer,none,cahn_hilliard,structural,test,64,0,0,0,0.002646715341638392
selector_g64,cahn_hilliard__transformer__structural__s8606__none,transformer,none,cahn_hilliard,structural,test,96,0,0,0,0.004491480421154872
selector_g64,cahn_hilliard__transformer__structural__s8606__none,transformer,none,cahn_hilliard,structural,ood,64,0,0,0,0.23093387713494984
selector_g64,cahn_hilliard__transformer__structural__s8606__none,transformer,none,cahn_hilliard,structural,ood,96,0,0,0,0.41149276874619406
selector_g64,cahn_hilliard__transformer__structural__s8606__response_matched,transformer,response_matched,cahn_hilliard,structural,test,64,0,0,0,0.011156092487957514
selector_g64,cahn_hilliard__transformer__structural__s8606__response_matched,transformer,response_matched,cahn_hilliard,structural,test,96,0,0,0,0.023892145499714856
selector_g64,cahn_hilliard__transformer__structural__s8606__response_matched,transformer,response_matched,cahn_hilliard,structural,ood,64,0,0,0,0.7954804400533249
selector_g64,cahn_hilliard__transformer__structural__s8606__response_matched,transformer,response_matched,cahn_hilliard,structural,ood,96,0,0,0,1.1201716720358186
selector_g64,cahn_hilliard__transformer__structural__s8606__smooth,transformer,smooth,cahn_hilliard,structural,test,64,0,0,0,0.00568286227461956
selector_g64,cahn_hilliard__transformer__structural__s8606__smooth,transformer,smooth,cahn_hilliard,structural,test,96,0,0,0,0.011890725504671702
selector_g64,cahn_hilliard__transformer__structural__s8606__smooth,transformer,smooth,cahn_hilliard,structural,ood,64,0,0,0,0.16244354922816306
selector_g64,cahn_hilliard__transformer__structural__s8606__smooth,transformer,smooth,cahn_hilliard,structural,ood,96,0,0,0,0.27994860799273036
selector_g64,fitzhugh_nagumo__fno__coefficient__s8101__iid,fno,iid,fitzhugh_nagumo,coefficient,test,64,0,0,0,0.0010304221861585777
selector_g64,fitzhugh_nagumo__fno__coefficient__s8101__iid,fno,iid,fitzhugh_nagumo,coefficient,test,96,0,0,0,0.0009097683144500452
selector_g64,fitzhugh_nagumo__fno__coefficient__s8101__iid,fno,iid,fitzhugh_nagumo,coefficient,ood,64,0,0,0,0.009546301445399141
selector_g64,fitzhugh_nagumo__fno__coefficient__s8101__iid,fno,iid,fitzhugh_nagumo,coefficient,ood,96,0,0,0,0.006923585422438391
selector_g64,fitzhugh_nagumo__fno__coefficient__s8101__none,fno,none,fitzhugh_nagumo,coefficient,test,64,0,0,0,0.0005151663624095165
selector_g64,fitzhugh_nagumo__fno__coefficient__s8101__none,fno,none,fitzhugh_nagumo,coefficient,test,96,0,0,0,0.00042843028479734124
selector_g64,fitzhugh_nagumo__fno__coefficient__s8101__none,fno,none,fitzhugh_nagumo,coefficient,ood,64,0,0,0,0.015533192969115261
selector_g64,fitzhugh_nagumo__fno__coefficient__s8101__none,fno,none,fitzhugh_nagumo,coefficient,ood,96,0,0,0,0.01150812338012715
selector_g64,fitzhugh_nagumo__fno__coefficient__s8101__response_matched,fno,response_matched,fitzhugh_nagumo,coefficient,test,64,0,0,0,0.0006515860768540327
selector_g64,fitzhugh_nagumo__fno__coefficient__s8101__response_matched,fno,response_matched,fitzhugh_nagumo,coefficient,test,96,0,0,0,0.0005635193366917609
selector_g64,fitzhugh_nagumo__fno__coefficient__s8101__response_matched,fno,response_matched,fitzhugh_nagumo,coefficient,ood,64,0,0,0,0.013015137774874397
selector_g64,fitzhugh_nagumo__fno__coefficient__s8101__response_matched,fno,response_matched,fitzhugh_nagumo,coefficient,ood,96,0,0,0,0.009628205175395383
selector_g64,fitzhugh_nagumo__fno__coefficient__s8101__smooth,fno,smooth,fitzhugh_nagumo,coefficient,test,64,0,0,0,0.0005568316129269946
selector_g64,fitzhugh_nagumo__fno__coefficient__s8101__smooth,fno,smooth,fitzhugh_nagumo,coefficient,test,96,0,0,0,0.0005168027963048938
selector_g64,fitzhugh_nagumo__fno__coefficient__s8101__smooth,fno,smooth,fitzhugh_nagumo,coefficient,ood,64,0,0,0,0.019737254121055647
selector_g64,fitzhugh_nagumo__fno__coefficient__s8101__smooth,fno,smooth,fitzhugh_nagumo,coefficient,ood,96,0,0,0,0.01491680962028245
selector_g64,fitzhugh_nagumo__fno__coefficient__s8202__iid,fno,iid,fitzhugh_nagumo,coefficient,test,64,0,0,0,0.0005094023334347164
selector_g64,fitzhugh_nagumo__fno__coefficient__s8202__iid,fno,iid,fitzhugh_nagumo,coefficient,test,96,0,0,0,0.0004309678123686581
selector_g64,fitzhugh_nagumo__fno__coefficient__s8202__iid,fno,iid,fitzhugh_nagumo,coefficient,ood,64,0,0,0,0.0035742432212174657
selector_g64,fitzhugh_nagumo__fno__coefficient__s8202__iid,fno,iid,fitzhugh_nagumo,coefficient,ood,96,0,0,0,0.00281629052697574
selector_g64,fitzhugh_nagumo__fno__coefficient__s8202__none,fno,none,fitzhugh_nagumo,coefficient,test,64,0,0,0,0.0009458466187320241
selector_g64,fitzhugh_nagumo__fno__coefficient__s8202__none,fno,none,fitzhugh_nagumo,coefficient,test,96,0,0,0,0.000755914214869452
selector_g64,fitzhugh_nagumo__fno__coefficient__s8202__none,fno,none,fitzhugh_nagumo,coefficient,ood,64,0,0,0,0.00278592118047144
selector_g64,fitzhugh_nagumo__fno__coefficient__s8202__none,fno,none,fitzhugh_nagumo,coefficient,ood,96,0,0,0,0.002091356827721621
selector_g64,fitzhugh_nagumo__fno__coefficient__s8202__response_matched,fno,response_matched,fitzhugh_nagumo,coefficient,test,64,0,0,0,0.0006786126386840313
selector_g64,fitzhugh_nagumo__fno__coefficient__s8202__response_matched,fno,response_matched,fitzhugh_nagumo,coefficient,test,96,0,0,0,0.0005655441206738239
selector_g64,fitzhugh_nagumo__fno__coefficient__s8202__response_matched,fno,response_matched,fitzhugh_nagumo,coefficient,ood,64,0,0,0,0.0030527500429808896
selector_g64,fitzhugh_nagumo__fno__coefficient__s8202__response_matched,fno,response_matched,fitzhugh_nagumo,coefficient,ood,96,0,0,0,0.002419431297064752
selector_g64,fitzhugh_nagumo__fno__coefficient__s8202__smooth,fno,smooth,fitzhugh_nagumo,coefficient,test,64,0,0,0,0.0006568695689025961
selector_g64,fitzhugh_nagumo__fno__coefficient__s8202__smooth,fno,smooth,fitzhugh_nagumo,coefficient,test,96,0,0,0,0.0006600181538487885
selector_g64,fitzhugh_nagumo__fno__coefficient__s8202__smooth,fno,smooth,fitzhugh_nagumo,coefficient,ood,64,0,0,0,0.010466489914737753
selector_g64,fitzhugh_nagumo__fno__coefficient__s8202__smooth,fno,smooth,fitzhugh_nagumo,coefficient,ood,96,0,0,0,0.008967209546372423
selector_g64,fitzhugh_nagumo__fno__coefficient__s8303__iid,fno,iid,fitzhugh_nagumo,coefficient,test,64,0,0,0,0.0012805913292309734
selector_g64,fitzhugh_nagumo__fno__coefficient__s8303__iid,fno,iid,fitzhugh_nagumo,coefficient,test,96,0,0,0,0.0011324846014930667
selector_g64,fitzhugh_nagumo__fno__coefficient__s8303__iid,fno,iid,fitzhugh_nagumo,coefficient,ood,64,0,0,0,0.013939834608208357
selector_g64,fitzhugh_nagumo__fno__coefficient__s8303__iid,fno,iid,fitzhugh_nagumo,coefficient,ood,96,0,0,0,0.012717824246161635
selector_g64,fitzhugh_nagumo__fno__coefficient__s8303__none,fno,none,fitzhugh_nagumo,coefficient,test,64,0,0,0,0.0004861194453261927
selector_g64,fitzhugh_nagumo__fno__coefficient__s8303__none,fno,none,fitzhugh_nagumo,coefficient,test,96,0,0,0,0.00041158712990301916
selector_g64,fitzhugh_nagumo__fno__coefficient__s8303__none,fno,none,fitzhugh_nagumo,coefficient,ood,64,0,0,0,0.005071050910592012
selector_g64,fitzhugh_nagumo__fno__coefficient__s8303__none,fno,none,fitzhugh_nagumo,coefficient,ood,96,0,0,0,0.004930688474865589
selector_g64,fitzhugh_nagumo__fno__coefficient__s8303__response_matched,fno,response_matched,fitzhugh_nagumo,coefficient,test,64,0,0,0,0.001059532865960361
selector_g64,fitzhugh_nagumo__fno__coefficient__s8303__response_matched,fno,response_matched,fitzhugh_nagumo,coefficient,test,96,0,0,0,0.0012425230371262974
selector_g64,fitzhugh_nagumo__fno__coefficient__s8303__response_matched,fno,response_matched,fitzhugh_nagumo,coefficient,ood,64,0,0,0,0.01741329415990689
selector_g64,fitzhugh_nagumo__fno__coefficient__s8303__response_matched,fno,response_matched,fitzhugh_nagumo,coefficient,ood,96,0,0,0,0.015553678870417292
selector_g64,fitzhugh_nagumo__fno__coefficient__s8303__smooth,fno,smooth,fitzhugh_nagumo,coefficient,test,64,0,0,0,0.0005330525724422594
selector_g64,fitzhugh_nagumo__fno__coefficient__s8303__smooth,fno,smooth,fitzhugh_nagumo,coefficient,test,96,0,0,0,0.00047212144495446806
selector_g64,fitzhugh_nagumo__fno__coefficient__s8303__smooth,fno,smooth,fitzhugh_nagumo,coefficient,ood,64,0,0,0,0.008744049249773012
selector_g64,fitzhugh_nagumo__fno__coefficient__s8303__smooth,fno,smooth,fitzhugh_nagumo,coefficient,ood,96,0,0,0,0.009234026684473632
selector_g64,fitzhugh_nagumo__fno__coefficient__s8404__iid,fno,iid,fitzhugh_nagumo,coefficient,test,64,0,0,0,0.0008459380187458565
selector_g64,fitzhugh_nagumo__fno__coefficient__s8404__iid,fno,iid,fitzhugh_nagumo,coefficient,test,96,0,0,0,0.0006998366307540693
selector_g64,fitzhugh_nagumo__fno__coefficient__s8404__iid,fno,iid,fitzhugh_nagumo,coefficient,ood,64,0,0,0,0.0044124756081120875
selector_g64,fitzhugh_nagumo__fno__coefficient__s8404__iid,fno,iid,fitzhugh_nagumo,coefficient,ood,96,0,0,0,0.004086643141812581
selector_g64,fitzhugh_nagumo__fno__coefficient__s8404__none,fno,none,fitzhugh_nagumo,coefficient,test,64,0,0,0,0.00024083234857822516
selector_g64,fitzhugh_nagumo__fno__coefficient__s8404__none,fno,none,fitzhugh_nagumo,coefficient,test,96,0,0,0,0.00019568499836481362
selector_g64,fitzhugh_nagumo__fno__coefficient__s8404__none,fno,none,fitzhugh_nagumo,coefficient,ood,64,0,0,0,0.009404861684550458
selector_g64,fitzhugh_nagumo__fno__coefficient__s8404__none,fno,none,fitzhugh_nagumo,coefficient,ood,96,0,0,0,0.006815267183386172
selector_g64,fitzhugh_nagumo__fno__coefficient__s8404__response_matched,fno,response_matched,fitzhugh_nagumo,coefficient,test,64,0,0,0,0.0006356482925056056
selector_g64,fitzhugh_nagumo__fno__coefficient__s8404__response_matched,fno,response_matched,fitzhugh_nagumo,coefficient,test,96,0,0,0,0.000613168285748561
selector_g64,fitzhugh_nagumo__fno__coefficient__s8404__response_matched,fno,response_matched,fitzhugh_nagumo,coefficient,ood,64,0,0,0,0.004335236821675581
selector_g64,fitzhugh_nagumo__fno__coefficient__s8404__response_matched,fno,response_matched,fitzhugh_nagumo,coefficient,ood,96,0,0,0,0.00393458089259561
selector_g64,fitzhugh_nagumo__fno__coefficient__s8404__smooth,fno,smooth,fitzhugh_nagumo,coefficient,test,64,0,0,0,0.00059469935593226
selector_g64,fitzhugh_nagumo__fno__coefficient__s8404__smooth,fno,smooth,fitzhugh_nagumo,coefficient,test,96,0,0,0,0.0005936301467596531
selector_g64,fitzhugh_nagumo__fno__coefficient__s8404__smooth,fno,smooth,fitzhugh_nagumo,coefficient,ood,64,0,0,0,0.005789916279470009
selector_g64,fitzhugh_nagumo__fno__coefficient__s8404__smooth,fno,smooth,fitzhugh_nagumo,coefficient,ood,96,0,0,0,0.004505379522021421
selector_g64,fitzhugh_nagumo__fno__coefficient__s8505__iid,fno,iid,fitzhugh_nagumo,coefficient,test,64,0,0,0,0.0005173789841740606
selector_g64,fitzhugh_nagumo__fno__coefficient__s8505__iid,fno,iid,fitzhugh_nagumo,coefficient,test,96,0,0,0,0.0005052251785481743
selector_g64,fitzhugh_nagumo__fno__coefficient__s8505__iid,fno,iid,fitzhugh_nagumo,coefficient,ood,64,0,0,0,0.007378102085958349
selector_g64,fitzhugh_nagumo__fno__coefficient__s8505__iid,fno,iid,fitzhugh_nagumo,coefficient,ood,96,0,0,0,0.005889753700088743
selector_g64,fitzhugh_nagumo__fno__coefficient__s8505__none,fno,none,fitzhugh_nagumo,coefficient,test,64,0,0,0,0.0003559524315563875
selector_g64,fitzhugh_nagumo__fno__coefficient__s8505__none,fno,none,fitzhugh_nagumo,coefficient,test,96,0,0,0,0.0003085681844005363
selector_g64,fitzhugh_nagumo__fno__coefficient__s8505__none,fno,none,fitzhugh_nagumo,coefficient,ood,64,0,0,0,0.0033594689952051726
selector_g64,fitzhugh_nagumo__fno__coefficient__s8505__none,fno,none,fitzhugh_nagumo,coefficient,ood,96,0,0,0,0.002986251274652685
selector_g64,fitzhugh_nagumo__fno__coefficient__s8505__response_matched,fno,response_matched,fitzhugh_nagumo,coefficient,test,64,0,0,0,0.0014660384362763929
selector_g64,fitzhugh_nagumo__fno__coefficient__s8505__response_matched,fno,response_matched,fitzhugh_nagumo,coefficient,test,96,0,0,0,0.0011364537199119913
selector_g64,fitzhugh_nagumo__fno__coefficient__s8505__response_matched,fno,response_matched,fitzhugh_nagumo,coefficient,ood,64,0,0,0,0.00616302508977018
selector_g64,fitzhugh_nagumo__fno__coefficient__s8505__response_matched,fno,response_matched,fitzhugh_nagumo,coefficient,ood,96,0,0,0,0.005282685597123896
selector_g64,fitzhugh_nagumo__fno__coefficient__s8505__smooth,fno,smooth,fitzhugh_nagumo,coefficient,test,64,0,0,0,0.0006991125236674028
selector_g64,fitzhugh_nagumo__fno__coefficient__s8505__smooth,fno,smooth,fitzhugh_nagumo,coefficient,test,96,0,0,0,0.0006362517096941411
selector_g64,fitzhugh_nagumo__fno__coefficient__s8505__smooth,fno,smooth,fitzhugh_nagumo,coefficient,ood,64,0,0,0,0.0031028098642056356
selector_g64,fitzhugh_nagumo__fno__coefficient__s8505__smooth,fno,smooth,fitzhugh_nagumo,coefficient,ood,96,0,0,0,0.0026352771153736283
selector_g64,fitzhugh_nagumo__fno__coefficient__s8606__iid,fno,iid,fitzhugh_nagumo,coefficient,test,64,0,0,0,0.0009678273407018878
selector_g64,fitzhugh_nagumo__fno__coefficient__s8606__iid,fno,iid,fitzhugh_nagumo,coefficient,test,96,0,0,0,0.0008753033428258543
selector_g64,fitzhugh_nagumo__fno__coefficient__s8606__iid,fno,iid,fitzhugh_nagumo,coefficient,ood,64,0,0,0,0.011288837281465236
selector_g64,fitzhugh_nagumo__fno__coefficient__s8606__iid,fno,iid,fitzhugh_nagumo,coefficient,ood,96,0,0,0,0.008447121697618373
selector_g64,fitzhugh_nagumo__fno__coefficient__s8606__none,fno,none,fitzhugh_nagumo,coefficient,test,64,0,0,0,0.0004984653984000317
selector_g64,fitzhugh_nagumo__fno__coefficient__s8606__none,fno,none,fitzhugh_nagumo,coefficient,test,96,0,0,0,0.0004173484238931777
selector_g64,fitzhugh_nagumo__fno__coefficient__s8606__none,fno,none,fitzhugh_nagumo,coefficient,ood,64,0,0,0,0.010365783981427013
selector_g64,fitzhugh_nagumo__fno__coefficient__s8606__none,fno,none,fitzhugh_nagumo,coefficient,ood,96,0,0,0,0.007518575523043247
selector_g64,fitzhugh_nagumo__fno__coefficient__s8606__response_matched,fno,response_matched,fitzhugh_nagumo,coefficient,test,64,0,0,0,0.0012010466270521714
selector_g64,fitzhugh_nagumo__fno__coefficient__s8606__response_matched,fno,response_matched,fitzhugh_nagumo,coefficient,test,96,0,0,0,0.0010407713984219948
selector_g64,fitzhugh_nagumo__fno__coefficient__s8606__response_matched,fno,response_matched,fitzhugh_nagumo,coefficient,ood,64,0,0,0,0.010996002792574844
selector_g64,fitzhugh_nagumo__fno__coefficient__s8606__response_matched,fno,response_matched,fitzhugh_nagumo,coefficient,ood,96,0,0,0,0.008126310642560272
selector_g64,fitzhugh_nagumo__fno__coefficient__s8606__smooth,fno,smooth,fitzhugh_nagumo,coefficient,test,64,0,0,0,0.0007383452782759314
selector_g64,fitzhugh_nagumo__fno__coefficient__s8606__smooth,fno,smooth,fitzhugh_nagumo,coefficient,test,96,0,0,0,0.0006065446207666285
selector_g64,fitzhugh_nagumo__fno__coefficient__s8606__smooth,fno,smooth,fitzhugh_nagumo,coefficient,ood,64,0,0,0,0.009934914317292098
selector_g64,fitzhugh_nagumo__fno__coefficient__s8606__smooth,fno,smooth,fitzhugh_nagumo,coefficient,ood,96,0,0,0,0.007259464426778938
selector_g64,fitzhugh_nagumo__fno__correct__s8101__iid,fno,iid,fitzhugh_nagumo,correct,test,64,0,0,0,0.0005349846641297257
selector_g64,fitzhugh_nagumo__fno__correct__s8101__iid,fno,iid,fitzhugh_nagumo,correct,test,96,0,0,0,0.00042964652936821235
selector_g64,fitzhugh_nagumo__fno__correct__s8101__iid,fno,iid,fitzhugh_nagumo,correct,ood,64,0,0,0,0.02005291852015212
selector_g64,fitzhugh_nagumo__fno__correct__s8101__iid,fno,iid,fitzhugh_nagumo,correct,ood,96,0,0,0,0.014405328877990325
selector_g64,fitzhugh_nagumo__fno__correct__s8101__none,fno,none,fitzhugh_nagumo,correct,test,64,0,0,0,0.0005267919249596527
selector_g64,fitzhugh_nagumo__fno__correct__s8101__none,fno,none,fitzhugh_nagumo,correct,test,96,0,0,0,0.0004377993364614238
selector_g64,fitzhugh_nagumo__fno__correct__s8101__none,fno,none,fitzhugh_nagumo,correct,ood,64,0,0,0,0.015472059864401366
selector_g64,fitzhugh_nagumo__fno__correct__s8101__none,fno,none,fitzhugh_nagumo,correct,ood,96,0,0,0,0.011449812610091334
selector_g64,fitzhugh_nagumo__fno__correct__s8101__response_matched,fno,response_matched,fitzhugh_nagumo,correct,test,64,0,0,0,0.0007382933437131839
selector_g64,fitzhugh_nagumo__fno__correct__s8101__response_matched,fno,response_matched,fitzhugh_nagumo,correct,test,96,0,0,0,0.0005953993073280391
selector_g64,fitzhugh_nagumo__fno__correct__s8101__response_matched,fno,response_matched,fitzhugh_nagumo,correct,ood,64,0,0,0,0.011829565867020664
selector_g64,fitzhugh_nagumo__fno__correct__s8101__response_matched,fno,response_matched,fitzhugh_nagumo,correct,ood,96,0,0,0,0.008442166408345535
selector_g64,fitzhugh_nagumo__fno__correct__s8101__smooth,fno,smooth,fitzhugh_nagumo,correct,test,64,0,0,0,0.0006521783057109182
selector_g64,fitzhugh_nagumo__fno__correct__s8101__smooth,fno,smooth,fitzhugh_nagumo,correct,test,96,0,0,0,0.0005244107421919035
selector_g64,fitzhugh_nagumo__fno__correct__s8101__smooth,fno,smooth,fitzhugh_nagumo,correct,ood,64,0,0,0,0.018487098214345465
selector_g64,fitzhugh_nagumo__fno__correct__s8101__smooth,fno,smooth,fitzhugh_nagumo,correct,ood,96,0,0,0,0.013401197744366064
selector_g64,fitzhugh_nagumo__fno__correct__s8202__iid,fno,iid,fitzhugh_nagumo,correct,test,64,0,0,0,0.0005078444661788667
selector_g64,fitzhugh_nagumo__fno__correct__s8202__iid,fno,iid,fitzhugh_nagumo,correct,test,96,0,0,0,0.0004071428221309552
selector_g64,fitzhugh_nagumo__fno__correct__s8202__iid,fno,iid,fitzhugh_nagumo,correct,ood,64,0,0,0,0.002976898968029107
selector_g64,fitzhugh_nagumo__fno__correct__s8202__iid,fno,iid,fitzhugh_nagumo,correct,ood,96,0,0,0,0.0023639770203551054
selector_g64,fitzhugh_nagumo__fno__correct__s8202__none,fno,none,fitzhugh_nagumo,correct,test,64,0,0,0,0.0009087372880223904
selector_g64,fitzhugh_nagumo__fno__correct__s8202__none,fno,none,fitzhugh_nagumo,correct,test,96,0,0,0,0.0007226462705557473
selector_g64,fitzhugh_nagumo__fno__correct__s8202__none,fno,none,fitzhugh_nagumo,correct,ood,64,0,0,0,0.0027564355300051524
selector_g64,fitzhugh_nagumo__fno__correct__s8202__none,fno,none,fitzhugh_nagumo,correct,ood,96,0,0,0,0.0020640851832132157
selector_g64,fitzhugh_nagumo__fno__correct__s8202__response_matched,fno,response_matched,fitzhugh_nagumo,correct,test,64,0,0,0,0.0006411263615525853
selector_g64,fitzhugh_nagumo__fno__correct__s8202__response_matched,fno,response_matched,fitzhugh_nagumo,correct,test,96,0,0,0,0.0005055507195506256
selector_g64,fitzhugh_nagumo__fno__correct__s8202__response_matched,fno,response_matched,fitzhugh_nagumo,correct,ood,64,0,0,0,0.0032313228335825173
selector_g64,fitzhugh_nagumo__fno__correct__s8202__response_matched,fno,response_matched,fitzhugh_nagumo,correct,ood,96,0,0,0,0.0027183635946842104
selector_g64,fitzhugh_nagumo__fno__correct__s8202__smooth,fno,smooth,fitzhugh_nagumo,correct,test,64,0,0,0,0.0003986541673176164
selector_g64,fitzhugh_nagumo__fno__correct__s8202__smooth,fno,smooth,fitzhugh_nagumo,correct,test,96,0,0,0,0.00032449470735704256
selector_g64,fitzhugh_nagumo__fno__correct__s8202__smooth,fno,smooth,fitzhugh_nagumo,correct,ood,64,0,0,0,0.0037958955151702334
selector_g64,fitzhugh_nagumo__fno__correct__s8202__smooth,fno,smooth,fitzhugh_nagumo,correct,ood,96,0,0,0,0.002988883088777132
selector_g64,fitzhugh_nagumo__fno__correct__s8303__iid,fno,iid,fitzhugh_nagumo,correct,test,64,0,0,0,0.0004445698435174006
selector_g64,fitzhugh_nagumo__fno__correct__s8303__iid,fno,iid,fitzhugh_nagumo,correct,test,96,0,0,0,0.00037132526303657043
selector_g64,fitzhugh_nagumo__fno__correct__s8303__iid,fno,iid,fitzhugh_nagumo,correct,ood,64,0,0,0,0.01268852275584531
selector_g64,fitzhugh_nagumo__fno__correct__s8303__iid,fno,iid,fitzhugh_nagumo,correct,ood,96,0,0,0,0.010025069127309383
selector_g64,fitzhugh_nagumo__fno__correct__s8303__none,fno,none,fitzhugh_nagumo,correct,test,64,0,0,0,0.00048684091667398205
selector_g64,fitzhugh_nagumo__fno__correct__s8303__none,fno,none,fitzhugh_nagumo,correct,test,96,0,0,0,0.0004122910672634308
selector_g64,fitzhugh_nagumo__fno__correct__s8303__none,fno,none,fitzhugh_nagumo,correct,ood,64,0,0,0,0.005106319183145858
selector_g64,fitzhugh_nagumo__fno__correct__s8303__none,fno,none,fitzhugh_nagumo,correct,ood,96,0,0,0,0.0049624657722450545
selector_g64,fitzhugh_nagumo__fno__correct__s8303__response_matched,fno,response_matched,fitzhugh_nagumo,correct,test,64,0,0,0,0.0004849559998554298
selector_g64,fitzhugh_nagumo__fno__correct__s8303__response_matched,fno,response_matched,fitzhugh_nagumo,correct,test,96,0,0,0,0.0003947187092308013
selector_g64,fitzhugh_nagumo__fno__correct__s8303__response_matched,fno,response_matched,fitzhugh_nagumo,correct,ood,64,0,0,0,0.007562478841740883
selector_g64,fitzhugh_nagumo__fno__correct__s8303__response_matched,fno,response_matched,fitzhugh_nagumo,correct,ood,96,0,0,0,0.00630716131756004
selector_g64,fitzhugh_nagumo__fno__correct__s8303__smooth,fno,smooth,fitzhugh_nagumo,correct,test,64,0,0,0,0.0004709296451216455
selector_g64,fitzhugh_nagumo__fno__correct__s8303__smooth,fno,smooth,fitzhugh_nagumo,correct,test,96,0,0,0,0.0003791150297933107
selector_g64,fitzhugh_nagumo__fno__correct__s8303__smooth,fno,smooth,fitzhugh_nagumo,correct,ood,64,0,0,0,0.013392720382102596
selector_g64,fitzhugh_nagumo__fno__correct__s8303__smooth,fno,smooth,fitzhugh_nagumo,correct,ood,96,0,0,0,0.011271541203628166
selector_g64,fitzhugh_nagumo__fno__correct__s8404__iid,fno,iid,fitzhugh_nagumo,correct,test,64,0,0,0,0.000602319456706274
selector_g64,fitzhugh_nagumo__fno__correct__s8404__iid,fno,iid,fitzhugh_nagumo,correct,test,96,0,0,0,0.0004767569165809449
selector_g64,fitzhugh_nagumo__fno__correct__s8404__iid,fno,iid,fitzhugh_nagumo,correct,ood,64,0,0,0,0.0046326995976779806
selector_g64,fitzhugh_nagumo__fno__correct__s8404__iid,fno,iid,fitzhugh_nagumo,correct,ood,96,0,0,0,0.004040431041611411
selector_g64,fitzhugh_nagumo__fno__correct__s8404__none,fno,none,fitzhugh_nagumo,correct,test,64,0,0,0,0.00024339176836629672
selector_g64,fitzhugh_nagumo__fno__correct__s8404__none,fno,none,fitzhugh_nagumo,correct,test,96,0,0,0,0.0001971403303456428
selector_g64,fitzhugh_nagumo__fno__correct__s8404__none,fno,none,fitzhugh_nagumo,correct,ood,64,0,0,0,0.009450601933929936
selector_g64,fitzhugh_nagumo__fno__correct__s8404__none,fno,none,fitzhugh_nagumo,correct,ood,96,0,0,0,0.006850757534611322
selector_g64,fitzhugh_nagumo__fno__correct__s8404__response_matched,fno,response_matched,fitzhugh_nagumo,correct,test,64,0,0,0,0.0004938614482439263
selector_g64,fitzhugh_nagumo__fno__correct__s8404__response_matched,fno,response_matched,fitzhugh_nagumo,correct,test,96,0,0,0,0.0003923032366497381
selector_g64,fitzhugh_nagumo__fno__correct__s8404__response_matched,fno,response_matched,fitzhugh_nagumo,correct,ood,64,0,0,0,0.003549063069374858
selector_g64,fitzhugh_nagumo__fno__correct__s8404__response_matched,fno,response_matched,fitzhugh_nagumo,correct,ood,96,0,0,0,0.0029644941746268154
selector_g64,fitzhugh_nagumo__fno__correct__s8404__smooth,fno,smooth,fitzhugh_nagumo,correct,test,64,0,0,0,0.0003057722712711819
selector_g64,fitzhugh_nagumo__fno__correct__s8404__smooth,fno,smooth,fitzhugh_nagumo,correct,test,96,0,0,0,0.0002663317299517002
selector_g64,fitzhugh_nagumo__fno__correct__s8404__smooth,fno,smooth,fitzhugh_nagumo,correct,ood,64,0,0,0,0.003051372003907038
selector_g64,fitzhugh_nagumo__fno__correct__s8404__smooth,fno,smooth,fitzhugh_nagumo,correct,ood,96,0,0,0,0.002352151645456694
selector_g64,fitzhugh_nagumo__fno__correct__s8505__iid,fno,iid,fitzhugh_nagumo,correct,test,64,0,0,0,0.0004569896848210381
selector_g64,fitzhugh_nagumo__fno__correct__s8505__iid,fno,iid,fitzhugh_nagumo,correct,test,96,0,0,0,0.00037014488850127997
selector_g64,fitzhugh_nagumo__fno__correct__s8505__iid,fno,iid,fitzhugh_nagumo,correct,ood,64,0,0,0,0.024487104144216953
selector_g64,fitzhugh_nagumo__fno__correct__s8505__iid,fno,iid,fitzhugh_nagumo,correct,ood,96,0,0,0,0.018116472151359808
selector_g64,fitzhugh_nagumo__fno__correct__s8505__none,fno,none,fitzhugh_nagumo,correct,test,64,0,0,0,0.0003545094830148532
selector_g64,fitzhugh_nagumo__fno__correct__s8505__none,fno,none,fitzhugh_nagumo,correct,test,96,0,0,0,0.000308110913759041
selector_g64,fitzhugh_nagumo__fno__correct__s8505__none,fno,none,fitzhugh_nagumo,correct,ood,64,0,0,0,0.003365444114710625
selector_g64,fitzhugh_nagumo__fno__correct__s8505__none,fno,none,fitzhugh_nagumo,correct,ood,96,0,0,0,0.0029932966697600407
selector_g64,fitzhugh_nagumo__fno__correct__s8505__response_matched,fno,response_matched,fitzhugh_nagumo,correct,test,64,0,0,0,0.0010024732092966532
selector_g64,fitzhugh_nagumo__fno__correct__s8505__response_matched,fno,response_matched,fitzhugh_nagumo,correct,test,96,0,0,0,0.000817422888362368
selector_g64,fitzhugh_nagumo__fno__correct__s8505__response_matched,fno,response_matched,fitzhugh_nagumo,correct,ood,64,0,0,0,0.005071440571594588
selector_g64,fitzhugh_nagumo__fno__correct__s8505__response_matched,fno,response_matched,fitzhugh_nagumo,correct,ood,96,0,0,0,0.003838952366309822
selector_g64,fitzhugh_nagumo__fno__correct__s8505__smooth,fno,smooth,fitzhugh_nagumo,correct,test,64,0,0,0,0.0004028212717461302
selector_g64,fitzhugh_nagumo__fno__correct__s8505__smooth,fno,smooth,fitzhugh_nagumo,correct,test,96,0,0,0,0.0003606848122215539
selector_g64,fitzhugh_nagumo__fno__correct__s8505__smooth,fno,smooth,fitzhugh_nagumo,correct,ood,64,0,0,0,0.0032495470600024667
selector_g64,fitzhugh_nagumo__fno__correct__s8505__smooth,fno,smooth,fitzhugh_nagumo,correct,ood,96,0,0,0,0.0028174945509116256
selector_g64,fitzhugh_nagumo__fno__correct__s8606__iid,fno,iid,fitzhugh_nagumo,correct,test,64,0,0,0,0.0006741938185758911
selector_g64,fitzhugh_nagumo__fno__correct__s8606__iid,fno,iid,fitzhugh_nagumo,correct,test,96,0,0,0,0.0005383628395018343
selector_g64,fitzhugh_nagumo__fno__correct__s8606__iid,fno,iid,fitzhugh_nagumo,correct,ood,64,0,0,0,0.005131793238883686
selector_g64,fitzhugh_nagumo__fno__correct__s8606__iid,fno,iid,fitzhugh_nagumo,correct,ood,96,0,0,0,0.00396111717198903
selector_g64,fitzhugh_nagumo__fno__correct__s8606__none,fno,none,fitzhugh_nagumo,correct,test,64,0,0,0,0.0005027430064936597
selector_g64,fitzhugh_nagumo__fno__correct__s8606__none,fno,none,fitzhugh_nagumo,correct,test,96,0,0,0,0.0004210580187562439
selector_g64,fitzhugh_nagumo__fno__correct__s8606__none,fno,none,fitzhugh_nagumo,correct,ood,64,0,0,0,0.010447849410241239
selector_g64,fitzhugh_nagumo__fno__correct__s8606__none,fno,none,fitzhugh_nagumo,correct,ood,96,0,0,0,0.00757669970458393
selector_g64,fitzhugh_nagumo__fno__correct__s8606__response_matched,fno,response_matched,fitzhugh_nagumo,correct,test,64,0,0,0,0.0005753279909223169
selector_g64,fitzhugh_nagumo__fno__correct__s8606__response_matched,fno,response_matched,fitzhugh_nagumo,correct,test,96,0,0,0,0.00046306262090457334
selector_g64,fitzhugh_nagumo__fno__correct__s8606__response_matched,fno,response_matched,fitzhugh_nagumo,correct,ood,64,0,0,0,0.006167627588600011
selector_g64,fitzhugh_nagumo__fno__correct__s8606__response_matched,fno,response_matched,fitzhugh_nagumo,correct,ood,96,0,0,0,0.0046075956473316335
selector_g64,fitzhugh_nagumo__fno__correct__s8606__smooth,fno,smooth,fitzhugh_nagumo,correct,test,64,0,0,0,0.0004752450070256639
selector_g64,fitzhugh_nagumo__fno__correct__s8606__smooth,fno,smooth,fitzhugh_nagumo,correct,test,96,0,0,0,0.0003842506113756611
selector_g64,fitzhugh_nagumo__fno__correct__s8606__smooth,fno,smooth,fitzhugh_nagumo,correct,ood,64,0,0,0,0.009129078361260257
selector_g64,fitzhugh_nagumo__fno__correct__s8606__smooth,fno,smooth,fitzhugh_nagumo,correct,ood,96,0,0,0,0.006590876427230996
selector_g64,fitzhugh_nagumo__fno__structural__s8101__iid,fno,iid,fitzhugh_nagumo,structural,test,64,0,0,0,0.11308880570262436
selector_g64,fitzhugh_nagumo__fno__structural__s8101__iid,fno,iid,fitzhugh_nagumo,structural,test,96,0,0,0,0.33390025955882197
selector_g64,fitzhugh_nagumo__fno__structural__s8101__iid,fno,iid,fitzhugh_nagumo,structural,ood,64,0,0,0,0.029283790833928736
selector_g64,fitzhugh_nagumo__fno__structural__s8101__iid,fno,iid,fitzhugh_nagumo,structural,ood,96,0,0,0,0.20656191896394635
selector_g64,fitzhugh_nagumo__fno__structural__s8101__none,fno,none,fitzhugh_nagumo,structural,test,64,0,0,0,0.0005267919249596527
selector_g64,fitzhugh_nagumo__fno__structural__s8101__none,fno,none,fitzhugh_nagumo,structural,test,96,0,0,0,0.0004377993364614238
selector_g64,fitzhugh_nagumo__fno__structural__s8101__none,fno,none,fitzhugh_nagumo,structural,ood,64,0,0,0,0.015472059864401366
selector_g64,fitzhugh_nagumo__fno__structural__s8101__none,fno,none,fitzhugh_nagumo,structural,ood,96,0,0,0,0.011449812610091334
selector_g64,fitzhugh_nagumo__fno__structural__s8101__response_matched,fno,response_matched,fitzhugh_nagumo,structural,test,64,0,0,0,0.01674272423242562
selector_g64,fitzhugh_nagumo__fno__structural__s8101__response_matched,fno,response_matched,fitzhugh_nagumo,structural,test,96,0,0,0,0.13211344566345185
selector_g64,fitzhugh_nagumo__fno__structural__s8101__response_matched,fno,response_matched,fitzhugh_nagumo,structural,ood,64,0,0,0,0.00866244416496964
selector_g64,fitzhugh_nagumo__fno__structural__s8101__response_matched,fno,response_matched,fitzhugh_nagumo,structural,ood,96,0,0,0,0.06358687865386559
selector_g64,fitzhugh_nagumo__fno__structural__s8101__smooth,fno,smooth,fitzhugh_nagumo,structural,test,64,0,0,0,0.02129262810867727
selector_g64,fitzhugh_nagumo__fno__structural__s8101__smooth,fno,smooth,fitzhugh_nagumo,structural,test,96,0,0,0,0.020973090060613687
selector_g64,fitzhugh_nagumo__fno__structural__s8101__smooth,fno,smooth,fitzhugh_nagumo,structural,ood,64,0,0,0,0.02680924041097832
selector_g64,fitzhugh_nagumo__fno__structural__s8101__smooth,fno,smooth,fitzhugh_nagumo,structural,ood,96,0,0,0,0.02155295263936926
selector_g64,fitzhugh_nagumo__fno__structural__s8202__iid,fno,iid,fitzhugh_nagumo,structural,test,64,0,0,0,0.16266159885087483
selector_g64,fitzhugh_nagumo__fno__structural__s8202__iid,fno,iid,fitzhugh_nagumo,structural,test,96,0,19,5,14171.549833035904
selector_g64,fitzhugh_nagumo__fno__structural__s8202__iid,fno,iid,fitzhugh_nagumo,structural,ood,64,0,0,0,42.503919327310726
selector_g64,fitzhugh_nagumo__fno__structural__s8202__iid,fno,iid,fitzhugh_nagumo,structural,ood,96,0,191,23,3327689.268855242
selector_g64,fitzhugh_nagumo__fno__structural__s8202__none,fno,none,fitzhugh_nagumo,structural,test,64,0,0,0,0.0009087372880223904
selector_g64,fitzhugh_nagumo__fno__structural__s8202__none,fno,none,fitzhugh_nagumo,structural,test,96,0,0,0,0.0007226462705557473
selector_g64,fitzhugh_nagumo__fno__structural__s8202__none,fno,none,fitzhugh_nagumo,structural,ood,64,0,0,0,0.0027564355300051524
selector_g64,fitzhugh_nagumo__fno__structural__s8202__none,fno,none,fitzhugh_nagumo,structural,ood,96,0,0,0,0.0020640851832132157
selector_g64,fitzhugh_nagumo__fno__structural__s8202__response_matched,fno,response_matched,fitzhugh_nagumo,structural,test,64,0,0,0,0.03258334683388742
selector_g64,fitzhugh_nagumo__fno__structural__s8202__response_matched,fno,response_matched,fitzhugh_nagumo,structural,test,96,0,0,0,0.07581380796246077
selector_g64,fitzhugh_nagumo__fno__structural__s8202__response_matched,fno,response_matched,fitzhugh_nagumo,structural,ood,64,0,0,0,0.032799037737099024
selector_g64,fitzhugh_nagumo__fno__structural__s8202__response_matched,fno,response_matched,fitzhugh_nagumo,structural,ood,96,0,0,0,0.025128233933206623
selector_g64,fitzhugh_nagumo__fno__structural__s8202__smooth,fno,smooth,fitzhugh_nagumo,structural,test,64,0,0,0,0.021090829981029513
selector_g64,fitzhugh_nagumo__fno__structural__s8202__smooth,fno,smooth,fitzhugh_nagumo,structural,test,96,0,0,0,0.018471270644659622
selector_g64,fitzhugh_nagumo__fno__structural__s8202__smooth,fno,smooth,fitzhugh_nagumo,structural,ood,64,0,0,0,0.011304871205751521
selector_g64,fitzhugh_nagumo__fno__structural__s8202__smooth,fno,smooth,fitzhugh_nagumo,structural,ood,96,0,0,0,0.011638390048109848
selector_g64,fitzhugh_nagumo__fno__structural__s8303__iid,fno,iid,fitzhugh_nagumo,structural,test,64,0,0,0,0.017114585415751504
selector_g64,fitzhugh_nagumo__fno__structural__s8303__iid,fno,iid,fitzhugh_nagumo,structural,test,96,0,0,0,0.04580042334694949
selector_g64,fitzhugh_nagumo__fno__structural__s8303__iid,fno,iid,fitzhugh_nagumo,structural,ood,64,0,0,0,0.041225754510831436
selector_g64,fitzhugh_nagumo__fno__structural__s8303__iid,fno,iid,fitzhugh_nagumo,structural,ood,96,0,0,0,0.0408709212467393
selector_g64,fitzhugh_nagumo__fno__structural__s8303__none,fno,none,fitzhugh_nagumo,structural,test,64,0,0,0,0.00048684091667398205
selector_g64,fitzhugh_nagumo__fno__structural__s8303__none,fno,none,fitzhugh_nagumo,structural,test,96,0,0,0,0.0004122910672634308
selector_g64,fitzhugh_nagumo__fno__structural__s8303__none,fno,none,fitzhugh_nagumo,structural,ood,64,0,0,0,0.005106319183145858
selector_g64,fitzhugh_nagumo__fno__structural__s8303__none,fno,none,fitzhugh_nagumo,structural,ood,96,0,0,0,0.0049624657722450545
selector_g64,fitzhugh_nagumo__fno__structural__s8303__response_matched,fno,response_matched,fitzhugh_nagumo,structural,test,64,0,0,0,0.050846895155357785
selector_g64,fitzhugh_nagumo__fno__structural__s8303__response_matched,fno,response_matched,fitzhugh_nagumo,structural,test,96,0,0,0,0.09558299963203727
selector_g64,fitzhugh_nagumo__fno__structural__s8303__response_matched,fno,response_matched,fitzhugh_nagumo,structural,ood,64,0,0,0,0.02601911138109192
selector_g64,fitzhugh_nagumo__fno__structural__s8303__response_matched,fno,response_matched,fitzhugh_nagumo,structural,ood,96,0,0,0,0.16475148004855295
selector_g64,fitzhugh_nagumo__fno__structural__s8303__smooth,fno,smooth,fitzhugh_nagumo,structural,test,64,0,0,0,0.012814303200668786
selector_g64,fitzhugh_nagumo__fno__structural__s8303__smooth,fno,smooth,fitzhugh_nagumo,structural,test,96,0,0,0,0.011328167697029157
selector_g64,fitzhugh_nagumo__fno__structural__s8303__smooth,fno,smooth,fitzhugh_nagumo,structural,ood,64,0,0,0,0.010825398682323462
selector_g64,fitzhugh_nagumo__fno__structural__s8303__smooth,fno,smooth,fitzhugh_nagumo,structural,ood,96,0,0,0,0.014172611967388022
selector_g64,fitzhugh_nagumo__fno__structural__s8404__iid,fno,iid,fitzhugh_nagumo,structural,test,64,0,0,0,0.19080680464422184
selector_g64,fitzhugh_nagumo__fno__structural__s8404__iid,fno,iid,fitzhugh_nagumo,structural,test,96,0,5,2,3576.6151326833824
selector_g64,fitzhugh_nagumo__fno__structural__s8404__iid,fno,iid,fitzhugh_nagumo,structural,ood,64,0,0,0,998.237472654421
selector_g64,fitzhugh_nagumo__fno__structural__s8404__iid,fno,iid,fitzhugh_nagumo,structural,ood,96,0,612,45,14430069.23522376
selector_g64,fitzhugh_nagumo__fno__structural__s8404__none,fno,none,fitzhugh_nagumo,structural,test,64,0,0,0,0.00024339176836629672
selector_g64,fitzhugh_nagumo__fno__structural__s8404__none,fno,none,fitzhugh_nagumo,structural,test,96,0,0,0,0.0001971403303456428
selector_g64,fitzhugh_nagumo__fno__structural__s8404__none,fno,none,fitzhugh_nagumo,structural,ood,64,0,0,0,0.009450601933929936
selector_g64,fitzhugh_nagumo__fno__structural__s8404__none,fno,none,fitzhugh_nagumo,structural,ood,96,0,0,0,0.006850757534611322
selector_g64,fitzhugh_nagumo__fno__structural__s8404__response_matched,fno,response_matched,fitzhugh_nagumo,structural,test,64,0,0,0,0.04798293642513307
selector_g64,fitzhugh_nagumo__fno__structural__s8404__response_matched,fno,response_matched,fitzhugh_nagumo,structural,test,96,0,0,0,156.34912614036904
selector_g64,fitzhugh_nagumo__fno__structural__s8404__response_matched,fno,response_matched,fitzhugh_nagumo,structural,ood,64,0,0,0,29.25931615472948
selector_g64,fitzhugh_nagumo__fno__structural__s8404__response_matched,fno,response_matched,fitzhugh_nagumo,structural,ood,96,0,93,15,95283.18111059614
selector_g64,fitzhugh_nagumo__fno__structural__s8404__smooth,fno,smooth,fitzhugh_nagumo,structural,test,64,0,0,0,0.012395822476632512
selector_g64,fitzhugh_nagumo__fno__structural__s8404__smooth,fno,smooth,fitzhugh_nagumo,structural,test,96,0,0,0,0.012079368877966495
selector_g64,fitzhugh_nagumo__fno__structural__s8404__smooth,fno,smooth,fitzhugh_nagumo,structural,ood,64,0,0,0,0.022442948664193274
selector_g64,fitzhugh_nagumo__fno__structural__s8404__smooth,fno,smooth,fitzhugh_nagumo,structural,ood,96,0,0,0,0.02242359913823163
selector_g64,fitzhugh_nagumo__fno__structural__s8505__iid,fno,iid,fitzhugh_nagumo,structural,test,64,0,0,0,0.016396319977800333
selector_g64,fitzhugh_nagumo__fno__structural__s8505__iid,fno,iid,fitzhugh_nagumo,structural,test,96,0,0,0,0.014205116651727709
selector_g64,fitzhugh_nagumo__fno__structural__s8505__iid,fno,iid,fitzhugh_nagumo,structural,ood,64,0,0,0,0.005594875265862442
selector_g64,fitzhugh_nagumo__fno__structural__s8505__iid,fno,iid,fitzhugh_nagumo,structural,ood,96,0,0,0,0.005623223210718361
selector_g64,fitzhugh_nagumo__fno__structural__s8505__none,fno,none,fitzhugh_nagumo,structural,test,64,0,0,0,0.0003545094830148532
selector_g64,fitzhugh_nagumo__fno__structural__s8505__none,fno,none,fitzhugh_nagumo,structural,test,96,0,0,0,0.000308110913759041
selector_g64,fitzhugh_nagumo__fno__structural__s8505__none,fno,none,fitzhugh_nagumo,structural,ood,64,0,0,0,0.003365444114710625
selector_g64,fitzhugh_nagumo__fno__structural__s8505__none,fno,none,fitzhugh_nagumo,structural,ood,96,0,0,0,0.0029932966697600407
selector_g64,fitzhugh_nagumo__fno__structural__s8505__response_matched,fno,response_matched,fitzhugh_nagumo,structural,test,64,0,0,0,0.016153000596105804
selector_g64,fitzhugh_nagumo__fno__structural__s8505__response_matched,fno,response_matched,fitzhugh_nagumo,structural,test,96,0,0,0,0.03560461042209817
selector_g64,fitzhugh_nagumo__fno__structural__s8505__response_matched,fno,response_matched,fitzhugh_nagumo,structural,ood,64,0,0,0,0.006770743967797088
selector_g64,fitzhugh_nagumo__fno__structural__s8505__response_matched,fno,response_matched,fitzhugh_nagumo,structural,ood,96,0,0,0,0.04695539751585306
selector_g64,fitzhugh_nagumo__fno__structural__s8505__smooth,fno,smooth,fitzhugh_nagumo,structural,test,64,0,0,0,0.009396736387171312
selector_g64,fitzhugh_nagumo__fno__structural__s8505__smooth,fno,smooth,fitzhugh_nagumo,structural,test,96,0,0,0,0.008692020617652025
selector_g64,fitzhugh_nagumo__fno__structural__s8505__smooth,fno,smooth,fitzhugh_nagumo,structural,ood,64,0,0,0,0.007772421655511952
selector_g64,fitzhugh_nagumo__fno__structural__s8505__smooth,fno,smooth,fitzhugh_nagumo,structural,ood,96,0,0,0,0.00915488849263261
selector_g64,fitzhugh_nagumo__fno__structural__s8606__iid,fno,iid,fitzhugh_nagumo,structural,test,64,0,0,0,0.009520084546341567
selector_g64,fitzhugh_nagumo__fno__structural__s8606__iid,fno,iid,fitzhugh_nagumo,structural,test,96,0,0,0,2.837763389833377
selector_g64,fitzhugh_nagumo__fno__structural__s8606__iid,fno,iid,fitzhugh_nagumo,structural,ood,64,0,0,0,0.025656372971223584
selector_g64,fitzhugh_nagumo__fno__structural__s8606__iid,fno,iid,fitzhugh_nagumo,structural,ood,96,0,0,0,0.024825865372195853
selector_g64,fitzhugh_nagumo__fno__structural__s8606__none,fno,none,fitzhugh_nagumo,structural,test,64,0,0,0,0.0005027430064936597
selector_g64,fitzhugh_nagumo__fno__structural__s8606__none,fno,none,fitzhugh_nagumo,structural,test,96,0,0,0,0.0004210580187562439
selector_g64,fitzhugh_nagumo__fno__structural__s8606__none,fno,none,fitzhugh_nagumo,structural,ood,64,0,0,0,0.010447849410241239
selector_g64,fitzhugh_nagumo__fno__structural__s8606__none,fno,none,fitzhugh_nagumo,structural,ood,96,0,0,0,0.00757669970458393
selector_g64,fitzhugh_nagumo__fno__structural__s8606__response_matched,fno,response_matched,fitzhugh_nagumo,structural,test,64,0,0,0,0.05238944892843278
selector_g64,fitzhugh_nagumo__fno__structural__s8606__response_matched,fno,response_matched,fitzhugh_nagumo,structural,test,96,0,0,0,0.7224097137588661
selector_g64,fitzhugh_nagumo__fno__structural__s8606__response_matched,fno,response_matched,fitzhugh_nagumo,structural,ood,64,0,0,0,0.007985996036444454
selector_g64,fitzhugh_nagumo__fno__structural__s8606__response_matched,fno,response_matched,fitzhugh_nagumo,structural,ood,96,0,0,0,0.011118370982552491
selector_g64,fitzhugh_nagumo__fno__structural__s8606__smooth,fno,smooth,fitzhugh_nagumo,structural,test,64,0,0,0,0.0074389223841224705
selector_g64,fitzhugh_nagumo__fno__structural__s8606__smooth,fno,smooth,fitzhugh_nagumo,structural,test,96,0,0,0,0.006926877173496493
selector_g64,fitzhugh_nagumo__fno__structural__s8606__smooth,fno,smooth,fitzhugh_nagumo,structural,ood,64,0,0,0,0.04926240791115216
selector_g64,fitzhugh_nagumo__fno__structural__s8606__smooth,fno,smooth,fitzhugh_nagumo,structural,ood,96,0,0,0,0.03911422703234846
selector_g64,fitzhugh_nagumo__looped__coefficient__s8101__iid,looped,iid,fitzhugh_nagumo,coefficient,test,64,0,0,0,0.021015060634910654
selector_g64,fitzhugh_nagumo__looped__coefficient__s8101__iid,looped,iid,fitzhugh_nagumo,coefficient,test,96,0,0,0,0.017360477556509345
selector_g64,fitzhugh_nagumo__looped__coefficient__s8101__iid,looped,iid,fitzhugh_nagumo,coefficient,ood,64,0,0,0,0.2131323111315595
selector_g64,fitzhugh_nagumo__looped__coefficient__s8101__iid,looped,iid,fitzhugh_nagumo,coefficient,ood,96,0,0,0,0.18576512086287755
selector_g64,fitzhugh_nagumo__looped__coefficient__s8101__none,looped,none,fitzhugh_nagumo,coefficient,test,64,0,0,0,0.03224255067468351
selector_g64,fitzhugh_nagumo__looped__coefficient__s8101__none,looped,none,fitzhugh_nagumo,coefficient,test,96,0,0,0,0.026270420365668883
selector_g64,fitzhugh_nagumo__looped__coefficient__s8101__none,looped,none,fitzhugh_nagumo,coefficient,ood,64,0,0,0,0.18297988707291069
selector_g64,fitzhugh_nagumo__looped__coefficient__s8101__none,looped,none,fitzhugh_nagumo,coefficient,ood,96,0,0,0,0.19667266335442926
selector_g64,fitzhugh_nagumo__looped__coefficient__s8101__response_matched,looped,response_matched,fitzhugh_nagumo,coefficient,test,64,0,0,0,0.017732745270715444
selector_g64,fitzhugh_nagumo__looped__coefficient__s8101__response_matched,looped,response_matched,fitzhugh_nagumo,coefficient,test,96,0,0,0,0.014651780779517823
selector_g64,fitzhugh_nagumo__looped__coefficient__s8101__response_matched,looped,response_matched,fitzhugh_nagumo,coefficient,ood,64,0,0,0,0.24100096966270712
selector_g64,fitzhugh_nagumo__looped__coefficient__s8101__response_matched,looped,response_matched,fitzhugh_nagumo,coefficient,ood,96,0,0,0,0.20028532389881093
selector_g64,fitzhugh_nagumo__looped__coefficient__s8101__smooth,looped,smooth,fitzhugh_nagumo,coefficient,test,64,0,0,0,0.03014436743296134
selector_g64,fitzhugh_nagumo__looped__coefficient__s8101__smooth,looped,smooth,fitzhugh_nagumo,coefficient,test,96,0,0,0,0.024632744356481474
selector_g64,fitzhugh_nagumo__looped__coefficient__s8101__smooth,looped,smooth,fitzhugh_nagumo,coefficient,ood,64,0,0,0,0.19029823206658136
selector_g64,fitzhugh_nagumo__looped__coefficient__s8101__smooth,looped,smooth,fitzhugh_nagumo,coefficient,ood,96,0,0,0,0.19196904760030029
selector_g64,fitzhugh_nagumo__looped__coefficient__s8202__iid,looped,iid,fitzhugh_nagumo,coefficient,test,64,0,0,0,0.010557450064534013
selector_g64,fitzhugh_nagumo__looped__coefficient__s8202__iid,looped,iid,fitzhugh_nagumo,coefficient,test,96,0,0,0,0.008918080847845584
selector_g64,fitzhugh_nagumo__looped__coefficient__s8202__iid,looped,iid,fitzhugh_nagumo,coefficient,ood,64,0,0,0,0.16210547333415093
selector_g64,fitzhugh_nagumo__looped__coefficient__s8202__iid,looped,iid,fitzhugh_nagumo,coefficient,ood,96,0,0,0,0.11798608838794658
selector_g64,fitzhugh_nagumo__looped__coefficient__s8202__none,looped,none,fitzhugh_nagumo,coefficient,test,64,0,0,0,0.011700169201874444
selector_g64,fitzhugh_nagumo__looped__coefficient__s8202__none,looped,none,fitzhugh_nagumo,coefficient,test,96,0,0,0,0.00937201768953444
selector_g64,fitzhugh_nagumo__looped__coefficient__s8202__none,looped,none,fitzhugh_nagumo,coefficient,ood,64,0,0,0,0.07371041910471376
selector_g64,fitzhugh_nagumo__looped__coefficient__s8202__none,looped,none,fitzhugh_nagumo,coefficient,ood,96,0,0,0,0.05831900369541169
selector_g64,fitzhugh_nagumo__looped__coefficient__s8202__response_matched,looped,response_matched,fitzhugh_nagumo,coefficient,test,64,0,0,0,0.011344991940962057
selector_g64,fitzhugh_nagumo__looped__coefficient__s8202__response_matched,looped,response_matched,fitzhugh_nagumo,coefficient,test,96,0,0,0,0.009405673415142424
selector_g64,fitzhugh_nagumo__looped__coefficient__s8202__response_matched,looped,response_matched,fitzhugh_nagumo,coefficient,ood,64,0,0,0,0.18708741581711763
selector_g64,fitzhugh_nagumo__looped__coefficient__s8202__response_matched,looped,response_matched,fitzhugh_nagumo,coefficient,ood,96,0,0,0,0.14069479794972986
selector_g64,fitzhugh_nagumo__looped__coefficient__s8202__smooth,looped,smooth,fitzhugh_nagumo,coefficient,test,64,0,0,0,0.012473728761172254
selector_g64,fitzhugh_nagumo__looped__coefficient__s8202__smooth,looped,smooth,fitzhugh_nagumo,coefficient,test,96,0,0,0,0.010327119152535147
selector_g64,fitzhugh_nagumo__looped__coefficient__s8202__smooth,looped,smooth,fitzhugh_nagumo,coefficient,ood,64,0,0,0,0.08831831533084866
selector_g64,fitzhugh_nagumo__looped__coefficient__s8202__smooth,looped,smooth,fitzhugh_nagumo,coefficient,ood,96,0,0,0,0.06673666458685781
selector_g64,fitzhugh_nagumo__looped__coefficient__s8303__iid,looped,iid,fitzhugh_nagumo,coefficient,test,64,0,0,0,0.015160272046553791
selector_g64,fitzhugh_nagumo__looped__coefficient__s8303__iid,looped,iid,fitzhugh_nagumo,coefficient,test,96,0,0,0,0.012549786163757275
selector_g64,fitzhugh_nagumo__looped__coefficient__s8303__iid,looped,iid,fitzhugh_nagumo,coefficient,ood,64,0,0,0,0.2666991477170626
selector_g64,fitzhugh_nagumo__looped__coefficient__s8303__iid,looped,iid,fitzhugh_nagumo,coefficient,ood,96,0,0,0,0.1937956231666457
selector_g64,fitzhugh_nagumo__looped__coefficient__s8303__none,looped,none,fitzhugh_nagumo,coefficient,test,64,0,0,0,0.024433793636438494
selector_g64,fitzhugh_nagumo__looped__coefficient__s8303__none,looped,none,fitzhugh_nagumo,coefficient,test,96,0,0,0,0.019802224123233476
selector_g64,fitzhugh_nagumo__looped__coefficient__s8303__none,looped,none,fitzhugh_nagumo,coefficient,ood,64,0,0,0,0.15121038677823861
selector_g64,fitzhugh_nagumo__looped__coefficient__s8303__none,looped,none,fitzhugh_nagumo,coefficient,ood,96,0,0,0,0.1182092002076871
selector_g64,fitzhugh_nagumo__looped__coefficient__s8303__response_matched,looped,response_matched,fitzhugh_nagumo,coefficient,test,64,0,0,0,0.01787955340849101
selector_g64,fitzhugh_nagumo__looped__coefficient__s8303__response_matched,looped,response_matched,fitzhugh_nagumo,coefficient,test,96,0,0,0,0.015279832557524593
selector_g64,fitzhugh_nagumo__looped__coefficient__s8303__response_matched,looped,response_matched,fitzhugh_nagumo,coefficient,ood,64,0,0,0,0.31099275577562935
selector_g64,fitzhugh_nagumo__looped__coefficient__s8303__response_matched,looped,response_matched,fitzhugh_nagumo,coefficient,ood,96,0,0,0,0.22613602302281302
selector_g64,fitzhugh_nagumo__looped__coefficient__s8303__smooth,looped,smooth,fitzhugh_nagumo,coefficient,test,64,0,0,0,0.01899368869897744
selector_g64,fitzhugh_nagumo__looped__coefficient__s8303__smooth,looped,smooth,fitzhugh_nagumo,coefficient,test,96,0,0,0,0.01565009699704027
selector_g64,fitzhugh_nagumo__looped__coefficient__s8303__smooth,looped,smooth,fitzhugh_nagumo,coefficient,ood,64,0,0,0,0.17224307503864722
selector_g64,fitzhugh_nagumo__looped__coefficient__s8303__smooth,looped,smooth,fitzhugh_nagumo,coefficient,ood,96,0,0,0,0.1350079047692129
selector_g64,fitzhugh_nagumo__looped__coefficient__s8404__iid,looped,iid,fitzhugh_nagumo,coefficient,test,64,0,0,0,0.019942141805460167
selector_g64,fitzhugh_nagumo__looped__coefficient__s8404__iid,looped,iid,fitzhugh_nagumo,coefficient,test,96,0,0,0,0.016337612180953677
selector_g64,fitzhugh_nagumo__looped__coefficient__s8404__iid,looped,iid,fitzhugh_nagumo,coefficient,ood,64,0,0,0,0.16628366961459307
selector_g64,fitzhugh_nagumo__looped__coefficient__s8404__iid,looped,iid,fitzhugh_nagumo,coefficient,ood,96,0,0,0,0.12011820989627135
selector_g64,fitzhugh_nagumo__looped__coefficient__s8404__none,looped,none,fitzhugh_nagumo,coefficient,test,64,0,0,0,0.023070157282810477
selector_g64,fitzhugh_nagumo__looped__coefficient__s8404__none,looped,none,fitzhugh_nagumo,coefficient,test,96,0,0,0,0.01873780454255384
selector_g64,fitzhugh_nagumo__looped__coefficient__s8404__none,looped,none,fitzhugh_nagumo,coefficient,ood,64,0,0,0,0.14413663195024995
selector_g64,fitzhugh_nagumo__looped__coefficient__s8404__none,looped,none,fitzhugh_nagumo,coefficient,ood,96,0,0,0,0.10893839572388941
selector_g64,fitzhugh_nagumo__looped__coefficient__s8404__response_matched,looped,response_matched,fitzhugh_nagumo,coefficient,test,64,0,0,0,0.017279667376326024
selector_g64,fitzhugh_nagumo__looped__coefficient__s8404__response_matched,looped,response_matched,fitzhugh_nagumo,coefficient,test,96,0,0,0,0.014534987132395944
selector_g64,fitzhugh_nagumo__looped__coefficient__s8404__response_matched,looped,response_matched,fitzhugh_nagumo,coefficient,ood,64,0,0,0,0.17526528345309345
selector_g64,fitzhugh_nagumo__looped__coefficient__s8404__response_matched,looped,response_matched,fitzhugh_nagumo,coefficient,ood,96,0,0,0,0.12686965222736055
selector_g64,fitzhugh_nagumo__looped__coefficient__s8404__smooth,looped,smooth,fitzhugh_nagumo,coefficient,test,64,0,0,0,0.020985309581422973
selector_g64,fitzhugh_nagumo__looped__coefficient__s8404__smooth,looped,smooth,fitzhugh_nagumo,coefficient,test,96,0,0,0,0.017184155295659163
selector_g64,fitzhugh_nagumo__looped__coefficient__s8404__smooth,looped,smooth,fitzhugh_nagumo,coefficient,ood,64,0,0,0,0.15679677500623868
selector_g64,fitzhugh_nagumo__looped__coefficient__s8404__smooth,looped,smooth,fitzhugh_nagumo,coefficient,ood,96,0,0,0,0.11605606066049508
selector_g64,fitzhugh_nagumo__looped__coefficient__s8505__iid,looped,iid,fitzhugh_nagumo,coefficient,test,64,0,0,0,0.007697561701928146
selector_g64,fitzhugh_nagumo__looped__coefficient__s8505__iid,looped,iid,fitzhugh_nagumo,coefficient,test,96,0,0,0,0.006422632041863737
selector_g64,fitzhugh_nagumo__looped__coefficient__s8505__iid,looped,iid,fitzhugh_nagumo,coefficient,ood,64,0,0,0,0.41696307152301415
selector_g64,fitzhugh_nagumo__looped__coefficient__s8505__iid,looped,iid,fitzhugh_nagumo,coefficient,ood,96,0,0,0,0.3067629868175269
selector_g64,fitzhugh_nagumo__looped__coefficient__s8505__none,looped,none,fitzhugh_nagumo,coefficient,test,64,0,0,0,0.009904960157425369
selector_g64,fitzhugh_nagumo__looped__coefficient__s8505__none,looped,none,fitzhugh_nagumo,coefficient,test,96,0,0,0,0.00863441985706781
selector_g64,fitzhugh_nagumo__looped__coefficient__s8505__none,looped,none,fitzhugh_nagumo,coefficient,ood,64,0,0,0,0.28831841159772864
selector_g64,fitzhugh_nagumo__looped__coefficient__s8505__none,looped,none,fitzhugh_nagumo,coefficient,ood,96,0,0,0,0.24904290598994783
selector_g64,fitzhugh_nagumo__looped__coefficient__s8505__response_matched,looped,response_matched,fitzhugh_nagumo,coefficient,test,64,0,0,0,0.005854783901444893
selector_g64,fitzhugh_nagumo__looped__coefficient__s8505__response_matched,looped,response_matched,fitzhugh_nagumo,coefficient,test,96,0,0,0,0.004879156581526267
selector_g64,fitzhugh_nagumo__looped__coefficient__s8505__response_matched,looped,response_matched,fitzhugh_nagumo,coefficient,ood,64,0,0,0,0.4511736296878297
selector_g64,fitzhugh_nagumo__looped__coefficient__s8505__response_matched,looped,response_matched,fitzhugh_nagumo,coefficient,ood,96,0,0,0,0.3276088859885154
selector_g64,fitzhugh_nagumo__looped__coefficient__s8505__smooth,looped,smooth,fitzhugh_nagumo,coefficient,test,64,0,0,0,0.009144697514771316
selector_g64,fitzhugh_nagumo__looped__coefficient__s8505__smooth,looped,smooth,fitzhugh_nagumo,coefficient,test,96,0,0,0,0.007845587827660577
selector_g64,fitzhugh_nagumo__looped__coefficient__s8505__smooth,looped,smooth,fitzhugh_nagumo,coefficient,ood,64,0,0,0,0.29358983539820116
selector_g64,fitzhugh_nagumo__looped__coefficient__s8505__smooth,looped,smooth,fitzhugh_nagumo,coefficient,ood,96,0,0,0,0.2359642996605326
selector_g64,fitzhugh_nagumo__looped__coefficient__s8606__iid,looped,iid,fitzhugh_nagumo,coefficient,test,64,0,0,0,0.007839248932159038
selector_g64,fitzhugh_nagumo__looped__coefficient__s8606__iid,looped,iid,fitzhugh_nagumo,coefficient,test,96,0,0,0,0.006532694618055501
selector_g64,fitzhugh_nagumo__looped__coefficient__s8606__iid,looped,iid,fitzhugh_nagumo,coefficient,ood,64,0,0,0,0.20683951619844265
selector_g64,fitzhugh_nagumo__looped__coefficient__s8606__iid,looped,iid,fitzhugh_nagumo,coefficient,ood,96,0,0,0,0.14951400576243637
selector_g64,fitzhugh_nagumo__looped__coefficient__s8606__none,looped,none,fitzhugh_nagumo,coefficient,test,64,0,0,0,0.012632522326236906
selector_g64,fitzhugh_nagumo__looped__coefficient__s8606__none,looped,none,fitzhugh_nagumo,coefficient,test,96,0,0,0,0.010554095332542996
selector_g64,fitzhugh_nagumo__looped__coefficient__s8606__none,looped,none,fitzhugh_nagumo,coefficient,ood,64,0,0,0,0.10759396065790128
selector_g64,fitzhugh_nagumo__looped__coefficient__s8606__none,looped,none,fitzhugh_nagumo,coefficient,ood,96,0,0,0,0.0895197857155144
selector_g64,fitzhugh_nagumo__looped__coefficient__s8606__response_matched,looped,response_matched,fitzhugh_nagumo,coefficient,test,64,0,0,0,0.006706424608662331
selector_g64,fitzhugh_nagumo__looped__coefficient__s8606__response_matched,looped,response_matched,fitzhugh_nagumo,coefficient,test,96,0,0,0,0.005580896198533007
selector_g64,fitzhugh_nagumo__looped__coefficient__s8606__response_matched,looped,response_matched,fitzhugh_nagumo,coefficient,ood,64,0,0,0,0.23293369194237812
selector_g64,fitzhugh_nagumo__looped__coefficient__s8606__response_matched,looped,response_matched,fitzhugh_nagumo,coefficient,ood,96,0,0,0,0.16784996158173726
selector_g64,fitzhugh_nagumo__looped__coefficient__s8606__smooth,looped,smooth,fitzhugh_nagumo,coefficient,test,64,0,0,0,0.011468874124404782
selector_g64,fitzhugh_nagumo__looped__coefficient__s8606__smooth,looped,smooth,fitzhugh_nagumo,coefficient,test,96,0,0,0,0.009442991248231374
selector_g64,fitzhugh_nagumo__looped__coefficient__s8606__smooth,looped,smooth,fitzhugh_nagumo,coefficient,ood,64,0,0,0,0.12129829922029245
selector_g64,fitzhugh_nagumo__looped__coefficient__s8606__smooth,looped,smooth,fitzhugh_nagumo,coefficient,ood,96,0,0,0,0.09880429848206043
selector_g64,fitzhugh_nagumo__looped__correct__s8101__iid,looped,iid,fitzhugh_nagumo,correct,test,64,0,0,0,0.017319890889955225
selector_g64,fitzhugh_nagumo__looped__correct__s8101__iid,looped,iid,fitzhugh_nagumo,correct,test,96,0,0,0,0.014338360751758353
selector_g64,fitzhugh_nagumo__looped__correct__s8101__iid,looped,iid,fitzhugh_nagumo,correct,ood,64,0,0,0,0.2323148150589276
selector_g64,fitzhugh_nagumo__looped__correct__s8101__iid,looped,iid,fitzhugh_nagumo,correct,ood,96,0,0,0,0.19591243656360766
selector_g64,fitzhugh_nagumo__looped__correct__s8101__none,looped,none,fitzhugh_nagumo,correct,test,64,0,0,0,0.03224254949780081
selector_g64,fitzhugh_nagumo__looped__correct__s8101__none,looped,none,fitzhugh_nagumo,correct,test,96,0,0,0,0.02627041501911657
selector_g64,fitzhugh_nagumo__looped__correct__s8101__none,looped,none,fitzhugh_nagumo,correct,ood,64,0,0,0,0.1829800155244854
selector_g64,fitzhugh_nagumo__looped__correct__s8101__none,looped,none,fitzhugh_nagumo,correct,ood,96,0,0,0,0.19667297496671665
selector_g64,fitzhugh_nagumo__looped__correct__s8101__response_matched,looped,response_matched,fitzhugh_nagumo,correct,test,64,0,0,0,0.011106470707510141
selector_g64,fitzhugh_nagumo__looped__correct__s8101__response_matched,looped,response_matched,fitzhugh_nagumo,correct,test,96,0,0,0,0.009263942910806122
selector_g64,fitzhugh_nagumo__looped__correct__s8101__response_matched,looped,response_matched,fitzhugh_nagumo,correct,ood,64,0,0,0,0.26673839929929954
selector_g64,fitzhugh_nagumo__looped__correct__s8101__response_matched,looped,response_matched,fitzhugh_nagumo,correct,ood,96,0,0,0,0.21495139989834416
selector_g64,fitzhugh_nagumo__looped__correct__s8101__smooth,looped,smooth,fitzhugh_nagumo,correct,test,64,0,0,0,0.026906238121869208
selector_g64,fitzhugh_nagumo__looped__correct__s8101__smooth,looped,smooth,fitzhugh_nagumo,correct,test,96,0,0,0,0.02221494766912831
selector_g64,fitzhugh_nagumo__looped__correct__s8101__smooth,looped,smooth,fitzhugh_nagumo,correct,ood,64,0,0,0,0.1912707059635892
selector_g64,fitzhugh_nagumo__looped__correct__s8101__smooth,looped,smooth,fitzhugh_nagumo,correct,ood,96,0,0,0,0.19533370373810044
selector_g64,fitzhugh_nagumo__looped__correct__s8202__iid,looped,iid,fitzhugh_nagumo,correct,test,64,0,0,0,0.010313643347328538
selector_g64,fitzhugh_nagumo__looped__correct__s8202__iid,looped,iid,fitzhugh_nagumo,correct,test,96,0,0,0,0.008451224643293434
selector_g64,fitzhugh_nagumo__looped__correct__s8202__iid,looped,iid,fitzhugh_nagumo,correct,ood,64,0,0,0,0.1935848335697017
selector_g64,fitzhugh_nagumo__looped__correct__s8202__iid,looped,iid,fitzhugh_nagumo,correct,ood,96,0,0,0,0.14503708637658974
selector_g64,fitzhugh_nagumo__looped__correct__s8202__none,looped,none,fitzhugh_nagumo,correct,test,64,0,0,0,0.011700182898807476
selector_g64,fitzhugh_nagumo__looped__correct__s8202__none,looped,none,fitzhugh_nagumo,correct,test,96,0,0,0,0.009372031639093947
selector_g64,fitzhugh_nagumo__looped__correct__s8202__none,looped,none,fitzhugh_nagumo,correct,ood,64,0,0,0,0.07371035514580981
selector_g64,fitzhugh_nagumo__looped__correct__s8202__none,looped,none,fitzhugh_nagumo,correct,ood,96,0,0,0,0.058318936286963684
selector_g64,fitzhugh_nagumo__looped__correct__s8202__response_matched,looped,response_matched,fitzhugh_nagumo,correct,test,64,0,0,0,0.009253270758734056
selector_g64,fitzhugh_nagumo__looped__correct__s8202__response_matched,looped,response_matched,fitzhugh_nagumo,correct,test,96,0,0,0,0.007509250097409067
selector_g64,fitzhugh_nagumo__looped__correct__s8202__response_matched,looped,response_matched,fitzhugh_nagumo,correct,ood,64,0,0,0,0.19451059584201857
selector_g64,fitzhugh_nagumo__looped__correct__s8202__response_matched,looped,response_matched,fitzhugh_nagumo,correct,ood,96,0,0,0,0.15187297142009965
selector_g64,fitzhugh_nagumo__looped__correct__s8202__smooth,looped,smooth,fitzhugh_nagumo,correct,test,64,0,0,0,0.010348892913749408
selector_g64,fitzhugh_nagumo__looped__correct__s8202__smooth,looped,smooth,fitzhugh_nagumo,correct,test,96,0,0,0,0.008359837672502332
selector_g64,fitzhugh_nagumo__looped__correct__s8202__smooth,looped,smooth,fitzhugh_nagumo,correct,ood,64,0,0,0,0.08834609191214327
selector_g64,fitzhugh_nagumo__looped__correct__s8202__smooth,looped,smooth,fitzhugh_nagumo,correct,ood,96,0,0,0,0.06716572171768576
selector_g64,fitzhugh_nagumo__looped__correct__s8303__iid,looped,iid,fitzhugh_nagumo,correct,test,64,0,0,0,0.017163806992990027
selector_g64,fitzhugh_nagumo__looped__correct__s8303__iid,looped,iid,fitzhugh_nagumo,correct,test,96,0,0,0,0.013747629279289372
selector_g64,fitzhugh_nagumo__looped__correct__s8303__iid,looped,iid,fitzhugh_nagumo,correct,ood,64,0,0,0,0.31699271266564466
selector_g64,fitzhugh_nagumo__looped__correct__s8303__iid,looped,iid,fitzhugh_nagumo,correct,ood,96,0,0,0,0.23079157304687686
selector_g64,fitzhugh_nagumo__looped__correct__s8303__none,looped,none,fitzhugh_nagumo,correct,test,64,0,0,0,0.02443390119533939
selector_g64,fitzhugh_nagumo__looped__correct__s8303__none,looped,none,fitzhugh_nagumo,correct,test,96,0,0,0,0.019802293160979957
selector_g64,fitzhugh_nagumo__looped__correct__s8303__none,looped,none,fitzhugh_nagumo,correct,ood,64,0,0,0,0.1512106508835842
selector_g64,fitzhugh_nagumo__looped__correct__s8303__none,looped,none,fitzhugh_nagumo,correct,ood,96,0,0,0,0.1182094059438157
selector_g64,fitzhugh_nagumo__looped__correct__s8303__response_matched,looped,response_matched,fitzhugh_nagumo,correct,test,64,0,0,0,0.015554096053625344
selector_g64,fitzhugh_nagumo__looped__correct__s8303__response_matched,looped,response_matched,fitzhugh_nagumo,correct,test,96,0,0,0,0.01284538567294528
selector_g64,fitzhugh_nagumo__looped__correct__s8303__response_matched,looped,response_matched,fitzhugh_nagumo,correct,ood,64,0,0,0,0.31082715400803806
selector_g64,fitzhugh_nagumo__looped__correct__s8303__response_matched,looped,response_matched,fitzhugh_nagumo,correct,ood,96,0,0,0,0.22805880138236984
selector_g64,fitzhugh_nagumo__looped__correct__s8303__smooth,looped,smooth,fitzhugh_nagumo,correct,test,64,0,0,0,0.016799742985107224
selector_g64,fitzhugh_nagumo__looped__correct__s8303__smooth,looped,smooth,fitzhugh_nagumo,correct,test,96,0,0,0,0.01349889311558187
selector_g64,fitzhugh_nagumo__looped__correct__s8303__smooth,looped,smooth,fitzhugh_nagumo,correct,ood,64,0,0,0,0.18239453709520603
selector_g64,fitzhugh_nagumo__looped__correct__s8303__smooth,looped,smooth,fitzhugh_nagumo,correct,ood,96,0,0,0,0.14274754073630902
selector_g64,fitzhugh_nagumo__looped__correct__s8404__iid,looped,iid,fitzhugh_nagumo,correct,test,64,0,0,0,0.023556413265939824
selector_g64,fitzhugh_nagumo__looped__correct__s8404__iid,looped,iid,fitzhugh_nagumo,correct,test,96,0,0,0,0.019541792904071542
selector_g64,fitzhugh_nagumo__looped__correct__s8404__iid,looped,iid,fitzhugh_nagumo,correct,ood,64,0,0,0,0.16507059565915938
selector_g64,fitzhugh_nagumo__looped__correct__s8404__iid,looped,iid,fitzhugh_nagumo,correct,ood,96,0,0,0,0.1191438634071839
selector_g64,fitzhugh_nagumo__looped__correct__s8404__none,looped,none,fitzhugh_nagumo,correct,test,64,0,0,0,0.02307012736094438
selector_g64,fitzhugh_nagumo__looped__correct__s8404__none,looped,none,fitzhugh_nagumo,correct,test,96,0,0,0,0.01873777725665985
selector_g64,fitzhugh_nagumo__looped__correct__s8404__none,looped,none,fitzhugh_nagumo,correct,ood,64,0,0,0,0.14413673422816942
selector_g64,fitzhugh_nagumo__looped__correct__s8404__none,looped,none,fitzhugh_nagumo,correct,ood,96,0,0,0,0.10893843838783823
selector_g64,fitzhugh_nagumo__looped__correct__s8404__response_matched,looped,response_matched,fitzhugh_nagumo,correct,test,64,0,0,0,0.014506250197079407
selector_g64,fitzhugh_nagumo__looped__correct__s8404__response_matched,looped,response_matched,fitzhugh_nagumo,correct,test,96,0,0,0,0.011792246534790902
selector_g64,fitzhugh_nagumo__looped__correct__s8404__response_matched,looped,response_matched,fitzhugh_nagumo,correct,ood,64,0,0,0,0.18871842256622529
selector_g64,fitzhugh_nagumo__looped__correct__s8404__response_matched,looped,response_matched,fitzhugh_nagumo,correct,ood,96,0,0,0,0.13917066478180118
selector_g64,fitzhugh_nagumo__looped__correct__s8404__smooth,looped,smooth,fitzhugh_nagumo,correct,test,64,0,0,0,0.019357895378412593
selector_g64,fitzhugh_nagumo__looped__correct__s8404__smooth,looped,smooth,fitzhugh_nagumo,correct,test,96,0,0,0,0.015682235308574377
selector_g64,fitzhugh_nagumo__looped__correct__s8404__smooth,looped,smooth,fitzhugh_nagumo,correct,ood,64,0,0,0,0.15935575600569507
selector_g64,fitzhugh_nagumo__looped__correct__s8404__smooth,looped,smooth,fitzhugh_nagumo,correct,ood,96,0,0,0,0.11735455662008579
selector_g64,fitzhugh_nagumo__looped__correct__s8505__iid,looped,iid,fitzhugh_nagumo,correct,test,64,0,0,0,0.008911175601200805
selector_g64,fitzhugh_nagumo__looped__correct__s8505__iid,looped,iid,fitzhugh_nagumo,correct,test,96,0,0,0,0.007486216955040851
selector_g64,fitzhugh_nagumo__looped__correct__s8505__iid,looped,iid,fitzhugh_nagumo,correct,ood,64,0,0,0,0.42861483820334456
selector_g64,fitzhugh_nagumo__looped__correct__s8505__iid,looped,iid,fitzhugh_nagumo,correct,ood,96,0,0,0,0.3109554017774864
selector_g64,fitzhugh_nagumo__looped__correct__s8505__none,looped,none,fitzhugh_nagumo,correct,test,64,0,0,0,0.00990497113185318
selector_g64,fitzhugh_nagumo__looped__correct__s8505__none,looped,none,fitzhugh_nagumo,correct,test,96,0,0,0,0.008634433992284807
selector_g64,fitzhugh_nagumo__looped__correct__s8505__none,looped,none,fitzhugh_nagumo,correct,ood,64,0,0,0,0.28831827924364006
selector_g64,fitzhugh_nagumo__looped__correct__s8505__none,looped,none,fitzhugh_nagumo,correct,ood,96,0,0,0,0.24904283778399378
selector_g64,fitzhugh_nagumo__looped__correct__s8505__response_matched,looped,response_matched,fitzhugh_nagumo,correct,test,64,0,0,0,0.006369967855924585
selector_g64,fitzhugh_nagumo__looped__correct__s8505__response_matched,looped,response_matched,fitzhugh_nagumo,correct,test,96,0,0,0,0.005305767494192537
selector_g64,fitzhugh_nagumo__looped__correct__s8505__response_matched,looped,response_matched,fitzhugh_nagumo,correct,ood,64,0,0,0,0.4203957225306567
selector_g64,fitzhugh_nagumo__looped__correct__s8505__response_matched,looped,response_matched,fitzhugh_nagumo,correct,ood,96,0,0,0,0.3004253588352033
selector_g64,fitzhugh_nagumo__looped__correct__s8505__smooth,looped,smooth,fitzhugh_nagumo,correct,test,64,0,0,0,0.009967153736370027
selector_g64,fitzhugh_nagumo__looped__correct__s8505__smooth,looped,smooth,fitzhugh_nagumo,correct,test,96,0,0,0,0.008548234963740908
selector_g64,fitzhugh_nagumo__looped__correct__s8505__smooth,looped,smooth,fitzhugh_nagumo,correct,ood,64,0,0,0,0.30208185720372427
selector_g64,fitzhugh_nagumo__looped__correct__s8505__smooth,looped,smooth,fitzhugh_nagumo,correct,ood,96,0,0,0,0.24807719742339884
selector_g64,fitzhugh_nagumo__looped__correct__s8606__iid,looped,iid,fitzhugh_nagumo,correct,test,64,0,0,0,0.0077010195418227845
selector_g64,fitzhugh_nagumo__looped__correct__s8606__iid,looped,iid,fitzhugh_nagumo,correct,test,96,0,0,0,0.00638523881559383
selector_g64,fitzhugh_nagumo__looped__correct__s8606__iid,looped,iid,fitzhugh_nagumo,correct,ood,64,0,0,0,0.2307958490736013
selector_g64,fitzhugh_nagumo__looped__correct__s8606__iid,looped,iid,fitzhugh_nagumo,correct,ood,96,0,0,0,0.1654237418737523
selector_g64,fitzhugh_nagumo__looped__correct__s8606__none,looped,none,fitzhugh_nagumo,correct,test,64,0,0,0,0.012632525652786275
selector_g64,fitzhugh_nagumo__looped__correct__s8606__none,looped,none,fitzhugh_nagumo,correct,test,96,0,0,0,0.010554089543960716
selector_g64,fitzhugh_nagumo__looped__correct__s8606__none,looped,none,fitzhugh_nagumo,correct,ood,64,0,0,0,0.1075939983474754
selector_g64,fitzhugh_nagumo__looped__correct__s8606__none,looped,none,fitzhugh_nagumo,correct,ood,96,0,0,0,0.08951976607906904
selector_g64,fitzhugh_nagumo__looped__correct__s8606__response_matched,looped,response_matched,fitzhugh_nagumo,correct,test,64,0,0,0,0.006984839330151371
selector_g64,fitzhugh_nagumo__looped__correct__s8606__response_matched,looped,response_matched,fitzhugh_nagumo,correct,test,96,0,0,0,0.005826842395066552
selector_g64,fitzhugh_nagumo__looped__correct__s8606__response_matched,looped,response_matched,fitzhugh_nagumo,correct,ood,64,0,0,0,0.2470427917244109
selector_g64,fitzhugh_nagumo__looped__correct__s8606__response_matched,looped,response_matched,fitzhugh_nagumo,correct,ood,96,0,0,0,0.177923020802145
selector_g64,fitzhugh_nagumo__looped__correct__s8606__smooth,looped,smooth,fitzhugh_nagumo,correct,test,64,0,0,0,0.010625212526053529
selector_g64,fitzhugh_nagumo__looped__correct__s8606__smooth,looped,smooth,fitzhugh_nagumo,correct,test,96,0,0,0,0.008491208671248973
selector_g64,fitzhugh_nagumo__looped__correct__s8606__smooth,looped,smooth,fitzhugh_nagumo,correct,ood,64,0,0,0,0.12315517927173403
selector_g64,fitzhugh_nagumo__looped__correct__s8606__smooth,looped,smooth,fitzhugh_nagumo,correct,ood,96,0,0,0,0.10519123641179817
selector_g64,fitzhugh_nagumo__looped__structural__s8101__iid,looped,iid,fitzhugh_nagumo,structural,test,64,0,0,0,0.09301894577227543
selector_g64,fitzhugh_nagumo__looped__structural__s8101__iid,looped,iid,fitzhugh_nagumo,structural,test,96,0,0,0,0.09252538432981558
selector_g64,fitzhugh_nagumo__looped__structural__s8101__iid,looped,iid,fitzhugh_nagumo,structural,ood,64,0,0,0,0.16085472245438837
selector_g64,fitzhugh_nagumo__looped__structural__s8101__iid,looped,iid,fitzhugh_nagumo,structural,ood,96,0,0,0,0.1612604200171101
selector_g64,fitzhugh_nagumo__looped__structural__s8101__none,looped,none,fitzhugh_nagumo,structural,test,64,0,0,0,0.03224254949780081
selector_g64,fitzhugh_nagumo__looped__structural__s8101__none,looped,none,fitzhugh_nagumo,structural,test,96,0,0,0,0.02627041501911657
selector_g64,fitzhugh_nagumo__looped__structural__s8101__none,looped,none,fitzhugh_nagumo,structural,ood,64,0,0,0,0.1829800155244854
selector_g64,fitzhugh_nagumo__looped__structural__s8101__none,looped,none,fitzhugh_nagumo,structural,ood,96,0,0,0,0.19667297496671665
selector_g64,fitzhugh_nagumo__looped__structural__s8101__response_matched,looped,response_matched,fitzhugh_nagumo,structural,test,64,0,0,0,0.05667311269638198
selector_g64,fitzhugh_nagumo__looped__structural__s8101__response_matched,looped,response_matched,fitzhugh_nagumo,structural,test,96,0,0,0,0.05279491814116592
selector_g64,fitzhugh_nagumo__looped__structural__s8101__response_matched,looped,response_matched,fitzhugh_nagumo,structural,ood,64,0,0,0,0.099245057132471
selector_g64,fitzhugh_nagumo__looped__structural__s8101__response_matched,looped,response_matched,fitzhugh_nagumo,structural,ood,96,0,0,0,0.11221338968195009
selector_g64,fitzhugh_nagumo__looped__structural__s8101__smooth,looped,smooth,fitzhugh_nagumo,structural,test,64,0,0,0,0.1033306982343456
selector_g64,fitzhugh_nagumo__looped__structural__s8101__smooth,looped,smooth,fitzhugh_nagumo,structural,test,96,0,0,0,0.10254843071099215
selector_g64,fitzhugh_nagumo__looped__structural__s8101__smooth,looped,smooth,fitzhugh_nagumo,structural,ood,64,0,0,0,0.1411315245203255
selector_g64,fitzhugh_nagumo__looped__structural__s8101__smooth,looped,smooth,fitzhugh_nagumo,structural,ood,96,0,0,0,0.16068724186719407
selector_g64,fitzhugh_nagumo__looped__structural__s8202__iid,looped,iid,fitzhugh_nagumo,structural,test,64,0,0,0,0.0548813698593591
selector_g64,fitzhugh_nagumo__looped__structural__s8202__iid,looped,iid,fitzhugh_nagumo,structural,test,96,0,0,0,0.05069621992817967
selector_g64,fitzhugh_nagumo__looped__structural__s8202__iid,looped,iid,fitzhugh_nagumo,structural,ood,64,0,0,0,0.16012772264561903
selector_g64,fitzhugh_nagumo__looped__structural__s8202__iid,looped,iid,fitzhugh_nagumo,structural,ood,96,0,0,0,0.12220026462312698
selector_g64,fitzhugh_nagumo__looped__structural__s8202__none,looped,none,fitzhugh_nagumo,structural,test,64,0,0,0,0.011700182898807476
selector_g64,fitzhugh_nagumo__looped__structural__s8202__none,looped,none,fitzhugh_nagumo,structural,test,96,0,0,0,0.009372031639093947
selector_g64,fitzhugh_nagumo__looped__structural__s8202__none,looped,none,fitzhugh_nagumo,structural,ood,64,0,0,0,0.07371035514580981
selector_g64,fitzhugh_nagumo__looped__structural__s8202__none,looped,none,fitzhugh_nagumo,structural,ood,96,0,0,0,0.058318936286963684
selector_g64,fitzhugh_nagumo__looped__structural__s8202__response_matched,looped,response_matched,fitzhugh_nagumo,structural,test,64,0,0,0,0.04801724212558689
selector_g64,fitzhugh_nagumo__looped__structural__s8202__response_matched,looped,response_matched,fitzhugh_nagumo,structural,test,96,0,0,0,0.04318003086412029
selector_g64,fitzhugh_nagumo__looped__structural__s8202__response_matched,looped,response_matched,fitzhugh_nagumo,structural,ood,64,0,0,0,0.4450852280684785
selector_g64,fitzhugh_nagumo__looped__structural__s8202__response_matched,looped,response_matched,fitzhugh_nagumo,structural,ood,96,0,0,0,0.3907234238702131
selector_g64,fitzhugh_nagumo__looped__structural__s8202__smooth,looped,smooth,fitzhugh_nagumo,structural,test,64,0,0,0,0.10863605875926541
selector_g64,fitzhugh_nagumo__looped__structural__s8202__smooth,looped,smooth,fitzhugh_nagumo,structural,test,96,0,0,0,0.10652514594816791
selector_g64,fitzhugh_nagumo__looped__structural__s8202__smooth,looped,smooth,fitzhugh_nagumo,structural,ood,64,0,0,0,0.09743997966448603
selector_g64,fitzhugh_nagumo__looped__structural__s8202__smooth,looped,smooth,fitzhugh_nagumo,structural,ood,96,0,0,0,0.07981977532251486
selector_g64,fitzhugh_nagumo__looped__structural__s8303__iid,looped,iid,fitzhugh_nagumo,structural,test,64,0,0,0,0.0682999465851668
selector_g64,fitzhugh_nagumo__looped__structural__s8303__iid,looped,iid,fitzhugh_nagumo,structural,test,96,0,0,0,0.0621250050198201
selector_g64,fitzhugh_nagumo__looped__structural__s8303__iid,looped,iid,fitzhugh_nagumo,structural,ood,64,0,0,0,0.10143668035398434
selector_g64,fitzhugh_nagumo__looped__structural__s8303__iid,looped,iid,fitzhugh_nagumo,structural,ood,96,0,0,0,0.09523531847796107
selector_g64,fitzhugh_nagumo__looped__structural__s8303__none,looped,none,fitzhugh_nagumo,structural,test,64,0,0,0,0.02443390119533939
selector_g64,fitzhugh_nagumo__looped__structural__s8303__none,looped,none,fitzhugh_nagumo,structural,test,96,0,0,0,0.019802293160979957
selector_g64,fitzhugh_nagumo__looped__structural__s8303__none,looped,none,fitzhugh_nagumo,structural,ood,64,0,0,0,0.1512106508835842
selector_g64,fitzhugh_nagumo__looped__structural__s8303__none,looped,none,fitzhugh_nagumo,structural,ood,96,0,0,0,0.1182094059438157
selector_g64,fitzhugh_nagumo__looped__structural__s8303__response_matched,looped,response_matched,fitzhugh_nagumo,structural,test,64,0,0,0,0.05126181788287809
selector_g64,fitzhugh_nagumo__looped__structural__s8303__response_matched,looped,response_matched,fitzhugh_nagumo,structural,test,96,0,0,0,0.04470984844621029
selector_g64,fitzhugh_nagumo__looped__structural__s8303__response_matched,looped,response_matched,fitzhugh_nagumo,structural,ood,64,0,0,0,0.05977056752412935
selector_g64,fitzhugh_nagumo__looped__structural__s8303__response_matched,looped,response_matched,fitzhugh_nagumo,structural,ood,96,0,0,0,0.057470327337902916
selector_g64,fitzhugh_nagumo__looped__structural__s8303__smooth,looped,smooth,fitzhugh_nagumo,structural,test,64,0,0,0,0.10634421825287665
selector_g64,fitzhugh_nagumo__looped__structural__s8303__smooth,looped,smooth,fitzhugh_nagumo,structural,test,96,0,0,0,0.1000870377769004
selector_g64,fitzhugh_nagumo__looped__structural__s8303__smooth,looped,smooth,fitzhugh_nagumo,structural,ood,64,0,0,0,0.07431078332541752
selector_g64,fitzhugh_nagumo__looped__structural__s8303__smooth,looped,smooth,fitzhugh_nagumo,structural,ood,96,0,0,0,0.07698102772152164
selector_g64,fitzhugh_nagumo__looped__structural__s8404__iid,looped,iid,fitzhugh_nagumo,structural,test,64,0,0,0,0.103136855476897
selector_g64,fitzhugh_nagumo__looped__structural__s8404__iid,looped,iid,fitzhugh_nagumo,structural,test,96,0,0,0,0.10190185313314704
selector_g64,fitzhugh_nagumo__looped__structural__s8404__iid,looped,iid,fitzhugh_nagumo,structural,ood,64,0,0,0,0.11940156013237058
selector_g64,fitzhugh_nagumo__looped__structural__s8404__iid,looped,iid,fitzhugh_nagumo,structural,ood,96,0,0,0,0.09391231421334349
selector_g64,fitzhugh_nagumo__looped__structural__s8404__none,looped,none,fitzhugh_nagumo,structural,test,64,0,0,0,0.02307012736094438
selector_g64,fitzhugh_nagumo__looped__structural__s8404__none,looped,none,fitzhugh_nagumo,structural,test,96,0,0,0,0.01873777725665985
selector_g64,fitzhugh_nagumo__looped__structural__s8404__none,looped,none,fitzhugh_nagumo,structural,ood,64,0,0,0,0.14413673422816942
selector_g64,fitzhugh_nagumo__looped__structural__s8404__none,looped,none,fitzhugh_nagumo,structural,ood,96,0,0,0,0.10893843838783823
selector_g64,fitzhugh_nagumo__looped__structural__s8404__response_matched,looped,response_matched,fitzhugh_nagumo,structural,test,64,0,0,0,0.15712231203602212
selector_g64,fitzhugh_nagumo__looped__structural__s8404__response_matched,looped,response_matched,fitzhugh_nagumo,structural,test,96,0,0,0,0.1685551395731668
selector_g64,fitzhugh_nagumo__looped__structural__s8404__response_matched,looped,response_matched,fitzhugh_nagumo,structural,ood,64,0,0,0,0.11185475120291599
selector_g64,fitzhugh_nagumo__looped__structural__s8404__response_matched,looped,response_matched,fitzhugh_nagumo,structural,ood,96,0,0,0,0.11579912081930625
selector_g64,fitzhugh_nagumo__looped__structural__s8404__smooth,looped,smooth,fitzhugh_nagumo,structural,test,64,0,0,0,0.10648254596866469
selector_g64,fitzhugh_nagumo__looped__structural__s8404__smooth,looped,smooth,fitzhugh_nagumo,structural,test,96,0,0,0,0.11607598511298829
selector_g64,fitzhugh_nagumo__looped__structural__s8404__smooth,looped,smooth,fitzhugh_nagumo,structural,ood,64,0,0,0,0.10432469865365412
selector_g64,fitzhugh_nagumo__looped__structural__s8404__smooth,looped,smooth,fitzhugh_nagumo,structural,ood,96,0,0,0,0.0894311115064556
selector_g64,fitzhugh_nagumo__looped__structural__s8505__iid,looped,iid,fitzhugh_nagumo,structural,test,64,0,0,0,0.07444489471507953
selector_g64,fitzhugh_nagumo__looped__structural__s8505__iid,looped,iid,fitzhugh_nagumo,structural,test,96,0,0,0,0.06961307717491691
selector_g64,fitzhugh_nagumo__looped__structural__s8505__iid,looped,iid,fitzhugh_nagumo,structural,ood,64,0,0,0,0.5033997105645085
selector_g64,fitzhugh_nagumo__looped__structural__s8505__iid,looped,iid,fitzhugh_nagumo,structural,ood,96,0,0,0,0.4461378143537331
selector_g64,fitzhugh_nagumo__looped__structural__s8505__none,looped,none,fitzhugh_nagumo,structural,test,64,0,0,0,0.00990497113185318
selector_g64,fitzhugh_nagumo__looped__structural__s8505__none,looped,none,fitzhugh_nagumo,structural,test,96,0,0,0,0.008634433992284807
selector_g64,fitzhugh_nagumo__looped__structural__s8505__none,looped,none,fitzhugh_nagumo,structural,ood,64,0,0,0,0.28831827924364006
selector_g64,fitzhugh_nagumo__looped__structural__s8505__none,looped,none,fitzhugh_nagumo,structural,ood,96,0,0,0,0.24904283778399378
selector_g64,fitzhugh_nagumo__looped__structural__s8505__response_matched,looped,response_matched,fitzhugh_nagumo,structural,test,64,0,0,0,0.035019576660150875
selector_g64,fitzhugh_nagumo__looped__structural__s8505__response_matched,looped,response_matched,fitzhugh_nagumo,structural,test,96,0,0,0,0.02929166873563579
selector_g64,fitzhugh_nagumo__looped__structural__s8505__response_matched,looped,response_matched,fitzhugh_nagumo,structural,ood,64,0,0,0,0.25498039929795624
selector_g64,fitzhugh_nagumo__looped__structural__s8505__response_matched,looped,response_matched,fitzhugh_nagumo,structural,ood,96,0,0,0,0.18850828915345136
selector_g64,fitzhugh_nagumo__looped__structural__s8505__smooth,looped,smooth,fitzhugh_nagumo,structural,test,64,0,0,0,0.04831470822094963
selector_g64,fitzhugh_nagumo__looped__structural__s8505__smooth,looped,smooth,fitzhugh_nagumo,structural,test,96,0,0,0,0.05236207543887384
selector_g64,fitzhugh_nagumo__looped__structural__s8505__smooth,looped,smooth,fitzhugh_nagumo,structural,ood,64,0,0,0,0.367975313840077
selector_g64,fitzhugh_nagumo__looped__structural__s8505__smooth,looped,smooth,fitzhugh_nagumo,structural,ood,96,0,0,0,0.3978555796588429
selector_g64,fitzhugh_nagumo__looped__structural__s8606__iid,looped,iid,fitzhugh_nagumo,structural,test,64,0,0,0,0.05320102369258439
selector_g64,fitzhugh_nagumo__looped__structural__s8606__iid,looped,iid,fitzhugh_nagumo,structural,test,96,0,0,0,0.04997671277288222
selector_g64,fitzhugh_nagumo__looped__structural__s8606__iid,looped,iid,fitzhugh_nagumo,structural,ood,64,0,0,0,0.16609640512591994
selector_g64,fitzhugh_nagumo__looped__structural__s8606__iid,looped,iid,fitzhugh_nagumo,structural,ood,96,0,0,0,0.12524509142758217
selector_g64,fitzhugh_nagumo__looped__structural__s8606__none,looped,none,fitzhugh_nagumo,structural,test,64,0,0,0,0.012632525652786275
selector_g64,fitzhugh_nagumo__looped__structural__s8606__none,looped,none,fitzhugh_nagumo,structural,test,96,0,0,0,0.010554089543960716
selector_g64,fitzhugh_nagumo__looped__structural__s8606__none,looped,none,fitzhugh_nagumo,structural,ood,64,0,0,0,0.1075939983474754
selector_g64,fitzhugh_nagumo__looped__structural__s8606__none,looped,none,fitzhugh_nagumo,structural,ood,96,0,0,0,0.08951976607906904
selector_g64,fitzhugh_nagumo__looped__structural__s8606__response_matched,looped,response_matched,fitzhugh_nagumo,structural,test,64,0,0,0,0.03342393929916021
selector_g64,fitzhugh_nagumo__looped__structural__s8606__response_matched,looped,response_matched,fitzhugh_nagumo,structural,test,96,0,0,0,0.028768186076873075
selector_g64,fitzhugh_nagumo__looped__structural__s8606__response_matched,looped,response_matched,fitzhugh_nagumo,structural,ood,64,0,0,0,0.15987555188981872
selector_g64,fitzhugh_nagumo__looped__structural__s8606__response_matched,looped,response_matched,fitzhugh_nagumo,structural,ood,96,0,0,0,0.120560401265242
selector_g64,fitzhugh_nagumo__looped__structural__s8606__smooth,looped,smooth,fitzhugh_nagumo,structural,test,64,0,0,0,0.06240716152595871
selector_g64,fitzhugh_nagumo__looped__structural__s8606__smooth,looped,smooth,fitzhugh_nagumo,structural,test,96,0,0,0,0.055831506484199586
selector_g64,fitzhugh_nagumo__looped__structural__s8606__smooth,looped,smooth,fitzhugh_nagumo,structural,ood,64,0,0,0,0.06597222531798153
selector_g64,fitzhugh_nagumo__looped__structural__s8606__smooth,looped,smooth,fitzhugh_nagumo,structural,ood,96,0,0,0,0.06654230632413535
selector_g64,fitzhugh_nagumo__transformer__coefficient__s8101__iid,transformer,iid,fitzhugh_nagumo,coefficient,test,64,0,0,0,0.008106559379363443
selector_g64,fitzhugh_nagumo__transformer__coefficient__s8101__iid,transformer,iid,fitzhugh_nagumo,coefficient,test,96,0,0,0,0.006555862016270157
selector_g64,fitzhugh_nagumo__transformer__coefficient__s8101__iid,transformer,iid,fitzhugh_nagumo,coefficient,ood,64,0,0,0,0.23343524545767025
selector_g64,fitzhugh_nagumo__transformer__coefficient__s8101__iid,transformer,iid,fitzhugh_nagumo,coefficient,ood,96,0,0,0,0.21587406466154374
selector_g64,fitzhugh_nagumo__transformer__coefficient__s8101__none,transformer,none,fitzhugh_nagumo,coefficient,test,64,0,0,0,0.0169982209959611
selector_g64,fitzhugh_nagumo__transformer__coefficient__s8101__none,transformer,none,fitzhugh_nagumo,coefficient,test,96,0,0,0,0.013513497604264384
selector_g64,fitzhugh_nagumo__transformer__coefficient__s8101__none,transformer,none,fitzhugh_nagumo,coefficient,ood,64,0,0,0,0.1887293340016214
selector_g64,fitzhugh_nagumo__transformer__coefficient__s8101__none,transformer,none,fitzhugh_nagumo,coefficient,ood,96,0,0,0,0.2153185017354815
selector_g64,fitzhugh_nagumo__transformer__coefficient__s8101__response_matched,transformer,response_matched,fitzhugh_nagumo,coefficient,test,64,0,0,0,0.006895511881311878
selector_g64,fitzhugh_nagumo__transformer__coefficient__s8101__response_matched,transformer,response_matched,fitzhugh_nagumo,coefficient,test,96,0,0,0,0.005577361570427097
selector_g64,fitzhugh_nagumo__transformer__coefficient__s8101__response_matched,transformer,response_matched,fitzhugh_nagumo,coefficient,ood,64,0,0,0,0.24639374798636027
selector_g64,fitzhugh_nagumo__transformer__coefficient__s8101__response_matched,transformer,response_matched,fitzhugh_nagumo,coefficient,ood,96,0,0,0,0.22302853820250826
selector_g64,fitzhugh_nagumo__transformer__coefficient__s8101__smooth,transformer,smooth,fitzhugh_nagumo,coefficient,test,64,0,0,0,0.010900118953276028
selector_g64,fitzhugh_nagumo__transformer__coefficient__s8101__smooth,transformer,smooth,fitzhugh_nagumo,coefficient,test,96,0,0,0,0.008517959111322543
selector_g64,fitzhugh_nagumo__transformer__coefficient__s8101__smooth,transformer,smooth,fitzhugh_nagumo,coefficient,ood,64,0,0,0,0.19253307212672155
selector_g64,fitzhugh_nagumo__transformer__coefficient__s8101__smooth,transformer,smooth,fitzhugh_nagumo,coefficient,ood,96,0,0,0,0.20414730679886853
selector_g64,fitzhugh_nagumo__transformer__coefficient__s8202__iid,transformer,iid,fitzhugh_nagumo,coefficient,test,64,0,0,0,0.008946389666669385
selector_g64,fitzhugh_nagumo__transformer__coefficient__s8202__iid,transformer,iid,fitzhugh_nagumo,coefficient,test,96,0,0,0,0.0070571777989040605
selector_g64,fitzhugh_nagumo__transformer__coefficient__s8202__iid,transformer,iid,fitzhugh_nagumo,coefficient,ood,64,0,0,0,0.38657344598766485
selector_g64,fitzhugh_nagumo__transformer__coefficient__s8202__iid,transformer,iid,fitzhugh_nagumo,coefficient,ood,96,0,0,0,0.27074979700644997
selector_g64,fitzhugh_nagumo__transformer__coefficient__s8202__none,transformer,none,fitzhugh_nagumo,coefficient,test,64,0,0,0,0.015080060459346623
selector_g64,fitzhugh_nagumo__transformer__coefficient__s8202__none,transformer,none,fitzhugh_nagumo,coefficient,test,96,0,0,0,0.012517741827240712
selector_g64,fitzhugh_nagumo__transformer__coefficient__s8202__none,transformer,none,fitzhugh_nagumo,coefficient,ood,64,0,0,0,0.25889333231367573
selector_g64,fitzhugh_nagumo__transformer__coefficient__s8202__none,transformer,none,fitzhugh_nagumo,coefficient,ood,96,0,0,0,0.18340404268076327
selector_g64,fitzhugh_nagumo__transformer__coefficient__s8202__response_matched,transformer,response_matched,fitzhugh_nagumo,coefficient,test,64,0,0,0,0.00918982224172138
selector_g64,fitzhugh_nagumo__transformer__coefficient__s8202__response_matched,transformer,response_matched,fitzhugh_nagumo,coefficient,test,96,0,0,0,0.007245282887400117
selector_g64,fitzhugh_nagumo__transformer__coefficient__s8202__response_matched,transformer,response_matched,fitzhugh_nagumo,coefficient,ood,64,0,0,0,0.412088759450711
selector_g64,fitzhugh_nagumo__transformer__coefficient__s8202__response_matched,transformer,response_matched,fitzhugh_nagumo,coefficient,ood,96,0,0,0,0.28873371071125575
selector_g64,fitzhugh_nagumo__transformer__coefficient__s8202__smooth,transformer,smooth,fitzhugh_nagumo,coefficient,test,64,0,0,0,0.012835808833105533
selector_g64,fitzhugh_nagumo__transformer__coefficient__s8202__smooth,transformer,smooth,fitzhugh_nagumo,coefficient,test,96,0,0,0,0.010140160755840602
selector_g64,fitzhugh_nagumo__transformer__coefficient__s8202__smooth,transformer,smooth,fitzhugh_nagumo,coefficient,ood,64,0,0,0,0.2761990565724801
selector_g64,fitzhugh_nagumo__transformer__coefficient__s8202__smooth,transformer,smooth,fitzhugh_nagumo,coefficient,ood,96,0,0,0,0.19454185423812947
selector_g64,fitzhugh_nagumo__transformer__coefficient__s8303__iid,transformer,iid,fitzhugh_nagumo,coefficient,test,64,0,0,0,0.006523642529238205
selector_g64,fitzhugh_nagumo__transformer__coefficient__s8303__iid,transformer,iid,fitzhugh_nagumo,coefficient,test,96,0,0,0,0.005320615525926961
selector_g64,fitzhugh_nagumo__transformer__coefficient__s8303__iid,transformer,iid,fitzhugh_nagumo,coefficient,ood,64,0,0,0,0.2880442439114006
selector_g64,fitzhugh_nagumo__transformer__coefficient__s8303__iid,transformer,iid,fitzhugh_nagumo,coefficient,ood,96,0,0,0,0.20919082930203103
selector_g64,fitzhugh_nagumo__transformer__coefficient__s8303__none,transformer,none,fitzhugh_nagumo,coefficient,test,64,0,0,0,0.010566421591313269
selector_g64,fitzhugh_nagumo__transformer__coefficient__s8303__none,transformer,none,fitzhugh_nagumo,coefficient,test,96,0,0,0,0.008541161472128245
selector_g64,fitzhugh_nagumo__transformer__coefficient__s8303__none,transformer,none,fitzhugh_nagumo,coefficient,ood,64,0,0,0,0.18604416908915766
selector_g64,fitzhugh_nagumo__transformer__coefficient__s8303__none,transformer,none,fitzhugh_nagumo,coefficient,ood,96,0,0,0,0.14789540719991123
selector_g64,fitzhugh_nagumo__transformer__coefficient__s8303__response_matched,transformer,response_matched,fitzhugh_nagumo,coefficient,test,64,0,0,0,0.006478181378006154
selector_g64,fitzhugh_nagumo__transformer__coefficient__s8303__response_matched,transformer,response_matched,fitzhugh_nagumo,coefficient,test,96,0,0,0,0.005346106639222341
selector_g64,fitzhugh_nagumo__transformer__coefficient__s8303__response_matched,transformer,response_matched,fitzhugh_nagumo,coefficient,ood,64,0,0,0,0.2919425506320863
selector_g64,fitzhugh_nagumo__transformer__coefficient__s8303__response_matched,transformer,response_matched,fitzhugh_nagumo,coefficient,ood,96,0,0,0,0.21179407215265655
selector_g64,fitzhugh_nagumo__transformer__coefficient__s8303__smooth,transformer,smooth,fitzhugh_nagumo,coefficient,test,64,0,0,0,0.008331810420550867
selector_g64,fitzhugh_nagumo__transformer__coefficient__s8303__smooth,transformer,smooth,fitzhugh_nagumo,coefficient,test,96,0,0,0,0.00664029639037067
selector_g64,fitzhugh_nagumo__transformer__coefficient__s8303__smooth,transformer,smooth,fitzhugh_nagumo,coefficient,ood,64,0,0,0,0.19550143873563997
selector_g64,fitzhugh_nagumo__transformer__coefficient__s8303__smooth,transformer,smooth,fitzhugh_nagumo,coefficient,ood,96,0,0,0,0.15759048640713047
selector_g64,fitzhugh_nagumo__transformer__coefficient__s8404__iid,transformer,iid,fitzhugh_nagumo,coefficient,test,64,0,0,0,0.01183259644823531
selector_g64,fitzhugh_nagumo__transformer__coefficient__s8404__iid,transformer,iid,fitzhugh_nagumo,coefficient,test,96,0,0,0,0.00972491033302377
selector_g64,fitzhugh_nagumo__transformer__coefficient__s8404__iid,transformer,iid,fitzhugh_nagumo,coefficient,ood,64,0,0,0,0.2725564670266891
selector_g64,fitzhugh_nagumo__transformer__coefficient__s8404__iid,transformer,iid,fitzhugh_nagumo,coefficient,ood,96,0,0,0,0.2100177232628937
selector_g64,fitzhugh_nagumo__transformer__coefficient__s8404__none,transformer,none,fitzhugh_nagumo,coefficient,test,64,0,0,0,0.013174265394038875
selector_g64,fitzhugh_nagumo__transformer__coefficient__s8404__none,transformer,none,fitzhugh_nagumo,coefficient,test,96,0,0,0,0.010402796033818365
selector_g64,fitzhugh_nagumo__transformer__coefficient__s8404__none,transformer,none,fitzhugh_nagumo,coefficient,ood,64,0,0,0,0.18127798727407907
selector_g64,fitzhugh_nagumo__transformer__coefficient__s8404__none,transformer,none,fitzhugh_nagumo,coefficient,ood,96,0,0,0,0.14174116207197565
selector_g64,fitzhugh_nagumo__transformer__coefficient__s8404__response_matched,transformer,response_matched,fitzhugh_nagumo,coefficient,test,64,0,0,0,0.0077276336731531
selector_g64,fitzhugh_nagumo__transformer__coefficient__s8404__response_matched,transformer,response_matched,fitzhugh_nagumo,coefficient,test,96,0,0,0,0.006606894402028848
selector_g64,fitzhugh_nagumo__transformer__coefficient__s8404__response_matched,transformer,response_matched,fitzhugh_nagumo,coefficient,ood,64,0,0,0,0.3001983911671289
selector_g64,fitzhugh_nagumo__transformer__coefficient__s8404__response_matched,transformer,response_matched,fitzhugh_nagumo,coefficient,ood,96,0,0,0,0.24021184285078334
selector_g64,fitzhugh_nagumo__transformer__coefficient__s8404__smooth,transformer,smooth,fitzhugh_nagumo,coefficient,test,64,0,0,0,0.01267902714605812
selector_g64,fitzhugh_nagumo__transformer__coefficient__s8404__smooth,transformer,smooth,fitzhugh_nagumo,coefficient,test,96,0,0,0,0.010404752463288685
selector_g64,fitzhugh_nagumo__transformer__coefficient__s8404__smooth,transformer,smooth,fitzhugh_nagumo,coefficient,ood,64,0,0,0,0.1715782522182323
selector_g64,fitzhugh_nagumo__transformer__coefficient__s8404__smooth,transformer,smooth,fitzhugh_nagumo,coefficient,ood,96,0,0,0,0.1418279255215443
selector_g64,fitzhugh_nagumo__transformer__coefficient__s8505__iid,transformer,iid,fitzhugh_nagumo,coefficient,test,64,0,0,0,0.009120435171085628
selector_g64,fitzhugh_nagumo__transformer__coefficient__s8505__iid,transformer,iid,fitzhugh_nagumo,coefficient,test,96,0,0,0,0.007276870054765479
selector_g64,fitzhugh_nagumo__transformer__coefficient__s8505__iid,transformer,iid,fitzhugh_nagumo,coefficient,ood,64,0,0,0,0.33624239556824875
selector_g64,fitzhugh_nagumo__transformer__coefficient__s8505__iid,transformer,iid,fitzhugh_nagumo,coefficient,ood,96,0,0,0,0.2814643035359931
selector_g64,fitzhugh_nagumo__transformer__coefficient__s8505__none,transformer,none,fitzhugh_nagumo,coefficient,test,64,0,0,0,0.007797325780891873
selector_g64,fitzhugh_nagumo__transformer__coefficient__s8505__none,transformer,none,fitzhugh_nagumo,coefficient,test,96,0,0,0,0.006218504239794569
selector_g64,fitzhugh_nagumo__transformer__coefficient__s8505__none,transformer,none,fitzhugh_nagumo,coefficient,ood,64,0,0,0,0.2533307057154275
selector_g64,fitzhugh_nagumo__transformer__coefficient__s8505__none,transformer,none,fitzhugh_nagumo,coefficient,ood,96,0,0,0,0.2652856387781336
selector_g64,fitzhugh_nagumo__transformer__coefficient__s8505__response_matched,transformer,response_matched,fitzhugh_nagumo,coefficient,test,64,0,0,0,0.00763220457239977
selector_g64,fitzhugh_nagumo__transformer__coefficient__s8505__response_matched,transformer,response_matched,fitzhugh_nagumo,coefficient,test,96,0,0,0,0.006134875761890127
selector_g64,fitzhugh_nagumo__transformer__coefficient__s8505__response_matched,transformer,response_matched,fitzhugh_nagumo,coefficient,ood,64,0,0,0,0.3597420037411325
selector_g64,fitzhugh_nagumo__transformer__coefficient__s8505__response_matched,transformer,response_matched,fitzhugh_nagumo,coefficient,ood,96,0,0,0,0.2823534034055607
selector_g64,fitzhugh_nagumo__transformer__coefficient__s8505__smooth,transformer,smooth,fitzhugh_nagumo,coefficient,test,64,0,0,0,0.008352906648409153
selector_g64,fitzhugh_nagumo__transformer__coefficient__s8505__smooth,transformer,smooth,fitzhugh_nagumo,coefficient,test,96,0,0,0,0.006700015606657081
selector_g64,fitzhugh_nagumo__transformer__coefficient__s8505__smooth,transformer,smooth,fitzhugh_nagumo,coefficient,ood,64,0,0,0,0.23875416161471463
selector_g64,fitzhugh_nagumo__transformer__coefficient__s8505__smooth,transformer,smooth,fitzhugh_nagumo,coefficient,ood,96,0,0,0,0.23017293951021142
selector_g64,fitzhugh_nagumo__transformer__coefficient__s8606__iid,transformer,iid,fitzhugh_nagumo,coefficient,test,64,0,0,0,0.007547111494736747
selector_g64,fitzhugh_nagumo__transformer__coefficient__s8606__iid,transformer,iid,fitzhugh_nagumo,coefficient,test,96,0,0,0,0.0060952528599897225
selector_g64,fitzhugh_nagumo__transformer__coefficient__s8606__iid,transformer,iid,fitzhugh_nagumo,coefficient,ood,64,0,0,0,0.28063112817127944
selector_g64,fitzhugh_nagumo__transformer__coefficient__s8606__iid,transformer,iid,fitzhugh_nagumo,coefficient,ood,96,0,0,0,0.2091469100337046
selector_g64,fitzhugh_nagumo__transformer__coefficient__s8606__none,transformer,none,fitzhugh_nagumo,coefficient,test,64,0,0,0,0.01028652075030323
selector_g64,fitzhugh_nagumo__transformer__coefficient__s8606__none,transformer,none,fitzhugh_nagumo,coefficient,test,96,0,0,0,0.008278890937793621
selector_g64,fitzhugh_nagumo__transformer__coefficient__s8606__none,transformer,none,fitzhugh_nagumo,coefficient,ood,64,0,0,0,0.18379578250995365
selector_g64,fitzhugh_nagumo__transformer__coefficient__s8606__none,transformer,none,fitzhugh_nagumo,coefficient,ood,96,0,0,0,0.1504701762204803
selector_g64,fitzhugh_nagumo__transformer__coefficient__s8606__response_matched,transformer,response_matched,fitzhugh_nagumo,coefficient,test,64,0,0,0,0.0061676423727961005
selector_g64,fitzhugh_nagumo__transformer__coefficient__s8606__response_matched,transformer,response_matched,fitzhugh_nagumo,coefficient,test,96,0,0,0,0.0049702447805028225
selector_g64,fitzhugh_nagumo__transformer__coefficient__s8606__response_matched,transformer,response_matched,fitzhugh_nagumo,coefficient,ood,64,0,0,0,0.286193400974355
selector_g64,fitzhugh_nagumo__transformer__coefficient__s8606__response_matched,transformer,response_matched,fitzhugh_nagumo,coefficient,ood,96,0,0,0,0.20861877147084823
selector_g64,fitzhugh_nagumo__transformer__coefficient__s8606__smooth,transformer,smooth,fitzhugh_nagumo,coefficient,test,64,0,0,0,0.012459549377404011
selector_g64,fitzhugh_nagumo__transformer__coefficient__s8606__smooth,transformer,smooth,fitzhugh_nagumo,coefficient,test,96,0,0,0,0.009883386703907279
selector_g64,fitzhugh_nagumo__transformer__coefficient__s8606__smooth,transformer,smooth,fitzhugh_nagumo,coefficient,ood,64,0,0,0,0.19434158928705614
selector_g64,fitzhugh_nagumo__transformer__coefficient__s8606__smooth,transformer,smooth,fitzhugh_nagumo,coefficient,ood,96,0,0,0,0.14623807013630596
selector_g64,fitzhugh_nagumo__transformer__correct__s8101__iid,transformer,iid,fitzhugh_nagumo,correct,test,64,0,0,0,0.0072634326341678435
selector_g64,fitzhugh_nagumo__transformer__correct__s8101__iid,transformer,iid,fitzhugh_nagumo,correct,test,96,0,0,0,0.005805796992721953
selector_g64,fitzhugh_nagumo__transformer__correct__s8101__iid,transformer,iid,fitzhugh_nagumo,correct,ood,64,0,0,0,0.2588881128957041
selector_g64,fitzhugh_nagumo__transformer__correct__s8101__iid,transformer,iid,fitzhugh_nagumo,correct,ood,96,0,0,0,0.25601950782815186
selector_g64,fitzhugh_nagumo__transformer__correct__s8101__none,transformer,none,fitzhugh_nagumo,correct,test,64,0,0,0,0.01699821690363862
selector_g64,fitzhugh_nagumo__transformer__correct__s8101__none,transformer,none,fitzhugh_nagumo,correct,test,96,0,0,0,0.013513491873722121
selector_g64,fitzhugh_nagumo__transformer__correct__s8101__none,transformer,none,fitzhugh_nagumo,correct,ood,64,0,0,0,0.18872932272968512
selector_g64,fitzhugh_nagumo__transformer__correct__s8101__none,transformer,none,fitzhugh_nagumo,correct,ood,96,0,0,0,0.21531846001961222
selector_g64,fitzhugh_nagumo__transformer__correct__s8101__response_matched,transformer,response_matched,fitzhugh_nagumo,correct,test,64,0,0,0,0.006948640358789615
selector_g64,fitzhugh_nagumo__transformer__correct__s8101__response_matched,transformer,response_matched,fitzhugh_nagumo,correct,test,96,0,0,0,0.005746069131994677
selector_g64,fitzhugh_nagumo__transformer__correct__s8101__response_matched,transformer,response_matched,fitzhugh_nagumo,correct,ood,64,0,0,0,0.2805935558198627
selector_g64,fitzhugh_nagumo__transformer__correct__s8101__response_matched,transformer,response_matched,fitzhugh_nagumo,correct,ood,96,0,0,0,0.25962098347127
selector_g64,fitzhugh_nagumo__transformer__correct__s8101__smooth,transformer,smooth,fitzhugh_nagumo,correct,test,64,0,0,0,0.012163591791135187
selector_g64,fitzhugh_nagumo__transformer__correct__s8101__smooth,transformer,smooth,fitzhugh_nagumo,correct,test,96,0,0,0,0.00953023060380953
selector_g64,fitzhugh_nagumo__transformer__correct__s8101__smooth,transformer,smooth,fitzhugh_nagumo,correct,ood,64,0,0,0,0.2090032941874682
selector_g64,fitzhugh_nagumo__transformer__correct__s8101__smooth,transformer,smooth,fitzhugh_nagumo,correct,ood,96,0,0,0,0.24298723982586998
selector_g64,fitzhugh_nagumo__transformer__correct__s8202__iid,transformer,iid,fitzhugh_nagumo,correct,test,64,0,0,0,0.010238761115435424
selector_g64,fitzhugh_nagumo__transformer__correct__s8202__iid,transformer,iid,fitzhugh_nagumo,correct,test,96,0,0,0,0.008142704100429315
selector_g64,fitzhugh_nagumo__transformer__correct__s8202__iid,transformer,iid,fitzhugh_nagumo,correct,ood,64,0,0,0,0.3904087313225375
selector_g64,fitzhugh_nagumo__transformer__correct__s8202__iid,transformer,iid,fitzhugh_nagumo,correct,ood,96,0,0,0,0.2729930936835103
selector_g64,fitzhugh_nagumo__transformer__correct__s8202__none,transformer,none,fitzhugh_nagumo,correct,test,64,0,0,0,0.015079984164886762
selector_g64,fitzhugh_nagumo__transformer__correct__s8202__none,transformer,none,fitzhugh_nagumo,correct,test,96,0,0,0,0.01251768186531299
selector_g64,fitzhugh_nagumo__transformer__correct__s8202__none,transformer,none,fitzhugh_nagumo,correct,ood,64,0,0,0,0.2588935348606469
selector_g64,fitzhugh_nagumo__transformer__correct__s8202__none,transformer,none,fitzhugh_nagumo,correct,ood,96,0,0,0,0.18340417213020527
selector_g64,fitzhugh_nagumo__transformer__correct__s8202__response_matched,transformer,response_matched,fitzhugh_nagumo,correct,test,64,0,0,0,0.008287579848479942
selector_g64,fitzhugh_nagumo__transformer__correct__s8202__response_matched,transformer,response_matched,fitzhugh_nagumo,correct,test,96,0,0,0,0.0064840032690857505
selector_g64,fitzhugh_nagumo__transformer__correct__s8202__response_matched,transformer,response_matched,fitzhugh_nagumo,correct,ood,64,0,0,0,0.42775021534856705
selector_g64,fitzhugh_nagumo__transformer__correct__s8202__response_matched,transformer,response_matched,fitzhugh_nagumo,correct,ood,96,0,0,0,0.29897214981788994
selector_g64,fitzhugh_nagumo__transformer__correct__s8202__smooth,transformer,smooth,fitzhugh_nagumo,correct,test,64,0,0,0,0.011334956742652613
selector_g64,fitzhugh_nagumo__transformer__correct__s8202__smooth,transformer,smooth,fitzhugh_nagumo,correct,test,96,0,0,0,0.008798910488364786
selector_g64,fitzhugh_nagumo__transformer__correct__s8202__smooth,transformer,smooth,fitzhugh_nagumo,correct,ood,64,0,0,0,0.2727336558585165
selector_g64,fitzhugh_nagumo__transformer__correct__s8202__smooth,transformer,smooth,fitzhugh_nagumo,correct,ood,96,0,0,0,0.1931244117036215
selector_g64,fitzhugh_nagumo__transformer__correct__s8303__iid,transformer,iid,fitzhugh_nagumo,correct,test,64,0,0,0,0.006323884888423836
selector_g64,fitzhugh_nagumo__transformer__correct__s8303__iid,transformer,iid,fitzhugh_nagumo,correct,test,96,0,0,0,0.00502694341989233
selector_g64,fitzhugh_nagumo__transformer__correct__s8303__iid,transformer,iid,fitzhugh_nagumo,correct,ood,64,0,0,0,0.30108518270280626
selector_g64,fitzhugh_nagumo__transformer__correct__s8303__iid,transformer,iid,fitzhugh_nagumo,correct,ood,96,0,0,0,0.21745580605832515
selector_g64,fitzhugh_nagumo__transformer__correct__s8303__none,transformer,none,fitzhugh_nagumo,correct,test,64,0,0,0,0.010566448858320143
selector_g64,fitzhugh_nagumo__transformer__correct__s8303__none,transformer,none,fitzhugh_nagumo,correct,test,96,0,0,0,0.008541188630549831
selector_g64,fitzhugh_nagumo__transformer__correct__s8303__none,transformer,none,fitzhugh_nagumo,correct,ood,64,0,0,0,0.18604408500603142
selector_g64,fitzhugh_nagumo__transformer__correct__s8303__none,transformer,none,fitzhugh_nagumo,correct,ood,96,0,0,0,0.14789530770808784
selector_g64,fitzhugh_nagumo__transformer__correct__s8303__response_matched,transformer,response_matched,fitzhugh_nagumo,correct,test,64,0,0,0,0.00584643041092725
selector_g64,fitzhugh_nagumo__transformer__correct__s8303__response_matched,transformer,response_matched,fitzhugh_nagumo,correct,test,96,0,0,0,0.004779004259933162
selector_g64,fitzhugh_nagumo__transformer__correct__s8303__response_matched,transformer,response_matched,fitzhugh_nagumo,correct,ood,64,0,0,0,0.3285221873663886
selector_g64,fitzhugh_nagumo__transformer__correct__s8303__response_matched,transformer,response_matched,fitzhugh_nagumo,correct,ood,96,0,0,0,0.2360333019673817
selector_g64,fitzhugh_nagumo__transformer__correct__s8303__smooth,transformer,smooth,fitzhugh_nagumo,correct,test,64,0,0,0,0.007906522342029487
selector_g64,fitzhugh_nagumo__transformer__correct__s8303__smooth,transformer,smooth,fitzhugh_nagumo,correct,test,96,0,0,0,0.006273806335218124
selector_g64,fitzhugh_nagumo__transformer__correct__s8303__smooth,transformer,smooth,fitzhugh_nagumo,correct,ood,64,0,0,0,0.1892440303519578
selector_g64,fitzhugh_nagumo__transformer__correct__s8303__smooth,transformer,smooth,fitzhugh_nagumo,correct,ood,96,0,0,0,0.15101465967483324
selector_g64,fitzhugh_nagumo__transformer__correct__s8404__iid,transformer,iid,fitzhugh_nagumo,correct,test,64,0,0,0,0.009584736551079498
selector_g64,fitzhugh_nagumo__transformer__correct__s8404__iid,transformer,iid,fitzhugh_nagumo,correct,test,96,0,0,0,0.0075682467812348735
selector_g64,fitzhugh_nagumo__transformer__correct__s8404__iid,transformer,iid,fitzhugh_nagumo,correct,ood,64,0,0,0,0.3014866757241066
selector_g64,fitzhugh_nagumo__transformer__correct__s8404__iid,transformer,iid,fitzhugh_nagumo,correct,ood,96,0,0,0,0.24967972470597033
selector_g64,fitzhugh_nagumo__transformer__correct__s8404__none,transformer,none,fitzhugh_nagumo,correct,test,64,0,0,0,0.013174323037065117
selector_g64,fitzhugh_nagumo__transformer__correct__s8404__none,transformer,none,fitzhugh_nagumo,correct,test,96,0,0,0,0.010402839097893857
selector_g64,fitzhugh_nagumo__transformer__correct__s8404__none,transformer,none,fitzhugh_nagumo,correct,ood,64,0,0,0,0.18127813516884572
selector_g64,fitzhugh_nagumo__transformer__correct__s8404__none,transformer,none,fitzhugh_nagumo,correct,ood,96,0,0,0,0.14174135363006238
selector_g64,fitzhugh_nagumo__transformer__correct__s8404__response_matched,transformer,response_matched,fitzhugh_nagumo,correct,test,64,0,0,0,0.00962461891268318
selector_g64,fitzhugh_nagumo__transformer__correct__s8404__response_matched,transformer,response_matched,fitzhugh_nagumo,correct,test,96,0,0,0,0.008668907804312287
selector_g64,fitzhugh_nagumo__transformer__correct__s8404__response_matched,transformer,response_matched,fitzhugh_nagumo,correct,ood,64,0,0,0,0.33805472255764357
selector_g64,fitzhugh_nagumo__transformer__correct__s8404__response_matched,transformer,response_matched,fitzhugh_nagumo,correct,ood,96,0,0,0,0.2795516428078789
selector_g64,fitzhugh_nagumo__transformer__correct__s8404__smooth,transformer,smooth,fitzhugh_nagumo,correct,test,64,0,0,0,0.012956618078304283
selector_g64,fitzhugh_nagumo__transformer__correct__s8404__smooth,transformer,smooth,fitzhugh_nagumo,correct,test,96,0,0,0,0.010589174313154981
selector_g64,fitzhugh_nagumo__transformer__correct__s8404__smooth,transformer,smooth,fitzhugh_nagumo,correct,ood,64,0,0,0,0.1755132526192824
selector_g64,fitzhugh_nagumo__transformer__correct__s8404__smooth,transformer,smooth,fitzhugh_nagumo,correct,ood,96,0,0,0,0.14703162206095993
selector_g64,fitzhugh_nagumo__transformer__correct__s8505__iid,transformer,iid,fitzhugh_nagumo,correct,test,64,0,0,0,0.007401004358031704
selector_g64,fitzhugh_nagumo__transformer__correct__s8505__iid,transformer,iid,fitzhugh_nagumo,correct,test,96,0,0,0,0.005939181024268308
selector_g64,fitzhugh_nagumo__transformer__correct__s8505__iid,transformer,iid,fitzhugh_nagumo,correct,ood,64,0,0,0,0.362296843500161
selector_g64,fitzhugh_nagumo__transformer__correct__s8505__iid,transformer,iid,fitzhugh_nagumo,correct,ood,96,0,0,0,0.2945970045814761
selector_g64,fitzhugh_nagumo__transformer__correct__s8505__none,transformer,none,fitzhugh_nagumo,correct,test,64,0,0,0,0.007797338066713566
selector_g64,fitzhugh_nagumo__transformer__correct__s8505__none,transformer,none,fitzhugh_nagumo,correct,test,96,0,0,0,0.006218508889148952
selector_g64,fitzhugh_nagumo__transformer__correct__s8505__none,transformer,none,fitzhugh_nagumo,correct,ood,64,0,0,0,0.25333056627226824
selector_g64,fitzhugh_nagumo__transformer__correct__s8505__none,transformer,none,fitzhugh_nagumo,correct,ood,96,0,0,0,0.2652855141134675
selector_g64,fitzhugh_nagumo__transformer__correct__s8505__response_matched,transformer,response_matched,fitzhugh_nagumo,correct,test,64,0,0,0,0.008484932447894167
selector_g64,fitzhugh_nagumo__transformer__correct__s8505__response_matched,transformer,response_matched,fitzhugh_nagumo,correct,test,96,0,0,0,0.00685931547979024
selector_g64,fitzhugh_nagumo__transformer__correct__s8505__response_matched,transformer,response_matched,fitzhugh_nagumo,correct,ood,64,0,0,0,0.40365863097466104
selector_g64,fitzhugh_nagumo__transformer__correct__s8505__response_matched,transformer,response_matched,fitzhugh_nagumo,correct,ood,96,0,0,0,0.3221923316770585
selector_g64,fitzhugh_nagumo__transformer__correct__s8505__smooth,transformer,smooth,fitzhugh_nagumo,correct,test,64,0,0,0,0.008496651801903843
selector_g64,fitzhugh_nagumo__transformer__correct__s8505__smooth,transformer,smooth,fitzhugh_nagumo,correct,test,96,0,0,0,0.006908975302987692
selector_g64,fitzhugh_nagumo__transformer__correct__s8505__smooth,transformer,smooth,fitzhugh_nagumo,correct,ood,64,0,0,0,0.2331726076380285
selector_g64,fitzhugh_nagumo__transformer__correct__s8505__smooth,transformer,smooth,fitzhugh_nagumo,correct,ood,96,0,0,0,0.2308934395792453
selector_g64,fitzhugh_nagumo__transformer__correct__s8606__iid,transformer,iid,fitzhugh_nagumo,correct,test,64,0,0,0,0.006641494639807011
selector_g64,fitzhugh_nagumo__transformer__correct__s8606__iid,transformer,iid,fitzhugh_nagumo,correct,test,96,0,0,0,0.005291916071417842
selector_g64,fitzhugh_nagumo__transformer__correct__s8606__iid,transformer,iid,fitzhugh_nagumo,correct,ood,64,0,0,0,0.2827455268680552
selector_g64,fitzhugh_nagumo__transformer__correct__s8606__iid,transformer,iid,fitzhugh_nagumo,correct,ood,96,0,0,0,0.20882023577971154
selector_g64,fitzhugh_nagumo__transformer__correct__s8606__none,transformer,none,fitzhugh_nagumo,correct,test,64,0,0,0,0.010286488496769164
selector_g64,fitzhugh_nagumo__transformer__correct__s8606__none,transformer,none,fitzhugh_nagumo,correct,test,96,0,0,0,0.008278865320919076
selector_g64,fitzhugh_nagumo__transformer__correct__s8606__none,transformer,none,fitzhugh_nagumo,correct,ood,64,0,0,0,0.1837959794594255
selector_g64,fitzhugh_nagumo__transformer__correct__s8606__none,transformer,none,fitzhugh_nagumo,correct,ood,96,0,0,0,0.15047037747785436
selector_g64,fitzhugh_nagumo__transformer__correct__s8606__response_matched,transformer,response_matched,fitzhugh_nagumo,correct,test,64,0,0,0,0.005828513293069548
selector_g64,fitzhugh_nagumo__transformer__correct__s8606__response_matched,transformer,response_matched,fitzhugh_nagumo,correct,test,96,0,0,0,0.004881045383362685
selector_g64,fitzhugh_nagumo__transformer__correct__s8606__response_matched,transformer,response_matched,fitzhugh_nagumo,correct,ood,64,0,0,0,0.30542567650580565
selector_g64,fitzhugh_nagumo__transformer__correct__s8606__response_matched,transformer,response_matched,fitzhugh_nagumo,correct,ood,96,0,0,0,0.22142579263829512
selector_g64,fitzhugh_nagumo__transformer__correct__s8606__smooth,transformer,smooth,fitzhugh_nagumo,correct,test,64,0,0,0,0.010043308778532545
selector_g64,fitzhugh_nagumo__transformer__correct__s8606__smooth,transformer,smooth,fitzhugh_nagumo,correct,test,96,0,0,0,0.008809641033904764
selector_g64,fitzhugh_nagumo__transformer__correct__s8606__smooth,transformer,smooth,fitzhugh_nagumo,correct,ood,64,0,0,0,0.19072326389426308
selector_g64,fitzhugh_nagumo__transformer__correct__s8606__smooth,transformer,smooth,fitzhugh_nagumo,correct,ood,96,0,0,0,0.15567189962295913
selector_g64,fitzhugh_nagumo__transformer__structural__s8101__iid,transformer,iid,fitzhugh_nagumo,structural,test,64,0,0,0,0.02512161286361425
selector_g64,fitzhugh_nagumo__transformer__structural__s8101__iid,transformer,iid,fitzhugh_nagumo,structural,test,96,0,0,0,0.01994550553051022
selector_g64,fitzhugh_nagumo__transformer__structural__s8101__iid,transformer,iid,fitzhugh_nagumo,structural,ood,64,0,0,0,0.14917388210492533
selector_g64,fitzhugh_nagumo__transformer__structural__s8101__iid,transformer,iid,fitzhugh_nagumo,structural,ood,96,0,0,0,0.16733552368311186
selector_g64,fitzhugh_nagumo__transformer__structural__s8101__none,transformer,none,fitzhugh_nagumo,structural,test,64,0,0,0,0.01699821690363862
selector_g64,fitzhugh_nagumo__transformer__structural__s8101__none,transformer,none,fitzhugh_nagumo,structural,test,96,0,0,0,0.013513491873722121
selector_g64,fitzhugh_nagumo__transformer__structural__s8101__none,transformer,none,fitzhugh_nagumo,structural,ood,64,0,0,0,0.18872932272968512
selector_g64,fitzhugh_nagumo__transformer__structural__s8101__none,transformer,none,fitzhugh_nagumo,structural,ood,96,0,0,0,0.21531846001961222
selector_g64,fitzhugh_nagumo__transformer__structural__s8101__response_matched,transformer,response_matched,fitzhugh_nagumo,structural,test,64,0,0,0,0.02601296511785023
selector_g64,fitzhugh_nagumo__transformer__structural__s8101__response_matched,transformer,response_matched,fitzhugh_nagumo,structural,test,96,0,0,0,0.02070933369036254
selector_g64,fitzhugh_nagumo__transformer__structural__s8101__response_matched,transformer,response_matched,fitzhugh_nagumo,structural,ood,64,0,0,0,0.17068511357251026
selector_g64,fitzhugh_nagumo__transformer__structural__s8101__response_matched,transformer,response_matched,fitzhugh_nagumo,structural,ood,96,0,0,0,0.18239061870629314
selector_g64,fitzhugh_nagumo__transformer__structural__s8101__smooth,transformer,smooth,fitzhugh_nagumo,structural,test,64,0,0,0,0.04802269125372938
selector_g64,fitzhugh_nagumo__transformer__structural__s8101__smooth,transformer,smooth,fitzhugh_nagumo,structural,test,96,0,0,0,0.04645911498085435
selector_g64,fitzhugh_nagumo__transformer__structural__s8101__smooth,transformer,smooth,fitzhugh_nagumo,structural,ood,64,0,0,0,0.15425528448997738
selector_g64,fitzhugh_nagumo__transformer__structural__s8101__smooth,transformer,smooth,fitzhugh_nagumo,structural,ood,96,0,0,0,0.18576420542687325
selector_g64,fitzhugh_nagumo__transformer__structural__s8202__iid,transformer,iid,fitzhugh_nagumo,structural,test,64,0,0,0,0.022999540776382554
selector_g64,fitzhugh_nagumo__transformer__structural__s8202__iid,transformer,iid,fitzhugh_nagumo,structural,test,96,0,0,0,0.018160502766221644
selector_g64,fitzhugh_nagumo__transformer__structural__s8202__iid,transformer,iid,fitzhugh_nagumo,structural,ood,64,0,0,0,0.15803446668193288
selector_g64,fitzhugh_nagumo__transformer__structural__s8202__iid,transformer,iid,fitzhugh_nagumo,structural,ood,96,0,0,0,0.11985448719279646
selector_g64,fitzhugh_nagumo__transformer__structural__s8202__none,transformer,none,fitzhugh_nagumo,structural,test,64,0,0,0,0.015079984164886762
selector_g64,fitzhugh_nagumo__transformer__structural__s8202__none,transformer,none,fitzhugh_nagumo,structural,test,96,0,0,0,0.01251768186531299
selector_g64,fitzhugh_nagumo__transformer__structural__s8202__none,transformer,none,fitzhugh_nagumo,structural,ood,64,0,0,0,0.2588935348606469
selector_g64,fitzhugh_nagumo__transformer__structural__s8202__none,transformer,none,fitzhugh_nagumo,structural,ood,96,0,0,0,0.18340417213020527
selector_g64,fitzhugh_nagumo__transformer__structural__s8202__response_matched,transformer,response_matched,fitzhugh_nagumo,structural,test,64,0,0,0,0.020529244632649934
selector_g64,fitzhugh_nagumo__transformer__structural__s8202__response_matched,transformer,response_matched,fitzhugh_nagumo,structural,test,96,0,0,0,0.015914734330916502
selector_g64,fitzhugh_nagumo__transformer__structural__s8202__response_matched,transformer,response_matched,fitzhugh_nagumo,structural,ood,64,0,0,0,0.2757572791756644
selector_g64,fitzhugh_nagumo__transformer__structural__s8202__response_matched,transformer,response_matched,fitzhugh_nagumo,structural,ood,96,0,0,0,0.20134147796262405
selector_g64,fitzhugh_nagumo__transformer__structural__s8202__smooth,transformer,smooth,fitzhugh_nagumo,structural,test,64,0,0,0,0.06528924259288171
selector_g64,fitzhugh_nagumo__transformer__structural__s8202__smooth,transformer,smooth,fitzhugh_nagumo,structural,test,96,0,0,0,0.0768014442742615
selector_g64,fitzhugh_nagumo__transformer__structural__s8202__smooth,transformer,smooth,fitzhugh_nagumo,structural,ood,64,0,0,0,0.17423227309512868
selector_g64,fitzhugh_nagumo__transformer__structural__s8202__smooth,transformer,smooth,fitzhugh_nagumo,structural,ood,96,0,0,0,0.13153075298528924
selector_g64,fitzhugh_nagumo__transformer__structural__s8303__iid,transformer,iid,fitzhugh_nagumo,structural,test,64,0,0,0,0.015272973204072837
selector_g64,fitzhugh_nagumo__transformer__structural__s8303__iid,transformer,iid,fitzhugh_nagumo,structural,test,96,0,0,0,0.012196170284572538
selector_g64,fitzhugh_nagumo__transformer__structural__s8303__iid,transformer,iid,fitzhugh_nagumo,structural,ood,64,0,0,0,0.18637499364971433
selector_g64,fitzhugh_nagumo__transformer__structural__s8303__iid,transformer,iid,fitzhugh_nagumo,structural,ood,96,0,0,0,0.1662298976874439
selector_g64,fitzhugh_nagumo__transformer__structural__s8303__none,transformer,none,fitzhugh_nagumo,structural,test,64,0,0,0,0.010566448858320143
selector_g64,fitzhugh_nagumo__transformer__structural__s8303__none,transformer,none,fitzhugh_nagumo,structural,test,96,0,0,0,0.008541188630549831
selector_g64,fitzhugh_nagumo__transformer__structural__s8303__none,transformer,none,fitzhugh_nagumo,structural,ood,64,0,0,0,0.18604408500603142
selector_g64,fitzhugh_nagumo__transformer__structural__s8303__none,transformer,none,fitzhugh_nagumo,structural,ood,96,0,0,0,0.14789530770808784
selector_g64,fitzhugh_nagumo__transformer__structural__s8303__response_matched,transformer,response_matched,fitzhugh_nagumo,structural,test,64,0,0,0,0.013119290102948211
selector_g64,fitzhugh_nagumo__transformer__structural__s8303__response_matched,transformer,response_matched,fitzhugh_nagumo,structural,test,96,0,0,0,0.011253977727820292
selector_g64,fitzhugh_nagumo__transformer__structural__s8303__response_matched,transformer,response_matched,fitzhugh_nagumo,structural,ood,64,0,0,0,0.1709153735322957
selector_g64,fitzhugh_nagumo__transformer__structural__s8303__response_matched,transformer,response_matched,fitzhugh_nagumo,structural,ood,96,0,0,0,0.14031779677827672
selector_g64,fitzhugh_nagumo__transformer__structural__s8303__smooth,transformer,smooth,fitzhugh_nagumo,structural,test,64,0,0,0,0.1448900305640617
selector_g64,fitzhugh_nagumo__transformer__structural__s8303__smooth,transformer,smooth,fitzhugh_nagumo,structural,test,96,0,0,0,0.2661840819702223
selector_g64,fitzhugh_nagumo__transformer__structural__s8303__smooth,transformer,smooth,fitzhugh_nagumo,structural,ood,64,0,0,0,0.2165954211307941
selector_g64,fitzhugh_nagumo__transformer__structural__s8303__smooth,transformer,smooth,fitzhugh_nagumo,structural,ood,96,0,0,0,0.3188298141590759
selector_g64,fitzhugh_nagumo__transformer__structural__s8404__iid,transformer,iid,fitzhugh_nagumo,structural,test,64,0,0,0,0.028362926026749502
selector_g64,fitzhugh_nagumo__transformer__structural__s8404__iid,transformer,iid,fitzhugh_nagumo,structural,test,96,0,0,0,0.024283464733328174
selector_g64,fitzhugh_nagumo__transformer__structural__s8404__iid,transformer,iid,fitzhugh_nagumo,structural,ood,64,0,0,0,0.12249380962957446
selector_g64,fitzhugh_nagumo__transformer__structural__s8404__iid,transformer,iid,fitzhugh_nagumo,structural,ood,96,0,0,0,0.11519641629868714
selector_g64,fitzhugh_nagumo__transformer__structural__s8404__none,transformer,none,fitzhugh_nagumo,structural,test,64,0,0,0,0.013174323037065117
selector_g64,fitzhugh_nagumo__transformer__structural__s8404__none,transformer,none,fitzhugh_nagumo,structural,test,96,0,0,0,0.010402839097893857
selector_g64,fitzhugh_nagumo__transformer__structural__s8404__none,transformer,none,fitzhugh_nagumo,structural,ood,64,0,0,0,0.18127813516884572
selector_g64,fitzhugh_nagumo__transformer__structural__s8404__none,transformer,none,fitzhugh_nagumo,structural,ood,96,0,0,0,0.14174135363006238
selector_g64,fitzhugh_nagumo__transformer__structural__s8404__response_matched,transformer,response_matched,fitzhugh_nagumo,structural,test,64,0,0,0,0.026310943290785538
selector_g64,fitzhugh_nagumo__transformer__structural__s8404__response_matched,transformer,response_matched,fitzhugh_nagumo,structural,test,96,0,0,0,0.022302039464698588
selector_g64,fitzhugh_nagumo__transformer__structural__s8404__response_matched,transformer,response_matched,fitzhugh_nagumo,structural,ood,64,0,0,0,0.12561914753145587
selector_g64,fitzhugh_nagumo__transformer__structural__s8404__response_matched,transformer,response_matched,fitzhugh_nagumo,structural,ood,96,0,0,0,0.116068207278443
selector_g64,fitzhugh_nagumo__transformer__structural__s8404__smooth,transformer,smooth,fitzhugh_nagumo,structural,test,64,0,0,0,0.1275148579157046
selector_g64,fitzhugh_nagumo__transformer__structural__s8404__smooth,transformer,smooth,fitzhugh_nagumo,structural,test,96,0,0,0,0.1285914251768777
selector_g64,fitzhugh_nagumo__transformer__structural__s8404__smooth,transformer,smooth,fitzhugh_nagumo,structural,ood,64,0,0,0,0.16247392294970453
selector_g64,fitzhugh_nagumo__transformer__structural__s8404__smooth,transformer,smooth,fitzhugh_nagumo,structural,ood,96,0,0,0,0.16958398413382508
selector_g64,fitzhugh_nagumo__transformer__structural__s8505__iid,transformer,iid,fitzhugh_nagumo,structural,test,64,0,0,0,0.02707811758331169
selector_g64,fitzhugh_nagumo__transformer__structural__s8505__iid,transformer,iid,fitzhugh_nagumo,structural,test,96,0,0,0,0.02152156505858486
selector_g64,fitzhugh_nagumo__transformer__structural__s8505__iid,transformer,iid,fitzhugh_nagumo,structural,ood,64,0,0,0,0.30888740746901533
selector_g64,fitzhugh_nagumo__transformer__structural__s8505__iid,transformer,iid,fitzhugh_nagumo,structural,ood,96,0,0,0,0.26093668841153317
selector_g64,fitzhugh_nagumo__transformer__structural__s8505__none,transformer,none,fitzhugh_nagumo,structural,test,64,0,0,0,0.007797338066713566
selector_g64,fitzhugh_nagumo__transformer__structural__s8505__none,transformer,none,fitzhugh_nagumo,structural,test,96,0,0,0,0.006218508889148952
selector_g64,fitzhugh_nagumo__transformer__structural__s8505__none,transformer,none,fitzhugh_nagumo,structural,ood,64,0,0,0,0.25333056627226824
selector_g64,fitzhugh_nagumo__transformer__structural__s8505__none,transformer,none,fitzhugh_nagumo,structural,ood,96,0,0,0,0.2652855141134675
selector_g64,fitzhugh_nagumo__transformer__structural__s8505__response_matched,transformer,response_matched,fitzhugh_nagumo,structural,test,64,0,0,0,0.024384517653597726
selector_g64,fitzhugh_nagumo__transformer__structural__s8505__response_matched,transformer,response_matched,fitzhugh_nagumo,structural,test,96,0,0,0,0.0221750037108445
selector_g64,fitzhugh_nagumo__transformer__structural__s8505__response_matched,transformer,response_matched,fitzhugh_nagumo,structural,ood,64,0,0,0,0.31512860587282887
selector_g64,fitzhugh_nagumo__transformer__structural__s8505__response_matched,transformer,response_matched,fitzhugh_nagumo,structural,ood,96,0,0,0,0.2692352647773172
selector_g64,fitzhugh_nagumo__transformer__structural__s8505__smooth,transformer,smooth,fitzhugh_nagumo,structural,test,64,0,0,0,0.10388468341448531
selector_g64,fitzhugh_nagumo__transformer__structural__s8505__smooth,transformer,smooth,fitzhugh_nagumo,structural,test,96,0,0,0,0.11282529899066211
selector_g64,fitzhugh_nagumo__transformer__structural__s8505__smooth,transformer,smooth,fitzhugh_nagumo,structural,ood,64,0,0,0,0.2953455404323577
selector_g64,fitzhugh_nagumo__transformer__structural__s8505__smooth,transformer,smooth,fitzhugh_nagumo,structural,ood,96,0,0,0,0.2927878406597083
selector_g64,fitzhugh_nagumo__transformer__structural__s8606__iid,transformer,iid,fitzhugh_nagumo,structural,test,64,0,0,0,0.12835841149412497
selector_g64,fitzhugh_nagumo__transformer__structural__s8606__iid,transformer,iid,fitzhugh_nagumo,structural,test,96,0,0,0,0.2095391317055772
selector_g64,fitzhugh_nagumo__transformer__structural__s8606__iid,transformer,iid,fitzhugh_nagumo,structural,ood,64,0,0,0,0.17294865796662862
selector_g64,fitzhugh_nagumo__transformer__structural__s8606__iid,transformer,iid,fitzhugh_nagumo,structural,ood,96,0,0,0,0.1310626070893477
selector_g64,fitzhugh_nagumo__transformer__structural__s8606__none,transformer,none,fitzhugh_nagumo,structural,test,64,0,0,0,0.010286488496769164
selector_g64,fitzhugh_nagumo__transformer__structural__s8606__none,transformer,none,fitzhugh_nagumo,structural,test,96,0,0,0,0.008278865320919076
selector_g64,fitzhugh_nagumo__transformer__structural__s8606__none,transformer,none,fitzhugh_nagumo,structural,ood,64,0,0,0,0.1837959794594255
selector_g64,fitzhugh_nagumo__transformer__structural__s8606__none,transformer,none,fitzhugh_nagumo,structural,ood,96,0,0,0,0.15047037747785436
selector_g64,fitzhugh_nagumo__transformer__structural__s8606__response_matched,transformer,response_matched,fitzhugh_nagumo,structural,test,64,0,0,0,0.021531516202438317
selector_g64,fitzhugh_nagumo__transformer__structural__s8606__response_matched,transformer,response_matched,fitzhugh_nagumo,structural,test,96,0,0,0,0.017411758181202774
selector_g64,fitzhugh_nagumo__transformer__structural__s8606__response_matched,transformer,response_matched,fitzhugh_nagumo,structural,ood,64,0,0,0,0.20274569016332578
selector_g64,fitzhugh_nagumo__transformer__structural__s8606__response_matched,transformer,response_matched,fitzhugh_nagumo,structural,ood,96,0,0,0,0.14739464267907465
selector_g64,fitzhugh_nagumo__transformer__structural__s8606__smooth,transformer,smooth,fitzhugh_nagumo,structural,test,64,0,0,0,0.04607812623871155
selector_g64,fitzhugh_nagumo__transformer__structural__s8606__smooth,transformer,smooth,fitzhugh_nagumo,structural,test,96,0,0,0,0.04077010516279718
selector_g64,fitzhugh_nagumo__transformer__structural__s8606__smooth,transformer,smooth,fitzhugh_nagumo,structural,ood,64,0,0,0,0.1265288603283885
selector_g64,fitzhugh_nagumo__transformer__structural__s8606__smooth,transformer,smooth,fitzhugh_nagumo,structural,ood,96,0,0,0,0.12806311955549887
development,reference,mechanistic,,advection_diffusion,coefficient,test,64,0,0,0,0.5313244237183632
development,reference,mechanistic,,advection_diffusion,coefficient,test,96,0,0,0,0.7447897696842862
development,reference,mechanistic,,advection_diffusion,coefficient,ood,64,0,0,0,0.5686829936930753
development,reference,mechanistic,,advection_diffusion,coefficient,ood,96,0,0,0,0.7019240169255561
development,reference,persistence,,advection_diffusion,coefficient,test,64,0,0,0,1.9041640608216994
development,reference,persistence,,advection_diffusion,coefficient,test,96,0,0,0,1.7984063014237868
development,reference,persistence,,advection_diffusion,coefficient,ood,64,0,0,0,1.4053722400260824
development,reference,persistence,,advection_diffusion,coefficient,ood,96,0,0,0,1.3804845171685165
development,reference,mechanistic,,advection_diffusion,correct,test,64,0,0,0,2.266825511260489e-12
development,reference,mechanistic,,advection_diffusion,correct,test,96,0,0,0,3.76763665163941e-12
development,reference,mechanistic,,advection_diffusion,correct,ood,64,0,0,0,1.6124238090315633e-12
development,reference,mechanistic,,advection_diffusion,correct,ood,96,0,0,0,2.5465141721039888e-12
development,reference,persistence,,advection_diffusion,correct,test,64,0,0,0,1.9041640608216994
development,reference,persistence,,advection_diffusion,correct,test,96,0,0,0,1.7984063014237868
development,reference,persistence,,advection_diffusion,correct,ood,64,0,0,0,1.4053722400260824
development,reference,persistence,,advection_diffusion,correct,ood,96,0,0,0,1.3804845171685165
development,reference,mechanistic,,allen_cahn,coefficient,test,64,0,0,0,0.0047589258591633765
development,reference,mechanistic,,allen_cahn,coefficient,test,96,0,0,0,0.005153575108806171
development,reference,mechanistic,,allen_cahn,coefficient,ood,64,0,0,0,0.0045151424073957
development,reference,mechanistic,,allen_cahn,coefficient,ood,96,0,0,0,0.004789149836670484
development,reference,persistence,,allen_cahn,coefficient,test,64,0,0,0,0.036351599148498615
development,reference,persistence,,allen_cahn,coefficient,test,96,0,0,0,0.04164775024330621
development,reference,persistence,,allen_cahn,coefficient,ood,64,0,0,0,0.022939436636376875
development,reference,persistence,,allen_cahn,coefficient,ood,96,0,0,0,0.029400801832146918
development,reference,mechanistic,,allen_cahn,correct,test,64,0,0,0,2.3103475413200626e-12
development,reference,mechanistic,,allen_cahn,correct,test,96,0,0,0,2.9833712767948858e-12
development,reference,mechanistic,,allen_cahn,correct,ood,64,0,0,0,1.51318133840564e-11
development,reference,mechanistic,,allen_cahn,correct,ood,96,0,0,0,1.5225838458365952e-11
development,reference,persistence,,allen_cahn,correct,test,64,0,0,0,0.036351599148498615
development,reference,persistence,,allen_cahn,correct,test,96,0,0,0,0.04164775024330621
development,reference,persistence,,allen_cahn,correct,ood,64,0,0,0,0.022939436636376875
development,reference,persistence,,allen_cahn,correct,ood,96,0,0,0,0.029400801832146918
development,reference,mechanistic,,burgers,coefficient,test,64,0,0,0,0.017123447088257304
development,reference,mechanistic,,burgers,coefficient,test,96,0,0,0,0.01717711214944343
development,reference,mechanistic,,burgers,coefficient,ood,64,0,0,0,0.010053777077486337
development,reference,mechanistic,,burgers,coefficient,ood,96,0,0,0,0.01143513866150081
development,reference,persistence,,burgers,coefficient,test,64,0,0,0,0.8117043097119208
development,reference,persistence,,burgers,coefficient,test,96,0,0,0,1.065330482570758
development,reference,persistence,,burgers,coefficient,ood,64,0,0,0,0.8137521693437755
development,reference,persistence,,burgers,coefficient,ood,96,0,0,0,1.0417534398496027
development,reference,mechanistic,,burgers,correct,test,64,0,0,0,2.4338614891118654e-11
development,reference,mechanistic,,burgers,correct,test,96,0,0,0,1.7938560267601827e-11
development,reference,mechanistic,,burgers,correct,ood,64,0,0,0,9.585305980781706e-12
development,reference,mechanistic,,burgers,correct,ood,96,0,0,0,9.999906570371725e-12
development,reference,persistence,,burgers,correct,test,64,0,0,0,0.8117043097119208
development,reference,persistence,,burgers,correct,test,96,0,0,0,1.065330482570758
development,reference,persistence,,burgers,correct,ood,64,0,0,0,0.8137521693437755
development,reference,persistence,,burgers,correct,ood,96,0,0,0,1.0417534398496027
development,reference,mechanistic,,gray_scott,coefficient,test,64,0,0,0,0.7340474576230349
development,reference,mechanistic,,gray_scott,coefficient,test,96,0,0,0,1.2035565650754734
development,reference,mechanistic,,gray_scott,coefficient,ood,64,0,0,0,0.7143332629876973
development,reference,mechanistic,,gray_scott,coefficient,ood,96,0,0,0,1.3049250369817216
development,reference,persistence,,gray_scott,coefficient,test,64,0,0,0,2.036077323424337
development,reference,persistence,,gray_scott,coefficient,test,96,0,0,0,2.684817013444804
development,reference,persistence,,gray_scott,coefficient,ood,64,0,0,0,0.3179615925723578
development,reference,persistence,,gray_scott,coefficient,ood,96,0,0,0,0.4601266148647376
development,reference,mechanistic,,gray_scott,correct,test,64,0,0,0,1.9796401041082864e-11
development,reference,mechanistic,,gray_scott,correct,test,96,0,0,0,4.0578150651907634e-11
development,reference,mechanistic,,gray_scott,correct,ood,64,0,0,0,4.261032775467628e-12
development,reference,mechanistic,,gray_scott,correct,ood,96,0,0,0,7.426304209213775e-12
development,reference,persistence,,gray_scott,correct,test,64,0,0,0,2.036077323424337
development,reference,persistence,,gray_scott,correct,test,96,0,0,0,2.684817013444804
development,reference,persistence,,gray_scott,correct,ood,64,0,0,0,0.3179615925723578
development,reference,persistence,,gray_scott,correct,ood,96,0,0,0,0.4601266148647376
development,reference,mechanistic,,ks,coefficient,test,64,0,0,0,0.5864891998136557
development,reference,mechanistic,,ks,coefficient,test,96,0,0,0,0.7736807441446558
development,reference,mechanistic,,ks,coefficient,ood,64,0,0,0,0.7806522957038737
development,reference,mechanistic,,ks,coefficient,ood,96,0,0,0,0.9354263466911638
development,reference,persistence,,ks,coefficient,test,64,0,0,0,1.049688953232721
development,reference,persistence,,ks,coefficient,test,96,0,0,0,1.2703809033915572
development,reference,persistence,,ks,coefficient,ood,64,0,0,0,1.2648281788780196
development,reference,persistence,,ks,coefficient,ood,96,0,0,0,1.45571875150146
development,reference,mechanistic,,ks,correct,test,64,0,0,0,2.4466611887692054e-07
development,reference,mechanistic,,ks,correct,test,96,0,0,0,4.134586746803756e-06
development,reference,mechanistic,,ks,correct,ood,64,0,0,0,4.230233293450578e-06
development,reference,mechanistic,,ks,correct,ood,96,0,0,0,7.650853992920555e-05
development,reference,persistence,,ks,correct,test,64,0,0,0,1.049688953232721
development,reference,persistence,,ks,correct,test,96,0,0,0,1.2703809033915572
development,reference,persistence,,ks,correct,ood,64,0,0,0,1.2648281788780196
development,reference,persistence,,ks,correct,ood,96,0,0,0,1.45571875150146
development,reference,mechanistic,,wave,coefficient,test,64,0,0,0,0.3973574188504543
development,reference,mechanistic,,wave,coefficient,test,96,0,0,0,0.5797535210131978
development,reference,mechanistic,,wave,coefficient,ood,64,0,0,0,0.7427219720342464
development,reference,mechanistic,,wave,coefficient,ood,96,0,0,0,0.9065306222767049
development,reference,persistence,,wave,coefficient,test,64,0,0,0,1.6768549624499656
development,reference,persistence,,wave,coefficient,test,96,0,0,0,1.7335639317871787
development,reference,persistence,,wave,coefficient,ood,64,0,0,0,1.9645933161420999
development,reference,persistence,,wave,coefficient,ood,96,0,0,0,1.7150026325751544
development,reference,mechanistic,,wave,correct,test,64,0,0,0,9.012607192846287e-11
development,reference,mechanistic,,wave,correct,test,96,0,0,0,1.8419312303956248e-10
development,reference,mechanistic,,wave,correct,ood,64,0,0,0,3.311938286009314e-09
development,reference,mechanistic,,wave,correct,ood,96,0,0,0,6.030947453685284e-09
development,reference,persistence,,wave,correct,test,64,0,0,0,1.6768549624499656
development,reference,persistence,,wave,correct,test,96,0,0,0,1.7335639317871787
development,reference,persistence,,wave,correct,ood,64,0,0,0,1.9645933161420999
development,reference,persistence,,wave,correct,ood,96,0,0,0,1.7150026325751544
resolution_g32,reference,mechanistic,,advection_diffusion,coefficient,test,64,0,0,0,0.6843453090496823
resolution_g32,reference,mechanistic,,advection_diffusion,coefficient,test,96,0,0,0,0.9744070420805571
resolution_g32,reference,mechanistic,,advection_diffusion,coefficient,ood,64,0,0,0,0.5866012694523803
resolution_g32,reference,mechanistic,,advection_diffusion,coefficient,ood,96,0,0,0,0.6803637666768765
resolution_g32,reference,persistence,,advection_diffusion,coefficient,test,64,0,0,0,2.28443365828457
resolution_g32,reference,persistence,,advection_diffusion,coefficient,test,96,0,0,0,2.283803768231489
resolution_g32,reference,persistence,,advection_diffusion,coefficient,ood,64,0,0,0,1.3504375145042786
resolution_g32,reference,persistence,,advection_diffusion,coefficient,ood,96,0,0,0,1.3387318527886691
resolution_g32,reference,mechanistic,,advection_diffusion,correct,test,64,0,0,0,3.5812997761011587e-12
resolution_g32,reference,mechanistic,,advection_diffusion,correct,test,96,0,0,0,6.037265423259061e-12
resolution_g32,reference,mechanistic,,advection_diffusion,correct,ood,64,0,0,0,1.6459573823300017e-12
resolution_g32,reference,mechanistic,,advection_diffusion,correct,ood,96,0,0,0,2.482847745287367e-12
resolution_g32,reference,persistence,,advection_diffusion,correct,test,64,0,0,0,2.28443365828457
resolution_g32,reference,persistence,,advection_diffusion,correct,test,96,0,0,0,2.283803768231489
resolution_g32,reference,persistence,,advection_diffusion,correct,ood,64,0,0,0,1.3504375145042786
resolution_g32,reference,persistence,,advection_diffusion,correct,ood,96,0,0,0,1.3387318527886691
resolution_g32,reference,mechanistic,,allen_cahn,coefficient,test,64,0,0,0,0.0063803123204326795
resolution_g32,reference,mechanistic,,allen_cahn,coefficient,test,96,0,0,0,0.007134171414029093
resolution_g32,reference,mechanistic,,allen_cahn,coefficient,ood,64,0,0,0,0.005149294107226865
resolution_g32,reference,mechanistic,,allen_cahn,coefficient,ood,96,0,0,0,0.0051109949497363995
resolution_g32,reference,persistence,,allen_cahn,coefficient,test,64,0,0,0,0.03637705263326518
resolution_g32,reference,persistence,,allen_cahn,coefficient,test,96,0,0,0,0.04256250604356312
resolution_g32,reference,persistence,,allen_cahn,coefficient,ood,64,0,0,0,0.02256286905040239
resolution_g32,reference,persistence,,allen_cahn,coefficient,ood,96,0,0,0,0.028976578514335435
resolution_g32,reference,mechanistic,,allen_cahn,correct,test,64,0,0,0,2.20833678792635e-12
resolution_g32,reference,mechanistic,,allen_cahn,correct,test,96,0,0,0,2.8494588976364417e-12
resolution_g32,reference,mechanistic,,allen_cahn,correct,ood,64,0,0,0,1.6149378132901073e-11
resolution_g32,reference,mechanistic,,allen_cahn,correct,ood,96,0,0,0,1.5679096186708626e-11
resolution_g32,reference,persistence,,allen_cahn,correct,test,64,0,0,0,0.03637705263326518
resolution_g32,reference,persistence,,allen_cahn,correct,test,96,0,0,0,0.04256250604356312
resolution_g32,reference,persistence,,allen_cahn,correct,ood,64,0,0,0,0.02256286905040239
resolution_g32,reference,persistence,,allen_cahn,correct,ood,96,0,0,0,0.028976578514335435
resolution_g32,reference,mechanistic,,wave,coefficient,test,64,0,0,0,0.4135517373198283
resolution_g32,reference,mechanistic,,wave,coefficient,test,96,0,0,0,0.6024088900437572
resolution_g32,reference,mechanistic,,wave,coefficient,ood,64,0,0,0,0.6947558091339374
resolution_g32,reference,mechanistic,,wave,coefficient,ood,96,0,0,0,0.8587808344307557
resolution_g32,reference,persistence,,wave,coefficient,test,64,0,0,0,1.803891878650063
resolution_g32,reference,persistence,,wave,coefficient,test,96,0,0,0,1.8723386242214701
resolution_g32,reference,persistence,,wave,coefficient,ood,64,0,0,0,1.8752147405275537
resolution_g32,reference,persistence,,wave,coefficient,ood,96,0,0,0,1.6234940541526157
resolution_g32,reference,mechanistic,,wave,correct,test,64,0,0,0,1.1797122658245497e-10
resolution_g32,reference,mechanistic,,wave,correct,test,96,0,0,0,2.355786598454151e-10
resolution_g32,reference,mechanistic,,wave,correct,ood,64,0,0,0,2.7932736912067328e-09
resolution_g32,reference,mechanistic,,wave,correct,ood,96,0,0,0,5.126741288686028e-09
resolution_g32,reference,persistence,,wave,correct,test,64,0,0,0,1.803891878650063
resolution_g32,reference,persistence,,wave,correct,test,96,0,0,0,1.8723386242214701
resolution_g32,reference,persistence,,wave,correct,ood,64,0,0,0,1.8752147405275537
resolution_g32,reference,persistence,,wave,correct,ood,96,0,0,0,1.6234940541526157
resolution_g64,reference,mechanistic,,advection_diffusion,coefficient,test,64,0,0,0,0.6843451949922859
resolution_g64,reference,mechanistic,,advection_diffusion,coefficient,test,96,0,0,0,0.9744069063983882
resolution_g64,reference,mechanistic,,advection_diffusion,coefficient,ood,64,0,0,0,0.5866011770092996
resolution_g64,reference,mechanistic,,advection_diffusion,coefficient,ood,96,0,0,0,0.6803637107522036
resolution_g64,reference,persistence,,advection_diffusion,coefficient,test,64,0,0,0,2.284433657603188
resolution_g64,reference,persistence,,advection_diffusion,coefficient,test,96,0,0,0,2.2838037694021978
resolution_g64,reference,persistence,,advection_diffusion,coefficient,ood,64,0,0,0,1.3504375152134003
resolution_g64,reference,persistence,,advection_diffusion,coefficient,ood,96,0,0,0,1.3387318541151294
resolution_g64,reference,mechanistic,,advection_diffusion,correct,test,64,0,0,0,2.9301991684989413e-12
resolution_g64,reference,mechanistic,,advection_diffusion,correct,test,96,0,0,0,5.076716209261053e-12
resolution_g64,reference,mechanistic,,advection_diffusion,correct,ood,64,0,0,0,1.4087050288203623e-12
resolution_g64,reference,mechanistic,,advection_diffusion,correct,ood,96,0,0,0,2.1311640766080192e-12
resolution_g64,reference,persistence,,advection_diffusion,correct,test,64,0,0,0,2.284433657603188
resolution_g64,reference,persistence,,advection_diffusion,correct,test,96,0,0,0,2.2838037694021978
resolution_g64,reference,persistence,,advection_diffusion,correct,ood,64,0,0,0,1.3504375152134003
resolution_g64,reference,persistence,,advection_diffusion,correct,ood,96,0,0,0,1.3387318541151294
resolution_g64,reference,mechanistic,,allen_cahn,coefficient,test,64,0,0,0,0.005892335089258793
resolution_g64,reference,mechanistic,,allen_cahn,coefficient,test,96,0,0,0,0.006197829078067466
resolution_g64,reference,mechanistic,,allen_cahn,coefficient,ood,64,0,0,0,0.00453687570660577
resolution_g64,reference,mechanistic,,allen_cahn,coefficient,ood,96,0,0,0,0.004276016600783805
resolution_g64,reference,persistence,,allen_cahn,coefficient,test,64,0,0,0,0.03637508842426662
resolution_g64,reference,persistence,,allen_cahn,coefficient,test,96,0,0,0,0.04256801557770137
resolution_g64,reference,persistence,,allen_cahn,coefficient,ood,64,0,0,0,0.022577522686336393
resolution_g64,reference,persistence,,allen_cahn,coefficient,ood,96,0,0,0,0.0290087062832447
resolution_g64,reference,mechanistic,,allen_cahn,correct,test,64,0,0,0,1.7511839457505798e-12
resolution_g64,reference,mechanistic,,allen_cahn,correct,test,96,0,0,0,1.8972465293115697e-12
resolution_g64,reference,mechanistic,,allen_cahn,correct,ood,64,0,0,0,1.560791677954801e-11
resolution_g64,reference,mechanistic,,allen_cahn,correct,ood,96,0,0,0,1.4585245588120035e-11
resolution_g64,reference,persistence,,allen_cahn,correct,test,64,0,0,0,0.03637508842426662
resolution_g64,reference,persistence,,allen_cahn,correct,test,96,0,0,0,0.04256801557770137
resolution_g64,reference,persistence,,allen_cahn,correct,ood,64,0,0,0,0.022577522686336393
resolution_g64,reference,persistence,,allen_cahn,correct,ood,96,0,0,0,0.0290087062832447
resolution_g64,reference,mechanistic,,wave,coefficient,test,64,0,0,0,0.4135507871999593
resolution_g64,reference,mechanistic,,wave,coefficient,test,96,0,0,0,0.6024084244820027
resolution_g64,reference,mechanistic,,wave,coefficient,ood,64,0,0,0,0.6947534594580134
resolution_g64,reference,mechanistic,,wave,coefficient,ood,96,0,0,0,0.858781234627827
resolution_g64,reference,persistence,,wave,coefficient,test,64,0,0,0,1.803891884386644
resolution_g64,reference,persistence,,wave,coefficient,test,96,0,0,0,1.8723386298745481
resolution_g64,reference,persistence,,wave,coefficient,ood,64,0,0,0,1.875214651628312
resolution_g64,reference,persistence,,wave,coefficient,ood,96,0,0,0,1.623493956384512
resolution_g64,reference,mechanistic,,wave,correct,test,64,0,0,0,4.457002186911351e-12
resolution_g64,reference,mechanistic,,wave,correct,test,96,0,0,0,6.179649647545887e-12
resolution_g64,reference,mechanistic,,wave,correct,ood,64,0,0,0,1.5989339094200027e-11
resolution_g64,reference,mechanistic,,wave,correct,ood,96,0,0,0,2.592780379906504e-11
resolution_g64,reference,persistence,,wave,correct,test,64,0,0,0,1.803891884386644
resolution_g64,reference,persistence,,wave,correct,test,96,0,0,0,1.8723386298745481
resolution_g64,reference,persistence,,wave,correct,ood,64,0,0,0,1.875214651628312
resolution_g64,reference,persistence,,wave,correct,ood,96,0,0,0,1.623493956384512
selector_g64,reference,mechanistic,,cahn_hilliard,coefficient,test,64,0,0,0,0.11407906138970425
selector_g64,reference,mechanistic,,cahn_hilliard,coefficient,test,96,0,0,0,0.13394798441565214
selector_g64,reference,mechanistic,,cahn_hilliard,coefficient,ood,64,0,0,0,0.07848085846743125
selector_g64,reference,mechanistic,,cahn_hilliard,coefficient,ood,96,0,0,0,0.07536813599307497
selector_g64,reference,persistence,,cahn_hilliard,coefficient,test,64,0,0,0,0.10231210217426945
selector_g64,reference,persistence,,cahn_hilliard,coefficient,test,96,0,0,0,0.2273814125806381
selector_g64,reference,persistence,,cahn_hilliard,coefficient,ood,64,0,0,0,0.21190483106085223
selector_g64,reference,persistence,,cahn_hilliard,coefficient,ood,96,0,0,0,0.367279280683649
selector_g64,reference,mechanistic,,cahn_hilliard,correct,test,64,0,0,0,3.0924970280116437e-12
selector_g64,reference,mechanistic,,cahn_hilliard,correct,test,96,0,0,0,6.596604439046001e-12
selector_g64,reference,mechanistic,,cahn_hilliard,correct,ood,64,0,0,0,7.10217453259105e-12
selector_g64,reference,mechanistic,,cahn_hilliard,correct,ood,96,0,0,0,9.851209261785439e-12
selector_g64,reference,persistence,,cahn_hilliard,correct,test,64,0,0,0,0.10231210217426945
selector_g64,reference,persistence,,cahn_hilliard,correct,test,96,0,0,0,0.2273814125806381
selector_g64,reference,persistence,,cahn_hilliard,correct,ood,64,0,0,0,0.21190483106085223
selector_g64,reference,persistence,,cahn_hilliard,correct,ood,96,0,0,0,0.367279280683649
selector_g64,reference,mechanistic,,cahn_hilliard,structural,test,64,0,0,0,0.2673796713480453
selector_g64,reference,mechanistic,,cahn_hilliard,structural,test,96,0,0,0,2.380389824394176
selector_g64,reference,mechanistic,,cahn_hilliard,structural,ood,64,0,0,0,0.7086269936451364
selector_g64,reference,mechanistic,,cahn_hilliard,structural,ood,96,0,0,0,6.564238334727499
selector_g64,reference,persistence,,cahn_hilliard,structural,test,64,0,0,0,0.10231210217426945
selector_g64,reference,persistence,,cahn_hilliard,structural,test,96,0,0,0,0.2273814125806381
selector_g64,reference,persistence,,cahn_hilliard,structural,ood,64,0,0,0,0.21190483106085223
selector_g64,reference,persistence,,cahn_hilliard,structural,ood,96,0,0,0,0.367279280683649
selector_g64,reference,mechanistic,,fitzhugh_nagumo,coefficient,test,64,0,0,0,0.03141501721936013
selector_g64,reference,mechanistic,,fitzhugh_nagumo,coefficient,test,96,0,0,0,0.033145908145173195
selector_g64,reference,mechanistic,,fitzhugh_nagumo,coefficient,ood,64,0,0,0,0.019872867267123784
selector_g64,reference,mechanistic,,fitzhugh_nagumo,coefficient,ood,96,0,0,0,0.02390420692788009
selector_g64,reference,persistence,,fitzhugh_nagumo,coefficient,test,64,0,0,0,1.3374970532242827
selector_g64,reference,persistence,,fitzhugh_nagumo,coefficient,test,96,0,0,0,2.098361058990264
selector_g64,reference,persistence,,fitzhugh_nagumo,coefficient,ood,64,0,0,0,1.7552344142102498
selector_g64,reference,persistence,,fitzhugh_nagumo,coefficient,ood,96,0,0,0,2.3281262777895884
selector_g64,reference,mechanistic,,fitzhugh_nagumo,correct,test,64,0,0,0,3.6728313592948177e-11
selector_g64,reference,mechanistic,,fitzhugh_nagumo,correct,test,96,0,0,0,3.9303792654183866e-11
selector_g64,reference,mechanistic,,fitzhugh_nagumo,correct,ood,64,0,0,0,4.136085975322065e-11
selector_g64,reference,mechanistic,,fitzhugh_nagumo,correct,ood,96,0,0,0,3.2082528927591556e-11
selector_g64,reference,persistence,,fitzhugh_nagumo,correct,test,64,0,0,0,1.3374970532242827
selector_g64,reference,persistence,,fitzhugh_nagumo,correct,test,96,0,0,0,2.098361058990264
selector_g64,reference,persistence,,fitzhugh_nagumo,correct,ood,64,0,0,0,1.7552344142102498
selector_g64,reference,persistence,,fitzhugh_nagumo,correct,ood,96,0,0,0,2.3281262777895884
selector_g64,reference,mechanistic,,fitzhugh_nagumo,structural,test,64,0,0,0,1.6198745177830176
selector_g64,reference,mechanistic,,fitzhugh_nagumo,structural,test,96,0,0,0,3.1023666565697376
selector_g64,reference,mechanistic,,fitzhugh_nagumo,structural,ood,64,0,0,0,2.61533095004755
selector_g64,reference,mechanistic,,fitzhugh_nagumo,structural,ood,96,0,0,0,4.212883355218301
selector_g64,reference,persistence,,fitzhugh_nagumo,structural,test,64,0,0,0,1.3374970532242827
selector_g64,reference,persistence,,fitzhugh_nagumo,structural,test,96,0,0,0,2.098361058990264
selector_g64,reference,persistence,,fitzhugh_nagumo,structural,ood,64,0,0,0,1.7552344142102498
selector_g64,reference,persistence,,fitzhugh_nagumo,structural,ood,96,0,0,0,2.3281262777895884
