family,kind,prior,seed,arm,checkpoint,split,horizon,mean_capped_mse,diverged_trajectories,capped_trajectories,trajectories,parameter_count,inference_ms_per_step
advection_diffusion,fno,coefficient,101,iid,validation_best,test,64,0.0007637610117920135,0,0,64,209985,1.3082416029646993
advection_diffusion,fno,coefficient,101,iid,validation_best,test,96,0.0010867453185500013,0,0,64,209985,1.3082416029646993
advection_diffusion,fno,coefficient,101,iid,final_step,test,64,0.009092481776675633,0,0,64,209985,
advection_diffusion,fno,coefficient,101,iid,final_step,test,96,0.017293694381473865,0,0,64,209985,
advection_diffusion,fno,coefficient,101,iid,validation_best,ood,64,0.028098063425118003,0,0,64,209985,1.3082416029646993
advection_diffusion,fno,coefficient,101,iid,validation_best,ood,96,0.047442914025783565,0,0,64,209985,1.3082416029646993
advection_diffusion,fno,coefficient,101,iid,final_step,ood,64,0.16814720524541754,0,0,64,209985,
advection_diffusion,fno,coefficient,101,iid,final_step,ood,96,0.30000146714594156,0,0,64,209985,
advection_diffusion,fno,coefficient,101,none,validation_best,test,64,0.0005195895328422712,0,0,64,209985,1.2746815802529454
advection_diffusion,fno,coefficient,101,none,validation_best,test,96,0.0008772824784554675,0,0,64,209985,1.2746815802529454
advection_diffusion,fno,coefficient,101,none,final_step,test,64,0.0049912146683237235,0,0,64,209985,
advection_diffusion,fno,coefficient,101,none,final_step,test,96,0.009178786694219584,0,0,64,209985,
advection_diffusion,fno,coefficient,101,none,validation_best,ood,64,0.009124438275264657,0,0,64,209985,1.2746815802529454
advection_diffusion,fno,coefficient,101,none,validation_best,ood,96,0.013613826622919914,0,0,64,209985,1.2746815802529454
advection_diffusion,fno,coefficient,101,none,final_step,ood,64,0.020555958560469323,0,0,64,209985,
advection_diffusion,fno,coefficient,101,none,final_step,ood,96,0.0334404106635809,0,0,64,209985,
advection_diffusion,fno,coefficient,101,response_matched,validation_best,test,64,0.0006103626668265139,0,0,64,209985,1.3134910492226481
advection_diffusion,fno,coefficient,101,response_matched,validation_best,test,96,0.0008291776342506478,0,0,64,209985,1.3134910492226481
advection_diffusion,fno,coefficient,101,response_matched,final_step,test,64,0.006729428338718996,0,0,64,209985,
advection_diffusion,fno,coefficient,101,response_matched,final_step,test,96,0.012084088640295358,0,0,64,209985,
advection_diffusion,fno,coefficient,101,response_matched,validation_best,ood,64,0.09981267609959144,0,0,64,209985,1.3134910492226481
advection_diffusion,fno,coefficient,101,response_matched,validation_best,ood,96,0.1941493940950476,0,0,64,209985,1.3134910492226481
advection_diffusion,fno,coefficient,101,response_matched,final_step,ood,64,0.42596237830529204,0,0,64,209985,
advection_diffusion,fno,coefficient,101,response_matched,final_step,ood,96,0.6287058389624882,0,0,64,209985,
advection_diffusion,fno,coefficient,101,smooth,validation_best,test,64,0.002624581142666234,0,0,64,209985,1.2351800920441747
advection_diffusion,fno,coefficient,101,smooth,validation_best,test,96,0.004329983617176,0,0,64,209985,1.2351800920441747
advection_diffusion,fno,coefficient,101,smooth,final_step,test,64,0.0019096627123756371,0,0,64,209985,
advection_diffusion,fno,coefficient,101,smooth,final_step,test,96,0.002838255403299998,0,0,64,209985,
advection_diffusion,fno,coefficient,101,smooth,validation_best,ood,64,0.021068567734658372,0,0,64,209985,1.2351800920441747
advection_diffusion,fno,coefficient,101,smooth,validation_best,ood,96,0.03323714384802619,0,0,64,209985,1.2351800920441747
advection_diffusion,fno,coefficient,101,smooth,final_step,ood,64,0.006737849766954768,0,0,64,209985,
advection_diffusion,fno,coefficient,101,smooth,final_step,ood,96,0.010380067980940766,0,0,64,209985,
advection_diffusion,fno,coefficient,202,iid,validation_best,test,64,0.0020558719000632747,0,0,64,209985,1.27567108720541
advection_diffusion,fno,coefficient,202,iid,validation_best,test,96,0.002969893884658431,0,0,64,209985,1.27567108720541
advection_diffusion,fno,coefficient,202,iid,final_step,test,64,0.11288480156946394,0,0,64,209985,
advection_diffusion,fno,coefficient,202,iid,final_step,test,96,0.21581391540291833,0,0,64,209985,
advection_diffusion,fno,coefficient,202,iid,validation_best,ood,64,0.04731814105018106,0,0,64,209985,1.27567108720541
advection_diffusion,fno,coefficient,202,iid,validation_best,ood,96,0.0678382417936311,0,0,64,209985,1.27567108720541
advection_diffusion,fno,coefficient,202,iid,final_step,ood,64,0.020094344969056266,0,0,64,209985,
advection_diffusion,fno,coefficient,202,iid,final_step,ood,96,0.03653606458346559,0,0,64,209985,
advection_diffusion,fno,coefficient,202,none,validation_best,test,64,0.0003633582107044073,0,0,64,209985,1.2287385296076536
advection_diffusion,fno,coefficient,202,none,validation_best,test,96,0.0005048313655607323,0,0,64,209985,1.2287385296076536
advection_diffusion,fno,coefficient,202,none,final_step,test,64,0.0016470743745978893,0,0,64,209985,
advection_diffusion,fno,coefficient,202,none,final_step,test,96,0.002860479820401947,0,0,64,209985,
advection_diffusion,fno,coefficient,202,none,validation_best,ood,64,0.05229153659471231,0,0,64,209985,1.2287385296076536
advection_diffusion,fno,coefficient,202,none,validation_best,ood,96,0.07942956255353564,0,0,64,209985,1.2287385296076536
advection_diffusion,fno,coefficient,202,none,final_step,ood,64,0.07270123568868025,0,0,64,209985,
advection_diffusion,fno,coefficient,202,none,final_step,ood,96,0.10776163285687135,0,0,64,209985,
advection_diffusion,fno,coefficient,202,response_matched,validation_best,test,64,0.0019493700563330552,0,0,64,209985,1.2273780535906553
advection_diffusion,fno,coefficient,202,response_matched,validation_best,test,96,0.002657387407271246,0,0,64,209985,1.2273780535906553
advection_diffusion,fno,coefficient,202,response_matched,final_step,test,64,0.0534218493860838,0,0,64,209985,
advection_diffusion,fno,coefficient,202,response_matched,final_step,test,96,0.09678942507771189,0,0,64,209985,
advection_diffusion,fno,coefficient,202,response_matched,validation_best,ood,64,0.01606250797997799,0,0,64,209985,1.2273780535906553
advection_diffusion,fno,coefficient,202,response_matched,validation_best,ood,96,0.02210173714822387,0,0,64,209985,1.2273780535906553
advection_diffusion,fno,coefficient,202,response_matched,final_step,ood,64,0.028442993626497604,0,0,64,209985,
advection_diffusion,fno,coefficient,202,response_matched,final_step,ood,96,0.04600816815455211,0,0,64,209985,
advection_diffusion,fno,coefficient,202,smooth,validation_best,test,64,0.0018379552624476492,0,0,64,209985,1.24579556286335
advection_diffusion,fno,coefficient,202,smooth,validation_best,test,96,0.002737091198304805,0,0,64,209985,1.24579556286335
advection_diffusion,fno,coefficient,202,smooth,final_step,test,64,0.019273551497433428,0,0,64,209985,
advection_diffusion,fno,coefficient,202,smooth,final_step,test,96,0.0297500040698625,0,0,64,209985,
advection_diffusion,fno,coefficient,202,smooth,validation_best,ood,64,0.07853216634685145,0,0,64,209985,1.24579556286335
advection_diffusion,fno,coefficient,202,smooth,validation_best,ood,96,0.11974745911322149,0,0,64,209985,1.24579556286335
advection_diffusion,fno,coefficient,202,smooth,final_step,ood,64,0.009817657269723279,0,0,64,209985,
advection_diffusion,fno,coefficient,202,smooth,final_step,ood,96,0.014414325153070617,0,0,64,209985,
advection_diffusion,fno,coefficient,303,iid,validation_best,test,64,0.006600227996502728,0,0,64,209985,1.2503645848482847
advection_diffusion,fno,coefficient,303,iid,validation_best,test,96,0.012534818054236098,0,0,64,209985,1.2503645848482847
advection_diffusion,fno,coefficient,303,iid,final_step,test,64,0.029889638887191483,0,0,64,209985,
advection_diffusion,fno,coefficient,303,iid,final_step,test,96,0.050508758241539296,0,0,64,209985,
advection_diffusion,fno,coefficient,303,iid,validation_best,ood,64,0.021572911492263813,0,0,64,209985,1.2503645848482847
advection_diffusion,fno,coefficient,303,iid,validation_best,ood,96,0.18304491491964825,0,0,64,209985,1.2503645848482847
advection_diffusion,fno,coefficient,303,iid,final_step,ood,64,0.0344583723586287,0,0,64,209985,
advection_diffusion,fno,coefficient,303,iid,final_step,ood,96,0.0706650205040189,0,0,64,209985,
advection_diffusion,fno,coefficient,303,none,validation_best,test,64,0.0002873612810928936,0,0,64,209985,1.2451375368982553
advection_diffusion,fno,coefficient,303,none,validation_best,test,96,0.00034669301001283867,0,0,64,209985,1.2451375368982553
advection_diffusion,fno,coefficient,303,none,final_step,test,64,0.000387188915318264,0,0,64,209985,
advection_diffusion,fno,coefficient,303,none,final_step,test,96,0.0005004679450524031,0,0,64,209985,
advection_diffusion,fno,coefficient,303,none,validation_best,ood,64,0.07360327792043697,0,0,64,209985,1.2451375368982553
advection_diffusion,fno,coefficient,303,none,validation_best,ood,96,0.10178004335584712,0,0,64,209985,1.2451375368982553
advection_diffusion,fno,coefficient,303,none,final_step,ood,64,0.05756791668954486,0,0,64,209985,
advection_diffusion,fno,coefficient,303,none,final_step,ood,96,0.0797434972697948,0,0,64,209985,
advection_diffusion,fno,coefficient,303,response_matched,validation_best,test,64,0.00627725085822832,0,0,64,209985,1.2289065634831786
advection_diffusion,fno,coefficient,303,response_matched,validation_best,test,96,0.011656338169735537,0,0,64,209985,1.2289065634831786
advection_diffusion,fno,coefficient,303,response_matched,final_step,test,64,0.1619012846365095,0,0,64,209985,
advection_diffusion,fno,coefficient,303,response_matched,final_step,test,96,0.28808585376659057,0,0,64,209985,
advection_diffusion,fno,coefficient,303,response_matched,validation_best,ood,64,0.06932869622494486,0,0,64,209985,1.2289065634831786
advection_diffusion,fno,coefficient,303,response_matched,validation_best,ood,96,0.10520453131437199,0,0,64,209985,1.2289065634831786
advection_diffusion,fno,coefficient,303,response_matched,final_step,ood,64,0.07177481670579011,0,0,64,209985,
advection_diffusion,fno,coefficient,303,response_matched,final_step,ood,96,0.1191161603873517,0,0,64,209985,
advection_diffusion,fno,coefficient,303,smooth,validation_best,test,64,0.003396697077440551,0,0,64,209985,1.2372095603495836
advection_diffusion,fno,coefficient,303,smooth,validation_best,test,96,0.005075044082125478,0,0,64,209985,1.2372095603495836
advection_diffusion,fno,coefficient,303,smooth,final_step,test,64,0.00962353314329989,0,0,64,209985,
advection_diffusion,fno,coefficient,303,smooth,final_step,test,96,0.01585870613318378,0,0,64,209985,
advection_diffusion,fno,coefficient,303,smooth,validation_best,ood,64,0.04370149071962115,0,0,64,209985,1.2372095603495836
advection_diffusion,fno,coefficient,303,smooth,validation_best,ood,96,0.06467409237021662,0,0,64,209985,1.2372095603495836
advection_diffusion,fno,coefficient,303,smooth,final_step,ood,64,0.036614656671190904,0,0,64,209985,
advection_diffusion,fno,coefficient,303,smooth,final_step,ood,96,0.0562527823713029,0,0,64,209985,
advection_diffusion,fno,coefficient,404,iid,validation_best,test,64,0.002100334330110587,0,0,64,209985,1.248279050923884
advection_diffusion,fno,coefficient,404,iid,validation_best,test,96,0.0032796695676406973,0,0,64,209985,1.248279050923884
advection_diffusion,fno,coefficient,404,iid,final_step,test,64,0.2309903301263611,0,0,64,209985,
advection_diffusion,fno,coefficient,404,iid,final_step,test,96,0.37705785979771217,0,0,64,209985,
advection_diffusion,fno,coefficient,404,iid,validation_best,ood,64,0.04565139546217378,0,0,64,209985,1.248279050923884
advection_diffusion,fno,coefficient,404,iid,validation_best,ood,96,0.07102036792690643,0,0,64,209985,1.248279050923884
advection_diffusion,fno,coefficient,404,iid,final_step,ood,64,0.19090027864265235,0,0,64,209985,
advection_diffusion,fno,coefficient,404,iid,final_step,ood,96,0.3007242865806421,0,0,64,209985,
advection_diffusion,fno,coefficient,404,none,validation_best,test,64,0.0002602896076625699,0,0,64,209985,1.26594805624336
advection_diffusion,fno,coefficient,404,none,validation_best,test,96,0.00037975983238329924,0,0,64,209985,1.26594805624336
advection_diffusion,fno,coefficient,404,none,final_step,test,64,0.0002602896076625699,0,0,64,209985,
advection_diffusion,fno,coefficient,404,none,final_step,test,96,0.00037975983238329924,0,0,64,209985,
advection_diffusion,fno,coefficient,404,none,validation_best,ood,64,0.0888347086650505,0,0,64,209985,1.26594805624336
advection_diffusion,fno,coefficient,404,none,validation_best,ood,96,0.12774108590289046,0,0,64,209985,1.26594805624336
advection_diffusion,fno,coefficient,404,none,final_step,ood,64,0.0888347086650505,0,0,64,209985,
advection_diffusion,fno,coefficient,404,none,final_step,ood,96,0.12774108590289046,0,0,64,209985,
advection_diffusion,fno,coefficient,404,response_matched,validation_best,test,64,0.00260768099688094,0,0,64,209985,1.2301225680857897
advection_diffusion,fno,coefficient,404,response_matched,validation_best,test,96,0.003738253792978892,0,0,64,209985,1.2301225680857897
advection_diffusion,fno,coefficient,404,response_matched,final_step,test,64,0.3679598607317674,0,0,64,209985,
advection_diffusion,fno,coefficient,404,response_matched,final_step,test,96,0.6081741679362893,0,0,64,209985,
advection_diffusion,fno,coefficient,404,response_matched,validation_best,ood,64,0.04457576694531662,0,0,64,209985,1.2301225680857897
advection_diffusion,fno,coefficient,404,response_matched,validation_best,ood,96,0.06957998274892585,0,0,64,209985,1.2301225680857897
advection_diffusion,fno,coefficient,404,response_matched,final_step,ood,64,0.3981910339758279,0,0,64,209985,
advection_diffusion,fno,coefficient,404,response_matched,final_step,ood,96,0.5914417704373567,0,0,64,209985,
advection_diffusion,fno,coefficient,404,smooth,validation_best,test,64,0.0030117569833060798,0,0,64,209985,1.240657060407102
advection_diffusion,fno,coefficient,404,smooth,validation_best,test,96,0.004653094942474531,0,0,64,209985,1.240657060407102
advection_diffusion,fno,coefficient,404,smooth,final_step,test,64,0.007156309137258482,0,0,64,209985,
advection_diffusion,fno,coefficient,404,smooth,final_step,test,96,0.011417255794290038,0,0,64,209985,
advection_diffusion,fno,coefficient,404,smooth,validation_best,ood,64,0.007585606816043922,0,0,64,209985,1.240657060407102
advection_diffusion,fno,coefficient,404,smooth,validation_best,ood,96,0.010950552252396422,0,0,64,209985,1.240657060407102
advection_diffusion,fno,coefficient,404,smooth,final_step,ood,64,0.007590468493529207,0,0,64,209985,
advection_diffusion,fno,coefficient,404,smooth,final_step,ood,96,0.011469306429790771,0,0,64,209985,
advection_diffusion,fno,coefficient,505,iid,validation_best,test,64,0.0020426612235107527,0,0,64,209985,1.2466285144910216
advection_diffusion,fno,coefficient,505,iid,validation_best,test,96,0.002760406941316397,0,0,64,209985,1.2466285144910216
advection_diffusion,fno,coefficient,505,iid,final_step,test,64,0.22569303522655196,0,0,64,209985,
advection_diffusion,fno,coefficient,505,iid,final_step,test,96,0.38897689965917215,0,0,64,209985,
advection_diffusion,fno,coefficient,505,iid,validation_best,ood,64,0.01689242402942004,0,0,64,209985,1.2466285144910216
advection_diffusion,fno,coefficient,505,iid,validation_best,ood,96,0.023440046857685415,0,0,64,209985,1.2466285144910216
advection_diffusion,fno,coefficient,505,iid,final_step,ood,64,0.3049231801602623,0,0,64,209985,
advection_diffusion,fno,coefficient,505,iid,final_step,ood,96,0.4656211877475135,0,0,64,209985,
advection_diffusion,fno,coefficient,505,none,validation_best,test,64,0.0002773606836174447,0,0,64,209985,1.2418200494721532
advection_diffusion,fno,coefficient,505,none,validation_best,test,96,0.00043682362496829297,0,0,64,209985,1.2418200494721532
advection_diffusion,fno,coefficient,505,none,final_step,test,64,0.0006337441783805884,0,0,64,209985,
advection_diffusion,fno,coefficient,505,none,final_step,test,96,0.0010371207171133768,0,0,64,209985,
advection_diffusion,fno,coefficient,505,none,validation_best,ood,64,0.026100815694939494,0,0,64,209985,1.2418200494721532
advection_diffusion,fno,coefficient,505,none,validation_best,ood,96,0.036739134932887454,0,0,64,209985,1.2418200494721532
advection_diffusion,fno,coefficient,505,none,final_step,ood,64,0.027397044478836174,0,0,64,209985,
advection_diffusion,fno,coefficient,505,none,final_step,ood,96,0.03889415434559192,0,0,64,209985,
advection_diffusion,fno,coefficient,505,response_matched,validation_best,test,64,0.004488446060976536,0,0,64,209985,1.230087480507791
advection_diffusion,fno,coefficient,505,response_matched,validation_best,test,96,0.00636358575801288,0,0,64,209985,1.230087480507791
advection_diffusion,fno,coefficient,505,response_matched,final_step,test,64,0.3744378241235445,0,0,64,209985,
advection_diffusion,fno,coefficient,505,response_matched,final_step,test,96,0.6316347793945061,0,0,64,209985,
advection_diffusion,fno,coefficient,505,response_matched,validation_best,ood,64,0.024154039509340253,0,0,64,209985,1.230087480507791
advection_diffusion,fno,coefficient,505,response_matched,validation_best,ood,96,0.03241945888882425,0,0,64,209985,1.230087480507791
advection_diffusion,fno,coefficient,505,response_matched,final_step,ood,64,158743.31787146768,0,8,64,209985,
advection_diffusion,fno,coefficient,505,response_matched,final_step,ood,96,541940.3758619176,29,34,64,209985,
advection_diffusion,fno,coefficient,505,smooth,validation_best,test,64,0.0026389416839400354,0,0,64,209985,1.2880294350907207
advection_diffusion,fno,coefficient,505,smooth,validation_best,test,96,0.00377734142903279,0,0,64,209985,1.2880294350907207
advection_diffusion,fno,coefficient,505,smooth,final_step,test,64,0.01160410374653481,0,0,64,209985,
advection_diffusion,fno,coefficient,505,smooth,final_step,test,96,0.01859084810994205,0,0,64,209985,
advection_diffusion,fno,coefficient,505,smooth,validation_best,ood,64,0.01861019994474683,0,0,64,209985,1.2880294350907207
advection_diffusion,fno,coefficient,505,smooth,validation_best,ood,96,0.02739878612139124,0,0,64,209985,1.2880294350907207
advection_diffusion,fno,coefficient,505,smooth,final_step,ood,64,0.05663310496768026,0,0,64,209985,
advection_diffusion,fno,coefficient,505,smooth,final_step,ood,96,0.08711427468183772,0,0,64,209985,
advection_diffusion,fno,coefficient,606,iid,validation_best,test,64,0.016103377007226444,0,0,64,209985,1.3124844525009394
advection_diffusion,fno,coefficient,606,iid,validation_best,test,96,0.029177985264600005,0,0,64,209985,1.3124844525009394
advection_diffusion,fno,coefficient,606,iid,final_step,test,64,0.031196365920947558,0,0,64,209985,
advection_diffusion,fno,coefficient,606,iid,final_step,test,96,0.05703340513884289,0,0,64,209985,
advection_diffusion,fno,coefficient,606,iid,validation_best,ood,64,0.1579569402640284,0,0,64,209985,1.3124844525009394
advection_diffusion,fno,coefficient,606,iid,validation_best,ood,96,0.28550893132791055,0,0,64,209985,1.3124844525009394
advection_diffusion,fno,coefficient,606,iid,final_step,ood,64,0.10368015658139129,0,0,64,209985,
advection_diffusion,fno,coefficient,606,iid,final_step,ood,96,0.1903230952705814,0,0,64,209985,
advection_diffusion,fno,coefficient,606,none,validation_best,test,64,0.0003140280913474097,0,0,64,209985,1.2356189545243979
advection_diffusion,fno,coefficient,606,none,validation_best,test,96,0.00037582407761757586,0,0,64,209985,1.2356189545243979
advection_diffusion,fno,coefficient,606,none,final_step,test,64,0.0028515714438705347,0,0,64,209985,
advection_diffusion,fno,coefficient,606,none,final_step,test,96,0.004783941018497209,0,0,64,209985,
advection_diffusion,fno,coefficient,606,none,validation_best,ood,64,0.048390405516788304,0,0,64,209985,1.2356189545243979
advection_diffusion,fno,coefficient,606,none,validation_best,ood,96,0.07960593510567356,0,0,64,209985,1.2356189545243979
advection_diffusion,fno,coefficient,606,none,final_step,ood,64,0.0670950725966315,0,0,64,209985,
advection_diffusion,fno,coefficient,606,none,final_step,ood,96,0.11667288263498823,0,0,64,209985,
advection_diffusion,fno,coefficient,606,response_matched,validation_best,test,64,0.001523865489118828,0,0,64,209985,1.2641784502193332
advection_diffusion,fno,coefficient,606,response_matched,validation_best,test,96,0.002929151604348044,0,0,64,209985,1.2641784502193332
advection_diffusion,fno,coefficient,606,response_matched,final_step,test,64,0.05713876929428105,0,0,64,209985,
advection_diffusion,fno,coefficient,606,response_matched,final_step,test,96,0.11147988733690137,0,0,64,209985,
advection_diffusion,fno,coefficient,606,response_matched,validation_best,ood,64,0.03076035702883395,0,0,64,209985,1.2641784502193332
advection_diffusion,fno,coefficient,606,response_matched,validation_best,ood,96,0.05603885579745693,0,0,64,209985,1.2641784502193332
advection_diffusion,fno,coefficient,606,response_matched,final_step,ood,64,0.1247308848894062,0,0,64,209985,
advection_diffusion,fno,coefficient,606,response_matched,final_step,ood,96,2225.339839254984,0,0,64,209985,
advection_diffusion,fno,coefficient,606,smooth,validation_best,test,64,0.002364811293705943,0,0,64,209985,1.2471799505874515
advection_diffusion,fno,coefficient,606,smooth,validation_best,test,96,0.0036727326618166876,0,0,64,209985,1.2471799505874515
advection_diffusion,fno,coefficient,606,smooth,final_step,test,64,0.034365638834389145,0,0,64,209985,
advection_diffusion,fno,coefficient,606,smooth,final_step,test,96,0.05699869512460627,0,0,64,209985,
advection_diffusion,fno,coefficient,606,smooth,validation_best,ood,64,0.0550112412817203,0,0,64,209985,1.2471799505874515
advection_diffusion,fno,coefficient,606,smooth,validation_best,ood,96,0.0848484971803328,0,0,64,209985,1.2471799505874515
advection_diffusion,fno,coefficient,606,smooth,final_step,ood,64,0.039943158939375945,0,0,64,209985,
advection_diffusion,fno,coefficient,606,smooth,final_step,ood,96,0.05820353375123203,0,0,64,209985,
advection_diffusion,fno,correct,101,iid,validation_best,test,64,0.0002859699250271526,0,0,64,209985,1.2418115511536598
advection_diffusion,fno,correct,101,iid,validation_best,test,96,0.00044263512437632313,0,0,64,209985,1.2418115511536598
advection_diffusion,fno,correct,101,iid,final_step,test,64,0.0002859699250271526,0,0,64,209985,
advection_diffusion,fno,correct,101,iid,final_step,test,96,0.00044263512437632313,0,0,64,209985,
advection_diffusion,fno,correct,101,iid,validation_best,ood,64,0.004033651160619378,0,0,64,209985,1.2418115511536598
advection_diffusion,fno,correct,101,iid,validation_best,ood,96,0.00627853349872846,0,0,64,209985,1.2418115511536598
advection_diffusion,fno,correct,101,iid,final_step,ood,64,0.004033651160619378,0,0,64,209985,
advection_diffusion,fno,correct,101,iid,final_step,ood,96,0.00627853349872846,0,0,64,209985,
advection_diffusion,fno,correct,101,none,validation_best,test,64,0.0005190673987746294,0,0,64,209985,1.2663861038163304
advection_diffusion,fno,correct,101,none,validation_best,test,96,0.0008766298792561255,0,0,64,209985,1.2663861038163304
advection_diffusion,fno,correct,101,none,final_step,test,64,0.0024272907796083695,0,0,64,209985,
advection_diffusion,fno,correct,101,none,final_step,test,96,0.004366601276103087,0,0,64,209985,
advection_diffusion,fno,correct,101,none,validation_best,ood,64,0.009138861478738602,0,0,64,209985,1.2663861038163304
advection_diffusion,fno,correct,101,none,validation_best,ood,96,0.013632662475557942,0,0,64,209985,1.2663861038163304
advection_diffusion,fno,correct,101,none,final_step,ood,64,0.019645387104222145,0,0,64,209985,
advection_diffusion,fno,correct,101,none,final_step,ood,96,0.032164732324268044,0,0,64,209985,
advection_diffusion,fno,correct,101,response_matched,validation_best,test,64,0.00015588576066460913,0,0,64,209985,1.2486995896324515
advection_diffusion,fno,correct,101,response_matched,validation_best,test,96,0.00023116843226637465,0,0,64,209985,1.2486995896324515
advection_diffusion,fno,correct,101,response_matched,final_step,test,64,0.005739724196811957,0,0,64,209985,
advection_diffusion,fno,correct,101,response_matched,final_step,test,96,0.010024489769512795,0,0,64,209985,
advection_diffusion,fno,correct,101,response_matched,validation_best,ood,64,0.028567815885823133,0,0,64,209985,1.2486995896324515
advection_diffusion,fno,correct,101,response_matched,validation_best,ood,96,0.04875710037054256,0,0,64,209985,1.2486995896324515
advection_diffusion,fno,correct,101,response_matched,final_step,ood,64,0.06322665862609367,0,0,64,209985,
advection_diffusion,fno,correct,101,response_matched,final_step,ood,96,0.12316918728711884,0,0,64,209985,
advection_diffusion,fno,correct,101,smooth,validation_best,test,64,8.020147330900507e-05,0,0,64,209985,1.2759300414472818
advection_diffusion,fno,correct,101,smooth,validation_best,test,96,0.00011397042298355586,0,0,64,209985,1.2759300414472818
advection_diffusion,fno,correct,101,smooth,final_step,test,64,8.020147330900507e-05,0,0,64,209985,
advection_diffusion,fno,correct,101,smooth,final_step,test,96,0.00011397042298355586,0,0,64,209985,
advection_diffusion,fno,correct,101,smooth,validation_best,ood,64,0.019737438550866515,0,0,64,209985,1.2759300414472818
advection_diffusion,fno,correct,101,smooth,validation_best,ood,96,0.030687238593678872,0,0,64,209985,1.2759300414472818
advection_diffusion,fno,correct,101,smooth,final_step,ood,64,0.019737438550866515,0,0,64,209985,
advection_diffusion,fno,correct,101,smooth,final_step,ood,96,0.030687238593678872,0,0,64,209985,
advection_diffusion,fno,correct,202,iid,validation_best,test,64,0.00021798401358079367,0,0,64,209985,1.283515547402203
advection_diffusion,fno,correct,202,iid,validation_best,test,96,0.00030509365504374775,0,0,64,209985,1.283515547402203
advection_diffusion,fno,correct,202,iid,final_step,test,64,0.0010516688844954825,0,0,64,209985,
advection_diffusion,fno,correct,202,iid,final_step,test,96,0.0016409595302791697,0,0,64,209985,
advection_diffusion,fno,correct,202,iid,validation_best,ood,64,0.030254720805753532,0,0,64,209985,1.283515547402203
advection_diffusion,fno,correct,202,iid,validation_best,ood,96,0.04510434464476247,0,0,64,209985,1.283515547402203
advection_diffusion,fno,correct,202,iid,final_step,ood,64,0.02663243489942646,0,0,64,209985,
advection_diffusion,fno,correct,202,iid,final_step,ood,96,0.038591250789366725,0,0,64,209985,
advection_diffusion,fno,correct,202,none,validation_best,test,64,0.00035551681889245054,0,0,64,209985,1.2521465541794896
advection_diffusion,fno,correct,202,none,validation_best,test,96,0.0004931100321569418,0,0,64,209985,1.2521465541794896
advection_diffusion,fno,correct,202,none,final_step,test,64,0.001879378624892604,0,0,64,209985,
advection_diffusion,fno,correct,202,none,final_step,test,96,0.003288930690054079,0,0,64,209985,
advection_diffusion,fno,correct,202,none,validation_best,ood,64,0.05231035736883882,0,0,64,209985,1.2521465541794896
advection_diffusion,fno,correct,202,none,validation_best,ood,96,0.07948085455709966,0,0,64,209985,1.2521465541794896
advection_diffusion,fno,correct,202,none,final_step,ood,64,0.07349321576225565,0,0,64,209985,
advection_diffusion,fno,correct,202,none,final_step,ood,96,0.10894136367839291,0,0,64,209985,
advection_diffusion,fno,correct,202,response_matched,validation_best,test,64,0.00019330039586912262,0,0,64,209985,1.244359603151679
advection_diffusion,fno,correct,202,response_matched,validation_best,test,96,0.00027648995811013766,0,0,64,209985,1.244359603151679
advection_diffusion,fno,correct,202,response_matched,final_step,test,64,0.003991025235971571,0,0,64,209985,
advection_diffusion,fno,correct,202,response_matched,final_step,test,96,0.006748458625238476,0,0,64,209985,
advection_diffusion,fno,correct,202,response_matched,validation_best,ood,64,0.039253769990351906,0,0,64,209985,1.244359603151679
advection_diffusion,fno,correct,202,response_matched,validation_best,ood,96,0.0567943197708273,0,0,64,209985,1.244359603151679
advection_diffusion,fno,correct,202,response_matched,final_step,ood,64,0.014671783178292541,0,0,64,209985,
advection_diffusion,fno,correct,202,response_matched,final_step,ood,96,0.021128456151022323,0,0,64,209985,
advection_diffusion,fno,correct,202,smooth,validation_best,test,64,8.978749548853651e-05,0,0,64,209985,1.2450935551896691
advection_diffusion,fno,correct,202,smooth,validation_best,test,96,0.00012913433677111627,0,0,64,209985,1.2450935551896691
advection_diffusion,fno,correct,202,smooth,final_step,test,64,0.00016119415017269711,0,0,64,209985,
advection_diffusion,fno,correct,202,smooth,final_step,test,96,0.0002271999899861136,0,0,64,209985,
advection_diffusion,fno,correct,202,smooth,validation_best,ood,64,0.03102888834634432,0,0,64,209985,1.2450935551896691
advection_diffusion,fno,correct,202,smooth,validation_best,ood,96,0.04866907814536795,0,0,64,209985,1.2450935551896691
advection_diffusion,fno,correct,202,smooth,final_step,ood,64,0.037092546231672685,0,0,64,209985,
advection_diffusion,fno,correct,202,smooth,final_step,ood,96,0.058187994011999436,0,0,64,209985,
advection_diffusion,fno,correct,303,iid,validation_best,test,64,0.00022586738865324613,0,0,64,209985,1.2897975509986281
advection_diffusion,fno,correct,303,iid,validation_best,test,96,0.00038241774435741893,0,0,64,209985,1.2897975509986281
advection_diffusion,fno,correct,303,iid,final_step,test,64,0.00022586738865324613,0,0,64,209985,
advection_diffusion,fno,correct,303,iid,final_step,test,96,0.00038241774435741893,0,0,64,209985,
advection_diffusion,fno,correct,303,iid,validation_best,ood,64,0.059273090828282804,0,0,64,209985,1.2897975509986281
advection_diffusion,fno,correct,303,iid,validation_best,ood,96,0.08818405190605816,0,0,64,209985,1.2897975509986281
advection_diffusion,fno,correct,303,iid,final_step,ood,64,0.059273090828282804,0,0,64,209985,
advection_diffusion,fno,correct,303,iid,final_step,ood,96,0.08818405190605816,0,0,64,209985,
advection_diffusion,fno,correct,303,none,validation_best,test,64,0.0002901508638015332,0,0,64,209985,1.2711250921711326
advection_diffusion,fno,correct,303,none,validation_best,test,96,0.00035045311070248475,0,0,64,209985,1.2711250921711326
advection_diffusion,fno,correct,303,none,final_step,test,64,0.0003425704233745684,0,0,64,209985,
advection_diffusion,fno,correct,303,none,final_step,test,96,0.00045135546123995646,0,0,64,209985,
advection_diffusion,fno,correct,303,none,validation_best,ood,64,0.07353592856136126,0,0,64,209985,1.2711250921711326
advection_diffusion,fno,correct,303,none,validation_best,ood,96,0.10168560878265875,0,0,64,209985,1.2711250921711326
advection_diffusion,fno,correct,303,none,final_step,ood,64,0.05792099901285819,0,0,64,209985,
advection_diffusion,fno,correct,303,none,final_step,ood,96,0.0801840825258234,0,0,64,209985,
advection_diffusion,fno,correct,303,response_matched,validation_best,test,64,0.00021087139838335545,0,0,64,209985,1.2841656105592847
advection_diffusion,fno,correct,303,response_matched,validation_best,test,96,0.00036853978996781445,0,0,64,209985,1.2841656105592847
advection_diffusion,fno,correct,303,response_matched,final_step,test,64,0.007383198806057478,0,0,64,209985,
advection_diffusion,fno,correct,303,response_matched,final_step,test,96,0.012622294707593018,0,0,64,209985,
advection_diffusion,fno,correct,303,response_matched,validation_best,ood,64,0.053289418485347184,0,0,64,209985,1.2841656105592847
advection_diffusion,fno,correct,303,response_matched,validation_best,ood,96,0.07868114618817756,0,0,64,209985,1.2841656105592847
advection_diffusion,fno,correct,303,response_matched,final_step,ood,64,0.032818525116774744,0,0,64,209985,
advection_diffusion,fno,correct,303,response_matched,final_step,ood,96,0.05013858214683905,0,0,64,209985,
advection_diffusion,fno,correct,303,smooth,validation_best,test,64,0.00017737514853174811,0,0,64,209985,1.278586545959115
advection_diffusion,fno,correct,303,smooth,validation_best,test,96,0.00023432616542967571,0,0,64,209985,1.278586545959115
advection_diffusion,fno,correct,303,smooth,final_step,test,64,0.0010823116009586395,0,0,64,209985,
advection_diffusion,fno,correct,303,smooth,final_step,test,96,0.001654151349847898,0,0,64,209985,
advection_diffusion,fno,correct,303,smooth,validation_best,ood,64,0.060795086553145694,0,0,64,209985,1.278586545959115
advection_diffusion,fno,correct,303,smooth,validation_best,ood,96,0.09241399792765273,0,0,64,209985,1.278586545959115
advection_diffusion,fno,correct,303,smooth,final_step,ood,64,0.06765379873435506,0,0,64,209985,
advection_diffusion,fno,correct,303,smooth,final_step,ood,96,0.10553896221336836,0,0,64,209985,
advection_diffusion,fno,correct,404,iid,validation_best,test,64,0.00020690811103754592,0,0,64,209985,1.244698604568839
advection_diffusion,fno,correct,404,iid,validation_best,test,96,0.0002895404972415583,0,0,64,209985,1.244698604568839
advection_diffusion,fno,correct,404,iid,final_step,test,64,0.00020690811103754592,0,0,64,209985,
advection_diffusion,fno,correct,404,iid,final_step,test,96,0.0002895404972415583,0,0,64,209985,
advection_diffusion,fno,correct,404,iid,validation_best,ood,64,0.03551088489395626,0,0,64,209985,1.244698604568839
advection_diffusion,fno,correct,404,iid,validation_best,ood,96,0.05680192414219487,0,0,64,209985,1.244698604568839
advection_diffusion,fno,correct,404,iid,final_step,ood,64,0.03551088489395626,0,0,64,209985,
advection_diffusion,fno,correct,404,iid,final_step,ood,96,0.05680192414219487,0,0,64,209985,
advection_diffusion,fno,correct,404,none,validation_best,test,64,0.0003585674580624393,0,0,64,209985,1.2786826118826866
advection_diffusion,fno,correct,404,none,validation_best,test,96,0.0005579105990203559,0,0,64,209985,1.2786826118826866
advection_diffusion,fno,correct,404,none,final_step,test,64,0.00041860916184977524,0,0,64,209985,
advection_diffusion,fno,correct,404,none,final_step,test,96,0.0006701243301954981,0,0,64,209985,
advection_diffusion,fno,correct,404,none,validation_best,ood,64,0.12521737136887534,0,0,64,209985,1.2786826118826866
advection_diffusion,fno,correct,404,none,validation_best,ood,96,0.17829954909541298,0,0,64,209985,1.2786826118826866
advection_diffusion,fno,correct,404,none,final_step,ood,64,0.08216699042994935,0,0,64,209985,
advection_diffusion,fno,correct,404,none,final_step,ood,96,0.11781033592514398,0,0,64,209985,
advection_diffusion,fno,correct,404,response_matched,validation_best,test,64,0.00018440419268615088,0,0,64,209985,1.244952599518001
advection_diffusion,fno,correct,404,response_matched,validation_best,test,96,0.00026392043789401354,0,0,64,209985,1.244952599518001
advection_diffusion,fno,correct,404,response_matched,final_step,test,64,0.00018440419268615088,0,0,64,209985,
advection_diffusion,fno,correct,404,response_matched,final_step,test,96,0.00026392043789401354,0,0,64,209985,
advection_diffusion,fno,correct,404,response_matched,validation_best,ood,64,0.03165562716361603,0,0,64,209985,1.244952599518001
advection_diffusion,fno,correct,404,response_matched,validation_best,ood,96,0.04980014216257571,0,0,64,209985,1.244952599518001
advection_diffusion,fno,correct,404,response_matched,final_step,ood,64,0.03165562716361603,0,0,64,209985,
advection_diffusion,fno,correct,404,response_matched,final_step,ood,96,0.04980014216257571,0,0,64,209985,
advection_diffusion,fno,correct,404,smooth,validation_best,test,64,0.00012446663784243528,0,0,64,209985,1.2520645977929235
advection_diffusion,fno,correct,404,smooth,validation_best,test,96,0.00016795702205996133,0,0,64,209985,1.2520645977929235
advection_diffusion,fno,correct,404,smooth,final_step,test,64,0.0003849428905419311,0,0,64,209985,
advection_diffusion,fno,correct,404,smooth,final_step,test,96,0.0006754955004405205,0,0,64,209985,
advection_diffusion,fno,correct,404,smooth,validation_best,ood,64,0.04801332001853953,0,0,64,209985,1.2520645977929235
advection_diffusion,fno,correct,404,smooth,validation_best,ood,96,0.07498004376104861,0,0,64,209985,1.2520645977929235
advection_diffusion,fno,correct,404,smooth,final_step,ood,64,0.031247938810097464,0,0,64,209985,
advection_diffusion,fno,correct,404,smooth,final_step,ood,96,0.04862789331035862,0,0,64,209985,
advection_diffusion,fno,correct,505,iid,validation_best,test,64,0.00018044211404702123,0,0,64,209985,1.2802961049601436
advection_diffusion,fno,correct,505,iid,validation_best,test,96,0.0002549607105161699,0,0,64,209985,1.2802961049601436
advection_diffusion,fno,correct,505,iid,final_step,test,64,0.0015031185308195735,0,0,64,209985,
advection_diffusion,fno,correct,505,iid,final_step,test,96,0.002441827971833857,0,0,64,209985,
advection_diffusion,fno,correct,505,iid,validation_best,ood,64,0.027129679670391482,0,0,64,209985,1.2802961049601436
advection_diffusion,fno,correct,505,iid,validation_best,ood,96,0.04215162480749986,0,0,64,209985,1.2802961049601436
advection_diffusion,fno,correct,505,iid,final_step,ood,64,0.03258893173021882,0,0,64,209985,
advection_diffusion,fno,correct,505,iid,final_step,ood,96,0.05237230025738052,0,0,64,209985,
advection_diffusion,fno,correct,505,none,validation_best,test,64,0.0006598034868655449,0,0,64,209985,1.247180555947125
advection_diffusion,fno,correct,505,none,validation_best,test,96,0.0010089817200375933,0,0,64,209985,1.247180555947125
advection_diffusion,fno,correct,505,none,final_step,test,64,0.0006598034868655449,0,0,64,209985,
advection_diffusion,fno,correct,505,none,final_step,test,96,0.0010089817200375933,0,0,64,209985,
advection_diffusion,fno,correct,505,none,validation_best,ood,64,0.027658752935347808,0,0,64,209985,1.247180555947125
advection_diffusion,fno,correct,505,none,validation_best,ood,96,0.0392531551832529,0,0,64,209985,1.247180555947125
advection_diffusion,fno,correct,505,none,final_step,ood,64,0.027658752935347808,0,0,64,209985,
advection_diffusion,fno,correct,505,none,final_step,ood,96,0.0392531551832529,0,0,64,209985,
advection_diffusion,fno,correct,505,response_matched,validation_best,test,64,0.00018072229072063628,0,0,64,209985,1.3903521001338959
advection_diffusion,fno,correct,505,response_matched,validation_best,test,96,0.00025205188806184015,0,0,64,209985,1.3903521001338959
advection_diffusion,fno,correct,505,response_matched,final_step,test,64,0.002219505858306506,0,0,64,209985,
advection_diffusion,fno,correct,505,response_matched,final_step,test,96,0.0039336252748398415,0,0,64,209985,
advection_diffusion,fno,correct,505,response_matched,validation_best,ood,64,0.06057952244068687,0,0,64,209985,1.3903521001338959
advection_diffusion,fno,correct,505,response_matched,validation_best,ood,96,0.10061153971891437,0,0,64,209985,1.3903521001338959
advection_diffusion,fno,correct,505,response_matched,final_step,ood,64,0.08926195432540851,0,0,64,209985,
advection_diffusion,fno,correct,505,response_matched,final_step,ood,96,0.1553184569440778,0,0,64,209985,
advection_diffusion,fno,correct,505,smooth,validation_best,test,64,0.00011880787617275443,0,0,64,209985,1.245596050284803
advection_diffusion,fno,correct,505,smooth,validation_best,test,96,0.0001619545347512884,0,0,64,209985,1.245596050284803
advection_diffusion,fno,correct,505,smooth,final_step,test,64,0.00019198020908297968,0,0,64,209985,
advection_diffusion,fno,correct,505,smooth,final_step,test,96,0.0002928878424328085,0,0,64,209985,
advection_diffusion,fno,correct,505,smooth,validation_best,ood,64,0.03608203592197945,0,0,64,209985,1.245596050284803
advection_diffusion,fno,correct,505,smooth,validation_best,ood,96,0.05544894622628793,0,0,64,209985,1.245596050284803
advection_diffusion,fno,correct,505,smooth,final_step,ood,64,0.022445327161225714,0,0,64,209985,
advection_diffusion,fno,correct,505,smooth,final_step,ood,96,0.03421909154551169,0,0,64,209985,
advection_diffusion,fno,correct,606,iid,validation_best,test,64,0.00024527494841383723,0,0,64,209985,1.2516935588791966
advection_diffusion,fno,correct,606,iid,validation_best,test,96,0.0003459436226347923,0,0,64,209985,1.2516935588791966
advection_diffusion,fno,correct,606,iid,final_step,test,64,0.004037336637374836,0,0,64,209985,
advection_diffusion,fno,correct,606,iid,final_step,test,96,0.00632405650512799,0,0,64,209985,
advection_diffusion,fno,correct,606,iid,validation_best,ood,64,0.014902881468775053,0,0,64,209985,1.2516935588791966
advection_diffusion,fno,correct,606,iid,validation_best,ood,96,0.020862091585989912,0,0,64,209985,1.2516935588791966
advection_diffusion,fno,correct,606,iid,final_step,ood,64,0.003321400317838674,0,0,64,209985,
advection_diffusion,fno,correct,606,iid,final_step,ood,96,0.0049716268708797084,0,0,64,209985,
advection_diffusion,fno,correct,606,none,validation_best,test,64,0.00036427006463112324,0,0,64,209985,1.247711549513042
advection_diffusion,fno,correct,606,none,validation_best,test,96,0.0004647400308871013,0,0,64,209985,1.247711549513042
advection_diffusion,fno,correct,606,none,final_step,test,64,0.004563644459518183,0,0,64,209985,
advection_diffusion,fno,correct,606,none,final_step,test,96,0.007764233356846249,0,0,64,209985,
advection_diffusion,fno,correct,606,none,validation_best,ood,64,0.04755869109274258,0,0,64,209985,1.247711549513042
advection_diffusion,fno,correct,606,none,validation_best,ood,96,0.07811630203788648,0,0,64,209985,1.247711549513042
advection_diffusion,fno,correct,606,none,final_step,ood,64,0.07108702895409214,0,0,64,209985,
advection_diffusion,fno,correct,606,none,final_step,ood,96,0.1247117748903738,0,0,64,209985,
advection_diffusion,fno,correct,606,response_matched,validation_best,test,64,0.0003632360132421811,0,0,64,209985,1.2449345318600535
advection_diffusion,fno,correct,606,response_matched,validation_best,test,96,0.00046649515377473105,0,0,64,209985,1.2449345318600535
advection_diffusion,fno,correct,606,response_matched,final_step,test,64,0.004232383678148044,0,0,64,209985,
advection_diffusion,fno,correct,606,response_matched,final_step,test,96,0.007371484870059748,0,0,64,209985,
advection_diffusion,fno,correct,606,response_matched,validation_best,ood,64,0.013207142821029638,0,0,64,209985,1.2449345318600535
advection_diffusion,fno,correct,606,response_matched,validation_best,ood,96,0.0208723733068051,0,0,64,209985,1.2449345318600535
advection_diffusion,fno,correct,606,response_matched,final_step,ood,64,0.04564648832411744,0,0,64,209985,
advection_diffusion,fno,correct,606,response_matched,final_step,ood,96,0.08142866308099692,0,0,64,209985,
advection_diffusion,fno,correct,606,smooth,validation_best,test,64,0.00013055074699245238,0,0,64,209985,1.248255092650652
advection_diffusion,fno,correct,606,smooth,validation_best,test,96,0.00020587400861432972,0,0,64,209985,1.248255092650652
advection_diffusion,fno,correct,606,smooth,final_step,test,64,0.0002340712583071853,0,0,64,209985,
advection_diffusion,fno,correct,606,smooth,final_step,test,96,0.000335042487312736,0,0,64,209985,
advection_diffusion,fno,correct,606,smooth,validation_best,ood,64,0.023588346909009905,0,0,64,209985,1.248255092650652
advection_diffusion,fno,correct,606,smooth,validation_best,ood,96,0.0364580754204753,0,0,64,209985,1.248255092650652
advection_diffusion,fno,correct,606,smooth,final_step,ood,64,0.026073571110371452,0,0,64,209985,
advection_diffusion,fno,correct,606,smooth,final_step,ood,96,0.040241406900121124,0,0,64,209985,
advection_diffusion,looped,coefficient,101,iid,validation_best,test,64,0.009968003468841857,0,0,64,34049,1.543222600594163
advection_diffusion,looped,coefficient,101,iid,validation_best,test,96,0.013428358865600861,0,0,64,34049,1.543222600594163
advection_diffusion,looped,coefficient,101,iid,final_step,test,64,0.010982743478724633,0,0,64,34049,
advection_diffusion,looped,coefficient,101,iid,final_step,test,96,0.016122337565010803,0,0,64,34049,
advection_diffusion,looped,coefficient,101,iid,validation_best,ood,64,2.2133220647431244,0,0,64,34049,1.543222600594163
advection_diffusion,looped,coefficient,101,iid,validation_best,ood,96,3.0757402844551507,0,0,64,34049,1.543222600594163
advection_diffusion,looped,coefficient,101,iid,final_step,ood,64,2.2687200846469295,0,0,64,34049,
advection_diffusion,looped,coefficient,101,iid,final_step,ood,96,3.154537725780301,0,0,64,34049,
advection_diffusion,looped,coefficient,101,none,validation_best,test,64,0.005761912947575221,0,0,64,34049,1.5403781086206436
advection_diffusion,looped,coefficient,101,none,validation_best,test,96,0.00966700015959428,0,0,64,34049,1.5403781086206436
advection_diffusion,looped,coefficient,101,none,final_step,test,64,0.005761912947575221,0,0,64,34049,
advection_diffusion,looped,coefficient,101,none,final_step,test,96,0.00966700015959428,0,0,64,34049,
advection_diffusion,looped,coefficient,101,none,validation_best,ood,64,3.0162991526151472,0,0,64,34049,1.5403781086206436
advection_diffusion,looped,coefficient,101,none,validation_best,ood,96,5.176483419830069,0,0,64,34049,1.5403781086206436
advection_diffusion,looped,coefficient,101,none,final_step,ood,64,3.0162991526151472,0,0,64,34049,
advection_diffusion,looped,coefficient,101,none,final_step,ood,96,5.176483419830069,0,0,64,34049,
advection_diffusion,looped,coefficient,101,response_matched,validation_best,test,64,0.00881331150463982,0,0,64,34049,1.5435446053743362
advection_diffusion,looped,coefficient,101,response_matched,validation_best,test,96,0.011965114757951886,0,0,64,34049,1.5435446053743362
advection_diffusion,looped,coefficient,101,response_matched,final_step,test,64,0.00881331150463982,0,0,64,34049,
advection_diffusion,looped,coefficient,101,response_matched,final_step,test,96,0.011965114757951886,0,0,64,34049,
advection_diffusion,looped,coefficient,101,response_matched,validation_best,ood,64,2.2201388150187995,0,0,64,34049,1.5435446053743362
advection_diffusion,looped,coefficient,101,response_matched,validation_best,ood,96,2.925709126530516,0,0,64,34049,1.5435446053743362
advection_diffusion,looped,coefficient,101,response_matched,final_step,ood,64,2.2201388150187995,0,0,64,34049,
advection_diffusion,looped,coefficient,101,response_matched,final_step,ood,96,2.925709126530516,0,0,64,34049,
advection_diffusion,looped,coefficient,101,smooth,validation_best,test,64,0.014562555770465835,0,0,64,34049,1.5802905894815922
advection_diffusion,looped,coefficient,101,smooth,validation_best,test,96,0.021026544794730505,0,0,64,34049,1.5802905894815922
advection_diffusion,looped,coefficient,101,smooth,final_step,test,64,0.010546758204708517,0,0,64,34049,
advection_diffusion,looped,coefficient,101,smooth,final_step,test,96,0.01286913338154072,0,0,64,34049,
advection_diffusion,looped,coefficient,101,smooth,validation_best,ood,64,2.326149369114603,0,0,64,34049,1.5802905894815922
advection_diffusion,looped,coefficient,101,smooth,validation_best,ood,96,3.657624352367634,0,0,64,34049,1.5802905894815922
advection_diffusion,looped,coefficient,101,smooth,final_step,ood,64,2.0907450785736046,0,0,64,34049,
advection_diffusion,looped,coefficient,101,smooth,final_step,ood,96,3.312745073576859,0,0,64,34049,
advection_diffusion,looped,coefficient,202,iid,validation_best,test,64,0.014188866384031051,0,0,64,34049,1.5233305981382728
advection_diffusion,looped,coefficient,202,iid,validation_best,test,96,0.028516971986400463,0,0,64,34049,1.5233305981382728
advection_diffusion,looped,coefficient,202,iid,final_step,test,64,0.016110147382083717,0,0,64,34049,
advection_diffusion,looped,coefficient,202,iid,final_step,test,96,0.028306265648991417,0,0,64,34049,
advection_diffusion,looped,coefficient,202,iid,validation_best,ood,64,3.5862631469188386,0,0,64,34049,1.5233305981382728
advection_diffusion,looped,coefficient,202,iid,validation_best,ood,96,4.051765307569326,0,0,64,34049,1.5233305981382728
advection_diffusion,looped,coefficient,202,iid,final_step,ood,64,3.4978067291343677,0,0,64,34049,
advection_diffusion,looped,coefficient,202,iid,final_step,ood,96,3.9373715817906336,0,0,64,34049,
advection_diffusion,looped,coefficient,202,none,validation_best,test,64,0.002140825027523885,0,0,64,34049,1.537775550968945
advection_diffusion,looped,coefficient,202,none,validation_best,test,96,0.002181404862042472,0,0,64,34049,1.537775550968945
advection_diffusion,looped,coefficient,202,none,final_step,test,64,0.004303737659113738,0,0,64,34049,
advection_diffusion,looped,coefficient,202,none,final_step,test,96,0.004954984163304754,0,0,64,34049,
advection_diffusion,looped,coefficient,202,none,validation_best,ood,64,1.034490339476065,0,0,64,34049,1.537775550968945
advection_diffusion,looped,coefficient,202,none,validation_best,ood,96,1.0846821856669067,0,0,64,34049,1.537775550968945
advection_diffusion,looped,coefficient,202,none,final_step,ood,64,1.0252165663503945,0,0,64,34049,
advection_diffusion,looped,coefficient,202,none,final_step,ood,96,1.074226555349829,0,0,64,34049,
advection_diffusion,looped,coefficient,202,response_matched,validation_best,test,64,0.009764464116703397,0,0,64,34049,1.5383191173896194
advection_diffusion,looped,coefficient,202,response_matched,validation_best,test,96,0.013018408447401283,0,0,64,34049,1.5383191173896194
advection_diffusion,looped,coefficient,202,response_matched,final_step,test,64,0.010382784080143814,0,0,64,34049,
advection_diffusion,looped,coefficient,202,response_matched,final_step,test,96,0.01445309984546424,0,0,64,34049,
advection_diffusion,looped,coefficient,202,response_matched,validation_best,ood,64,2.407161735299894,0,0,64,34049,1.5383191173896194
advection_diffusion,looped,coefficient,202,response_matched,validation_best,ood,96,2.577935140160169,0,0,64,34049,1.5383191173896194
advection_diffusion,looped,coefficient,202,response_matched,final_step,ood,64,2.354512751516552,0,0,64,34049,
advection_diffusion,looped,coefficient,202,response_matched,final_step,ood,96,2.51331197106587,0,0,64,34049,
advection_diffusion,looped,coefficient,202,smooth,validation_best,test,64,0.9496447077555716,0,0,64,34049,1.5384300611913204
advection_diffusion,looped,coefficient,202,smooth,validation_best,test,96,4.536706837486656,0,0,64,34049,1.5384300611913204
advection_diffusion,looped,coefficient,202,smooth,final_step,test,64,0.9216478040167448,0,0,64,34049,
advection_diffusion,looped,coefficient,202,smooth,final_step,test,96,4.683387026975728,0,0,64,34049,
advection_diffusion,looped,coefficient,202,smooth,validation_best,ood,64,8.614440481458075,0,0,64,34049,1.5384300611913204
advection_diffusion,looped,coefficient,202,smooth,validation_best,ood,96,12.083313134995745,0,0,64,34049,1.5384300611913204
advection_diffusion,looped,coefficient,202,smooth,final_step,ood,64,8.663915549379396,0,0,64,34049,
advection_diffusion,looped,coefficient,202,smooth,final_step,ood,96,12.239424910767372,0,0,64,34049,
advection_diffusion,looped,coefficient,303,iid,validation_best,test,64,0.008461914584708463,0,0,64,34049,1.5712035354226828
advection_diffusion,looped,coefficient,303,iid,validation_best,test,96,0.011838484288144418,0,0,64,34049,1.5712035354226828
advection_diffusion,looped,coefficient,303,iid,final_step,test,64,0.008461914584708463,0,0,64,34049,
advection_diffusion,looped,coefficient,303,iid,final_step,test,96,0.011838484288144418,0,0,64,34049,
advection_diffusion,looped,coefficient,303,iid,validation_best,ood,64,0.6596114915059275,0,0,64,34049,1.5712035354226828
advection_diffusion,looped,coefficient,303,iid,validation_best,ood,96,0.8318340594171711,0,0,64,34049,1.5712035354226828
advection_diffusion,looped,coefficient,303,iid,final_step,ood,64,0.6596114915059275,0,0,64,34049,
advection_diffusion,looped,coefficient,303,iid,final_step,ood,96,0.8318340594171711,0,0,64,34049,
advection_diffusion,looped,coefficient,303,none,validation_best,test,64,0.0030713534476689563,0,0,64,34049,1.536723063327372
advection_diffusion,looped,coefficient,303,none,validation_best,test,96,0.0036548623597828884,0,0,64,34049,1.536723063327372
advection_diffusion,looped,coefficient,303,none,final_step,test,64,0.007677345783527079,0,0,64,34049,
advection_diffusion,looped,coefficient,303,none,final_step,test,96,0.014306594173305449,0,0,64,34049,
advection_diffusion,looped,coefficient,303,none,validation_best,ood,64,1.1674834778054333,0,0,64,34049,1.536723063327372
advection_diffusion,looped,coefficient,303,none,validation_best,ood,96,1.800522062818004,0,0,64,34049,1.536723063327372
advection_diffusion,looped,coefficient,303,none,final_step,ood,64,1.3070608540945727,0,0,64,34049,
advection_diffusion,looped,coefficient,303,none,final_step,ood,96,2.0313279518109466,0,0,64,34049,
advection_diffusion,looped,coefficient,303,response_matched,validation_best,test,64,0.00785671374121577,0,0,64,34049,1.5257145510986447
advection_diffusion,looped,coefficient,303,response_matched,validation_best,test,96,0.009760007040992965,0,0,64,34049,1.5257145510986447
advection_diffusion,looped,coefficient,303,response_matched,final_step,test,64,0.012756313964669364,0,0,64,34049,
advection_diffusion,looped,coefficient,303,response_matched,final_step,test,96,0.016607588209711643,0,0,64,34049,
advection_diffusion,looped,coefficient,303,response_matched,validation_best,ood,64,0.698141179449749,0,0,64,34049,1.5257145510986447
advection_diffusion,looped,coefficient,303,response_matched,validation_best,ood,96,0.8580270595073974,0,0,64,34049,1.5257145510986447
advection_diffusion,looped,coefficient,303,response_matched,final_step,ood,64,0.6470997711041946,0,0,64,34049,
advection_diffusion,looped,coefficient,303,response_matched,final_step,ood,96,0.7936677378015702,0,0,64,34049,
advection_diffusion,looped,coefficient,303,smooth,validation_best,test,64,0.013107037625500029,0,0,64,34049,1.5525085385888815
advection_diffusion,looped,coefficient,303,smooth,validation_best,test,96,0.020480653112730618,0,0,64,34049,1.5525085385888815
advection_diffusion,looped,coefficient,303,smooth,final_step,test,64,0.013107037625500029,0,0,64,34049,
advection_diffusion,looped,coefficient,303,smooth,final_step,test,96,0.020480653112730618,0,0,64,34049,
advection_diffusion,looped,coefficient,303,smooth,validation_best,ood,64,1.2811172568320615,0,0,64,34049,1.5525085385888815
advection_diffusion,looped,coefficient,303,smooth,validation_best,ood,96,2.00970764893727,0,0,64,34049,1.5525085385888815
advection_diffusion,looped,coefficient,303,smooth,final_step,ood,64,1.2811172568320615,0,0,64,34049,
advection_diffusion,looped,coefficient,303,smooth,final_step,ood,96,2.00970764893727,0,0,64,34049,
advection_diffusion,looped,coefficient,404,iid,validation_best,test,64,0.009557579399708693,0,0,64,34049,1.5437441179528832
advection_diffusion,looped,coefficient,404,iid,validation_best,test,96,0.014345970501985644,0,0,64,34049,1.5437441179528832
advection_diffusion,looped,coefficient,404,iid,final_step,test,64,0.009557579399708693,0,0,64,34049,
advection_diffusion,looped,coefficient,404,iid,final_step,test,96,0.014345970501985644,0,0,64,34049,
advection_diffusion,looped,coefficient,404,iid,validation_best,ood,64,1.9978929653235014,0,0,64,34049,1.5437441179528832
advection_diffusion,looped,coefficient,404,iid,validation_best,ood,96,4.2774936303400946,0,0,64,34049,1.5437441179528832
advection_diffusion,looped,coefficient,404,iid,final_step,ood,64,1.9978929653235014,0,0,64,34049,
advection_diffusion,looped,coefficient,404,iid,final_step,ood,96,4.2774936303400946,0,0,64,34049,
advection_diffusion,looped,coefficient,404,none,validation_best,test,64,0.006465052770475932,0,0,64,34049,1.5259395819157362
advection_diffusion,looped,coefficient,404,none,validation_best,test,96,0.008268299436212287,0,0,64,34049,1.5259395819157362
advection_diffusion,looped,coefficient,404,none,final_step,test,64,0.01451558753419624,0,0,64,34049,
advection_diffusion,looped,coefficient,404,none,final_step,test,96,0.026875798622373694,0,0,64,34049,
advection_diffusion,looped,coefficient,404,none,validation_best,ood,64,1.2324175504647314,0,0,64,34049,1.5259395819157362
advection_diffusion,looped,coefficient,404,none,validation_best,ood,96,1.6165268444887793,0,0,64,34049,1.5259395819157362
advection_diffusion,looped,coefficient,404,none,final_step,ood,64,1.3088144959482406,0,0,64,34049,
advection_diffusion,looped,coefficient,404,none,final_step,ood,96,1.8629463999658735,0,0,64,34049,
advection_diffusion,looped,coefficient,404,response_matched,validation_best,test,64,0.01041314757742029,0,0,64,34049,1.5415740897879004
advection_diffusion,looped,coefficient,404,response_matched,validation_best,test,96,0.015448987051890128,0,0,64,34049,1.5415740897879004
advection_diffusion,looped,coefficient,404,response_matched,final_step,test,64,0.01041314757742029,0,0,64,34049,
advection_diffusion,looped,coefficient,404,response_matched,final_step,test,96,0.015448987051890128,0,0,64,34049,
advection_diffusion,looped,coefficient,404,response_matched,validation_best,ood,64,2.509986100018466,0,0,64,34049,1.5415740897879004
advection_diffusion,looped,coefficient,404,response_matched,validation_best,ood,96,5.363216118895821,0,0,64,34049,1.5415740897879004
advection_diffusion,looped,coefficient,404,response_matched,final_step,ood,64,2.509986100018466,0,0,64,34049,
advection_diffusion,looped,coefficient,404,response_matched,final_step,ood,96,5.363216118895821,0,0,64,34049,
advection_diffusion,looped,coefficient,404,smooth,validation_best,test,64,0.012177955324177425,0,0,64,34049,1.539788581430912
advection_diffusion,looped,coefficient,404,smooth,validation_best,test,96,0.02298102382314996,0,0,64,34049,1.539788581430912
advection_diffusion,looped,coefficient,404,smooth,final_step,test,64,0.012177955324177425,0,0,64,34049,
advection_diffusion,looped,coefficient,404,smooth,final_step,test,96,0.02298102382314996,0,0,64,34049,
advection_diffusion,looped,coefficient,404,smooth,validation_best,ood,64,1.8670886194464629,0,0,64,34049,1.539788581430912
advection_diffusion,looped,coefficient,404,smooth,validation_best,ood,96,3.6808598375171186,0,0,64,34049,1.539788581430912
advection_diffusion,looped,coefficient,404,smooth,final_step,ood,64,1.8670886194464629,0,0,64,34049,
advection_diffusion,looped,coefficient,404,smooth,final_step,ood,96,3.6808598375171186,0,0,64,34049,
advection_diffusion,looped,coefficient,505,iid,validation_best,test,64,0.08885354383281818,0,0,64,34049,1.5435080975294113
advection_diffusion,looped,coefficient,505,iid,validation_best,test,96,3.18986164235414,0,0,64,34049,1.5435080975294113
advection_diffusion,looped,coefficient,505,iid,final_step,test,64,0.16656709183234053,0,0,64,34049,
advection_diffusion,looped,coefficient,505,iid,final_step,test,96,3.280138223614353,0,0,64,34049,
advection_diffusion,looped,coefficient,505,iid,validation_best,ood,64,49.59983822784102,0,0,64,34049,1.5435080975294113
advection_diffusion,looped,coefficient,505,iid,validation_best,ood,96,135.34963949947738,0,0,64,34049,1.5435080975294113
advection_diffusion,looped,coefficient,505,iid,final_step,ood,64,55.28938658743425,0,0,64,34049,
advection_diffusion,looped,coefficient,505,iid,final_step,ood,96,144.3685402952338,0,0,64,34049,
advection_diffusion,looped,coefficient,505,none,validation_best,test,64,0.7528477927849286,0,0,64,34049,1.5664770966395736
advection_diffusion,looped,coefficient,505,none,validation_best,test,96,24.088953496836037,0,0,64,34049,1.5664770966395736
advection_diffusion,looped,coefficient,505,none,final_step,test,64,1.1880350332185579,0,0,64,34049,
advection_diffusion,looped,coefficient,505,none,final_step,test,96,31.653719506354392,0,0,64,34049,
advection_diffusion,looped,coefficient,505,none,validation_best,ood,64,72.85975414970886,0,0,64,34049,1.5664770966395736
advection_diffusion,looped,coefficient,505,none,validation_best,ood,96,185.94260781190047,0,0,64,34049,1.5664770966395736
advection_diffusion,looped,coefficient,505,none,final_step,ood,64,75.48034725584404,0,0,64,34049,
advection_diffusion,looped,coefficient,505,none,final_step,ood,96,190.02337208212873,0,0,64,34049,
advection_diffusion,looped,coefficient,505,response_matched,validation_best,test,64,0.08710836696132063,0,0,64,34049,1.5575115568935871
advection_diffusion,looped,coefficient,505,response_matched,validation_best,test,96,3.6123618453390356,0,0,64,34049,1.5575115568935871
advection_diffusion,looped,coefficient,505,response_matched,final_step,test,64,0.11019377076296166,0,0,64,34049,
advection_diffusion,looped,coefficient,505,response_matched,final_step,test,96,2.4094586894509478,0,0,64,34049,
advection_diffusion,looped,coefficient,505,response_matched,validation_best,ood,64,41.558560040179714,0,0,64,34049,1.5575115568935871
advection_diffusion,looped,coefficient,505,response_matched,validation_best,ood,96,113.59548187433188,0,0,64,34049,1.5575115568935871
advection_diffusion,looped,coefficient,505,response_matched,final_step,ood,64,50.19236858896636,0,0,64,34049,
advection_diffusion,looped,coefficient,505,response_matched,final_step,ood,96,127.80579263443565,0,0,64,34049,
advection_diffusion,looped,coefficient,505,smooth,validation_best,test,64,2.6961377094706136,0,0,64,34049,1.544695091433823
advection_diffusion,looped,coefficient,505,smooth,validation_best,test,96,34.18628220023579,0,0,64,34049,1.544695091433823
advection_diffusion,looped,coefficient,505,smooth,final_step,test,64,1.1914423323110643,0,0,64,34049,
advection_diffusion,looped,coefficient,505,smooth,final_step,test,96,23.033640410444953,0,0,64,34049,
advection_diffusion,looped,coefficient,505,smooth,validation_best,ood,64,94.01555472976781,0,0,64,34049,1.544695091433823
advection_diffusion,looped,coefficient,505,smooth,validation_best,ood,96,207.09303497145123,0,0,64,34049,1.544695091433823
advection_diffusion,looped,coefficient,505,smooth,final_step,ood,64,98.60623336854377,0,0,64,34049,
advection_diffusion,looped,coefficient,505,smooth,final_step,ood,96,218.01362603090072,0,0,64,34049,
advection_diffusion,looped,coefficient,606,iid,validation_best,test,64,0.004067404031162791,0,0,64,34049,1.5371400862932205
advection_diffusion,looped,coefficient,606,iid,validation_best,test,96,0.007146084526388504,0,0,64,34049,1.5371400862932205
advection_diffusion,looped,coefficient,606,iid,final_step,test,64,0.008221881105094475,0,0,64,34049,
advection_diffusion,looped,coefficient,606,iid,final_step,test,96,0.013096884340034975,0,0,64,34049,
advection_diffusion,looped,coefficient,606,iid,validation_best,ood,64,14.992054604531859,0,0,64,34049,1.5371400862932205
advection_diffusion,looped,coefficient,606,iid,validation_best,ood,96,44.474389599994836,0,0,64,34049,1.5371400862932205
advection_diffusion,looped,coefficient,606,iid,final_step,ood,64,12.9115593821316,0,0,64,34049,
advection_diffusion,looped,coefficient,606,iid,final_step,ood,96,40.4551785281886,0,0,64,34049,
advection_diffusion,looped,coefficient,606,none,validation_best,test,64,0.004695936462547512,0,0,64,34049,1.610389119014144
advection_diffusion,looped,coefficient,606,none,validation_best,test,96,0.01312020227463099,0,0,64,34049,1.610389119014144
advection_diffusion,looped,coefficient,606,none,final_step,test,64,0.003407659404087271,0,0,64,34049,
advection_diffusion,looped,coefficient,606,none,final_step,test,96,0.007522299467461154,0,0,64,34049,
advection_diffusion,looped,coefficient,606,none,validation_best,ood,64,51.088665715781985,0,0,64,34049,1.610389119014144
advection_diffusion,looped,coefficient,606,none,validation_best,ood,96,106.96951624713219,0,0,64,34049,1.610389119014144
advection_diffusion,looped,coefficient,606,none,final_step,ood,64,52.600792950445225,0,0,64,34049,
advection_diffusion,looped,coefficient,606,none,final_step,ood,96,108.9034774889905,0,0,64,34049,
advection_diffusion,looped,coefficient,606,response_matched,validation_best,test,64,0.0073680775781315155,0,0,64,34049,1.5377725940197706
advection_diffusion,looped,coefficient,606,response_matched,validation_best,test,96,0.012015829288436622,0,0,64,34049,1.5377725940197706
advection_diffusion,looped,coefficient,606,response_matched,final_step,test,64,0.013276115795423316,0,0,64,34049,
advection_diffusion,looped,coefficient,606,response_matched,final_step,test,96,0.02012495003571916,0,0,64,34049,
advection_diffusion,looped,coefficient,606,response_matched,validation_best,ood,64,5.688542793836177,0,0,64,34049,1.5377725940197706
advection_diffusion,looped,coefficient,606,response_matched,validation_best,ood,96,21.897084863359396,0,0,64,34049,1.5377725940197706
advection_diffusion,looped,coefficient,606,response_matched,final_step,ood,64,3.1808096167209783,0,0,64,34049,
advection_diffusion,looped,coefficient,606,response_matched,final_step,ood,96,13.308839157147569,0,0,64,34049,
advection_diffusion,looped,coefficient,606,smooth,validation_best,test,64,0.007146659487311968,0,0,64,34049,1.5404300298541784
advection_diffusion,looped,coefficient,606,smooth,validation_best,test,96,0.012901573978870632,0,0,64,34049,1.5404300298541784
advection_diffusion,looped,coefficient,606,smooth,final_step,test,64,0.008660421905517968,0,0,64,34049,
advection_diffusion,looped,coefficient,606,smooth,final_step,test,96,0.014462074585348539,0,0,64,34049,
advection_diffusion,looped,coefficient,606,smooth,validation_best,ood,64,34.548474337480116,0,0,64,34049,1.5404300298541784
advection_diffusion,looped,coefficient,606,smooth,validation_best,ood,96,78.4990212579215,0,0,64,34049,1.5404300298541784
advection_diffusion,looped,coefficient,606,smooth,final_step,ood,64,35.07570746732506,0,0,64,34049,
advection_diffusion,looped,coefficient,606,smooth,final_step,ood,96,80.75477616864941,0,0,64,34049,
advection_diffusion,looped,correct,101,iid,validation_best,test,64,0.0032191219598443066,0,0,64,34049,1.5259560896083713
advection_diffusion,looped,correct,101,iid,validation_best,test,96,0.0038587973390158403,0,0,64,34049,1.5259560896083713
advection_diffusion,looped,correct,101,iid,final_step,test,64,0.0032191219598443066,0,0,64,34049,
advection_diffusion,looped,correct,101,iid,final_step,test,96,0.0038587973390158403,0,0,64,34049,
advection_diffusion,looped,correct,101,iid,validation_best,ood,64,3.552117429501095,0,0,64,34049,1.5259560896083713
advection_diffusion,looped,correct,101,iid,validation_best,ood,96,5.549190186547548,0,0,64,34049,1.5259560896083713
advection_diffusion,looped,correct,101,iid,final_step,ood,64,3.552117429501095,0,0,64,34049,
advection_diffusion,looped,correct,101,iid,final_step,ood,96,5.549190186547548,0,0,64,34049,
advection_diffusion,looped,correct,101,none,validation_best,test,64,0.005761709049330044,0,0,64,34049,1.5386071056127548
advection_diffusion,looped,correct,101,none,validation_best,test,96,0.009666491649515645,0,0,64,34049,1.5386071056127548
advection_diffusion,looped,correct,101,none,final_step,test,64,0.005761709049330044,0,0,64,34049,
advection_diffusion,looped,correct,101,none,final_step,test,96,0.009666491649515645,0,0,64,34049,
advection_diffusion,looped,correct,101,none,validation_best,ood,64,3.0162868785253636,0,0,64,34049,1.5386071056127548
advection_diffusion,looped,correct,101,none,validation_best,ood,96,5.176466113207918,0,0,64,34049,1.5386071056127548
advection_diffusion,looped,correct,101,none,final_step,ood,64,3.0162868785253636,0,0,64,34049,
advection_diffusion,looped,correct,101,none,final_step,ood,96,5.176466113207918,0,0,64,34049,
advection_diffusion,looped,correct,101,response_matched,validation_best,test,64,0.006035735485286464,0,0,64,34049,1.5372460940852761
advection_diffusion,looped,correct,101,response_matched,validation_best,test,96,0.009464442789220318,0,0,64,34049,1.5372460940852761
advection_diffusion,looped,correct,101,response_matched,final_step,test,64,0.006035735485286464,0,0,64,34049,
advection_diffusion,looped,correct,101,response_matched,final_step,test,96,0.009464442789220318,0,0,64,34049,
advection_diffusion,looped,correct,101,response_matched,validation_best,ood,64,3.2871640040949615,0,0,64,34049,1.5372460940852761
advection_diffusion,looped,correct,101,response_matched,validation_best,ood,96,4.832307036838225,0,0,64,34049,1.5372460940852761
advection_diffusion,looped,correct,101,response_matched,final_step,ood,64,3.2871640040949615,0,0,64,34049,
advection_diffusion,looped,correct,101,response_matched,final_step,ood,96,4.832307036838225,0,0,64,34049,
advection_diffusion,looped,correct,101,smooth,validation_best,test,64,0.004539842113106207,0,0,64,34049,1.5387466177344322
advection_diffusion,looped,correct,101,smooth,validation_best,test,96,0.00639172541938778,0,0,64,34049,1.5387466177344322
advection_diffusion,looped,correct,101,smooth,final_step,test,64,0.0067982226086940045,0,0,64,34049,
advection_diffusion,looped,correct,101,smooth,final_step,test,96,0.013098367808557516,0,0,64,34049,
advection_diffusion,looped,correct,101,smooth,validation_best,ood,64,3.701059313296412,0,0,64,34049,1.5387466177344322
advection_diffusion,looped,correct,101,smooth,validation_best,ood,96,6.593895384601675,0,0,64,34049,1.5387466177344322
advection_diffusion,looped,correct,101,smooth,final_step,ood,64,3.927131011025722,0,0,64,34049,
advection_diffusion,looped,correct,101,smooth,final_step,ood,96,6.943602759773361,0,0,64,34049,
advection_diffusion,looped,correct,202,iid,validation_best,test,64,0.00309671529847777,0,0,64,34049,1.542094093747437
advection_diffusion,looped,correct,202,iid,validation_best,test,96,0.0035371516966159846,0,0,64,34049,1.542094093747437
advection_diffusion,looped,correct,202,iid,final_step,test,64,0.00227422805648958,0,0,64,34049,
advection_diffusion,looped,correct,202,iid,final_step,test,96,0.002330466663492163,0,0,64,34049,
advection_diffusion,looped,correct,202,iid,validation_best,ood,64,0.8897539858802759,0,0,64,34049,1.542094093747437
advection_diffusion,looped,correct,202,iid,validation_best,ood,96,0.9315064836385052,0,0,64,34049,1.542094093747437
advection_diffusion,looped,correct,202,iid,final_step,ood,64,0.8650056364323007,0,0,64,34049,
advection_diffusion,looped,correct,202,iid,final_step,ood,96,0.9055465219364388,0,0,64,34049,
advection_diffusion,looped,correct,202,none,validation_best,test,64,0.002140796897235009,0,0,64,34049,1.5459411079064012
advection_diffusion,looped,correct,202,none,validation_best,test,96,0.0021813683123603025,0,0,64,34049,1.5459411079064012
advection_diffusion,looped,correct,202,none,final_step,test,64,0.004304020879765114,0,0,64,34049,
advection_diffusion,looped,correct,202,none,final_step,test,96,0.004955340428461981,0,0,64,34049,
advection_diffusion,looped,correct,202,none,validation_best,ood,64,1.0344897717721437,0,0,64,34049,1.5459411079064012
advection_diffusion,looped,correct,202,none,validation_best,ood,96,1.0846814916681446,0,0,64,34049,1.5459411079064012
advection_diffusion,looped,correct,202,none,final_step,ood,64,1.0252152544451292,0,0,64,34049,
advection_diffusion,looped,correct,202,none,final_step,ood,96,1.0742251658289206,0,0,64,34049,
advection_diffusion,looped,correct,202,response_matched,validation_best,test,64,0.002736922659150487,0,0,64,34049,1.5432100975885987
advection_diffusion,looped,correct,202,response_matched,validation_best,test,96,0.003055285095459344,0,0,64,34049,1.5432100975885987
advection_diffusion,looped,correct,202,response_matched,final_step,test,64,0.0030284115024383773,0,0,64,34049,
advection_diffusion,looped,correct,202,response_matched,final_step,test,96,0.0033960671550069916,0,0,64,34049,
advection_diffusion,looped,correct,202,response_matched,validation_best,ood,64,0.8363542424240791,0,0,64,34049,1.5432100975885987
advection_diffusion,looped,correct,202,response_matched,validation_best,ood,96,0.8743326546955738,0,0,64,34049,1.5432100975885987
advection_diffusion,looped,correct,202,response_matched,final_step,ood,64,0.7992814496505503,0,0,64,34049,
advection_diffusion,looped,correct,202,response_matched,final_step,ood,96,0.8352070520898375,0,0,64,34049,
advection_diffusion,looped,correct,202,smooth,validation_best,test,64,0.00661108403170263,0,0,64,34049,1.5379760414361954
advection_diffusion,looped,correct,202,smooth,validation_best,test,96,0.015267751670610341,0,0,64,34049,1.5379760414361954
advection_diffusion,looped,correct,202,smooth,final_step,test,64,0.006332211359828754,0,0,64,34049,
advection_diffusion,looped,correct,202,smooth,final_step,test,96,0.013482194500991678,0,0,64,34049,
advection_diffusion,looped,correct,202,smooth,validation_best,ood,64,2.878304704974994,0,0,64,34049,1.5379760414361954
advection_diffusion,looped,correct,202,smooth,validation_best,ood,96,3.06635216937525,0,0,64,34049,1.5379760414361954
advection_diffusion,looped,correct,202,smooth,final_step,ood,64,2.840918614549196,0,0,64,34049,
advection_diffusion,looped,correct,202,smooth,final_step,ood,96,2.9996735332134294,0,0,64,34049,
advection_diffusion,looped,correct,303,iid,validation_best,test,64,0.003305512337022254,0,0,64,34049,1.5378976007923484
advection_diffusion,looped,correct,303,iid,validation_best,test,96,0.004053101224774795,0,0,64,34049,1.5378976007923484
advection_diffusion,looped,correct,303,iid,final_step,test,64,0.00677409271589724,0,0,64,34049,
advection_diffusion,looped,correct,303,iid,final_step,test,96,0.011349447760463722,0,0,64,34049,
advection_diffusion,looped,correct,303,iid,validation_best,ood,64,0.6615029291846781,0,0,64,34049,1.5378976007923484
advection_diffusion,looped,correct,303,iid,validation_best,ood,96,0.839037416132707,0,0,64,34049,1.5378976007923484
advection_diffusion,looped,correct,303,iid,final_step,ood,64,0.6063070800001924,0,0,64,34049,
advection_diffusion,looped,correct,303,iid,final_step,ood,96,0.7453387406571135,0,0,64,34049,
advection_diffusion,looped,correct,303,none,validation_best,test,64,0.0030713577206598064,0,0,64,34049,1.5357850585132837
advection_diffusion,looped,correct,303,none,validation_best,test,96,0.0036548717050825332,0,0,64,34049,1.5357850585132837
advection_diffusion,looped,correct,303,none,final_step,test,64,0.0076764542772052025,0,0,64,34049,
advection_diffusion,looped,correct,303,none,final_step,test,96,0.01430460379068362,0,0,64,34049,
advection_diffusion,looped,correct,303,none,validation_best,ood,64,1.1674686258406268,0,0,64,34049,1.5357850585132837
advection_diffusion,looped,correct,303,none,validation_best,ood,96,1.8004949092425022,0,0,64,34049,1.5357850585132837
advection_diffusion,looped,correct,303,none,final_step,ood,64,1.3070493179803861,0,0,64,34049,
advection_diffusion,looped,correct,303,none,final_step,ood,96,2.03130721601345,0,0,64,34049,
advection_diffusion,looped,correct,303,response_matched,validation_best,test,64,0.0036249252420492706,0,0,64,34049,1.5370815992355347
advection_diffusion,looped,correct,303,response_matched,validation_best,test,96,0.004425398069310157,0,0,64,34049,1.5370815992355347
advection_diffusion,looped,correct,303,response_matched,final_step,test,64,0.0036249252420492706,0,0,64,34049,
advection_diffusion,looped,correct,303,response_matched,final_step,test,96,0.004425398069310157,0,0,64,34049,
advection_diffusion,looped,correct,303,response_matched,validation_best,ood,64,0.566681273792824,0,0,64,34049,1.5370815992355347
advection_diffusion,looped,correct,303,response_matched,validation_best,ood,96,0.6639588006083462,0,0,64,34049,1.5370815992355347
advection_diffusion,looped,correct,303,response_matched,final_step,ood,64,0.566681273792824,0,0,64,34049,
advection_diffusion,looped,correct,303,response_matched,final_step,ood,96,0.6639588006083462,0,0,64,34049,
advection_diffusion,looped,correct,303,smooth,validation_best,test,64,0.0036614152560989766,0,0,64,34049,1.5406915917992592
advection_diffusion,looped,correct,303,smooth,validation_best,test,96,0.004075592240308623,0,0,64,34049,1.5406915917992592
advection_diffusion,looped,correct,303,smooth,final_step,test,64,0.006302349692936415,0,0,64,34049,
advection_diffusion,looped,correct,303,smooth,final_step,test,96,0.010876609027362575,0,0,64,34049,
advection_diffusion,looped,correct,303,smooth,validation_best,ood,64,1.0278925278972793,0,0,64,34049,1.5406915917992592
advection_diffusion,looped,correct,303,smooth,validation_best,ood,96,1.5924945278087914,0,0,64,34049,1.5406915917992592
advection_diffusion,looped,correct,303,smooth,final_step,ood,64,1.073605902144692,0,0,64,34049,
advection_diffusion,looped,correct,303,smooth,final_step,ood,96,1.6820097265111638,0,0,64,34049,
advection_diffusion,looped,correct,404,iid,validation_best,test,64,0.005040619483268172,0,0,64,34049,1.5348916174843907
advection_diffusion,looped,correct,404,iid,validation_best,test,96,0.006135450606971885,0,0,64,34049,1.5348916174843907
advection_diffusion,looped,correct,404,iid,final_step,test,64,0.007888997403138198,0,0,64,34049,
advection_diffusion,looped,correct,404,iid,final_step,test,96,0.010556217470211848,0,0,64,34049,
advection_diffusion,looped,correct,404,iid,validation_best,ood,64,2.207399780961566,0,0,64,34049,1.5348916174843907
advection_diffusion,looped,correct,404,iid,validation_best,ood,96,4.9354483274155045,0,0,64,34049,1.5348916174843907
advection_diffusion,looped,correct,404,iid,final_step,ood,64,2.359858849128898,0,0,64,34049,
advection_diffusion,looped,correct,404,iid,final_step,ood,96,5.552894366036412,0,0,64,34049,
advection_diffusion,looped,correct,404,none,validation_best,test,64,0.006465037267838536,0,0,64,34049,1.5416021225973964
advection_diffusion,looped,correct,404,none,validation_best,test,96,0.008268305992654195,0,0,64,34049,1.5416021225973964
advection_diffusion,looped,correct,404,none,final_step,test,64,0.014514842338892109,0,0,64,34049,
advection_diffusion,looped,correct,404,none,final_step,test,96,0.026874025738954067,0,0,64,34049,
advection_diffusion,looped,correct,404,none,validation_best,ood,64,1.2324187147647763,0,0,64,34049,1.5416021225973964
advection_diffusion,looped,correct,404,none,validation_best,ood,96,1.6165298975930305,0,0,64,34049,1.5416021225973964
advection_diffusion,looped,correct,404,none,final_step,ood,64,1.3088142483804859,0,0,64,34049,
advection_diffusion,looped,correct,404,none,final_step,ood,96,1.862945003096229,0,0,64,34049,
advection_diffusion,looped,correct,404,response_matched,validation_best,test,64,0.0068618272292879645,0,0,64,34049,1.5393601031973958
advection_diffusion,looped,correct,404,response_matched,validation_best,test,96,0.009003489795580261,0,0,64,34049,1.5393601031973958
advection_diffusion,looped,correct,404,response_matched,final_step,test,64,0.006691706633455752,0,0,64,34049,
advection_diffusion,looped,correct,404,response_matched,final_step,test,96,0.008147716318107474,0,0,64,34049,
advection_diffusion,looped,correct,404,response_matched,validation_best,ood,64,2.67584196367784,0,0,64,34049,1.5393601031973958
advection_diffusion,looped,correct,404,response_matched,validation_best,ood,96,5.892617185334984,0,0,64,34049,1.5393601031973958
advection_diffusion,looped,correct,404,response_matched,final_step,ood,64,2.9863864406781317,0,0,64,34049,
advection_diffusion,looped,correct,404,response_matched,final_step,ood,96,6.850076156934051,0,0,64,34049,
advection_diffusion,looped,correct,404,smooth,validation_best,test,64,0.005432231186077718,0,0,64,34049,1.535919588059187
advection_diffusion,looped,correct,404,smooth,validation_best,test,96,0.007275880999989029,0,0,64,34049,1.535919588059187
advection_diffusion,looped,correct,404,smooth,final_step,test,64,0.008053162923500334,0,0,64,34049,
advection_diffusion,looped,correct,404,smooth,final_step,test,96,0.012674986655410631,0,0,64,34049,
advection_diffusion,looped,correct,404,smooth,validation_best,ood,64,1.6462033786168035,0,0,64,34049,1.535919588059187
advection_diffusion,looped,correct,404,smooth,validation_best,ood,96,2.8708685590180494,0,0,64,34049,1.535919588059187
advection_diffusion,looped,correct,404,smooth,final_step,ood,64,1.698018841000021,0,0,64,34049,
advection_diffusion,looped,correct,404,smooth,final_step,ood,96,3.1328934043620698,0,0,64,34049,
advection_diffusion,looped,correct,505,iid,validation_best,test,64,0.14262705501585993,0,0,64,34049,1.5405391110107303
advection_diffusion,looped,correct,505,iid,validation_best,test,96,5.17536345932313,0,0,64,34049,1.5405391110107303
advection_diffusion,looped,correct,505,iid,final_step,test,64,0.04234354080548597,0,0,64,34049,
advection_diffusion,looped,correct,505,iid,final_step,test,96,1.7178486300761688,0,0,64,34049,
advection_diffusion,looped,correct,505,iid,validation_best,ood,64,52.73126328362105,0,0,64,34049,1.5405391110107303
advection_diffusion,looped,correct,505,iid,validation_best,ood,96,142.78419171769139,0,0,64,34049,1.5405391110107303
advection_diffusion,looped,correct,505,iid,final_step,ood,64,54.31193054727828,0,0,64,34049,
advection_diffusion,looped,correct,505,iid,final_step,ood,96,145.89642921015366,0,0,64,34049,
advection_diffusion,looped,correct,505,none,validation_best,test,64,0.7528543128686991,0,0,64,34049,1.5412160893902183
advection_diffusion,looped,correct,505,none,validation_best,test,96,24.08904095793681,0,0,64,34049,1.5412160893902183
advection_diffusion,looped,correct,505,none,final_step,test,64,1.1879305380719138,0,0,64,34049,
advection_diffusion,looped,correct,505,none,final_step,test,96,31.65212006825766,0,0,64,34049,
advection_diffusion,looped,correct,505,none,validation_best,ood,64,72.86012065803311,0,0,64,34049,1.5412160893902183
advection_diffusion,looped,correct,505,none,validation_best,ood,96,185.943153901781,0,0,64,34049,1.5412160893902183
advection_diffusion,looped,correct,505,none,final_step,ood,64,75.4808401813815,0,0,64,34049,
advection_diffusion,looped,correct,505,none,final_step,ood,96,190.02428476041123,0,0,64,34049,
advection_diffusion,looped,correct,505,response_matched,validation_best,test,64,0.06699299195715569,0,0,64,34049,1.537397550418973
advection_diffusion,looped,correct,505,response_matched,validation_best,test,96,1.9260314314120839,0,0,64,34049,1.537397550418973
advection_diffusion,looped,correct,505,response_matched,final_step,test,64,0.03431180308737192,0,0,64,34049,
advection_diffusion,looped,correct,505,response_matched,final_step,test,96,0.715786353882641,0,0,64,34049,
advection_diffusion,looped,correct,505,response_matched,validation_best,ood,64,47.83833323070223,0,0,64,34049,1.537397550418973
advection_diffusion,looped,correct,505,response_matched,validation_best,ood,96,127.06183623833212,0,0,64,34049,1.537397550418973
advection_diffusion,looped,correct,505,response_matched,final_step,ood,64,46.09109461018636,0,0,64,34049,
advection_diffusion,looped,correct,505,response_matched,final_step,ood,96,124.33616713257388,0,0,64,34049,
advection_diffusion,looped,correct,505,smooth,validation_best,test,64,2.757542632017788,0,0,64,34049,1.540901605039835
advection_diffusion,looped,correct,505,smooth,validation_best,test,96,43.862720234037376,0,0,64,34049,1.540901605039835
advection_diffusion,looped,correct,505,smooth,final_step,test,64,2.382622415773666,0,0,64,34049,
advection_diffusion,looped,correct,505,smooth,final_step,test,96,36.180167261400584,0,0,64,34049,
advection_diffusion,looped,correct,505,smooth,validation_best,ood,64,93.13642230725077,0,0,64,34049,1.540901605039835
advection_diffusion,looped,correct,505,smooth,validation_best,ood,96,215.00341362569588,0,0,64,34049,1.540901605039835
advection_diffusion,looped,correct,505,smooth,final_step,ood,64,90.20683386017635,0,0,64,34049,
advection_diffusion,looped,correct,505,smooth,final_step,ood,96,212.17879069738757,0,0,64,34049,
advection_diffusion,looped,correct,606,iid,validation_best,test,64,0.0029868712575864542,0,0,64,34049,1.5418455470353365
advection_diffusion,looped,correct,606,iid,validation_best,test,96,0.004693663905060616,0,0,64,34049,1.5418455470353365
advection_diffusion,looped,correct,606,iid,final_step,test,64,0.0029868712575864542,0,0,64,34049,
advection_diffusion,looped,correct,606,iid,final_step,test,96,0.004693663905060616,0,0,64,34049,
advection_diffusion,looped,correct,606,iid,validation_best,ood,64,17.80685865517637,0,0,64,34049,1.5418455470353365
advection_diffusion,looped,correct,606,iid,validation_best,ood,96,51.16067649617746,0,0,64,34049,1.5418455470353365
advection_diffusion,looped,correct,606,iid,final_step,ood,64,17.80685865517637,0,0,64,34049,
advection_diffusion,looped,correct,606,iid,final_step,ood,96,51.16067649617746,0,0,64,34049,
advection_diffusion,looped,correct,606,none,validation_best,test,64,0.00469561017719522,0,0,64,34049,1.536760595627129
advection_diffusion,looped,correct,606,none,validation_best,test,96,0.01311900919243277,0,0,64,34049,1.536760595627129
advection_diffusion,looped,correct,606,none,final_step,test,64,0.0034077427432485097,0,0,64,34049,
advection_diffusion,looped,correct,606,none,final_step,test,96,0.007522508983739778,0,0,64,34049,
advection_diffusion,looped,correct,606,none,validation_best,ood,64,51.08860440845376,0,0,64,34049,1.536760595627129
advection_diffusion,looped,correct,606,none,validation_best,ood,96,106.96939838873072,0,0,64,34049,1.536760595627129
advection_diffusion,looped,correct,606,none,final_step,ood,64,52.60077214337866,0,0,64,34049,
advection_diffusion,looped,correct,606,none,final_step,ood,96,108.90342101519293,0,0,64,34049,
advection_diffusion,looped,correct,606,response_matched,validation_best,test,64,0.0026945037597791988,0,0,64,34049,1.5376175520941615
advection_diffusion,looped,correct,606,response_matched,validation_best,test,96,0.0037595783309300286,0,0,64,34049,1.5376175520941615
advection_diffusion,looped,correct,606,response_matched,final_step,test,64,0.0026945037597791988,0,0,64,34049,
advection_diffusion,looped,correct,606,response_matched,final_step,test,96,0.0037595783309300286,0,0,64,34049,
advection_diffusion,looped,correct,606,response_matched,validation_best,ood,64,5.907812658766261,0,0,64,34049,1.5376175520941615
advection_diffusion,looped,correct,606,response_matched,validation_best,ood,96,23.112017171144394,0,0,64,34049,1.5376175520941615
advection_diffusion,looped,correct,606,response_matched,final_step,ood,64,5.907812658766261,0,0,64,34049,
advection_diffusion,looped,correct,606,response_matched,final_step,ood,96,23.112017171144394,0,0,64,34049,
advection_diffusion,looped,correct,606,smooth,validation_best,test,64,0.0027475122421307674,0,0,64,34049,1.5476101078093052
advection_diffusion,looped,correct,606,smooth,validation_best,test,96,0.005632246682208594,0,0,64,34049,1.5476101078093052
advection_diffusion,looped,correct,606,smooth,final_step,test,64,0.0034896802190778065,0,0,64,34049,
advection_diffusion,looped,correct,606,smooth,final_step,test,96,0.00482241508223676,0,0,64,34049,
advection_diffusion,looped,correct,606,smooth,validation_best,ood,64,38.57751933470092,0,0,64,34049,1.5476101078093052
advection_diffusion,looped,correct,606,smooth,validation_best,ood,96,87.7350644679349,0,0,64,34049,1.5476101078093052
advection_diffusion,looped,correct,606,smooth,final_step,ood,64,37.9409447151196,0,0,64,34049,
advection_diffusion,looped,correct,606,smooth,final_step,ood,96,86.75176898557424,0,0,64,34049,
advection_diffusion,transformer,coefficient,101,iid,validation_best,test,64,0.005559430431450574,0,0,64,100993,1.5337900957092643
advection_diffusion,transformer,coefficient,101,iid,validation_best,test,96,0.007101893154605114,0,0,64,100993,1.5337900957092643
advection_diffusion,transformer,coefficient,101,iid,final_step,test,64,0.004319094288921299,0,0,64,100993,
advection_diffusion,transformer,coefficient,101,iid,final_step,test,96,0.004509845704947798,0,0,64,100993,
advection_diffusion,transformer,coefficient,101,iid,validation_best,ood,64,0.6523264507494844,0,0,64,100993,1.5337900957092643
advection_diffusion,transformer,coefficient,101,iid,validation_best,ood,96,0.6816270896360379,0,0,64,100993,1.5337900957092643
advection_diffusion,transformer,coefficient,101,iid,final_step,ood,64,0.6218326177605462,0,0,64,100993,
advection_diffusion,transformer,coefficient,101,iid,final_step,ood,96,0.6507913173432579,0,0,64,100993,
advection_diffusion,transformer,coefficient,101,none,validation_best,test,64,0.00415767032297043,0,0,64,100993,1.5311040915548801
advection_diffusion,transformer,coefficient,101,none,validation_best,test,96,0.006567015646966675,0,0,64,100993,1.5311040915548801
advection_diffusion,transformer,coefficient,101,none,final_step,test,64,0.00415767032297043,0,0,64,100993,
advection_diffusion,transformer,coefficient,101,none,final_step,test,96,0.006567015646966675,0,0,64,100993,
advection_diffusion,transformer,coefficient,101,none,validation_best,ood,64,0.7872729963739289,0,0,64,100993,1.5311040915548801
advection_diffusion,transformer,coefficient,101,none,validation_best,ood,96,0.7906663981704014,0,0,64,100993,1.5311040915548801
advection_diffusion,transformer,coefficient,101,none,final_step,ood,64,0.7872729963739289,0,0,64,100993,
advection_diffusion,transformer,coefficient,101,none,final_step,ood,96,0.7906663981704014,0,0,64,100993,
advection_diffusion,transformer,coefficient,101,response_matched,validation_best,test,64,0.005681583301732296,0,0,64,100993,1.5313481213524938
advection_diffusion,transformer,coefficient,101,response_matched,validation_best,test,96,0.007455904434377085,0,0,64,100993,1.5313481213524938
advection_diffusion,transformer,coefficient,101,response_matched,final_step,test,64,0.005239741271214626,0,0,64,100993,
advection_diffusion,transformer,coefficient,101,response_matched,final_step,test,96,0.005970458497039033,0,0,64,100993,
advection_diffusion,transformer,coefficient,101,response_matched,validation_best,ood,64,0.632116852495102,0,0,64,100993,1.5313481213524938
advection_diffusion,transformer,coefficient,101,response_matched,validation_best,ood,96,0.6729686766712082,0,0,64,100993,1.5313481213524938
advection_diffusion,transformer,coefficient,101,response_matched,final_step,ood,64,0.5991952848571032,0,0,64,100993,
advection_diffusion,transformer,coefficient,101,response_matched,final_step,ood,96,0.633552510195803,0,0,64,100993,
advection_diffusion,transformer,coefficient,101,smooth,validation_best,test,64,0.008769168974821051,0,0,64,100993,1.53115454595536
advection_diffusion,transformer,coefficient,101,smooth,validation_best,test,96,0.013020469142966729,0,0,64,100993,1.53115454595536
advection_diffusion,transformer,coefficient,101,smooth,final_step,test,64,0.0051362229586660035,0,0,64,100993,
advection_diffusion,transformer,coefficient,101,smooth,final_step,test,96,0.00578572285490786,0,0,64,100993,
advection_diffusion,transformer,coefficient,101,smooth,validation_best,ood,64,0.8036869789478231,0,0,64,100993,1.53115454595536
advection_diffusion,transformer,coefficient,101,smooth,validation_best,ood,96,0.8000160675269683,0,0,64,100993,1.53115454595536
advection_diffusion,transformer,coefficient,101,smooth,final_step,ood,64,0.7839075801402515,0,0,64,100993,
advection_diffusion,transformer,coefficient,101,smooth,final_step,ood,96,0.7790808397360726,0,0,64,100993,
advection_diffusion,transformer,coefficient,202,iid,validation_best,test,64,0.0034084000059249053,0,0,64,100993,1.534414105117321
advection_diffusion,transformer,coefficient,202,iid,validation_best,test,96,0.004036123936544586,0,0,64,100993,1.534414105117321
advection_diffusion,transformer,coefficient,202,iid,final_step,test,64,0.011838231128215249,0,0,64,100993,
advection_diffusion,transformer,coefficient,202,iid,final_step,test,96,0.017118475240346598,0,0,64,100993,
advection_diffusion,transformer,coefficient,202,iid,validation_best,ood,64,0.9092185241028119,0,0,64,100993,1.534414105117321
advection_diffusion,transformer,coefficient,202,iid,validation_best,ood,96,1.0667246718787737,0,0,64,100993,1.534414105117321
advection_diffusion,transformer,coefficient,202,iid,final_step,ood,64,0.897635038721603,0,0,64,100993,
advection_diffusion,transformer,coefficient,202,iid,final_step,ood,96,1.0482220684150056,0,0,64,100993,
advection_diffusion,transformer,coefficient,202,none,validation_best,test,64,0.002213615444091599,0,0,64,100993,1.5319730620831251
advection_diffusion,transformer,coefficient,202,none,validation_best,test,96,0.002224307185424434,0,0,64,100993,1.5319730620831251
advection_diffusion,transformer,coefficient,202,none,final_step,test,64,0.00289932868221765,0,0,64,100993,
advection_diffusion,transformer,coefficient,202,none,final_step,test,96,0.0031381222489977505,0,0,64,100993,
advection_diffusion,transformer,coefficient,202,none,validation_best,ood,64,0.9590828953780601,0,0,64,100993,1.5319730620831251
advection_diffusion,transformer,coefficient,202,none,validation_best,ood,96,0.99247344239681,0,0,64,100993,1.5319730620831251
advection_diffusion,transformer,coefficient,202,none,final_step,ood,64,0.957376429343185,0,0,64,100993,
advection_diffusion,transformer,coefficient,202,none,final_step,ood,96,0.9975592827950095,0,0,64,100993,
advection_diffusion,transformer,coefficient,202,response_matched,validation_best,test,64,0.004866850469362305,0,0,64,100993,1.5165646094828844
advection_diffusion,transformer,coefficient,202,response_matched,validation_best,test,96,0.006335419193490566,0,0,64,100993,1.5165646094828844
advection_diffusion,transformer,coefficient,202,response_matched,final_step,test,64,0.00982859698514238,0,0,64,100993,
advection_diffusion,transformer,coefficient,202,response_matched,final_step,test,96,0.013801087137976193,0,0,64,100993,
advection_diffusion,transformer,coefficient,202,response_matched,validation_best,ood,64,0.8895504472288849,0,0,64,100993,1.5165646094828844
advection_diffusion,transformer,coefficient,202,response_matched,validation_best,ood,96,1.0136031595851211,0,0,64,100993,1.5165646094828844
advection_diffusion,transformer,coefficient,202,response_matched,final_step,ood,64,0.9045111797204299,0,0,64,100993,
advection_diffusion,transformer,coefficient,202,response_matched,final_step,ood,96,1.0744782327068,0,0,64,100993,
advection_diffusion,transformer,coefficient,202,smooth,validation_best,test,64,0.0033939883386358005,0,0,64,100993,1.5348280780017376
advection_diffusion,transformer,coefficient,202,smooth,validation_best,test,96,0.003704842188875901,0,0,64,100993,1.5348280780017376
advection_diffusion,transformer,coefficient,202,smooth,final_step,test,64,0.012216115570133468,0,0,64,100993,
advection_diffusion,transformer,coefficient,202,smooth,final_step,test,96,0.018825359148152643,0,0,64,100993,
advection_diffusion,transformer,coefficient,202,smooth,validation_best,ood,64,0.9624693925318866,0,0,64,100993,1.5348280780017376
advection_diffusion,transformer,coefficient,202,smooth,validation_best,ood,96,1.023442531746279,0,0,64,100993,1.5348280780017376
advection_diffusion,transformer,coefficient,202,smooth,final_step,ood,64,0.9541794256583671,0,0,64,100993,
advection_diffusion,transformer,coefficient,202,smooth,final_step,ood,96,1.0068935522455527,0,0,64,100993,
advection_diffusion,transformer,coefficient,303,iid,validation_best,test,64,0.004712129320326275,0,0,64,100993,1.5307550551369786
advection_diffusion,transformer,coefficient,303,iid,validation_best,test,96,0.006801419590706903,0,0,64,100993,1.5307550551369786
advection_diffusion,transformer,coefficient,303,iid,final_step,test,64,0.017562665942352673,0,0,64,100993,
advection_diffusion,transformer,coefficient,303,iid,final_step,test,96,0.03376491310745363,0,0,64,100993,
advection_diffusion,transformer,coefficient,303,iid,validation_best,ood,64,1.3744979538218445,0,0,64,100993,1.5307550551369786
advection_diffusion,transformer,coefficient,303,iid,validation_best,ood,96,1.9197859208006396,0,0,64,100993,1.5307550551369786
advection_diffusion,transformer,coefficient,303,iid,final_step,ood,64,1.4139302716135944,0,0,64,100993,
advection_diffusion,transformer,coefficient,303,iid,final_step,ood,96,2.0120687290955934,0,0,64,100993,
advection_diffusion,transformer,coefficient,303,none,validation_best,test,64,0.0031069778096483036,0,0,64,100993,1.532555604353547
advection_diffusion,transformer,coefficient,303,none,validation_best,test,96,0.005414336606244019,0,0,64,100993,1.532555604353547
advection_diffusion,transformer,coefficient,303,none,final_step,test,64,0.0031069778096483036,0,0,64,100993,
advection_diffusion,transformer,coefficient,303,none,final_step,test,96,0.005414336606244019,0,0,64,100993,
advection_diffusion,transformer,coefficient,303,none,validation_best,ood,64,1.174454286472269,0,0,64,100993,1.532555604353547
advection_diffusion,transformer,coefficient,303,none,validation_best,ood,96,1.544537707603998,0,0,64,100993,1.532555604353547
advection_diffusion,transformer,coefficient,303,none,final_step,ood,64,1.174454286472269,0,0,64,100993,
advection_diffusion,transformer,coefficient,303,none,final_step,ood,96,1.544537707603998,0,0,64,100993,
advection_diffusion,transformer,coefficient,303,response_matched,validation_best,test,64,0.004898923171453351,0,0,64,100993,1.5369106084108353
advection_diffusion,transformer,coefficient,303,response_matched,validation_best,test,96,0.006375523614357151,0,0,64,100993,1.5369106084108353
advection_diffusion,transformer,coefficient,303,response_matched,final_step,test,64,0.017070692020037193,0,0,64,100993,
advection_diffusion,transformer,coefficient,303,response_matched,final_step,test,96,0.02974910898529674,0,0,64,100993,
advection_diffusion,transformer,coefficient,303,response_matched,validation_best,ood,64,1.747745524214622,0,0,64,100993,1.5369106084108353
advection_diffusion,transformer,coefficient,303,response_matched,validation_best,ood,96,2.5388027189834474,0,0,64,100993,1.5369106084108353
advection_diffusion,transformer,coefficient,303,response_matched,final_step,ood,64,1.6772869690738048,0,0,64,100993,
advection_diffusion,transformer,coefficient,303,response_matched,final_step,ood,96,2.456921603422605,0,0,64,100993,
advection_diffusion,transformer,coefficient,303,smooth,validation_best,test,64,0.007245458200790145,0,0,64,100993,1.5338325407356024
advection_diffusion,transformer,coefficient,303,smooth,validation_best,test,96,0.011448765233120255,0,0,64,100993,1.5338325407356024
advection_diffusion,transformer,coefficient,303,smooth,final_step,test,64,0.020065857471341264,0,0,64,100993,
advection_diffusion,transformer,coefficient,303,smooth,final_step,test,96,0.03802791200786526,0,0,64,100993,
advection_diffusion,transformer,coefficient,303,smooth,validation_best,ood,64,1.0858295921357524,0,0,64,100993,1.5338325407356024
advection_diffusion,transformer,coefficient,303,smooth,validation_best,ood,96,1.4094411928054076,0,0,64,100993,1.5338325407356024
advection_diffusion,transformer,coefficient,303,smooth,final_step,ood,64,1.0450821991998964,0,0,64,100993,
advection_diffusion,transformer,coefficient,303,smooth,final_step,ood,96,1.3294948028810722,0,0,64,100993,
advection_diffusion,transformer,coefficient,404,iid,validation_best,test,64,0.005116141190032009,0,0,64,100993,1.5351630980148911
advection_diffusion,transformer,coefficient,404,iid,validation_best,test,96,0.007991692986926296,0,0,64,100993,1.5351630980148911
advection_diffusion,transformer,coefficient,404,iid,final_step,test,64,0.005116141190032009,0,0,64,100993,
advection_diffusion,transformer,coefficient,404,iid,final_step,test,96,0.007991692986926296,0,0,64,100993,
advection_diffusion,transformer,coefficient,404,iid,validation_best,ood,64,1.6615912519437188,0,0,64,100993,1.5351630980148911
advection_diffusion,transformer,coefficient,404,iid,validation_best,ood,96,2.2188796160692923,0,0,64,100993,1.5351630980148911
advection_diffusion,transformer,coefficient,404,iid,final_step,ood,64,1.6615912519437188,0,0,64,100993,
advection_diffusion,transformer,coefficient,404,iid,final_step,ood,96,2.2188796160692923,0,0,64,100993,
advection_diffusion,transformer,coefficient,404,none,validation_best,test,64,0.0023402303777697586,0,0,64,100993,1.537341601215303
advection_diffusion,transformer,coefficient,404,none,validation_best,test,96,0.003577000448668155,0,0,64,100993,1.537341601215303
advection_diffusion,transformer,coefficient,404,none,final_step,test,64,0.0030235810118680595,0,0,64,100993,
advection_diffusion,transformer,coefficient,404,none,final_step,test,96,0.004476151142693027,0,0,64,100993,
advection_diffusion,transformer,coefficient,404,none,validation_best,ood,64,2.074861687716634,0,0,64,100993,1.537341601215303
advection_diffusion,transformer,coefficient,404,none,validation_best,ood,96,3.0646833698989058,0,0,64,100993,1.537341601215303
advection_diffusion,transformer,coefficient,404,none,final_step,ood,64,2.391254777461313,0,0,64,100993,
advection_diffusion,transformer,coefficient,404,none,final_step,ood,96,3.6211944304872454,0,0,64,100993,
advection_diffusion,transformer,coefficient,404,response_matched,validation_best,test,64,0.004533030706111774,0,0,64,100993,1.5354530652984977
advection_diffusion,transformer,coefficient,404,response_matched,validation_best,test,96,0.006527373903545926,0,0,64,100993,1.5354530652984977
advection_diffusion,transformer,coefficient,404,response_matched,final_step,test,64,0.009628585933195488,0,0,64,100993,
advection_diffusion,transformer,coefficient,404,response_matched,final_step,test,96,0.015427498484974343,0,0,64,100993,
advection_diffusion,transformer,coefficient,404,response_matched,validation_best,ood,64,1.9059038639127266,0,0,64,100993,1.5354530652984977
advection_diffusion,transformer,coefficient,404,response_matched,validation_best,ood,96,2.5522246373507187,0,0,64,100993,1.5354530652984977
advection_diffusion,transformer,coefficient,404,response_matched,final_step,ood,64,1.5781502365733786,0,0,64,100993,
advection_diffusion,transformer,coefficient,404,response_matched,final_step,ood,96,2.0600793781352422,0,0,64,100993,
advection_diffusion,transformer,coefficient,404,smooth,validation_best,test,64,0.005576635162883425,0,0,64,100993,1.5348016051575541
advection_diffusion,transformer,coefficient,404,smooth,validation_best,test,96,0.0085955368329859,0,0,64,100993,1.5348016051575541
advection_diffusion,transformer,coefficient,404,smooth,final_step,test,64,0.008032003596167847,0,0,64,100993,
advection_diffusion,transformer,coefficient,404,smooth,final_step,test,96,0.013208089465297352,0,0,64,100993,
advection_diffusion,transformer,coefficient,404,smooth,validation_best,ood,64,2.0009679607787803,0,0,64,100993,1.5348016051575541
advection_diffusion,transformer,coefficient,404,smooth,validation_best,ood,96,2.878085913914826,0,0,64,100993,1.5348016051575541
advection_diffusion,transformer,coefficient,404,smooth,final_step,ood,64,1.9940198113934002,0,0,64,100993,
advection_diffusion,transformer,coefficient,404,smooth,final_step,ood,96,2.8673427134070453,0,0,64,100993,
advection_diffusion,transformer,coefficient,505,iid,validation_best,test,64,0.0036366581376721108,0,0,64,100993,1.533137052319944
advection_diffusion,transformer,coefficient,505,iid,validation_best,test,96,0.003888049334626646,0,0,64,100993,1.533137052319944
advection_diffusion,transformer,coefficient,505,iid,final_step,test,64,0.008438973917141102,0,0,64,100993,
advection_diffusion,transformer,coefficient,505,iid,final_step,test,96,0.011411642042742956,0,0,64,100993,
advection_diffusion,transformer,coefficient,505,iid,validation_best,ood,64,1.8704671704882117,0,0,64,100993,1.533137052319944
advection_diffusion,transformer,coefficient,505,iid,validation_best,ood,96,2.5116515104728405,0,0,64,100993,1.533137052319944
advection_diffusion,transformer,coefficient,505,iid,final_step,ood,64,1.6556296736986837,0,0,64,100993,
advection_diffusion,transformer,coefficient,505,iid,final_step,ood,96,2.181283347538245,0,0,64,100993,
advection_diffusion,transformer,coefficient,505,none,validation_best,test,64,0.0022143240940883935,0,0,64,100993,1.533847558312118
advection_diffusion,transformer,coefficient,505,none,validation_best,test,96,0.0027945956762052875,0,0,64,100993,1.533847558312118
advection_diffusion,transformer,coefficient,505,none,final_step,test,64,0.0030890024690692908,0,0,64,100993,
advection_diffusion,transformer,coefficient,505,none,final_step,test,96,0.003808684619875269,0,0,64,100993,
advection_diffusion,transformer,coefficient,505,none,validation_best,ood,64,0.9263511388116399,0,0,64,100993,1.533847558312118
advection_diffusion,transformer,coefficient,505,none,validation_best,ood,96,1.1063982857885626,0,0,64,100993,1.533847558312118
advection_diffusion,transformer,coefficient,505,none,final_step,ood,64,0.9252637644164565,0,0,64,100993,
advection_diffusion,transformer,coefficient,505,none,final_step,ood,96,1.1066016465299906,0,0,64,100993,
advection_diffusion,transformer,coefficient,505,response_matched,validation_best,test,64,0.0056059129137437935,0,0,64,100993,1.5378570416942239
advection_diffusion,transformer,coefficient,505,response_matched,validation_best,test,96,0.00644702368929965,0,0,64,100993,1.5378570416942239
advection_diffusion,transformer,coefficient,505,response_matched,final_step,test,64,0.009327846880149426,0,0,64,100993,
advection_diffusion,transformer,coefficient,505,response_matched,final_step,test,96,0.012227329964935585,0,0,64,100993,
advection_diffusion,transformer,coefficient,505,response_matched,validation_best,ood,64,1.9403216373329997,0,0,64,100993,1.5378570416942239
advection_diffusion,transformer,coefficient,505,response_matched,validation_best,ood,96,2.5751729511642525,0,0,64,100993,1.5378570416942239
advection_diffusion,transformer,coefficient,505,response_matched,final_step,ood,64,1.7731403257565717,0,0,64,100993,
advection_diffusion,transformer,coefficient,505,response_matched,final_step,ood,96,2.3119411285781553,0,0,64,100993,
advection_diffusion,transformer,coefficient,505,smooth,validation_best,test,64,0.00459703707197634,0,0,64,100993,1.5365565894171596
advection_diffusion,transformer,coefficient,505,smooth,validation_best,test,96,0.00519585883843036,0,0,64,100993,1.5365565894171596
advection_diffusion,transformer,coefficient,505,smooth,final_step,test,64,0.009180849607202557,0,0,64,100993,
advection_diffusion,transformer,coefficient,505,smooth,final_step,test,96,0.012677497266857962,0,0,64,100993,
advection_diffusion,transformer,coefficient,505,smooth,validation_best,ood,64,1.36402620324003,0,0,64,100993,1.5365565894171596
advection_diffusion,transformer,coefficient,505,smooth,validation_best,ood,96,1.8213103644602977,0,0,64,100993,1.5365565894171596
advection_diffusion,transformer,coefficient,505,smooth,final_step,ood,64,1.1516093222840027,0,0,64,100993,
advection_diffusion,transformer,coefficient,505,smooth,final_step,ood,96,1.4720344108272911,0,0,64,100993,
advection_diffusion,transformer,coefficient,606,iid,validation_best,test,64,0.0035476075520950445,0,0,64,100993,1.5366210602223873
advection_diffusion,transformer,coefficient,606,iid,validation_best,test,96,0.004733983003188058,0,0,64,100993,1.5366210602223873
advection_diffusion,transformer,coefficient,606,iid,final_step,test,64,0.006513414278133123,0,0,64,100993,
advection_diffusion,transformer,coefficient,606,iid,final_step,test,96,0.008241052502771556,0,0,64,100993,
advection_diffusion,transformer,coefficient,606,iid,validation_best,ood,64,0.6082873566041371,0,0,64,100993,1.5366210602223873
advection_diffusion,transformer,coefficient,606,iid,validation_best,ood,96,0.6151586046646571,0,0,64,100993,1.5366210602223873
advection_diffusion,transformer,coefficient,606,iid,final_step,ood,64,0.5923679290448831,0,0,64,100993,
advection_diffusion,transformer,coefficient,606,iid,final_step,ood,96,0.6051344680566141,0,0,64,100993,
advection_diffusion,transformer,coefficient,606,none,validation_best,test,64,0.001822607787973607,0,0,64,100993,1.5341800404712558
advection_diffusion,transformer,coefficient,606,none,validation_best,test,96,0.0023261217608178493,0,0,64,100993,1.5341800404712558
advection_diffusion,transformer,coefficient,606,none,final_step,test,64,0.003236186460516155,0,0,64,100993,
advection_diffusion,transformer,coefficient,606,none,final_step,test,96,0.005443386496402821,0,0,64,100993,
advection_diffusion,transformer,coefficient,606,none,validation_best,ood,64,1.0241709064742963,0,0,64,100993,1.5341800404712558
advection_diffusion,transformer,coefficient,606,none,validation_best,ood,96,1.2757032230161562,0,0,64,100993,1.5341800404712558
advection_diffusion,transformer,coefficient,606,none,final_step,ood,64,1.0491973013105849,0,0,64,100993,
advection_diffusion,transformer,coefficient,606,none,final_step,ood,96,1.3242580707193383,0,0,64,100993,
advection_diffusion,transformer,coefficient,606,response_matched,validation_best,test,64,0.006594314221412656,0,0,64,100993,1.51515060570091
advection_diffusion,transformer,coefficient,606,response_matched,validation_best,test,96,0.009232166311806308,0,0,64,100993,1.51515060570091
advection_diffusion,transformer,coefficient,606,response_matched,final_step,test,64,0.008824834139136595,0,0,64,100993,
advection_diffusion,transformer,coefficient,606,response_matched,final_step,test,96,0.011809340428036979,0,0,64,100993,
advection_diffusion,transformer,coefficient,606,response_matched,validation_best,ood,64,0.6050874066302754,0,0,64,100993,1.51515060570091
advection_diffusion,transformer,coefficient,606,response_matched,validation_best,ood,96,0.6298528208405589,0,0,64,100993,1.51515060570091
advection_diffusion,transformer,coefficient,606,response_matched,final_step,ood,64,0.6097107720997883,0,0,64,100993,
advection_diffusion,transformer,coefficient,606,response_matched,final_step,ood,96,0.638675411638663,0,0,64,100993,
advection_diffusion,transformer,coefficient,606,smooth,validation_best,test,64,0.0057367236090959395,0,0,64,100993,1.5326661057770252
advection_diffusion,transformer,coefficient,606,smooth,validation_best,test,96,0.007391655081467145,0,0,64,100993,1.5326661057770252
advection_diffusion,transformer,coefficient,606,smooth,final_step,test,64,0.0057367236090959395,0,0,64,100993,
advection_diffusion,transformer,coefficient,606,smooth,final_step,test,96,0.007391655081467145,0,0,64,100993,
advection_diffusion,transformer,coefficient,606,smooth,validation_best,ood,64,0.8228281265392638,0,0,64,100993,1.5326661057770252
advection_diffusion,transformer,coefficient,606,smooth,validation_best,ood,96,0.9204013622893777,0,0,64,100993,1.5326661057770252
advection_diffusion,transformer,coefficient,606,smooth,final_step,ood,64,0.8228281265392638,0,0,64,100993,
advection_diffusion,transformer,coefficient,606,smooth,final_step,ood,96,0.9204013622893777,0,0,64,100993,
advection_diffusion,transformer,correct,101,iid,validation_best,test,64,0.0025447577972997903,0,0,64,100993,1.538081606850028
advection_diffusion,transformer,correct,101,iid,validation_best,test,96,0.0032107023111772976,0,0,64,100993,1.538081606850028
advection_diffusion,transformer,correct,101,iid,final_step,test,64,0.0025447577972997903,0,0,64,100993,
advection_diffusion,transformer,correct,101,iid,final_step,test,96,0.0032107023111772976,0,0,64,100993,
advection_diffusion,transformer,correct,101,iid,validation_best,ood,64,0.6496000903534878,0,0,64,100993,1.538081606850028
advection_diffusion,transformer,correct,101,iid,validation_best,ood,96,0.676635092876495,0,0,64,100993,1.538081606850028
advection_diffusion,transformer,correct,101,iid,final_step,ood,64,0.6496000903534878,0,0,64,100993,
advection_diffusion,transformer,correct,101,iid,final_step,ood,96,0.676635092876495,0,0,64,100993,
advection_diffusion,transformer,correct,101,none,validation_best,test,64,0.004157688474973331,0,0,64,100993,1.555694593116641
advection_diffusion,transformer,correct,101,none,validation_best,test,96,0.006567061686740964,0,0,64,100993,1.555694593116641
advection_diffusion,transformer,correct,101,none,final_step,test,64,0.004157688474973331,0,0,64,100993,
advection_diffusion,transformer,correct,101,none,final_step,test,96,0.006567061686740964,0,0,64,100993,
advection_diffusion,transformer,correct,101,none,validation_best,ood,64,0.7872730396272232,0,0,64,100993,1.555694593116641
advection_diffusion,transformer,correct,101,none,validation_best,ood,96,0.7906663676832295,0,0,64,100993,1.555694593116641
advection_diffusion,transformer,correct,101,none,final_step,ood,64,0.7872730396272232,0,0,64,100993,
advection_diffusion,transformer,correct,101,none,final_step,ood,96,0.7906663676832295,0,0,64,100993,
advection_diffusion,transformer,correct,101,response_matched,validation_best,test,64,0.003425192763305329,0,0,64,100993,1.5333750983700156
advection_diffusion,transformer,correct,101,response_matched,validation_best,test,96,0.003923080675673596,0,0,64,100993,1.5333750983700156
advection_diffusion,transformer,correct,101,response_matched,final_step,test,64,0.005062185119375728,0,0,64,100993,
advection_diffusion,transformer,correct,101,response_matched,final_step,test,96,0.00685276850490224,0,0,64,100993,
advection_diffusion,transformer,correct,101,response_matched,validation_best,ood,64,0.6569501833300251,0,0,64,100993,1.5333750983700156
advection_diffusion,transformer,correct,101,response_matched,validation_best,ood,96,0.6846261496220526,0,0,64,100993,1.5333750983700156
advection_diffusion,transformer,correct,101,response_matched,final_step,ood,64,0.6278455203023157,0,0,64,100993,
advection_diffusion,transformer,correct,101,response_matched,final_step,ood,96,0.6619094205811773,0,0,64,100993,
advection_diffusion,transformer,correct,101,smooth,validation_best,test,64,0.0035181099669090443,0,0,64,100993,1.5491436002776027
advection_diffusion,transformer,correct,101,smooth,validation_best,test,96,0.005304393532264011,0,0,64,100993,1.5491436002776027
advection_diffusion,transformer,correct,101,smooth,final_step,test,64,0.0035181099669090443,0,0,64,100993,
advection_diffusion,transformer,correct,101,smooth,final_step,test,96,0.005304393532264011,0,0,64,100993,
advection_diffusion,transformer,correct,101,smooth,validation_best,ood,64,0.8745344441981615,0,0,64,100993,1.5491436002776027
advection_diffusion,transformer,correct,101,smooth,validation_best,ood,96,0.8707991452480807,0,0,64,100993,1.5491436002776027
advection_diffusion,transformer,correct,101,smooth,final_step,ood,64,0.8745344441981615,0,0,64,100993,
advection_diffusion,transformer,correct,101,smooth,final_step,ood,96,0.8707991452480807,0,0,64,100993,
advection_diffusion,transformer,correct,202,iid,validation_best,test,64,0.0019537142802881213,0,0,64,100993,1.5586670953780413
advection_diffusion,transformer,correct,202,iid,validation_best,test,96,0.002072637470697636,0,0,64,100993,1.5586670953780413
advection_diffusion,transformer,correct,202,iid,final_step,test,64,0.0020403102764112724,0,0,64,100993,
advection_diffusion,transformer,correct,202,iid,final_step,test,96,0.00237206350477918,0,0,64,100993,
advection_diffusion,transformer,correct,202,iid,validation_best,ood,64,0.8906479901270359,0,0,64,100993,1.5586670953780413
advection_diffusion,transformer,correct,202,iid,validation_best,ood,96,1.0075524650358907,0,0,64,100993,1.5586670953780413
advection_diffusion,transformer,correct,202,iid,final_step,ood,64,0.9249566202921642,0,0,64,100993,
advection_diffusion,transformer,correct,202,iid,final_step,ood,96,1.1001320908324033,0,0,64,100993,
advection_diffusion,transformer,correct,202,none,validation_best,test,64,0.0022136538725568977,0,0,64,100993,1.5474710380658507
advection_diffusion,transformer,correct,202,none,validation_best,test,96,0.002224399444771559,0,0,64,100993,1.5474710380658507
advection_diffusion,transformer,correct,202,none,final_step,test,64,0.0028995326317978742,0,0,64,100993,
advection_diffusion,transformer,correct,202,none,final_step,test,96,0.0031383885398267677,0,0,64,100993,
advection_diffusion,transformer,correct,202,none,validation_best,ood,64,0.9590811046545014,0,0,64,100993,1.5474710380658507
advection_diffusion,transformer,correct,202,none,validation_best,ood,96,0.9924695572189346,0,0,64,100993,1.5474710380658507
advection_diffusion,transformer,correct,202,none,final_step,ood,64,0.957376546360365,0,0,64,100993,
advection_diffusion,transformer,correct,202,none,final_step,ood,96,0.9975595696858668,0,0,64,100993,
advection_diffusion,transformer,correct,202,response_matched,validation_best,test,64,0.0023810687769394434,0,0,64,100993,1.5723325312137604
advection_diffusion,transformer,correct,202,response_matched,validation_best,test,96,0.0026685984434529075,0,0,64,100993,1.5723325312137604
advection_diffusion,transformer,correct,202,response_matched,final_step,test,64,0.0032243491965731064,0,0,64,100993,
advection_diffusion,transformer,correct,202,response_matched,final_step,test,96,0.004069488749601261,0,0,64,100993,
advection_diffusion,transformer,correct,202,response_matched,validation_best,ood,64,0.9405551263572534,0,0,64,100993,1.5723325312137604
advection_diffusion,transformer,correct,202,response_matched,validation_best,ood,96,1.1181784320470647,0,0,64,100993,1.5723325312137604
advection_diffusion,transformer,correct,202,response_matched,final_step,ood,64,0.9665521429304818,0,0,64,100993,
advection_diffusion,transformer,correct,202,response_matched,final_step,ood,96,1.1898020259855762,0,0,64,100993,
advection_diffusion,transformer,correct,202,smooth,validation_best,test,64,0.001808166934132549,0,0,64,100993,1.5525175957009196
advection_diffusion,transformer,correct,202,smooth,validation_best,test,96,0.0018765829236119618,0,0,64,100993,1.5525175957009196
advection_diffusion,transformer,correct,202,smooth,final_step,test,64,0.001808166934132549,0,0,64,100993,
advection_diffusion,transformer,correct,202,smooth,final_step,test,96,0.0018765829236119618,0,0,64,100993,
advection_diffusion,transformer,correct,202,smooth,validation_best,ood,64,1.0158959586561878,0,0,64,100993,1.5525175957009196
advection_diffusion,transformer,correct,202,smooth,validation_best,ood,96,1.0985095605969186,0,0,64,100993,1.5525175957009196
advection_diffusion,transformer,correct,202,smooth,final_step,ood,64,1.0158959586561878,0,0,64,100993,
advection_diffusion,transformer,correct,202,smooth,final_step,ood,96,1.0985095605969186,0,0,64,100993,
advection_diffusion,transformer,correct,303,iid,validation_best,test,64,0.0044049102021146425,0,0,64,100993,1.5348190907388926
advection_diffusion,transformer,correct,303,iid,validation_best,test,96,0.008585321719372393,0,0,64,100993,1.5348190907388926
advection_diffusion,transformer,correct,303,iid,final_step,test,64,0.014713836179439888,0,0,64,100993,
advection_diffusion,transformer,correct,303,iid,final_step,test,96,0.032456479751384514,0,0,64,100993,
advection_diffusion,transformer,correct,303,iid,validation_best,ood,64,1.7355564368534715,0,0,64,100993,1.5348190907388926
advection_diffusion,transformer,correct,303,iid,validation_best,ood,96,2.544579856605727,0,0,64,100993,1.5348190907388926
advection_diffusion,transformer,correct,303,iid,final_step,ood,64,1.7505896316541225,0,0,64,100993,
advection_diffusion,transformer,correct,303,iid,final_step,ood,96,2.598859178365463,0,0,64,100993,
advection_diffusion,transformer,correct,303,none,validation_best,test,64,0.003106843437288176,0,0,64,100993,1.5509616117924452
advection_diffusion,transformer,correct,303,none,validation_best,test,96,0.005414043992559773,0,0,64,100993,1.5509616117924452
advection_diffusion,transformer,correct,303,none,final_step,test,64,0.003106843437288176,0,0,64,100993,
advection_diffusion,transformer,correct,303,none,final_step,test,96,0.005414043992559773,0,0,64,100993,
advection_diffusion,transformer,correct,303,none,validation_best,ood,64,1.1744519005851544,0,0,64,100993,1.5509616117924452
advection_diffusion,transformer,correct,303,none,validation_best,ood,96,1.544534079172081,0,0,64,100993,1.5509616117924452
advection_diffusion,transformer,correct,303,none,final_step,ood,64,1.1744519005851544,0,0,64,100993,
advection_diffusion,transformer,correct,303,none,final_step,ood,96,1.544534079172081,0,0,64,100993,
advection_diffusion,transformer,correct,303,response_matched,validation_best,test,64,0.006259819686051937,0,0,64,100993,1.550903101451695
advection_diffusion,transformer,correct,303,response_matched,validation_best,test,96,0.01279459925060274,0,0,64,100993,1.550903101451695
advection_diffusion,transformer,correct,303,response_matched,final_step,test,64,0.009890637598547913,0,0,64,100993,
advection_diffusion,transformer,correct,303,response_matched,final_step,test,96,0.021001934032239006,0,0,64,100993,
advection_diffusion,transformer,correct,303,response_matched,validation_best,ood,64,2.333443237141296,0,0,64,100993,1.550903101451695
advection_diffusion,transformer,correct,303,response_matched,validation_best,ood,96,3.5545818630053723,0,0,64,100993,1.550903101451695
advection_diffusion,transformer,correct,303,response_matched,final_step,ood,64,2.1950525334319764,0,0,64,100993,
advection_diffusion,transformer,correct,303,response_matched,final_step,ood,96,3.3343823624258375,0,0,64,100993,
advection_diffusion,transformer,correct,303,smooth,validation_best,test,64,0.001546211249488616,0,0,64,100993,1.5602535801008344
advection_diffusion,transformer,correct,303,smooth,validation_best,test,96,0.002025727415541597,0,0,64,100993,1.5602535801008344
advection_diffusion,transformer,correct,303,smooth,final_step,test,64,0.006018903563422606,0,0,64,100993,
advection_diffusion,transformer,correct,303,smooth,final_step,test,96,0.011791262986401948,0,0,64,100993,
advection_diffusion,transformer,correct,303,smooth,validation_best,ood,64,1.2805972269455879,0,0,64,100993,1.5602535801008344
advection_diffusion,transformer,correct,303,smooth,validation_best,ood,96,1.7548765099929824,0,0,64,100993,1.5602535801008344
advection_diffusion,transformer,correct,303,smooth,final_step,ood,64,1.1444970582084295,0,0,64,100993,
advection_diffusion,transformer,correct,303,smooth,final_step,ood,96,1.506957563382817,0,0,64,100993,
advection_diffusion,transformer,correct,404,iid,validation_best,test,64,0.0020298012702438806,0,0,64,100993,1.578280096873641
advection_diffusion,transformer,correct,404,iid,validation_best,test,96,0.0028722683585967377,0,0,64,100993,1.578280096873641
advection_diffusion,transformer,correct,404,iid,final_step,test,64,0.0020298012702438806,0,0,64,100993,
advection_diffusion,transformer,correct,404,iid,final_step,test,96,0.0028722683585967377,0,0,64,100993,
advection_diffusion,transformer,correct,404,iid,validation_best,ood,64,1.7948170930894207,0,0,64,100993,1.578280096873641
advection_diffusion,transformer,correct,404,iid,validation_best,ood,96,2.5300879484074885,0,0,64,100993,1.578280096873641
advection_diffusion,transformer,correct,404,iid,final_step,ood,64,1.7948170930894207,0,0,64,100993,
advection_diffusion,transformer,correct,404,iid,final_step,ood,96,2.5300879484074885,0,0,64,100993,
advection_diffusion,transformer,correct,404,none,validation_best,test,64,0.0023418389213301083,0,0,64,100993,1.5510755823925138
advection_diffusion,transformer,correct,404,none,validation_best,test,96,0.003580303909978729,0,0,64,100993,1.5510755823925138
advection_diffusion,transformer,correct,404,none,final_step,test,64,0.0030228260525017037,0,0,64,100993,
advection_diffusion,transformer,correct,404,none,final_step,test,96,0.0044744807116792185,0,0,64,100993,
advection_diffusion,transformer,correct,404,none,validation_best,ood,64,2.0748999695895236,0,0,64,100993,1.5510755823925138
advection_diffusion,transformer,correct,404,none,validation_best,ood,96,3.06474810780234,0,0,64,100993,1.5510755823925138
advection_diffusion,transformer,correct,404,none,final_step,ood,64,2.39124163169447,0,0,64,100993,
advection_diffusion,transformer,correct,404,none,final_step,ood,96,3.621178279663657,0,0,64,100993,
advection_diffusion,transformer,correct,404,response_matched,validation_best,test,64,0.0014549043987892585,0,0,64,100993,1.5486650401726365
advection_diffusion,transformer,correct,404,response_matched,validation_best,test,96,0.001703596443201949,0,0,64,100993,1.5486650401726365
advection_diffusion,transformer,correct,404,response_matched,final_step,test,64,0.0030174200191603884,0,0,64,100993,
advection_diffusion,transformer,correct,404,response_matched,final_step,test,96,0.004001771530071677,0,0,64,100993,
advection_diffusion,transformer,correct,404,response_matched,validation_best,ood,64,1.7067112188052533,0,0,64,100993,1.5486650401726365
advection_diffusion,transformer,correct,404,response_matched,validation_best,ood,96,2.3713057916199887,0,0,64,100993,1.5486650401726365
advection_diffusion,transformer,correct,404,response_matched,final_step,ood,64,1.6268084131471596,0,0,64,100993,
advection_diffusion,transformer,correct,404,response_matched,final_step,ood,96,2.2535874822758615,0,0,64,100993,
advection_diffusion,transformer,correct,404,smooth,validation_best,test,64,0.0013873452159479105,0,0,64,100993,1.5764865558594465
advection_diffusion,transformer,correct,404,smooth,validation_best,test,96,0.001597024618122537,0,0,64,100993,1.5764865558594465
advection_diffusion,transformer,correct,404,smooth,final_step,test,64,0.0013873452159479105,0,0,64,100993,
advection_diffusion,transformer,correct,404,smooth,final_step,test,96,0.001597024618122537,0,0,64,100993,
advection_diffusion,transformer,correct,404,smooth,validation_best,ood,64,2.5158459459934193,0,0,64,100993,1.5764865558594465
advection_diffusion,transformer,correct,404,smooth,validation_best,ood,96,3.8279121991659695,0,0,64,100993,1.5764865558594465
advection_diffusion,transformer,correct,404,smooth,final_step,ood,64,2.5158459459934193,0,0,64,100993,
advection_diffusion,transformer,correct,404,smooth,final_step,ood,96,3.8279121991659695,0,0,64,100993,
advection_diffusion,transformer,correct,505,iid,validation_best,test,64,0.0023762847742294646,0,0,64,100993,1.562612596899271
advection_diffusion,transformer,correct,505,iid,validation_best,test,96,0.002764374063394174,0,0,64,100993,1.562612596899271
advection_diffusion,transformer,correct,505,iid,final_step,test,64,0.0022844235591361617,0,0,64,100993,
advection_diffusion,transformer,correct,505,iid,final_step,test,96,0.0028672727704993997,0,0,64,100993,
advection_diffusion,transformer,correct,505,iid,validation_best,ood,64,1.8357620956581968,0,0,64,100993,1.562612596899271
advection_diffusion,transformer,correct,505,iid,validation_best,ood,96,2.4945534860444996,0,0,64,100993,1.562612596899271
advection_diffusion,transformer,correct,505,iid,final_step,ood,64,1.6899375110195365,0,0,64,100993,
advection_diffusion,transformer,correct,505,iid,final_step,ood,96,2.272652827177088,0,0,64,100993,
advection_diffusion,transformer,correct,505,none,validation_best,test,64,0.002214386744092467,0,0,64,100993,1.5663900878280401
advection_diffusion,transformer,correct,505,none,validation_best,test,96,0.0027948892276010717,0,0,64,100993,1.5663900878280401
advection_diffusion,transformer,correct,505,none,final_step,test,64,0.003088458072918576,0,0,64,100993,
advection_diffusion,transformer,correct,505,none,final_step,test,96,0.0038076141521576163,0,0,64,100993,
advection_diffusion,transformer,correct,505,none,validation_best,ood,64,0.9263372361274946,0,0,64,100993,1.5663900878280401
advection_diffusion,transformer,correct,505,none,validation_best,ood,96,1.1063749242430654,0,0,64,100993,1.5663900878280401
advection_diffusion,transformer,correct,505,none,final_step,ood,64,0.9252507045798666,0,0,64,100993,
advection_diffusion,transformer,correct,505,none,final_step,ood,96,1.1065799065797062,0,0,64,100993,
advection_diffusion,transformer,correct,505,response_matched,validation_best,test,64,0.0027288884848117867,0,0,64,100993,1.5391780994832516
advection_diffusion,transformer,correct,505,response_matched,validation_best,test,96,0.0034116032631989293,0,0,64,100993,1.5391780994832516
advection_diffusion,transformer,correct,505,response_matched,final_step,test,64,0.0020792169974834795,0,0,64,100993,
advection_diffusion,transformer,correct,505,response_matched,final_step,test,96,0.002316982852953379,0,0,64,100993,
advection_diffusion,transformer,correct,505,response_matched,validation_best,ood,64,1.8592216658928464,0,0,64,100993,1.5391780994832516
advection_diffusion,transformer,correct,505,response_matched,validation_best,ood,96,2.48976271868393,0,0,64,100993,1.5391780994832516
advection_diffusion,transformer,correct,505,response_matched,final_step,ood,64,1.7945478545703963,0,0,64,100993,
advection_diffusion,transformer,correct,505,response_matched,final_step,ood,96,2.3878267619563758,0,0,64,100993,
advection_diffusion,transformer,correct,505,smooth,validation_best,test,64,0.0023547453854531053,0,0,64,100993,1.5652030939236283
advection_diffusion,transformer,correct,505,smooth,validation_best,test,96,0.002488165214863465,0,0,64,100993,1.5652030939236283
advection_diffusion,transformer,correct,505,smooth,final_step,test,64,0.003736915864574808,0,0,64,100993,
advection_diffusion,transformer,correct,505,smooth,final_step,test,96,0.005255689315785794,0,0,64,100993,
advection_diffusion,transformer,correct,505,smooth,validation_best,ood,64,1.1968248745392316,0,0,64,100993,1.5652030939236283
advection_diffusion,transformer,correct,505,smooth,validation_best,ood,96,1.5281836267115902,0,0,64,100993,1.5652030939236283
advection_diffusion,transformer,correct,505,smooth,final_step,ood,64,1.1969018677654049,0,0,64,100993,
advection_diffusion,transformer,correct,505,smooth,final_step,ood,96,1.5317854685180616,0,0,64,100993,
advection_diffusion,transformer,correct,606,iid,validation_best,test,64,0.0015798436612620703,0,0,64,100993,1.5363286016508937
advection_diffusion,transformer,correct,606,iid,validation_best,test,96,0.0021067128168591838,0,0,64,100993,1.5363286016508937
advection_diffusion,transformer,correct,606,iid,final_step,test,64,0.006228244165572661,0,0,64,100993,
advection_diffusion,transformer,correct,606,iid,final_step,test,96,0.009255257657926192,0,0,64,100993,
advection_diffusion,transformer,correct,606,iid,validation_best,ood,64,0.6304501247406904,0,0,64,100993,1.5363286016508937
advection_diffusion,transformer,correct,606,iid,validation_best,ood,96,0.6502516917433354,0,0,64,100993,1.5363286016508937
advection_diffusion,transformer,correct,606,iid,final_step,ood,64,0.646417003646178,0,0,64,100993,
advection_diffusion,transformer,correct,606,iid,final_step,ood,96,0.6847182217262002,0,0,64,100993,
advection_diffusion,transformer,correct,606,none,validation_best,test,64,0.0018226125517790681,0,0,64,100993,1.5915530966594815
advection_diffusion,transformer,correct,606,none,validation_best,test,96,0.0023261356426771407,0,0,64,100993,1.5915530966594815
advection_diffusion,transformer,correct,606,none,final_step,test,64,0.0032360990956669666,0,0,64,100993,
advection_diffusion,transformer,correct,606,none,final_step,test,96,0.005443194612766988,0,0,64,100993,
advection_diffusion,transformer,correct,606,none,validation_best,ood,64,1.0241722746873734,0,0,64,100993,1.5915530966594815
advection_diffusion,transformer,correct,606,none,validation_best,ood,96,1.2757053710426667,0,0,64,100993,1.5915530966594815
advection_diffusion,transformer,correct,606,none,final_step,ood,64,1.0492016177435062,0,0,64,100993,
advection_diffusion,transformer,correct,606,none,final_step,ood,96,1.3242652831045991,0,0,64,100993,
advection_diffusion,transformer,correct,606,response_matched,validation_best,test,64,0.0016072501498840541,0,0,64,100993,1.53253055177629
advection_diffusion,transformer,correct,606,response_matched,validation_best,test,96,0.0017093174596799856,0,0,64,100993,1.53253055177629
advection_diffusion,transformer,correct,606,response_matched,final_step,test,64,0.0023808443289730086,0,0,64,100993,
advection_diffusion,transformer,correct,606,response_matched,final_step,test,96,0.0028024540754557252,0,0,64,100993,
advection_diffusion,transformer,correct,606,response_matched,validation_best,ood,64,0.6747268894854983,0,0,64,100993,1.53253055177629
advection_diffusion,transformer,correct,606,response_matched,validation_best,ood,96,0.7270293014428642,0,0,64,100993,1.53253055177629
advection_diffusion,transformer,correct,606,response_matched,final_step,ood,64,0.6791114190289136,0,0,64,100993,
advection_diffusion,transformer,correct,606,response_matched,final_step,ood,96,0.7343535666903639,0,0,64,100993,
advection_diffusion,transformer,correct,606,smooth,validation_best,test,64,0.00197573588832356,0,0,64,100993,1.5464951051399112
advection_diffusion,transformer,correct,606,smooth,validation_best,test,96,0.0023229622525640092,0,0,64,100993,1.5464951051399112
advection_diffusion,transformer,correct,606,smooth,final_step,test,64,0.003742068987127478,0,0,64,100993,
advection_diffusion,transformer,correct,606,smooth,final_step,test,96,0.005588399364563124,0,0,64,100993,
advection_diffusion,transformer,correct,606,smooth,validation_best,ood,64,0.9011556071891107,0,0,64,100993,1.5464951051399112
advection_diffusion,transformer,correct,606,smooth,validation_best,ood,96,1.0278298906656762,0,0,64,100993,1.5464951051399112
advection_diffusion,transformer,correct,606,smooth,final_step,ood,64,0.9038389668835975,0,0,64,100993,
advection_diffusion,transformer,correct,606,smooth,final_step,ood,96,1.0416186117542643,0,0,64,100993,
allen_cahn,fno,coefficient,101,iid,validation_best,test,64,0.00032415025775989204,0,0,64,209985,1.2399184983223677
allen_cahn,fno,coefficient,101,iid,validation_best,test,96,0.00040670507800884736,0,0,64,209985,1.2399184983223677
allen_cahn,fno,coefficient,101,iid,final_step,test,64,0.0002527045556762267,0,0,64,209985,
allen_cahn,fno,coefficient,101,iid,final_step,test,96,0.0003303626972289744,0,0,64,209985,
allen_cahn,fno,coefficient,101,iid,validation_best,ood,64,0.00485626568854014,0,0,64,209985,1.2399184983223677
allen_cahn,fno,coefficient,101,iid,validation_best,ood,96,0.010347238655333971,0,0,64,209985,1.2399184983223677
allen_cahn,fno,coefficient,101,iid,final_step,ood,64,0.0019119933851700632,0,0,64,209985,
allen_cahn,fno,coefficient,101,iid,final_step,ood,96,0.0035325207571609285,0,0,64,209985,
allen_cahn,fno,coefficient,101,none,validation_best,test,64,0.032485818931446586,0,0,64,209985,1.223480491898954
allen_cahn,fno,coefficient,101,none,validation_best,test,96,0.0696108279289251,0,0,64,209985,1.223480491898954
allen_cahn,fno,coefficient,101,none,final_step,test,64,0.032485818931446586,0,0,64,209985,
allen_cahn,fno,coefficient,101,none,final_step,test,96,0.0696108279289251,0,0,64,209985,
allen_cahn,fno,coefficient,101,none,validation_best,ood,64,0.026132592068898675,0,0,64,209985,1.223480491898954
allen_cahn,fno,coefficient,101,none,validation_best,ood,96,0.050085230692991284,0,0,64,209985,1.223480491898954
allen_cahn,fno,coefficient,101,none,final_step,ood,64,0.026132592068898675,0,0,64,209985,
allen_cahn,fno,coefficient,101,none,final_step,ood,96,0.050085230692991284,0,0,64,209985,
allen_cahn,fno,coefficient,101,response_matched,validation_best,test,64,0.00023605970029887124,0,0,64,209985,1.2440794380381703
allen_cahn,fno,coefficient,101,response_matched,validation_best,test,96,0.0003074558893779629,0,0,64,209985,1.2440794380381703
allen_cahn,fno,coefficient,101,response_matched,final_step,test,64,0.00023605970029887124,0,0,64,209985,
allen_cahn,fno,coefficient,101,response_matched,final_step,test,96,0.0003074558893779629,0,0,64,209985,
allen_cahn,fno,coefficient,101,response_matched,validation_best,ood,64,0.0025018805616303097,0,0,64,209985,1.2440794380381703
allen_cahn,fno,coefficient,101,response_matched,validation_best,ood,96,0.005039359904140247,0,0,64,209985,1.2440794380381703
allen_cahn,fno,coefficient,101,response_matched,final_step,ood,64,0.0025018805616303097,0,0,64,209985,
allen_cahn,fno,coefficient,101,response_matched,final_step,ood,96,0.005039359904140247,0,0,64,209985,
allen_cahn,fno,coefficient,101,smooth,validation_best,test,64,0.0005713465210769458,0,0,64,209985,1.2217029463499784
allen_cahn,fno,coefficient,101,smooth,validation_best,test,96,0.0010104317935927718,0,0,64,209985,1.2217029463499784
allen_cahn,fno,coefficient,101,smooth,final_step,test,64,0.0005187133502914804,0,0,64,209985,
allen_cahn,fno,coefficient,101,smooth,final_step,test,96,0.0008735701221946612,0,0,64,209985,
allen_cahn,fno,coefficient,101,smooth,validation_best,ood,64,0.0031674304873074988,0,0,64,209985,1.2217029463499784
allen_cahn,fno,coefficient,101,smooth,validation_best,ood,96,0.0059101557933528195,0,0,64,209985,1.2217029463499784
allen_cahn,fno,coefficient,101,smooth,final_step,ood,64,0.008119685948980493,0,0,64,209985,
allen_cahn,fno,coefficient,101,smooth,final_step,ood,96,0.014892717004488354,0,0,64,209985,
allen_cahn,fno,coefficient,202,iid,validation_best,test,64,0.0003188638820389028,0,0,64,209985,1.2343749403953552
allen_cahn,fno,coefficient,202,iid,validation_best,test,96,0.0005452128245557464,0,0,64,209985,1.2343749403953552
allen_cahn,fno,coefficient,202,iid,final_step,test,64,0.00021242401740230454,0,0,64,209985,
allen_cahn,fno,coefficient,202,iid,final_step,test,96,0.0003212253357634809,0,0,64,209985,
allen_cahn,fno,coefficient,202,iid,validation_best,ood,64,0.0015339514913709773,0,0,64,209985,1.2343749403953552
allen_cahn,fno,coefficient,202,iid,validation_best,ood,96,0.0028803176820629086,0,0,64,209985,1.2343749403953552
allen_cahn,fno,coefficient,202,iid,final_step,ood,64,0.0007995560725721496,0,0,64,209985,
allen_cahn,fno,coefficient,202,iid,final_step,ood,96,0.0013502941512338145,0,0,64,209985,
allen_cahn,fno,coefficient,202,none,validation_best,test,64,0.0028980132154885485,0,0,64,209985,1.240097009576857
allen_cahn,fno,coefficient,202,none,validation_best,test,96,0.004107132473132472,0,0,64,209985,1.240097009576857
allen_cahn,fno,coefficient,202,none,final_step,test,64,0.0028980132154885485,0,0,64,209985,
allen_cahn,fno,coefficient,202,none,final_step,test,96,0.004107132473132472,0,0,64,209985,
allen_cahn,fno,coefficient,202,none,validation_best,ood,64,0.011384109422615057,0,0,64,209985,1.240097009576857
allen_cahn,fno,coefficient,202,none,validation_best,ood,96,0.023068781161977213,0,0,64,209985,1.240097009576857
allen_cahn,fno,coefficient,202,none,final_step,ood,64,0.011384109422615057,0,0,64,209985,
allen_cahn,fno,coefficient,202,none,final_step,ood,96,0.023068781161977213,0,0,64,209985,
allen_cahn,fno,coefficient,202,response_matched,validation_best,test,64,0.00023165093649839957,0,0,64,209985,1.2250595027580857
allen_cahn,fno,coefficient,202,response_matched,validation_best,test,96,0.0003737907158202908,0,0,64,209985,1.2250595027580857
allen_cahn,fno,coefficient,202,response_matched,final_step,test,64,0.00019614380462047026,0,0,64,209985,
allen_cahn,fno,coefficient,202,response_matched,final_step,test,96,0.0003190874014074446,0,0,64,209985,
allen_cahn,fno,coefficient,202,response_matched,validation_best,ood,64,0.0011150195273151309,0,0,64,209985,1.2250595027580857
allen_cahn,fno,coefficient,202,response_matched,validation_best,ood,96,0.00206201910166696,0,0,64,209985,1.2250595027580857
allen_cahn,fno,coefficient,202,response_matched,final_step,ood,64,0.0012551468480969108,0,0,64,209985,
allen_cahn,fno,coefficient,202,response_matched,final_step,ood,96,0.0023239580814725285,0,0,64,209985,
allen_cahn,fno,coefficient,202,smooth,validation_best,test,64,0.0005068686514534682,0,0,64,209985,1.2374769430607557
allen_cahn,fno,coefficient,202,smooth,validation_best,test,96,0.0007747110166752372,0,0,64,209985,1.2374769430607557
allen_cahn,fno,coefficient,202,smooth,final_step,test,64,0.0005068686514534682,0,0,64,209985,
allen_cahn,fno,coefficient,202,smooth,final_step,test,96,0.0007747110166752372,0,0,64,209985,
allen_cahn,fno,coefficient,202,smooth,validation_best,ood,64,0.0019624258065419065,0,0,64,209985,1.2374769430607557
allen_cahn,fno,coefficient,202,smooth,validation_best,ood,96,0.003724213512102337,0,0,64,209985,1.2374769430607557
allen_cahn,fno,coefficient,202,smooth,final_step,ood,64,0.0019624258065419065,0,0,64,209985,
allen_cahn,fno,coefficient,202,smooth,final_step,ood,96,0.003724213512102337,0,0,64,209985,
allen_cahn,fno,coefficient,303,iid,validation_best,test,64,0.0006835692378465985,0,0,64,209985,1.2368819443508983
allen_cahn,fno,coefficient,303,iid,validation_best,test,96,0.0008654955768155338,0,0,64,209985,1.2368819443508983
allen_cahn,fno,coefficient,303,iid,final_step,test,64,0.00044920978689021174,0,0,64,209985,
allen_cahn,fno,coefficient,303,iid,final_step,test,96,0.000503737158329178,0,0,64,209985,
allen_cahn,fno,coefficient,303,iid,validation_best,ood,64,0.005652074246604855,0,0,64,209985,1.2368819443508983
allen_cahn,fno,coefficient,303,iid,validation_best,ood,96,0.011184538957877521,0,0,64,209985,1.2368819443508983
allen_cahn,fno,coefficient,303,iid,final_step,ood,64,0.004042199938126934,0,0,64,209985,
allen_cahn,fno,coefficient,303,iid,final_step,ood,96,0.007923942785235486,0,0,64,209985,
allen_cahn,fno,coefficient,303,none,validation_best,test,64,0.025367415122575274,0,0,64,209985,1.2589224614202976
allen_cahn,fno,coefficient,303,none,validation_best,test,96,0.07092242826184839,0,0,64,209985,1.2589224614202976
allen_cahn,fno,coefficient,303,none,final_step,test,64,0.025367415122575274,0,0,64,209985,
allen_cahn,fno,coefficient,303,none,final_step,test,96,0.07092242826184839,0,0,64,209985,
allen_cahn,fno,coefficient,303,none,validation_best,ood,64,0.03366732117420919,0,0,64,209985,1.2589224614202976
allen_cahn,fno,coefficient,303,none,validation_best,ood,96,0.0791833560425173,0,0,64,209985,1.2589224614202976
allen_cahn,fno,coefficient,303,none,final_step,ood,64,0.03366732117420919,0,0,64,209985,
allen_cahn,fno,coefficient,303,none,final_step,ood,96,0.0791833560425173,0,0,64,209985,
allen_cahn,fno,coefficient,303,response_matched,validation_best,test,64,0.0004241948648560784,0,0,64,209985,1.2372714467346668
allen_cahn,fno,coefficient,303,response_matched,validation_best,test,96,0.0005067627804539269,0,0,64,209985,1.2372714467346668
allen_cahn,fno,coefficient,303,response_matched,final_step,test,64,0.0004925585258545445,0,0,64,209985,
allen_cahn,fno,coefficient,303,response_matched,final_step,test,96,0.0005774187986466544,0,0,64,209985,
allen_cahn,fno,coefficient,303,response_matched,validation_best,ood,64,0.002061906878716574,0,0,64,209985,1.2372714467346668
allen_cahn,fno,coefficient,303,response_matched,validation_best,ood,96,0.003800924335077338,0,0,64,209985,1.2372714467346668
allen_cahn,fno,coefficient,303,response_matched,final_step,ood,64,0.001924549082278626,0,0,64,209985,
allen_cahn,fno,coefficient,303,response_matched,final_step,ood,96,0.003654162430196783,0,0,64,209985,
allen_cahn,fno,coefficient,303,smooth,validation_best,test,64,0.0009225220372554715,0,0,64,209985,1.2602389557287097
allen_cahn,fno,coefficient,303,smooth,validation_best,test,96,0.0012810091078884294,0,0,64,209985,1.2602389557287097
allen_cahn,fno,coefficient,303,smooth,final_step,test,64,0.0009230818409683567,0,0,64,209985,
allen_cahn,fno,coefficient,303,smooth,final_step,test,96,0.0012678504447824388,0,0,64,209985,
allen_cahn,fno,coefficient,303,smooth,validation_best,ood,64,0.0026620849552017045,0,0,64,209985,1.2602389557287097
allen_cahn,fno,coefficient,303,smooth,validation_best,ood,96,0.0040202692463423935,0,0,64,209985,1.2602389557287097
allen_cahn,fno,coefficient,303,smooth,final_step,ood,64,0.005946904328037128,0,0,64,209985,
allen_cahn,fno,coefficient,303,smooth,final_step,ood,96,0.011104464858862073,0,0,64,209985,
allen_cahn,fno,coefficient,404,iid,validation_best,test,64,0.00016383462735897886,0,0,64,209985,1.2229364598169923
allen_cahn,fno,coefficient,404,iid,validation_best,test,96,0.00022568349773999705,0,0,64,209985,1.2229364598169923
allen_cahn,fno,coefficient,404,iid,final_step,test,64,0.00015333616124678373,0,0,64,209985,
allen_cahn,fno,coefficient,404,iid,final_step,test,96,0.0002084566939291691,0,0,64,209985,
allen_cahn,fno,coefficient,404,iid,validation_best,ood,64,0.00207533054811182,0,0,64,209985,1.2229364598169923
allen_cahn,fno,coefficient,404,iid,validation_best,ood,96,0.0037579413778859507,0,0,64,209985,1.2229364598169923
allen_cahn,fno,coefficient,404,iid,final_step,ood,64,0.003776769066569652,0,0,64,209985,
allen_cahn,fno,coefficient,404,iid,final_step,ood,96,0.007573373989805102,0,0,64,209985,
allen_cahn,fno,coefficient,404,none,validation_best,test,64,0.0033877178395944132,0,0,64,209985,1.2453284347429872
allen_cahn,fno,coefficient,404,none,validation_best,test,96,0.004720825152328491,0,0,64,209985,1.2453284347429872
allen_cahn,fno,coefficient,404,none,final_step,test,64,0.0033877178395944132,0,0,64,209985,
allen_cahn,fno,coefficient,404,none,final_step,test,96,0.004720825152328491,0,0,64,209985,
allen_cahn,fno,coefficient,404,none,validation_best,ood,64,0.010163052347241935,0,0,64,209985,1.2453284347429872
allen_cahn,fno,coefficient,404,none,validation_best,ood,96,0.021959166733772646,0,0,64,209985,1.2453284347429872
allen_cahn,fno,coefficient,404,none,final_step,ood,64,0.010163052347241935,0,0,64,209985,
allen_cahn,fno,coefficient,404,none,final_step,ood,96,0.021959166733772646,0,0,64,209985,
allen_cahn,fno,coefficient,404,response_matched,validation_best,test,64,0.00015338446993461152,0,0,64,209985,1.2453234987333417
allen_cahn,fno,coefficient,404,response_matched,validation_best,test,96,0.0002223125339542072,0,0,64,209985,1.2453234987333417
allen_cahn,fno,coefficient,404,response_matched,final_step,test,64,0.00011211819037056092,0,0,64,209985,
allen_cahn,fno,coefficient,404,response_matched,final_step,test,96,0.0001484088657427533,0,0,64,209985,
allen_cahn,fno,coefficient,404,response_matched,validation_best,ood,64,0.0015509246907626784,0,0,64,209985,1.2453234987333417
allen_cahn,fno,coefficient,404,response_matched,validation_best,ood,96,0.00289006038978908,0,0,64,209985,1.2453234987333417
allen_cahn,fno,coefficient,404,response_matched,final_step,ood,64,0.0017137807149055773,0,0,64,209985,
allen_cahn,fno,coefficient,404,response_matched,final_step,ood,96,0.003350472030422269,0,0,64,209985,
allen_cahn,fno,coefficient,404,smooth,validation_best,test,64,0.00040587572076529466,0,0,64,209985,1.2647539377212524
allen_cahn,fno,coefficient,404,smooth,validation_best,test,96,0.0007045129547284812,0,0,64,209985,1.2647539377212524
allen_cahn,fno,coefficient,404,smooth,final_step,test,64,0.0004703507937593304,0,0,64,209985,
allen_cahn,fno,coefficient,404,smooth,final_step,test,96,0.00077493945787487,0,0,64,209985,
allen_cahn,fno,coefficient,404,smooth,validation_best,ood,64,0.0018479460848291884,0,0,64,209985,1.2647539377212524
allen_cahn,fno,coefficient,404,smooth,validation_best,ood,96,0.003665054785580546,0,0,64,209985,1.2647539377212524
allen_cahn,fno,coefficient,404,smooth,final_step,ood,64,0.002009781294719959,0,0,64,209985,
allen_cahn,fno,coefficient,404,smooth,final_step,ood,96,0.004067327972215207,0,0,64,209985,
allen_cahn,fno,coefficient,505,iid,validation_best,test,64,0.0007258129585489964,0,0,64,209985,1.312537444755435
allen_cahn,fno,coefficient,505,iid,validation_best,test,96,0.000802406977256818,0,0,64,209985,1.312537444755435
allen_cahn,fno,coefficient,505,iid,final_step,test,64,0.0007810153707353551,0,0,64,209985,
allen_cahn,fno,coefficient,505,iid,final_step,test,96,0.0010930262783241755,0,0,64,209985,
allen_cahn,fno,coefficient,505,iid,validation_best,ood,64,0.0023562511773888017,0,0,64,209985,1.312537444755435
allen_cahn,fno,coefficient,505,iid,validation_best,ood,96,0.004164877679277312,0,0,64,209985,1.312537444755435
allen_cahn,fno,coefficient,505,iid,final_step,ood,64,0.0028443121187299303,0,0,64,209985,
allen_cahn,fno,coefficient,505,iid,final_step,ood,96,0.005149499318182278,0,0,64,209985,
allen_cahn,fno,coefficient,505,none,validation_best,test,64,0.019770857169939732,0,0,64,209985,1.240341947413981
allen_cahn,fno,coefficient,505,none,validation_best,test,96,0.04132386038528678,0,0,64,209985,1.240341947413981
allen_cahn,fno,coefficient,505,none,final_step,test,64,0.02916291734072017,0,0,64,209985,
allen_cahn,fno,coefficient,505,none,final_step,test,96,0.06454662647903338,0,0,64,209985,
allen_cahn,fno,coefficient,505,none,validation_best,ood,64,0.02802797434616032,0,0,64,209985,1.240341947413981
allen_cahn,fno,coefficient,505,none,validation_best,ood,96,0.06863142068746778,0,0,64,209985,1.240341947413981
allen_cahn,fno,coefficient,505,none,final_step,ood,64,0.1641239286536479,0,0,64,209985,
allen_cahn,fno,coefficient,505,none,final_step,ood,96,0.34729987067049445,0,0,64,209985,
allen_cahn,fno,coefficient,505,response_matched,validation_best,test,64,0.0002259661058886253,0,0,64,209985,1.2652284931391478
allen_cahn,fno,coefficient,505,response_matched,validation_best,test,96,0.0003174771910427846,0,0,64,209985,1.2652284931391478
allen_cahn,fno,coefficient,505,response_matched,final_step,test,64,0.0004171423366422372,0,0,64,209985,
allen_cahn,fno,coefficient,505,response_matched,final_step,test,96,0.0006721425112071282,0,0,64,209985,
allen_cahn,fno,coefficient,505,response_matched,validation_best,ood,64,0.0040777208072229065,0,0,64,209985,1.2652284931391478
allen_cahn,fno,coefficient,505,response_matched,validation_best,ood,96,0.008240860439641118,0,0,64,209985,1.2652284931391478
allen_cahn,fno,coefficient,505,response_matched,final_step,ood,64,0.002801517755019689,0,0,64,209985,
allen_cahn,fno,coefficient,505,response_matched,final_step,ood,96,0.005380862101751556,0,0,64,209985,
allen_cahn,fno,coefficient,505,smooth,validation_best,test,64,0.0004917358423667181,0,0,64,209985,1.267828932031989
allen_cahn,fno,coefficient,505,smooth,validation_best,test,96,0.0008568798531171419,0,0,64,209985,1.267828932031989
allen_cahn,fno,coefficient,505,smooth,final_step,test,64,0.0005148609903948831,0,0,64,209985,
allen_cahn,fno,coefficient,505,smooth,final_step,test,96,0.0008656736701982599,0,0,64,209985,
allen_cahn,fno,coefficient,505,smooth,validation_best,ood,64,0.005314268984434156,0,0,64,209985,1.267828932031989
allen_cahn,fno,coefficient,505,smooth,validation_best,ood,96,0.010430436975648088,0,0,64,209985,1.267828932031989
allen_cahn,fno,coefficient,505,smooth,final_step,ood,64,0.003962754086603348,0,0,64,209985,
allen_cahn,fno,coefficient,505,smooth,final_step,ood,96,0.007784126265507359,0,0,64,209985,
allen_cahn,fno,coefficient,606,iid,validation_best,test,64,0.00032326397475887503,0,0,64,209985,1.2437854427844286
allen_cahn,fno,coefficient,606,iid,validation_best,test,96,0.0004674627336406408,0,0,64,209985,1.2437854427844286
allen_cahn,fno,coefficient,606,iid,final_step,test,64,0.0004574187611392777,0,0,64,209985,
allen_cahn,fno,coefficient,606,iid,final_step,test,96,0.0007355630109615781,0,0,64,209985,
allen_cahn,fno,coefficient,606,iid,validation_best,ood,64,0.004513418207309938,0,0,64,209985,1.2437854427844286
allen_cahn,fno,coefficient,606,iid,validation_best,ood,96,0.009246679227968513,0,0,64,209985,1.2437854427844286
allen_cahn,fno,coefficient,606,iid,final_step,ood,64,0.006008268480787005,0,0,64,209985,
allen_cahn,fno,coefficient,606,iid,final_step,ood,96,0.012688943258052844,0,0,64,209985,
allen_cahn,fno,coefficient,606,none,validation_best,test,64,0.016931029838813304,0,0,64,209985,1.2622904498130083
allen_cahn,fno,coefficient,606,none,validation_best,test,96,0.034236518997155456,0,0,64,209985,1.2622904498130083
allen_cahn,fno,coefficient,606,none,final_step,test,64,0.016931029838813304,0,0,64,209985,
allen_cahn,fno,coefficient,606,none,final_step,test,96,0.034236518997155456,0,0,64,209985,
allen_cahn,fno,coefficient,606,none,validation_best,ood,64,0.06641720882697569,0,0,64,209985,1.2622904498130083
allen_cahn,fno,coefficient,606,none,validation_best,ood,96,0.15554585162571222,0,0,64,209985,1.2622904498130083
allen_cahn,fno,coefficient,606,none,final_step,ood,64,0.06641720882697569,0,0,64,209985,
allen_cahn,fno,coefficient,606,none,final_step,ood,96,0.15554585162571222,0,0,64,209985,
allen_cahn,fno,coefficient,606,response_matched,validation_best,test,64,0.00041600697657462327,0,0,64,209985,1.2419649632647634
allen_cahn,fno,coefficient,606,response_matched,validation_best,test,96,0.0005743161000562047,0,0,64,209985,1.2419649632647634
allen_cahn,fno,coefficient,606,response_matched,final_step,test,64,0.00041600697657462327,0,0,64,209985,
allen_cahn,fno,coefficient,606,response_matched,final_step,test,96,0.0005743161000562047,0,0,64,209985,
allen_cahn,fno,coefficient,606,response_matched,validation_best,ood,64,0.005846296550834462,0,0,64,209985,1.2419649632647634
allen_cahn,fno,coefficient,606,response_matched,validation_best,ood,96,0.012099459813085689,0,0,64,209985,1.2419649632647634
allen_cahn,fno,coefficient,606,response_matched,final_step,ood,64,0.005846296550834462,0,0,64,209985,
allen_cahn,fno,coefficient,606,response_matched,final_step,ood,96,0.012099459813085689,0,0,64,209985,
allen_cahn,fno,coefficient,606,smooth,validation_best,test,64,0.0006088361750498233,0,0,64,209985,1.244181441143155
allen_cahn,fno,coefficient,606,smooth,validation_best,test,96,0.0008910376080984718,0,0,64,209985,1.244181441143155
allen_cahn,fno,coefficient,606,smooth,final_step,test,64,0.000819119869664181,0,0,64,209985,
allen_cahn,fno,coefficient,606,smooth,final_step,test,96,0.001234257117038266,0,0,64,209985,
allen_cahn,fno,coefficient,606,smooth,validation_best,ood,64,0.011589338954264172,0,0,64,209985,1.244181441143155
allen_cahn,fno,coefficient,606,smooth,validation_best,ood,96,0.023712727899586634,0,0,64,209985,1.244181441143155
allen_cahn,fno,coefficient,606,smooth,final_step,ood,64,0.022549620139609483,0,0,64,209985,
allen_cahn,fno,coefficient,606,smooth,final_step,ood,96,0.04648279500016087,0,0,64,209985,
allen_cahn,fno,correct,101,iid,validation_best,test,64,0.0003900386728358102,0,0,64,209985,1.271737995557487
allen_cahn,fno,correct,101,iid,validation_best,test,96,0.0006051151201911151,0,0,64,209985,1.271737995557487
allen_cahn,fno,correct,101,iid,final_step,test,64,0.0003900386728358102,0,0,64,209985,
allen_cahn,fno,correct,101,iid,final_step,test,96,0.0006051151201911151,0,0,64,209985,
allen_cahn,fno,correct,101,iid,validation_best,ood,64,0.006604540667156655,0,0,64,209985,1.271737995557487
allen_cahn,fno,correct,101,iid,validation_best,ood,96,0.014273354541748754,0,0,64,209985,1.271737995557487
allen_cahn,fno,correct,101,iid,final_step,ood,64,0.006604540667156655,0,0,64,209985,
allen_cahn,fno,correct,101,iid,final_step,ood,96,0.014273354541748754,0,0,64,209985,
allen_cahn,fno,correct,101,none,validation_best,test,64,0.03248215783066136,0,0,64,209985,1.2836199486628175
allen_cahn,fno,correct,101,none,validation_best,test,96,0.0696085165180905,0,0,64,209985,1.2836199486628175
allen_cahn,fno,correct,101,none,final_step,test,64,0.03248215783066136,0,0,64,209985,
allen_cahn,fno,correct,101,none,final_step,test,96,0.0696085165180905,0,0,64,209985,
allen_cahn,fno,correct,101,none,validation_best,ood,64,0.026266629336275077,0,0,64,209985,1.2836199486628175
allen_cahn,fno,correct,101,none,validation_best,ood,96,0.05037547054338977,0,0,64,209985,1.2836199486628175
allen_cahn,fno,correct,101,none,final_step,ood,64,0.026266629336275077,0,0,64,209985,
allen_cahn,fno,correct,101,none,final_step,ood,96,0.05037547054338977,0,0,64,209985,
allen_cahn,fno,correct,101,response_matched,validation_best,test,64,0.00016648671441101687,0,0,64,209985,1.2791210087016225
allen_cahn,fno,correct,101,response_matched,validation_best,test,96,0.0002467230877862963,0,0,64,209985,1.2791210087016225
allen_cahn,fno,correct,101,response_matched,final_step,test,64,0.00016648671441101687,0,0,64,209985,
allen_cahn,fno,correct,101,response_matched,final_step,test,96,0.0002467230877862963,0,0,64,209985,
allen_cahn,fno,correct,101,response_matched,validation_best,ood,64,0.005885765402120713,0,0,64,209985,1.2791210087016225
allen_cahn,fno,correct,101,response_matched,validation_best,ood,96,0.012466884888175192,0,0,64,209985,1.2791210087016225
allen_cahn,fno,correct,101,response_matched,final_step,ood,64,0.005885765402120713,0,0,64,209985,
allen_cahn,fno,correct,101,response_matched,final_step,ood,96,0.012466884888175192,0,0,64,209985,
allen_cahn,fno,correct,101,smooth,validation_best,test,64,0.00046727357495100763,0,0,64,209985,1.2750174617394805
allen_cahn,fno,correct,101,smooth,validation_best,test,96,0.0006881616517448915,0,0,64,209985,1.2750174617394805
allen_cahn,fno,correct,101,smooth,final_step,test,64,0.00046727357495100763,0,0,64,209985,
allen_cahn,fno,correct,101,smooth,final_step,test,96,0.0006881616517448915,0,0,64,209985,
allen_cahn,fno,correct,101,smooth,validation_best,ood,64,0.001560157236324411,0,0,64,209985,1.2750174617394805
allen_cahn,fno,correct,101,smooth,validation_best,ood,96,0.0027703542116895483,0,0,64,209985,1.2750174617394805
allen_cahn,fno,correct,101,smooth,final_step,ood,64,0.001560157236324411,0,0,64,209985,
allen_cahn,fno,correct,101,smooth,final_step,ood,96,0.0027703542116895483,0,0,64,209985,
allen_cahn,fno,correct,202,iid,validation_best,test,64,0.00011201345539337687,0,0,64,209985,1.2936909915879369
allen_cahn,fno,correct,202,iid,validation_best,test,96,0.00015000760186935358,0,0,64,209985,1.2936909915879369
allen_cahn,fno,correct,202,iid,final_step,test,64,0.00012287136127752882,0,0,64,209985,
allen_cahn,fno,correct,202,iid,final_step,test,96,0.00015090603103532635,0,0,64,209985,
allen_cahn,fno,correct,202,iid,validation_best,ood,64,0.004836015120258552,0,0,64,209985,1.2936909915879369
allen_cahn,fno,correct,202,iid,validation_best,ood,96,0.010299574067770711,0,0,64,209985,1.2936909915879369
allen_cahn,fno,correct,202,iid,final_step,ood,64,0.005339420522357252,0,0,64,209985,
allen_cahn,fno,correct,202,iid,final_step,ood,96,0.011358469791737269,0,0,64,209985,
allen_cahn,fno,correct,202,none,validation_best,test,64,0.0028443063104583236,0,0,64,209985,1.279724482446909
allen_cahn,fno,correct,202,none,validation_best,test,96,0.004019011441239751,0,0,64,209985,1.279724482446909
allen_cahn,fno,correct,202,none,final_step,test,64,0.0028443063104583236,0,0,64,209985,
allen_cahn,fno,correct,202,none,final_step,test,96,0.004019011441239751,0,0,64,209985,
allen_cahn,fno,correct,202,none,validation_best,ood,64,0.011043449482804946,0,0,64,209985,1.279724482446909
allen_cahn,fno,correct,202,none,validation_best,ood,96,0.022436083520521843,0,0,64,209985,1.279724482446909
allen_cahn,fno,correct,202,none,final_step,ood,64,0.011043449482804946,0,0,64,209985,
allen_cahn,fno,correct,202,none,final_step,ood,96,0.022436083520521843,0,0,64,209985,
allen_cahn,fno,correct,202,response_matched,validation_best,test,64,8.441944097302596e-05,0,0,64,209985,1.2932329438626766
allen_cahn,fno,correct,202,response_matched,validation_best,test,96,0.00010713774417413802,0,0,64,209985,1.2932329438626766
allen_cahn,fno,correct,202,response_matched,final_step,test,64,0.0001532341736882603,0,0,64,209985,
allen_cahn,fno,correct,202,response_matched,final_step,test,96,0.00024789212216282574,0,0,64,209985,
allen_cahn,fno,correct,202,response_matched,validation_best,ood,64,0.006606058651698277,0,0,64,209985,1.2932329438626766
allen_cahn,fno,correct,202,response_matched,validation_best,ood,96,0.013769275458969332,0,0,64,209985,1.2932329438626766
allen_cahn,fno,correct,202,response_matched,final_step,ood,64,0.004468158837618974,0,0,64,209985,
allen_cahn,fno,correct,202,response_matched,final_step,ood,96,0.009159466652918299,0,0,64,209985,
allen_cahn,fno,correct,202,smooth,validation_best,test,64,0.00025914016803296747,0,0,64,209985,1.2423444539308548
allen_cahn,fno,correct,202,smooth,validation_best,test,96,0.00035580997323325647,0,0,64,209985,1.2423444539308548
allen_cahn,fno,correct,202,smooth,final_step,test,64,0.0003135683356842167,0,0,64,209985,
allen_cahn,fno,correct,202,smooth,final_step,test,96,0.0004410792258874862,0,0,64,209985,
allen_cahn,fno,correct,202,smooth,validation_best,ood,64,0.0018604685825258371,0,0,64,209985,1.2423444539308548
allen_cahn,fno,correct,202,smooth,validation_best,ood,96,0.0036706210382091986,0,0,64,209985,1.2423444539308548
allen_cahn,fno,correct,202,smooth,final_step,ood,64,0.002262916309978824,0,0,64,209985,
allen_cahn,fno,correct,202,smooth,final_step,ood,96,0.0045159595290832355,0,0,64,209985,
allen_cahn,fno,correct,303,iid,validation_best,test,64,0.0006292417274751314,0,0,64,209985,1.2413899647071958
allen_cahn,fno,correct,303,iid,validation_best,test,96,0.0007723119363363072,0,0,64,209985,1.2413899647071958
allen_cahn,fno,correct,303,iid,final_step,test,64,0.0006292417274751314,0,0,64,209985,
allen_cahn,fno,correct,303,iid,final_step,test,96,0.0007723119363363072,0,0,64,209985,
allen_cahn,fno,correct,303,iid,validation_best,ood,64,0.001129093526279712,0,0,64,209985,1.2413899647071958
allen_cahn,fno,correct,303,iid,validation_best,ood,96,0.0019187695878427613,0,0,64,209985,1.2413899647071958
allen_cahn,fno,correct,303,iid,final_step,ood,64,0.001129093526279712,0,0,64,209985,
allen_cahn,fno,correct,303,iid,final_step,ood,96,0.0019187695878427613,0,0,64,209985,
allen_cahn,fno,correct,303,none,validation_best,test,64,0.02594149958063144,0,0,64,209985,1.2449075002223253
allen_cahn,fno,correct,303,none,validation_best,test,96,0.07359545463288396,0,0,64,209985,1.2449075002223253
allen_cahn,fno,correct,303,none,final_step,test,64,0.02594149958063144,0,0,64,209985,
allen_cahn,fno,correct,303,none,final_step,test,96,0.07359545463288396,0,0,64,209985,
allen_cahn,fno,correct,303,none,validation_best,ood,64,0.03302428079405875,0,0,64,209985,1.2449075002223253
allen_cahn,fno,correct,303,none,validation_best,ood,96,0.0774986119231515,0,0,64,209985,1.2449075002223253
allen_cahn,fno,correct,303,none,final_step,ood,64,0.03302428079405875,0,0,64,209985,
allen_cahn,fno,correct,303,none,final_step,ood,96,0.0774986119231515,0,0,64,209985,
allen_cahn,fno,correct,303,response_matched,validation_best,test,64,0.00039035659724772145,0,0,64,209985,1.2417660094797611
allen_cahn,fno,correct,303,response_matched,validation_best,test,96,0.0005168413525834085,0,0,64,209985,1.2417660094797611
allen_cahn,fno,correct,303,response_matched,final_step,test,64,0.00039035659724772145,0,0,64,209985,
allen_cahn,fno,correct,303,response_matched,final_step,test,96,0.0005168413525834085,0,0,64,209985,
allen_cahn,fno,correct,303,response_matched,validation_best,ood,64,0.0016530317853597487,0,0,64,209985,1.2417660094797611
allen_cahn,fno,correct,303,response_matched,validation_best,ood,96,0.0031642958889271933,0,0,64,209985,1.2417660094797611
allen_cahn,fno,correct,303,response_matched,final_step,ood,64,0.0016530317853597487,0,0,64,209985,
allen_cahn,fno,correct,303,response_matched,final_step,ood,96,0.0031642958889271933,0,0,64,209985,
allen_cahn,fno,correct,303,smooth,validation_best,test,64,0.0007616466997105581,0,0,64,209985,1.2414774391800165
allen_cahn,fno,correct,303,smooth,validation_best,test,96,0.0009334187136982954,0,0,64,209985,1.2414774391800165
allen_cahn,fno,correct,303,smooth,final_step,test,64,0.0007616466997105581,0,0,64,209985,
allen_cahn,fno,correct,303,smooth,final_step,test,96,0.0009334187136982954,0,0,64,209985,
allen_cahn,fno,correct,303,smooth,validation_best,ood,64,0.002140470407507533,0,0,64,209985,1.2414774391800165
allen_cahn,fno,correct,303,smooth,validation_best,ood,96,0.0039522503205400294,0,0,64,209985,1.2414774391800165
allen_cahn,fno,correct,303,smooth,final_step,ood,64,0.002140470407507533,0,0,64,209985,
allen_cahn,fno,correct,303,smooth,final_step,ood,96,0.0039522503205400294,0,0,64,209985,
allen_cahn,fno,correct,404,iid,validation_best,test,64,0.00013278109642858582,0,0,64,209985,1.2458569603040814
allen_cahn,fno,correct,404,iid,validation_best,test,96,0.0001953660775939059,0,0,64,209985,1.2458569603040814
allen_cahn,fno,correct,404,iid,final_step,test,64,0.0002353848995549218,0,0,64,209985,
allen_cahn,fno,correct,404,iid,final_step,test,96,0.00042082306388560586,0,0,64,209985,
allen_cahn,fno,correct,404,iid,validation_best,ood,64,0.005000618283993341,0,0,64,209985,1.2458569603040814
allen_cahn,fno,correct,404,iid,validation_best,ood,96,0.009972398632749718,0,0,64,209985,1.2458569603040814
allen_cahn,fno,correct,404,iid,final_step,ood,64,0.006007223541654616,0,0,64,209985,
allen_cahn,fno,correct,404,iid,final_step,ood,96,0.012058080126249463,0,0,64,209985,
allen_cahn,fno,correct,404,none,validation_best,test,64,0.00341957245884468,0,0,64,209985,1.2670169584453106
allen_cahn,fno,correct,404,none,validation_best,test,96,0.0047669217134628334,0,0,64,209985,1.2670169584453106
allen_cahn,fno,correct,404,none,final_step,test,64,0.00341957245884468,0,0,64,209985,
allen_cahn,fno,correct,404,none,final_step,test,96,0.0047669217134628334,0,0,64,209985,
allen_cahn,fno,correct,404,none,validation_best,ood,64,0.01022058080004229,0,0,64,209985,1.2670169584453106
allen_cahn,fno,correct,404,none,validation_best,ood,96,0.022069269497263806,0,0,64,209985,1.2670169584453106
allen_cahn,fno,correct,404,none,final_step,ood,64,0.01022058080004229,0,0,64,209985,
allen_cahn,fno,correct,404,none,final_step,ood,96,0.022069269497263806,0,0,64,209985,
allen_cahn,fno,correct,404,response_matched,validation_best,test,64,0.0001141916963151475,0,0,64,209985,1.2394239660352468
allen_cahn,fno,correct,404,response_matched,validation_best,test,96,0.00015781679722362782,0,0,64,209985,1.2394239660352468
allen_cahn,fno,correct,404,response_matched,final_step,test,64,0.00013378973923050194,0,0,64,209985,
allen_cahn,fno,correct,404,response_matched,final_step,test,96,0.0002193519872415427,0,0,64,209985,
allen_cahn,fno,correct,404,response_matched,validation_best,ood,64,0.0018057322595186331,0,0,64,209985,1.2394239660352468
allen_cahn,fno,correct,404,response_matched,validation_best,ood,96,0.0033646031491317467,0,0,64,209985,1.2394239660352468
allen_cahn,fno,correct,404,response_matched,final_step,ood,64,0.0008199156082996373,0,0,64,209985,
allen_cahn,fno,correct,404,response_matched,final_step,ood,96,0.001398480547717999,0,0,64,209985,
allen_cahn,fno,correct,404,smooth,validation_best,test,64,0.00041728876833550116,0,0,64,209985,1.2466750107705593
allen_cahn,fno,correct,404,smooth,validation_best,test,96,0.000661011574301193,0,0,64,209985,1.2466750107705593
allen_cahn,fno,correct,404,smooth,final_step,test,64,0.00039062333497226487,0,0,64,209985,
allen_cahn,fno,correct,404,smooth,final_step,test,96,0.0005954374546705832,0,0,64,209985,
allen_cahn,fno,correct,404,smooth,validation_best,ood,64,0.0019658782456319635,0,0,64,209985,1.2466750107705593
allen_cahn,fno,correct,404,smooth,validation_best,ood,96,0.003658195706291759,0,0,64,209985,1.2466750107705593
allen_cahn,fno,correct,404,smooth,final_step,ood,64,0.0015202836820854548,0,0,64,209985,
allen_cahn,fno,correct,404,smooth,final_step,ood,96,0.0026561872863235525,0,0,64,209985,
allen_cahn,fno,correct,505,iid,validation_best,test,64,0.0030545876256995036,0,0,64,209985,1.2386519461870193
allen_cahn,fno,correct,505,iid,validation_best,test,96,0.005519855023762038,0,0,64,209985,1.2386519461870193
allen_cahn,fno,correct,505,iid,final_step,test,64,0.0027446307234008233,0,0,64,209985,
allen_cahn,fno,correct,505,iid,final_step,test,96,0.004931532014983725,0,0,64,209985,
allen_cahn,fno,correct,505,iid,validation_best,ood,64,0.0010323265795849634,0,0,64,209985,1.2386519461870193
allen_cahn,fno,correct,505,iid,validation_best,ood,96,0.0014631888955574102,0,0,64,209985,1.2386519461870193
allen_cahn,fno,correct,505,iid,final_step,ood,64,0.0011145110520830448,0,0,64,209985,
allen_cahn,fno,correct,505,iid,final_step,ood,96,0.0017200015347837991,0,0,64,209985,
allen_cahn,fno,correct,505,none,validation_best,test,64,0.019814408846710457,0,0,64,209985,1.2402000138536096
allen_cahn,fno,correct,505,none,validation_best,test,96,0.04133689739097511,0,0,64,209985,1.2402000138536096
allen_cahn,fno,correct,505,none,final_step,test,64,0.028992689850336817,0,0,64,209985,
allen_cahn,fno,correct,505,none,final_step,test,96,0.06409756727593871,0,0,64,209985,
allen_cahn,fno,correct,505,none,validation_best,ood,64,0.028105836474963605,0,0,64,209985,1.2402000138536096
allen_cahn,fno,correct,505,none,validation_best,ood,96,0.06867178666756948,0,0,64,209985,1.2402000138536096
allen_cahn,fno,correct,505,none,final_step,ood,64,0.1633152614593878,0,0,64,209985,
allen_cahn,fno,correct,505,none,final_step,ood,96,0.3455638559946689,0,0,64,209985,
allen_cahn,fno,correct,505,response_matched,validation_best,test,64,0.00037995184926033904,0,0,64,209985,1.5183639945462346
allen_cahn,fno,correct,505,response_matched,validation_best,test,96,0.000498080026257892,0,0,64,209985,1.5183639945462346
allen_cahn,fno,correct,505,response_matched,final_step,test,64,0.0003850565951265539,0,0,64,209985,
allen_cahn,fno,correct,505,response_matched,final_step,test,96,0.0004504089188877014,0,0,64,209985,
allen_cahn,fno,correct,505,response_matched,validation_best,ood,64,0.0011100063341621391,0,0,64,209985,1.5183639945462346
allen_cahn,fno,correct,505,response_matched,validation_best,ood,96,0.0020030843896396977,0,0,64,209985,1.5183639945462346
allen_cahn,fno,correct,505,response_matched,final_step,ood,64,0.0008225547868238037,0,0,64,209985,
allen_cahn,fno,correct,505,response_matched,final_step,ood,96,0.0013924300549466029,0,0,64,209985,
allen_cahn,fno,correct,505,smooth,validation_best,test,64,0.00038648172625666,0,0,64,209985,1.2648219475522637
allen_cahn,fno,correct,505,smooth,validation_best,test,96,0.00057877514679013,0,0,64,209985,1.2648219475522637
allen_cahn,fno,correct,505,smooth,final_step,test,64,0.00032580476024023086,0,0,64,209985,
allen_cahn,fno,correct,505,smooth,final_step,test,96,0.0004886229769402912,0,0,64,209985,
allen_cahn,fno,correct,505,smooth,validation_best,ood,64,0.0021971775413530126,0,0,64,209985,1.2648219475522637
allen_cahn,fno,correct,505,smooth,validation_best,ood,96,0.004092831709815706,0,0,64,209985,1.2648219475522637
allen_cahn,fno,correct,505,smooth,final_step,ood,64,0.0016066362755106367,0,0,64,209985,
allen_cahn,fno,correct,505,smooth,final_step,ood,96,0.0029770376098569584,0,0,64,209985,
allen_cahn,fno,correct,606,iid,validation_best,test,64,0.0002830163857405754,0,0,64,209985,1.239862502552569
allen_cahn,fno,correct,606,iid,validation_best,test,96,0.00041939536023383184,0,0,64,209985,1.239862502552569
allen_cahn,fno,correct,606,iid,final_step,test,64,0.0003377599767698178,0,0,64,209985,
allen_cahn,fno,correct,606,iid,final_step,test,96,0.000529785491917692,0,0,64,209985,
allen_cahn,fno,correct,606,iid,validation_best,ood,64,0.0035697214094813634,0,0,64,209985,1.239862502552569
allen_cahn,fno,correct,606,iid,validation_best,ood,96,0.007432292469571888,0,0,64,209985,1.239862502552569
allen_cahn,fno,correct,606,iid,final_step,ood,64,0.0022884471422643105,0,0,64,209985,
allen_cahn,fno,correct,606,iid,final_step,ood,96,0.0044955546076494435,0,0,64,209985,
allen_cahn,fno,correct,606,none,validation_best,test,64,0.01698526044031934,0,0,64,209985,1.2333905091509223
allen_cahn,fno,correct,606,none,validation_best,test,96,0.03413924891475354,0,0,64,209985,1.2333905091509223
allen_cahn,fno,correct,606,none,final_step,test,64,0.01698526044031934,0,0,64,209985,
allen_cahn,fno,correct,606,none,final_step,test,96,0.03413924891475354,0,0,64,209985,
allen_cahn,fno,correct,606,none,validation_best,ood,64,0.06704283712732684,0,0,64,209985,1.2333905091509223
allen_cahn,fno,correct,606,none,validation_best,ood,96,0.15665013848082915,0,0,64,209985,1.2333905091509223
allen_cahn,fno,correct,606,none,final_step,ood,64,0.06704283712732684,0,0,64,209985,
allen_cahn,fno,correct,606,none,final_step,ood,96,0.15665013848082915,0,0,64,209985,
allen_cahn,fno,correct,606,response_matched,validation_best,test,64,0.00014013884417009292,0,0,64,209985,1.2415124336257577
allen_cahn,fno,correct,606,response_matched,validation_best,test,96,0.00015121568481284617,0,0,64,209985,1.2415124336257577
allen_cahn,fno,correct,606,response_matched,final_step,test,64,0.0004163520132937498,0,0,64,209985,
allen_cahn,fno,correct,606,response_matched,final_step,test,96,0.0007995730991706603,0,0,64,209985,
allen_cahn,fno,correct,606,response_matched,validation_best,ood,64,0.001682703212197989,0,0,64,209985,1.2415124336257577
allen_cahn,fno,correct,606,response_matched,validation_best,ood,96,0.003449708049597137,0,0,64,209985,1.2415124336257577
allen_cahn,fno,correct,606,response_matched,final_step,ood,64,0.0034374185105062183,0,0,64,209985,
allen_cahn,fno,correct,606,response_matched,final_step,ood,96,0.007194880404937283,0,0,64,209985,
allen_cahn,fno,correct,606,smooth,validation_best,test,64,0.0004588053540363901,0,0,64,209985,1.240948447957635
allen_cahn,fno,correct,606,smooth,validation_best,test,96,0.0006102609972560846,0,0,64,209985,1.240948447957635
allen_cahn,fno,correct,606,smooth,final_step,test,64,0.0004588053540363901,0,0,64,209985,
allen_cahn,fno,correct,606,smooth,final_step,test,96,0.0006102609972560846,0,0,64,209985,
allen_cahn,fno,correct,606,smooth,validation_best,ood,64,0.01452976300799197,0,0,64,209985,1.240948447957635
allen_cahn,fno,correct,606,smooth,validation_best,ood,96,0.030756613313196346,0,0,64,209985,1.240948447957635
allen_cahn,fno,correct,606,smooth,final_step,ood,64,0.01452976300799197,0,0,64,209985,
allen_cahn,fno,correct,606,smooth,final_step,ood,96,0.030756613313196346,0,0,64,209985,
allen_cahn,looped,coefficient,101,iid,validation_best,test,64,0.0026348524343279833,0,0,64,34049,1.5398879535496235
allen_cahn,looped,coefficient,101,iid,validation_best,test,96,0.0038493908063289566,0,0,64,34049,1.5398879535496235
allen_cahn,looped,coefficient,101,iid,final_step,test,64,0.00249689489920657,0,0,64,34049,
allen_cahn,looped,coefficient,101,iid,final_step,test,96,0.003643007637272729,0,0,64,34049,
allen_cahn,looped,coefficient,101,iid,validation_best,ood,64,0.7094393606191005,0,0,64,34049,1.5398879535496235
allen_cahn,looped,coefficient,101,iid,validation_best,ood,96,1.3154968343992077,0,0,64,34049,1.5398879535496235
allen_cahn,looped,coefficient,101,iid,final_step,ood,64,0.6613238585397596,0,0,64,34049,
allen_cahn,looped,coefficient,101,iid,final_step,ood,96,1.2237052742749293,0,0,64,34049,
allen_cahn,looped,coefficient,101,none,validation_best,test,64,0.005798866363470823,0,0,64,34049,1.5813649632036686
allen_cahn,looped,coefficient,101,none,validation_best,test,96,0.007797020188088662,0,0,64,34049,1.5813649632036686
allen_cahn,looped,coefficient,101,none,final_step,test,64,0.005798866363470823,0,0,64,34049,
allen_cahn,looped,coefficient,101,none,final_step,test,96,0.007797020188088662,0,0,64,34049,
allen_cahn,looped,coefficient,101,none,validation_best,ood,64,0.07866755846235352,0,0,64,34049,1.5813649632036686
allen_cahn,looped,coefficient,101,none,validation_best,ood,96,0.1727054258378642,0,0,64,34049,1.5813649632036686
allen_cahn,looped,coefficient,101,none,final_step,ood,64,0.07866755846235352,0,0,64,34049,
allen_cahn,looped,coefficient,101,none,final_step,ood,96,0.1727054258378642,0,0,64,34049,
allen_cahn,looped,coefficient,101,response_matched,validation_best,test,64,0.004064536927226192,0,0,64,34049,1.5358414500951767
allen_cahn,looped,coefficient,101,response_matched,validation_best,test,96,0.006415057937205388,0,0,64,34049,1.5358414500951767
allen_cahn,looped,coefficient,101,response_matched,final_step,test,64,0.004196229559256248,0,0,64,34049,
allen_cahn,looped,coefficient,101,response_matched,final_step,test,96,0.00654059260395982,0,0,64,34049,
allen_cahn,looped,coefficient,101,response_matched,validation_best,ood,64,0.8404697565941461,0,0,64,34049,1.5358414500951767
allen_cahn,looped,coefficient,101,response_matched,validation_best,ood,96,1.4687705178277781,0,0,64,34049,1.5358414500951767
allen_cahn,looped,coefficient,101,response_matched,final_step,ood,64,0.79070338953575,0,0,64,34049,
allen_cahn,looped,coefficient,101,response_matched,final_step,ood,96,1.3844701052224102,0,0,64,34049,
allen_cahn,looped,coefficient,101,smooth,validation_best,test,64,0.0020862717310963785,0,0,64,34049,1.5761599410325289
allen_cahn,looped,coefficient,101,smooth,validation_best,test,96,0.002863255776215712,0,0,64,34049,1.5761599410325289
allen_cahn,looped,coefficient,101,smooth,final_step,test,64,0.0020862717310963785,0,0,64,34049,
allen_cahn,looped,coefficient,101,smooth,final_step,test,96,0.002863255776215712,0,0,64,34049,
allen_cahn,looped,coefficient,101,smooth,validation_best,ood,64,0.29695956450426664,0,0,64,34049,1.5761599410325289
allen_cahn,looped,coefficient,101,smooth,validation_best,ood,96,0.7401071031864912,0,0,64,34049,1.5761599410325289
allen_cahn,looped,coefficient,101,smooth,final_step,ood,64,0.29695956450426664,0,0,64,34049,
allen_cahn,looped,coefficient,101,smooth,final_step,ood,96,0.7401071031864912,0,0,64,34049,
allen_cahn,looped,coefficient,202,iid,validation_best,test,64,0.0027219199172521247,0,0,64,34049,1.5385404927656054
allen_cahn,looped,coefficient,202,iid,validation_best,test,96,0.0042271054863192905,0,0,64,34049,1.5385404927656054
allen_cahn,looped,coefficient,202,iid,final_step,test,64,0.002696451146336598,0,0,64,34049,
allen_cahn,looped,coefficient,202,iid,final_step,test,96,0.00440180478108354,0,0,64,34049,
allen_cahn,looped,coefficient,202,iid,validation_best,ood,64,0.2441725510409256,0,0,64,34049,1.5385404927656054
allen_cahn,looped,coefficient,202,iid,validation_best,ood,96,0.4867707215072652,0,0,64,34049,1.5385404927656054
allen_cahn,looped,coefficient,202,iid,final_step,ood,64,0.38855875306435905,0,0,64,34049,
allen_cahn,looped,coefficient,202,iid,final_step,ood,96,0.7284513233392053,0,0,64,34049,
allen_cahn,looped,coefficient,202,none,validation_best,test,64,0.003606062221567008,0,0,64,34049,1.5378379495814443
allen_cahn,looped,coefficient,202,none,validation_best,test,96,0.004661909223957039,0,0,64,34049,1.5378379495814443
allen_cahn,looped,coefficient,202,none,final_step,test,64,0.003606062221567008,0,0,64,34049,
allen_cahn,looped,coefficient,202,none,final_step,test,96,0.004661909223957039,0,0,64,34049,
allen_cahn,looped,coefficient,202,none,validation_best,ood,64,0.04737424972468762,0,0,64,34049,1.5378379495814443
allen_cahn,looped,coefficient,202,none,validation_best,ood,96,0.08838894351687365,0,0,64,34049,1.5378379495814443
allen_cahn,looped,coefficient,202,none,final_step,ood,64,0.04737424972468762,0,0,64,34049,
allen_cahn,looped,coefficient,202,none,final_step,ood,96,0.08838894351687365,0,0,64,34049,
allen_cahn,looped,coefficient,202,response_matched,validation_best,test,64,0.0029090688897479566,0,0,64,34049,1.538429455831647
allen_cahn,looped,coefficient,202,response_matched,validation_best,test,96,0.004911292940125378,0,0,64,34049,1.538429455831647
allen_cahn,looped,coefficient,202,response_matched,final_step,test,64,0.0029090688897479566,0,0,64,34049,
allen_cahn,looped,coefficient,202,response_matched,final_step,test,96,0.004911292940125378,0,0,64,34049,
allen_cahn,looped,coefficient,202,response_matched,validation_best,ood,64,0.3200892431339213,0,0,64,34049,1.538429455831647
allen_cahn,looped,coefficient,202,response_matched,validation_best,ood,96,0.5449918351828369,0,0,64,34049,1.538429455831647
allen_cahn,looped,coefficient,202,response_matched,final_step,ood,64,0.3200892431339213,0,0,64,34049,
allen_cahn,looped,coefficient,202,response_matched,final_step,ood,96,0.5449918351828369,0,0,64,34049,
allen_cahn,looped,coefficient,202,smooth,validation_best,test,64,0.003090988016322682,0,0,64,34049,1.5384464524686337
allen_cahn,looped,coefficient,202,smooth,validation_best,test,96,0.004127128891504943,0,0,64,34049,1.5384464524686337
allen_cahn,looped,coefficient,202,smooth,final_step,test,64,0.004865316678899501,0,0,64,34049,
allen_cahn,looped,coefficient,202,smooth,final_step,test,96,0.008250646824486322,0,0,64,34049,
allen_cahn,looped,coefficient,202,smooth,validation_best,ood,64,0.21503449985801382,0,0,64,34049,1.5384464524686337
allen_cahn,looped,coefficient,202,smooth,validation_best,ood,96,0.4282498126066656,0,0,64,34049,1.5384464524686337
allen_cahn,looped,coefficient,202,smooth,final_step,ood,64,0.2453266601722781,0,0,64,34049,
allen_cahn,looped,coefficient,202,smooth,final_step,ood,96,0.5015585535407634,0,0,64,34049,
allen_cahn,looped,coefficient,303,iid,validation_best,test,64,0.0027690187893465446,0,0,64,34049,1.543311937712133
allen_cahn,looped,coefficient,303,iid,validation_best,test,96,0.004055612863933522,0,0,64,34049,1.543311937712133
allen_cahn,looped,coefficient,303,iid,final_step,test,64,0.002939785408695217,0,0,64,34049,
allen_cahn,looped,coefficient,303,iid,final_step,test,96,0.004712654589996183,0,0,64,34049,
allen_cahn,looped,coefficient,303,iid,validation_best,ood,64,0.2961560889628885,0,0,64,34049,1.543311937712133
allen_cahn,looped,coefficient,303,iid,validation_best,ood,96,0.5786250057058832,0,0,64,34049,1.543311937712133
allen_cahn,looped,coefficient,303,iid,final_step,ood,64,0.3520977337447846,0,0,64,34049,
allen_cahn,looped,coefficient,303,iid,final_step,ood,96,0.6864032144233647,0,0,64,34049,
allen_cahn,looped,coefficient,303,none,validation_best,test,64,0.004676736215866617,0,0,64,34049,1.5779199544340372
allen_cahn,looped,coefficient,303,none,validation_best,test,96,0.005543156949279501,0,0,64,34049,1.5779199544340372
allen_cahn,looped,coefficient,303,none,final_step,test,64,0.004676736215866617,0,0,64,34049,
allen_cahn,looped,coefficient,303,none,final_step,test,96,0.005543156949279501,0,0,64,34049,
allen_cahn,looped,coefficient,303,none,validation_best,ood,64,0.05844524339851098,0,0,64,34049,1.5779199544340372
allen_cahn,looped,coefficient,303,none,validation_best,ood,96,0.09980829606251145,0,0,64,34049,1.5779199544340372
allen_cahn,looped,coefficient,303,none,final_step,ood,64,0.05844524339851098,0,0,64,34049,
allen_cahn,looped,coefficient,303,none,final_step,ood,96,0.09980829606251145,0,0,64,34049,
allen_cahn,looped,coefficient,303,response_matched,validation_best,test,64,0.003059007900629074,0,0,64,34049,1.5466829529032111
allen_cahn,looped,coefficient,303,response_matched,validation_best,test,96,0.004624448048861233,0,0,64,34049,1.5466829529032111
allen_cahn,looped,coefficient,303,response_matched,final_step,test,64,0.0031607413631937753,0,0,64,34049,
allen_cahn,looped,coefficient,303,response_matched,final_step,test,96,0.005087893446394709,0,0,64,34049,
allen_cahn,looped,coefficient,303,response_matched,validation_best,ood,64,0.36702098856304133,0,0,64,34049,1.5466829529032111
allen_cahn,looped,coefficient,303,response_matched,validation_best,ood,96,0.6871198520620396,0,0,64,34049,1.5466829529032111
allen_cahn,looped,coefficient,303,response_matched,final_step,ood,64,0.382668305684831,0,0,64,34049,
allen_cahn,looped,coefficient,303,response_matched,final_step,ood,96,0.7113786844115946,0,0,64,34049,
allen_cahn,looped,coefficient,303,smooth,validation_best,test,64,0.002522635613082247,0,0,64,34049,1.5207839896902442
allen_cahn,looped,coefficient,303,smooth,validation_best,test,96,0.0036164702015966483,0,0,64,34049,1.5207839896902442
allen_cahn,looped,coefficient,303,smooth,final_step,test,64,0.002522635613082247,0,0,64,34049,
allen_cahn,looped,coefficient,303,smooth,final_step,test,96,0.0036164702015966483,0,0,64,34049,
allen_cahn,looped,coefficient,303,smooth,validation_best,ood,64,0.12748176568281977,0,0,64,34049,1.5207839896902442
allen_cahn,looped,coefficient,303,smooth,validation_best,ood,96,0.25556993240429665,0,0,64,34049,1.5207839896902442
allen_cahn,looped,coefficient,303,smooth,final_step,ood,64,0.12748176568281977,0,0,64,34049,
allen_cahn,looped,coefficient,303,smooth,final_step,ood,96,0.25556993240429665,0,0,64,34049,
allen_cahn,looped,coefficient,404,iid,validation_best,test,64,0.00235161505947612,0,0,64,34049,1.5400744508951902
allen_cahn,looped,coefficient,404,iid,validation_best,test,96,0.0035913954163515616,0,0,64,34049,1.5400744508951902
allen_cahn,looped,coefficient,404,iid,final_step,test,64,0.0037901131156323764,0,0,64,34049,
allen_cahn,looped,coefficient,404,iid,final_step,test,96,0.0059407466832401105,0,0,64,34049,
allen_cahn,looped,coefficient,404,iid,validation_best,ood,64,0.17087433493179915,0,0,64,34049,1.5400744508951902
allen_cahn,looped,coefficient,404,iid,validation_best,ood,96,0.3683157323970008,0,0,64,34049,1.5400744508951902
allen_cahn,looped,coefficient,404,iid,final_step,ood,64,0.16916163361700143,0,0,64,34049,
allen_cahn,looped,coefficient,404,iid,final_step,ood,96,0.35511569990769,0,0,64,34049,
allen_cahn,looped,coefficient,404,none,validation_best,test,64,0.003582194868662958,0,0,64,34049,1.5858684433624148
allen_cahn,looped,coefficient,404,none,validation_best,test,96,0.004512013886487734,0,0,64,34049,1.5858684433624148
allen_cahn,looped,coefficient,404,none,final_step,test,64,0.003582194868662958,0,0,64,34049,
allen_cahn,looped,coefficient,404,none,final_step,test,96,0.004512013886487734,0,0,64,34049,
allen_cahn,looped,coefficient,404,none,validation_best,ood,64,0.1533312229639643,0,0,64,34049,1.5858684433624148
allen_cahn,looped,coefficient,404,none,validation_best,ood,96,0.34222297305313576,0,0,64,34049,1.5858684433624148
allen_cahn,looped,coefficient,404,none,final_step,ood,64,0.1533312229639643,0,0,64,34049,
allen_cahn,looped,coefficient,404,none,final_step,ood,96,0.34222297305313576,0,0,64,34049,
allen_cahn,looped,coefficient,404,response_matched,validation_best,test,64,0.003387271453018814,0,0,64,34049,1.5399649506434798
allen_cahn,looped,coefficient,404,response_matched,validation_best,test,96,0.005431821844503637,0,0,64,34049,1.5399649506434798
allen_cahn,looped,coefficient,404,response_matched,final_step,test,64,0.004581760818418323,0,0,64,34049,
allen_cahn,looped,coefficient,404,response_matched,final_step,test,96,0.007414179359879573,0,0,64,34049,
allen_cahn,looped,coefficient,404,response_matched,validation_best,ood,64,0.18954500329343205,0,0,64,34049,1.5399649506434798
allen_cahn,looped,coefficient,404,response_matched,validation_best,ood,96,0.4040716599841403,0,0,64,34049,1.5399649506434798
allen_cahn,looped,coefficient,404,response_matched,final_step,ood,64,0.24616847154237576,0,0,64,34049,
allen_cahn,looped,coefficient,404,response_matched,final_step,ood,96,0.5181734844971212,0,0,64,34049,
allen_cahn,looped,coefficient,404,smooth,validation_best,test,64,0.001694598728700314,0,0,64,34049,1.5843609580770135
allen_cahn,looped,coefficient,404,smooth,validation_best,test,96,0.0025716062472223395,0,0,64,34049,1.5843609580770135
allen_cahn,looped,coefficient,404,smooth,final_step,test,64,0.001694598728700314,0,0,64,34049,
allen_cahn,looped,coefficient,404,smooth,final_step,test,96,0.0025716062472223395,0,0,64,34049,
allen_cahn,looped,coefficient,404,smooth,validation_best,ood,64,0.07034471782110074,0,0,64,34049,1.5843609580770135
allen_cahn,looped,coefficient,404,smooth,validation_best,ood,96,0.13744490496745243,0,0,64,34049,1.5843609580770135
allen_cahn,looped,coefficient,404,smooth,final_step,ood,64,0.07034471782110074,0,0,64,34049,
allen_cahn,looped,coefficient,404,smooth,final_step,ood,96,0.13744490496745243,0,0,64,34049,
allen_cahn,looped,coefficient,505,iid,validation_best,test,64,0.0030433789632449137,0,0,64,34049,1.5323704574257135
allen_cahn,looped,coefficient,505,iid,validation_best,test,96,0.004992100265338362,0,0,64,34049,1.5323704574257135
allen_cahn,looped,coefficient,505,iid,final_step,test,64,0.0019756216299620655,0,0,64,34049,
allen_cahn,looped,coefficient,505,iid,final_step,test,96,0.003025664581323991,0,0,64,34049,
allen_cahn,looped,coefficient,505,iid,validation_best,ood,64,0.21291734185614786,0,0,64,34049,1.5323704574257135
allen_cahn,looped,coefficient,505,iid,validation_best,ood,96,0.35169893095371185,0,0,64,34049,1.5323704574257135
allen_cahn,looped,coefficient,505,iid,final_step,ood,64,0.3402533381069617,0,0,64,34049,
allen_cahn,looped,coefficient,505,iid,final_step,ood,96,0.5986075217553074,0,0,64,34049,
allen_cahn,looped,coefficient,505,none,validation_best,test,64,0.004782896826822869,0,0,64,34049,1.5819234540686011
allen_cahn,looped,coefficient,505,none,validation_best,test,96,0.006493413831936431,0,0,64,34049,1.5819234540686011
allen_cahn,looped,coefficient,505,none,final_step,test,64,0.004782896826822869,0,0,64,34049,
allen_cahn,looped,coefficient,505,none,final_step,test,96,0.006493413831936431,0,0,64,34049,
allen_cahn,looped,coefficient,505,none,validation_best,ood,64,0.1331157605453921,0,0,64,34049,1.5819234540686011
allen_cahn,looped,coefficient,505,none,validation_best,ood,96,0.28230778777524657,0,0,64,34049,1.5819234540686011
allen_cahn,looped,coefficient,505,none,final_step,ood,64,0.1331157605453921,0,0,64,34049,
allen_cahn,looped,coefficient,505,none,final_step,ood,96,0.28230778777524657,0,0,64,34049,
allen_cahn,looped,coefficient,505,response_matched,validation_best,test,64,0.0020067054504857573,0,0,64,34049,1.5386389568448067
allen_cahn,looped,coefficient,505,response_matched,validation_best,test,96,0.0031134814480268482,0,0,64,34049,1.5386389568448067
allen_cahn,looped,coefficient,505,response_matched,final_step,test,64,0.0020067054504857573,0,0,64,34049,
allen_cahn,looped,coefficient,505,response_matched,final_step,test,96,0.0031134814480268482,0,0,64,34049,
allen_cahn,looped,coefficient,505,response_matched,validation_best,ood,64,0.34423394119431805,0,0,64,34049,1.5386389568448067
allen_cahn,looped,coefficient,505,response_matched,validation_best,ood,96,0.5546832178287104,0,0,64,34049,1.5386389568448067
allen_cahn,looped,coefficient,505,response_matched,final_step,ood,64,0.34423394119431805,0,0,64,34049,
allen_cahn,looped,coefficient,505,response_matched,final_step,ood,96,0.5546832178287104,0,0,64,34049,
allen_cahn,looped,coefficient,505,smooth,validation_best,test,64,0.002390722507704779,0,0,64,34049,1.5748414443805814
allen_cahn,looped,coefficient,505,smooth,validation_best,test,96,0.003567880502358974,0,0,64,34049,1.5748414443805814
allen_cahn,looped,coefficient,505,smooth,final_step,test,64,0.002420952376371799,0,0,64,34049,
allen_cahn,looped,coefficient,505,smooth,final_step,test,96,0.0036057012259525325,0,0,64,34049,
allen_cahn,looped,coefficient,505,smooth,validation_best,ood,64,0.12699219008274554,0,0,64,34049,1.5748414443805814
allen_cahn,looped,coefficient,505,smooth,validation_best,ood,96,0.1796658617899804,0,0,64,34049,1.5748414443805814
allen_cahn,looped,coefficient,505,smooth,final_step,ood,64,0.13061119812493516,0,0,64,34049,
allen_cahn,looped,coefficient,505,smooth,final_step,ood,96,0.1880745945455426,0,0,64,34049,
allen_cahn,looped,coefficient,606,iid,validation_best,test,64,0.003387512331179121,0,0,64,34049,1.5358669450506568
allen_cahn,looped,coefficient,606,iid,validation_best,test,96,0.005275660493788581,0,0,64,34049,1.5358669450506568
allen_cahn,looped,coefficient,606,iid,final_step,test,64,0.002649380928263334,0,0,64,34049,
allen_cahn,looped,coefficient,606,iid,final_step,test,96,0.004023858267564573,0,0,64,34049,
allen_cahn,looped,coefficient,606,iid,validation_best,ood,64,0.3419740385635688,0,0,64,34049,1.5358669450506568
allen_cahn,looped,coefficient,606,iid,validation_best,ood,96,0.8211208686129261,0,0,64,34049,1.5358669450506568
allen_cahn,looped,coefficient,606,iid,final_step,ood,64,0.4806089585304356,0,0,64,34049,
allen_cahn,looped,coefficient,606,iid,final_step,ood,96,1.0049975760700225,0,0,64,34049,
allen_cahn,looped,coefficient,606,none,validation_best,test,64,0.006464044734437069,0,0,64,34049,1.5739645110443234
allen_cahn,looped,coefficient,606,none,validation_best,test,96,0.007477090307565751,0,0,64,34049,1.5739645110443234
allen_cahn,looped,coefficient,606,none,final_step,test,64,0.0064789808778424884,0,0,64,34049,
allen_cahn,looped,coefficient,606,none,final_step,test,96,0.00780482046495834,0,0,64,34049,
allen_cahn,looped,coefficient,606,none,validation_best,ood,64,0.5159514730509649,0,0,64,34049,1.5739645110443234
allen_cahn,looped,coefficient,606,none,validation_best,ood,96,1.2208407773309418,0,0,64,34049,1.5739645110443234
allen_cahn,looped,coefficient,606,none,final_step,ood,64,0.38234693540977105,0,0,64,34049,
allen_cahn,looped,coefficient,606,none,final_step,ood,96,0.9085091787513875,0,0,64,34049,
allen_cahn,looped,coefficient,606,response_matched,validation_best,test,64,0.002918069782634203,0,0,64,34049,1.5340009471401572
allen_cahn,looped,coefficient,606,response_matched,validation_best,test,96,0.004433198983252451,0,0,64,34049,1.5340009471401572
allen_cahn,looped,coefficient,606,response_matched,final_step,test,64,0.002918069782634203,0,0,64,34049,
allen_cahn,looped,coefficient,606,response_matched,final_step,test,96,0.004433198983252451,0,0,64,34049,
allen_cahn,looped,coefficient,606,response_matched,validation_best,ood,64,0.49087039923813336,0,0,64,34049,1.5340009471401572
allen_cahn,looped,coefficient,606,response_matched,validation_best,ood,96,1.0045379215864614,0,0,64,34049,1.5340009471401572
allen_cahn,looped,coefficient,606,response_matched,final_step,ood,64,0.49087039923813336,0,0,64,34049,
allen_cahn,looped,coefficient,606,response_matched,final_step,ood,96,1.0045379215864614,0,0,64,34049,
allen_cahn,looped,coefficient,606,smooth,validation_best,test,64,0.0032231241520810916,0,0,64,34049,1.6690399497747421
allen_cahn,looped,coefficient,606,smooth,validation_best,test,96,0.005029457083884803,0,0,64,34049,1.6690399497747421
allen_cahn,looped,coefficient,606,smooth,final_step,test,64,0.0026697861671668432,0,0,64,34049,
allen_cahn,looped,coefficient,606,smooth,final_step,test,96,0.0039649097348087485,0,0,64,34049,
allen_cahn,looped,coefficient,606,smooth,validation_best,ood,64,0.42078849852802946,0,0,64,34049,1.6690399497747421
allen_cahn,looped,coefficient,606,smooth,validation_best,ood,96,0.9733886962579301,0,0,64,34049,1.6690399497747421
allen_cahn,looped,coefficient,606,smooth,final_step,ood,64,0.45359683168415543,0,0,64,34049,
allen_cahn,looped,coefficient,606,smooth,final_step,ood,96,1.0394937534335633,0,0,64,34049,
allen_cahn,looped,correct,101,iid,validation_best,test,64,0.0038752674986763935,0,0,64,34049,1.5371539629995823
allen_cahn,looped,correct,101,iid,validation_best,test,96,0.006171416122345619,0,0,64,34049,1.5371539629995823
allen_cahn,looped,correct,101,iid,final_step,test,64,0.003888003039343224,0,0,64,34049,
allen_cahn,looped,correct,101,iid,final_step,test,96,0.0059430489933165465,0,0,64,34049,
allen_cahn,looped,correct,101,iid,validation_best,ood,64,0.1771089553753349,0,0,64,34049,1.5371539629995823
allen_cahn,looped,correct,101,iid,validation_best,ood,96,0.4652753472282356,0,0,64,34049,1.5371539629995823
allen_cahn,looped,correct,101,iid,final_step,ood,64,0.38789239650197516,0,0,64,34049,
allen_cahn,looped,correct,101,iid,final_step,ood,96,0.8896138782437266,0,0,64,34049,
allen_cahn,looped,correct,101,none,validation_best,test,64,0.005798858039631427,0,0,64,34049,1.5449154423549771
allen_cahn,looped,correct,101,none,validation_best,test,96,0.007797004980521309,0,0,64,34049,1.5449154423549771
allen_cahn,looped,correct,101,none,final_step,test,64,0.005798858039631427,0,0,64,34049,
allen_cahn,looped,correct,101,none,final_step,test,96,0.007797004980521309,0,0,64,34049,
allen_cahn,looped,correct,101,none,validation_best,ood,64,0.07866766303059691,0,0,64,34049,1.5449154423549771
allen_cahn,looped,correct,101,none,validation_best,ood,96,0.17270561918734256,0,0,64,34049,1.5449154423549771
allen_cahn,looped,correct,101,none,final_step,ood,64,0.07866766303059691,0,0,64,34049,
allen_cahn,looped,correct,101,none,final_step,ood,96,0.17270561918734256,0,0,64,34049,
allen_cahn,looped,correct,101,response_matched,validation_best,test,64,0.003539013683227843,0,0,64,34049,1.5354714589193463
allen_cahn,looped,correct,101,response_matched,validation_best,test,96,0.0054054532371867,0,0,64,34049,1.5354714589193463
allen_cahn,looped,correct,101,response_matched,final_step,test,64,0.003539013683227843,0,0,64,34049,
allen_cahn,looped,correct,101,response_matched,final_step,test,96,0.0054054532371867,0,0,64,34049,
allen_cahn,looped,correct,101,response_matched,validation_best,ood,64,0.654916177188781,0,0,64,34049,1.5354714589193463
allen_cahn,looped,correct,101,response_matched,validation_best,ood,96,1.208588855853833,0,0,64,34049,1.5354714589193463
allen_cahn,looped,correct,101,response_matched,final_step,ood,64,0.654916177188781,0,0,64,34049,
allen_cahn,looped,correct,101,response_matched,final_step,ood,96,1.208588855853833,0,0,64,34049,
allen_cahn,looped,correct,101,smooth,validation_best,test,64,0.0033436620791627014,0,0,64,34049,1.5240814536809921
allen_cahn,looped,correct,101,smooth,validation_best,test,96,0.005088537148937237,0,0,64,34049,1.5240814536809921
allen_cahn,looped,correct,101,smooth,final_step,test,64,0.0033436620791627014,0,0,64,34049,
allen_cahn,looped,correct,101,smooth,final_step,test,96,0.005088537148937237,0,0,64,34049,
allen_cahn,looped,correct,101,smooth,validation_best,ood,64,0.060129585807040975,0,0,64,34049,1.5240814536809921
allen_cahn,looped,correct,101,smooth,validation_best,ood,96,0.12417769057701437,0,0,64,34049,1.5240814536809921
allen_cahn,looped,correct,101,smooth,final_step,ood,64,0.060129585807040975,0,0,64,34049,
allen_cahn,looped,correct,101,smooth,final_step,ood,96,0.12417769057701437,0,0,64,34049,
allen_cahn,looped,correct,202,iid,validation_best,test,64,0.00318350416314217,0,0,64,34049,1.53816151432693
allen_cahn,looped,correct,202,iid,validation_best,test,96,0.004973872951322086,0,0,64,34049,1.53816151432693
allen_cahn,looped,correct,202,iid,final_step,test,64,0.0031528347031516413,0,0,64,34049,
allen_cahn,looped,correct,202,iid,final_step,test,96,0.0051038922127687085,0,0,64,34049,
allen_cahn,looped,correct,202,iid,validation_best,ood,64,0.2942071549245284,0,0,64,34049,1.53816151432693
allen_cahn,looped,correct,202,iid,validation_best,ood,96,0.6088786700604725,0,0,64,34049,1.53816151432693
allen_cahn,looped,correct,202,iid,final_step,ood,64,0.5373870687905935,0,0,64,34049,
allen_cahn,looped,correct,202,iid,final_step,ood,96,0.9736954711502033,0,0,64,34049,
allen_cahn,looped,correct,202,none,validation_best,test,64,0.0036060720941206714,0,0,64,34049,1.5396465081721544
allen_cahn,looped,correct,202,none,validation_best,test,96,0.004661926832032185,0,0,64,34049,1.5396465081721544
allen_cahn,looped,correct,202,none,final_step,test,64,0.0036060720941206714,0,0,64,34049,
allen_cahn,looped,correct,202,none,final_step,test,96,0.004661926832032185,0,0,64,34049,
allen_cahn,looped,correct,202,none,validation_best,ood,64,0.0473740292148932,0,0,64,34049,1.5396465081721544
allen_cahn,looped,correct,202,none,validation_best,ood,96,0.08838843673152041,0,0,64,34049,1.5396465081721544
allen_cahn,looped,correct,202,none,final_step,ood,64,0.0473740292148932,0,0,64,34049,
allen_cahn,looped,correct,202,none,final_step,ood,96,0.08838843673152041,0,0,64,34049,
allen_cahn,looped,correct,202,response_matched,validation_best,test,64,0.002352568159168511,0,0,64,34049,1.5360629418864846
allen_cahn,looped,correct,202,response_matched,validation_best,test,96,0.003554644259803267,0,0,64,34049,1.5360629418864846
allen_cahn,looped,correct,202,response_matched,final_step,test,64,0.003863458037323242,0,0,64,34049,
allen_cahn,looped,correct,202,response_matched,final_step,test,96,0.006883660188203928,0,0,64,34049,
allen_cahn,looped,correct,202,response_matched,validation_best,ood,64,0.9843018911316506,0,0,64,34049,1.5360629418864846
allen_cahn,looped,correct,202,response_matched,validation_best,ood,96,1.470857678396688,0,0,64,34049,1.5360629418864846
allen_cahn,looped,correct,202,response_matched,final_step,ood,64,0.9793009758807898,0,0,64,34049,
allen_cahn,looped,correct,202,response_matched,final_step,ood,96,1.4568157148177079,0,0,64,34049,
allen_cahn,looped,correct,202,smooth,validation_best,test,64,0.0015992277604476302,0,0,64,34049,1.5339739387854934
allen_cahn,looped,correct,202,smooth,validation_best,test,96,0.0023766861811344393,0,0,64,34049,1.5339739387854934
allen_cahn,looped,correct,202,smooth,final_step,test,64,0.0015992277604476302,0,0,64,34049,
allen_cahn,looped,correct,202,smooth,final_step,test,96,0.0023766861811344393,0,0,64,34049,
allen_cahn,looped,correct,202,smooth,validation_best,ood,64,0.4296122197370309,0,0,64,34049,1.5339739387854934
allen_cahn,looped,correct,202,smooth,validation_best,ood,96,0.8879689059222216,0,0,64,34049,1.5339739387854934
allen_cahn,looped,correct,202,smooth,final_step,ood,64,0.4296122197370309,0,0,64,34049,
allen_cahn,looped,correct,202,smooth,final_step,ood,96,0.8879689059222216,0,0,64,34049,
allen_cahn,looped,correct,303,iid,validation_best,test,64,0.0036715944220999663,0,0,64,34049,1.533262967132032
allen_cahn,looped,correct,303,iid,validation_best,test,96,0.00551790079240666,0,0,64,34049,1.533262967132032
allen_cahn,looped,correct,303,iid,final_step,test,64,0.004356039435251591,0,0,64,34049,
allen_cahn,looped,correct,303,iid,final_step,test,96,0.00679176635979469,0,0,64,34049,
allen_cahn,looped,correct,303,iid,validation_best,ood,64,0.3059167437117907,0,0,64,34049,1.533262967132032
allen_cahn,looped,correct,303,iid,validation_best,ood,96,0.5540370120934217,0,0,64,34049,1.533262967132032
allen_cahn,looped,correct,303,iid,final_step,ood,64,0.32255767237556654,0,0,64,34049,
allen_cahn,looped,correct,303,iid,final_step,ood,96,0.589971428832418,0,0,64,34049,
allen_cahn,looped,correct,303,none,validation_best,test,64,0.0046767251562667145,0,0,64,34049,1.5350884525105357
allen_cahn,looped,correct,303,none,validation_best,test,96,0.00554314988663481,0,0,64,34049,1.5350884525105357
allen_cahn,looped,correct,303,none,final_step,test,64,0.0046767251562667145,0,0,64,34049,
allen_cahn,looped,correct,303,none,final_step,test,96,0.00554314988663481,0,0,64,34049,
allen_cahn,looped,correct,303,none,validation_best,ood,64,0.05844518558578926,0,0,64,34049,1.5350884525105357
allen_cahn,looped,correct,303,none,validation_best,ood,96,0.09980817325661917,0,0,64,34049,1.5350884525105357
allen_cahn,looped,correct,303,none,final_step,ood,64,0.05844518558578926,0,0,64,34049,
allen_cahn,looped,correct,303,none,final_step,ood,96,0.09980817325661917,0,0,64,34049,
allen_cahn,looped,correct,303,response_matched,validation_best,test,64,0.0035003033447613685,0,0,64,34049,1.5378929441794753
allen_cahn,looped,correct,303,response_matched,validation_best,test,96,0.00517952049386361,0,0,64,34049,1.5378929441794753
allen_cahn,looped,correct,303,response_matched,final_step,test,64,0.004322185230008491,0,0,64,34049,
allen_cahn,looped,correct,303,response_matched,final_step,test,96,0.006788760594206598,0,0,64,34049,
allen_cahn,looped,correct,303,response_matched,validation_best,ood,64,0.3253481482968539,0,0,64,34049,1.5378929441794753
allen_cahn,looped,correct,303,response_matched,validation_best,ood,96,0.543861226033054,0,0,64,34049,1.5378929441794753
allen_cahn,looped,correct,303,response_matched,final_step,ood,64,0.3197246890951533,0,0,64,34049,
allen_cahn,looped,correct,303,response_matched,final_step,ood,96,0.5300104202489138,0,0,64,34049,
allen_cahn,looped,correct,303,smooth,validation_best,test,64,0.002815243193378336,0,0,64,34049,1.5398049494251609
allen_cahn,looped,correct,303,smooth,validation_best,test,96,0.0037587969754445303,0,0,64,34049,1.5398049494251609
allen_cahn,looped,correct,303,smooth,final_step,test,64,0.002815243193378336,0,0,64,34049,
allen_cahn,looped,correct,303,smooth,final_step,test,96,0.0037587969754445303,0,0,64,34049,
allen_cahn,looped,correct,303,smooth,validation_best,ood,64,0.11321897048307861,0,0,64,34049,1.5398049494251609
allen_cahn,looped,correct,303,smooth,validation_best,ood,96,0.20321075445643305,0,0,64,34049,1.5398049494251609
allen_cahn,looped,correct,303,smooth,final_step,ood,64,0.11321897048307861,0,0,64,34049,
allen_cahn,looped,correct,303,smooth,final_step,ood,96,0.20321075445643305,0,0,64,34049,
allen_cahn,looped,correct,404,iid,validation_best,test,64,0.0032532197762158432,0,0,64,34049,1.520104450173676
allen_cahn,looped,correct,404,iid,validation_best,test,96,0.005128448857276405,0,0,64,34049,1.520104450173676
allen_cahn,looped,correct,404,iid,final_step,test,64,0.004300981647455848,0,0,64,34049,
allen_cahn,looped,correct,404,iid,final_step,test,96,0.006646566733346034,0,0,64,34049,
allen_cahn,looped,correct,404,iid,validation_best,ood,64,0.31044859112166634,0,0,64,34049,1.520104450173676
allen_cahn,looped,correct,404,iid,validation_best,ood,96,0.6410421873691117,0,0,64,34049,1.520104450173676
allen_cahn,looped,correct,404,iid,final_step,ood,64,0.34138157270602676,0,0,64,34049,
allen_cahn,looped,correct,404,iid,final_step,ood,96,0.6904723722562476,0,0,64,34049,
allen_cahn,looped,correct,404,none,validation_best,test,64,0.003582191131757062,0,0,64,34049,1.536211953498423
allen_cahn,looped,correct,404,none,validation_best,test,96,0.004512016012863848,0,0,64,34049,1.536211953498423
allen_cahn,looped,correct,404,none,final_step,test,64,0.003582191131757062,0,0,64,34049,
allen_cahn,looped,correct,404,none,final_step,test,96,0.004512016012863848,0,0,64,34049,
allen_cahn,looped,correct,404,none,validation_best,ood,64,0.15333288798610667,0,0,64,34049,1.536211953498423
allen_cahn,looped,correct,404,none,validation_best,ood,96,0.34222704105753365,0,0,64,34049,1.536211953498423
allen_cahn,looped,correct,404,none,final_step,ood,64,0.15333288798610667,0,0,64,34049,
allen_cahn,looped,correct,404,none,final_step,ood,96,0.34222704105753365,0,0,64,34049,
allen_cahn,looped,correct,404,response_matched,validation_best,test,64,0.0034825275803744837,0,0,64,34049,1.5461424365639687
allen_cahn,looped,correct,404,response_matched,validation_best,test,96,0.005511992090779277,0,0,64,34049,1.5461424365639687
allen_cahn,looped,correct,404,response_matched,final_step,test,64,0.004496465992119003,0,0,64,34049,
allen_cahn,looped,correct,404,response_matched,final_step,test,96,0.0070578211412641485,0,0,64,34049,
allen_cahn,looped,correct,404,response_matched,validation_best,ood,64,0.7039035872634685,0,0,64,34049,1.5461424365639687
allen_cahn,looped,correct,404,response_matched,validation_best,ood,96,1.2119930089765585,0,0,64,34049,1.5461424365639687
allen_cahn,looped,correct,404,response_matched,final_step,ood,64,0.7995890281212468,0,0,64,34049,
allen_cahn,looped,correct,404,response_matched,final_step,ood,96,1.3326645925198572,0,0,64,34049,
allen_cahn,looped,correct,404,smooth,validation_best,test,64,0.002259090973798006,0,0,64,34049,1.549209514632821
allen_cahn,looped,correct,404,smooth,validation_best,test,96,0.0031653305211351013,0,0,64,34049,1.549209514632821
allen_cahn,looped,correct,404,smooth,final_step,test,64,0.002259090973798006,0,0,64,34049,
allen_cahn,looped,correct,404,smooth,final_step,test,96,0.0031653305211351013,0,0,64,34049,
allen_cahn,looped,correct,404,smooth,validation_best,ood,64,0.2127214721441728,0,0,64,34049,1.549209514632821
allen_cahn,looped,correct,404,smooth,validation_best,ood,96,0.49778477930530934,0,0,64,34049,1.549209514632821
allen_cahn,looped,correct,404,smooth,final_step,ood,64,0.2127214721441728,0,0,64,34049,
allen_cahn,looped,correct,404,smooth,final_step,ood,96,0.49778477930530934,0,0,64,34049,
allen_cahn,looped,correct,505,iid,validation_best,test,64,0.0023373402803587018,0,0,64,34049,1.5429289545863867
allen_cahn,looped,correct,505,iid,validation_best,test,96,0.003939681560998887,0,0,64,34049,1.5429289545863867
allen_cahn,looped,correct,505,iid,final_step,test,64,0.0018083102245844973,0,0,64,34049,
allen_cahn,looped,correct,505,iid,final_step,test,96,0.0027752498745801843,0,0,64,34049,
allen_cahn,looped,correct,505,iid,validation_best,ood,64,0.3630191370568525,0,0,64,34049,1.5429289545863867
allen_cahn,looped,correct,505,iid,validation_best,ood,96,0.6242435742868224,0,0,64,34049,1.5429289545863867
allen_cahn,looped,correct,505,iid,final_step,ood,64,0.3826219974179992,0,0,64,34049,
allen_cahn,looped,correct,505,iid,final_step,ood,96,0.6497895618837409,0,0,64,34049,
allen_cahn,looped,correct,505,none,validation_best,test,64,0.004782885785883373,0,0,64,34049,1.5387614956125617
allen_cahn,looped,correct,505,none,validation_best,test,96,0.006493395918045171,0,0,64,34049,1.5387614956125617
allen_cahn,looped,correct,505,none,final_step,test,64,0.004782885785883373,0,0,64,34049,
allen_cahn,looped,correct,505,none,final_step,test,96,0.006493395918045171,0,0,64,34049,
allen_cahn,looped,correct,505,none,validation_best,ood,64,0.13311563720548314,0,0,64,34049,1.5387614956125617
allen_cahn,looped,correct,505,none,validation_best,ood,96,0.2823075038105891,0,0,64,34049,1.5387614956125617
allen_cahn,looped,correct,505,none,final_step,ood,64,0.13311563720548314,0,0,64,34049,
allen_cahn,looped,correct,505,none,final_step,ood,96,0.2823075038105891,0,0,64,34049,
allen_cahn,looped,correct,505,response_matched,validation_best,test,64,0.0021082951705250763,0,0,64,34049,1.5398714458569884
allen_cahn,looped,correct,505,response_matched,validation_best,test,96,0.003325646957527165,0,0,64,34049,1.5398714458569884
allen_cahn,looped,correct,505,response_matched,final_step,test,64,0.0019258205824480568,0,0,64,34049,
allen_cahn,looped,correct,505,response_matched,final_step,test,96,0.0030977110997636448,0,0,64,34049,
allen_cahn,looped,correct,505,response_matched,validation_best,ood,64,0.26787745836082877,0,0,64,34049,1.5398714458569884
allen_cahn,looped,correct,505,response_matched,validation_best,ood,96,0.38682491052823786,0,0,64,34049,1.5398714458569884
allen_cahn,looped,correct,505,response_matched,final_step,ood,64,0.2833813506288436,0,0,64,34049,
allen_cahn,looped,correct,505,response_matched,final_step,ood,96,0.4183406549074675,0,0,64,34049,
allen_cahn,looped,correct,505,smooth,validation_best,test,64,0.0024568641094598886,0,0,64,34049,1.541984942741692
allen_cahn,looped,correct,505,smooth,validation_best,test,96,0.003364852711351008,0,0,64,34049,1.541984942741692
allen_cahn,looped,correct,505,smooth,final_step,test,64,0.0032519312722036897,0,0,64,34049,
allen_cahn,looped,correct,505,smooth,final_step,test,96,0.004776030656454082,0,0,64,34049,
allen_cahn,looped,correct,505,smooth,validation_best,ood,64,0.11986145748985244,0,0,64,34049,1.541984942741692
allen_cahn,looped,correct,505,smooth,validation_best,ood,96,0.20715190036830577,0,0,64,34049,1.541984942741692
allen_cahn,looped,correct,505,smooth,final_step,ood,64,0.12423787768724104,0,0,64,34049,
allen_cahn,looped,correct,505,smooth,final_step,ood,96,0.22231333041498996,0,0,64,34049,
allen_cahn,looped,correct,606,iid,validation_best,test,64,0.0036912558017114794,0,0,64,34049,1.5668274369090796
allen_cahn,looped,correct,606,iid,validation_best,test,96,0.005759477943124628,0,0,64,34049,1.5668274369090796
allen_cahn,looped,correct,606,iid,final_step,test,64,0.0034921748797760443,0,0,64,34049,
allen_cahn,looped,correct,606,iid,final_step,test,96,0.0059840018647854265,0,0,64,34049,
allen_cahn,looped,correct,606,iid,validation_best,ood,64,0.4368319569018908,0,0,64,34049,1.5668274369090796
allen_cahn,looped,correct,606,iid,validation_best,ood,96,1.0069144774156626,0,0,64,34049,1.5668274369090796
allen_cahn,looped,correct,606,iid,final_step,ood,64,0.5409387197370208,0,0,64,34049,
allen_cahn,looped,correct,606,iid,final_step,ood,96,1.1115857158178293,0,0,64,34049,
allen_cahn,looped,correct,606,none,validation_best,test,64,0.006464051524374348,0,0,64,34049,1.5422554919496179
allen_cahn,looped,correct,606,none,validation_best,test,96,0.007477101038886621,0,0,64,34049,1.5422554919496179
allen_cahn,looped,correct,606,none,final_step,test,64,0.006478981814396434,0,0,64,34049,
allen_cahn,looped,correct,606,none,final_step,test,96,0.007804822073495643,0,0,64,34049,
allen_cahn,looped,correct,606,none,validation_best,ood,64,0.5159511711183207,0,0,64,34049,1.5422554919496179
allen_cahn,looped,correct,606,none,validation_best,ood,96,1.2208403734119435,0,0,64,34049,1.5422554919496179
allen_cahn,looped,correct,606,none,final_step,ood,64,0.3823468298663393,0,0,64,34049,
allen_cahn,looped,correct,606,none,final_step,ood,96,0.90850897307084,0,0,64,34049,
allen_cahn,looped,correct,606,response_matched,validation_best,test,64,0.003816261396810239,0,0,64,34049,1.547755510546267
allen_cahn,looped,correct,606,response_matched,validation_best,test,96,0.005963296705383758,0,0,64,34049,1.547755510546267
allen_cahn,looped,correct,606,response_matched,final_step,test,64,0.003816261396810239,0,0,64,34049,
allen_cahn,looped,correct,606,response_matched,final_step,test,96,0.005963296705383758,0,0,64,34049,
allen_cahn,looped,correct,606,response_matched,validation_best,ood,64,0.8922908928458426,0,0,64,34049,1.547755510546267
allen_cahn,looped,correct,606,response_matched,validation_best,ood,96,1.495362613623385,0,0,64,34049,1.547755510546267
allen_cahn,looped,correct,606,response_matched,final_step,ood,64,0.8922908928458426,0,0,64,34049,
allen_cahn,looped,correct,606,response_matched,final_step,ood,96,1.495362613623385,0,0,64,34049,
allen_cahn,looped,correct,606,smooth,validation_best,test,64,0.002688085570355603,0,0,64,34049,1.5433964552357793
allen_cahn,looped,correct,606,smooth,validation_best,test,96,0.0038872469046208704,0,0,64,34049,1.5433964552357793
allen_cahn,looped,correct,606,smooth,final_step,test,64,0.002688085570355603,0,0,64,34049,
allen_cahn,looped,correct,606,smooth,final_step,test,96,0.0038872469046208704,0,0,64,34049,
allen_cahn,looped,correct,606,smooth,validation_best,ood,64,0.4436273979605794,0,0,64,34049,1.5433964552357793
allen_cahn,looped,correct,606,smooth,validation_best,ood,96,1.032846199524203,0,0,64,34049,1.5433964552357793
allen_cahn,looped,correct,606,smooth,final_step,ood,64,0.4436273979605794,0,0,64,34049,
allen_cahn,looped,correct,606,smooth,final_step,ood,96,1.032846199524203,0,0,64,34049,
allen_cahn,transformer,coefficient,101,iid,validation_best,test,64,0.001723072733138764,0,0,64,100993,1.5457584522664547
allen_cahn,transformer,coefficient,101,iid,validation_best,test,96,0.0027882594148825506,0,0,64,100993,1.5457584522664547
allen_cahn,transformer,coefficient,101,iid,final_step,test,64,0.001723072733138764,0,0,64,100993,
allen_cahn,transformer,coefficient,101,iid,final_step,test,96,0.0027882594148825506,0,0,64,100993,
allen_cahn,transformer,coefficient,101,iid,validation_best,ood,64,0.20660963659384635,0,0,64,100993,1.5457584522664547
allen_cahn,transformer,coefficient,101,iid,validation_best,ood,96,0.36948172104015486,0,0,64,100993,1.5457584522664547
allen_cahn,transformer,coefficient,101,iid,final_step,ood,64,0.20660963659384635,0,0,64,100993,
allen_cahn,transformer,coefficient,101,iid,final_step,ood,96,0.36948172104015486,0,0,64,100993,
allen_cahn,transformer,coefficient,101,none,validation_best,test,64,0.0021182711603723314,0,0,64,100993,1.5332629438489676
allen_cahn,transformer,coefficient,101,none,validation_best,test,96,0.002870831401245407,0,0,64,100993,1.5332629438489676
allen_cahn,transformer,coefficient,101,none,final_step,test,64,0.0021182711603723314,0,0,64,100993,
allen_cahn,transformer,coefficient,101,none,final_step,test,96,0.002870831401245407,0,0,64,100993,
allen_cahn,transformer,coefficient,101,none,validation_best,ood,64,0.05342635174439048,0,0,64,100993,1.5332629438489676
allen_cahn,transformer,coefficient,101,none,validation_best,ood,96,0.09015054708992339,0,0,64,100993,1.5332629438489676
allen_cahn,transformer,coefficient,101,none,final_step,ood,64,0.05342635174439048,0,0,64,100993,
allen_cahn,transformer,coefficient,101,none,final_step,ood,96,0.09015054708992339,0,0,64,100993,
allen_cahn,transformer,coefficient,101,response_matched,validation_best,test,64,0.0016538606596797623,0,0,64,100993,1.517323451116681
allen_cahn,transformer,coefficient,101,response_matched,validation_best,test,96,0.002418623865603875,0,0,64,100993,1.517323451116681
allen_cahn,transformer,coefficient,101,response_matched,final_step,test,64,0.002363466938152148,0,0,64,100993,
allen_cahn,transformer,coefficient,101,response_matched,final_step,test,96,0.0037929435515327756,0,0,64,100993,
allen_cahn,transformer,coefficient,101,response_matched,validation_best,ood,64,0.2679589949438892,0,0,64,100993,1.517323451116681
allen_cahn,transformer,coefficient,101,response_matched,validation_best,ood,96,0.4868148827736008,0,0,64,100993,1.517323451116681
allen_cahn,transformer,coefficient,101,response_matched,final_step,ood,64,0.2302542051928569,0,0,64,100993,
allen_cahn,transformer,coefficient,101,response_matched,final_step,ood,96,0.3973325223037847,0,0,64,100993,
allen_cahn,transformer,coefficient,101,smooth,validation_best,test,64,0.0016821013341862812,0,0,64,100993,1.5871324576437473
allen_cahn,transformer,coefficient,101,smooth,validation_best,test,96,0.0023585168793854123,0,0,64,100993,1.5871324576437473
allen_cahn,transformer,coefficient,101,smooth,final_step,test,64,0.001153589342752781,0,0,64,100993,
allen_cahn,transformer,coefficient,101,smooth,final_step,test,96,0.0016528039657165055,0,0,64,100993,
allen_cahn,transformer,coefficient,101,smooth,validation_best,ood,64,0.14719712601823076,0,0,64,100993,1.5871324576437473
allen_cahn,transformer,coefficient,101,smooth,validation_best,ood,96,0.2650061975487029,0,0,64,100993,1.5871324576437473
allen_cahn,transformer,coefficient,101,smooth,final_step,ood,64,0.1524070078151034,0,0,64,100993,
allen_cahn,transformer,coefficient,101,smooth,final_step,ood,96,0.27898329855528203,0,0,64,100993,
allen_cahn,transformer,coefficient,202,iid,validation_best,test,64,0.0012528899394576576,0,0,64,100993,1.5294694574549794
allen_cahn,transformer,coefficient,202,iid,validation_best,test,96,0.0020347948935841944,0,0,64,100993,1.5294694574549794
allen_cahn,transformer,coefficient,202,iid,final_step,test,64,0.0011593425979395389,0,0,64,100993,
allen_cahn,transformer,coefficient,202,iid,final_step,test,96,0.001771575737802548,0,0,64,100993,
allen_cahn,transformer,coefficient,202,iid,validation_best,ood,64,0.5609688088713085,0,0,64,100993,1.5294694574549794
allen_cahn,transformer,coefficient,202,iid,validation_best,ood,96,0.8472914579116189,0,0,64,100993,1.5294694574549794
allen_cahn,transformer,coefficient,202,iid,final_step,ood,64,0.5667375838487203,0,0,64,100993,
allen_cahn,transformer,coefficient,202,iid,final_step,ood,96,0.8500762205969561,0,0,64,100993,
allen_cahn,transformer,coefficient,202,none,validation_best,test,64,0.001619874853529879,0,0,64,100993,1.5710464678704739
allen_cahn,transformer,coefficient,202,none,validation_best,test,96,0.0020364675878793057,0,0,64,100993,1.5710464678704739
allen_cahn,transformer,coefficient,202,none,final_step,test,64,0.001626706624223595,0,0,64,100993,
allen_cahn,transformer,coefficient,202,none,final_step,test,96,0.002005839765214068,0,0,64,100993,
allen_cahn,transformer,coefficient,202,none,validation_best,ood,64,0.2254506258153839,0,0,64,100993,1.5710464678704739
allen_cahn,transformer,coefficient,202,none,validation_best,ood,96,0.45093605426117733,0,0,64,100993,1.5710464678704739
allen_cahn,transformer,coefficient,202,none,final_step,ood,64,0.1907821669544436,0,0,64,100993,
allen_cahn,transformer,coefficient,202,none,final_step,ood,96,0.38230126669241926,0,0,64,100993,
allen_cahn,transformer,coefficient,202,response_matched,validation_best,test,64,0.0016097334997415835,0,0,64,100993,1.5336544485762715
allen_cahn,transformer,coefficient,202,response_matched,validation_best,test,96,0.0026055207949348498,0,0,64,100993,1.5336544485762715
allen_cahn,transformer,coefficient,202,response_matched,final_step,test,64,0.0016702984261925957,0,0,64,100993,
allen_cahn,transformer,coefficient,202,response_matched,final_step,test,96,0.002814815511511896,0,0,64,100993,
allen_cahn,transformer,coefficient,202,response_matched,validation_best,ood,64,0.7100632753762568,0,0,64,100993,1.5336544485762715
allen_cahn,transformer,coefficient,202,response_matched,validation_best,ood,96,1.01453505159886,0,0,64,100993,1.5336544485762715
allen_cahn,transformer,coefficient,202,response_matched,final_step,ood,64,0.703149286609289,0,0,64,100993,
allen_cahn,transformer,coefficient,202,response_matched,final_step,ood,96,1.018931377699308,0,0,64,100993,
allen_cahn,transformer,coefficient,202,smooth,validation_best,test,64,0.0008712771067781455,0,0,64,100993,1.6433929558843374
allen_cahn,transformer,coefficient,202,smooth,validation_best,test,96,0.0013109641492119462,0,0,64,100993,1.6433929558843374
allen_cahn,transformer,coefficient,202,smooth,final_step,test,64,0.0010542430420136806,0,0,64,100993,
allen_cahn,transformer,coefficient,202,smooth,final_step,test,96,0.0016505269767278508,0,0,64,100993,
allen_cahn,transformer,coefficient,202,smooth,validation_best,ood,64,0.5154453653567757,0,0,64,100993,1.6433929558843374
allen_cahn,transformer,coefficient,202,smooth,validation_best,ood,96,0.8673793549854499,0,0,64,100993,1.6433929558843374
allen_cahn,transformer,coefficient,202,smooth,final_step,ood,64,0.4980141692542688,0,0,64,100993,
allen_cahn,transformer,coefficient,202,smooth,final_step,ood,96,0.8423656787128333,0,0,64,100993,
allen_cahn,transformer,coefficient,303,iid,validation_best,test,64,0.0018099367153520118,0,0,64,100993,1.5311664436012506
allen_cahn,transformer,coefficient,303,iid,validation_best,test,96,0.0029781829217310207,0,0,64,100993,1.5311664436012506
allen_cahn,transformer,coefficient,303,iid,final_step,test,64,0.0018099367153520118,0,0,64,100993,
allen_cahn,transformer,coefficient,303,iid,final_step,test,96,0.0029781829217310207,0,0,64,100993,
allen_cahn,transformer,coefficient,303,iid,validation_best,ood,64,0.5423354905031204,0,0,64,100993,1.5311664436012506
allen_cahn,transformer,coefficient,303,iid,validation_best,ood,96,0.9423431057874534,0,0,64,100993,1.5311664436012506
allen_cahn,transformer,coefficient,303,iid,final_step,ood,64,0.5423354905031204,0,0,64,100993,
allen_cahn,transformer,coefficient,303,iid,final_step,ood,96,0.9423431057874534,0,0,64,100993,
allen_cahn,transformer,coefficient,303,none,validation_best,test,64,0.0019514408331480215,0,0,64,100993,1.7238854663446546
allen_cahn,transformer,coefficient,303,none,validation_best,test,96,0.002357262425208173,0,0,64,100993,1.7238854663446546
allen_cahn,transformer,coefficient,303,none,final_step,test,64,0.0019044391869339483,0,0,64,100993,
allen_cahn,transformer,coefficient,303,none,final_step,test,96,0.002493537046739158,0,0,64,100993,
allen_cahn,transformer,coefficient,303,none,validation_best,ood,64,0.12002450686027188,0,0,64,100993,1.7238854663446546
allen_cahn,transformer,coefficient,303,none,validation_best,ood,96,0.2128590887483668,0,0,64,100993,1.7238854663446546
allen_cahn,transformer,coefficient,303,none,final_step,ood,64,0.129110077541835,0,0,64,100993,
allen_cahn,transformer,coefficient,303,none,final_step,ood,96,0.2352661291978369,0,0,64,100993,
allen_cahn,transformer,coefficient,303,response_matched,validation_best,test,64,0.0017922535901266912,0,0,64,100993,1.5346629545092583
allen_cahn,transformer,coefficient,303,response_matched,validation_best,test,96,0.0028375867189218695,0,0,64,100993,1.5346629545092583
allen_cahn,transformer,coefficient,303,response_matched,final_step,test,64,0.0017922535901266912,0,0,64,100993,
allen_cahn,transformer,coefficient,303,response_matched,final_step,test,96,0.0028375867189218695,0,0,64,100993,
allen_cahn,transformer,coefficient,303,response_matched,validation_best,ood,64,0.5345115454194342,0,0,64,100993,1.5346629545092583
allen_cahn,transformer,coefficient,303,response_matched,validation_best,ood,96,0.8697441480964017,0,0,64,100993,1.5346629545092583
allen_cahn,transformer,coefficient,303,response_matched,final_step,ood,64,0.5345115454194342,0,0,64,100993,
allen_cahn,transformer,coefficient,303,response_matched,final_step,ood,96,0.8697441480964017,0,0,64,100993,
allen_cahn,transformer,coefficient,303,smooth,validation_best,test,64,0.0014638195940269716,0,0,64,100993,1.539738941937685
allen_cahn,transformer,coefficient,303,smooth,validation_best,test,96,0.002135327574704471,0,0,64,100993,1.539738941937685
allen_cahn,transformer,coefficient,303,smooth,final_step,test,64,0.0014638195940269716,0,0,64,100993,
allen_cahn,transformer,coefficient,303,smooth,final_step,test,96,0.002135327574704471,0,0,64,100993,
allen_cahn,transformer,coefficient,303,smooth,validation_best,ood,64,0.4070313109590913,0,0,64,100993,1.539738941937685
allen_cahn,transformer,coefficient,303,smooth,validation_best,ood,96,0.7659974972899544,0,0,64,100993,1.539738941937685
allen_cahn,transformer,coefficient,303,smooth,final_step,ood,64,0.4070313109590913,0,0,64,100993,
allen_cahn,transformer,coefficient,303,smooth,final_step,ood,96,0.7659974972899544,0,0,64,100993,
allen_cahn,transformer,coefficient,404,iid,validation_best,test,64,0.002900262598829584,0,0,64,100993,1.567957946099341
allen_cahn,transformer,coefficient,404,iid,validation_best,test,96,0.004717734468566789,0,0,64,100993,1.567957946099341
allen_cahn,transformer,coefficient,404,iid,final_step,test,64,0.002204214222718659,0,0,64,100993,
allen_cahn,transformer,coefficient,404,iid,final_step,test,96,0.003623278502679813,0,0,64,100993,
allen_cahn,transformer,coefficient,404,iid,validation_best,ood,64,0.2753187393810137,0,0,64,100993,1.567957946099341
allen_cahn,transformer,coefficient,404,iid,validation_best,ood,96,0.422168894873451,0,0,64,100993,1.567957946099341
allen_cahn,transformer,coefficient,404,iid,final_step,ood,64,0.42175811377647676,0,0,64,100993,
allen_cahn,transformer,coefficient,404,iid,final_step,ood,96,0.584550671787601,0,0,64,100993,
allen_cahn,transformer,coefficient,404,none,validation_best,test,64,0.0028833437686328622,0,0,64,100993,1.530499430373311
allen_cahn,transformer,coefficient,404,none,validation_best,test,96,0.0036123157223849254,0,0,64,100993,1.530499430373311
allen_cahn,transformer,coefficient,404,none,final_step,test,64,0.0028833437686328622,0,0,64,100993,
allen_cahn,transformer,coefficient,404,none,final_step,test,96,0.0036123157223849254,0,0,64,100993,
allen_cahn,transformer,coefficient,404,none,validation_best,ood,64,0.09296069853368838,0,0,64,100993,1.530499430373311
allen_cahn,transformer,coefficient,404,none,validation_best,ood,96,0.15594619275602462,0,0,64,100993,1.530499430373311
allen_cahn,transformer,coefficient,404,none,final_step,ood,64,0.09296069853368838,0,0,64,100993,
allen_cahn,transformer,coefficient,404,none,final_step,ood,96,0.15594619275602462,0,0,64,100993,
allen_cahn,transformer,coefficient,404,response_matched,validation_best,test,64,0.002932394103598912,0,0,64,100993,1.5646694460883737
allen_cahn,transformer,coefficient,404,response_matched,validation_best,test,96,0.004933460558123123,0,0,64,100993,1.5646694460883737
allen_cahn,transformer,coefficient,404,response_matched,final_step,test,64,0.0022477622232093264,0,0,64,100993,
allen_cahn,transformer,coefficient,404,response_matched,final_step,test,96,0.0038048684797744588,0,0,64,100993,
allen_cahn,transformer,coefficient,404,response_matched,validation_best,ood,64,0.419186409026139,0,0,64,100993,1.5646694460883737
allen_cahn,transformer,coefficient,404,response_matched,validation_best,ood,96,0.5744870170661708,0,0,64,100993,1.5646694460883737
allen_cahn,transformer,coefficient,404,response_matched,final_step,ood,64,0.45329540572410565,0,0,64,100993,
allen_cahn,transformer,coefficient,404,response_matched,final_step,ood,96,0.6143489727516946,0,0,64,100993,
allen_cahn,transformer,coefficient,404,smooth,validation_best,test,64,0.0017149510096136633,0,0,64,100993,1.5341129386797547
allen_cahn,transformer,coefficient,404,smooth,validation_best,test,96,0.0027113901749632463,0,0,64,100993,1.5341129386797547
allen_cahn,transformer,coefficient,404,smooth,final_step,test,64,0.001784299803278655,0,0,64,100993,
allen_cahn,transformer,coefficient,404,smooth,final_step,test,96,0.002902600582105415,0,0,64,100993,
allen_cahn,transformer,coefficient,404,smooth,validation_best,ood,64,0.3234928788790725,0,0,64,100993,1.5341129386797547
allen_cahn,transformer,coefficient,404,smooth,validation_best,ood,96,0.4818867162868467,0,0,64,100993,1.5341129386797547
allen_cahn,transformer,coefficient,404,smooth,final_step,ood,64,0.3404104494631568,0,0,64,100993,
allen_cahn,transformer,coefficient,404,smooth,final_step,ood,96,0.5040987121617917,0,0,64,100993,
allen_cahn,transformer,coefficient,505,iid,validation_best,test,64,0.0018622207514441547,0,0,64,100993,1.5603139996528625
allen_cahn,transformer,coefficient,505,iid,validation_best,test,96,0.003006867751027764,0,0,64,100993,1.5603139996528625
allen_cahn,transformer,coefficient,505,iid,final_step,test,64,0.001487083928959132,0,0,64,100993,
allen_cahn,transformer,coefficient,505,iid,final_step,test,96,0.0024059108394107005,0,0,64,100993,
allen_cahn,transformer,coefficient,505,iid,validation_best,ood,64,0.2513444016219495,0,0,64,100993,1.5603139996528625
allen_cahn,transformer,coefficient,505,iid,validation_best,ood,96,0.3717507855518818,0,0,64,100993,1.5603139996528625
allen_cahn,transformer,coefficient,505,iid,final_step,ood,64,0.26735710813386504,0,0,64,100993,
allen_cahn,transformer,coefficient,505,iid,final_step,ood,96,0.3942954676275197,0,0,64,100993,
allen_cahn,transformer,coefficient,505,none,validation_best,test,64,0.0019306875714404925,0,0,64,100993,1.5294329496100545
allen_cahn,transformer,coefficient,505,none,validation_best,test,96,0.002397087020366858,0,0,64,100993,1.5294329496100545
allen_cahn,transformer,coefficient,505,none,final_step,test,64,0.0019306875714404925,0,0,64,100993,
allen_cahn,transformer,coefficient,505,none,final_step,test,96,0.002397087020366858,0,0,64,100993,
allen_cahn,transformer,coefficient,505,none,validation_best,ood,64,0.044478793792514626,0,0,64,100993,1.5294329496100545
allen_cahn,transformer,coefficient,505,none,validation_best,ood,96,0.08081155149182499,0,0,64,100993,1.5294329496100545
allen_cahn,transformer,coefficient,505,none,final_step,ood,64,0.044478793792514626,0,0,64,100993,
allen_cahn,transformer,coefficient,505,none,final_step,ood,96,0.08081155149182499,0,0,64,100993,
allen_cahn,transformer,coefficient,505,response_matched,validation_best,test,64,0.0022906855434143836,0,0,64,100993,1.5288689406588674
allen_cahn,transformer,coefficient,505,response_matched,validation_best,test,96,0.003384480357835192,0,0,64,100993,1.5288689406588674
allen_cahn,transformer,coefficient,505,response_matched,final_step,test,64,0.0023960100565779685,0,0,64,100993,
allen_cahn,transformer,coefficient,505,response_matched,final_step,test,96,0.00384691729470954,0,0,64,100993,
allen_cahn,transformer,coefficient,505,response_matched,validation_best,ood,64,0.29101887547712124,0,0,64,100993,1.5288689406588674
allen_cahn,transformer,coefficient,505,response_matched,validation_best,ood,96,0.4296764069400467,0,0,64,100993,1.5288689406588674
allen_cahn,transformer,coefficient,505,response_matched,final_step,ood,64,0.2910780098577703,0,0,64,100993,
allen_cahn,transformer,coefficient,505,response_matched,final_step,ood,96,0.4289884535564947,0,0,64,100993,
allen_cahn,transformer,coefficient,505,smooth,validation_best,test,64,0.0008679235423106335,0,0,64,100993,1.5319609548896551
allen_cahn,transformer,coefficient,505,smooth,validation_best,test,96,0.0013130178071314817,0,0,64,100993,1.5319609548896551
allen_cahn,transformer,coefficient,505,smooth,final_step,test,64,0.0008679235423106335,0,0,64,100993,
allen_cahn,transformer,coefficient,505,smooth,final_step,test,96,0.0013130178071314817,0,0,64,100993,
allen_cahn,transformer,coefficient,505,smooth,validation_best,ood,64,0.24675537129133573,0,0,64,100993,1.5319609548896551
allen_cahn,transformer,coefficient,505,smooth,validation_best,ood,96,0.46837112591250707,0,0,64,100993,1.5319609548896551
allen_cahn,transformer,coefficient,505,smooth,final_step,ood,64,0.24675537129133573,0,0,64,100993,
allen_cahn,transformer,coefficient,505,smooth,final_step,ood,96,0.46837112591250707,0,0,64,100993,
allen_cahn,transformer,coefficient,606,iid,validation_best,test,64,0.0014790929910610817,0,0,64,100993,1.529844943434
allen_cahn,transformer,coefficient,606,iid,validation_best,test,96,0.0025552983707934906,0,0,64,100993,1.529844943434
allen_cahn,transformer,coefficient,606,iid,final_step,test,64,0.0014790929910610817,0,0,64,100993,
allen_cahn,transformer,coefficient,606,iid,final_step,test,96,0.0025552983707934906,0,0,64,100993,
allen_cahn,transformer,coefficient,606,iid,validation_best,ood,64,0.7266349611655585,0,0,64,100993,1.529844943434
allen_cahn,transformer,coefficient,606,iid,validation_best,ood,96,0.9598889864804694,0,0,64,100993,1.529844943434
allen_cahn,transformer,coefficient,606,iid,final_step,ood,64,0.7266349611655585,0,0,64,100993,
allen_cahn,transformer,coefficient,606,iid,final_step,ood,96,0.9598889864804694,0,0,64,100993,
allen_cahn,transformer,coefficient,606,none,validation_best,test,64,0.0022272037070877326,0,0,64,100993,1.5314900083467364
allen_cahn,transformer,coefficient,606,none,validation_best,test,96,0.002638984378607286,0,0,64,100993,1.5314900083467364
allen_cahn,transformer,coefficient,606,none,final_step,test,64,0.0022272037070877326,0,0,64,100993,
allen_cahn,transformer,coefficient,606,none,final_step,test,96,0.002638984378607286,0,0,64,100993,
allen_cahn,transformer,coefficient,606,none,validation_best,ood,64,0.08026429211778918,0,0,64,100993,1.5314900083467364
allen_cahn,transformer,coefficient,606,none,validation_best,ood,96,0.13091053866005115,0,0,64,100993,1.5314900083467364
allen_cahn,transformer,coefficient,606,none,final_step,ood,64,0.08026429211778918,0,0,64,100993,
allen_cahn,transformer,coefficient,606,none,final_step,ood,96,0.13091053866005115,0,0,64,100993,
allen_cahn,transformer,coefficient,606,response_matched,validation_best,test,64,0.0014232364919691265,0,0,64,100993,1.5227939700707793
allen_cahn,transformer,coefficient,606,response_matched,validation_best,test,96,0.0023620988685232325,0,0,64,100993,1.5227939700707793
allen_cahn,transformer,coefficient,606,response_matched,final_step,test,64,0.0017355255916401413,0,0,64,100993,
allen_cahn,transformer,coefficient,606,response_matched,final_step,test,96,0.0030018322122076224,0,0,64,100993,
allen_cahn,transformer,coefficient,606,response_matched,validation_best,ood,64,0.7363818954681847,0,0,64,100993,1.5227939700707793
allen_cahn,transformer,coefficient,606,response_matched,validation_best,ood,96,0.9598073300288281,0,0,64,100993,1.5227939700707793
allen_cahn,transformer,coefficient,606,response_matched,final_step,ood,64,0.7639695795228931,0,0,64,100993,
allen_cahn,transformer,coefficient,606,response_matched,final_step,ood,96,0.9840647053112739,0,0,64,100993,
allen_cahn,transformer,coefficient,606,smooth,validation_best,test,64,0.0012324856679115925,0,0,64,100993,1.5343250008299947
allen_cahn,transformer,coefficient,606,smooth,validation_best,test,96,0.0019755269032885603,0,0,64,100993,1.5343250008299947
allen_cahn,transformer,coefficient,606,smooth,final_step,test,64,0.0012324856679115925,0,0,64,100993,
allen_cahn,transformer,coefficient,606,smooth,final_step,test,96,0.0019755269032885603,0,0,64,100993,
allen_cahn,transformer,coefficient,606,smooth,validation_best,ood,64,0.36164053460183254,0,0,64,100993,1.5343250008299947
allen_cahn,transformer,coefficient,606,smooth,validation_best,ood,96,0.595325369449616,0,0,64,100993,1.5343250008299947
allen_cahn,transformer,coefficient,606,smooth,final_step,ood,64,0.36164053460183254,0,0,64,100993,
allen_cahn,transformer,coefficient,606,smooth,final_step,ood,96,0.595325369449616,0,0,64,100993,
allen_cahn,transformer,correct,101,iid,validation_best,test,64,0.0013150694489315606,0,0,64,100993,1.5371124958619475
allen_cahn,transformer,correct,101,iid,validation_best,test,96,0.002046539022382647,0,0,64,100993,1.5371124958619475
allen_cahn,transformer,correct,101,iid,final_step,test,64,0.0013150694489315606,0,0,64,100993,
allen_cahn,transformer,correct,101,iid,final_step,test,96,0.002046539022382647,0,0,64,100993,
allen_cahn,transformer,correct,101,iid,validation_best,ood,64,0.41201410748094247,0,0,64,100993,1.5371124958619475
allen_cahn,transformer,correct,101,iid,validation_best,ood,96,0.6719140874090026,0,0,64,100993,1.5371124958619475
allen_cahn,transformer,correct,101,iid,final_step,ood,64,0.41201410748094247,0,0,64,100993,
allen_cahn,transformer,correct,101,iid,final_step,ood,96,0.6719140874090026,0,0,64,100993,
allen_cahn,transformer,correct,101,none,validation_best,test,64,0.0021182706713719357,0,0,64,100993,1.6464939806610346
allen_cahn,transformer,correct,101,none,validation_best,test,96,0.0028708314115923894,0,0,64,100993,1.6464939806610346
allen_cahn,transformer,correct,101,none,final_step,test,64,0.0021182706713719357,0,0,64,100993,
allen_cahn,transformer,correct,101,none,final_step,test,96,0.0028708314115923894,0,0,64,100993,
allen_cahn,transformer,correct,101,none,validation_best,ood,64,0.053426434246236276,0,0,64,100993,1.6464939806610346
allen_cahn,transformer,correct,101,none,validation_best,ood,96,0.09015066420539775,0,0,64,100993,1.6464939806610346
allen_cahn,transformer,correct,101,none,final_step,ood,64,0.053426434246236276,0,0,64,100993,
allen_cahn,transformer,correct,101,none,final_step,ood,96,0.09015066420539775,0,0,64,100993,
allen_cahn,transformer,correct,101,response_matched,validation_best,test,64,0.001696155376722852,0,0,64,100993,1.5635964926332235
allen_cahn,transformer,correct,101,response_matched,validation_best,test,96,0.00291672134283331,0,0,64,100993,1.5635964926332235
allen_cahn,transformer,correct,101,response_matched,final_step,test,64,0.001696155376722852,0,0,64,100993,
allen_cahn,transformer,correct,101,response_matched,final_step,test,96,0.00291672134283331,0,0,64,100993,
allen_cahn,transformer,correct,101,response_matched,validation_best,ood,64,0.3274709962399811,0,0,64,100993,1.5635964926332235
allen_cahn,transformer,correct,101,response_matched,validation_best,ood,96,0.47186597915500295,0,0,64,100993,1.5635964926332235
allen_cahn,transformer,correct,101,response_matched,final_step,ood,64,0.3274709962399811,0,0,64,100993,
allen_cahn,transformer,correct,101,response_matched,final_step,ood,96,0.47186597915500295,0,0,64,100993,
allen_cahn,transformer,correct,101,smooth,validation_best,test,64,0.0022691041732982864,0,0,64,100993,1.5774914296343923
allen_cahn,transformer,correct,101,smooth,validation_best,test,96,0.0033346773812780546,0,0,64,100993,1.5774914296343923
allen_cahn,transformer,correct,101,smooth,final_step,test,64,0.0014642722393434504,0,0,64,100993,
allen_cahn,transformer,correct,101,smooth,final_step,test,96,0.0019592147146389465,0,0,64,100993,
allen_cahn,transformer,correct,101,smooth,validation_best,ood,64,0.14375513627536307,0,0,64,100993,1.5774914296343923
allen_cahn,transformer,correct,101,smooth,validation_best,ood,96,0.2456335732175437,0,0,64,100993,1.5774914296343923
allen_cahn,transformer,correct,101,smooth,final_step,ood,64,0.15262229629562185,0,0,64,100993,
allen_cahn,transformer,correct,101,smooth,final_step,ood,96,0.27907184658816436,0,0,64,100993,
allen_cahn,transformer,correct,202,iid,validation_best,test,64,0.0011798680742026724,0,0,64,100993,1.5322109451517463
allen_cahn,transformer,correct,202,iid,validation_best,test,96,0.0018438383594209609,0,0,64,100993,1.5322109451517463
allen_cahn,transformer,correct,202,iid,final_step,test,64,0.0011449336149692568,0,0,64,100993,
allen_cahn,transformer,correct,202,iid,final_step,test,96,0.0018225029189071023,0,0,64,100993,
allen_cahn,transformer,correct,202,iid,validation_best,ood,64,0.584585235747852,0,0,64,100993,1.5322109451517463
allen_cahn,transformer,correct,202,iid,validation_best,ood,96,0.8105562637325647,0,0,64,100993,1.5322109451517463
allen_cahn,transformer,correct,202,iid,final_step,ood,64,0.5987974807949001,0,0,64,100993,
allen_cahn,transformer,correct,202,iid,final_step,ood,96,0.8228390028919534,0,0,64,100993,
allen_cahn,transformer,correct,202,none,validation_best,test,64,0.0016198778975239359,0,0,64,100993,1.5800959430634975
allen_cahn,transformer,correct,202,none,validation_best,test,96,0.002036473418498626,0,0,64,100993,1.5800959430634975
allen_cahn,transformer,correct,202,none,final_step,test,64,0.001626704248533728,0,0,64,100993,
allen_cahn,transformer,correct,202,none,final_step,test,96,0.0020058357057099276,0,0,64,100993,
allen_cahn,transformer,correct,202,none,validation_best,ood,64,0.22545004021891657,0,0,64,100993,1.5800959430634975
allen_cahn,transformer,correct,202,none,validation_best,ood,96,0.45093467556535904,0,0,64,100993,1.5800959430634975
allen_cahn,transformer,correct,202,none,final_step,ood,64,0.1907813151257045,0,0,64,100993,
allen_cahn,transformer,correct,202,none,final_step,ood,96,0.3822993414378951,0,0,64,100993,
allen_cahn,transformer,correct,202,response_matched,validation_best,test,64,0.0019489160034120712,0,0,64,100993,1.5427499311044812
allen_cahn,transformer,correct,202,response_matched,validation_best,test,96,0.0033591041530720567,0,0,64,100993,1.5427499311044812
allen_cahn,transformer,correct,202,response_matched,final_step,test,64,0.0020397905709327313,0,0,64,100993,
allen_cahn,transformer,correct,202,response_matched,final_step,test,96,0.0037434099959866205,0,0,64,100993,
allen_cahn,transformer,correct,202,response_matched,validation_best,ood,64,0.7790176429676876,0,0,64,100993,1.5427499311044812
allen_cahn,transformer,correct,202,response_matched,validation_best,ood,96,1.014034640993259,0,0,64,100993,1.5427499311044812
allen_cahn,transformer,correct,202,response_matched,final_step,ood,64,0.7726676155999144,0,0,64,100993,
allen_cahn,transformer,correct,202,response_matched,final_step,ood,96,1.0091617952457832,0,0,64,100993,
allen_cahn,transformer,correct,202,smooth,validation_best,test,64,0.0009401478442054301,0,0,64,100993,1.5858339611440897
allen_cahn,transformer,correct,202,smooth,validation_best,test,96,0.0014824389655880474,0,0,64,100993,1.5858339611440897
allen_cahn,transformer,correct,202,smooth,final_step,test,64,0.0007269595963990405,0,0,64,100993,
allen_cahn,transformer,correct,202,smooth,final_step,test,96,0.0010833851829481673,0,0,64,100993,
allen_cahn,transformer,correct,202,smooth,validation_best,ood,64,0.46725187021482384,0,0,64,100993,1.5858339611440897
allen_cahn,transformer,correct,202,smooth,validation_best,ood,96,0.7887965549800242,0,0,64,100993,1.5858339611440897
allen_cahn,transformer,correct,202,smooth,final_step,ood,64,0.4329504179041379,0,0,64,100993,
allen_cahn,transformer,correct,202,smooth,final_step,ood,96,0.7314727136497083,0,0,64,100993,
allen_cahn,transformer,correct,303,iid,validation_best,test,64,0.0019978134340903897,0,0,64,100993,1.536730956286192
allen_cahn,transformer,correct,303,iid,validation_best,test,96,0.003034181954406819,0,0,64,100993,1.536730956286192
allen_cahn,transformer,correct,303,iid,final_step,test,64,0.00210453992094195,0,0,64,100993,
allen_cahn,transformer,correct,303,iid,final_step,test,96,0.003046169440522754,0,0,64,100993,
allen_cahn,transformer,correct,303,iid,validation_best,ood,64,0.540076598659951,0,0,64,100993,1.536730956286192
allen_cahn,transformer,correct,303,iid,validation_best,ood,96,0.8871858058242216,0,0,64,100993,1.536730956286192
allen_cahn,transformer,correct,303,iid,final_step,ood,64,0.570487979502559,0,0,64,100993,
allen_cahn,transformer,correct,303,iid,final_step,ood,96,0.929243451310261,0,0,64,100993,
allen_cahn,transformer,correct,303,none,validation_best,test,64,0.0019514365421385849,0,0,64,100993,1.5731584979221225
allen_cahn,transformer,correct,303,none,validation_best,test,96,0.0023572565650216886,0,0,64,100993,1.5731584979221225
allen_cahn,transformer,correct,303,none,final_step,test,64,0.0019044420451358457,0,0,64,100993,
allen_cahn,transformer,correct,303,none,final_step,test,96,0.002493542175446839,0,0,64,100993,
allen_cahn,transformer,correct,303,none,validation_best,ood,64,0.12002541044806314,0,0,64,100993,1.5731584979221225
allen_cahn,transformer,correct,303,none,validation_best,ood,96,0.21286103452574778,0,0,64,100993,1.5731584979221225
allen_cahn,transformer,correct,303,none,final_step,ood,64,0.1291104668323353,0,0,64,100993,
allen_cahn,transformer,correct,303,none,final_step,ood,96,0.23526692818494985,0,0,64,100993,
allen_cahn,transformer,correct,303,response_matched,validation_best,test,64,0.0024796202585236626,0,0,64,100993,1.5374780166894197
allen_cahn,transformer,correct,303,response_matched,validation_best,test,96,0.0038206155078678674,0,0,64,100993,1.5374780166894197
allen_cahn,transformer,correct,303,response_matched,final_step,test,64,0.002449261234961253,0,0,64,100993,
allen_cahn,transformer,correct,303,response_matched,final_step,test,96,0.003633006667738507,0,0,64,100993,
allen_cahn,transformer,correct,303,response_matched,validation_best,ood,64,0.810923553516659,0,0,64,100993,1.5374780166894197
allen_cahn,transformer,correct,303,response_matched,validation_best,ood,96,1.160116239708562,0,0,64,100993,1.5374780166894197
allen_cahn,transformer,correct,303,response_matched,final_step,ood,64,0.7985417290238956,0,0,64,100993,
allen_cahn,transformer,correct,303,response_matched,final_step,ood,96,1.1424160273588768,0,0,64,100993,
allen_cahn,transformer,correct,303,smooth,validation_best,test,64,0.001287131325795332,0,0,64,100993,1.6350754536688328
allen_cahn,transformer,correct,303,smooth,validation_best,test,96,0.0019178448408084061,0,0,64,100993,1.6350754536688328
allen_cahn,transformer,correct,303,smooth,final_step,test,64,0.0016926998109343394,0,0,64,100993,
allen_cahn,transformer,correct,303,smooth,final_step,test,96,0.003028317025829767,0,0,64,100993,
allen_cahn,transformer,correct,303,smooth,validation_best,ood,64,0.401987171847459,0,0,64,100993,1.6350754536688328
allen_cahn,transformer,correct,303,smooth,validation_best,ood,96,0.7451898221182821,0,0,64,100993,1.6350754536688328
allen_cahn,transformer,correct,303,smooth,final_step,ood,64,0.4018186004870188,0,0,64,100993,
allen_cahn,transformer,correct,303,smooth,final_step,ood,96,0.7368019931819655,0,0,64,100993,
allen_cahn,transformer,correct,404,iid,validation_best,test,64,0.005423316921937593,0,0,64,100993,1.5371254878118634
allen_cahn,transformer,correct,404,iid,validation_best,test,96,0.0090710500226997,0,0,64,100993,1.5371254878118634
allen_cahn,transformer,correct,404,iid,final_step,test,64,0.0018701840215244458,0,0,64,100993,
allen_cahn,transformer,correct,404,iid,final_step,test,96,0.00318524159994793,0,0,64,100993,
allen_cahn,transformer,correct,404,iid,validation_best,ood,64,0.2684850984680267,0,0,64,100993,1.5371254878118634
allen_cahn,transformer,correct,404,iid,validation_best,ood,96,0.42739203170772555,0,0,64,100993,1.5371254878118634
allen_cahn,transformer,correct,404,iid,final_step,ood,64,0.5650205560051802,0,0,64,100993,
allen_cahn,transformer,correct,404,iid,final_step,ood,96,0.8083343858380468,0,0,64,100993,
allen_cahn,transformer,correct,404,none,validation_best,test,64,0.0028833247103747794,0,0,64,100993,1.613639947026968
allen_cahn,transformer,correct,404,none,validation_best,test,96,0.0036122798987179294,0,0,64,100993,1.613639947026968
allen_cahn,transformer,correct,404,none,final_step,test,64,0.0028833247103747794,0,0,64,100993,
allen_cahn,transformer,correct,404,none,final_step,test,96,0.0036122798987179294,0,0,64,100993,
allen_cahn,transformer,correct,404,none,validation_best,ood,64,0.09296071511740234,0,0,64,100993,1.613639947026968
allen_cahn,transformer,correct,404,none,validation_best,ood,96,0.15594619002631954,0,0,64,100993,1.613639947026968
allen_cahn,transformer,correct,404,none,final_step,ood,64,0.09296071511740234,0,0,64,100993,
allen_cahn,transformer,correct,404,none,final_step,ood,96,0.15594619002631954,0,0,64,100993,
allen_cahn,transformer,correct,404,response_matched,validation_best,test,64,0.0031386352774540605,0,0,64,100993,1.5362874371930957
allen_cahn,transformer,correct,404,response_matched,validation_best,test,96,0.005315496801938066,0,0,64,100993,1.5362874371930957
allen_cahn,transformer,correct,404,response_matched,final_step,test,64,0.0032608363830087805,0,0,64,100993,
allen_cahn,transformer,correct,404,response_matched,final_step,test,96,0.005740316672540416,0,0,64,100993,
allen_cahn,transformer,correct,404,response_matched,validation_best,ood,64,0.5690828897452036,0,0,64,100993,1.5362874371930957
allen_cahn,transformer,correct,404,response_matched,validation_best,ood,96,0.7817296546583256,0,0,64,100993,1.5362874371930957
allen_cahn,transformer,correct,404,response_matched,final_step,ood,64,0.5657322209828521,0,0,64,100993,
allen_cahn,transformer,correct,404,response_matched,final_step,ood,96,0.75554871599536,0,0,64,100993,
allen_cahn,transformer,correct,404,smooth,validation_best,test,64,0.002731879806236903,0,0,64,100993,1.578649994917214
allen_cahn,transformer,correct,404,smooth,validation_best,test,96,0.004104435459585535,0,0,64,100993,1.578649994917214
allen_cahn,transformer,correct,404,smooth,final_step,test,64,0.0019193630952540897,0,0,64,100993,
allen_cahn,transformer,correct,404,smooth,final_step,test,96,0.0030588089549608752,0,0,64,100993,
allen_cahn,transformer,correct,404,smooth,validation_best,ood,64,0.22329172333833824,0,0,64,100993,1.578649994917214
allen_cahn,transformer,correct,404,smooth,validation_best,ood,96,0.36719129949818097,0,0,64,100993,1.578649994917214
allen_cahn,transformer,correct,404,smooth,final_step,ood,64,0.2956870894174344,0,0,64,100993,
allen_cahn,transformer,correct,404,smooth,final_step,ood,96,0.4819332192890281,0,0,64,100993,
allen_cahn,transformer,correct,505,iid,validation_best,test,64,0.0028372827200406903,0,0,64,100993,1.6181389335542917
allen_cahn,transformer,correct,505,iid,validation_best,test,96,0.004357909058382366,0,0,64,100993,1.6181389335542917
allen_cahn,transformer,correct,505,iid,final_step,test,64,0.0021990454547619054,0,0,64,100993,
allen_cahn,transformer,correct,505,iid,final_step,test,96,0.003613866492578148,0,0,64,100993,
allen_cahn,transformer,correct,505,iid,validation_best,ood,64,0.1534038015103416,0,0,64,100993,1.6181389335542917
allen_cahn,transformer,correct,505,iid,validation_best,ood,96,0.2811302961912965,0,0,64,100993,1.6181389335542917
allen_cahn,transformer,correct,505,iid,final_step,ood,64,0.4648669728498902,0,0,64,100993,
allen_cahn,transformer,correct,505,iid,final_step,ood,96,0.7238539891074254,0,0,64,100993,
allen_cahn,transformer,correct,505,none,validation_best,test,64,0.0019306871265229453,0,0,64,100993,1.5644434839487076
allen_cahn,transformer,correct,505,none,validation_best,test,96,0.002397086744853542,0,0,64,100993,1.5644434839487076
allen_cahn,transformer,correct,505,none,final_step,test,64,0.0019306871265229453,0,0,64,100993,
allen_cahn,transformer,correct,505,none,final_step,test,96,0.002397086744853542,0,0,64,100993,
allen_cahn,transformer,correct,505,none,validation_best,ood,64,0.04447911733029741,0,0,64,100993,1.5644434839487076
allen_cahn,transformer,correct,505,none,validation_best,ood,96,0.08081232896430872,0,0,64,100993,1.5644434839487076
allen_cahn,transformer,correct,505,none,final_step,ood,64,0.04447911733029741,0,0,64,100993,
allen_cahn,transformer,correct,505,none,final_step,ood,96,0.08081232896430872,0,0,64,100993,
allen_cahn,transformer,correct,505,response_matched,validation_best,test,64,0.002312867408223118,0,0,64,100993,1.5420789597555995
allen_cahn,transformer,correct,505,response_matched,validation_best,test,96,0.004141254079792933,0,0,64,100993,1.5420789597555995
allen_cahn,transformer,correct,505,response_matched,final_step,test,64,0.002312867408223118,0,0,64,100993,
allen_cahn,transformer,correct,505,response_matched,final_step,test,96,0.004141254079792933,0,0,64,100993,
allen_cahn,transformer,correct,505,response_matched,validation_best,ood,64,0.43083804982998686,0,0,64,100993,1.5420789597555995
allen_cahn,transformer,correct,505,response_matched,validation_best,ood,96,0.5852972092667225,0,0,64,100993,1.5420789597555995
allen_cahn,transformer,correct,505,response_matched,final_step,ood,64,0.43083804982998686,0,0,64,100993,
allen_cahn,transformer,correct,505,response_matched,final_step,ood,96,0.5852972092667225,0,0,64,100993,
allen_cahn,transformer,correct,505,smooth,validation_best,test,64,0.001469812910818824,0,0,64,100993,1.5335794538259506
allen_cahn,transformer,correct,505,smooth,validation_best,test,96,0.002087213137821564,0,0,64,100993,1.5335794538259506
allen_cahn,transformer,correct,505,smooth,final_step,test,64,0.001469812910818824,0,0,64,100993,
allen_cahn,transformer,correct,505,smooth,final_step,test,96,0.002087213137821564,0,0,64,100993,
allen_cahn,transformer,correct,505,smooth,validation_best,ood,64,0.1703444716397513,0,0,64,100993,1.5335794538259506
allen_cahn,transformer,correct,505,smooth,validation_best,ood,96,0.3412904483528507,0,0,64,100993,1.5335794538259506
allen_cahn,transformer,correct,505,smooth,final_step,ood,64,0.1703444716397513,0,0,64,100993,
allen_cahn,transformer,correct,505,smooth,final_step,ood,96,0.3412904483528507,0,0,64,100993,
allen_cahn,transformer,correct,606,iid,validation_best,test,64,0.0020488532604069354,0,0,64,100993,1.5345074469223619
allen_cahn,transformer,correct,606,iid,validation_best,test,96,0.0034031434114854724,0,0,64,100993,1.5345074469223619
allen_cahn,transformer,correct,606,iid,final_step,test,64,0.002203992092967233,0,0,64,100993,
allen_cahn,transformer,correct,606,iid,final_step,test,96,0.003683545182052754,0,0,64,100993,
allen_cahn,transformer,correct,606,iid,validation_best,ood,64,0.5753552042532135,0,0,64,100993,1.5345074469223619
allen_cahn,transformer,correct,606,iid,validation_best,ood,96,0.7874923079276073,0,0,64,100993,1.5345074469223619
allen_cahn,transformer,correct,606,iid,final_step,ood,64,0.6183872591167017,0,0,64,100993,
allen_cahn,transformer,correct,606,iid,final_step,ood,96,0.8387235312034704,0,0,64,100993,
allen_cahn,transformer,correct,606,none,validation_best,test,64,0.0022272074533322694,0,0,64,100993,1.5535024460405111
allen_cahn,transformer,correct,606,none,validation_best,test,96,0.0026389872220337436,0,0,64,100993,1.5535024460405111
allen_cahn,transformer,correct,606,none,final_step,test,64,0.0022272074533322694,0,0,64,100993,
allen_cahn,transformer,correct,606,none,final_step,test,96,0.0026389872220337436,0,0,64,100993,
allen_cahn,transformer,correct,606,none,validation_best,ood,64,0.08026433659435206,0,0,64,100993,1.5535024460405111
allen_cahn,transformer,correct,606,none,validation_best,ood,96,0.13091068752523327,0,0,64,100993,1.5535024460405111
allen_cahn,transformer,correct,606,none,final_step,ood,64,0.08026433659435206,0,0,64,100993,
allen_cahn,transformer,correct,606,none,final_step,ood,96,0.13091068752523327,0,0,64,100993,
allen_cahn,transformer,correct,606,response_matched,validation_best,test,64,0.0026292480272366303,0,0,64,100993,1.5230949502438307
allen_cahn,transformer,correct,606,response_matched,validation_best,test,96,0.004430684686695866,0,0,64,100993,1.5230949502438307
allen_cahn,transformer,correct,606,response_matched,final_step,test,64,0.0021559120650387897,0,0,64,100993,
allen_cahn,transformer,correct,606,response_matched,final_step,test,96,0.0035396468760342152,0,0,64,100993,
allen_cahn,transformer,correct,606,response_matched,validation_best,ood,64,0.8026681255241215,0,0,64,100993,1.5230949502438307
allen_cahn,transformer,correct,606,response_matched,validation_best,ood,96,0.9973768138897489,0,0,64,100993,1.5230949502438307
allen_cahn,transformer,correct,606,response_matched,final_step,ood,64,0.7957833527802904,0,0,64,100993,
allen_cahn,transformer,correct,606,response_matched,final_step,ood,96,0.987844257366002,0,0,64,100993,
allen_cahn,transformer,correct,606,smooth,validation_best,test,64,0.0016608861318528345,0,0,64,100993,1.5379644464701414
allen_cahn,transformer,correct,606,smooth,validation_best,test,96,0.002389721054009253,0,0,64,100993,1.5379644464701414
allen_cahn,transformer,correct,606,smooth,final_step,test,64,0.0016944734918197257,0,0,64,100993,
allen_cahn,transformer,correct,606,smooth,final_step,test,96,0.0025606600221000555,0,0,64,100993,
allen_cahn,transformer,correct,606,smooth,validation_best,ood,64,0.19097463610036414,0,0,64,100993,1.5379644464701414
allen_cahn,transformer,correct,606,smooth,validation_best,ood,96,0.2918525835064069,0,0,64,100993,1.5379644464701414
allen_cahn,transformer,correct,606,smooth,final_step,ood,64,0.19633871180094076,0,0,64,100993,
allen_cahn,transformer,correct,606,smooth,final_step,ood,96,0.3024049391095076,0,0,64,100993,
burgers,fno,coefficient,101,iid,validation_best,test,64,0.0006719464667808359,0,0,64,209985,1.2596980668604374
burgers,fno,coefficient,101,iid,validation_best,test,96,0.0009918363813234364,0,0,64,209985,1.2596980668604374
burgers,fno,coefficient,101,iid,final_step,test,64,0.0020000006646005014,0,0,64,209985,
burgers,fno,coefficient,101,iid,final_step,test,96,0.0024883110653146725,0,0,64,209985,
burgers,fno,coefficient,101,iid,validation_best,ood,64,0.02953346504116383,0,0,64,209985,1.2596980668604374
burgers,fno,coefficient,101,iid,validation_best,ood,96,0.054970382891361094,0,0,64,209985,1.2596980668604374
burgers,fno,coefficient,101,iid,final_step,ood,64,0.03460498262226874,0,0,64,209985,
burgers,fno,coefficient,101,iid,final_step,ood,96,0.06136421484775134,0,0,64,209985,
burgers,fno,coefficient,101,none,validation_best,test,64,0.00042961353644460805,0,0,64,209985,1.3389521045610309
burgers,fno,coefficient,101,none,validation_best,test,96,0.0004909114582340642,0,0,64,209985,1.3389521045610309
burgers,fno,coefficient,101,none,final_step,test,64,0.0007993005031463,0,0,64,209985,
burgers,fno,coefficient,101,none,final_step,test,96,0.0009429983383601609,0,0,64,209985,
burgers,fno,coefficient,101,none,validation_best,ood,64,0.004315091545697203,0,0,64,209985,1.3389521045610309
burgers,fno,coefficient,101,none,validation_best,ood,96,0.005815779794965836,0,0,64,209985,1.3389521045610309
burgers,fno,coefficient,101,none,final_step,ood,64,0.003651514820145141,0,0,64,209985,
burgers,fno,coefficient,101,none,final_step,ood,96,0.004585369432639578,0,0,64,209985,
burgers,fno,coefficient,101,response_matched,validation_best,test,64,0.0006322965018925181,0,0,64,209985,1.344875548966229
burgers,fno,coefficient,101,response_matched,validation_best,test,96,0.0009698241425472136,0,0,64,209985,1.344875548966229
burgers,fno,coefficient,101,response_matched,final_step,test,64,0.0010618316169298397,0,0,64,209985,
burgers,fno,coefficient,101,response_matched,final_step,test,96,0.0014534869671494848,0,0,64,209985,
burgers,fno,coefficient,101,response_matched,validation_best,ood,64,0.026912858801139583,0,0,64,209985,1.344875548966229
burgers,fno,coefficient,101,response_matched,validation_best,ood,96,0.04853921987496301,0,0,64,209985,1.344875548966229
burgers,fno,coefficient,101,response_matched,final_step,ood,64,0.03612393702460548,0,0,64,209985,
burgers,fno,coefficient,101,response_matched,final_step,ood,96,0.0679521799602915,0,0,64,209985,
burgers,fno,coefficient,101,smooth,validation_best,test,64,0.0006633868676356076,0,0,64,209985,1.3508216012269258
burgers,fno,coefficient,101,smooth,validation_best,test,96,0.0007596691782856569,0,0,64,209985,1.3508216012269258
burgers,fno,coefficient,101,smooth,final_step,test,64,0.0012672535356296546,0,0,64,209985,
burgers,fno,coefficient,101,smooth,final_step,test,96,0.001507320890744887,0,0,64,209985,
burgers,fno,coefficient,101,smooth,validation_best,ood,64,0.0026553958599126876,0,0,64,209985,1.3508216012269258
burgers,fno,coefficient,101,smooth,validation_best,ood,96,0.00366397284092911,0,0,64,209985,1.3508216012269258
burgers,fno,coefficient,101,smooth,final_step,ood,64,0.002259680125789823,0,0,64,209985,
burgers,fno,coefficient,101,smooth,final_step,ood,96,0.0028970708184090734,0,0,64,209985,
burgers,fno,coefficient,202,iid,validation_best,test,64,0.0004073136232962439,0,0,64,209985,1.2547350721433759
burgers,fno,coefficient,202,iid,validation_best,test,96,0.0005203122265671049,0,0,64,209985,1.2547350721433759
burgers,fno,coefficient,202,iid,final_step,test,64,0.0008829878980364317,0,0,64,209985,
burgers,fno,coefficient,202,iid,final_step,test,96,0.0012021520625753505,0,0,64,209985,
burgers,fno,coefficient,202,iid,validation_best,ood,64,0.062310774708597805,0,0,64,209985,1.2547350721433759
burgers,fno,coefficient,202,iid,validation_best,ood,96,0.11488116963048257,0,0,64,209985,1.2547350721433759
burgers,fno,coefficient,202,iid,final_step,ood,64,0.027323796032734382,0,0,64,209985,
burgers,fno,coefficient,202,iid,final_step,ood,96,0.051400973769490634,0,0,64,209985,
burgers,fno,coefficient,202,none,validation_best,test,64,0.00034772525439348903,0,0,64,209985,1.3422305462881923
burgers,fno,coefficient,202,none,validation_best,test,96,0.0004067359411440546,0,0,64,209985,1.3422305462881923
burgers,fno,coefficient,202,none,final_step,test,64,0.002460370894316501,0,0,64,209985,
burgers,fno,coefficient,202,none,final_step,test,96,0.0032618778146319798,0,0,64,209985,
burgers,fno,coefficient,202,none,validation_best,ood,64,0.018586276224415,0,0,64,209985,1.3422305462881923
burgers,fno,coefficient,202,none,validation_best,ood,96,0.03090546558332844,0,0,64,209985,1.3422305462881923
burgers,fno,coefficient,202,none,final_step,ood,64,0.013427462048286654,0,0,64,209985,
burgers,fno,coefficient,202,none,final_step,ood,96,0.02367063746630697,0,0,64,209985,
burgers,fno,coefficient,202,response_matched,validation_best,test,64,0.0006739631790045192,0,0,64,209985,1.3463206123560667
burgers,fno,coefficient,202,response_matched,validation_best,test,96,0.000952942422752151,0,0,64,209985,1.3463206123560667
burgers,fno,coefficient,202,response_matched,final_step,test,64,0.0009187269791755687,0,0,64,209985,
burgers,fno,coefficient,202,response_matched,final_step,test,96,0.0013080752207033548,0,0,64,209985,
burgers,fno,coefficient,202,response_matched,validation_best,ood,64,0.053450453580369484,0,0,64,209985,1.3463206123560667
burgers,fno,coefficient,202,response_matched,validation_best,ood,96,0.09691482364148976,0,0,64,209985,1.3463206123560667
burgers,fno,coefficient,202,response_matched,final_step,ood,64,0.10399090115061327,0,0,64,209985,
burgers,fno,coefficient,202,response_matched,final_step,ood,96,0.2122662954861904,0,0,64,209985,
burgers,fno,coefficient,202,smooth,validation_best,test,64,0.0005505601548470435,0,0,64,209985,1.2894245563074946
burgers,fno,coefficient,202,smooth,validation_best,test,96,0.0006405072235382095,0,0,64,209985,1.2894245563074946
burgers,fno,coefficient,202,smooth,final_step,test,64,0.002326718119994846,0,0,64,209985,
burgers,fno,coefficient,202,smooth,final_step,test,96,0.0025854338765109964,0,0,64,209985,
burgers,fno,coefficient,202,smooth,validation_best,ood,64,0.00833259583166468,0,0,64,209985,1.2894245563074946
burgers,fno,coefficient,202,smooth,validation_best,ood,96,0.01204450232971303,0,0,64,209985,1.2894245563074946
burgers,fno,coefficient,202,smooth,final_step,ood,64,0.015445453336598913,0,0,64,209985,
burgers,fno,coefficient,202,smooth,final_step,ood,96,0.022083796026617843,0,0,64,209985,
burgers,fno,coefficient,303,iid,validation_best,test,64,0.0011988396649122018,0,0,64,209985,1.3415965484455228
burgers,fno,coefficient,303,iid,validation_best,test,96,0.001963022112299419,0,0,64,209985,1.3415965484455228
burgers,fno,coefficient,303,iid,final_step,test,64,0.001144085664728324,0,0,64,209985,
burgers,fno,coefficient,303,iid,final_step,test,96,0.0014075912459110412,0,0,64,209985,
burgers,fno,coefficient,303,iid,validation_best,ood,64,0.0063656500434356444,0,0,64,209985,1.3415965484455228
burgers,fno,coefficient,303,iid,validation_best,ood,96,0.012100008624193099,0,0,64,209985,1.3415965484455228
burgers,fno,coefficient,303,iid,final_step,ood,64,0.005956230027856502,0,0,64,209985,
burgers,fno,coefficient,303,iid,final_step,ood,96,0.009727009025364497,0,0,64,209985,
burgers,fno,coefficient,303,none,validation_best,test,64,0.0006650174927316458,0,0,64,209985,1.348851597867906
burgers,fno,coefficient,303,none,validation_best,test,96,0.0007846699707712162,0,0,64,209985,1.348851597867906
burgers,fno,coefficient,303,none,final_step,test,64,0.0030228951261743672,0,0,64,209985,
burgers,fno,coefficient,303,none,final_step,test,96,0.003811221776107927,0,0,64,209985,
burgers,fno,coefficient,303,none,validation_best,ood,64,0.013698320192617075,0,0,64,209985,1.348851597867906
burgers,fno,coefficient,303,none,validation_best,ood,96,0.017219488506735083,0,0,64,209985,1.348851597867906
burgers,fno,coefficient,303,none,final_step,ood,64,0.009273819277092879,0,0,64,209985,
burgers,fno,coefficient,303,none,final_step,ood,96,0.011195832820586681,0,0,64,209985,
burgers,fno,coefficient,303,response_matched,validation_best,test,64,0.0006606247252720493,0,0,64,209985,1.3438405701890588
burgers,fno,coefficient,303,response_matched,validation_best,test,96,0.0009077640556592419,0,0,64,209985,1.3438405701890588
burgers,fno,coefficient,303,response_matched,final_step,test,64,0.0007441022317341561,0,0,64,209985,
burgers,fno,coefficient,303,response_matched,final_step,test,96,0.001021387285725206,0,0,64,209985,
burgers,fno,coefficient,303,response_matched,validation_best,ood,64,0.00549317216018419,0,0,64,209985,1.3438405701890588
burgers,fno,coefficient,303,response_matched,validation_best,ood,96,0.007592781628880774,0,0,64,209985,1.3438405701890588
burgers,fno,coefficient,303,response_matched,final_step,ood,64,0.009426206817926386,0,0,64,209985,
burgers,fno,coefficient,303,response_matched,final_step,ood,96,0.014227539391455121,0,0,64,209985,
burgers,fno,coefficient,303,smooth,validation_best,test,64,0.0006133231921322951,0,0,64,209985,1.266430551186204
burgers,fno,coefficient,303,smooth,validation_best,test,96,0.0007859798645622197,0,0,64,209985,1.266430551186204
burgers,fno,coefficient,303,smooth,final_step,test,64,0.0006133231921322951,0,0,64,209985,
burgers,fno,coefficient,303,smooth,final_step,test,96,0.0007859798645622197,0,0,64,209985,
burgers,fno,coefficient,303,smooth,validation_best,ood,64,0.002807413569472561,0,0,64,209985,1.266430551186204
burgers,fno,coefficient,303,smooth,validation_best,ood,96,0.00446000839274648,0,0,64,209985,1.266430551186204
burgers,fno,coefficient,303,smooth,final_step,ood,64,0.002807413569472561,0,0,64,209985,
burgers,fno,coefficient,303,smooth,final_step,ood,96,0.00446000839274648,0,0,64,209985,
burgers,fno,coefficient,404,iid,validation_best,test,64,0.0012865371362622037,0,0,64,209985,1.3602416031062603
burgers,fno,coefficient,404,iid,validation_best,test,96,0.0015905335567617553,0,0,64,209985,1.3602416031062603
burgers,fno,coefficient,404,iid,final_step,test,64,0.0006479119235693401,0,0,64,209985,
burgers,fno,coefficient,404,iid,final_step,test,96,0.0008248406827160114,0,0,64,209985,
burgers,fno,coefficient,404,iid,validation_best,ood,64,0.011542479066749545,0,0,64,209985,1.3602416031062603
burgers,fno,coefficient,404,iid,validation_best,ood,96,0.01777957692237105,0,0,64,209985,1.3602416031062603
burgers,fno,coefficient,404,iid,final_step,ood,64,0.00811731222827572,0,0,64,209985,
burgers,fno,coefficient,404,iid,final_step,ood,96,0.013754331308649226,0,0,64,209985,
burgers,fno,coefficient,404,none,validation_best,test,64,0.0011064561168229571,0,0,64,209985,1.2557730544358492
burgers,fno,coefficient,404,none,validation_best,test,96,0.0012917205739523153,0,0,64,209985,1.2557730544358492
burgers,fno,coefficient,404,none,final_step,test,64,0.0013654868588131135,0,0,64,209985,
burgers,fno,coefficient,404,none,final_step,test,96,0.0017601270653810224,0,0,64,209985,
burgers,fno,coefficient,404,none,validation_best,ood,64,0.015505789337410425,0,0,64,209985,1.2557730544358492
burgers,fno,coefficient,404,none,validation_best,ood,96,0.024358959675670956,0,0,64,209985,1.2557730544358492
burgers,fno,coefficient,404,none,final_step,ood,64,0.03641049711673039,0,0,64,209985,
burgers,fno,coefficient,404,none,final_step,ood,96,0.05573295878465741,0,0,64,209985,
burgers,fno,coefficient,404,response_matched,validation_best,test,64,0.0009001279453585836,0,0,64,209985,1.2567015597596765
burgers,fno,coefficient,404,response_matched,validation_best,test,96,0.0011888322058681382,0,0,64,209985,1.2567015597596765
burgers,fno,coefficient,404,response_matched,final_step,test,64,0.0008149518443348186,0,0,64,209985,
burgers,fno,coefficient,404,response_matched,final_step,test,96,0.0012109342465115211,0,0,64,209985,
burgers,fno,coefficient,404,response_matched,validation_best,ood,64,0.014471133626812405,0,0,64,209985,1.2567015597596765
burgers,fno,coefficient,404,response_matched,validation_best,ood,96,0.02114827239470622,0,0,64,209985,1.2567015597596765
burgers,fno,coefficient,404,response_matched,final_step,ood,64,0.01145946034798867,0,0,64,209985,
burgers,fno,coefficient,404,response_matched,final_step,ood,96,0.015186749869615322,0,0,64,209985,
burgers,fno,coefficient,404,smooth,validation_best,test,64,0.00048204820692110753,0,0,64,209985,1.2825226178392768
burgers,fno,coefficient,404,smooth,validation_best,test,96,0.0006205179272290978,0,0,64,209985,1.2825226178392768
burgers,fno,coefficient,404,smooth,final_step,test,64,0.0009298422667329276,0,0,64,209985,
burgers,fno,coefficient,404,smooth,final_step,test,96,0.0010457186535432668,0,0,64,209985,
burgers,fno,coefficient,404,smooth,validation_best,ood,64,0.01322113766529065,0,0,64,209985,1.2825226178392768
burgers,fno,coefficient,404,smooth,validation_best,ood,96,0.027758778463621216,0,0,64,209985,1.2825226178392768
burgers,fno,coefficient,404,smooth,final_step,ood,64,0.010022801173530105,0,0,64,209985,
burgers,fno,coefficient,404,smooth,final_step,ood,96,0.020726159730540705,0,0,64,209985,
burgers,fno,coefficient,505,iid,validation_best,test,64,0.0008949550615351687,0,0,64,209985,1.2520990567281842
burgers,fno,coefficient,505,iid,validation_best,test,96,0.0012883095587305493,0,0,64,209985,1.2520990567281842
burgers,fno,coefficient,505,iid,final_step,test,64,0.0013829987030089669,0,0,64,209985,
burgers,fno,coefficient,505,iid,final_step,test,96,0.002050850406934322,0,0,64,209985,
burgers,fno,coefficient,505,iid,validation_best,ood,64,0.017737080636823277,0,0,64,209985,1.2520990567281842
burgers,fno,coefficient,505,iid,validation_best,ood,96,0.02848345311352522,0,0,64,209985,1.2520990567281842
burgers,fno,coefficient,505,iid,final_step,ood,64,0.024874650687619404,0,0,64,209985,
burgers,fno,coefficient,505,iid,final_step,ood,96,0.05275441474147483,0,0,64,209985,
burgers,fno,coefficient,505,none,validation_best,test,64,0.0006309125189629689,0,0,64,209985,1.2400965439155698
burgers,fno,coefficient,505,none,validation_best,test,96,0.0009139977453016545,0,0,64,209985,1.2400965439155698
burgers,fno,coefficient,505,none,final_step,test,64,0.0010822434214862661,0,0,64,209985,
burgers,fno,coefficient,505,none,final_step,test,96,0.001366328000477678,0,0,64,209985,
burgers,fno,coefficient,505,none,validation_best,ood,64,0.010765342727630377,0,0,64,209985,1.2400965439155698
burgers,fno,coefficient,505,none,validation_best,ood,96,0.01589236214511774,0,0,64,209985,1.2400965439155698
burgers,fno,coefficient,505,none,final_step,ood,64,0.005611008043779293,0,0,64,209985,
burgers,fno,coefficient,505,none,final_step,ood,96,0.007945930924174102,0,0,64,209985,
burgers,fno,coefficient,505,response_matched,validation_best,test,64,0.0006035902315941061,0,0,64,209985,1.272099558264017
burgers,fno,coefficient,505,response_matched,validation_best,test,96,0.0007386290367833355,0,0,64,209985,1.272099558264017
burgers,fno,coefficient,505,response_matched,final_step,test,64,0.0011549457644950273,0,0,64,209985,
burgers,fno,coefficient,505,response_matched,final_step,test,96,0.0016370138526471305,0,0,64,209985,
burgers,fno,coefficient,505,response_matched,validation_best,ood,64,0.030498729831324678,0,0,64,209985,1.272099558264017
burgers,fno,coefficient,505,response_matched,validation_best,ood,96,0.051668640487645,0,0,64,209985,1.272099558264017
burgers,fno,coefficient,505,response_matched,final_step,ood,64,0.05338984744715303,0,0,64,209985,
burgers,fno,coefficient,505,response_matched,final_step,ood,96,0.11394583278908707,0,0,64,209985,
burgers,fno,coefficient,505,smooth,validation_best,test,64,0.0005186687247953192,0,0,64,209985,1.2395810568705201
burgers,fno,coefficient,505,smooth,validation_best,test,96,0.0006061512442789008,0,0,64,209985,1.2395810568705201
burgers,fno,coefficient,505,smooth,final_step,test,64,0.0005186687247953192,0,0,64,209985,
burgers,fno,coefficient,505,smooth,final_step,test,96,0.0006061512442789008,0,0,64,209985,
burgers,fno,coefficient,505,smooth,validation_best,ood,64,0.004779512283881487,0,0,64,209985,1.2395810568705201
burgers,fno,coefficient,505,smooth,validation_best,ood,96,0.007829094781645637,0,0,64,209985,1.2395810568705201
burgers,fno,coefficient,505,smooth,final_step,ood,64,0.004779512283881487,0,0,64,209985,
burgers,fno,coefficient,505,smooth,final_step,ood,96,0.007829094781645637,0,0,64,209985,
burgers,fno,coefficient,606,iid,validation_best,test,64,0.0005131149647997213,0,0,64,209985,1.2578025925904512
burgers,fno,coefficient,606,iid,validation_best,test,96,0.0006668054818536792,0,0,64,209985,1.2578025925904512
burgers,fno,coefficient,606,iid,final_step,test,64,0.0033185748653041525,0,0,64,209985,
burgers,fno,coefficient,606,iid,final_step,test,96,0.00436969549740727,0,0,64,209985,
burgers,fno,coefficient,606,iid,validation_best,ood,64,0.0036967551758757544,0,0,64,209985,1.2578025925904512
burgers,fno,coefficient,606,iid,validation_best,ood,96,0.005654501492393216,0,0,64,209985,1.2578025925904512
burgers,fno,coefficient,606,iid,final_step,ood,64,0.004440221150789847,0,0,64,209985,
burgers,fno,coefficient,606,iid,final_step,ood,96,0.006983169075048404,0,0,64,209985,
burgers,fno,coefficient,606,none,validation_best,test,64,0.0007258771587632436,0,0,64,209985,1.2390260584652424
burgers,fno,coefficient,606,none,validation_best,test,96,0.0009986033668625861,0,0,64,209985,1.2390260584652424
burgers,fno,coefficient,606,none,final_step,test,64,0.0012647153768583566,0,0,64,209985,
burgers,fno,coefficient,606,none,final_step,test,96,0.0016604460863874578,0,0,64,209985,
burgers,fno,coefficient,606,none,validation_best,ood,64,0.03921306821517259,0,0,64,209985,1.2390260584652424
burgers,fno,coefficient,606,none,validation_best,ood,96,0.05330382524371437,0,0,64,209985,1.2390260584652424
burgers,fno,coefficient,606,none,final_step,ood,64,0.04208483360769222,0,0,64,209985,
burgers,fno,coefficient,606,none,final_step,ood,96,0.05991096887156999,0,0,64,209985,
burgers,fno,coefficient,606,response_matched,validation_best,test,64,0.0006199970539477392,0,0,64,209985,1.25085455365479
burgers,fno,coefficient,606,response_matched,validation_best,test,96,0.0007902668375860724,0,0,64,209985,1.25085455365479
burgers,fno,coefficient,606,response_matched,final_step,test,64,0.0022788532111643334,0,0,64,209985,
burgers,fno,coefficient,606,response_matched,final_step,test,96,0.0029036992711676257,0,0,64,209985,
burgers,fno,coefficient,606,response_matched,validation_best,ood,64,0.0029136429343332715,0,0,64,209985,1.25085455365479
burgers,fno,coefficient,606,response_matched,validation_best,ood,96,0.004528960146512459,0,0,64,209985,1.25085455365479
burgers,fno,coefficient,606,response_matched,final_step,ood,64,0.0057222086646673,0,0,64,209985,
burgers,fno,coefficient,606,response_matched,final_step,ood,96,0.008512945055677179,0,0,64,209985,
burgers,fno,coefficient,606,smooth,validation_best,test,64,0.0005991909375833056,0,0,64,209985,1.244344562292099
burgers,fno,coefficient,606,smooth,validation_best,test,96,0.0006752404927639736,0,0,64,209985,1.244344562292099
burgers,fno,coefficient,606,smooth,final_step,test,64,0.0005991909375833056,0,0,64,209985,
burgers,fno,coefficient,606,smooth,final_step,test,96,0.0006752404927639736,0,0,64,209985,
burgers,fno,coefficient,606,smooth,validation_best,ood,64,0.0028729559795001858,0,0,64,209985,1.244344562292099
burgers,fno,coefficient,606,smooth,validation_best,ood,96,0.0038741254463222075,0,0,64,209985,1.244344562292099
burgers,fno,coefficient,606,smooth,final_step,ood,64,0.0028729559795001858,0,0,64,209985,
burgers,fno,coefficient,606,smooth,final_step,ood,96,0.0038741254463222075,0,0,64,209985,
burgers,fno,correct,101,iid,validation_best,test,64,0.0004986952553014574,0,0,64,209985,1.238257042132318
burgers,fno,correct,101,iid,validation_best,test,96,0.0007973753123479629,0,0,64,209985,1.238257042132318
burgers,fno,correct,101,iid,final_step,test,64,0.0005729980495820935,0,0,64,209985,
burgers,fno,correct,101,iid,final_step,test,96,0.0008808660266981887,0,0,64,209985,
burgers,fno,correct,101,iid,validation_best,ood,64,0.040499341187628435,0,0,64,209985,1.238257042132318
burgers,fno,correct,101,iid,validation_best,ood,96,0.07567166485194014,0,0,64,209985,1.238257042132318
burgers,fno,correct,101,iid,final_step,ood,64,0.04399063645110246,0,0,64,209985,
burgers,fno,correct,101,iid,final_step,ood,96,0.08696683717456466,0,0,64,209985,
burgers,fno,correct,101,none,validation_best,test,64,0.00045677866352555364,0,0,64,209985,1.2257130583748221
burgers,fno,correct,101,none,validation_best,test,96,0.000530275393423463,0,0,64,209985,1.2257130583748221
burgers,fno,correct,101,none,final_step,test,64,0.001084063944650467,0,0,64,209985,
burgers,fno,correct,101,none,final_step,test,96,0.001291879197801772,0,0,64,209985,
burgers,fno,correct,101,none,validation_best,ood,64,0.005007007506337147,0,0,64,209985,1.2257130583748221
burgers,fno,correct,101,none,validation_best,ood,96,0.006863031567974853,0,0,64,209985,1.2257130583748221
burgers,fno,correct,101,none,final_step,ood,64,0.00395152592220524,0,0,64,209985,
burgers,fno,correct,101,none,final_step,ood,96,0.004930156591139398,0,0,64,209985,
burgers,fno,correct,101,response_matched,validation_best,test,64,0.00030553290356368293,0,0,64,209985,1.2272425927221775
burgers,fno,correct,101,response_matched,validation_best,test,96,0.00042932316251140473,0,0,64,209985,1.2272425927221775
burgers,fno,correct,101,response_matched,final_step,test,64,0.00048156523767269727,0,0,64,209985,
burgers,fno,correct,101,response_matched,final_step,test,96,0.0007105389221684865,0,0,64,209985,
burgers,fno,correct,101,response_matched,validation_best,ood,64,0.014668772461564172,0,0,64,209985,1.2272425927221775
burgers,fno,correct,101,response_matched,validation_best,ood,96,0.02559035490211814,0,0,64,209985,1.2272425927221775
burgers,fno,correct,101,response_matched,final_step,ood,64,0.015838634074016866,0,0,64,209985,
burgers,fno,correct,101,response_matched,final_step,ood,96,0.027196233105448425,0,0,64,209985,
burgers,fno,correct,101,smooth,validation_best,test,64,0.00021373899544883598,0,0,64,209985,1.5454156091436744
burgers,fno,correct,101,smooth,validation_best,test,96,0.00022008477708826182,0,0,64,209985,1.5454156091436744
burgers,fno,correct,101,smooth,final_step,test,64,0.000351604713814996,0,0,64,209985,
burgers,fno,correct,101,smooth,final_step,test,96,0.0003926982732260666,0,0,64,209985,
burgers,fno,correct,101,smooth,validation_best,ood,64,0.0019080757309765661,0,0,64,209985,1.5454156091436744
burgers,fno,correct,101,smooth,validation_best,ood,96,0.0023150286440051975,0,0,64,209985,1.5454156091436744
burgers,fno,correct,101,smooth,final_step,ood,64,0.002682777106823686,0,0,64,209985,
burgers,fno,correct,101,smooth,final_step,ood,96,0.003217500612084663,0,0,64,209985,
burgers,fno,correct,202,iid,validation_best,test,64,0.00046914442618032834,0,0,64,209985,1.2430175440385938
burgers,fno,correct,202,iid,validation_best,test,96,0.0006946781020432553,0,0,64,209985,1.2430175440385938
burgers,fno,correct,202,iid,final_step,test,64,0.0012427905744770082,0,0,64,209985,
burgers,fno,correct,202,iid,final_step,test,96,0.0017287432570253919,0,0,64,209985,
burgers,fno,correct,202,iid,validation_best,ood,64,0.0666879945077321,0,0,64,209985,1.2430175440385938
burgers,fno,correct,202,iid,validation_best,ood,96,0.13061169605759976,0,0,64,209985,1.2430175440385938
burgers,fno,correct,202,iid,final_step,ood,64,0.036178085611560884,0,0,64,209985,
burgers,fno,correct,202,iid,final_step,ood,96,0.07225745839034473,0,0,64,209985,
burgers,fno,correct,202,none,validation_best,test,64,0.00032756890716126134,0,0,64,209985,1.2476471019908786
burgers,fno,correct,202,none,validation_best,test,96,0.00037974543978537903,0,0,64,209985,1.2476471019908786
burgers,fno,correct,202,none,final_step,test,64,0.0029092867303422004,0,0,64,209985,
burgers,fno,correct,202,none,final_step,test,96,0.0038469421945319746,0,0,64,209985,
burgers,fno,correct,202,none,validation_best,ood,64,0.017863267403322836,0,0,64,209985,1.2476471019908786
burgers,fno,correct,202,none,validation_best,ood,96,0.029761629645857858,0,0,64,209985,1.2476471019908786
burgers,fno,correct,202,none,final_step,ood,64,0.013605328606069944,0,0,64,209985,
burgers,fno,correct,202,none,final_step,ood,96,0.02417471243375824,0,0,64,209985,
burgers,fno,correct,202,response_matched,validation_best,test,64,0.0006100369261512265,0,0,64,209985,1.2432120507583022
burgers,fno,correct,202,response_matched,validation_best,test,96,0.0009473702698842521,0,0,64,209985,1.2432120507583022
burgers,fno,correct,202,response_matched,final_step,test,64,0.000942147129520933,0,0,64,209985,
burgers,fno,correct,202,response_matched,final_step,test,96,0.0011864040416837466,0,0,64,209985,
burgers,fno,correct,202,response_matched,validation_best,ood,64,0.1098701639814017,0,0,64,209985,1.2432120507583022
burgers,fno,correct,202,response_matched,validation_best,ood,96,0.21643885942479574,0,0,64,209985,1.2432120507583022
burgers,fno,correct,202,response_matched,final_step,ood,64,0.08502103761287749,0,0,64,209985,
burgers,fno,correct,202,response_matched,final_step,ood,96,0.16743400316314333,0,0,64,209985,
burgers,fno,correct,202,smooth,validation_best,test,64,0.0002688536527681185,0,0,64,209985,1.2985836016014218
burgers,fno,correct,202,smooth,validation_best,test,96,0.0003128537609926145,0,0,64,209985,1.2985836016014218
burgers,fno,correct,202,smooth,final_step,test,64,0.0013882800382601507,0,0,64,209985,
burgers,fno,correct,202,smooth,final_step,test,96,0.0018852848271562654,0,0,64,209985,
burgers,fno,correct,202,smooth,validation_best,ood,64,0.011081643028663546,0,0,64,209985,1.2985836016014218
burgers,fno,correct,202,smooth,validation_best,ood,96,0.018468064577293518,0,0,64,209985,1.2985836016014218
burgers,fno,correct,202,smooth,final_step,ood,64,0.012033287771082812,0,0,64,209985,
burgers,fno,correct,202,smooth,final_step,ood,96,0.020211646226428938,0,0,64,209985,
burgers,fno,correct,303,iid,validation_best,test,64,0.00032402201595219116,0,0,64,209985,1.2796620605513453
burgers,fno,correct,303,iid,validation_best,test,96,0.0004600036288780104,0,0,64,209985,1.2796620605513453
burgers,fno,correct,303,iid,final_step,test,64,0.002280033810152446,0,0,64,209985,
burgers,fno,correct,303,iid,final_step,test,96,0.002863755909066318,0,0,64,209985,
burgers,fno,correct,303,iid,validation_best,ood,64,0.004914641979953144,0,0,64,209985,1.2796620605513453
burgers,fno,correct,303,iid,validation_best,ood,96,0.006612942004585712,0,0,64,209985,1.2796620605513453
burgers,fno,correct,303,iid,final_step,ood,64,0.007123491879600985,0,0,64,209985,
burgers,fno,correct,303,iid,final_step,ood,96,0.008682298854197357,0,0,64,209985,
burgers,fno,correct,303,none,validation_best,test,64,0.0006241618315491731,0,0,64,209985,1.242592604830861
burgers,fno,correct,303,none,validation_best,test,96,0.0007391827119415094,0,0,64,209985,1.242592604830861
burgers,fno,correct,303,none,final_step,test,64,0.013187143056544282,0,0,64,209985,
burgers,fno,correct,303,none,final_step,test,96,0.01604593177950849,0,0,64,209985,
burgers,fno,correct,303,none,validation_best,ood,64,0.014670570938330352,0,0,64,209985,1.242592604830861
burgers,fno,correct,303,none,validation_best,ood,96,0.018675541322770457,0,0,64,209985,1.242592604830861
burgers,fno,correct,303,none,final_step,ood,64,0.020799104980985972,0,0,64,209985,
burgers,fno,correct,303,none,final_step,ood,96,0.026460450412475505,0,0,64,209985,
burgers,fno,correct,303,response_matched,validation_best,test,64,0.0006779090150303355,0,0,64,209985,1.244722562842071
burgers,fno,correct,303,response_matched,validation_best,test,96,0.000994917726392111,0,0,64,209985,1.244722562842071
burgers,fno,correct,303,response_matched,final_step,test,64,0.0014264929322054046,0,0,64,209985,
burgers,fno,correct,303,response_matched,final_step,test,96,0.0018490710740087283,0,0,64,209985,
burgers,fno,correct,303,response_matched,validation_best,ood,64,0.017828939857830073,0,0,64,209985,1.244722562842071
burgers,fno,correct,303,response_matched,validation_best,ood,96,0.02985763585334289,0,0,64,209985,1.244722562842071
burgers,fno,correct,303,response_matched,final_step,ood,64,0.024875433957732174,0,0,64,209985,
burgers,fno,correct,303,response_matched,final_step,ood,96,0.03747520501459226,0,0,64,209985,
burgers,fno,correct,303,smooth,validation_best,test,64,0.00013157131190635885,0,0,64,209985,1.2435895623639226
burgers,fno,correct,303,smooth,validation_best,test,96,0.00014075076951712098,0,0,64,209985,1.2435895623639226
burgers,fno,correct,303,smooth,final_step,test,64,0.0005204023368264223,0,0,64,209985,
burgers,fno,correct,303,smooth,final_step,test,96,0.0006117217589247971,0,0,64,209985,
burgers,fno,correct,303,smooth,validation_best,ood,64,0.0033192558331736066,0,0,64,209985,1.2435895623639226
burgers,fno,correct,303,smooth,validation_best,ood,96,0.004176646584443351,0,0,64,209985,1.2435895623639226
burgers,fno,correct,303,smooth,final_step,ood,64,0.002768330225852045,0,0,64,209985,
burgers,fno,correct,303,smooth,final_step,ood,96,0.0035179208973259066,0,0,64,209985,
burgers,fno,correct,404,iid,validation_best,test,64,0.00031781984579781764,0,0,64,209985,1.2439250946044922
burgers,fno,correct,404,iid,validation_best,test,96,0.0004256524446306642,0,0,64,209985,1.2439250946044922
burgers,fno,correct,404,iid,final_step,test,64,0.0007091998616193772,0,0,64,209985,
burgers,fno,correct,404,iid,final_step,test,96,0.0009741194675037325,0,0,64,209985,
burgers,fno,correct,404,iid,validation_best,ood,64,0.012045255475897257,0,0,64,209985,1.2439250946044922
burgers,fno,correct,404,iid,validation_best,ood,96,0.015557322980565122,0,0,64,209985,1.2439250946044922
burgers,fno,correct,404,iid,final_step,ood,64,0.011722141338800562,0,0,64,209985,
burgers,fno,correct,404,iid,final_step,ood,96,0.015515200386118755,0,0,64,209985,
burgers,fno,correct,404,none,validation_best,test,64,0.0006761289796173228,0,0,64,209985,1.2545305537059903
burgers,fno,correct,404,none,validation_best,test,96,0.0008347712811572343,0,0,64,209985,1.2545305537059903
burgers,fno,correct,404,none,final_step,test,64,0.0006761289796173228,0,0,64,209985,
burgers,fno,correct,404,none,final_step,test,96,0.0008347712811572343,0,0,64,209985,
burgers,fno,correct,404,none,validation_best,ood,64,0.017378786776427235,0,0,64,209985,1.2545305537059903
burgers,fno,correct,404,none,validation_best,ood,96,0.028152505256879845,0,0,64,209985,1.2545305537059903
burgers,fno,correct,404,none,final_step,ood,64,0.017378786776427235,0,0,64,209985,
burgers,fno,correct,404,none,final_step,ood,96,0.028152505256879845,0,0,64,209985,
burgers,fno,correct,404,response_matched,validation_best,test,64,0.00025832569832996005,0,0,64,209985,1.2460245983675122
burgers,fno,correct,404,response_matched,validation_best,test,96,0.00033791463211600703,0,0,64,209985,1.2460245983675122
burgers,fno,correct,404,response_matched,final_step,test,64,0.0004896232713278333,0,0,64,209985,
burgers,fno,correct,404,response_matched,final_step,test,96,0.0007776757892419944,0,0,64,209985,
burgers,fno,correct,404,response_matched,validation_best,ood,64,0.017845667207282756,0,0,64,209985,1.2460245983675122
burgers,fno,correct,404,response_matched,validation_best,ood,96,0.02860632556717261,0,0,64,209985,1.2460245983675122
burgers,fno,correct,404,response_matched,final_step,ood,64,0.01605998346828963,0,0,64,209985,
burgers,fno,correct,404,response_matched,final_step,ood,96,0.02419591324729316,0,0,64,209985,
burgers,fno,correct,404,smooth,validation_best,test,64,0.0001773562046017375,0,0,64,209985,1.241544564254582
burgers,fno,correct,404,smooth,validation_best,test,96,0.00020009368055858186,0,0,64,209985,1.241544564254582
burgers,fno,correct,404,smooth,final_step,test,64,0.00022197819034550613,0,0,64,209985,
burgers,fno,correct,404,smooth,final_step,test,96,0.0002591415191488383,0,0,64,209985,
burgers,fno,correct,404,smooth,validation_best,ood,64,0.009812710634815203,0,0,64,209985,1.241544564254582
burgers,fno,correct,404,smooth,validation_best,ood,96,0.019762604153193343,0,0,64,209985,1.241544564254582
burgers,fno,correct,404,smooth,final_step,ood,64,0.008817966437039693,0,0,64,209985,
burgers,fno,correct,404,smooth,final_step,ood,96,0.01774845095420378,0,0,64,209985,
burgers,fno,correct,505,iid,validation_best,test,64,0.0003076101375076648,0,0,64,209985,1.402056566439569
burgers,fno,correct,505,iid,validation_best,test,96,0.00041908596477345517,0,0,64,209985,1.402056566439569
burgers,fno,correct,505,iid,final_step,test,64,0.0007523307849371733,0,0,64,209985,
burgers,fno,correct,505,iid,final_step,test,96,0.0011149633028399116,0,0,64,209985,
burgers,fno,correct,505,iid,validation_best,ood,64,0.019580784345537616,0,0,64,209985,1.402056566439569
burgers,fno,correct,505,iid,validation_best,ood,96,0.03385113762757086,0,0,64,209985,1.402056566439569
burgers,fno,correct,505,iid,final_step,ood,64,0.021601062578353147,0,0,64,209985,
burgers,fno,correct,505,iid,final_step,ood,96,0.03906077132580628,0,0,64,209985,
burgers,fno,correct,505,none,validation_best,test,64,0.0006496399691766075,0,0,64,209985,1.2941250577569008
burgers,fno,correct,505,none,validation_best,test,96,0.0010328385447624007,0,0,64,209985,1.2941250577569008
burgers,fno,correct,505,none,final_step,test,64,0.0013176821493493477,0,0,64,209985,
burgers,fno,correct,505,none,final_step,test,96,0.0016800527944655142,0,0,64,209985,
burgers,fno,correct,505,none,validation_best,ood,64,0.007662676742718588,0,0,64,209985,1.2941250577569008
burgers,fno,correct,505,none,validation_best,ood,96,0.010993319485838999,0,0,64,209985,1.2941250577569008
burgers,fno,correct,505,none,final_step,ood,64,0.008231790971881557,0,0,64,209985,
burgers,fno,correct,505,none,final_step,ood,96,0.012373764179034552,0,0,64,209985,
burgers,fno,correct,505,response_matched,validation_best,test,64,0.0004144431134015039,0,0,64,209985,1.284406054764986
burgers,fno,correct,505,response_matched,validation_best,test,96,0.0005318984128236439,0,0,64,209985,1.284406054764986
burgers,fno,correct,505,response_matched,final_step,test,64,0.0009868647623109197,0,0,64,209985,
burgers,fno,correct,505,response_matched,final_step,test,96,0.0017083997560240344,0,0,64,209985,
burgers,fno,correct,505,response_matched,validation_best,ood,64,0.05469045567445274,0,0,64,209985,1.284406054764986
burgers,fno,correct,505,response_matched,validation_best,ood,96,0.10994028427841762,0,0,64,209985,1.284406054764986
burgers,fno,correct,505,response_matched,final_step,ood,64,0.0329978151360617,0,0,64,209985,
burgers,fno,correct,505,response_matched,final_step,ood,96,0.06319447590385015,0,0,64,209985,
burgers,fno,correct,505,smooth,validation_best,test,64,0.00017326378552625504,0,0,64,209985,1.3925861101597548
burgers,fno,correct,505,smooth,validation_best,test,96,0.00022357523051816838,0,0,64,209985,1.3925861101597548
burgers,fno,correct,505,smooth,final_step,test,64,0.0009237327699693001,0,0,64,209985,
burgers,fno,correct,505,smooth,final_step,test,96,0.0010892626703604181,0,0,64,209985,
burgers,fno,correct,505,smooth,validation_best,ood,64,0.004245772756224925,0,0,64,209985,1.3925861101597548
burgers,fno,correct,505,smooth,validation_best,ood,96,0.005960750441903306,0,0,64,209985,1.3925861101597548
burgers,fno,correct,505,smooth,final_step,ood,64,0.007708687507017142,0,0,64,209985,
burgers,fno,correct,505,smooth,final_step,ood,96,0.011583202958896699,0,0,64,209985,
burgers,fno,correct,606,iid,validation_best,test,64,0.0003726083590683462,0,0,64,209985,1.2574446154758334
burgers,fno,correct,606,iid,validation_best,test,96,0.00045357522695696836,0,0,64,209985,1.2574446154758334
burgers,fno,correct,606,iid,final_step,test,64,0.0048391947576088,0,0,64,209985,
burgers,fno,correct,606,iid,final_step,test,96,0.006326310939845961,0,0,64,209985,
burgers,fno,correct,606,iid,validation_best,ood,64,0.002542837991244995,0,0,64,209985,1.2574446154758334
burgers,fno,correct,606,iid,validation_best,ood,96,0.003795175788631052,0,0,64,209985,1.2574446154758334
burgers,fno,correct,606,iid,final_step,ood,64,0.006603028280980777,0,0,64,209985,
burgers,fno,correct,606,iid,final_step,ood,96,0.010283088680757797,0,0,64,209985,
burgers,fno,correct,606,none,validation_best,test,64,0.0008770741979976775,0,0,64,209985,1.2594881001859903
burgers,fno,correct,606,none,validation_best,test,96,0.0011382060729147592,0,0,64,209985,1.2594881001859903
burgers,fno,correct,606,none,final_step,test,64,0.003173334453096907,0,0,64,209985,
burgers,fno,correct,606,none,final_step,test,96,0.004468286510019875,0,0,64,209985,
burgers,fno,correct,606,none,validation_best,ood,64,0.03802438998500371,0,0,64,209985,1.2594881001859903
burgers,fno,correct,606,none,validation_best,ood,96,0.05278451044086272,0,0,64,209985,1.2594881001859903
burgers,fno,correct,606,none,final_step,ood,64,0.03647618178474457,0,0,64,209985,
burgers,fno,correct,606,none,final_step,ood,96,0.04926109634190973,0,0,64,209985,
burgers,fno,correct,606,response_matched,validation_best,test,64,0.0003574263564540582,0,0,64,209985,1.3916580937802792
burgers,fno,correct,606,response_matched,validation_best,test,96,0.0005783949493086162,0,0,64,209985,1.3916580937802792
burgers,fno,correct,606,response_matched,final_step,test,64,0.0009252564108869488,0,0,64,209985,
burgers,fno,correct,606,response_matched,final_step,test,96,0.00149372184190009,0,0,64,209985,
burgers,fno,correct,606,response_matched,validation_best,ood,64,0.0039486999257590805,0,0,64,209985,1.3916580937802792
burgers,fno,correct,606,response_matched,validation_best,ood,96,0.006319912765861598,0,0,64,209985,1.3916580937802792
burgers,fno,correct,606,response_matched,final_step,ood,64,0.010529148218564321,0,0,64,209985,
burgers,fno,correct,606,response_matched,final_step,ood,96,0.01996136244998429,0,0,64,209985,
burgers,fno,correct,606,smooth,validation_best,test,64,0.0002599412173583523,0,0,64,209985,1.256111590191722
burgers,fno,correct,606,smooth,validation_best,test,96,0.00030104646984819607,0,0,64,209985,1.256111590191722
burgers,fno,correct,606,smooth,final_step,test,64,0.0002599412173583523,0,0,64,209985,
burgers,fno,correct,606,smooth,final_step,test,96,0.00030104646984819607,0,0,64,209985,
burgers,fno,correct,606,smooth,validation_best,ood,64,0.003534955170932663,0,0,64,209985,1.256111590191722
burgers,fno,correct,606,smooth,validation_best,ood,96,0.0049149728887212625,0,0,64,209985,1.256111590191722
burgers,fno,correct,606,smooth,final_step,ood,64,0.003534955170932663,0,0,64,209985,
burgers,fno,correct,606,smooth,final_step,ood,96,0.0049149728887212625,0,0,64,209985,
burgers,looped,coefficient,101,iid,validation_best,test,64,0.010424753638398343,0,0,64,34049,1.5377533854916692
burgers,looped,coefficient,101,iid,validation_best,test,96,0.011524814465584399,0,0,64,34049,1.5377533854916692
burgers,looped,coefficient,101,iid,final_step,test,64,0.010424753638398343,0,0,64,34049,
burgers,looped,coefficient,101,iid,final_step,test,96,0.011524814465584399,0,0,64,34049,
burgers,looped,coefficient,101,iid,validation_best,ood,64,0.2628165238136049,0,0,64,34049,1.5377533854916692
burgers,looped,coefficient,101,iid,validation_best,ood,96,0.32296639603478167,0,0,64,34049,1.5377533854916692
burgers,looped,coefficient,101,iid,final_step,ood,64,0.2628165238136049,0,0,64,34049,
burgers,looped,coefficient,101,iid,final_step,ood,96,0.32296639603478167,0,0,64,34049,
burgers,looped,coefficient,101,none,validation_best,test,64,0.009993702749412359,0,0,64,34049,1.6089859185740352
burgers,looped,coefficient,101,none,validation_best,test,96,0.010622030397532622,0,0,64,34049,1.6089859185740352
burgers,looped,coefficient,101,none,final_step,test,64,0.012667629852877393,0,0,64,34049,
burgers,looped,coefficient,101,none,final_step,test,96,0.014952817955327843,0,0,64,34049,
burgers,looped,coefficient,101,none,validation_best,ood,64,0.43587155874965333,0,0,64,34049,1.6089859185740352
burgers,looped,coefficient,101,none,validation_best,ood,96,0.6107656725617403,0,0,64,34049,1.6089859185740352
burgers,looped,coefficient,101,none,final_step,ood,64,0.5271416668337991,0,0,64,34049,
burgers,looped,coefficient,101,none,final_step,ood,96,0.7693922432281302,0,0,64,34049,
burgers,looped,coefficient,101,response_matched,validation_best,test,64,0.008507510682321362,0,0,64,34049,1.5637143980711699
burgers,looped,coefficient,101,response_matched,validation_best,test,96,0.008846066383450719,0,0,64,34049,1.5637143980711699
burgers,looped,coefficient,101,response_matched,final_step,test,64,0.008507510682321362,0,0,64,34049,
burgers,looped,coefficient,101,response_matched,final_step,test,96,0.008846066383450719,0,0,64,34049,
burgers,looped,coefficient,101,response_matched,validation_best,ood,64,0.25971559060231364,0,0,64,34049,1.5637143980711699
burgers,looped,coefficient,101,response_matched,validation_best,ood,96,0.3182081309875109,0,0,64,34049,1.5637143980711699
burgers,looped,coefficient,101,response_matched,final_step,ood,64,0.25971559060231364,0,0,64,34049,
burgers,looped,coefficient,101,response_matched,final_step,ood,96,0.3182081309875109,0,0,64,34049,
burgers,looped,coefficient,101,smooth,validation_best,test,64,0.011957857672606598,0,0,64,34049,1.5877983998507261
burgers,looped,coefficient,101,smooth,validation_best,test,96,0.01323688680597542,0,0,64,34049,1.5877983998507261
burgers,looped,coefficient,101,smooth,final_step,test,64,0.011957857672606598,0,0,64,34049,
burgers,looped,coefficient,101,smooth,final_step,test,96,0.01323688680597542,0,0,64,34049,
burgers,looped,coefficient,101,smooth,validation_best,ood,64,0.29404635506703514,0,0,64,34049,1.5877983998507261
burgers,looped,coefficient,101,smooth,validation_best,ood,96,0.36516512194451656,0,0,64,34049,1.5877983998507261
burgers,looped,coefficient,101,smooth,final_step,ood,64,0.29404635506703514,0,0,64,34049,
burgers,looped,coefficient,101,smooth,final_step,ood,96,0.36516512194451656,0,0,64,34049,
burgers,looped,coefficient,202,iid,validation_best,test,64,0.00818202599084572,0,0,64,34049,1.5377694508060813
burgers,looped,coefficient,202,iid,validation_best,test,96,0.009104950444526786,0,0,64,34049,1.5377694508060813
burgers,looped,coefficient,202,iid,final_step,test,64,0.015368974153523673,0,0,64,34049,
burgers,looped,coefficient,202,iid,final_step,test,96,0.02306623644462924,0,0,64,34049,
burgers,looped,coefficient,202,iid,validation_best,ood,64,0.30216676351711413,0,0,64,34049,1.5377694508060813
burgers,looped,coefficient,202,iid,validation_best,ood,96,0.4119918501543651,0,0,64,34049,1.5377694508060813
burgers,looped,coefficient,202,iid,final_step,ood,64,0.2890804141187129,0,0,64,34049,
burgers,looped,coefficient,202,iid,final_step,ood,96,0.384553222881293,0,0,64,34049,
burgers,looped,coefficient,202,none,validation_best,test,64,0.009018831049568132,0,0,64,34049,1.5917304204776883
burgers,looped,coefficient,202,none,validation_best,test,96,0.009889780633942117,0,0,64,34049,1.5917304204776883
burgers,looped,coefficient,202,none,final_step,test,64,0.01290739714049094,0,0,64,34049,
burgers,looped,coefficient,202,none,final_step,test,96,0.01803902839131144,0,0,64,34049,
burgers,looped,coefficient,202,none,validation_best,ood,64,0.3970592007626692,0,0,64,34049,1.5917304204776883
burgers,looped,coefficient,202,none,validation_best,ood,96,0.636504940695886,0,0,64,34049,1.5917304204776883
burgers,looped,coefficient,202,none,final_step,ood,64,0.34550727713985196,0,0,64,34049,
burgers,looped,coefficient,202,none,final_step,ood,96,0.5429039082764527,0,0,64,34049,
burgers,looped,coefficient,202,response_matched,validation_best,test,64,0.007480682458377519,0,0,64,34049,1.539208902977407
burgers,looped,coefficient,202,response_matched,validation_best,test,96,0.00861237166837873,0,0,64,34049,1.539208902977407
burgers,looped,coefficient,202,response_matched,final_step,test,64,0.007480682458377519,0,0,64,34049,
burgers,looped,coefficient,202,response_matched,final_step,test,96,0.00861237166837873,0,0,64,34049,
burgers,looped,coefficient,202,response_matched,validation_best,ood,64,0.34575106806401124,0,0,64,34049,1.539208902977407
burgers,looped,coefficient,202,response_matched,validation_best,ood,96,0.4721201138253501,0,0,64,34049,1.539208902977407
burgers,looped,coefficient,202,response_matched,final_step,ood,64,0.34575106806401124,0,0,64,34049,
burgers,looped,coefficient,202,response_matched,final_step,ood,96,0.4721201138253501,0,0,64,34049,
burgers,looped,coefficient,202,smooth,validation_best,test,64,0.008660750852313492,0,0,64,34049,1.570360898040235
burgers,looped,coefficient,202,smooth,validation_best,test,96,0.009608033028749536,0,0,64,34049,1.570360898040235
burgers,looped,coefficient,202,smooth,final_step,test,64,0.008660750852313492,0,0,64,34049,
burgers,looped,coefficient,202,smooth,final_step,test,96,0.009608033028749536,0,0,64,34049,
burgers,looped,coefficient,202,smooth,validation_best,ood,64,0.27401442886455385,0,0,64,34049,1.570360898040235
burgers,looped,coefficient,202,smooth,validation_best,ood,96,0.36555584653765527,0,0,64,34049,1.570360898040235
burgers,looped,coefficient,202,smooth,final_step,ood,64,0.27401442886455385,0,0,64,34049,
burgers,looped,coefficient,202,smooth,final_step,ood,96,0.36555584653765527,0,0,64,34049,
burgers,looped,coefficient,303,iid,validation_best,test,64,0.01244151701894447,0,0,64,34049,1.5424511162564158
burgers,looped,coefficient,303,iid,validation_best,test,96,0.013239457744443978,0,0,64,34049,1.5424511162564158
burgers,looped,coefficient,303,iid,final_step,test,64,0.01244151701894447,0,0,64,34049,
burgers,looped,coefficient,303,iid,final_step,test,96,0.013239457744443978,0,0,64,34049,
burgers,looped,coefficient,303,iid,validation_best,ood,64,3.6293281551532957,0,0,64,34049,1.5424511162564158
burgers,looped,coefficient,303,iid,validation_best,ood,96,8.819367790284176,0,0,64,34049,1.5424511162564158
burgers,looped,coefficient,303,iid,final_step,ood,64,3.6293281551532957,0,0,64,34049,
burgers,looped,coefficient,303,iid,final_step,ood,96,8.819367790284176,0,0,64,34049,
burgers,looped,coefficient,303,none,validation_best,test,64,0.017836618787031577,0,0,64,34049,1.615045894868672
burgers,looped,coefficient,303,none,validation_best,test,96,0.023135107292879226,0,0,64,34049,1.615045894868672
burgers,looped,coefficient,303,none,final_step,test,64,0.017836618787031577,0,0,64,34049,
burgers,looped,coefficient,303,none,final_step,test,96,0.023135107292879226,0,0,64,34049,
burgers,looped,coefficient,303,none,validation_best,ood,64,2.298105642002568,0,0,64,34049,1.615045894868672
burgers,looped,coefficient,303,none,validation_best,ood,96,5.530965415311859,0,0,64,34049,1.615045894868672
burgers,looped,coefficient,303,none,final_step,ood,64,2.298105642002568,0,0,64,34049,
burgers,looped,coefficient,303,none,final_step,ood,96,5.530965415311859,0,0,64,34049,
burgers,looped,coefficient,303,response_matched,validation_best,test,64,0.01372251183634976,0,0,64,34049,1.5408855397254229
burgers,looped,coefficient,303,response_matched,validation_best,test,96,0.016156259842518374,0,0,64,34049,1.5408855397254229
burgers,looped,coefficient,303,response_matched,final_step,test,64,0.01372251183634976,0,0,64,34049,
burgers,looped,coefficient,303,response_matched,final_step,test,96,0.016156259842518374,0,0,64,34049,
burgers,looped,coefficient,303,response_matched,validation_best,ood,64,2.6605590580058838,0,0,64,34049,1.5408855397254229
burgers,looped,coefficient,303,response_matched,validation_best,ood,96,6.724291406827875,0,0,64,34049,1.5408855397254229
burgers,looped,coefficient,303,response_matched,final_step,ood,64,2.6605590580058838,0,0,64,34049,
burgers,looped,coefficient,303,response_matched,final_step,ood,96,6.724291406827875,0,0,64,34049,
burgers,looped,coefficient,303,smooth,validation_best,test,64,0.012824551186166877,0,0,64,34049,1.5415871050208807
burgers,looped,coefficient,303,smooth,validation_best,test,96,0.013138453397438205,0,0,64,34049,1.5415871050208807
burgers,looped,coefficient,303,smooth,final_step,test,64,0.012824551186166877,0,0,64,34049,
burgers,looped,coefficient,303,smooth,final_step,test,96,0.013138453397438205,0,0,64,34049,
burgers,looped,coefficient,303,smooth,validation_best,ood,64,3.9255103949004493,0,0,64,34049,1.5415871050208807
burgers,looped,coefficient,303,smooth,validation_best,ood,96,9.28257211370789,0,0,64,34049,1.5415871050208807
burgers,looped,coefficient,303,smooth,final_step,ood,64,3.9255103949004493,0,0,64,34049,
burgers,looped,coefficient,303,smooth,final_step,ood,96,9.28257211370789,0,0,64,34049,
burgers,looped,coefficient,404,iid,validation_best,test,64,0.008465521834702616,0,0,64,34049,1.5389046166092157
burgers,looped,coefficient,404,iid,validation_best,test,96,0.009450899601064267,0,0,64,34049,1.5389046166092157
burgers,looped,coefficient,404,iid,final_step,test,64,0.009570081775194805,0,0,64,34049,
burgers,looped,coefficient,404,iid,final_step,test,96,0.01171489615583717,0,0,64,34049,
burgers,looped,coefficient,404,iid,validation_best,ood,64,0.56596009964926,0,0,64,34049,1.5389046166092157
burgers,looped,coefficient,404,iid,validation_best,ood,96,0.8441614613242714,0,0,64,34049,1.5389046166092157
burgers,looped,coefficient,404,iid,final_step,ood,64,0.5519699931466064,0,0,64,34049,
burgers,looped,coefficient,404,iid,final_step,ood,96,0.8210653298690479,0,0,64,34049,
burgers,looped,coefficient,404,none,validation_best,test,64,0.009010141121007176,0,0,64,34049,1.5374965500086546
burgers,looped,coefficient,404,none,validation_best,test,96,0.0100514230422164,0,0,64,34049,1.5374965500086546
burgers,looped,coefficient,404,none,final_step,test,64,0.009251651969983676,0,0,64,34049,
burgers,looped,coefficient,404,none,final_step,test,96,0.010595801850291409,0,0,64,34049,
burgers,looped,coefficient,404,none,validation_best,ood,64,0.4595437314274875,0,0,64,34049,1.5374965500086546
burgers,looped,coefficient,404,none,validation_best,ood,96,0.6360291013698429,0,0,64,34049,1.5374965500086546
burgers,looped,coefficient,404,none,final_step,ood,64,0.45089756995295005,0,0,64,34049,
burgers,looped,coefficient,404,none,final_step,ood,96,0.621739827248779,0,0,64,34049,
burgers,looped,coefficient,404,response_matched,validation_best,test,64,0.008225369552719908,0,0,64,34049,1.539219100959599
burgers,looped,coefficient,404,response_matched,validation_best,test,96,0.008902315439343944,0,0,64,34049,1.539219100959599
burgers,looped,coefficient,404,response_matched,final_step,test,64,0.008807752465666452,0,0,64,34049,
burgers,looped,coefficient,404,response_matched,final_step,test,96,0.01003550160516579,0,0,64,34049,
burgers,looped,coefficient,404,response_matched,validation_best,ood,64,0.5236814325500596,0,0,64,34049,1.539219100959599
burgers,looped,coefficient,404,response_matched,validation_best,ood,96,0.7531748993152382,0,0,64,34049,1.539219100959599
burgers,looped,coefficient,404,response_matched,final_step,ood,64,0.4994264561913795,0,0,64,34049,
burgers,looped,coefficient,404,response_matched,final_step,ood,96,0.7092467161342834,0,0,64,34049,
burgers,looped,coefficient,404,smooth,validation_best,test,64,0.008688718721532096,0,0,64,34049,1.5378971118479967
burgers,looped,coefficient,404,smooth,validation_best,test,96,0.008854967500347016,0,0,64,34049,1.5378971118479967
burgers,looped,coefficient,404,smooth,final_step,test,64,0.009011221630255029,0,0,64,34049,
burgers,looped,coefficient,404,smooth,final_step,test,96,0.009283547357688807,0,0,64,34049,
burgers,looped,coefficient,404,smooth,validation_best,ood,64,0.7513295185078022,0,0,64,34049,1.5378971118479967
burgers,looped,coefficient,404,smooth,validation_best,ood,96,1.1796345395091048,0,0,64,34049,1.5378971118479967
burgers,looped,coefficient,404,smooth,final_step,ood,64,0.6584152152717095,0,0,64,34049,
burgers,looped,coefficient,404,smooth,final_step,ood,96,1.0208548939116753,0,0,64,34049,
burgers,looped,coefficient,505,iid,validation_best,test,64,0.011786239868944559,0,0,64,34049,1.5389890875667334
burgers,looped,coefficient,505,iid,validation_best,test,96,0.016471184373191207,0,0,64,34049,1.5389890875667334
burgers,looped,coefficient,505,iid,final_step,test,64,0.011786239868944559,0,0,64,34049,
burgers,looped,coefficient,505,iid,final_step,test,96,0.016471184373191207,0,0,64,34049,
burgers,looped,coefficient,505,iid,validation_best,ood,64,0.3821117041993922,0,0,64,34049,1.5389890875667334
burgers,looped,coefficient,505,iid,validation_best,ood,96,0.518395512975097,0,0,64,34049,1.5389890875667334
burgers,looped,coefficient,505,iid,final_step,ood,64,0.3821117041993922,0,0,64,34049,
burgers,looped,coefficient,505,iid,final_step,ood,96,0.518395512975097,0,0,64,34049,
burgers,looped,coefficient,505,none,validation_best,test,64,0.012052841185957841,0,0,64,34049,1.5380971133708954
burgers,looped,coefficient,505,none,validation_best,test,96,0.014051177468489866,0,0,64,34049,1.5380971133708954
burgers,looped,coefficient,505,none,final_step,test,64,0.012052841185957841,0,0,64,34049,
burgers,looped,coefficient,505,none,final_step,test,96,0.014051177468489866,0,0,64,34049,
burgers,looped,coefficient,505,none,validation_best,ood,64,0.3433698705237873,0,0,64,34049,1.5380971133708954
burgers,looped,coefficient,505,none,validation_best,ood,96,0.46496988157550356,0,0,64,34049,1.5380971133708954
burgers,looped,coefficient,505,none,final_step,ood,64,0.3433698705237873,0,0,64,34049,
burgers,looped,coefficient,505,none,final_step,ood,96,0.46496988157550356,0,0,64,34049,
burgers,looped,coefficient,505,response_matched,validation_best,test,64,0.009816033187409368,0,0,64,34049,1.5417806105688214
burgers,looped,coefficient,505,response_matched,validation_best,test,96,0.012604164816634216,0,0,64,34049,1.5417806105688214
burgers,looped,coefficient,505,response_matched,final_step,test,64,0.009816033187409368,0,0,64,34049,
burgers,looped,coefficient,505,response_matched,final_step,test,96,0.012604164816634216,0,0,64,34049,
burgers,looped,coefficient,505,response_matched,validation_best,ood,64,0.43899837480112325,0,0,64,34049,1.5417806105688214
burgers,looped,coefficient,505,response_matched,validation_best,ood,96,0.5971781963263016,0,0,64,34049,1.5417806105688214
burgers,looped,coefficient,505,response_matched,final_step,ood,64,0.43899837480112325,0,0,64,34049,
burgers,looped,coefficient,505,response_matched,final_step,ood,96,0.5971781963263016,0,0,64,34049,
burgers,looped,coefficient,505,smooth,validation_best,test,64,0.010301172915894052,0,0,64,34049,1.5396195463836193
burgers,looped,coefficient,505,smooth,validation_best,test,96,0.01291027033911433,0,0,64,34049,1.5396195463836193
burgers,looped,coefficient,505,smooth,final_step,test,64,0.010301172915894052,0,0,64,34049,
burgers,looped,coefficient,505,smooth,final_step,test,96,0.01291027033911433,0,0,64,34049,
burgers,looped,coefficient,505,smooth,validation_best,ood,64,0.37412313098592875,0,0,64,34049,1.5396195463836193
burgers,looped,coefficient,505,smooth,validation_best,ood,96,0.5092369776108729,0,0,64,34049,1.5396195463836193
burgers,looped,coefficient,505,smooth,final_step,ood,64,0.37412313098592875,0,0,64,34049,
burgers,looped,coefficient,505,smooth,final_step,ood,96,0.5092369776108729,0,0,64,34049,
burgers,looped,coefficient,606,iid,validation_best,test,64,0.010466033018598608,0,0,64,34049,1.5376891009509563
burgers,looped,coefficient,606,iid,validation_best,test,96,0.01396130846994718,0,0,64,34049,1.5376891009509563
burgers,looped,coefficient,606,iid,final_step,test,64,0.010466033018598608,0,0,64,34049,
burgers,looped,coefficient,606,iid,final_step,test,96,0.01396130846994718,0,0,64,34049,
burgers,looped,coefficient,606,iid,validation_best,ood,64,0.9489898273672992,0,0,64,34049,1.5376891009509563
burgers,looped,coefficient,606,iid,validation_best,ood,96,1.5951341561785646,0,0,64,34049,1.5376891009509563
burgers,looped,coefficient,606,iid,final_step,ood,64,0.9489898273672992,0,0,64,34049,
burgers,looped,coefficient,606,iid,final_step,ood,96,1.5951341561785646,0,0,64,34049,
burgers,looped,coefficient,606,none,validation_best,test,64,0.008300616003414085,0,0,64,34049,1.5316046075895429
burgers,looped,coefficient,606,none,validation_best,test,96,0.008661948517210472,0,0,64,34049,1.5316046075895429
burgers,looped,coefficient,606,none,final_step,test,64,0.008300616003414085,0,0,64,34049,
burgers,looped,coefficient,606,none,final_step,test,96,0.008661948517210472,0,0,64,34049,
burgers,looped,coefficient,606,none,validation_best,ood,64,0.9148797272320621,0,0,64,34049,1.5316046075895429
burgers,looped,coefficient,606,none,validation_best,ood,96,1.5517365638686822,0,0,64,34049,1.5316046075895429
burgers,looped,coefficient,606,none,final_step,ood,64,0.9148797272320621,0,0,64,34049,
burgers,looped,coefficient,606,none,final_step,ood,96,1.5517365638686822,0,0,64,34049,
burgers,looped,coefficient,606,response_matched,validation_best,test,64,0.00821236690863758,0,0,64,34049,1.5402775490656495
burgers,looped,coefficient,606,response_matched,validation_best,test,96,0.009378911663643722,0,0,64,34049,1.5402775490656495
burgers,looped,coefficient,606,response_matched,final_step,test,64,0.00821236690863758,0,0,64,34049,
burgers,looped,coefficient,606,response_matched,final_step,test,96,0.009378911663643722,0,0,64,34049,
burgers,looped,coefficient,606,response_matched,validation_best,ood,64,0.9069337246914557,0,0,64,34049,1.5402775490656495
burgers,looped,coefficient,606,response_matched,validation_best,ood,96,1.4897189954259697,0,0,64,34049,1.5402775490656495
burgers,looped,coefficient,606,response_matched,final_step,ood,64,0.9069337246914557,0,0,64,34049,
burgers,looped,coefficient,606,response_matched,final_step,ood,96,1.4897189954259697,0,0,64,34049,
burgers,looped,coefficient,606,smooth,validation_best,test,64,0.008811923254786524,0,0,64,34049,1.566127547994256
burgers,looped,coefficient,606,smooth,validation_best,test,96,0.009791400229690161,0,0,64,34049,1.566127547994256
burgers,looped,coefficient,606,smooth,final_step,test,64,0.008811923254786524,0,0,64,34049,
burgers,looped,coefficient,606,smooth,final_step,test,96,0.009791400229690161,0,0,64,34049,
burgers,looped,coefficient,606,smooth,validation_best,ood,64,0.9822741932386805,0,0,64,34049,1.566127547994256
burgers,looped,coefficient,606,smooth,validation_best,ood,96,1.6521907442815782,0,0,64,34049,1.566127547994256
burgers,looped,coefficient,606,smooth,final_step,ood,64,0.9822741932386805,0,0,64,34049,
burgers,looped,coefficient,606,smooth,final_step,ood,96,1.6521907442815782,0,0,64,34049,
burgers,looped,correct,101,iid,validation_best,test,64,0.008526374634728162,0,0,64,34049,1.5376149443909526
burgers,looped,correct,101,iid,validation_best,test,96,0.009457566931427259,0,0,64,34049,1.5376149443909526
burgers,looped,correct,101,iid,final_step,test,64,0.008526374634728162,0,0,64,34049,
burgers,looped,correct,101,iid,final_step,test,96,0.009457566931427259,0,0,64,34049,
burgers,looped,correct,101,iid,validation_best,ood,64,0.2498430966941534,0,0,64,34049,1.5376149443909526
burgers,looped,correct,101,iid,validation_best,ood,96,0.3060856035977153,0,0,64,34049,1.5376149443909526
burgers,looped,correct,101,iid,final_step,ood,64,0.2498430966941534,0,0,64,34049,
burgers,looped,correct,101,iid,final_step,ood,96,0.3060856035977153,0,0,64,34049,
burgers,looped,correct,101,none,validation_best,test,64,0.009993793891067693,0,0,64,34049,1.5395028982311487
burgers,looped,correct,101,none,validation_best,test,96,0.010622161870788164,0,0,64,34049,1.5395028982311487
burgers,looped,correct,101,none,final_step,test,64,0.012667640684551507,0,0,64,34049,
burgers,looped,correct,101,none,final_step,test,96,0.014952828069091817,0,0,64,34049,
burgers,looped,correct,101,none,validation_best,ood,64,0.4358717542289128,0,0,64,34049,1.5395028982311487
burgers,looped,correct,101,none,validation_best,ood,96,0.6107660594193856,0,0,64,34049,1.5395028982311487
burgers,looped,correct,101,none,final_step,ood,64,0.5271426130284667,0,0,64,34049,
burgers,looped,correct,101,none,final_step,ood,96,0.7693935951786888,0,0,64,34049,
burgers,looped,correct,101,response_matched,validation_best,test,64,0.0102660879333063,0,0,64,34049,1.6868239035829902
burgers,looped,correct,101,response_matched,validation_best,test,96,0.011216786485801192,0,0,64,34049,1.6868239035829902
burgers,looped,correct,101,response_matched,final_step,test,64,0.011727489527924906,0,0,64,34049,
burgers,looped,correct,101,response_matched,final_step,test,96,0.01420729944657051,0,0,64,34049,
burgers,looped,correct,101,response_matched,validation_best,ood,64,0.26353183421363013,0,0,64,34049,1.6868239035829902
burgers,looped,correct,101,response_matched,validation_best,ood,96,0.3204111206384207,0,0,64,34049,1.6868239035829902
burgers,looped,correct,101,response_matched,final_step,ood,64,0.26908393302748834,0,0,64,34049,
burgers,looped,correct,101,response_matched,final_step,ood,96,0.3247971758057986,0,0,64,34049,
burgers,looped,correct,101,smooth,validation_best,test,64,0.01077703910608152,0,0,64,34049,1.5362134436145425
burgers,looped,correct,101,smooth,validation_best,test,96,0.012267620631599918,0,0,64,34049,1.5362134436145425
burgers,looped,correct,101,smooth,final_step,test,64,0.01077703910608152,0,0,64,34049,
burgers,looped,correct,101,smooth,final_step,test,96,0.012267620631599918,0,0,64,34049,
burgers,looped,correct,101,smooth,validation_best,ood,64,0.32043982287707706,0,0,64,34049,1.5362134436145425
burgers,looped,correct,101,smooth,validation_best,ood,96,0.4424625759989359,0,0,64,34049,1.5362134436145425
burgers,looped,correct,101,smooth,final_step,ood,64,0.32043982287707706,0,0,64,34049,
burgers,looped,correct,101,smooth,final_step,ood,96,0.4424625759989359,0,0,64,34049,
burgers,looped,correct,202,iid,validation_best,test,64,0.008090849425717028,0,0,64,34049,1.5684338985010982
burgers,looped,correct,202,iid,validation_best,test,96,0.01002510821155796,0,0,64,34049,1.5684338985010982
burgers,looped,correct,202,iid,final_step,test,64,0.008090849425717028,0,0,64,34049,
burgers,looped,correct,202,iid,final_step,test,96,0.01002510821155796,0,0,64,34049,
burgers,looped,correct,202,iid,validation_best,ood,64,0.3309777367953224,0,0,64,34049,1.5684338985010982
burgers,looped,correct,202,iid,validation_best,ood,96,0.4485682114378757,0,0,64,34049,1.5684338985010982
burgers,looped,correct,202,iid,final_step,ood,64,0.3309777367953224,0,0,64,34049,
burgers,looped,correct,202,iid,final_step,ood,96,0.4485682114378757,0,0,64,34049,
burgers,looped,correct,202,none,validation_best,test,64,0.009018848963942117,0,0,64,34049,1.5375663992017508
burgers,looped,correct,202,none,validation_best,test,96,0.009889821625417813,0,0,64,34049,1.5375663992017508
burgers,looped,correct,202,none,final_step,test,64,0.012907433220638143,0,0,64,34049,
burgers,looped,correct,202,none,final_step,test,96,0.018039098868005178,0,0,64,34049,
burgers,looped,correct,202,none,validation_best,ood,64,0.39705757995199775,0,0,64,34049,1.5375663992017508
burgers,looped,correct,202,none,validation_best,ood,96,0.6365012693748943,0,0,64,34049,1.5375663992017508
burgers,looped,correct,202,none,final_step,ood,64,0.34550537437055695,0,0,64,34049,
burgers,looped,correct,202,none,final_step,ood,96,0.5428996318681598,0,0,64,34049,
burgers,looped,correct,202,response_matched,validation_best,test,64,0.007131242959780959,0,0,64,34049,1.5873539028689265
burgers,looped,correct,202,response_matched,validation_best,test,96,0.009295640717099651,0,0,64,34049,1.5873539028689265
burgers,looped,correct,202,response_matched,final_step,test,64,0.007131242959780959,0,0,64,34049,
burgers,looped,correct,202,response_matched,final_step,test,96,0.009295640717099651,0,0,64,34049,
burgers,looped,correct,202,response_matched,validation_best,ood,64,0.4893751431804034,0,0,64,34049,1.5873539028689265
burgers,looped,correct,202,response_matched,validation_best,ood,96,0.6072582660829227,0,0,64,34049,1.5873539028689265
burgers,looped,correct,202,response_matched,final_step,ood,64,0.4893751431804034,0,0,64,34049,
burgers,looped,correct,202,response_matched,final_step,ood,96,0.6072582660829227,0,0,64,34049,
burgers,looped,correct,202,smooth,validation_best,test,64,0.007870988736967899,0,0,64,34049,1.5757713932543993
burgers,looped,correct,202,smooth,validation_best,test,96,0.008416024498434815,0,0,64,34049,1.5757713932543993
burgers,looped,correct,202,smooth,final_step,test,64,0.009729467833545336,0,0,64,34049,
burgers,looped,correct,202,smooth,final_step,test,96,0.011232633640655482,0,0,64,34049,
burgers,looped,correct,202,smooth,validation_best,ood,64,0.4151928463110437,0,0,64,34049,1.5757713932543993
burgers,looped,correct,202,smooth,validation_best,ood,96,0.6216176699480798,0,0,64,34049,1.5757713932543993
burgers,looped,correct,202,smooth,final_step,ood,64,0.2793222030159761,0,0,64,34049,
burgers,looped,correct,202,smooth,final_step,ood,96,0.3676896204421757,0,0,64,34049,
burgers,looped,correct,303,iid,validation_best,test,64,0.011898091478629302,0,0,64,34049,1.5398029005154967
burgers,looped,correct,303,iid,validation_best,test,96,0.012983597135218943,0,0,64,34049,1.5398029005154967
burgers,looped,correct,303,iid,final_step,test,64,0.011898091478629302,0,0,64,34049,
burgers,looped,correct,303,iid,final_step,test,96,0.012983597135218943,0,0,64,34049,
burgers,looped,correct,303,iid,validation_best,ood,64,2.721889815054258,0,0,64,34049,1.5398029005154967
burgers,looped,correct,303,iid,validation_best,ood,96,6.744437926599993,0,0,64,34049,1.5398029005154967
burgers,looped,correct,303,iid,final_step,ood,64,2.721889815054258,0,0,64,34049,
burgers,looped,correct,303,iid,final_step,ood,96,6.744437926599993,0,0,64,34049,
burgers,looped,correct,303,none,validation_best,test,64,0.017836646202926687,0,0,64,34049,1.5375054674223065
burgers,looped,correct,303,none,validation_best,test,96,0.023135153931219087,0,0,64,34049,1.5375054674223065
burgers,looped,correct,303,none,final_step,test,64,0.017836646202926687,0,0,64,34049,
burgers,looped,correct,303,none,final_step,test,96,0.023135153931219087,0,0,64,34049,
burgers,looped,correct,303,none,validation_best,ood,64,2.298107023823281,0,0,64,34049,1.5375054674223065
burgers,looped,correct,303,none,validation_best,ood,96,5.530968736900465,0,0,64,34049,1.5375054674223065
burgers,looped,correct,303,none,final_step,ood,64,2.298107023823281,0,0,64,34049,
burgers,looped,correct,303,none,final_step,ood,96,5.530968736900465,0,0,64,34049,
burgers,looped,correct,303,response_matched,validation_best,test,64,0.012177234012182181,0,0,64,34049,1.5387619147077203
burgers,looped,correct,303,response_matched,validation_best,test,96,0.013881737212223744,0,0,64,34049,1.5387619147077203
burgers,looped,correct,303,response_matched,final_step,test,64,0.011604826283060143,0,0,64,34049,
burgers,looped,correct,303,response_matched,final_step,test,96,0.014238798166889815,0,0,64,34049,
burgers,looped,correct,303,response_matched,validation_best,ood,64,1.2741127826866432,0,0,64,34049,1.5387619147077203
burgers,looped,correct,303,response_matched,validation_best,ood,96,3.128999879834737,0,0,64,34049,1.5387619147077203
burgers,looped,correct,303,response_matched,final_step,ood,64,0.8432798002759867,0,0,64,34049,
burgers,looped,correct,303,response_matched,final_step,ood,96,1.9449860237061452,0,0,64,34049,
burgers,looped,correct,303,smooth,validation_best,test,64,0.012460017108089416,0,0,64,34049,1.53971491381526
burgers,looped,correct,303,smooth,validation_best,test,96,0.012737806575477,0,0,64,34049,1.53971491381526
burgers,looped,correct,303,smooth,final_step,test,64,0.012460017108089416,0,0,64,34049,
burgers,looped,correct,303,smooth,final_step,test,96,0.012737806575477,0,0,64,34049,
burgers,looped,correct,303,smooth,validation_best,ood,64,3.701366387313719,0,0,64,34049,1.53971491381526
burgers,looped,correct,303,smooth,validation_best,ood,96,8.756041423225227,0,0,64,34049,1.53971491381526
burgers,looped,correct,303,smooth,final_step,ood,64,3.701366387313719,0,0,64,34049,
burgers,looped,correct,303,smooth,final_step,ood,96,8.756041423225227,0,0,64,34049,
burgers,looped,correct,404,iid,validation_best,test,64,0.008025002101573087,0,0,64,34049,1.5707639046013355
burgers,looped,correct,404,iid,validation_best,test,96,0.009303577769584237,0,0,64,34049,1.5707639046013355
burgers,looped,correct,404,iid,final_step,test,64,0.008025002101573087,0,0,64,34049,
burgers,looped,correct,404,iid,final_step,test,96,0.009303577769584237,0,0,64,34049,
burgers,looped,correct,404,iid,validation_best,ood,64,0.3453426540046287,0,0,64,34049,1.5707639046013355
burgers,looped,correct,404,iid,validation_best,ood,96,0.462172256724512,0,0,64,34049,1.5707639046013355
burgers,looped,correct,404,iid,final_step,ood,64,0.3453426540046287,0,0,64,34049,
burgers,looped,correct,404,iid,final_step,ood,96,0.462172256724512,0,0,64,34049,
burgers,looped,correct,404,none,validation_best,test,64,0.009010158344919916,0,0,64,34049,1.525806961581111
burgers,looped,correct,404,none,validation_best,test,96,0.010051455928759518,0,0,64,34049,1.525806961581111
burgers,looped,correct,404,none,final_step,test,64,0.009251658531571616,0,0,64,34049,
burgers,looped,correct,404,none,final_step,test,96,0.010595825900540163,0,0,64,34049,
burgers,looped,correct,404,none,validation_best,ood,64,0.4595451389780294,0,0,64,34049,1.525806961581111
burgers,looped,correct,404,none,validation_best,ood,96,0.6360314297649173,0,0,64,34049,1.525806961581111
burgers,looped,correct,404,none,final_step,ood,64,0.450899380596546,0,0,64,34049,
burgers,looped,correct,404,none,final_step,ood,96,0.6217427577132781,0,0,64,34049,
burgers,looped,correct,404,response_matched,validation_best,test,64,0.010020748108733102,0,0,64,34049,1.537307444959879
burgers,looped,correct,404,response_matched,validation_best,test,96,0.01072315768850037,0,0,64,34049,1.537307444959879
burgers,looped,correct,404,response_matched,final_step,test,64,0.014750625570941533,0,0,64,34049,
burgers,looped,correct,404,response_matched,final_step,test,96,0.018038885494719104,0,0,64,34049,
burgers,looped,correct,404,response_matched,validation_best,ood,64,0.502269743719026,0,0,64,34049,1.537307444959879
burgers,looped,correct,404,response_matched,validation_best,ood,96,0.656450039570179,0,0,64,34049,1.537307444959879
burgers,looped,correct,404,response_matched,final_step,ood,64,0.49007955633568656,0,0,64,34049,
burgers,looped,correct,404,response_matched,final_step,ood,96,0.6323787584299321,0,0,64,34049,
burgers,looped,correct,404,smooth,validation_best,test,64,0.00934712574596852,0,0,64,34049,1.542999455705285
burgers,looped,correct,404,smooth,validation_best,test,96,0.011513194405376865,0,0,64,34049,1.542999455705285
burgers,looped,correct,404,smooth,final_step,test,64,0.00934712574596852,0,0,64,34049,
burgers,looped,correct,404,smooth,final_step,test,96,0.011513194405376865,0,0,64,34049,
burgers,looped,correct,404,smooth,validation_best,ood,64,0.4797399376102831,0,0,64,34049,1.542999455705285
burgers,looped,correct,404,smooth,validation_best,ood,96,0.7026743620633104,0,0,64,34049,1.542999455705285
burgers,looped,correct,404,smooth,final_step,ood,64,0.4797399376102831,0,0,64,34049,
burgers,looped,correct,404,smooth,final_step,ood,96,0.7026743620633104,0,0,64,34049,
burgers,looped,correct,505,iid,validation_best,test,64,0.011883780321400916,0,0,64,34049,1.542436401359737
burgers,looped,correct,505,iid,validation_best,test,96,0.017927943211325882,0,0,64,34049,1.542436401359737
burgers,looped,correct,505,iid,final_step,test,64,0.011883780321400916,0,0,64,34049,
burgers,looped,correct,505,iid,final_step,test,96,0.017927943211325882,0,0,64,34049,
burgers,looped,correct,505,iid,validation_best,ood,64,0.33010782942091765,0,0,64,34049,1.542436401359737
burgers,looped,correct,505,iid,validation_best,ood,96,0.4391470361383322,0,0,64,34049,1.542436401359737
burgers,looped,correct,505,iid,final_step,ood,64,0.33010782942091765,0,0,64,34049,
burgers,looped,correct,505,iid,final_step,ood,96,0.4391470361383322,0,0,64,34049,
burgers,looped,correct,505,none,validation_best,test,64,0.012052833116457662,0,0,64,34049,1.587005378678441
burgers,looped,correct,505,none,validation_best,test,96,0.014051178425708466,0,0,64,34049,1.587005378678441
burgers,looped,correct,505,none,final_step,test,64,0.012052833116457662,0,0,64,34049,
burgers,looped,correct,505,none,final_step,test,96,0.014051178425708466,0,0,64,34049,
burgers,looped,correct,505,none,validation_best,ood,64,0.34336950825119317,0,0,64,34049,1.587005378678441
burgers,looped,correct,505,none,validation_best,ood,96,0.46496931381620266,0,0,64,34049,1.587005378678441
burgers,looped,correct,505,none,final_step,ood,64,0.34336950825119317,0,0,64,34049,
burgers,looped,correct,505,none,final_step,ood,96,0.46496931381620266,0,0,64,34049,
burgers,looped,correct,505,response_matched,validation_best,test,64,0.010421518002908359,0,0,64,34049,1.5209679026156664
burgers,looped,correct,505,response_matched,validation_best,test,96,0.013312650766745815,0,0,64,34049,1.5209679026156664
burgers,looped,correct,505,response_matched,final_step,test,64,0.010421518002908359,0,0,64,34049,
burgers,looped,correct,505,response_matched,final_step,test,96,0.013312650766745815,0,0,64,34049,
burgers,looped,correct,505,response_matched,validation_best,ood,64,0.3976090528666063,0,0,64,34049,1.5209679026156664
burgers,looped,correct,505,response_matched,validation_best,ood,96,0.5097844285627531,0,0,64,34049,1.5209679026156664
burgers,looped,correct,505,response_matched,final_step,ood,64,0.3976090528666063,0,0,64,34049,
burgers,looped,correct,505,response_matched,final_step,ood,96,0.5097844285627531,0,0,64,34049,
burgers,looped,correct,505,smooth,validation_best,test,64,0.009621635069282375,0,0,64,34049,1.5391998924314976
burgers,looped,correct,505,smooth,validation_best,test,96,0.010881442175646534,0,0,64,34049,1.5391998924314976
burgers,looped,correct,505,smooth,final_step,test,64,0.009621635069282375,0,0,64,34049,
burgers,looped,correct,505,smooth,final_step,test,96,0.010881442175646534,0,0,64,34049,
burgers,looped,correct,505,smooth,validation_best,ood,64,0.3254979688870776,0,0,64,34049,1.5391998924314976
burgers,looped,correct,505,smooth,validation_best,ood,96,0.43464832098034856,0,0,64,34049,1.5391998924314976
burgers,looped,correct,505,smooth,final_step,ood,64,0.3254979688870776,0,0,64,34049,
burgers,looped,correct,505,smooth,final_step,ood,96,0.43464832098034856,0,0,64,34049,
burgers,looped,correct,606,iid,validation_best,test,64,0.00880807694890473,0,0,64,34049,1.5392584027722478
burgers,looped,correct,606,iid,validation_best,test,96,0.011488437905282051,0,0,64,34049,1.5392584027722478
burgers,looped,correct,606,iid,final_step,test,64,0.00880807694890473,0,0,64,34049,
burgers,looped,correct,606,iid,final_step,test,96,0.011488437905282051,0,0,64,34049,
burgers,looped,correct,606,iid,validation_best,ood,64,0.8841820193905789,0,0,64,34049,1.5392584027722478
burgers,looped,correct,606,iid,validation_best,ood,96,1.475067351090066,0,0,64,34049,1.5392584027722478
burgers,looped,correct,606,iid,final_step,ood,64,0.8841820193905789,0,0,64,34049,
burgers,looped,correct,606,iid,final_step,ood,96,1.475067351090066,0,0,64,34049,
burgers,looped,correct,606,none,validation_best,test,64,0.008300629500988088,0,0,64,34049,1.5401354059576988
burgers,looped,correct,606,none,validation_best,test,96,0.0086619831594618,0,0,64,34049,1.5401354059576988
burgers,looped,correct,606,none,final_step,test,64,0.008300629500988088,0,0,64,34049,
burgers,looped,correct,606,none,final_step,test,96,0.0086619831594618,0,0,64,34049,
burgers,looped,correct,606,none,validation_best,ood,64,0.9148826774493131,0,0,64,34049,1.5401354059576988
burgers,looped,correct,606,none,validation_best,ood,96,1.5517426491826334,0,0,64,34049,1.5401354059576988
burgers,looped,correct,606,none,final_step,ood,64,0.9148826774493131,0,0,64,34049,
burgers,looped,correct,606,none,final_step,ood,96,1.5517426491826334,0,0,64,34049,
burgers,looped,correct,606,response_matched,validation_best,test,64,0.01230264701852879,0,0,64,34049,1.5438549220561981
burgers,looped,correct,606,response_matched,validation_best,test,96,0.017033526113237496,0,0,64,34049,1.5438549220561981
burgers,looped,correct,606,response_matched,final_step,test,64,0.012167008772438814,0,0,64,34049,
burgers,looped,correct,606,response_matched,final_step,test,96,0.016740186353853805,0,0,64,34049,
burgers,looped,correct,606,response_matched,validation_best,ood,64,0.8149464449485464,0,0,64,34049,1.5438549220561981
burgers,looped,correct,606,response_matched,validation_best,ood,96,1.26063796895059,0,0,64,34049,1.5438549220561981
burgers,looped,correct,606,response_matched,final_step,ood,64,0.8337422739940479,0,0,64,34049,
burgers,looped,correct,606,response_matched,final_step,ood,96,1.2573652256450316,0,0,64,34049,
burgers,looped,correct,606,smooth,validation_best,test,64,0.008158370383485103,0,0,64,34049,1.5769643941894174
burgers,looped,correct,606,smooth,validation_best,test,96,0.008920506515002499,0,0,64,34049,1.5769643941894174
burgers,looped,correct,606,smooth,final_step,test,64,0.008158370383485103,0,0,64,34049,
burgers,looped,correct,606,smooth,final_step,test,96,0.008920506515002499,0,0,64,34049,
burgers,looped,correct,606,smooth,validation_best,ood,64,1.0433797942192626,0,0,64,34049,1.5769643941894174
burgers,looped,correct,606,smooth,validation_best,ood,96,1.7711699511047052,0,0,64,34049,1.5769643941894174
burgers,looped,correct,606,smooth,final_step,ood,64,1.0433797942192626,0,0,64,34049,
burgers,looped,correct,606,smooth,final_step,ood,96,1.7711699511047052,0,0,64,34049,
burgers,transformer,coefficient,101,iid,validation_best,test,64,0.007865034645818447,0,0,64,100993,1.5358529053628445
burgers,transformer,coefficient,101,iid,validation_best,test,96,0.0093399875333476,0,0,64,100993,1.5358529053628445
burgers,transformer,coefficient,101,iid,final_step,test,64,0.008521584311159791,0,0,64,100993,
burgers,transformer,coefficient,101,iid,final_step,test,96,0.010770808891648647,0,0,64,100993,
burgers,transformer,coefficient,101,iid,validation_best,ood,64,0.3894062213053573,0,0,64,100993,1.5358529053628445
burgers,transformer,coefficient,101,iid,validation_best,ood,96,0.5250201873917557,0,0,64,100993,1.5358529053628445
burgers,transformer,coefficient,101,iid,final_step,ood,64,0.4421456136627029,0,0,64,100993,
burgers,transformer,coefficient,101,iid,final_step,ood,96,0.6318330424597036,0,0,64,100993,
burgers,transformer,coefficient,101,none,validation_best,test,64,0.006808348375341167,0,0,64,100993,1.5354884089902043
burgers,transformer,coefficient,101,none,validation_best,test,96,0.007404522977313348,0,0,64,100993,1.5354884089902043
burgers,transformer,coefficient,101,none,final_step,test,64,0.006808348375341167,0,0,64,100993,
burgers,transformer,coefficient,101,none,final_step,test,96,0.007404522977313348,0,0,64,100993,
burgers,transformer,coefficient,101,none,validation_best,ood,64,0.5901028292904158,0,0,64,100993,1.5354884089902043
burgers,transformer,coefficient,101,none,validation_best,ood,96,0.9986079378191354,0,0,64,100993,1.5354884089902043
burgers,transformer,coefficient,101,none,final_step,ood,64,0.5901028292904158,0,0,64,100993,
burgers,transformer,coefficient,101,none,final_step,ood,96,0.9986079378191354,0,0,64,100993,
burgers,transformer,coefficient,101,response_matched,validation_best,test,64,0.006499418242809307,0,0,64,100993,1.535859890282154
burgers,transformer,coefficient,101,response_matched,validation_best,test,96,0.008806237248013252,0,0,64,100993,1.535859890282154
burgers,transformer,coefficient,101,response_matched,final_step,test,64,0.016291563799248676,0,0,64,100993,
burgers,transformer,coefficient,101,response_matched,final_step,test,96,0.023662123374411426,0,0,64,100993,
burgers,transformer,coefficient,101,response_matched,validation_best,ood,64,0.34873466984119617,0,0,64,100993,1.535859890282154
burgers,transformer,coefficient,101,response_matched,validation_best,ood,96,0.4149593737344546,0,0,64,100993,1.535859890282154
burgers,transformer,coefficient,101,response_matched,final_step,ood,64,0.3572474403444268,0,0,64,100993,
burgers,transformer,coefficient,101,response_matched,final_step,ood,96,0.42327400429616324,0,0,64,100993,
burgers,transformer,coefficient,101,smooth,validation_best,test,64,0.007724558081894317,0,0,64,100993,1.5213004080578685
burgers,transformer,coefficient,101,smooth,validation_best,test,96,0.008091905449279846,0,0,64,100993,1.5213004080578685
burgers,transformer,coefficient,101,smooth,final_step,test,64,0.007724558081894317,0,0,64,100993,
burgers,transformer,coefficient,101,smooth,final_step,test,96,0.008091905449279846,0,0,64,100993,
burgers,transformer,coefficient,101,smooth,validation_best,ood,64,0.53186984120277,0,0,64,100993,1.5213004080578685
burgers,transformer,coefficient,101,smooth,validation_best,ood,96,0.8248797439214712,0,0,64,100993,1.5213004080578685
burgers,transformer,coefficient,101,smooth,final_step,ood,64,0.53186984120277,0,0,64,100993,
burgers,transformer,coefficient,101,smooth,final_step,ood,96,0.8248797439214712,0,0,64,100993,
burgers,transformer,coefficient,202,iid,validation_best,test,64,0.0071608674330678745,0,0,64,100993,1.5403599012643099
burgers,transformer,coefficient,202,iid,validation_best,test,96,0.00825092318209612,0,0,64,100993,1.5403599012643099
burgers,transformer,coefficient,202,iid,final_step,test,64,0.0071608674330678745,0,0,64,100993,
burgers,transformer,coefficient,202,iid,final_step,test,96,0.00825092318209612,0,0,64,100993,
burgers,transformer,coefficient,202,iid,validation_best,ood,64,0.5435227173204922,0,0,64,100993,1.5403599012643099
burgers,transformer,coefficient,202,iid,validation_best,ood,96,0.826721322663488,0,0,64,100993,1.5403599012643099
burgers,transformer,coefficient,202,iid,final_step,ood,64,0.5435227173204922,0,0,64,100993,
burgers,transformer,coefficient,202,iid,final_step,ood,96,0.826721322663488,0,0,64,100993,
burgers,transformer,coefficient,202,none,validation_best,test,64,0.006337467502547045,0,0,64,100993,1.542166410945356
burgers,transformer,coefficient,202,none,validation_best,test,96,0.00665960047579491,0,0,64,100993,1.542166410945356
burgers,transformer,coefficient,202,none,final_step,test,64,0.008312868668097773,0,0,64,100993,
burgers,transformer,coefficient,202,none,final_step,test,96,0.009575975408001517,0,0,64,100993,
burgers,transformer,coefficient,202,none,validation_best,ood,64,0.5869054632194732,0,0,64,100993,1.542166410945356
burgers,transformer,coefficient,202,none,validation_best,ood,96,0.9480357867912186,0,0,64,100993,1.542166410945356
burgers,transformer,coefficient,202,none,final_step,ood,64,0.6385525571637878,0,0,64,100993,
burgers,transformer,coefficient,202,none,final_step,ood,96,1.0564599523566258,0,0,64,100993,
burgers,transformer,coefficient,202,response_matched,validation_best,test,64,0.007344241974878929,0,0,64,100993,1.5375849325209856
burgers,transformer,coefficient,202,response_matched,validation_best,test,96,0.009600211949770381,0,0,64,100993,1.5375849325209856
burgers,transformer,coefficient,202,response_matched,final_step,test,64,0.0090357967385436,0,0,64,100993,
burgers,transformer,coefficient,202,response_matched,final_step,test,96,0.011890609312581974,0,0,64,100993,
burgers,transformer,coefficient,202,response_matched,validation_best,ood,64,0.5989722099482648,0,0,64,100993,1.5375849325209856
burgers,transformer,coefficient,202,response_matched,validation_best,ood,96,0.9130939481357955,0,0,64,100993,1.5375849325209856
burgers,transformer,coefficient,202,response_matched,final_step,ood,64,0.6497100143512391,0,0,64,100993,
burgers,transformer,coefficient,202,response_matched,final_step,ood,96,0.9811733187366064,0,0,64,100993,
burgers,transformer,coefficient,202,smooth,validation_best,test,64,0.0074997669584634385,0,0,64,100993,1.5394149348139763
burgers,transformer,coefficient,202,smooth,validation_best,test,96,0.008584134648034203,0,0,64,100993,1.5394149348139763
burgers,transformer,coefficient,202,smooth,final_step,test,64,0.0074997669584634385,0,0,64,100993,
burgers,transformer,coefficient,202,smooth,final_step,test,96,0.008584134648034203,0,0,64,100993,
burgers,transformer,coefficient,202,smooth,validation_best,ood,64,0.6393621116685608,0,0,64,100993,1.5394149348139763
burgers,transformer,coefficient,202,smooth,validation_best,ood,96,1.0106882192067133,0,0,64,100993,1.5394149348139763
burgers,transformer,coefficient,202,smooth,final_step,ood,64,0.6393621116685608,0,0,64,100993,
burgers,transformer,coefficient,202,smooth,final_step,ood,96,1.0106882192067133,0,0,64,100993,
burgers,transformer,coefficient,303,iid,validation_best,test,64,0.005681638141753265,0,0,64,100993,1.5594073804095387
burgers,transformer,coefficient,303,iid,validation_best,test,96,0.007157202103040976,0,0,64,100993,1.5594073804095387
burgers,transformer,coefficient,303,iid,final_step,test,64,0.0057677303662590496,0,0,64,100993,
burgers,transformer,coefficient,303,iid,final_step,test,96,0.007669390566079219,0,0,64,100993,
burgers,transformer,coefficient,303,iid,validation_best,ood,64,0.5798031551077827,0,0,64,100993,1.5594073804095387
burgers,transformer,coefficient,303,iid,validation_best,ood,96,0.8524028567227522,0,0,64,100993,1.5594073804095387
burgers,transformer,coefficient,303,iid,final_step,ood,64,0.5832168785861,0,0,64,100993,
burgers,transformer,coefficient,303,iid,final_step,ood,96,0.8530740748832859,0,0,64,100993,
burgers,transformer,coefficient,303,none,validation_best,test,64,0.004168662334208262,0,0,64,100993,1.5375663992017508
burgers,transformer,coefficient,303,none,validation_best,test,96,0.005198207517129701,0,0,64,100993,1.5375663992017508
burgers,transformer,coefficient,303,none,final_step,test,64,0.0037145612073024026,0,0,64,100993,
burgers,transformer,coefficient,303,none,final_step,test,96,0.004713662825498825,0,0,64,100993,
burgers,transformer,coefficient,303,none,validation_best,ood,64,0.5856165958123256,0,0,64,100993,1.5375663992017508
burgers,transformer,coefficient,303,none,validation_best,ood,96,0.8420927408261984,0,0,64,100993,1.5375663992017508
burgers,transformer,coefficient,303,none,final_step,ood,64,0.5830665483769124,0,0,64,100993,
burgers,transformer,coefficient,303,none,final_step,ood,96,0.8351904941662316,0,0,64,100993,
burgers,transformer,coefficient,303,response_matched,validation_best,test,64,0.005732237906896476,0,0,64,100993,1.5380283817648888
burgers,transformer,coefficient,303,response_matched,validation_best,test,96,0.006241430485042146,0,0,64,100993,1.5380283817648888
burgers,transformer,coefficient,303,response_matched,final_step,test,64,0.008039085593031237,0,0,64,100993,
burgers,transformer,coefficient,303,response_matched,final_step,test,96,0.012220621197517396,0,0,64,100993,
burgers,transformer,coefficient,303,response_matched,validation_best,ood,64,0.5253330920677541,0,0,64,100993,1.5380283817648888
burgers,transformer,coefficient,303,response_matched,validation_best,ood,96,0.7403926632153741,0,0,64,100993,1.5380283817648888
burgers,transformer,coefficient,303,response_matched,final_step,ood,64,0.45420608334983115,0,0,64,100993,
burgers,transformer,coefficient,303,response_matched,final_step,ood,96,0.6144636566070005,0,0,64,100993,
burgers,transformer,coefficient,303,smooth,validation_best,test,64,0.004116741972286619,0,0,64,100993,1.541631412692368
burgers,transformer,coefficient,303,smooth,validation_best,test,96,0.004163604915246699,0,0,64,100993,1.541631412692368
burgers,transformer,coefficient,303,smooth,final_step,test,64,0.004116741972286619,0,0,64,100993,
burgers,transformer,coefficient,303,smooth,final_step,test,96,0.004163604915246699,0,0,64,100993,
burgers,transformer,coefficient,303,smooth,validation_best,ood,64,0.5174944586777173,0,0,64,100993,1.541631412692368
burgers,transformer,coefficient,303,smooth,validation_best,ood,96,0.7575397315678837,0,0,64,100993,1.541631412692368
burgers,transformer,coefficient,303,smooth,final_step,ood,64,0.5174944586777173,0,0,64,100993,
burgers,transformer,coefficient,303,smooth,final_step,ood,96,0.7575397315678837,0,0,64,100993,
burgers,transformer,coefficient,404,iid,validation_best,test,64,0.008447746000582845,0,0,64,100993,1.546149398200214
burgers,transformer,coefficient,404,iid,validation_best,test,96,0.00969274924020073,0,0,64,100993,1.546149398200214
burgers,transformer,coefficient,404,iid,final_step,test,64,0.007160975324518759,0,0,64,100993,
burgers,transformer,coefficient,404,iid,final_step,test,96,0.007699912341778988,0,0,64,100993,
burgers,transformer,coefficient,404,iid,validation_best,ood,64,0.4296991794485656,0,0,64,100993,1.546149398200214
burgers,transformer,coefficient,404,iid,validation_best,ood,96,0.5660008792010582,0,0,64,100993,1.546149398200214
burgers,transformer,coefficient,404,iid,final_step,ood,64,0.4131502823863187,0,0,64,100993,
burgers,transformer,coefficient,404,iid,final_step,ood,96,0.5392673055361807,0,0,64,100993,
burgers,transformer,coefficient,404,none,validation_best,test,64,0.007677050175383726,0,0,64,100993,1.6593673964962363
burgers,transformer,coefficient,404,none,validation_best,test,96,0.007696891581907228,0,0,64,100993,1.6593673964962363
burgers,transformer,coefficient,404,none,final_step,test,64,0.007677050175383726,0,0,64,100993,
burgers,transformer,coefficient,404,none,final_step,test,96,0.007696891581907228,0,0,64,100993,
burgers,transformer,coefficient,404,none,validation_best,ood,64,0.4547199017134709,0,0,64,100993,1.6593673964962363
burgers,transformer,coefficient,404,none,validation_best,ood,96,0.6101154197325869,0,0,64,100993,1.6593673964962363
burgers,transformer,coefficient,404,none,final_step,ood,64,0.4547199017134709,0,0,64,100993,
burgers,transformer,coefficient,404,none,final_step,ood,96,0.6101154197325869,0,0,64,100993,
burgers,transformer,coefficient,404,response_matched,validation_best,test,64,0.005327876047375946,0,0,64,100993,1.5400093980133533
burgers,transformer,coefficient,404,response_matched,validation_best,test,96,0.005472960211123276,0,0,64,100993,1.5400093980133533
burgers,transformer,coefficient,404,response_matched,final_step,test,64,0.00642166192929583,0,0,64,100993,
burgers,transformer,coefficient,404,response_matched,final_step,test,96,0.007340116563360866,0,0,64,100993,
burgers,transformer,coefficient,404,response_matched,validation_best,ood,64,0.3945438589403736,0,0,64,100993,1.5400093980133533
burgers,transformer,coefficient,404,response_matched,validation_best,ood,96,0.5109656216903838,0,0,64,100993,1.5400093980133533
burgers,transformer,coefficient,404,response_matched,final_step,ood,64,0.39534524952679106,0,0,64,100993,
burgers,transformer,coefficient,404,response_matched,final_step,ood,96,0.5121864699884167,0,0,64,100993,
burgers,transformer,coefficient,404,smooth,validation_best,test,64,0.00755975258592978,0,0,64,100993,1.538223447278142
burgers,transformer,coefficient,404,smooth,validation_best,test,96,0.007818737981662844,0,0,64,100993,1.538223447278142
burgers,transformer,coefficient,404,smooth,final_step,test,64,0.007275824265628894,0,0,64,100993,
burgers,transformer,coefficient,404,smooth,final_step,test,96,0.007382781311213948,0,0,64,100993,
burgers,transformer,coefficient,404,smooth,validation_best,ood,64,0.4724861275324095,0,0,64,100993,1.538223447278142
burgers,transformer,coefficient,404,smooth,validation_best,ood,96,0.635910309656379,0,0,64,100993,1.538223447278142
burgers,transformer,coefficient,404,smooth,final_step,ood,64,0.4654207861684547,0,0,64,100993,
burgers,transformer,coefficient,404,smooth,final_step,ood,96,0.6268325043534564,0,0,64,100993,
burgers,transformer,coefficient,505,iid,validation_best,test,64,0.007288799099996579,0,0,64,100993,1.52425488922745
burgers,transformer,coefficient,505,iid,validation_best,test,96,0.008758729253202535,0,0,64,100993,1.52425488922745
burgers,transformer,coefficient,505,iid,final_step,test,64,0.007288799099996579,0,0,64,100993,
burgers,transformer,coefficient,505,iid,final_step,test,96,0.008758729253202535,0,0,64,100993,
burgers,transformer,coefficient,505,iid,validation_best,ood,64,0.5169126445556955,0,0,64,100993,1.52425488922745
burgers,transformer,coefficient,505,iid,validation_best,ood,96,0.7306184650087317,0,0,64,100993,1.52425488922745
burgers,transformer,coefficient,505,iid,final_step,ood,64,0.5169126445556955,0,0,64,100993,
burgers,transformer,coefficient,505,iid,final_step,ood,96,0.7306184650087317,0,0,64,100993,
burgers,transformer,coefficient,505,none,validation_best,test,64,0.009536455932018018,0,0,64,100993,1.5388834057375789
burgers,transformer,coefficient,505,none,validation_best,test,96,0.011505348496539058,0,0,64,100993,1.5388834057375789
burgers,transformer,coefficient,505,none,final_step,test,64,0.009536455932018018,0,0,64,100993,
burgers,transformer,coefficient,505,none,final_step,test,96,0.011505348496539058,0,0,64,100993,
burgers,transformer,coefficient,505,none,validation_best,ood,64,0.37227946292172476,0,0,64,100993,1.5388834057375789
burgers,transformer,coefficient,505,none,validation_best,ood,96,0.4965620127845132,0,0,64,100993,1.5388834057375789
burgers,transformer,coefficient,505,none,final_step,ood,64,0.37227946292172476,0,0,64,100993,
burgers,transformer,coefficient,505,none,final_step,ood,96,0.4965620127845132,0,0,64,100993,
burgers,transformer,coefficient,505,response_matched,validation_best,test,64,0.004986911547095296,0,0,64,100993,1.5367019455879927
burgers,transformer,coefficient,505,response_matched,validation_best,test,96,0.005606424668885168,0,0,64,100993,1.5367019455879927
burgers,transformer,coefficient,505,response_matched,final_step,test,64,0.004986911547095296,0,0,64,100993,
burgers,transformer,coefficient,505,response_matched,final_step,test,96,0.005606424668885168,0,0,64,100993,
burgers,transformer,coefficient,505,response_matched,validation_best,ood,64,0.453394566379437,0,0,64,100993,1.5367019455879927
burgers,transformer,coefficient,505,response_matched,validation_best,ood,96,0.596024692819294,0,0,64,100993,1.5367019455879927
burgers,transformer,coefficient,505,response_matched,final_step,ood,64,0.453394566379437,0,0,64,100993,
burgers,transformer,coefficient,505,response_matched,final_step,ood,96,0.596024692819294,0,0,64,100993,
burgers,transformer,coefficient,505,smooth,validation_best,test,64,0.007401157398108316,0,0,64,100993,1.5365024097263813
burgers,transformer,coefficient,505,smooth,validation_best,test,96,0.0075965569065687966,0,0,64,100993,1.5365024097263813
burgers,transformer,coefficient,505,smooth,final_step,test,64,0.007401157398108316,0,0,64,100993,
burgers,transformer,coefficient,505,smooth,final_step,test,96,0.0075965569065687966,0,0,64,100993,
burgers,transformer,coefficient,505,smooth,validation_best,ood,64,0.6286834688581848,0,0,64,100993,1.5365024097263813
burgers,transformer,coefficient,505,smooth,validation_best,ood,96,0.9386022629673031,0,0,64,100993,1.5365024097263813
burgers,transformer,coefficient,505,smooth,final_step,ood,64,0.6286834688581848,0,0,64,100993,
burgers,transformer,coefficient,505,smooth,final_step,ood,96,0.9386022629673031,0,0,64,100993,
burgers,transformer,coefficient,606,iid,validation_best,test,64,0.004184281567627068,0,0,64,100993,1.5391834080219269
burgers,transformer,coefficient,606,iid,validation_best,test,96,0.0044050820499674055,0,0,64,100993,1.5391834080219269
burgers,transformer,coefficient,606,iid,final_step,test,64,0.008434559718182078,0,0,64,100993,
burgers,transformer,coefficient,606,iid,final_step,test,96,0.014018126505409937,0,0,64,100993,
burgers,transformer,coefficient,606,iid,validation_best,ood,64,1.3186225010838086,0,0,64,100993,1.5391834080219269
burgers,transformer,coefficient,606,iid,validation_best,ood,96,2.3402069913455725,0,0,64,100993,1.5391834080219269
burgers,transformer,coefficient,606,iid,final_step,ood,64,1.2488509020994059,0,0,64,100993,
burgers,transformer,coefficient,606,iid,final_step,ood,96,2.188025925207114,0,0,64,100993,
burgers,transformer,coefficient,606,none,validation_best,test,64,0.005299649041875298,0,0,64,100993,1.5385383972898126
burgers,transformer,coefficient,606,none,validation_best,test,96,0.005603716853183727,0,0,64,100993,1.5385383972898126
burgers,transformer,coefficient,606,none,final_step,test,64,0.01171171475531696,0,0,64,100993,
burgers,transformer,coefficient,606,none,final_step,test,96,0.0196877747925505,0,0,64,100993,
burgers,transformer,coefficient,606,none,validation_best,ood,64,0.6651349304305114,0,0,64,100993,1.5385383972898126
burgers,transformer,coefficient,606,none,validation_best,ood,96,1.0672273354796005,0,0,64,100993,1.5385383972898126
burgers,transformer,coefficient,606,none,final_step,ood,64,0.6148789109393036,0,0,64,100993,
burgers,transformer,coefficient,606,none,final_step,ood,96,0.9710214986892775,0,0,64,100993,
burgers,transformer,coefficient,606,response_matched,validation_best,test,64,0.005375545682140825,0,0,64,100993,1.546667399816215
burgers,transformer,coefficient,606,response_matched,validation_best,test,96,0.006121462216734264,0,0,64,100993,1.546667399816215
burgers,transformer,coefficient,606,response_matched,final_step,test,64,0.008878730351496777,0,0,64,100993,
burgers,transformer,coefficient,606,response_matched,final_step,test,96,0.014029912399024033,0,0,64,100993,
burgers,transformer,coefficient,606,response_matched,validation_best,ood,64,1.0106194440178058,0,0,64,100993,1.546667399816215
burgers,transformer,coefficient,606,response_matched,validation_best,ood,96,1.6937355456090966,0,0,64,100993,1.546667399816215
burgers,transformer,coefficient,606,response_matched,final_step,ood,64,0.9571191869203517,0,0,64,100993,
burgers,transformer,coefficient,606,response_matched,final_step,ood,96,1.5673749767801914,0,0,64,100993,
burgers,transformer,coefficient,606,smooth,validation_best,test,64,0.00567550653897575,0,0,64,100993,1.5380158787593246
burgers,transformer,coefficient,606,smooth,validation_best,test,96,0.005745431309329696,0,0,64,100993,1.5380158787593246
burgers,transformer,coefficient,606,smooth,final_step,test,64,0.007409628344511976,0,0,64,100993,
burgers,transformer,coefficient,606,smooth,final_step,test,96,0.011017119153360788,0,0,64,100993,
burgers,transformer,coefficient,606,smooth,validation_best,ood,64,1.250451373269172,0,0,64,100993,1.5380158787593246
burgers,transformer,coefficient,606,smooth,validation_best,ood,96,2.2295643108457455,0,0,64,100993,1.5380158787593246
burgers,transformer,coefficient,606,smooth,final_step,ood,64,1.2227367505024347,0,0,64,100993,
burgers,transformer,coefficient,606,smooth,final_step,ood,96,2.1720600546435094,0,0,64,100993,
burgers,transformer,correct,101,iid,validation_best,test,64,0.004908437453325365,0,0,64,100993,1.6469623893499374
burgers,transformer,correct,101,iid,validation_best,test,96,0.005248006744486297,0,0,64,100993,1.6469623893499374
burgers,transformer,correct,101,iid,final_step,test,64,0.007646490176730136,0,0,64,100993,
burgers,transformer,correct,101,iid,final_step,test,96,0.010579424072369115,0,0,64,100993,
burgers,transformer,correct,101,iid,validation_best,ood,64,0.45634220001863923,0,0,64,100993,1.6469623893499374
burgers,transformer,correct,101,iid,validation_best,ood,96,0.6540177162225973,0,0,64,100993,1.6469623893499374
burgers,transformer,correct,101,iid,final_step,ood,64,0.42339936444260573,0,0,64,100993,
burgers,transformer,correct,101,iid,final_step,ood,96,0.5775724285034893,0,0,64,100993,
burgers,transformer,correct,101,none,validation_best,test,64,0.00680835699457083,0,0,64,100993,1.5928379027172923
burgers,transformer,correct,101,none,validation_best,test,96,0.007404542739035605,0,0,64,100993,1.5928379027172923
burgers,transformer,correct,101,none,final_step,test,64,0.00680835699457083,0,0,64,100993,
burgers,transformer,correct,101,none,final_step,test,96,0.007404542739035605,0,0,64,100993,
burgers,transformer,correct,101,none,validation_best,ood,64,0.5901037542808361,0,0,64,100993,1.5928379027172923
burgers,transformer,correct,101,none,validation_best,ood,96,0.9986096167522499,0,0,64,100993,1.5928379027172923
burgers,transformer,correct,101,none,final_step,ood,64,0.5901037542808361,0,0,64,100993,
burgers,transformer,correct,101,none,final_step,ood,96,0.9986096167522499,0,0,64,100993,
burgers,transformer,correct,101,response_matched,validation_best,test,64,0.007075829887043472,0,0,64,100993,1.5432489104568958
burgers,transformer,correct,101,response_matched,validation_best,test,96,0.009112093832928103,0,0,64,100993,1.5432489104568958
burgers,transformer,correct,101,response_matched,final_step,test,64,0.006979378849004458,0,0,64,100993,
burgers,transformer,correct,101,response_matched,final_step,test,96,0.009622557810801347,0,0,64,100993,
burgers,transformer,correct,101,response_matched,validation_best,ood,64,0.6694134409213248,0,0,64,100993,1.5432489104568958
burgers,transformer,correct,101,response_matched,validation_best,ood,96,1.0314018107034761,0,0,64,100993,1.5432489104568958
burgers,transformer,correct,101,response_matched,final_step,ood,64,0.6378347358528202,0,0,64,100993,
burgers,transformer,correct,101,response_matched,final_step,ood,96,0.9740309794515933,0,0,64,100993,
burgers,transformer,correct,101,smooth,validation_best,test,64,0.0084798781717621,0,0,64,100993,1.5769873978570104
burgers,transformer,correct,101,smooth,validation_best,test,96,0.00960837563622367,0,0,64,100993,1.5769873978570104
burgers,transformer,correct,101,smooth,final_step,test,64,0.006492557205937999,0,0,64,100993,
burgers,transformer,correct,101,smooth,final_step,test,96,0.007653814933595035,0,0,64,100993,
burgers,transformer,correct,101,smooth,validation_best,ood,64,0.6573058270530794,0,0,64,100993,1.5769873978570104
burgers,transformer,correct,101,smooth,validation_best,ood,96,1.1024964644225483,0,0,64,100993,1.5769873978570104
burgers,transformer,correct,101,smooth,final_step,ood,64,0.6007288441843244,0,0,64,100993,
burgers,transformer,correct,101,smooth,final_step,ood,96,0.97950238145683,0,0,64,100993,
burgers,transformer,correct,202,iid,validation_best,test,64,0.00547158856451424,0,0,64,100993,1.5355998883023858
burgers,transformer,correct,202,iid,validation_best,test,96,0.005973434800909505,0,0,64,100993,1.5355998883023858
burgers,transformer,correct,202,iid,final_step,test,64,0.006360919263097231,0,0,64,100993,
burgers,transformer,correct,202,iid,final_step,test,96,0.007252050377395033,0,0,64,100993,
burgers,transformer,correct,202,iid,validation_best,ood,64,0.4458484372804321,0,0,64,100993,1.5355998883023858
burgers,transformer,correct,202,iid,validation_best,ood,96,0.6445829150104411,0,0,64,100993,1.5355998883023858
burgers,transformer,correct,202,iid,final_step,ood,64,0.4034398345095891,0,0,64,100993,
burgers,transformer,correct,202,iid,final_step,ood,96,0.5650649363103296,0,0,64,100993,
burgers,transformer,correct,202,none,validation_best,test,64,0.006337466514894308,0,0,64,100993,1.573095447383821
burgers,transformer,correct,202,none,validation_best,test,96,0.006659602382532714,0,0,64,100993,1.573095447383821
burgers,transformer,correct,202,none,final_step,test,64,0.008312976175315345,0,0,64,100993,
burgers,transformer,correct,202,none,final_step,test,96,0.009576133543833798,0,0,64,100993,
burgers,transformer,correct,202,none,validation_best,ood,64,0.5869072274640104,0,0,64,100993,1.573095447383821
burgers,transformer,correct,202,none,validation_best,ood,96,0.9480391151194473,0,0,64,100993,1.573095447383821
burgers,transformer,correct,202,none,final_step,ood,64,0.6385572498698266,0,0,64,100993,
burgers,transformer,correct,202,none,final_step,ood,96,1.0564691028075923,0,0,64,100993,
burgers,transformer,correct,202,response_matched,validation_best,test,64,0.009827688522451528,0,0,64,100993,1.5212238999083638
burgers,transformer,correct,202,response_matched,validation_best,test,96,0.012636173973989232,0,0,64,100993,1.5212238999083638
burgers,transformer,correct,202,response_matched,final_step,test,64,0.009827688522451528,0,0,64,100993,
burgers,transformer,correct,202,response_matched,final_step,test,96,0.012636173973989232,0,0,64,100993,
burgers,transformer,correct,202,response_matched,validation_best,ood,64,0.4493681932177225,0,0,64,100993,1.5212238999083638
burgers,transformer,correct,202,response_matched,validation_best,ood,96,0.5901848108433587,0,0,64,100993,1.5212238999083638
burgers,transformer,correct,202,response_matched,final_step,ood,64,0.4493681932177225,0,0,64,100993,
burgers,transformer,correct,202,response_matched,final_step,ood,96,0.5901848108433587,0,0,64,100993,
burgers,transformer,correct,202,smooth,validation_best,test,64,0.005711148451950643,0,0,64,100993,1.542674913071096
burgers,transformer,correct,202,smooth,validation_best,test,96,0.005904480378830845,0,0,64,100993,1.542674913071096
burgers,transformer,correct,202,smooth,final_step,test,64,0.005776140067154656,0,0,64,100993,
burgers,transformer,correct,202,smooth,final_step,test,96,0.006601999622621793,0,0,64,100993,
burgers,transformer,correct,202,smooth,validation_best,ood,64,0.4455589477520263,0,0,64,100993,1.542674913071096
burgers,transformer,correct,202,smooth,validation_best,ood,96,0.6526362717043668,0,0,64,100993,1.542674913071096
burgers,transformer,correct,202,smooth,final_step,ood,64,0.45184878642078985,0,0,64,100993,
burgers,transformer,correct,202,smooth,final_step,ood,96,0.6645876012323745,0,0,64,100993,
burgers,transformer,correct,303,iid,validation_best,test,64,0.004246225670833326,0,0,64,100993,1.5225989045575261
burgers,transformer,correct,303,iid,validation_best,test,96,0.004535537575797832,0,0,64,100993,1.5225989045575261
burgers,transformer,correct,303,iid,final_step,test,64,0.00828767773802408,0,0,64,100993,
burgers,transformer,correct,303,iid,final_step,test,96,0.012094898968844229,0,0,64,100993,
burgers,transformer,correct,303,iid,validation_best,ood,64,0.5562026018567678,0,0,64,100993,1.5225989045575261
burgers,transformer,correct,303,iid,validation_best,ood,96,0.8018830035682072,0,0,64,100993,1.5225989045575261
burgers,transformer,correct,303,iid,final_step,ood,64,0.46778660027079866,0,0,64,100993,
burgers,transformer,correct,303,iid,final_step,ood,96,0.6459089042228072,0,0,64,100993,
burgers,transformer,correct,303,none,validation_best,test,64,0.004169971343600698,0,0,64,100993,1.5340853948146105
burgers,transformer,correct,303,none,validation_best,test,96,0.005200707190009053,0,0,64,100993,1.5340853948146105
burgers,transformer,correct,303,none,final_step,test,64,0.0037142917518913077,0,0,64,100993,
burgers,transformer,correct,303,none,final_step,test,96,0.004712934480002169,0,0,64,100993,
burgers,transformer,correct,303,none,validation_best,ood,64,0.5855995247568728,0,0,64,100993,1.5340853948146105
burgers,transformer,correct,303,none,validation_best,ood,96,0.8420644019753922,0,0,64,100993,1.5340853948146105
burgers,transformer,correct,303,none,final_step,ood,64,0.583081253487336,0,0,64,100993,
burgers,transformer,correct,303,none,final_step,ood,96,0.8352142602983388,0,0,64,100993,
burgers,transformer,correct,303,response_matched,validation_best,test,64,0.007469383921556494,0,0,64,100993,1.5439888928085566
burgers,transformer,correct,303,response_matched,validation_best,test,96,0.010641895492282227,0,0,64,100993,1.5439888928085566
burgers,transformer,correct,303,response_matched,final_step,test,64,0.012505382605418447,0,0,64,100993,
burgers,transformer,correct,303,response_matched,final_step,test,96,0.019453397616497153,0,0,64,100993,
burgers,transformer,correct,303,response_matched,validation_best,ood,64,0.4193687251339213,0,0,64,100993,1.5439888928085566
burgers,transformer,correct,303,response_matched,validation_best,ood,96,0.5511464123661085,0,0,64,100993,1.5439888928085566
burgers,transformer,correct,303,response_matched,final_step,ood,64,0.43346070544718884,0,0,64,100993,
burgers,transformer,correct,303,response_matched,final_step,ood,96,0.5744610064406952,0,0,64,100993,
burgers,transformer,correct,303,smooth,validation_best,test,64,0.0033532474089755793,0,0,64,100993,1.5344993909820914
burgers,transformer,correct,303,smooth,validation_best,test,96,0.003869415232454469,0,0,64,100993,1.5344993909820914
burgers,transformer,correct,303,smooth,final_step,test,64,0.0033532474089755793,0,0,64,100993,
burgers,transformer,correct,303,smooth,final_step,test,96,0.003869415232454469,0,0,64,100993,
burgers,transformer,correct,303,smooth,validation_best,ood,64,0.6820178237905878,0,0,64,100993,1.5344993909820914
burgers,transformer,correct,303,smooth,validation_best,ood,96,1.053429394713163,0,0,64,100993,1.5344993909820914
burgers,transformer,correct,303,smooth,final_step,ood,64,0.6820178237905878,0,0,64,100993,
burgers,transformer,correct,303,smooth,final_step,ood,96,1.053429394713163,0,0,64,100993,
burgers,transformer,correct,404,iid,validation_best,test,64,0.006426299939009339,0,0,64,100993,1.5371409012004733
burgers,transformer,correct,404,iid,validation_best,test,96,0.006699446268248588,0,0,64,100993,1.5371409012004733
burgers,transformer,correct,404,iid,final_step,test,64,0.008074144986317533,0,0,64,100993,
burgers,transformer,correct,404,iid,final_step,test,96,0.009183138882648212,0,0,64,100993,
burgers,transformer,correct,404,iid,validation_best,ood,64,0.46258731532854114,0,0,64,100993,1.5371409012004733
burgers,transformer,correct,404,iid,validation_best,ood,96,0.6384463920084661,0,0,64,100993,1.5371409012004733
burgers,transformer,correct,404,iid,final_step,ood,64,0.46586565876514996,0,0,64,100993,
burgers,transformer,correct,404,iid,final_step,ood,96,0.6455378750784249,0,0,64,100993,
burgers,transformer,correct,404,none,validation_best,test,64,0.007677029044997952,0,0,64,100993,1.5333699062466621
burgers,transformer,correct,404,none,validation_best,test,96,0.007696863649205521,0,0,64,100993,1.5333699062466621
burgers,transformer,correct,404,none,final_step,test,64,0.007677029044997952,0,0,64,100993,
burgers,transformer,correct,404,none,final_step,test,96,0.007696863649205521,0,0,64,100993,
burgers,transformer,correct,404,none,validation_best,ood,64,0.45472029915055145,0,0,64,100993,1.5333699062466621
burgers,transformer,correct,404,none,validation_best,ood,96,0.6101161629514612,0,0,64,100993,1.5333699062466621
burgers,transformer,correct,404,none,final_step,ood,64,0.45472029915055145,0,0,64,100993,
burgers,transformer,correct,404,none,final_step,ood,96,0.6101161629514612,0,0,64,100993,
burgers,transformer,correct,404,response_matched,validation_best,test,64,0.007735418351292989,0,0,64,100993,1.5424769138917327
burgers,transformer,correct,404,response_matched,validation_best,test,96,0.00883262700489566,0,0,64,100993,1.5424769138917327
burgers,transformer,correct,404,response_matched,final_step,test,64,0.007735418351292989,0,0,64,100993,
burgers,transformer,correct,404,response_matched,final_step,test,96,0.00883262700489566,0,0,64,100993,
burgers,transformer,correct,404,response_matched,validation_best,ood,64,0.5856602255798578,0,0,64,100993,1.5424769138917327
burgers,transformer,correct,404,response_matched,validation_best,ood,96,0.8740078401891083,0,0,64,100993,1.5424769138917327
burgers,transformer,correct,404,response_matched,final_step,ood,64,0.5856602255798578,0,0,64,100993,
burgers,transformer,correct,404,response_matched,final_step,ood,96,0.8740078401891083,0,0,64,100993,
burgers,transformer,correct,404,smooth,validation_best,test,64,0.006794557296956438,0,0,64,100993,1.6435713972896338
burgers,transformer,correct,404,smooth,validation_best,test,96,0.0070620011876107265,0,0,64,100993,1.6435713972896338
burgers,transformer,correct,404,smooth,final_step,test,64,0.006794557296956438,0,0,64,100993,
burgers,transformer,correct,404,smooth,final_step,test,96,0.0070620011876107265,0,0,64,100993,
burgers,transformer,correct,404,smooth,validation_best,ood,64,0.42194383485695397,0,0,64,100993,1.6435713972896338
burgers,transformer,correct,404,smooth,validation_best,ood,96,0.551209903345575,0,0,64,100993,1.6435713972896338
burgers,transformer,correct,404,smooth,final_step,ood,64,0.42194383485695397,0,0,64,100993,
burgers,transformer,correct,404,smooth,final_step,ood,96,0.551209903345575,0,0,64,100993,
burgers,transformer,correct,505,iid,validation_best,test,64,0.0046530340106316626,0,0,64,100993,1.7064083833247423
burgers,transformer,correct,505,iid,validation_best,test,96,0.004737237542519868,0,0,64,100993,1.7064083833247423
burgers,transformer,correct,505,iid,final_step,test,64,0.0046530340106316626,0,0,64,100993,
burgers,transformer,correct,505,iid,final_step,test,96,0.004737237542519868,0,0,64,100993,
burgers,transformer,correct,505,iid,validation_best,ood,64,0.4719340086324735,0,0,64,100993,1.7064083833247423
burgers,transformer,correct,505,iid,validation_best,ood,96,0.6448616928854751,0,0,64,100993,1.7064083833247423
burgers,transformer,correct,505,iid,final_step,ood,64,0.4719340086324735,0,0,64,100993,
burgers,transformer,correct,505,iid,final_step,ood,96,0.6448616928854751,0,0,64,100993,
burgers,transformer,correct,505,none,validation_best,test,64,0.009536330606121024,0,0,64,100993,1.5329454094171524
burgers,transformer,correct,505,none,validation_best,test,96,0.01150512634889611,0,0,64,100993,1.5329454094171524
burgers,transformer,correct,505,none,final_step,test,64,0.009536330606121024,0,0,64,100993,
burgers,transformer,correct,505,none,final_step,test,96,0.01150512634889611,0,0,64,100993,
burgers,transformer,correct,505,none,validation_best,ood,64,0.37227743718827355,0,0,64,100993,1.5329454094171524
burgers,transformer,correct,505,none,validation_best,ood,96,0.4965583956916551,0,0,64,100993,1.5329454094171524
burgers,transformer,correct,505,none,final_step,ood,64,0.37227743718827355,0,0,64,100993,
burgers,transformer,correct,505,none,final_step,ood,96,0.4965583956916551,0,0,64,100993,
burgers,transformer,correct,505,response_matched,validation_best,test,64,0.0045233965195576875,0,0,64,100993,1.5388978878036141
burgers,transformer,correct,505,response_matched,validation_best,test,96,0.004765354429962472,0,0,64,100993,1.5388978878036141
burgers,transformer,correct,505,response_matched,final_step,test,64,0.006135869759432477,0,0,64,100993,
burgers,transformer,correct,505,response_matched,final_step,test,96,0.00737278638393916,0,0,64,100993,
burgers,transformer,correct,505,response_matched,validation_best,ood,64,0.4704724280580592,0,0,64,100993,1.5388978878036141
burgers,transformer,correct,505,response_matched,validation_best,ood,96,0.6040744594191855,0,0,64,100993,1.5388978878036141
burgers,transformer,correct,505,response_matched,final_step,ood,64,0.5288268081261407,0,0,64,100993,
burgers,transformer,correct,505,response_matched,final_step,ood,96,0.6910952116876672,0,0,64,100993,
burgers,transformer,correct,505,smooth,validation_best,test,64,0.005319159708769172,0,0,64,100993,1.5352009097114205
burgers,transformer,correct,505,smooth,validation_best,test,96,0.0052228067480230385,0,0,64,100993,1.5352009097114205
burgers,transformer,correct,505,smooth,final_step,test,64,0.005319159708769172,0,0,64,100993,
burgers,transformer,correct,505,smooth,final_step,test,96,0.0052228067480230385,0,0,64,100993,
burgers,transformer,correct,505,smooth,validation_best,ood,64,0.5906350481356952,0,0,64,100993,1.5352009097114205
burgers,transformer,correct,505,smooth,validation_best,ood,96,0.8763240017853207,0,0,64,100993,1.5352009097114205
burgers,transformer,correct,505,smooth,final_step,ood,64,0.5906350481356952,0,0,64,100993,
burgers,transformer,correct,505,smooth,final_step,ood,96,0.8763240017853207,0,0,64,100993,
burgers,transformer,correct,606,iid,validation_best,test,64,0.004406775450333633,0,0,64,100993,1.5331364003941417
burgers,transformer,correct,606,iid,validation_best,test,96,0.0049969604917610155,0,0,64,100993,1.5331364003941417
burgers,transformer,correct,606,iid,final_step,test,64,0.008774846506158118,0,0,64,100993,
burgers,transformer,correct,606,iid,final_step,test,96,0.01467420623790483,0,0,64,100993,
burgers,transformer,correct,606,iid,validation_best,ood,64,1.1387049131927682,0,0,64,100993,1.5331364003941417
burgers,transformer,correct,606,iid,validation_best,ood,96,1.9742092156115232,0,0,64,100993,1.5331364003941417
burgers,transformer,correct,606,iid,final_step,ood,64,1.1175153883872042,0,0,64,100993,
burgers,transformer,correct,606,iid,final_step,ood,96,1.9166889604083697,0,0,64,100993,
burgers,transformer,correct,606,none,validation_best,test,64,0.005299625740935787,0,0,64,100993,1.6108924057334661
burgers,transformer,correct,606,none,validation_best,test,96,0.005603665242994049,0,0,64,100993,1.6108924057334661
burgers,transformer,correct,606,none,final_step,test,64,0.011711793708597984,0,0,64,100993,
burgers,transformer,correct,606,none,final_step,test,96,0.01968792621859835,0,0,64,100993,
burgers,transformer,correct,606,none,validation_best,ood,64,0.6651370805258594,0,0,64,100993,1.6108924057334661
burgers,transformer,correct,606,none,validation_best,ood,96,1.067231720116472,0,0,64,100993,1.6108924057334661
burgers,transformer,correct,606,none,final_step,ood,64,0.6148799972702221,0,0,64,100993,
burgers,transformer,correct,606,none,final_step,ood,96,0.9710236768742013,0,0,64,100993,
burgers,transformer,correct,606,response_matched,validation_best,test,64,0.007373530753745472,0,0,64,100993,1.5357319498434663
burgers,transformer,correct,606,response_matched,validation_best,test,96,0.009461573143127122,0,0,64,100993,1.5357319498434663
burgers,transformer,correct,606,response_matched,final_step,test,64,0.00996514562782802,0,0,64,100993,
burgers,transformer,correct,606,response_matched,final_step,test,96,0.015564138085454687,0,0,64,100993,
burgers,transformer,correct,606,response_matched,validation_best,ood,64,0.9104689933909498,0,0,64,100993,1.5357319498434663
burgers,transformer,correct,606,response_matched,validation_best,ood,96,1.4732572538601498,0,0,64,100993,1.5357319498434663
burgers,transformer,correct,606,response_matched,final_step,ood,64,0.8160611233712842,0,0,64,100993,
burgers,transformer,correct,606,response_matched,final_step,ood,96,1.2837140722226175,0,0,64,100993,
burgers,transformer,correct,606,smooth,validation_best,test,64,0.005123886742692152,0,0,64,100993,1.5345379477366805
burgers,transformer,correct,606,smooth,validation_best,test,96,0.005596365569893921,0,0,64,100993,1.5345379477366805
burgers,transformer,correct,606,smooth,final_step,test,64,0.01174236545544749,0,0,64,100993,
burgers,transformer,correct,606,smooth,final_step,test,96,0.019733580659164085,0,0,64,100993,
burgers,transformer,correct,606,smooth,validation_best,ood,64,1.1655820658784108,0,0,64,100993,1.5345379477366805
burgers,transformer,correct,606,smooth,validation_best,ood,96,2.067220496043158,0,0,64,100993,1.5345379477366805
burgers,transformer,correct,606,smooth,final_step,ood,64,1.0901614481961133,0,0,64,100993,
burgers,transformer,correct,606,smooth,final_step,ood,96,1.9208365653641222,0,0,64,100993,
gray_scott,fno,coefficient,101,iid,validation_best,test,64,0.003814724808911818,0,0,64,210306,1.2762854574248195
gray_scott,fno,coefficient,101,iid,validation_best,test,96,0.006413424621025418,0,0,64,210306,1.2762854574248195
gray_scott,fno,coefficient,101,iid,final_step,test,64,0.004919704821364723,0,0,64,210306,
gray_scott,fno,coefficient,101,iid,final_step,test,96,0.005039095774636682,0,0,64,210306,
gray_scott,fno,coefficient,101,iid,validation_best,ood,64,0.32907463644593715,0,0,64,210306,1.2762854574248195
gray_scott,fno,coefficient,101,iid,validation_best,ood,96,0.8472206942499831,0,0,64,210306,1.2762854574248195
gray_scott,fno,coefficient,101,iid,final_step,ood,64,0.28004709955325424,0,0,64,210306,
gray_scott,fno,coefficient,101,iid,final_step,ood,96,0.8195118260602285,0,0,64,210306,
gray_scott,fno,coefficient,101,none,validation_best,test,64,0.00040416364029608604,0,0,64,210306,1.3397794449701905
gray_scott,fno,coefficient,101,none,validation_best,test,96,0.0010344469278154252,0,0,64,210306,1.3397794449701905
gray_scott,fno,coefficient,101,none,final_step,test,64,0.0007588972787331075,0,0,64,210306,
gray_scott,fno,coefficient,101,none,final_step,test,96,0.0016344633055050454,0,0,64,210306,
gray_scott,fno,coefficient,101,none,validation_best,ood,64,0.16256954356582032,0,0,64,210306,1.3397794449701905
gray_scott,fno,coefficient,101,none,validation_best,ood,96,0.48318146655514066,0,0,64,210306,1.3397794449701905
gray_scott,fno,coefficient,101,none,final_step,ood,64,0.20730846813769022,0,0,64,210306,
gray_scott,fno,coefficient,101,none,final_step,ood,96,0.5907105387097671,0,0,64,210306,
gray_scott,fno,coefficient,101,response_matched,validation_best,test,64,0.0012706682682150083,0,0,64,210306,1.5780169516801834
gray_scott,fno,coefficient,101,response_matched,validation_best,test,96,0.002081870311392675,0,0,64,210306,1.5780169516801834
gray_scott,fno,coefficient,101,response_matched,final_step,test,64,0.005322583826616378,0,0,64,210306,
gray_scott,fno,coefficient,101,response_matched,final_step,test,96,0.011926848298006498,0,0,64,210306,
gray_scott,fno,coefficient,101,response_matched,validation_best,ood,64,0.3645811232684242,0,0,64,210306,1.5780169516801834
gray_scott,fno,coefficient,101,response_matched,validation_best,ood,96,0.9939706380811716,0,0,64,210306,1.5780169516801834
gray_scott,fno,coefficient,101,response_matched,final_step,ood,64,0.48374703389000295,0,0,64,210306,
gray_scott,fno,coefficient,101,response_matched,final_step,ood,96,1.2130941597425946,0,0,64,210306,
gray_scott,fno,coefficient,101,smooth,validation_best,test,64,0.005044200344524921,0,0,64,210306,1.2638059444725513
gray_scott,fno,coefficient,101,smooth,validation_best,test,96,0.010201477047665802,0,0,64,210306,1.2638059444725513
gray_scott,fno,coefficient,101,smooth,final_step,test,64,0.009478176379216108,0,0,64,210306,
gray_scott,fno,coefficient,101,smooth,final_step,test,96,0.011001692518664525,0,0,64,210306,
gray_scott,fno,coefficient,101,smooth,validation_best,ood,64,0.24130328606463003,0,0,64,210306,1.2638059444725513
gray_scott,fno,coefficient,101,smooth,validation_best,ood,96,0.6032088124172752,0,0,64,210306,1.2638059444725513
gray_scott,fno,coefficient,101,smooth,final_step,ood,64,0.25892850989544236,0,0,64,210306,
gray_scott,fno,coefficient,101,smooth,final_step,ood,96,0.6245721770639356,0,0,64,210306,
gray_scott,fno,coefficient,202,iid,validation_best,test,64,0.006312325585715178,0,0,64,210306,1.2531314510852098
gray_scott,fno,coefficient,202,iid,validation_best,test,96,0.015890848075318466,0,0,64,210306,1.2531314510852098
gray_scott,fno,coefficient,202,iid,final_step,test,64,0.004862883516714822,0,0,64,210306,
gray_scott,fno,coefficient,202,iid,final_step,test,96,0.013969047602102899,0,0,64,210306,
gray_scott,fno,coefficient,202,iid,validation_best,ood,64,0.15594817563949004,0,0,64,210306,1.2531314510852098
gray_scott,fno,coefficient,202,iid,validation_best,ood,96,0.48914309499988623,0,0,64,210306,1.2531314510852098
gray_scott,fno,coefficient,202,iid,final_step,ood,64,0.10674860832964383,0,0,64,210306,
gray_scott,fno,coefficient,202,iid,final_step,ood,96,0.371873220862562,0,0,64,210306,
gray_scott,fno,coefficient,202,none,validation_best,test,64,0.0005642510211265259,0,0,64,210306,1.283946936018765
gray_scott,fno,coefficient,202,none,validation_best,test,96,0.0015454665297247364,0,0,64,210306,1.283946936018765
gray_scott,fno,coefficient,202,none,final_step,test,64,0.001179254338503348,0,0,64,210306,
gray_scott,fno,coefficient,202,none,final_step,test,96,0.00235373994065372,0,0,64,210306,
gray_scott,fno,coefficient,202,none,validation_best,ood,64,0.1251982054938352,0,0,64,210306,1.283946936018765
gray_scott,fno,coefficient,202,none,validation_best,ood,96,0.3995448032954063,0,0,64,210306,1.283946936018765
gray_scott,fno,coefficient,202,none,final_step,ood,64,0.10296383935827058,0,0,64,210306,
gray_scott,fno,coefficient,202,none,final_step,ood,96,0.3399494169782451,0,0,64,210306,
gray_scott,fno,coefficient,202,response_matched,validation_best,test,64,0.0036641469621184197,0,0,64,210306,1.2519129551947117
gray_scott,fno,coefficient,202,response_matched,validation_best,test,96,0.006996497071551515,0,0,64,210306,1.2519129551947117
gray_scott,fno,coefficient,202,response_matched,final_step,test,64,0.012448631775621166,0,0,64,210306,
gray_scott,fno,coefficient,202,response_matched,final_step,test,96,0.06297776276627687,0,0,64,210306,
gray_scott,fno,coefficient,202,response_matched,validation_best,ood,64,0.2508994190637597,0,0,64,210306,1.2519129551947117
gray_scott,fno,coefficient,202,response_matched,validation_best,ood,96,0.8872261351830864,0,0,64,210306,1.2519129551947117
gray_scott,fno,coefficient,202,response_matched,final_step,ood,64,0.254026730996153,0,0,64,210306,
gray_scott,fno,coefficient,202,response_matched,final_step,ood,96,0.8389611324577929,0,0,64,210306,
gray_scott,fno,coefficient,202,smooth,validation_best,test,64,0.005801454458255126,0,0,64,210306,1.2493049493059516
gray_scott,fno,coefficient,202,smooth,validation_best,test,96,0.012529293516795059,0,0,64,210306,1.2493049493059516
gray_scott,fno,coefficient,202,smooth,final_step,test,64,0.008736914957157227,0,0,64,210306,
gray_scott,fno,coefficient,202,smooth,final_step,test,96,0.011342351787177574,0,0,64,210306,
gray_scott,fno,coefficient,202,smooth,validation_best,ood,64,0.15723977128846522,0,0,64,210306,1.2493049493059516
gray_scott,fno,coefficient,202,smooth,validation_best,ood,96,0.4679328224813958,0,0,64,210306,1.2493049493059516
gray_scott,fno,coefficient,202,smooth,final_step,ood,64,0.1513457897984123,0,0,64,210306,
gray_scott,fno,coefficient,202,smooth,final_step,ood,96,1.7768617544590577,0,0,64,210306,
gray_scott,fno,coefficient,303,iid,validation_best,test,64,0.0026747020783266795,0,0,64,210306,1.2477239361032844
gray_scott,fno,coefficient,303,iid,validation_best,test,96,0.0044823571682782535,0,0,64,210306,1.2477239361032844
gray_scott,fno,coefficient,303,iid,final_step,test,64,0.0036586204173418846,0,0,64,210306,
gray_scott,fno,coefficient,303,iid,final_step,test,96,0.004960387581634121,0,0,64,210306,
gray_scott,fno,coefficient,303,iid,validation_best,ood,64,0.10728157015582007,0,0,64,210306,1.2477239361032844
gray_scott,fno,coefficient,303,iid,validation_best,ood,96,0.5320525067002204,0,0,64,210306,1.2477239361032844
gray_scott,fno,coefficient,303,iid,final_step,ood,64,0.09502654861964643,0,0,64,210306,
gray_scott,fno,coefficient,303,iid,final_step,ood,96,0.490210136446405,0,0,64,210306,
gray_scott,fno,coefficient,303,none,validation_best,test,64,0.0005215672570758195,0,0,64,210306,1.2501014396548271
gray_scott,fno,coefficient,303,none,validation_best,test,96,0.0015503672477923114,0,0,64,210306,1.2501014396548271
gray_scott,fno,coefficient,303,none,final_step,test,64,0.0006970730041415511,0,0,64,210306,
gray_scott,fno,coefficient,303,none,final_step,test,96,0.0018170189606386347,0,0,64,210306,
gray_scott,fno,coefficient,303,none,validation_best,ood,64,0.08340722046646176,0,0,64,210306,1.2501014396548271
gray_scott,fno,coefficient,303,none,validation_best,ood,96,0.31273907177416493,0,0,64,210306,1.2501014396548271
gray_scott,fno,coefficient,303,none,final_step,ood,64,0.08068718865135827,0,0,64,210306,
gray_scott,fno,coefficient,303,none,final_step,ood,96,0.2998220112002091,0,0,64,210306,
gray_scott,fno,coefficient,303,response_matched,validation_best,test,64,0.0016671393749092545,0,0,64,210306,1.260745944455266
gray_scott,fno,coefficient,303,response_matched,validation_best,test,96,0.0026655562916223135,0,0,64,210306,1.260745944455266
gray_scott,fno,coefficient,303,response_matched,final_step,test,64,0.01547598383927598,0,0,64,210306,
gray_scott,fno,coefficient,303,response_matched,final_step,test,96,0.03957456908451863,0,0,64,210306,
gray_scott,fno,coefficient,303,response_matched,validation_best,ood,64,0.8677327261369419,0,0,64,210306,1.260745944455266
gray_scott,fno,coefficient,303,response_matched,validation_best,ood,96,9.788534537239887,0,0,64,210306,1.260745944455266
gray_scott,fno,coefficient,303,response_matched,final_step,ood,64,0.37637104457567716,0,0,64,210306,
gray_scott,fno,coefficient,303,response_matched,final_step,ood,96,0.9879248667937379,0,0,64,210306,
gray_scott,fno,coefficient,303,smooth,validation_best,test,64,0.01270951165682041,0,0,64,210306,1.3141554314643145
gray_scott,fno,coefficient,303,smooth,validation_best,test,96,0.028263267808955883,0,0,64,210306,1.3141554314643145
gray_scott,fno,coefficient,303,smooth,final_step,test,64,0.007911190814590352,0,0,64,210306,
gray_scott,fno,coefficient,303,smooth,final_step,test,96,0.009696536106257684,0,0,64,210306,
gray_scott,fno,coefficient,303,smooth,validation_best,ood,64,0.0866644480149028,0,0,64,210306,1.3141554314643145
gray_scott,fno,coefficient,303,smooth,validation_best,ood,96,0.3273814439606057,0,0,64,210306,1.3141554314643145
gray_scott,fno,coefficient,303,smooth,final_step,ood,64,0.080130172843347,0,0,64,210306,
gray_scott,fno,coefficient,303,smooth,final_step,ood,96,0.31685917555839643,0,0,64,210306,
gray_scott,fno,coefficient,404,iid,validation_best,test,64,0.002486615827763855,0,0,64,210306,1.2704810127615929
gray_scott,fno,coefficient,404,iid,validation_best,test,96,0.0035166812306409168,0,0,64,210306,1.2704810127615929
gray_scott,fno,coefficient,404,iid,final_step,test,64,0.005716650286102742,0,0,64,210306,
gray_scott,fno,coefficient,404,iid,final_step,test,96,0.01229852865692686,0,0,64,210306,
gray_scott,fno,coefficient,404,iid,validation_best,ood,64,0.056847555804795835,0,0,64,210306,1.2704810127615929
gray_scott,fno,coefficient,404,iid,validation_best,ood,96,0.17998561519684275,0,0,64,210306,1.2704810127615929
gray_scott,fno,coefficient,404,iid,final_step,ood,64,0.11590217004485659,0,0,64,210306,
gray_scott,fno,coefficient,404,iid,final_step,ood,96,0.30759983131719676,0,0,64,210306,
gray_scott,fno,coefficient,404,none,validation_best,test,64,0.0003403257103245516,0,0,64,210306,1.2925715185701847
gray_scott,fno,coefficient,404,none,validation_best,test,96,0.0007620747764270907,0,0,64,210306,1.2925715185701847
gray_scott,fno,coefficient,404,none,final_step,test,64,0.0003403257103245516,0,0,64,210306,
gray_scott,fno,coefficient,404,none,final_step,test,96,0.0007620747764270907,0,0,64,210306,
gray_scott,fno,coefficient,404,none,validation_best,ood,64,0.092748003981173,0,0,64,210306,1.2925715185701847
gray_scott,fno,coefficient,404,none,validation_best,ood,96,0.2947280804536388,0,0,64,210306,1.2925715185701847
gray_scott,fno,coefficient,404,none,final_step,ood,64,0.092748003981173,0,0,64,210306,
gray_scott,fno,coefficient,404,none,final_step,ood,96,0.2947280804536388,0,0,64,210306,
gray_scott,fno,coefficient,404,response_matched,validation_best,test,64,0.0024529763781254432,0,0,64,210306,1.2518594972789288
gray_scott,fno,coefficient,404,response_matched,validation_best,test,96,0.004544874397227375,0,0,64,210306,1.2518594972789288
gray_scott,fno,coefficient,404,response_matched,final_step,test,64,0.015712171389996477,0,0,64,210306,
gray_scott,fno,coefficient,404,response_matched,final_step,test,96,0.05348949892720396,0,0,64,210306,
gray_scott,fno,coefficient,404,response_matched,validation_best,ood,64,0.10837595739777384,0,0,64,210306,1.2518594972789288
gray_scott,fno,coefficient,404,response_matched,validation_best,ood,96,0.5924357894511005,0,0,64,210306,1.2518594972789288
gray_scott,fno,coefficient,404,response_matched,final_step,ood,64,0.1009850423185994,0,0,64,210306,
gray_scott,fno,coefficient,404,response_matched,final_step,ood,96,0.21675281854959483,0,0,64,210306,
gray_scott,fno,coefficient,404,smooth,validation_best,test,64,0.0035813705420048303,0,0,64,210306,1.2529924511909485
gray_scott,fno,coefficient,404,smooth,validation_best,test,96,0.005379403693910564,0,0,64,210306,1.2529924511909485
gray_scott,fno,coefficient,404,smooth,final_step,test,64,0.008077411002282459,0,0,64,210306,
gray_scott,fno,coefficient,404,smooth,final_step,test,96,0.01642360992121385,0,0,64,210306,
gray_scott,fno,coefficient,404,smooth,validation_best,ood,64,0.06384000908115661,0,0,64,210306,1.2529924511909485
gray_scott,fno,coefficient,404,smooth,validation_best,ood,96,0.21082236204168847,0,0,64,210306,1.2529924511909485
gray_scott,fno,coefficient,404,smooth,final_step,ood,64,0.06511874988358612,0,0,64,210306,
gray_scott,fno,coefficient,404,smooth,final_step,ood,96,0.21209359995994115,0,0,64,210306,
gray_scott,fno,coefficient,505,iid,validation_best,test,64,0.004094838342451085,0,0,64,210306,1.2532670050859451
gray_scott,fno,coefficient,505,iid,validation_best,test,96,0.00887642300328963,0,0,64,210306,1.2532670050859451
gray_scott,fno,coefficient,505,iid,final_step,test,64,0.0035135758382515703,0,0,64,210306,
gray_scott,fno,coefficient,505,iid,final_step,test,96,0.004610382449195982,0,0,64,210306,
gray_scott,fno,coefficient,505,iid,validation_best,ood,64,0.10874385502112771,0,0,64,210306,1.2532670050859451
gray_scott,fno,coefficient,505,iid,validation_best,ood,96,0.3602263179108786,0,0,64,210306,1.2532670050859451
gray_scott,fno,coefficient,505,iid,final_step,ood,64,0.07005527080787921,0,0,64,210306,
gray_scott,fno,coefficient,505,iid,final_step,ood,96,0.17578942124980418,0,0,64,210306,
gray_scott,fno,coefficient,505,none,validation_best,test,64,0.0004207679430746729,0,0,64,210306,1.2496234849095345
gray_scott,fno,coefficient,505,none,validation_best,test,96,0.0011149288423109836,0,0,64,210306,1.2496234849095345
gray_scott,fno,coefficient,505,none,final_step,test,64,0.00038274008774264595,0,0,64,210306,
gray_scott,fno,coefficient,505,none,final_step,test,96,0.0007513038202158994,0,0,64,210306,
gray_scott,fno,coefficient,505,none,validation_best,ood,64,0.07194631299102272,0,0,64,210306,1.2496234849095345
gray_scott,fno,coefficient,505,none,validation_best,ood,96,0.2132368452410695,0,0,64,210306,1.2496234849095345
gray_scott,fno,coefficient,505,none,final_step,ood,64,0.07209735164468789,0,0,64,210306,
gray_scott,fno,coefficient,505,none,final_step,ood,96,0.21467117729552498,0,0,64,210306,
gray_scott,fno,coefficient,505,response_matched,validation_best,test,64,0.0022405267239856697,0,0,64,210306,1.2818909483030438
gray_scott,fno,coefficient,505,response_matched,validation_best,test,96,0.0033531371932380427,0,0,64,210306,1.2818909483030438
gray_scott,fno,coefficient,505,response_matched,final_step,test,64,0.0035838088945331914,0,0,64,210306,
gray_scott,fno,coefficient,505,response_matched,final_step,test,96,0.006128854779663517,0,0,64,210306,
gray_scott,fno,coefficient,505,response_matched,validation_best,ood,64,0.12416849218746417,0,0,64,210306,1.2818909483030438
gray_scott,fno,coefficient,505,response_matched,validation_best,ood,96,0.413227896676308,0,0,64,210306,1.2818909483030438
gray_scott,fno,coefficient,505,response_matched,final_step,ood,64,0.10603301873049054,0,0,64,210306,
gray_scott,fno,coefficient,505,response_matched,final_step,ood,96,0.3552308744476642,0,0,64,210306,
gray_scott,fno,coefficient,505,smooth,validation_best,test,64,0.0033142040920717264,0,0,64,210306,1.2547849910333753
gray_scott,fno,coefficient,505,smooth,validation_best,test,96,0.006990503517268227,0,0,64,210306,1.2547849910333753
gray_scott,fno,coefficient,505,smooth,final_step,test,64,0.011400119165144496,0,0,64,210306,
gray_scott,fno,coefficient,505,smooth,final_step,test,96,0.01784340104862222,0,0,64,210306,
gray_scott,fno,coefficient,505,smooth,validation_best,ood,64,0.11681844882106551,0,0,64,210306,1.2547849910333753
gray_scott,fno,coefficient,505,smooth,validation_best,ood,96,0.3623389090059191,0,0,64,210306,1.2547849910333753
gray_scott,fno,coefficient,505,smooth,final_step,ood,64,0.07740821502328799,0,0,64,210306,
gray_scott,fno,coefficient,505,smooth,final_step,ood,96,0.2352876541053714,0,0,64,210306,
gray_scott,fno,coefficient,606,iid,validation_best,test,64,0.005251667021400272,0,0,64,210306,1.306655490770936
gray_scott,fno,coefficient,606,iid,validation_best,test,96,0.00917655345562395,0,0,64,210306,1.306655490770936
gray_scott,fno,coefficient,606,iid,final_step,test,64,0.0028700613769640504,0,0,64,210306,
gray_scott,fno,coefficient,606,iid,final_step,test,96,0.003947139647349496,0,0,64,210306,
gray_scott,fno,coefficient,606,iid,validation_best,ood,64,0.1783804774477935,0,0,64,210306,1.306655490770936
gray_scott,fno,coefficient,606,iid,validation_best,ood,96,0.542968733906845,0,0,64,210306,1.306655490770936
gray_scott,fno,coefficient,606,iid,final_step,ood,64,0.1513326217572426,0,0,64,210306,
gray_scott,fno,coefficient,606,iid,final_step,ood,96,0.5037574791033668,0,0,64,210306,
gray_scott,fno,coefficient,606,none,validation_best,test,64,0.00040981884684794523,0,0,64,210306,1.2675639474764466
gray_scott,fno,coefficient,606,none,validation_best,test,96,0.0009142809056100116,0,0,64,210306,1.2675639474764466
gray_scott,fno,coefficient,606,none,final_step,test,64,0.0011337879323280592,0,0,64,210306,
gray_scott,fno,coefficient,606,none,final_step,test,96,0.0026915450081116494,0,0,64,210306,
gray_scott,fno,coefficient,606,none,validation_best,ood,64,0.16223950587781566,0,0,64,210306,1.2675639474764466
gray_scott,fno,coefficient,606,none,validation_best,ood,96,0.5116199467491793,0,0,64,210306,1.2675639474764466
gray_scott,fno,coefficient,606,none,final_step,ood,64,0.10983629059023503,0,0,64,210306,
gray_scott,fno,coefficient,606,none,final_step,ood,96,0.3600743258392244,0,0,64,210306,
gray_scott,fno,coefficient,606,response_matched,validation_best,test,64,0.0040082893092040495,0,0,64,210306,1.2526604579761624
gray_scott,fno,coefficient,606,response_matched,validation_best,test,96,0.008354869757979538,0,0,64,210306,1.2526604579761624
gray_scott,fno,coefficient,606,response_matched,final_step,test,64,0.04803384444076751,0,0,64,210306,
gray_scott,fno,coefficient,606,response_matched,final_step,test,96,0.13165909485365598,0,0,64,210306,
gray_scott,fno,coefficient,606,response_matched,validation_best,ood,64,0.276876979907839,0,0,64,210306,1.2526604579761624
gray_scott,fno,coefficient,606,response_matched,validation_best,ood,96,0.7922769128879559,0,0,64,210306,1.2526604579761624
gray_scott,fno,coefficient,606,response_matched,final_step,ood,64,0.297203288104658,0,0,64,210306,
gray_scott,fno,coefficient,606,response_matched,final_step,ood,96,0.7857336512366189,0,0,64,210306,
gray_scott,fno,coefficient,606,smooth,validation_best,test,64,0.002213420285680112,0,0,64,210306,1.2537900125607848
gray_scott,fno,coefficient,606,smooth,validation_best,test,96,0.004509664972099148,0,0,64,210306,1.2537900125607848
gray_scott,fno,coefficient,606,smooth,final_step,test,64,0.002213420285680112,0,0,64,210306,
gray_scott,fno,coefficient,606,smooth,final_step,test,96,0.004509664972099148,0,0,64,210306,
gray_scott,fno,coefficient,606,smooth,validation_best,ood,64,0.0924399799235327,0,0,64,210306,1.2537900125607848
gray_scott,fno,coefficient,606,smooth,validation_best,ood,96,0.5445722142402425,0,0,64,210306,1.2537900125607848
gray_scott,fno,coefficient,606,smooth,final_step,ood,64,0.0924399799235327,0,0,64,210306,
gray_scott,fno,coefficient,606,smooth,final_step,ood,96,0.5445722142402425,0,0,64,210306,
gray_scott,fno,correct,101,iid,validation_best,test,64,0.00048792875811268926,0,0,64,210306,1.2307734927162528
gray_scott,fno,correct,101,iid,validation_best,test,96,0.0008311920721925705,0,0,64,210306,1.2307734927162528
gray_scott,fno,correct,101,iid,final_step,test,64,0.00048792875811268926,0,0,64,210306,
gray_scott,fno,correct,101,iid,final_step,test,96,0.0008311920721925705,0,0,64,210306,
gray_scott,fno,correct,101,iid,validation_best,ood,64,0.22447502453123036,0,0,64,210306,1.2307734927162528
gray_scott,fno,correct,101,iid,validation_best,ood,96,0.6614620076345641,0,0,64,210306,1.2307734927162528
gray_scott,fno,correct,101,iid,final_step,ood,64,0.22447502453123036,0,0,64,210306,
gray_scott,fno,correct,101,iid,final_step,ood,96,0.6614620076345641,0,0,64,210306,
gray_scott,fno,correct,101,none,validation_best,test,64,0.00040418416200148355,0,0,64,210306,1.248260447755456
gray_scott,fno,correct,101,none,validation_best,test,96,0.0010345535089855047,0,0,64,210306,1.248260447755456
gray_scott,fno,correct,101,none,final_step,test,64,0.0007588958549414673,0,0,64,210306,
gray_scott,fno,correct,101,none,final_step,test,96,0.0016344480515174168,0,0,64,210306,
gray_scott,fno,correct,101,none,validation_best,ood,64,0.16256954356582032,0,0,64,210306,1.248260447755456
gray_scott,fno,correct,101,none,validation_best,ood,96,0.48318146655514066,0,0,64,210306,1.248260447755456
gray_scott,fno,correct,101,none,final_step,ood,64,0.20730846813769022,0,0,64,210306,
gray_scott,fno,correct,101,none,final_step,ood,96,0.5907105387097671,0,0,64,210306,
gray_scott,fno,correct,101,response_matched,validation_best,test,64,0.0008067298708929124,0,0,64,210306,1.2484124628826976
gray_scott,fno,correct,101,response_matched,validation_best,test,96,0.0013489887505793116,0,0,64,210306,1.2484124628826976
gray_scott,fno,correct,101,response_matched,final_step,test,64,0.0017028689766596036,0,0,64,210306,
gray_scott,fno,correct,101,response_matched,final_step,test,96,0.0034982597192428494,0,0,64,210306,
gray_scott,fno,correct,101,response_matched,validation_best,ood,64,0.26549655428786156,0,0,64,210306,1.2484124628826976
gray_scott,fno,correct,101,response_matched,validation_best,ood,96,0.7818746173033808,0,0,64,210306,1.2484124628826976
gray_scott,fno,correct,101,response_matched,final_step,ood,64,0.162355419870313,0,0,64,210306,
gray_scott,fno,correct,101,response_matched,final_step,ood,96,0.4875288498199029,0,0,64,210306,
gray_scott,fno,correct,101,smooth,validation_best,test,64,0.000388665871693554,0,0,64,210306,1.265696482732892
gray_scott,fno,correct,101,smooth,validation_best,test,96,0.0007801140014173785,0,0,64,210306,1.265696482732892
gray_scott,fno,correct,101,smooth,final_step,test,64,0.0003412502344369954,0,0,64,210306,
gray_scott,fno,correct,101,smooth,final_step,test,96,0.0006881987146649001,0,0,64,210306,
gray_scott,fno,correct,101,smooth,validation_best,ood,64,0.13524681465512556,0,0,64,210306,1.265696482732892
gray_scott,fno,correct,101,smooth,validation_best,ood,96,0.3807803685406883,0,0,64,210306,1.265696482732892
gray_scott,fno,correct,101,smooth,final_step,ood,64,0.12181970945919396,0,0,64,210306,
gray_scott,fno,correct,101,smooth,final_step,ood,96,0.34036101849152917,0,0,64,210306,
gray_scott,fno,correct,202,iid,validation_best,test,64,0.0009480559383658188,0,0,64,210306,1.2754894327372313
gray_scott,fno,correct,202,iid,validation_best,test,96,0.002437579516189383,0,0,64,210306,1.2754894327372313
gray_scott,fno,correct,202,iid,final_step,test,64,0.0009480559383658188,0,0,64,210306,
gray_scott,fno,correct,202,iid,final_step,test,96,0.002437579516189383,0,0,64,210306,
gray_scott,fno,correct,202,iid,validation_best,ood,64,0.14767480139078826,0,0,64,210306,1.2754894327372313
gray_scott,fno,correct,202,iid,validation_best,ood,96,0.5296059754877709,0,0,64,210306,1.2754894327372313
gray_scott,fno,correct,202,iid,final_step,ood,64,0.14767480139078826,0,0,64,210306,
gray_scott,fno,correct,202,iid,final_step,ood,96,0.5296059754877709,0,0,64,210306,
gray_scott,fno,correct,202,none,validation_best,test,64,0.0005642509148634789,0,0,64,210306,1.246700994670391
gray_scott,fno,correct,202,none,validation_best,test,96,0.0015454876075643258,0,0,64,210306,1.246700994670391
gray_scott,fno,correct,202,none,final_step,test,64,0.001179257334328436,0,0,64,210306,
gray_scott,fno,correct,202,none,final_step,test,96,0.0023537502043625286,0,0,64,210306,
gray_scott,fno,correct,202,none,validation_best,ood,64,0.1251982054938352,0,0,64,210306,1.246700994670391
gray_scott,fno,correct,202,none,validation_best,ood,96,0.3995448032954063,0,0,64,210306,1.246700994670391
gray_scott,fno,correct,202,none,final_step,ood,64,0.10296383935827058,0,0,64,210306,
gray_scott,fno,correct,202,none,final_step,ood,96,0.3399494169782451,0,0,64,210306,
gray_scott,fno,correct,202,response_matched,validation_best,test,64,0.0012480286348444947,0,0,64,210306,1.2705729808658361
gray_scott,fno,correct,202,response_matched,validation_best,test,96,0.0035927134166633956,0,0,64,210306,1.2705729808658361
gray_scott,fno,correct,202,response_matched,final_step,test,64,0.0037015332746076768,0,0,64,210306,
gray_scott,fno,correct,202,response_matched,final_step,test,96,0.008186006245841815,0,0,64,210306,
gray_scott,fno,correct,202,response_matched,validation_best,ood,64,0.15201697421556704,0,0,64,210306,1.2705729808658361
gray_scott,fno,correct,202,response_matched,validation_best,ood,96,0.5887868516979873,0,0,64,210306,1.2705729808658361
gray_scott,fno,correct,202,response_matched,final_step,ood,64,0.14258600033959423,0,0,64,210306,
gray_scott,fno,correct,202,response_matched,final_step,ood,96,0.5401214499236671,0,0,64,210306,
gray_scott,fno,correct,202,smooth,validation_best,test,64,0.0006621835070622396,0,0,64,210306,1.237203017808497
gray_scott,fno,correct,202,smooth,validation_best,test,96,0.0017988241016571617,0,0,64,210306,1.237203017808497
gray_scott,fno,correct,202,smooth,final_step,test,64,0.0006621835070622396,0,0,64,210306,
gray_scott,fno,correct,202,smooth,final_step,test,96,0.0017988241016571617,0,0,64,210306,
gray_scott,fno,correct,202,smooth,validation_best,ood,64,0.09642295700361192,0,0,64,210306,1.237203017808497
gray_scott,fno,correct,202,smooth,validation_best,ood,96,0.32676353512822764,0,0,64,210306,1.237203017808497
gray_scott,fno,correct,202,smooth,final_step,ood,64,0.09642295700361192,0,0,64,210306,
gray_scott,fno,correct,202,smooth,final_step,ood,96,0.32676353512822764,0,0,64,210306,
gray_scott,fno,correct,303,iid,validation_best,test,64,0.0006963671637760516,0,0,64,210306,1.247145002707839
gray_scott,fno,correct,303,iid,validation_best,test,96,0.0017046964854731303,0,0,64,210306,1.247145002707839
gray_scott,fno,correct,303,iid,final_step,test,64,0.0006535038975136881,0,0,64,210306,
gray_scott,fno,correct,303,iid,final_step,test,96,0.001824873485423567,0,0,64,210306,
gray_scott,fno,correct,303,iid,validation_best,ood,64,0.1520900195579371,0,0,64,210306,1.247145002707839
gray_scott,fno,correct,303,iid,validation_best,ood,96,0.6494008872593932,0,0,64,210306,1.247145002707839
gray_scott,fno,correct,303,iid,final_step,ood,64,0.16664296370871612,0,0,64,210306,
gray_scott,fno,correct,303,iid,final_step,ood,96,0.7862748778890741,0,0,64,210306,
gray_scott,fno,correct,303,none,validation_best,test,64,0.0005215682328657961,0,0,64,210306,1.2484069913625717
gray_scott,fno,correct,303,none,validation_best,test,96,0.0015503868261921572,0,0,64,210306,1.2484069913625717
gray_scott,fno,correct,303,none,final_step,test,64,0.0006970858157744446,0,0,64,210306,
gray_scott,fno,correct,303,none,final_step,test,96,0.0018170611375603121,0,0,64,210306,
gray_scott,fno,correct,303,none,validation_best,ood,64,0.08340722046646176,0,0,64,210306,1.2484069913625717
gray_scott,fno,correct,303,none,validation_best,ood,96,0.31273907177416493,0,0,64,210306,1.2484069913625717
gray_scott,fno,correct,303,none,final_step,ood,64,0.08068718865135827,0,0,64,210306,
gray_scott,fno,correct,303,none,final_step,ood,96,0.2998220112002091,0,0,64,210306,
gray_scott,fno,correct,303,response_matched,validation_best,test,64,0.0007548265428636014,0,0,64,210306,1.3630619505420327
gray_scott,fno,correct,303,response_matched,validation_best,test,96,0.002002753823702167,0,0,64,210306,1.3630619505420327
gray_scott,fno,correct,303,response_matched,final_step,test,64,0.0008306488960647049,0,0,64,210306,
gray_scott,fno,correct,303,response_matched,final_step,test,96,0.0019698099521121885,0,0,64,210306,
gray_scott,fno,correct,303,response_matched,validation_best,ood,64,0.21515067325491732,0,0,64,210306,1.3630619505420327
gray_scott,fno,correct,303,response_matched,validation_best,ood,96,1.1473255038918775,0,0,64,210306,1.3630619505420327
gray_scott,fno,correct,303,response_matched,final_step,ood,64,0.2125617450169901,0,0,64,210306,
gray_scott,fno,correct,303,response_matched,final_step,ood,96,1.0584558804879258,0,0,64,210306,
gray_scott,fno,correct,303,smooth,validation_best,test,64,0.0003313412558322501,0,0,64,210306,1.2505345046520233
gray_scott,fno,correct,303,smooth,validation_best,test,96,0.0008580165679471276,0,0,64,210306,1.2505345046520233
gray_scott,fno,correct,303,smooth,final_step,test,64,0.0004212711176882246,0,0,64,210306,
gray_scott,fno,correct,303,smooth,final_step,test,96,0.0011435173044641426,0,0,64,210306,
gray_scott,fno,correct,303,smooth,validation_best,ood,64,0.06761646815379341,0,0,64,210306,1.2505345046520233
gray_scott,fno,correct,303,smooth,validation_best,ood,96,0.2779618798232704,0,0,64,210306,1.2505345046520233
gray_scott,fno,correct,303,smooth,final_step,ood,64,0.06641910146357533,0,0,64,210306,
gray_scott,fno,correct,303,smooth,final_step,ood,96,0.2547515427199172,0,0,64,210306,
gray_scott,fno,correct,404,iid,validation_best,test,64,0.0007815184691667212,0,0,64,210306,1.2815139489248395
gray_scott,fno,correct,404,iid,validation_best,test,96,0.0013848240046868917,0,0,64,210306,1.2815139489248395
gray_scott,fno,correct,404,iid,final_step,test,64,0.0007762312919719072,0,0,64,210306,
gray_scott,fno,correct,404,iid,final_step,test,96,0.0013062796410610034,0,0,64,210306,
gray_scott,fno,correct,404,iid,validation_best,ood,64,0.09419905617629176,0,0,64,210306,1.2815139489248395
gray_scott,fno,correct,404,iid,validation_best,ood,96,0.31229375576086105,0,0,64,210306,1.2815139489248395
gray_scott,fno,correct,404,iid,final_step,ood,64,0.07074728189435087,0,0,64,210306,
gray_scott,fno,correct,404,iid,final_step,ood,96,0.24350700135036293,0,0,64,210306,
gray_scott,fno,correct,404,none,validation_best,test,64,0.0003403125083846978,0,0,64,210306,1.252087950706482
gray_scott,fno,correct,404,none,validation_best,test,96,0.0007620475885177732,0,0,64,210306,1.252087950706482
gray_scott,fno,correct,404,none,final_step,test,64,0.0003403125083846978,0,0,64,210306,
gray_scott,fno,correct,404,none,final_step,test,96,0.0007620475885177732,0,0,64,210306,
gray_scott,fno,correct,404,none,validation_best,ood,64,0.092748003981173,0,0,64,210306,1.252087950706482
gray_scott,fno,correct,404,none,validation_best,ood,96,0.2947280804536388,0,0,64,210306,1.252087950706482
gray_scott,fno,correct,404,none,final_step,ood,64,0.092748003981173,0,0,64,210306,
gray_scott,fno,correct,404,none,final_step,ood,96,0.2947280804536388,0,0,64,210306,
gray_scott,fno,correct,404,response_matched,validation_best,test,64,0.000606470224327374,0,0,64,210306,1.2324509909376502
gray_scott,fno,correct,404,response_matched,validation_best,test,96,0.0011633740765114309,0,0,64,210306,1.2324509909376502
gray_scott,fno,correct,404,response_matched,final_step,test,64,0.0007292915370577732,0,0,64,210306,
gray_scott,fno,correct,404,response_matched,final_step,test,96,0.0017285677523425497,0,0,64,210306,
gray_scott,fno,correct,404,response_matched,validation_best,ood,64,0.07684238201773863,0,0,64,210306,1.2324509909376502
gray_scott,fno,correct,404,response_matched,validation_best,ood,96,0.2773541426192175,0,0,64,210306,1.2324509909376502
gray_scott,fno,correct,404,response_matched,final_step,ood,64,0.0673004586023025,0,0,64,210306,
gray_scott,fno,correct,404,response_matched,final_step,ood,96,0.22437817244759506,0,0,64,210306,
gray_scott,fno,correct,404,smooth,validation_best,test,64,0.0003712358862018872,0,0,64,210306,1.2341279303655028
gray_scott,fno,correct,404,smooth,validation_best,test,96,0.0008641528696981167,0,0,64,210306,1.2341279303655028
gray_scott,fno,correct,404,smooth,final_step,test,64,0.0013136547622603287,0,0,64,210306,
gray_scott,fno,correct,404,smooth,final_step,test,96,0.002554100305493204,0,0,64,210306,
gray_scott,fno,correct,404,smooth,validation_best,ood,64,0.09016615140974849,0,0,64,210306,1.2341279303655028
gray_scott,fno,correct,404,smooth,validation_best,ood,96,0.29579191799641186,0,0,64,210306,1.2341279303655028
gray_scott,fno,correct,404,smooth,final_step,ood,64,0.13924124035898178,0,0,64,210306,
gray_scott,fno,correct,404,smooth,final_step,ood,96,0.41146160837079354,0,0,64,210306,
gray_scott,fno,correct,505,iid,validation_best,test,64,0.0004799800965384557,0,0,64,210306,1.234298013150692
gray_scott,fno,correct,505,iid,validation_best,test,96,0.0011037146466268178,0,0,64,210306,1.234298013150692
gray_scott,fno,correct,505,iid,final_step,test,64,0.0005588600048994051,0,0,64,210306,
gray_scott,fno,correct,505,iid,final_step,test,96,0.0013105545581990966,0,0,64,210306,
gray_scott,fno,correct,505,iid,validation_best,ood,64,0.054449091012908624,0,0,64,210306,1.234298013150692
gray_scott,fno,correct,505,iid,validation_best,ood,96,0.20231452260882285,0,0,64,210306,1.234298013150692
gray_scott,fno,correct,505,iid,final_step,ood,64,0.03424708643434782,0,0,64,210306,
gray_scott,fno,correct,505,iid,final_step,ood,96,0.12153629164459753,0,0,64,210306,
gray_scott,fno,correct,505,none,validation_best,test,64,0.00042077730705216906,0,0,64,210306,1.249336451292038
gray_scott,fno,correct,505,none,validation_best,test,96,0.0011149557810545992,0,0,64,210306,1.249336451292038
gray_scott,fno,correct,505,none,final_step,test,64,0.00038273993811181045,0,0,64,210306,
gray_scott,fno,correct,505,none,final_step,test,96,0.0007513034204850767,0,0,64,210306,
gray_scott,fno,correct,505,none,validation_best,ood,64,0.07194631299102272,0,0,64,210306,1.249336451292038
gray_scott,fno,correct,505,none,validation_best,ood,96,0.2132368452410695,0,0,64,210306,1.249336451292038
gray_scott,fno,correct,505,none,final_step,ood,64,0.07209735164468789,0,0,64,210306,
gray_scott,fno,correct,505,none,final_step,ood,96,0.21467117729552498,0,0,64,210306,
gray_scott,fno,correct,505,response_matched,validation_best,test,64,0.0006849402488584982,0,0,64,210306,1.2497415067628026
gray_scott,fno,correct,505,response_matched,validation_best,test,96,0.0016755414805537012,0,0,64,210306,1.2497415067628026
gray_scott,fno,correct,505,response_matched,final_step,test,64,0.0017588465299657532,0,0,64,210306,
gray_scott,fno,correct,505,response_matched,final_step,test,96,0.0037161041470587563,0,0,64,210306,
gray_scott,fno,correct,505,response_matched,validation_best,ood,64,0.047291718694355556,0,0,64,210306,1.2497415067628026
gray_scott,fno,correct,505,response_matched,validation_best,ood,96,0.16596950228992718,0,0,64,210306,1.2497415067628026
gray_scott,fno,correct,505,response_matched,final_step,ood,64,0.033596479265767476,0,0,64,210306,
gray_scott,fno,correct,505,response_matched,final_step,ood,96,0.12216713870538819,0,0,64,210306,
gray_scott,fno,correct,505,smooth,validation_best,test,64,0.00042650200816232026,0,0,64,210306,1.2746399501338601
gray_scott,fno,correct,505,smooth,validation_best,test,96,0.000997205400811621,0,0,64,210306,1.2746399501338601
gray_scott,fno,correct,505,smooth,final_step,test,64,0.00042650200816232026,0,0,64,210306,
gray_scott,fno,correct,505,smooth,final_step,test,96,0.000997205400811621,0,0,64,210306,
gray_scott,fno,correct,505,smooth,validation_best,ood,64,0.0921497477824389,0,0,64,210306,1.2746399501338601
gray_scott,fno,correct,505,smooth,validation_best,ood,96,0.2681666587883333,0,0,64,210306,1.2746399501338601
gray_scott,fno,correct,505,smooth,final_step,ood,64,0.0921497477824389,0,0,64,210306,
gray_scott,fno,correct,505,smooth,final_step,ood,96,0.2681666587883333,0,0,64,210306,
gray_scott,fno,correct,606,iid,validation_best,test,64,0.0010011606405686269,0,0,64,210306,1.2697009602561593
gray_scott,fno,correct,606,iid,validation_best,test,96,0.0022959825180319617,0,0,64,210306,1.2697009602561593
gray_scott,fno,correct,606,iid,final_step,test,64,0.0012598091926175753,0,0,64,210306,
gray_scott,fno,correct,606,iid,final_step,test,96,0.002398256133642705,0,0,64,210306,
gray_scott,fno,correct,606,iid,validation_best,ood,64,0.09727705367923001,0,0,64,210306,1.2697009602561593
gray_scott,fno,correct,606,iid,validation_best,ood,96,0.2911933311176978,0,0,64,210306,1.2697009602561593
gray_scott,fno,correct,606,iid,final_step,ood,64,0.09059806107051549,0,0,64,210306,
gray_scott,fno,correct,606,iid,final_step,ood,96,0.2873646915534918,0,0,64,210306,
gray_scott,fno,correct,606,none,validation_best,test,64,0.0004098209252117978,0,0,64,210306,1.238006493076682
gray_scott,fno,correct,606,none,validation_best,test,96,0.0009142867892151217,0,0,64,210306,1.238006493076682
gray_scott,fno,correct,606,none,final_step,test,64,0.0011337816430865705,0,0,64,210306,
gray_scott,fno,correct,606,none,final_step,test,96,0.002691514889360656,0,0,64,210306,
gray_scott,fno,correct,606,none,validation_best,ood,64,0.16223950587781566,0,0,64,210306,1.238006493076682
gray_scott,fno,correct,606,none,validation_best,ood,96,0.5116199467491793,0,0,64,210306,1.238006493076682
gray_scott,fno,correct,606,none,final_step,ood,64,0.10983629059023503,0,0,64,210306,
gray_scott,fno,correct,606,none,final_step,ood,96,0.3600743258392244,0,0,64,210306,
gray_scott,fno,correct,606,response_matched,validation_best,test,64,0.0013440759048999468,0,0,64,210306,1.230523455888033
gray_scott,fno,correct,606,response_matched,validation_best,test,96,0.004833307451384447,0,0,64,210306,1.230523455888033
gray_scott,fno,correct,606,response_matched,final_step,test,64,0.0027018326116717423,0,0,64,210306,
gray_scott,fno,correct,606,response_matched,final_step,test,96,0.006958595994799652,0,0,64,210306,
gray_scott,fno,correct,606,response_matched,validation_best,ood,64,0.09692891790793468,0,0,64,210306,1.230523455888033
gray_scott,fno,correct,606,response_matched,validation_best,ood,96,0.2927873249946179,0,0,64,210306,1.230523455888033
gray_scott,fno,correct,606,response_matched,final_step,ood,64,0.10864075427882569,0,0,64,210306,
gray_scott,fno,correct,606,response_matched,final_step,ood,96,0.3334434845552242,0,0,64,210306,
gray_scott,fno,correct,606,smooth,validation_best,test,64,0.0003640776400219668,0,0,64,210306,1.255879970267415
gray_scott,fno,correct,606,smooth,validation_best,test,96,0.0009424684243633495,0,0,64,210306,1.255879970267415
gray_scott,fno,correct,606,smooth,final_step,test,64,0.0008285089138782356,0,0,64,210306,
gray_scott,fno,correct,606,smooth,final_step,test,96,0.001969416844572548,0,0,64,210306,
gray_scott,fno,correct,606,smooth,validation_best,ood,64,0.11673204829277939,0,0,64,210306,1.255879970267415
gray_scott,fno,correct,606,smooth,validation_best,ood,96,0.35781326501214333,0,0,64,210306,1.255879970267415
gray_scott,fno,correct,606,smooth,final_step,ood,64,0.12187659885083635,0,0,64,210306,
gray_scott,fno,correct,606,smooth,final_step,ood,96,0.37572204677434495,0,0,64,210306,
gray_scott,looped,coefficient,101,iid,validation_best,test,64,0.030929306601628292,0,0,64,34178,1.531556504778564
gray_scott,looped,coefficient,101,iid,validation_best,test,96,0.07107156084106725,0,0,64,34178,1.531556504778564
gray_scott,looped,coefficient,101,iid,final_step,test,64,0.028302692657337314,0,0,64,34178,
gray_scott,looped,coefficient,101,iid,final_step,test,96,0.07384109448551819,0,0,64,34178,
gray_scott,looped,coefficient,101,iid,validation_best,ood,64,0.367160870560689,0,0,64,34178,1.531556504778564
gray_scott,looped,coefficient,101,iid,validation_best,ood,96,1.2849104558783657,0,0,64,34178,1.531556504778564
gray_scott,looped,coefficient,101,iid,final_step,ood,64,0.41827072176883906,0,0,64,34178,
gray_scott,looped,coefficient,101,iid,final_step,ood,96,1.4436904046446208,0,0,64,34178,
gray_scott,looped,coefficient,101,none,validation_best,test,64,0.021844385728205795,0,0,64,34178,1.5633769566193223
gray_scott,looped,coefficient,101,none,validation_best,test,96,0.08564370434178961,0,0,64,34178,1.5633769566193223
gray_scott,looped,coefficient,101,none,final_step,test,64,0.025578295616943247,0,0,64,34178,
gray_scott,looped,coefficient,101,none,final_step,test,96,0.06071321780024489,0,0,64,34178,
gray_scott,looped,coefficient,101,none,validation_best,ood,64,0.3131913064976306,0,0,64,34178,1.5633769566193223
gray_scott,looped,coefficient,101,none,validation_best,ood,96,1.120569367813309,0,0,64,34178,1.5633769566193223
gray_scott,looped,coefficient,101,none,final_step,ood,64,0.2738434345741414,0,0,64,34178,
gray_scott,looped,coefficient,101,none,final_step,ood,96,0.9750711300684299,0,0,64,34178,
gray_scott,looped,coefficient,101,response_matched,validation_best,test,64,0.03224002320458674,0,0,64,34178,1.535770483314991
gray_scott,looped,coefficient,101,response_matched,validation_best,test,96,0.07393530026514854,0,0,64,34178,1.535770483314991
gray_scott,looped,coefficient,101,response_matched,final_step,test,64,0.0278529815811428,0,0,64,34178,
gray_scott,looped,coefficient,101,response_matched,final_step,test,96,0.07260314535652532,0,0,64,34178,
gray_scott,looped,coefficient,101,response_matched,validation_best,ood,64,0.35915367208742044,0,0,64,34178,1.535770483314991
gray_scott,looped,coefficient,101,response_matched,validation_best,ood,96,1.255100839331479,0,0,64,34178,1.535770483314991
gray_scott,looped,coefficient,101,response_matched,final_step,ood,64,0.41825344304071166,0,0,64,34178,
gray_scott,looped,coefficient,101,response_matched,final_step,ood,96,1.4398712163266034,0,0,64,34178,
gray_scott,looped,coefficient,101,smooth,validation_best,test,64,0.029292613432706727,0,0,64,34178,1.7820329405367374
gray_scott,looped,coefficient,101,smooth,validation_best,test,96,0.06851898191603656,0,0,64,34178,1.7820329405367374
gray_scott,looped,coefficient,101,smooth,final_step,test,64,0.02798058850038243,0,0,64,34178,
gray_scott,looped,coefficient,101,smooth,final_step,test,96,0.0722108688631228,0,0,64,34178,
gray_scott,looped,coefficient,101,smooth,validation_best,ood,64,0.3566993796497657,0,0,64,34178,1.7820329405367374
gray_scott,looped,coefficient,101,smooth,validation_best,ood,96,1.2657831940507722,0,0,64,34178,1.7820329405367374
gray_scott,looped,coefficient,101,smooth,final_step,ood,64,0.3888645381221356,0,0,64,34178,
gray_scott,looped,coefficient,101,smooth,final_step,ood,96,1.3714248980583652,0,0,64,34178,
gray_scott,looped,coefficient,202,iid,validation_best,test,64,0.02529077026945936,0,0,64,34178,1.5311074443161488
gray_scott,looped,coefficient,202,iid,validation_best,test,96,0.041617368473771954,0,0,64,34178,1.5311074443161488
gray_scott,looped,coefficient,202,iid,final_step,test,64,0.027335776754202623,0,0,64,34178,
gray_scott,looped,coefficient,202,iid,final_step,test,96,0.05792981102325919,0,0,64,34178,
gray_scott,looped,coefficient,202,iid,validation_best,ood,64,1.1598767223187245,0,0,64,34178,1.5311074443161488
gray_scott,looped,coefficient,202,iid,validation_best,ood,96,2.549382107662285,0,0,64,34178,1.5311074443161488
gray_scott,looped,coefficient,202,iid,final_step,ood,64,1.0260701639540208,0,0,64,34178,
gray_scott,looped,coefficient,202,iid,final_step,ood,96,2.326212430385854,0,0,64,34178,
gray_scott,looped,coefficient,202,none,validation_best,test,64,0.018172355303820664,0,0,64,34178,1.5313794370740652
gray_scott,looped,coefficient,202,none,validation_best,test,96,0.03554546254436912,0,0,64,34178,1.5313794370740652
gray_scott,looped,coefficient,202,none,final_step,test,64,0.0152968067875906,0,0,64,34178,
gray_scott,looped,coefficient,202,none,final_step,test,96,0.028394408197121544,0,0,64,34178,
gray_scott,looped,coefficient,202,none,validation_best,ood,64,1.2987887513722356,0,0,64,34178,1.5313794370740652
gray_scott,looped,coefficient,202,none,validation_best,ood,96,2.832463535353142,0,0,64,34178,1.5313794370740652
gray_scott,looped,coefficient,202,none,final_step,ood,64,1.233459800499297,0,0,64,34178,
gray_scott,looped,coefficient,202,none,final_step,ood,96,2.7312907843268732,0,0,64,34178,
gray_scott,looped,coefficient,202,response_matched,validation_best,test,64,0.025537072081891043,0,0,64,34178,1.6125694615766406
gray_scott,looped,coefficient,202,response_matched,validation_best,test,96,0.042253698290941166,0,0,64,34178,1.6125694615766406
gray_scott,looped,coefficient,202,response_matched,final_step,test,64,0.027986616718697066,0,0,64,34178,
gray_scott,looped,coefficient,202,response_matched,final_step,test,96,0.05995450056759758,0,0,64,34178,
gray_scott,looped,coefficient,202,response_matched,validation_best,ood,64,1.1239958093150868,0,0,64,34178,1.6125694615766406
gray_scott,looped,coefficient,202,response_matched,validation_best,ood,96,2.487001167703319,0,0,64,34178,1.6125694615766406
gray_scott,looped,coefficient,202,response_matched,final_step,ood,64,1.0226299923458342,0,0,64,34178,
gray_scott,looped,coefficient,202,response_matched,final_step,ood,96,2.3132010865427377,0,0,64,34178,
gray_scott,looped,coefficient,202,smooth,validation_best,test,64,0.025445168419176212,0,0,64,34178,1.534663955681026
gray_scott,looped,coefficient,202,smooth,validation_best,test,96,0.04358781311788662,0,0,64,34178,1.534663955681026
gray_scott,looped,coefficient,202,smooth,final_step,test,64,0.029835928895292962,0,0,64,34178,
gray_scott,looped,coefficient,202,smooth,final_step,test,96,0.06535040681700219,0,0,64,34178,
gray_scott,looped,coefficient,202,smooth,validation_best,ood,64,1.0641810889917416,0,0,64,34178,1.534663955681026
gray_scott,looped,coefficient,202,smooth,validation_best,ood,96,2.411374881415969,0,0,64,34178,1.534663955681026
gray_scott,looped,coefficient,202,smooth,final_step,ood,64,0.9088893812633962,0,0,64,34178,
gray_scott,looped,coefficient,202,smooth,final_step,ood,96,2.1234466430743475,0,0,64,34178,
gray_scott,looped,coefficient,303,iid,validation_best,test,64,0.022122884034655454,0,0,64,34178,1.5663639642298222
gray_scott,looped,coefficient,303,iid,validation_best,test,96,0.045471062981569776,0,0,64,34178,1.5663639642298222
gray_scott,looped,coefficient,303,iid,final_step,test,64,0.03923069441066418,0,0,64,34178,
gray_scott,looped,coefficient,303,iid,final_step,test,96,0.10433343160222477,0,0,64,34178,
gray_scott,looped,coefficient,303,iid,validation_best,ood,64,0.23467207521810396,0,0,64,34178,1.5663639642298222
gray_scott,looped,coefficient,303,iid,validation_best,ood,96,0.5486192361862955,0,0,64,34178,1.5663639642298222
gray_scott,looped,coefficient,303,iid,final_step,ood,64,0.2732759862530605,0,0,64,34178,
gray_scott,looped,coefficient,303,iid,final_step,ood,96,0.6654893519912211,0,0,64,34178,
gray_scott,looped,coefficient,303,none,validation_best,test,64,0.016727997661652116,0,0,64,34178,1.5321069862693548
gray_scott,looped,coefficient,303,none,validation_best,test,96,0.03439145215698014,0,0,64,34178,1.5321069862693548
gray_scott,looped,coefficient,303,none,final_step,test,64,0.016727997661652116,0,0,64,34178,
gray_scott,looped,coefficient,303,none,final_step,test,96,0.03439145215698014,0,0,64,34178,
gray_scott,looped,coefficient,303,none,validation_best,ood,64,0.21545073507481183,0,0,64,34178,1.5321069862693548
gray_scott,looped,coefficient,303,none,validation_best,ood,96,0.5051275841079539,0,0,64,34178,1.5321069862693548
gray_scott,looped,coefficient,303,none,final_step,ood,64,0.21545073507481183,0,0,64,34178,
gray_scott,looped,coefficient,303,none,final_step,ood,96,0.5051275841079539,0,0,64,34178,
gray_scott,looped,coefficient,303,response_matched,validation_best,test,64,0.022244066490427095,0,0,64,34178,1.5294139506295323
gray_scott,looped,coefficient,303,response_matched,validation_best,test,96,0.04533739837025349,0,0,64,34178,1.5294139506295323
gray_scott,looped,coefficient,303,response_matched,final_step,test,64,0.040052165810284146,0,0,64,34178,
gray_scott,looped,coefficient,303,response_matched,final_step,test,96,0.10917685152125751,0,0,64,34178,
gray_scott,looped,coefficient,303,response_matched,validation_best,ood,64,0.23328691979498029,0,0,64,34178,1.5294139506295323
gray_scott,looped,coefficient,303,response_matched,validation_best,ood,96,0.5448129892966656,0,0,64,34178,1.5294139506295323
gray_scott,looped,coefficient,303,response_matched,final_step,ood,64,0.27405988658148495,0,0,64,34178,
gray_scott,looped,coefficient,303,response_matched,final_step,ood,96,0.6698488452695616,0,0,64,34178,
gray_scott,looped,coefficient,303,smooth,validation_best,test,64,0.022507394076692888,0,0,64,34178,1.5293009579181671
gray_scott,looped,coefficient,303,smooth,validation_best,test,96,0.048677117616162224,0,0,64,34178,1.5293009579181671
gray_scott,looped,coefficient,303,smooth,final_step,test,64,0.04092304304863981,0,0,64,34178,
gray_scott,looped,coefficient,303,smooth,final_step,test,96,0.11214922650004899,0,0,64,34178,
gray_scott,looped,coefficient,303,smooth,validation_best,ood,64,0.24991669029991037,0,0,64,34178,1.5293009579181671
gray_scott,looped,coefficient,303,smooth,validation_best,ood,96,0.6037385898865644,0,0,64,34178,1.5293009579181671
gray_scott,looped,coefficient,303,smooth,final_step,ood,64,0.301240207059414,0,0,64,34178,
gray_scott,looped,coefficient,303,smooth,final_step,ood,96,0.7563146975829268,0,0,64,34178,
gray_scott,looped,coefficient,404,iid,validation_best,test,64,0.02005745796715752,0,0,64,34178,1.5310604590922594
gray_scott,looped,coefficient,404,iid,validation_best,test,96,0.04259533154712051,0,0,64,34178,1.5310604590922594
gray_scott,looped,coefficient,404,iid,final_step,test,64,0.03014032673288325,0,0,64,34178,
gray_scott,looped,coefficient,404,iid,final_step,test,96,0.08265672458470845,0,0,64,34178,
gray_scott,looped,coefficient,404,iid,validation_best,ood,64,0.3958400248400835,0,0,64,34178,1.5310604590922594
gray_scott,looped,coefficient,404,iid,validation_best,ood,96,1.0121764736558134,0,0,64,34178,1.5310604590922594
gray_scott,looped,coefficient,404,iid,final_step,ood,64,0.9017455146065174,0,0,64,34178,
gray_scott,looped,coefficient,404,iid,final_step,ood,96,2.2432444911566067,0,0,64,34178,
gray_scott,looped,coefficient,404,none,validation_best,test,64,0.022563172893896366,0,0,64,34178,1.5295365126803517
gray_scott,looped,coefficient,404,none,validation_best,test,96,0.04862377794320116,0,0,64,34178,1.5295365126803517
gray_scott,looped,coefficient,404,none,final_step,test,64,0.022563172893896366,0,0,64,34178,
gray_scott,looped,coefficient,404,none,final_step,test,96,0.04862377794320116,0,0,64,34178,
gray_scott,looped,coefficient,404,none,validation_best,ood,64,0.5709449044807506,0,0,64,34178,1.5295365126803517
gray_scott,looped,coefficient,404,none,validation_best,ood,96,1.4374409481146013,0,0,64,34178,1.5295365126803517
gray_scott,looped,coefficient,404,none,final_step,ood,64,0.5709449044807506,0,0,64,34178,
gray_scott,looped,coefficient,404,none,final_step,ood,96,1.4374409481146013,0,0,64,34178,
gray_scott,looped,coefficient,404,response_matched,validation_best,test,64,0.020040788108564245,0,0,64,34178,1.5827019698917866
gray_scott,looped,coefficient,404,response_matched,validation_best,test,96,0.041377124112622024,0,0,64,34178,1.5827019698917866
gray_scott,looped,coefficient,404,response_matched,final_step,test,64,0.030247395152694923,0,0,64,34178,
gray_scott,looped,coefficient,404,response_matched,final_step,test,96,0.08271504713954132,0,0,64,34178,
gray_scott,looped,coefficient,404,response_matched,validation_best,ood,64,0.42792759115112844,0,0,64,34178,1.5827019698917866
gray_scott,looped,coefficient,404,response_matched,validation_best,ood,96,1.0908157229355855,0,0,64,34178,1.5827019698917866
gray_scott,looped,coefficient,404,response_matched,final_step,ood,64,1.0071949556763506,0,0,64,34178,
gray_scott,looped,coefficient,404,response_matched,final_step,ood,96,2.425195439051386,0,0,64,34178,
gray_scott,looped,coefficient,404,smooth,validation_best,test,64,0.02008274257061482,0,0,64,34178,1.5639625024050474
gray_scott,looped,coefficient,404,smooth,validation_best,test,96,0.044165719442801565,0,0,64,34178,1.5639625024050474
gray_scott,looped,coefficient,404,smooth,final_step,test,64,0.03064543321468194,0,0,64,34178,
gray_scott,looped,coefficient,404,smooth,final_step,test,96,0.09162573415299033,0,0,64,34178,
gray_scott,looped,coefficient,404,smooth,validation_best,ood,64,0.375846888590905,0,0,64,34178,1.5639625024050474
gray_scott,looped,coefficient,404,smooth,validation_best,ood,96,0.9420872413012032,0,0,64,34178,1.5639625024050474
gray_scott,looped,coefficient,404,smooth,final_step,ood,64,0.8304513319393365,0,0,64,34178,
gray_scott,looped,coefficient,404,smooth,final_step,ood,96,2.0875439520419405,0,0,64,34178,
gray_scott,looped,coefficient,505,iid,validation_best,test,64,0.018732161312708495,0,0,64,34178,1.5264639630913734
gray_scott,looped,coefficient,505,iid,validation_best,test,96,0.04136383218741191,0,0,64,34178,1.5264639630913734
gray_scott,looped,coefficient,505,iid,final_step,test,64,0.03205954960413593,0,0,64,34178,
gray_scott,looped,coefficient,505,iid,final_step,test,96,0.07860554486357851,0,0,64,34178,
gray_scott,looped,coefficient,505,iid,validation_best,ood,64,0.5276756517186065,0,0,64,34178,1.5264639630913734
gray_scott,looped,coefficient,505,iid,validation_best,ood,96,1.2655632119318316,0,0,64,34178,1.5264639630913734
gray_scott,looped,coefficient,505,iid,final_step,ood,64,0.4659838241499088,0,0,64,34178,
gray_scott,looped,coefficient,505,iid,final_step,ood,96,1.053511600175232,0,0,64,34178,
gray_scott,looped,coefficient,505,none,validation_best,test,64,0.015478167589379699,0,0,64,34178,1.5505990013480186
gray_scott,looped,coefficient,505,none,validation_best,test,96,0.0411325197130364,0,0,64,34178,1.5505990013480186
gray_scott,looped,coefficient,505,none,final_step,test,64,0.018010100708292842,0,0,64,34178,
gray_scott,looped,coefficient,505,none,final_step,test,96,0.0404818727154731,0,0,64,34178,
gray_scott,looped,coefficient,505,none,validation_best,ood,64,0.4811448203767199,0,0,64,34178,1.5505990013480186
gray_scott,looped,coefficient,505,none,validation_best,ood,96,1.0568018686659333,0,0,64,34178,1.5505990013480186
gray_scott,looped,coefficient,505,none,final_step,ood,64,0.45252181215954224,0,0,64,34178,
gray_scott,looped,coefficient,505,none,final_step,ood,96,0.9651138565894044,0,0,64,34178,
gray_scott,looped,coefficient,505,response_matched,validation_best,test,64,0.01861775560084855,0,0,64,34178,1.5310759423300624
gray_scott,looped,coefficient,505,response_matched,validation_best,test,96,0.040780798913226425,0,0,64,34178,1.5310759423300624
gray_scott,looped,coefficient,505,response_matched,final_step,test,64,0.03513281208772123,0,0,64,34178,
gray_scott,looped,coefficient,505,response_matched,final_step,test,96,0.08751974540366136,0,0,64,34178,
gray_scott,looped,coefficient,505,response_matched,validation_best,ood,64,0.545589060874736,0,0,64,34178,1.5310759423300624
gray_scott,looped,coefficient,505,response_matched,validation_best,ood,96,1.3001309655393076,0,0,64,34178,1.5310759423300624
gray_scott,looped,coefficient,505,response_matched,final_step,ood,64,0.4717079012122518,0,0,64,34178,
gray_scott,looped,coefficient,505,response_matched,final_step,ood,96,1.0619610363941827,0,0,64,34178,
gray_scott,looped,coefficient,505,smooth,validation_best,test,64,0.019688563782345292,0,0,64,34178,1.5272949589416385
gray_scott,looped,coefficient,505,smooth,validation_best,test,96,0.045654746489129414,0,0,64,34178,1.5272949589416385
gray_scott,looped,coefficient,505,smooth,final_step,test,64,0.03240124273957545,0,0,64,34178,
gray_scott,looped,coefficient,505,smooth,final_step,test,96,0.08007759823125657,0,0,64,34178,
gray_scott,looped,coefficient,505,smooth,validation_best,ood,64,0.51098474785924,0,0,64,34178,1.5272949589416385
gray_scott,looped,coefficient,505,smooth,validation_best,ood,96,1.2548540104856158,0,0,64,34178,1.5272949589416385
gray_scott,looped,coefficient,505,smooth,final_step,ood,64,0.45634810704062545,0,0,64,34178,
gray_scott,looped,coefficient,505,smooth,final_step,ood,96,1.053109522543148,0,0,64,34178,
gray_scott,looped,coefficient,606,iid,validation_best,test,64,0.02389656755124181,0,0,64,34178,1.5284934779629111
gray_scott,looped,coefficient,606,iid,validation_best,test,96,0.05995410489755766,0,0,64,34178,1.5284934779629111
gray_scott,looped,coefficient,606,iid,final_step,test,64,0.02389656755124181,0,0,64,34178,
gray_scott,looped,coefficient,606,iid,final_step,test,96,0.05995410489755766,0,0,64,34178,
gray_scott,looped,coefficient,606,iid,validation_best,ood,64,0.41193654769713817,0,0,64,34178,1.5284934779629111
gray_scott,looped,coefficient,606,iid,validation_best,ood,96,1.0226699795960221,0,0,64,34178,1.5284934779629111
gray_scott,looped,coefficient,606,iid,final_step,ood,64,0.41193654769713817,0,0,64,34178,
gray_scott,looped,coefficient,606,iid,final_step,ood,96,1.0226699795960221,0,0,64,34178,
gray_scott,looped,coefficient,606,none,validation_best,test,64,0.014924642937239607,0,0,64,34178,1.5270999632775784
gray_scott,looped,coefficient,606,none,validation_best,test,96,0.04224130261845094,0,0,64,34178,1.5270999632775784
gray_scott,looped,coefficient,606,none,final_step,test,64,0.014795960756922355,0,0,64,34178,
gray_scott,looped,coefficient,606,none,final_step,test,96,0.045353895715461334,0,0,64,34178,
gray_scott,looped,coefficient,606,none,validation_best,ood,64,0.2449034189424779,0,0,64,34178,1.5270999632775784
gray_scott,looped,coefficient,606,none,validation_best,ood,96,0.5347588763648379,0,0,64,34178,1.5270999632775784
gray_scott,looped,coefficient,606,none,final_step,ood,64,0.2553454863313167,0,0,64,34178,
gray_scott,looped,coefficient,606,none,final_step,ood,96,0.5654293548489177,0,0,64,34178,
gray_scott,looped,coefficient,606,response_matched,validation_best,test,64,0.02357414998364038,0,0,64,34178,1.5274339588358998
gray_scott,looped,coefficient,606,response_matched,validation_best,test,96,0.05829206074032027,0,0,64,34178,1.5274339588358998
gray_scott,looped,coefficient,606,response_matched,final_step,test,64,0.02357414998364038,0,0,64,34178,
gray_scott,looped,coefficient,606,response_matched,final_step,test,96,0.05829206074032027,0,0,64,34178,
gray_scott,looped,coefficient,606,response_matched,validation_best,ood,64,0.40759387379058154,0,0,64,34178,1.5274339588358998
gray_scott,looped,coefficient,606,response_matched,validation_best,ood,96,1.0101523602176457,0,0,64,34178,1.5274339588358998
gray_scott,looped,coefficient,606,response_matched,final_step,ood,64,0.40759387379058154,0,0,64,34178,
gray_scott,looped,coefficient,606,response_matched,final_step,ood,96,1.0101523602176457,0,0,64,34178,
gray_scott,looped,coefficient,606,smooth,validation_best,test,64,0.023555641555309648,0,0,64,34178,1.5321594895794988
gray_scott,looped,coefficient,606,smooth,validation_best,test,96,0.059064177818947274,0,0,64,34178,1.5321594895794988
gray_scott,looped,coefficient,606,smooth,final_step,test,64,0.023555641555309648,0,0,64,34178,
gray_scott,looped,coefficient,606,smooth,final_step,test,96,0.059064177818947274,0,0,64,34178,
gray_scott,looped,coefficient,606,smooth,validation_best,ood,64,0.42918191248684323,0,0,64,34178,1.5321594895794988
gray_scott,looped,coefficient,606,smooth,validation_best,ood,96,1.0461807964762713,0,0,64,34178,1.5321594895794988
gray_scott,looped,coefficient,606,smooth,final_step,ood,64,0.42918191248684323,0,0,64,34178,
gray_scott,looped,coefficient,606,smooth,final_step,ood,96,1.0461807964762713,0,0,64,34178,
gray_scott,looped,correct,101,iid,validation_best,test,64,0.019927432233415865,0,0,64,34178,1.5294984448701143
gray_scott,looped,correct,101,iid,validation_best,test,96,0.059678289540035484,0,0,64,34178,1.5294984448701143
gray_scott,looped,correct,101,iid,final_step,test,64,0.02973397119574417,0,0,64,34178,
gray_scott,looped,correct,101,iid,final_step,test,96,0.06952515216955961,0,0,64,34178,
gray_scott,looped,correct,101,iid,validation_best,ood,64,0.3424918322969548,0,0,64,34178,1.5294984448701143
gray_scott,looped,correct,101,iid,validation_best,ood,96,1.161566065418695,0,0,64,34178,1.5294984448701143
gray_scott,looped,correct,101,iid,final_step,ood,64,0.29885632342118296,0,0,64,34178,
gray_scott,looped,correct,101,iid,final_step,ood,96,1.012790666104881,0,0,64,34178,
gray_scott,looped,correct,101,none,validation_best,test,64,0.021844387488708983,0,0,64,34178,1.5370014356449246
gray_scott,looped,correct,101,none,validation_best,test,96,0.08564368595677485,0,0,64,34178,1.5370014356449246
gray_scott,looped,correct,101,none,final_step,test,64,0.0255781575636026,0,0,64,34178,
gray_scott,looped,correct,101,none,final_step,test,96,0.0607128345812397,0,0,64,34178,
gray_scott,looped,correct,101,none,validation_best,ood,64,0.3131919451200913,0,0,64,34178,1.5370014356449246
gray_scott,looped,correct,101,none,validation_best,ood,96,1.1205710054257136,0,0,64,34178,1.5370014356449246
gray_scott,looped,correct,101,none,final_step,ood,64,0.27384428849964504,0,0,64,34178,
gray_scott,looped,correct,101,none,final_step,ood,96,0.9750740367098267,0,0,64,34178,
gray_scott,looped,correct,101,response_matched,validation_best,test,64,0.020495425299007497,0,0,64,34178,1.5303950058296323
gray_scott,looped,correct,101,response_matched,validation_best,test,96,0.06137807844610925,0,0,64,34178,1.5303950058296323
gray_scott,looped,correct,101,response_matched,final_step,test,64,0.02676042630027564,0,0,64,34178,
gray_scott,looped,correct,101,response_matched,final_step,test,96,0.06277050875382248,0,0,64,34178,
gray_scott,looped,correct,101,response_matched,validation_best,ood,64,0.31988130454363795,0,0,64,34178,1.5303950058296323
gray_scott,looped,correct,101,response_matched,validation_best,ood,96,1.0782627770276338,0,0,64,34178,1.5303950058296323
gray_scott,looped,correct,101,response_matched,final_step,ood,64,0.29208810157523146,0,0,64,34178,
gray_scott,looped,correct,101,response_matched,final_step,ood,96,0.9726524008832012,0,0,64,34178,
gray_scott,looped,correct,101,smooth,validation_best,test,64,0.020776454870025773,0,0,64,34178,1.5373619506135583
gray_scott,looped,correct,101,smooth,validation_best,test,96,0.07211135448700765,0,0,64,34178,1.5373619506135583
gray_scott,looped,correct,101,smooth,final_step,test,64,0.027570848997252373,0,0,64,34178,
gray_scott,looped,correct,101,smooth,final_step,test,96,0.06479125209266248,0,0,64,34178,
gray_scott,looped,correct,101,smooth,validation_best,ood,64,0.35342519482638135,0,0,64,34178,1.5373619506135583
gray_scott,looped,correct,101,smooth,validation_best,ood,96,1.224372919122958,0,0,64,34178,1.5373619506135583
gray_scott,looped,correct,101,smooth,final_step,ood,64,0.2998807246977515,0,0,64,34178,
gray_scott,looped,correct,101,smooth,final_step,ood,96,1.056584833485171,0,0,64,34178,
gray_scott,looped,correct,202,iid,validation_best,test,64,0.016703705448758988,0,0,64,34178,1.5306814573705196
gray_scott,looped,correct,202,iid,validation_best,test,96,0.03665148213102776,0,0,64,34178,1.5306814573705196
gray_scott,looped,correct,202,iid,final_step,test,64,0.016368557906307535,0,0,64,34178,
gray_scott,looped,correct,202,iid,final_step,test,96,0.03194164127126209,0,0,64,34178,
gray_scott,looped,correct,202,iid,validation_best,ood,64,1.4911906519287683,0,0,64,34178,1.5306814573705196
gray_scott,looped,correct,202,iid,validation_best,ood,96,3.1636818717055304,0,0,64,34178,1.5306814573705196
gray_scott,looped,correct,202,iid,final_step,ood,64,1.6039820748567095,0,0,64,34178,
gray_scott,looped,correct,202,iid,final_step,ood,96,3.3049633748797995,0,0,64,34178,
gray_scott,looped,correct,202,none,validation_best,test,64,0.018172259061312257,0,0,64,34178,1.5324684558436275
gray_scott,looped,correct,202,none,validation_best,test,96,0.03554513972418475,0,0,64,34178,1.5324684558436275
gray_scott,looped,correct,202,none,final_step,test,64,0.015296698956982158,0,0,64,34178,
gray_scott,looped,correct,202,none,final_step,test,96,0.028394214913955475,0,0,64,34178,
gray_scott,looped,correct,202,none,validation_best,ood,64,1.298785974506579,0,0,64,34178,1.5324684558436275
gray_scott,looped,correct,202,none,validation_best,ood,96,2.8324579386792212,0,0,64,34178,1.5324684558436275
gray_scott,looped,correct,202,none,final_step,ood,64,1.2334675887256807,0,0,64,34178,
gray_scott,looped,correct,202,none,final_step,ood,96,2.7313012143135658,0,0,64,34178,
gray_scott,looped,correct,202,response_matched,validation_best,test,64,0.01684506266047714,0,0,64,34178,1.5308119589462876
gray_scott,looped,correct,202,response_matched,validation_best,test,96,0.03415448028189716,0,0,64,34178,1.5308119589462876
gray_scott,looped,correct,202,response_matched,final_step,test,64,0.019387027818855818,0,0,64,34178,
gray_scott,looped,correct,202,response_matched,final_step,test,96,0.03782464916817996,0,0,64,34178,
gray_scott,looped,correct,202,response_matched,validation_best,ood,64,1.63616789804896,0,0,64,34178,1.5308119589462876
gray_scott,looped,correct,202,response_matched,validation_best,ood,96,3.33075165188023,0,0,64,34178,1.5308119589462876
gray_scott,looped,correct,202,response_matched,final_step,ood,64,1.6461018746072824,0,0,64,34178,
gray_scott,looped,correct,202,response_matched,final_step,ood,96,3.3364105336092678,0,0,64,34178,
gray_scott,looped,correct,202,smooth,validation_best,test,64,0.021305575968645796,0,0,64,34178,1.5244914684444666
gray_scott,looped,correct,202,smooth,validation_best,test,96,0.054911081795101506,0,0,64,34178,1.5244914684444666
gray_scott,looped,correct,202,smooth,final_step,test,64,0.021305575968645796,0,0,64,34178,
gray_scott,looped,correct,202,smooth,final_step,test,96,0.054911081795101506,0,0,64,34178,
gray_scott,looped,correct,202,smooth,validation_best,ood,64,1.3967337927523928,0,0,64,34178,1.5244914684444666
gray_scott,looped,correct,202,smooth,validation_best,ood,96,3.0776785854777273,0,0,64,34178,1.5244914684444666
gray_scott,looped,correct,202,smooth,final_step,ood,64,1.3967337927523928,0,0,64,34178,
gray_scott,looped,correct,202,smooth,final_step,ood,96,3.0776785854777273,0,0,64,34178,
gray_scott,looped,correct,303,iid,validation_best,test,64,0.013507846875092766,0,0,64,34178,1.5320194652304053
gray_scott,looped,correct,303,iid,validation_best,test,96,0.03492892725093062,0,0,64,34178,1.5320194652304053
gray_scott,looped,correct,303,iid,final_step,test,64,0.013507846875092766,0,0,64,34178,
gray_scott,looped,correct,303,iid,final_step,test,96,0.03492892725093062,0,0,64,34178,
gray_scott,looped,correct,303,iid,validation_best,ood,64,0.19276698453199703,0,0,64,34178,1.5320194652304053
gray_scott,looped,correct,303,iid,validation_best,ood,96,0.42465219552604866,0,0,64,34178,1.5320194652304053
gray_scott,looped,correct,303,iid,final_step,ood,64,0.19276698453199703,0,0,64,34178,
gray_scott,looped,correct,303,iid,final_step,ood,96,0.42465219552604866,0,0,64,34178,
gray_scott,looped,correct,303,none,validation_best,test,64,0.01672807678267918,0,0,64,34178,1.5142889460548759
gray_scott,looped,correct,303,none,validation_best,test,96,0.03439160350067209,0,0,64,34178,1.5142889460548759
gray_scott,looped,correct,303,none,final_step,test,64,0.01672807678267918,0,0,64,34178,
gray_scott,looped,correct,303,none,final_step,test,96,0.03439160350067209,0,0,64,34178,
gray_scott,looped,correct,303,none,validation_best,ood,64,0.21545062599102494,0,0,64,34178,1.5142889460548759
gray_scott,looped,correct,303,none,validation_best,ood,96,0.5051267520422394,0,0,64,34178,1.5142889460548759
gray_scott,looped,correct,303,none,final_step,ood,64,0.21545062599102494,0,0,64,34178,
gray_scott,looped,correct,303,none,final_step,ood,96,0.5051267520422394,0,0,64,34178,
gray_scott,looped,correct,303,response_matched,validation_best,test,64,0.013153176175937475,0,0,64,34178,1.5284059569239616
gray_scott,looped,correct,303,response_matched,validation_best,test,96,0.03402868752027917,0,0,64,34178,1.5284059569239616
gray_scott,looped,correct,303,response_matched,final_step,test,64,0.013153176175937475,0,0,64,34178,
gray_scott,looped,correct,303,response_matched,final_step,test,96,0.03402868752027917,0,0,64,34178,
gray_scott,looped,correct,303,response_matched,validation_best,ood,64,0.1769085728493649,0,0,64,34178,1.5284059569239616
gray_scott,looped,correct,303,response_matched,validation_best,ood,96,0.3707772269075784,0,0,64,34178,1.5284059569239616
gray_scott,looped,correct,303,response_matched,final_step,ood,64,0.1769085728493649,0,0,64,34178,
gray_scott,looped,correct,303,response_matched,final_step,ood,96,0.3707772269075784,0,0,64,34178,
gray_scott,looped,correct,303,smooth,validation_best,test,64,0.014942977902260068,0,0,64,34178,1.5298334416002035
gray_scott,looped,correct,303,smooth,validation_best,test,96,0.04114357463002823,0,0,64,34178,1.5298334416002035
gray_scott,looped,correct,303,smooth,final_step,test,64,0.014942977902260068,0,0,64,34178,
gray_scott,looped,correct,303,smooth,final_step,test,96,0.04114357463002823,0,0,64,34178,
gray_scott,looped,correct,303,smooth,validation_best,ood,64,0.24505088016340792,0,0,64,34178,1.5298334416002035
gray_scott,looped,correct,303,smooth,validation_best,ood,96,0.6014645130540945,0,0,64,34178,1.5298334416002035
gray_scott,looped,correct,303,smooth,final_step,ood,64,0.24505088016340792,0,0,64,34178,
gray_scott,looped,correct,303,smooth,final_step,ood,96,0.6014645130540945,0,0,64,34178,
gray_scott,looped,correct,404,iid,validation_best,test,64,0.014918941436179889,0,0,64,34178,1.5306759625673294
gray_scott,looped,correct,404,iid,validation_best,test,96,0.029337105155075413,0,0,64,34178,1.5306759625673294
gray_scott,looped,correct,404,iid,final_step,test,64,0.014918941436179889,0,0,64,34178,
gray_scott,looped,correct,404,iid,final_step,test,96,0.029337105155075413,0,0,64,34178,
gray_scott,looped,correct,404,iid,validation_best,ood,64,0.6521162949405408,0,0,64,34178,1.5306759625673294
gray_scott,looped,correct,404,iid,validation_best,ood,96,1.6501357595099932,0,0,64,34178,1.5306759625673294
gray_scott,looped,correct,404,iid,final_step,ood,64,0.6521162949405408,0,0,64,34178,
gray_scott,looped,correct,404,iid,final_step,ood,96,1.6501357595099932,0,0,64,34178,
gray_scott,looped,correct,404,none,validation_best,test,64,0.02256301554718626,0,0,64,34178,1.532188500277698
gray_scott,looped,correct,404,none,validation_best,test,96,0.04862350207102968,0,0,64,34178,1.532188500277698
gray_scott,looped,correct,404,none,final_step,test,64,0.02256301554718626,0,0,64,34178,
gray_scott,looped,correct,404,none,final_step,test,96,0.04862350207102968,0,0,64,34178,
gray_scott,looped,correct,404,none,validation_best,ood,64,0.570942334253381,0,0,64,34178,1.532188500277698
gray_scott,looped,correct,404,none,validation_best,ood,96,1.4374344164808548,0,0,64,34178,1.532188500277698
gray_scott,looped,correct,404,none,final_step,ood,64,0.570942334253381,0,0,64,34178,
gray_scott,looped,correct,404,none,final_step,ood,96,1.4374344164808548,0,0,64,34178,
gray_scott,looped,correct,404,response_matched,validation_best,test,64,0.015322468464374572,0,0,64,34178,1.5332265058532357
gray_scott,looped,correct,404,response_matched,validation_best,test,96,0.029955658582270894,0,0,64,34178,1.5332265058532357
gray_scott,looped,correct,404,response_matched,final_step,test,64,0.015322468464374572,0,0,64,34178,
gray_scott,looped,correct,404,response_matched,final_step,test,96,0.029955658582270894,0,0,64,34178,
gray_scott,looped,correct,404,response_matched,validation_best,ood,64,0.7083643674065954,0,0,64,34178,1.5332265058532357
gray_scott,looped,correct,404,response_matched,validation_best,ood,96,1.7496239751985694,0,0,64,34178,1.5332265058532357
gray_scott,looped,correct,404,response_matched,final_step,ood,64,0.7083643674065954,0,0,64,34178,
gray_scott,looped,correct,404,response_matched,final_step,ood,96,1.7496239751985694,0,0,64,34178,
gray_scott,looped,correct,404,smooth,validation_best,test,64,0.01516078586242564,0,0,64,34178,1.5332844341173768
gray_scott,looped,correct,404,smooth,validation_best,test,96,0.03737309994333653,0,0,64,34178,1.5332844341173768
gray_scott,looped,correct,404,smooth,final_step,test,64,0.02467418920641118,0,0,64,34178,
gray_scott,looped,correct,404,smooth,final_step,test,96,0.05339860773988625,0,0,64,34178,
gray_scott,looped,correct,404,smooth,validation_best,ood,64,0.5227992873068921,0,0,64,34178,1.5332844341173768
gray_scott,looped,correct,404,smooth,validation_best,ood,96,1.3158175232013392,0,0,64,34178,1.5332844341173768
gray_scott,looped,correct,404,smooth,final_step,ood,64,0.5473241437884191,0,0,64,34178,
gray_scott,looped,correct,404,smooth,final_step,ood,96,1.3791758220382753,0,0,64,34178,
gray_scott,looped,correct,505,iid,validation_best,test,64,0.011938618537343793,0,0,64,34178,1.5324004460126162
gray_scott,looped,correct,505,iid,validation_best,test,96,0.028713245505590738,0,0,64,34178,1.5324004460126162
gray_scott,looped,correct,505,iid,final_step,test,64,0.011938618537343793,0,0,64,34178,
gray_scott,looped,correct,505,iid,final_step,test,96,0.028713245505590738,0,0,64,34178,
gray_scott,looped,correct,505,iid,validation_best,ood,64,0.487790776581285,0,0,64,34178,1.5324004460126162
gray_scott,looped,correct,505,iid,validation_best,ood,96,0.9416712469180055,0,0,64,34178,1.5324004460126162
gray_scott,looped,correct,505,iid,final_step,ood,64,0.487790776581285,0,0,64,34178,
gray_scott,looped,correct,505,iid,final_step,ood,96,0.9416712469180055,0,0,64,34178,
gray_scott,looped,correct,505,none,validation_best,test,64,0.015478283219554245,0,0,64,34178,1.5317729441449046
gray_scott,looped,correct,505,none,validation_best,test,96,0.04113287175808715,0,0,64,34178,1.5317729441449046
gray_scott,looped,correct,505,none,final_step,test,64,0.018009832402900328,0,0,64,34178,
gray_scott,looped,correct,505,none,final_step,test,96,0.04048120416471852,0,0,64,34178,
gray_scott,looped,correct,505,none,validation_best,ood,64,0.4811428077887854,0,0,64,34178,1.5317729441449046
gray_scott,looped,correct,505,none,validation_best,ood,96,1.05679645248199,0,0,64,34178,1.5317729441449046
gray_scott,looped,correct,505,none,final_step,ood,64,0.4525207601123675,0,0,64,34178,
gray_scott,looped,correct,505,none,final_step,ood,96,0.9651105409245442,0,0,64,34178,
gray_scott,looped,correct,505,response_matched,validation_best,test,64,0.01225106767979367,0,0,64,34178,1.5278989681974053
gray_scott,looped,correct,505,response_matched,validation_best,test,96,0.02759223526725093,0,0,64,34178,1.5278989681974053
gray_scott,looped,correct,505,response_matched,final_step,test,64,0.01225106767979367,0,0,64,34178,
gray_scott,looped,correct,505,response_matched,final_step,test,96,0.02759223526725093,0,0,64,34178,
gray_scott,looped,correct,505,response_matched,validation_best,ood,64,0.5471859375988295,0,0,64,34178,1.5278989681974053
gray_scott,looped,correct,505,response_matched,validation_best,ood,96,1.0444120684705471,0,0,64,34178,1.5278989681974053
gray_scott,looped,correct,505,response_matched,final_step,ood,64,0.5471859375988295,0,0,64,34178,
gray_scott,looped,correct,505,response_matched,final_step,ood,96,1.0444120684705471,0,0,64,34178,
gray_scott,looped,correct,505,smooth,validation_best,test,64,0.016565460339128646,0,0,64,34178,1.5297324396669865
gray_scott,looped,correct,505,smooth,validation_best,test,96,0.038440994872922664,0,0,64,34178,1.5297324396669865
gray_scott,looped,correct,505,smooth,final_step,test,64,0.016565460339128646,0,0,64,34178,
gray_scott,looped,correct,505,smooth,final_step,test,96,0.038440994872922664,0,0,64,34178,
gray_scott,looped,correct,505,smooth,validation_best,ood,64,0.39867122310786485,0,0,64,34178,1.5297324396669865
gray_scott,looped,correct,505,smooth,validation_best,ood,96,0.8424933902829419,0,0,64,34178,1.5297324396669865
gray_scott,looped,correct,505,smooth,final_step,ood,64,0.39867122310786485,0,0,64,34178,
gray_scott,looped,correct,505,smooth,final_step,ood,96,0.8424933902829419,0,0,64,34178,
gray_scott,looped,correct,606,iid,validation_best,test,64,0.01809743391879637,0,0,64,34178,1.5347779961302876
gray_scott,looped,correct,606,iid,validation_best,test,96,0.06423333806276296,0,0,64,34178,1.5347779961302876
gray_scott,looped,correct,606,iid,final_step,test,64,0.01809743391879637,0,0,64,34178,
gray_scott,looped,correct,606,iid,final_step,test,96,0.06423333806276296,0,0,64,34178,
gray_scott,looped,correct,606,iid,validation_best,ood,64,0.21472589369363604,0,0,64,34178,1.5347779961302876
gray_scott,looped,correct,606,iid,validation_best,ood,96,0.48204118653468936,0,0,64,34178,1.5347779961302876
gray_scott,looped,correct,606,iid,final_step,ood,64,0.21472589369363604,0,0,64,34178,
gray_scott,looped,correct,606,iid,final_step,ood,96,0.48204118653468936,0,0,64,34178,
gray_scott,looped,correct,606,none,validation_best,test,64,0.0149246819117409,0,0,64,34178,1.5303295105695724
gray_scott,looped,correct,606,none,validation_best,test,96,0.04223999947290531,0,0,64,34178,1.5303295105695724
gray_scott,looped,correct,606,none,final_step,test,64,0.014795983408100621,0,0,64,34178,
gray_scott,looped,correct,606,none,final_step,test,96,0.045353902373625424,0,0,64,34178,
gray_scott,looped,correct,606,none,validation_best,ood,64,0.24490192029807467,0,0,64,34178,1.5303295105695724
gray_scott,looped,correct,606,none,validation_best,ood,96,0.534754607807314,0,0,64,34178,1.5303295105695724
gray_scott,looped,correct,606,none,final_step,ood,64,0.25534698857177496,0,0,64,34178,
gray_scott,looped,correct,606,none,final_step,ood,96,0.565432331129615,0,0,64,34178,
gray_scott,looped,correct,606,response_matched,validation_best,test,64,0.017339388255655175,0,0,64,34178,1.5294934622943401
gray_scott,looped,correct,606,response_matched,validation_best,test,96,0.0626089637430538,0,0,64,34178,1.5294934622943401
gray_scott,looped,correct,606,response_matched,final_step,test,64,0.017339388255655175,0,0,64,34178,
gray_scott,looped,correct,606,response_matched,final_step,test,96,0.0626089637430538,0,0,64,34178,
gray_scott,looped,correct,606,response_matched,validation_best,ood,64,0.20003237892084424,0,0,64,34178,1.5294934622943401
gray_scott,looped,correct,606,response_matched,validation_best,ood,96,0.43566813892003553,0,0,64,34178,1.5294934622943401
gray_scott,looped,correct,606,response_matched,final_step,ood,64,0.20003237892084424,0,0,64,34178,
gray_scott,looped,correct,606,response_matched,final_step,ood,96,0.43566813892003553,0,0,64,34178,
gray_scott,looped,correct,606,smooth,validation_best,test,64,0.020127563856038866,0,0,64,34178,1.5247984323650599
gray_scott,looped,correct,606,smooth,validation_best,test,96,0.07177345473425774,0,0,64,34178,1.5247984323650599
gray_scott,looped,correct,606,smooth,final_step,test,64,0.020127563856038866,0,0,64,34178,
gray_scott,looped,correct,606,smooth,final_step,test,96,0.07177345473425774,0,0,64,34178,
gray_scott,looped,correct,606,smooth,validation_best,ood,64,0.23653706848174672,0,0,64,34178,1.5247984323650599
gray_scott,looped,correct,606,smooth,validation_best,ood,96,0.5512209568379625,0,0,64,34178,1.5247984323650599
gray_scott,looped,correct,606,smooth,final_step,ood,64,0.23653706848174672,0,0,64,34178,
gray_scott,looped,correct,606,smooth,final_step,ood,96,0.5512209568379625,0,0,64,34178,
gray_scott,transformer,coefficient,101,iid,validation_best,test,64,0.027407838522351846,0,0,64,101122,1.525844493880868
gray_scott,transformer,coefficient,101,iid,validation_best,test,96,0.06448866236977913,0,0,64,101122,1.525844493880868
gray_scott,transformer,coefficient,101,iid,final_step,test,64,0.03750676239487605,0,0,64,101122,
gray_scott,transformer,coefficient,101,iid,final_step,test,96,0.11917680614523325,0,0,64,101122,
gray_scott,transformer,coefficient,101,iid,validation_best,ood,64,0.5708448501840939,0,0,64,101122,1.525844493880868
gray_scott,transformer,coefficient,101,iid,validation_best,ood,96,1.7800228129693156,0,0,64,101122,1.525844493880868
gray_scott,transformer,coefficient,101,iid,final_step,ood,64,0.9189885332380889,0,0,64,101122,
gray_scott,transformer,coefficient,101,iid,final_step,ood,96,2.680328093571061,0,0,64,101122,
gray_scott,transformer,coefficient,101,none,validation_best,test,64,0.023378298190860902,0,0,64,101122,1.5660139499232173
gray_scott,transformer,coefficient,101,none,validation_best,test,96,0.0895956047189641,0,0,64,101122,1.5660139499232173
gray_scott,transformer,coefficient,101,none,final_step,test,64,0.02116469374874952,0,0,64,101122,
gray_scott,transformer,coefficient,101,none,final_step,test,96,0.055674121641709075,0,0,64,101122,
gray_scott,transformer,coefficient,101,none,validation_best,ood,64,1.3878606132114086,0,0,64,101122,1.5660139499232173
gray_scott,transformer,coefficient,101,none,validation_best,ood,96,3.8086859776948123,0,0,64,101122,1.5660139499232173
gray_scott,transformer,coefficient,101,none,final_step,ood,64,1.1632242902933285,0,0,64,101122,
gray_scott,transformer,coefficient,101,none,final_step,ood,96,3.2112566387083157,0,0,64,101122,
gray_scott,transformer,coefficient,101,response_matched,validation_best,test,64,0.028287300367670576,0,0,64,101122,1.5226734336465597
gray_scott,transformer,coefficient,101,response_matched,validation_best,test,96,0.06693290500411186,0,0,64,101122,1.5226734336465597
gray_scott,transformer,coefficient,101,response_matched,final_step,test,64,0.028258404924040526,0,0,64,101122,
gray_scott,transformer,coefficient,101,response_matched,final_step,test,96,0.0831563797262774,0,0,64,101122,
gray_scott,transformer,coefficient,101,response_matched,validation_best,ood,64,0.5535709863195155,0,0,64,101122,1.5226734336465597
gray_scott,transformer,coefficient,101,response_matched,validation_best,ood,96,1.752008962523624,0,0,64,101122,1.5226734336465597
gray_scott,transformer,coefficient,101,response_matched,final_step,ood,64,0.8247789970838717,0,0,64,101122,
gray_scott,transformer,coefficient,101,response_matched,final_step,ood,96,2.455315106281065,0,0,64,101122,
gray_scott,transformer,coefficient,101,smooth,validation_best,test,64,0.030505489294840094,0,0,64,101122,1.5222909627482295
gray_scott,transformer,coefficient,101,smooth,validation_best,test,96,0.07154890877788556,0,0,64,101122,1.5222909627482295
gray_scott,transformer,coefficient,101,smooth,final_step,test,64,0.05232285712886642,0,0,64,101122,
gray_scott,transformer,coefficient,101,smooth,final_step,test,96,0.17729253931192246,0,0,64,101122,
gray_scott,transformer,coefficient,101,smooth,validation_best,ood,64,0.5465925177361637,0,0,64,101122,1.5222909627482295
gray_scott,transformer,coefficient,101,smooth,validation_best,ood,96,1.671664735444375,0,0,64,101122,1.5222909627482295
gray_scott,transformer,coefficient,101,smooth,final_step,ood,64,0.9280661125008223,0,0,64,101122,
gray_scott,transformer,coefficient,101,smooth,final_step,ood,96,2.654404829716758,0,0,64,101122,
gray_scott,transformer,coefficient,202,iid,validation_best,test,64,0.03891432794237493,0,0,64,101122,1.526966947130859
gray_scott,transformer,coefficient,202,iid,validation_best,test,96,0.080404889003439,0,0,64,101122,1.526966947130859
gray_scott,transformer,coefficient,202,iid,final_step,test,64,0.023743583500392074,0,0,64,101122,
gray_scott,transformer,coefficient,202,iid,final_step,test,96,0.055623422735191205,0,0,64,101122,
gray_scott,transformer,coefficient,202,iid,validation_best,ood,64,0.2357399616961935,0,0,64,101122,1.526966947130859
gray_scott,transformer,coefficient,202,iid,validation_best,ood,96,0.4752048187367919,0,0,64,101122,1.526966947130859
gray_scott,transformer,coefficient,202,iid,final_step,ood,64,0.19652653538344822,0,0,64,101122,
gray_scott,transformer,coefficient,202,iid,final_step,ood,96,0.35449993199086316,0,0,64,101122,
gray_scott,transformer,coefficient,202,none,validation_best,test,64,0.014679626842042492,0,0,64,101122,1.5072909416630864
gray_scott,transformer,coefficient,202,none,validation_best,test,96,0.035583942183613784,0,0,64,101122,1.5072909416630864
gray_scott,transformer,coefficient,202,none,final_step,test,64,0.019008223691332038,0,0,64,101122,
gray_scott,transformer,coefficient,202,none,final_step,test,96,0.07104092071365316,0,0,64,101122,
gray_scott,transformer,coefficient,202,none,validation_best,ood,64,0.18786552688360025,0,0,64,101122,1.5072909416630864
gray_scott,transformer,coefficient,202,none,validation_best,ood,96,0.34896067009369486,0,0,64,101122,1.5072909416630864
gray_scott,transformer,coefficient,202,none,final_step,ood,64,0.18835051369596556,0,0,64,101122,
gray_scott,transformer,coefficient,202,none,final_step,ood,96,0.34784876118543673,0,0,64,101122,
gray_scott,transformer,coefficient,202,response_matched,validation_best,test,64,0.03792474965893322,0,0,64,101122,1.5230449847877026
gray_scott,transformer,coefficient,202,response_matched,validation_best,test,96,0.0785444276158332,0,0,64,101122,1.5230449847877026
gray_scott,transformer,coefficient,202,response_matched,final_step,test,64,0.02353492300425164,0,0,64,101122,
gray_scott,transformer,coefficient,202,response_matched,final_step,test,96,0.05601039493414535,0,0,64,101122,
gray_scott,transformer,coefficient,202,response_matched,validation_best,ood,64,0.2361413500263314,0,0,64,101122,1.5230449847877026
gray_scott,transformer,coefficient,202,response_matched,validation_best,ood,96,0.4665967854966304,0,0,64,101122,1.5230449847877026
gray_scott,transformer,coefficient,202,response_matched,final_step,ood,64,0.2924166427465842,0,0,64,101122,
gray_scott,transformer,coefficient,202,response_matched,final_step,ood,96,0.6633478253637742,0,0,64,101122,
gray_scott,transformer,coefficient,202,smooth,validation_best,test,64,0.031196062637693478,0,0,64,101122,1.5318484511226416
gray_scott,transformer,coefficient,202,smooth,validation_best,test,96,0.0916890835984554,0,0,64,101122,1.5318484511226416
gray_scott,transformer,coefficient,202,smooth,final_step,test,64,0.020771208870890123,0,0,64,101122,
gray_scott,transformer,coefficient,202,smooth,final_step,test,96,0.04570399231898148,0,0,64,101122,
gray_scott,transformer,coefficient,202,smooth,validation_best,ood,64,0.22489697356232163,0,0,64,101122,1.5318484511226416
gray_scott,transformer,coefficient,202,smooth,validation_best,ood,96,0.46917297131549535,0,0,64,101122,1.5318484511226416
gray_scott,transformer,coefficient,202,smooth,final_step,ood,64,0.20001407732108234,0,0,64,101122,
gray_scott,transformer,coefficient,202,smooth,final_step,ood,96,0.37514715890175643,0,0,64,101122,
gray_scott,transformer,coefficient,303,iid,validation_best,test,64,0.027625689365302408,0,0,64,101122,1.5335169387981296
gray_scott,transformer,coefficient,303,iid,validation_best,test,96,0.05190580144809642,0,0,64,101122,1.5335169387981296
gray_scott,transformer,coefficient,303,iid,final_step,test,64,0.022752049437616106,0,0,64,101122,
gray_scott,transformer,coefficient,303,iid,final_step,test,96,0.04072591679718748,0,0,64,101122,
gray_scott,transformer,coefficient,303,iid,validation_best,ood,64,0.1973916789111798,0,0,64,101122,1.5335169387981296
gray_scott,transformer,coefficient,303,iid,validation_best,ood,96,0.3656578620582082,0,0,64,101122,1.5335169387981296
gray_scott,transformer,coefficient,303,iid,final_step,ood,64,0.17198164302093355,0,0,64,101122,
gray_scott,transformer,coefficient,303,iid,final_step,ood,96,0.3396742103490018,0,0,64,101122,
gray_scott,transformer,coefficient,303,none,validation_best,test,64,0.015742005114835367,0,0,64,101122,1.526502938941121
gray_scott,transformer,coefficient,303,none,validation_best,test,96,0.05484058566113323,0,0,64,101122,1.526502938941121
gray_scott,transformer,coefficient,303,none,final_step,test,64,0.026900027414667127,0,0,64,101122,
gray_scott,transformer,coefficient,303,none,final_step,test,96,0.10556133317795362,0,0,64,101122,
gray_scott,transformer,coefficient,303,none,validation_best,ood,64,0.31873668441082614,0,0,64,101122,1.526502938941121
gray_scott,transformer,coefficient,303,none,validation_best,ood,96,0.7304747719441806,0,0,64,101122,1.526502938941121
gray_scott,transformer,coefficient,303,none,final_step,ood,64,0.3100948023625385,0,0,64,101122,
gray_scott,transformer,coefficient,303,none,final_step,ood,96,0.708254129925694,0,0,64,101122,
gray_scott,transformer,coefficient,303,response_matched,validation_best,test,64,0.028537547944552877,0,0,64,101122,1.5263129491358995
gray_scott,transformer,coefficient,303,response_matched,validation_best,test,96,0.05339734278339907,0,0,64,101122,1.5263129491358995
gray_scott,transformer,coefficient,303,response_matched,final_step,test,64,0.023802387991497254,0,0,64,101122,
gray_scott,transformer,coefficient,303,response_matched,final_step,test,96,0.04293388688642278,0,0,64,101122,
gray_scott,transformer,coefficient,303,response_matched,validation_best,ood,64,0.19664967821503598,0,0,64,101122,1.5263129491358995
gray_scott,transformer,coefficient,303,response_matched,validation_best,ood,96,0.3625962520769104,0,0,64,101122,1.5263129491358995
gray_scott,transformer,coefficient,303,response_matched,final_step,ood,64,0.16590716180237042,0,0,64,101122,
gray_scott,transformer,coefficient,303,response_matched,final_step,ood,96,0.32782005915276413,0,0,64,101122,
gray_scott,transformer,coefficient,303,smooth,validation_best,test,64,0.02836836310380164,0,0,64,101122,1.5280249994248152
gray_scott,transformer,coefficient,303,smooth,validation_best,test,96,0.05389087160345696,0,0,64,101122,1.5280249994248152
gray_scott,transformer,coefficient,303,smooth,final_step,test,64,0.022085745469046514,0,0,64,101122,
gray_scott,transformer,coefficient,303,smooth,final_step,test,96,0.03939328236762033,0,0,64,101122,
gray_scott,transformer,coefficient,303,smooth,validation_best,ood,64,0.1950547694970739,0,0,64,101122,1.5280249994248152
gray_scott,transformer,coefficient,303,smooth,validation_best,ood,96,0.3602037881593182,0,0,64,101122,1.5280249994248152
gray_scott,transformer,coefficient,303,smooth,final_step,ood,64,0.1710403130881062,0,0,64,101122,
gray_scott,transformer,coefficient,303,smooth,final_step,ood,96,0.3390739359085396,0,0,64,101122,
gray_scott,transformer,coefficient,404,iid,validation_best,test,64,0.032096214779742116,0,0,64,101122,1.5239379601553082
gray_scott,transformer,coefficient,404,iid,validation_best,test,96,0.12779633558190567,0,0,64,101122,1.5239379601553082
gray_scott,transformer,coefficient,404,iid,final_step,test,64,0.03912001968252865,0,0,64,101122,
gray_scott,transformer,coefficient,404,iid,final_step,test,96,0.1603999745082759,0,0,64,101122,
gray_scott,transformer,coefficient,404,iid,validation_best,ood,64,0.26450110285087103,0,0,64,101122,1.5239379601553082
gray_scott,transformer,coefficient,404,iid,validation_best,ood,96,0.5368354260863928,0,0,64,101122,1.5239379601553082
gray_scott,transformer,coefficient,404,iid,final_step,ood,64,0.19148568212491046,0,0,64,101122,
gray_scott,transformer,coefficient,404,iid,final_step,ood,96,0.34270626374500834,0,0,64,101122,
gray_scott,transformer,coefficient,404,none,validation_best,test,64,0.01377718057754973,0,0,64,101122,1.524422992952168
gray_scott,transformer,coefficient,404,none,validation_best,test,96,0.048807685094299114,0,0,64,101122,1.524422992952168
gray_scott,transformer,coefficient,404,none,final_step,test,64,0.01377718057754973,0,0,64,101122,
gray_scott,transformer,coefficient,404,none,final_step,test,96,0.048807685094299114,0,0,64,101122,
gray_scott,transformer,coefficient,404,none,validation_best,ood,64,0.39212913547089023,0,0,64,101122,1.524422992952168
gray_scott,transformer,coefficient,404,none,validation_best,ood,96,0.8310453087615279,0,0,64,101122,1.524422992952168
gray_scott,transformer,coefficient,404,none,final_step,ood,64,0.39212913547089023,0,0,64,101122,
gray_scott,transformer,coefficient,404,none,final_step,ood,96,0.8310453087615279,0,0,64,101122,
gray_scott,transformer,coefficient,404,response_matched,validation_best,test,64,0.031581310515179206,0,0,64,101122,1.5237540006637573
gray_scott,transformer,coefficient,404,response_matched,validation_best,test,96,0.12453642107184745,0,0,64,101122,1.5237540006637573
gray_scott,transformer,coefficient,404,response_matched,final_step,test,64,0.037897541716888306,0,0,64,101122,
gray_scott,transformer,coefficient,404,response_matched,final_step,test,96,0.1505328936986725,0,0,64,101122,
gray_scott,transformer,coefficient,404,response_matched,validation_best,ood,64,0.25477040161702824,0,0,64,101122,1.5237540006637573
gray_scott,transformer,coefficient,404,response_matched,validation_best,ood,96,0.5048608598051239,0,0,64,101122,1.5237540006637573
gray_scott,transformer,coefficient,404,response_matched,final_step,ood,64,0.19251829553617306,0,0,64,101122,
gray_scott,transformer,coefficient,404,response_matched,final_step,ood,96,0.34190084540607657,0,0,64,101122,
gray_scott,transformer,coefficient,404,smooth,validation_best,test,64,0.03652898276250782,0,0,64,101122,1.5241374494507909
gray_scott,transformer,coefficient,404,smooth,validation_best,test,96,0.1510070074088239,0,0,64,101122,1.5241374494507909
gray_scott,transformer,coefficient,404,smooth,final_step,test,64,0.03652898276250782,0,0,64,101122,
gray_scott,transformer,coefficient,404,smooth,final_step,test,96,0.1510070074088239,0,0,64,101122,
gray_scott,transformer,coefficient,404,smooth,validation_best,ood,64,0.1903756928007132,0,0,64,101122,1.5241374494507909
gray_scott,transformer,coefficient,404,smooth,validation_best,ood,96,0.3513810713631731,0,0,64,101122,1.5241374494507909
gray_scott,transformer,coefficient,404,smooth,final_step,ood,64,0.1903756928007132,0,0,64,101122,
gray_scott,transformer,coefficient,404,smooth,final_step,ood,96,0.3513810713631731,0,0,64,101122,
gray_scott,transformer,coefficient,505,iid,validation_best,test,64,0.029861767052918653,0,0,64,101122,1.5397999435663223
gray_scott,transformer,coefficient,505,iid,validation_best,test,96,0.05678439742714003,0,0,64,101122,1.5397999435663223
gray_scott,transformer,coefficient,505,iid,final_step,test,64,0.05811721036570905,0,0,64,101122,
gray_scott,transformer,coefficient,505,iid,final_step,test,96,0.16269807593988675,0,0,64,101122,
gray_scott,transformer,coefficient,505,iid,validation_best,ood,64,0.4374013959796468,0,0,64,101122,1.5397999435663223
gray_scott,transformer,coefficient,505,iid,validation_best,ood,96,0.8427674953352083,0,0,64,101122,1.5397999435663223
gray_scott,transformer,coefficient,505,iid,final_step,ood,64,0.43217095193935506,0,0,64,101122,
gray_scott,transformer,coefficient,505,iid,final_step,ood,96,0.8408643426982014,0,0,64,101122,
gray_scott,transformer,coefficient,505,none,validation_best,test,64,0.01758138598079867,0,0,64,101122,1.5085084596648812
gray_scott,transformer,coefficient,505,none,validation_best,test,96,0.051054009971338986,0,0,64,101122,1.5085084596648812
gray_scott,transformer,coefficient,505,none,final_step,test,64,0.01758138598079867,0,0,64,101122,
gray_scott,transformer,coefficient,505,none,final_step,test,96,0.051054009971338986,0,0,64,101122,
gray_scott,transformer,coefficient,505,none,validation_best,ood,64,0.4079671826048088,0,0,64,101122,1.5085084596648812
gray_scott,transformer,coefficient,505,none,validation_best,ood,96,0.8481566114163204,0,0,64,101122,1.5085084596648812
gray_scott,transformer,coefficient,505,none,final_step,ood,64,0.4079671826048088,0,0,64,101122,
gray_scott,transformer,coefficient,505,none,final_step,ood,96,0.8481566114163204,0,0,64,101122,
gray_scott,transformer,coefficient,505,response_matched,validation_best,test,64,0.029943796271573175,0,0,64,101122,1.5272879507392645
gray_scott,transformer,coefficient,505,response_matched,validation_best,test,96,0.056516031711893046,0,0,64,101122,1.5272879507392645
gray_scott,transformer,coefficient,505,response_matched,final_step,test,64,0.05896622839810983,0,0,64,101122,
gray_scott,transformer,coefficient,505,response_matched,final_step,test,96,0.1667573980076923,0,0,64,101122,
gray_scott,transformer,coefficient,505,response_matched,validation_best,ood,64,0.4539482438340823,0,0,64,101122,1.5272879507392645
gray_scott,transformer,coefficient,505,response_matched,validation_best,ood,96,0.8838385680428889,0,0,64,101122,1.5272879507392645
gray_scott,transformer,coefficient,505,response_matched,final_step,ood,64,0.44214755517465854,0,0,64,101122,
gray_scott,transformer,coefficient,505,response_matched,final_step,ood,96,0.8571093494218485,0,0,64,101122,
gray_scott,transformer,coefficient,505,smooth,validation_best,test,64,0.03191116043003339,0,0,64,101122,1.5215804567560554
gray_scott,transformer,coefficient,505,smooth,validation_best,test,96,0.062117555248291614,0,0,64,101122,1.5215804567560554
gray_scott,transformer,coefficient,505,smooth,final_step,test,64,0.05433579643184783,0,0,64,101122,
gray_scott,transformer,coefficient,505,smooth,final_step,test,96,0.1527070251446913,0,0,64,101122,
gray_scott,transformer,coefficient,505,smooth,validation_best,ood,64,0.4109066526485501,0,0,64,101122,1.5215804567560554
gray_scott,transformer,coefficient,505,smooth,validation_best,ood,96,0.7787552827585962,0,0,64,101122,1.5215804567560554
gray_scott,transformer,coefficient,505,smooth,final_step,ood,64,0.4365392231026277,0,0,64,101122,
gray_scott,transformer,coefficient,505,smooth,final_step,ood,96,0.8792323428143334,0,0,64,101122,
gray_scott,transformer,coefficient,606,iid,validation_best,test,64,0.030107045266559718,0,0,64,101122,1.5368849504739046
gray_scott,transformer,coefficient,606,iid,validation_best,test,96,0.07759791043938824,0,0,64,101122,1.5368849504739046
gray_scott,transformer,coefficient,606,iid,final_step,test,64,0.031543066886293825,0,0,64,101122,
gray_scott,transformer,coefficient,606,iid,final_step,test,96,0.10437033516536147,0,0,64,101122,
gray_scott,transformer,coefficient,606,iid,validation_best,ood,64,0.3023690783024726,0,0,64,101122,1.5368849504739046
gray_scott,transformer,coefficient,606,iid,validation_best,ood,96,0.5862523896948797,0,0,64,101122,1.5368849504739046
gray_scott,transformer,coefficient,606,iid,final_step,ood,64,0.5840992662444773,0,0,64,101122,
gray_scott,transformer,coefficient,606,iid,final_step,ood,96,1.385767722756544,0,0,64,101122,
gray_scott,transformer,coefficient,606,none,validation_best,test,64,0.01576366188707784,0,0,64,101122,1.523285498842597
gray_scott,transformer,coefficient,606,none,validation_best,test,96,0.05402722409604595,0,0,64,101122,1.523285498842597
gray_scott,transformer,coefficient,606,none,final_step,test,64,0.01576366188707784,0,0,64,101122,
gray_scott,transformer,coefficient,606,none,final_step,test,96,0.05402722409604595,0,0,64,101122,
gray_scott,transformer,coefficient,606,none,validation_best,ood,64,0.45512595540133916,0,0,64,101122,1.523285498842597
gray_scott,transformer,coefficient,606,none,validation_best,ood,96,1.0756638630812532,0,0,64,101122,1.523285498842597
gray_scott,transformer,coefficient,606,none,final_step,ood,64,0.45512595540133916,0,0,64,101122,
gray_scott,transformer,coefficient,606,none,final_step,ood,96,1.0756638630812532,0,0,64,101122,
gray_scott,transformer,coefficient,606,response_matched,validation_best,test,64,0.024170156648804397,0,0,64,101122,1.524078007787466
gray_scott,transformer,coefficient,606,response_matched,validation_best,test,96,0.07959174895555807,0,0,64,101122,1.524078007787466
gray_scott,transformer,coefficient,606,response_matched,final_step,test,64,0.02949544350589317,0,0,64,101122,
gray_scott,transformer,coefficient,606,response_matched,final_step,test,96,0.0952236434262558,0,0,64,101122,
gray_scott,transformer,coefficient,606,response_matched,validation_best,ood,64,0.5640153387568798,0,0,64,101122,1.524078007787466
gray_scott,transformer,coefficient,606,response_matched,validation_best,ood,96,1.3521923561391358,0,0,64,101122,1.524078007787466
gray_scott,transformer,coefficient,606,response_matched,final_step,ood,64,0.5960254499875379,0,0,64,101122,
gray_scott,transformer,coefficient,606,response_matched,final_step,ood,96,1.4250249995819229,0,0,64,101122,
gray_scott,transformer,coefficient,606,smooth,validation_best,test,64,0.028252093800988032,0,0,64,101122,1.5239944448694587
gray_scott,transformer,coefficient,606,smooth,validation_best,test,96,0.06818882411419332,0,0,64,101122,1.5239944448694587
gray_scott,transformer,coefficient,606,smooth,final_step,test,64,0.03320310128771742,0,0,64,101122,
gray_scott,transformer,coefficient,606,smooth,final_step,test,96,0.11347882131486106,0,0,64,101122,
gray_scott,transformer,coefficient,606,smooth,validation_best,ood,64,0.3822708584896066,0,0,64,101122,1.5239944448694587
gray_scott,transformer,coefficient,606,smooth,validation_best,ood,96,0.8111999229666473,0,0,64,101122,1.5239944448694587
gray_scott,transformer,coefficient,606,smooth,final_step,ood,64,0.5901312098783578,0,0,64,101122,
gray_scott,transformer,coefficient,606,smooth,final_step,ood,96,1.4055699865219584,0,0,64,101122,
gray_scott,transformer,correct,101,iid,validation_best,test,64,0.016981323479918875,0,0,64,101122,1.5738284913823009
gray_scott,transformer,correct,101,iid,validation_best,test,96,0.05947781361971323,0,0,64,101122,1.5738284913823009
gray_scott,transformer,correct,101,iid,final_step,test,64,0.02030066582902762,0,0,64,101122,
gray_scott,transformer,correct,101,iid,final_step,test,96,0.05521604724711523,0,0,64,101122,
gray_scott,transformer,correct,101,iid,validation_best,ood,64,1.0206881460909258,0,0,64,101122,1.5738284913823009
gray_scott,transformer,correct,101,iid,validation_best,ood,96,2.8966074280325005,0,0,64,101122,1.5738284913823009
gray_scott,transformer,correct,101,iid,final_step,ood,64,1.082168459788086,0,0,64,101122,
gray_scott,transformer,correct,101,iid,final_step,ood,96,3.0343622337953065,0,0,64,101122,
gray_scott,transformer,correct,101,none,validation_best,test,64,0.0233792458905156,0,0,64,101122,1.53912294190377
gray_scott,transformer,correct,101,none,validation_best,test,96,0.08960052059124635,0,0,64,101122,1.53912294190377
gray_scott,transformer,correct,101,none,final_step,test,64,0.021161886411110387,0,0,64,101122,
gray_scott,transformer,correct,101,none,final_step,test,96,0.05566801497716001,0,0,64,101122,
gray_scott,transformer,correct,101,none,validation_best,ood,64,1.3878863033220057,0,0,64,101122,1.53912294190377
gray_scott,transformer,correct,101,none,validation_best,ood,96,3.808752330421214,0,0,64,101122,1.53912294190377
gray_scott,transformer,correct,101,none,final_step,ood,64,1.1632414890754674,0,0,64,101122,
gray_scott,transformer,correct,101,none,final_step,ood,96,3.211302705408613,0,0,64,101122,
gray_scott,transformer,correct,101,response_matched,validation_best,test,64,0.014858158597849114,0,0,64,101122,1.570400013588369
gray_scott,transformer,correct,101,response_matched,validation_best,test,96,0.04869622990472259,0,0,64,101122,1.570400013588369
gray_scott,transformer,correct,101,response_matched,final_step,test,64,0.018645096236891978,0,0,64,101122,
gray_scott,transformer,correct,101,response_matched,final_step,test,96,0.05104180525203387,0,0,64,101122,
gray_scott,transformer,correct,101,response_matched,validation_best,ood,64,0.9358204874149223,0,0,64,101122,1.570400013588369
gray_scott,transformer,correct,101,response_matched,validation_best,ood,96,2.6486622047570023,0,0,64,101122,1.570400013588369
gray_scott,transformer,correct,101,response_matched,final_step,ood,64,1.0000567610792181,0,0,64,101122,
gray_scott,transformer,correct,101,response_matched,final_step,ood,96,2.8180008724221537,0,0,64,101122,
gray_scott,transformer,correct,101,smooth,validation_best,test,64,0.027490418375891834,0,0,64,101122,1.5248539624735713
gray_scott,transformer,correct,101,smooth,validation_best,test,96,0.12277462026856828,0,0,64,101122,1.5248539624735713
gray_scott,transformer,correct,101,smooth,final_step,test,64,0.02624509483389581,0,0,64,101122,
gray_scott,transformer,correct,101,smooth,final_step,test,96,0.06692235397890486,0,0,64,101122,
gray_scott,transformer,correct,101,smooth,validation_best,ood,64,1.1453127237070397,0,0,64,101122,1.5248539624735713
gray_scott,transformer,correct,101,smooth,validation_best,ood,96,3.1856049348544984,0,0,64,101122,1.5248539624735713
gray_scott,transformer,correct,101,smooth,final_step,ood,64,1.1207028217074964,0,0,64,101122,
gray_scott,transformer,correct,101,smooth,final_step,ood,96,3.1013186820811613,0,0,64,101122,
gray_scott,transformer,correct,202,iid,validation_best,test,64,0.012043837971180693,0,0,64,101122,1.6008819453418255
gray_scott,transformer,correct,202,iid,validation_best,test,96,0.03280173359826458,0,0,64,101122,1.6008819453418255
gray_scott,transformer,correct,202,iid,final_step,test,64,0.022749748734253505,0,0,64,101122,
gray_scott,transformer,correct,202,iid,final_step,test,96,0.08942679495131092,0,0,64,101122,
gray_scott,transformer,correct,202,iid,validation_best,ood,64,0.19046694214571147,0,0,64,101122,1.6008819453418255
gray_scott,transformer,correct,202,iid,validation_best,ood,96,0.37883417932616703,0,0,64,101122,1.6008819453418255
gray_scott,transformer,correct,202,iid,final_step,ood,64,0.18509208595052584,0,0,64,101122,
gray_scott,transformer,correct,202,iid,final_step,ood,96,0.37337056711592465,0,0,64,101122,
gray_scott,transformer,correct,202,none,validation_best,test,64,0.014679568150039679,0,0,64,101122,1.5228379517793655
gray_scott,transformer,correct,202,none,validation_best,test,96,0.035583764609202026,0,0,64,101122,1.5228379517793655
gray_scott,transformer,correct,202,none,final_step,test,64,0.01900819190799652,0,0,64,101122,
gray_scott,transformer,correct,202,none,final_step,test,96,0.071040937330847,0,0,64,101122,
gray_scott,transformer,correct,202,none,validation_best,ood,64,0.18786550111578926,0,0,64,101122,1.5228379517793655
gray_scott,transformer,correct,202,none,validation_best,ood,96,0.34896045913214974,0,0,64,101122,1.5228379517793655
gray_scott,transformer,correct,202,none,final_step,ood,64,0.18835035149736523,0,0,64,101122,
gray_scott,transformer,correct,202,none,final_step,ood,96,0.34784839444731297,0,0,64,101122,
gray_scott,transformer,correct,202,response_matched,validation_best,test,64,0.014839702158233936,0,0,64,101122,1.5535939950495958
gray_scott,transformer,correct,202,response_matched,validation_best,test,96,0.039763142436977164,0,0,64,101122,1.5535939950495958
gray_scott,transformer,correct,202,response_matched,final_step,test,64,0.01582635481024952,0,0,64,101122,
gray_scott,transformer,correct,202,response_matched,final_step,test,96,0.030238669481959263,0,0,64,101122,
gray_scott,transformer,correct,202,response_matched,validation_best,ood,64,0.1977362683817141,0,0,64,101122,1.5535939950495958
gray_scott,transformer,correct,202,response_matched,validation_best,ood,96,0.37126543824872016,0,0,64,101122,1.5535939950495958
gray_scott,transformer,correct,202,response_matched,final_step,ood,64,0.2165901457961823,0,0,64,101122,
gray_scott,transformer,correct,202,response_matched,final_step,ood,96,0.4604660431605841,0,0,64,101122,
gray_scott,transformer,correct,202,smooth,validation_best,test,64,0.013859941854905466,0,0,64,101122,1.536668953485787
gray_scott,transformer,correct,202,smooth,validation_best,test,96,0.043190966563032784,0,0,64,101122,1.536668953485787
gray_scott,transformer,correct,202,smooth,final_step,test,64,0.013859941854905466,0,0,64,101122,
gray_scott,transformer,correct,202,smooth,final_step,test,96,0.043190966563032784,0,0,64,101122,
gray_scott,transformer,correct,202,smooth,validation_best,ood,64,0.18696718934769763,0,0,64,101122,1.536668953485787
gray_scott,transformer,correct,202,smooth,validation_best,ood,96,0.3717684360468354,0,0,64,101122,1.536668953485787
gray_scott,transformer,correct,202,smooth,final_step,ood,64,0.18696718934769763,0,0,64,101122,
gray_scott,transformer,correct,202,smooth,final_step,ood,96,0.3717684360468354,0,0,64,101122,
gray_scott,transformer,correct,303,iid,validation_best,test,64,0.014625027960813108,0,0,64,101122,1.5534699661657214
gray_scott,transformer,correct,303,iid,validation_best,test,96,0.044968373007460524,0,0,64,101122,1.5534699661657214
gray_scott,transformer,correct,303,iid,final_step,test,64,0.014625027960813108,0,0,64,101122,
gray_scott,transformer,correct,303,iid,final_step,test,96,0.044968373007460524,0,0,64,101122,
gray_scott,transformer,correct,303,iid,validation_best,ood,64,0.3618269678134549,0,0,64,101122,1.5534699661657214
gray_scott,transformer,correct,303,iid,validation_best,ood,96,0.8497897650339694,0,0,64,101122,1.5534699661657214
gray_scott,transformer,correct,303,iid,final_step,ood,64,0.3618269678134549,0,0,64,101122,
gray_scott,transformer,correct,303,iid,final_step,ood,96,0.8497897650339694,0,0,64,101122,
gray_scott,transformer,correct,303,none,validation_best,test,64,0.01574210882595317,0,0,64,101122,1.5241029439494014
gray_scott,transformer,correct,303,none,validation_best,test,96,0.054841139215193804,0,0,64,101122,1.5241029439494014
gray_scott,transformer,correct,303,none,final_step,test,64,0.026900264877720348,0,0,64,101122,
gray_scott,transformer,correct,303,none,final_step,test,96,0.10556244077235707,0,0,64,101122,
gray_scott,transformer,correct,303,none,validation_best,ood,64,0.3187383482763977,0,0,64,101122,1.5241029439494014
gray_scott,transformer,correct,303,none,validation_best,ood,96,0.7304791592590334,0,0,64,101122,1.5241029439494014
gray_scott,transformer,correct,303,none,final_step,ood,64,0.3100956148750056,0,0,64,101122,
gray_scott,transformer,correct,303,none,final_step,ood,96,0.7082563766485794,0,0,64,101122,
gray_scott,transformer,correct,303,response_matched,validation_best,test,64,0.014985830898995411,0,0,64,101122,1.555260457098484
gray_scott,transformer,correct,303,response_matched,validation_best,test,96,0.04745461394095345,0,0,64,101122,1.555260457098484
gray_scott,transformer,correct,303,response_matched,final_step,test,64,0.014985830898995411,0,0,64,101122,
gray_scott,transformer,correct,303,response_matched,final_step,test,96,0.04745461394095345,0,0,64,101122,
gray_scott,transformer,correct,303,response_matched,validation_best,ood,64,0.3618329454129121,0,0,64,101122,1.555260457098484
gray_scott,transformer,correct,303,response_matched,validation_best,ood,96,0.8440770706571346,0,0,64,101122,1.555260457098484
gray_scott,transformer,correct,303,response_matched,final_step,ood,64,0.3618329454129121,0,0,64,101122,
gray_scott,transformer,correct,303,response_matched,final_step,ood,96,0.8440770706571346,0,0,64,101122,
gray_scott,transformer,correct,303,smooth,validation_best,test,64,0.01544260746535342,0,0,64,101122,1.5247084898874164
gray_scott,transformer,correct,303,smooth,validation_best,test,96,0.0506843383167425,0,0,64,101122,1.5247084898874164
gray_scott,transformer,correct,303,smooth,final_step,test,64,0.01544260746535342,0,0,64,101122,
gray_scott,transformer,correct,303,smooth,final_step,test,96,0.0506843383167425,0,0,64,101122,
gray_scott,transformer,correct,303,smooth,validation_best,ood,64,0.3351305315987867,0,0,64,101122,1.5247084898874164
gray_scott,transformer,correct,303,smooth,validation_best,ood,96,0.788220592141211,0,0,64,101122,1.5247084898874164
gray_scott,transformer,correct,303,smooth,final_step,ood,64,0.3351305315987867,0,0,64,101122,
gray_scott,transformer,correct,303,smooth,final_step,ood,96,0.788220592141211,0,0,64,101122,
gray_scott,transformer,correct,404,iid,validation_best,test,64,0.012148706056109848,0,0,64,101122,1.5583854401484132
gray_scott,transformer,correct,404,iid,validation_best,test,96,0.034790528205946046,0,0,64,101122,1.5583854401484132
gray_scott,transformer,correct,404,iid,final_step,test,64,0.012148706056109848,0,0,64,101122,
gray_scott,transformer,correct,404,iid,final_step,test,96,0.034790528205946046,0,0,64,101122,
gray_scott,transformer,correct,404,iid,validation_best,ood,64,0.3284353579156267,0,0,64,101122,1.5583854401484132
gray_scott,transformer,correct,404,iid,validation_best,ood,96,0.6109978592824845,0,0,64,101122,1.5583854401484132
gray_scott,transformer,correct,404,iid,final_step,ood,64,0.3284353579156267,0,0,64,101122,
gray_scott,transformer,correct,404,iid,final_step,ood,96,0.6109978592824845,0,0,64,101122,
gray_scott,transformer,correct,404,none,validation_best,test,64,0.013777091265022912,0,0,64,101122,1.586699951440096
gray_scott,transformer,correct,404,none,validation_best,test,96,0.04880706044325438,0,0,64,101122,1.586699951440096
gray_scott,transformer,correct,404,none,final_step,test,64,0.013777091265022912,0,0,64,101122,
gray_scott,transformer,correct,404,none,final_step,test,96,0.04880706044325438,0,0,64,101122,
gray_scott,transformer,correct,404,none,validation_best,ood,64,0.3921311684544406,0,0,64,101122,1.586699951440096
gray_scott,transformer,correct,404,none,validation_best,ood,96,0.8310507010083086,0,0,64,101122,1.586699951440096
gray_scott,transformer,correct,404,none,final_step,ood,64,0.3921311684544406,0,0,64,101122,
gray_scott,transformer,correct,404,none,final_step,ood,96,0.8310507010083086,0,0,64,101122,
gray_scott,transformer,correct,404,response_matched,validation_best,test,64,0.013235873723858482,0,0,64,101122,1.5213844599202275
gray_scott,transformer,correct,404,response_matched,validation_best,test,96,0.04325593397917812,0,0,64,101122,1.5213844599202275
gray_scott,transformer,correct,404,response_matched,final_step,test,64,0.013235873723858482,0,0,64,101122,
gray_scott,transformer,correct,404,response_matched,final_step,test,96,0.04325593397917812,0,0,64,101122,
gray_scott,transformer,correct,404,response_matched,validation_best,ood,64,0.3326503539370247,0,0,64,101122,1.5213844599202275
gray_scott,transformer,correct,404,response_matched,validation_best,ood,96,0.6062514314020279,0,0,64,101122,1.5213844599202275
gray_scott,transformer,correct,404,response_matched,final_step,ood,64,0.3326503539370247,0,0,64,101122,
gray_scott,transformer,correct,404,response_matched,final_step,ood,96,0.6062514314020279,0,0,64,101122,
gray_scott,transformer,correct,404,smooth,validation_best,test,64,0.015064003064140463,0,0,64,101122,1.514535490423441
gray_scott,transformer,correct,404,smooth,validation_best,test,96,0.05474367241209703,0,0,64,101122,1.514535490423441
gray_scott,transformer,correct,404,smooth,final_step,test,64,0.015064003064140463,0,0,64,101122,
gray_scott,transformer,correct,404,smooth,final_step,test,96,0.05474367241209703,0,0,64,101122,
gray_scott,transformer,correct,404,smooth,validation_best,ood,64,0.36533864655426207,0,0,64,101122,1.514535490423441
gray_scott,transformer,correct,404,smooth,validation_best,ood,96,0.757841400226339,0,0,64,101122,1.514535490423441
gray_scott,transformer,correct,404,smooth,final_step,ood,64,0.36533864655426207,0,0,64,101122,
gray_scott,transformer,correct,404,smooth,final_step,ood,96,0.757841400226339,0,0,64,101122,
gray_scott,transformer,correct,505,iid,validation_best,test,64,0.019591341113639693,0,0,64,101122,1.5589515212923288
gray_scott,transformer,correct,505,iid,validation_best,test,96,0.0622631410064501,0,0,64,101122,1.5589515212923288
gray_scott,transformer,correct,505,iid,final_step,test,64,0.019021116926417836,0,0,64,101122,
gray_scott,transformer,correct,505,iid,final_step,test,96,0.04502298616444526,0,0,64,101122,
gray_scott,transformer,correct,505,iid,validation_best,ood,64,0.5089876530697062,0,0,64,101122,1.5589515212923288
gray_scott,transformer,correct,505,iid,validation_best,ood,96,1.01421495520272,0,0,64,101122,1.5589515212923288
gray_scott,transformer,correct,505,iid,final_step,ood,64,0.4184017772989339,0,0,64,101122,
gray_scott,transformer,correct,505,iid,final_step,ood,96,0.7933920597948128,0,0,64,101122,
gray_scott,transformer,correct,505,none,validation_best,test,64,0.017581363925889493,0,0,64,101122,1.5238394495099783
gray_scott,transformer,correct,505,none,validation_best,test,96,0.05105392200788901,0,0,64,101122,1.5238394495099783
gray_scott,transformer,correct,505,none,final_step,test,64,0.017581363925889493,0,0,64,101122,
gray_scott,transformer,correct,505,none,final_step,test,96,0.05105392200788901,0,0,64,101122,
gray_scott,transformer,correct,505,none,validation_best,ood,64,0.40796900691553617,0,0,64,101122,1.5238394495099783
gray_scott,transformer,correct,505,none,validation_best,ood,96,0.8481612905475894,0,0,64,101122,1.5238394495099783
gray_scott,transformer,correct,505,none,final_step,ood,64,0.40796900691553617,0,0,64,101122,
gray_scott,transformer,correct,505,none,final_step,ood,96,0.8481612905475894,0,0,64,101122,
gray_scott,transformer,correct,505,response_matched,validation_best,test,64,0.01779600038669904,0,0,64,101122,1.5484604518860579
gray_scott,transformer,correct,505,response_matched,validation_best,test,96,0.04770724425615673,0,0,64,101122,1.5484604518860579
gray_scott,transformer,correct,505,response_matched,final_step,test,64,0.017537090957849277,0,0,64,101122,
gray_scott,transformer,correct,505,response_matched,final_step,test,96,0.04096317148121709,0,0,64,101122,
gray_scott,transformer,correct,505,response_matched,validation_best,ood,64,0.46452948099828717,0,0,64,101122,1.5484604518860579
gray_scott,transformer,correct,505,response_matched,validation_best,ood,96,0.8736150106526519,0,0,64,101122,1.5484604518860579
gray_scott,transformer,correct,505,response_matched,final_step,ood,64,0.39362629339827393,0,0,64,101122,
gray_scott,transformer,correct,505,response_matched,final_step,ood,96,0.7075881359085964,0,0,64,101122,
gray_scott,transformer,correct,505,smooth,validation_best,test,64,0.020767931514537596,0,0,64,101122,1.5215719351544976
gray_scott,transformer,correct,505,smooth,validation_best,test,96,0.07011227423653794,0,0,64,101122,1.5215719351544976
gray_scott,transformer,correct,505,smooth,final_step,test,64,0.018899648211597397,0,0,64,101122,
gray_scott,transformer,correct,505,smooth,final_step,test,96,0.05340751823937488,0,0,64,101122,
gray_scott,transformer,correct,505,smooth,validation_best,ood,64,0.5715198751254373,0,0,64,101122,1.5215719351544976
gray_scott,transformer,correct,505,smooth,validation_best,ood,96,1.2756424487921965,0,0,64,101122,1.5215719351544976
gray_scott,transformer,correct,505,smooth,final_step,ood,64,0.46262219718401454,0,0,64,101122,
gray_scott,transformer,correct,505,smooth,final_step,ood,96,0.9952304216076939,0,0,64,101122,
gray_scott,transformer,correct,606,iid,validation_best,test,64,0.013849024551309874,0,0,64,101122,1.5827055089175701
gray_scott,transformer,correct,606,iid,validation_best,test,96,0.03906051953979114,0,0,64,101122,1.5827055089175701
gray_scott,transformer,correct,606,iid,final_step,test,64,0.01875323048575772,0,0,64,101122,
gray_scott,transformer,correct,606,iid,final_step,test,96,0.08323878907984347,0,0,64,101122,
gray_scott,transformer,correct,606,iid,validation_best,ood,64,0.354409949417672,0,0,64,101122,1.5827055089175701
gray_scott,transformer,correct,606,iid,validation_best,ood,96,0.7757507949040606,0,0,64,101122,1.5827055089175701
gray_scott,transformer,correct,606,iid,final_step,ood,64,0.3543230063262701,0,0,64,101122,
gray_scott,transformer,correct,606,iid,final_step,ood,96,0.7986842998678689,0,0,64,101122,
gray_scott,transformer,correct,606,none,validation_best,test,64,0.015763766373833366,0,0,64,101122,1.5253604389727116
gray_scott,transformer,correct,606,none,validation_best,test,96,0.0540280744461535,0,0,64,101122,1.5253604389727116
gray_scott,transformer,correct,606,none,final_step,test,64,0.015763766373833366,0,0,64,101122,
gray_scott,transformer,correct,606,none,final_step,test,96,0.0540280744461535,0,0,64,101122,
gray_scott,transformer,correct,606,none,validation_best,ood,64,0.4551255739802915,0,0,64,101122,1.5253604389727116
gray_scott,transformer,correct,606,none,validation_best,ood,96,1.0756640322806903,0,0,64,101122,1.5253604389727116
gray_scott,transformer,correct,606,none,final_step,ood,64,0.4551255739802915,0,0,64,101122,
gray_scott,transformer,correct,606,none,final_step,ood,96,1.0756640322806903,0,0,64,101122,
gray_scott,transformer,correct,606,response_matched,validation_best,test,64,0.013193765247862088,0,0,64,101122,1.60620401147753
gray_scott,transformer,correct,606,response_matched,validation_best,test,96,0.03851622387370868,0,0,64,101122,1.60620401147753
gray_scott,transformer,correct,606,response_matched,final_step,test,64,0.019432296198641952,0,0,64,101122,
gray_scott,transformer,correct,606,response_matched,final_step,test,96,0.08602367795267987,0,0,64,101122,
gray_scott,transformer,correct,606,response_matched,validation_best,ood,64,0.34366763614287077,0,0,64,101122,1.60620401147753
gray_scott,transformer,correct,606,response_matched,validation_best,ood,96,0.7319831421466478,0,0,64,101122,1.60620401147753
gray_scott,transformer,correct,606,response_matched,final_step,ood,64,0.3522312598793764,0,0,64,101122,
gray_scott,transformer,correct,606,response_matched,final_step,ood,96,0.79265518939523,0,0,64,101122,
gray_scott,transformer,correct,606,smooth,validation_best,test,64,0.0185900091964466,0,0,64,101122,1.5247439965605736
gray_scott,transformer,correct,606,smooth,validation_best,test,96,0.08214658070005662,0,0,64,101122,1.5247439965605736
gray_scott,transformer,correct,606,smooth,final_step,test,64,0.0185900091964466,0,0,64,101122,
gray_scott,transformer,correct,606,smooth,final_step,test,96,0.08214658070005662,0,0,64,101122,
gray_scott,transformer,correct,606,smooth,validation_best,ood,64,0.3328697168412429,0,0,64,101122,1.5247439965605736
gray_scott,transformer,correct,606,smooth,validation_best,ood,96,0.7536873839232013,0,0,64,101122,1.5247439965605736
gray_scott,transformer,correct,606,smooth,final_step,ood,64,0.3328697168412429,0,0,64,101122,
gray_scott,transformer,correct,606,smooth,final_step,ood,96,0.7536873839232013,0,0,64,101122,
ks,fno,coefficient,101,iid,validation_best,test,64,0.07536548897298517,0,0,64,209985,1.2428080895915627
ks,fno,coefficient,101,iid,validation_best,test,96,0.22358725955185862,0,0,64,209985,1.2428080895915627
ks,fno,coefficient,101,iid,final_step,test,64,0.14060770426352476,0,0,64,209985,
ks,fno,coefficient,101,iid,final_step,test,96,0.3300915015117938,0,0,64,209985,
ks,fno,coefficient,101,iid,validation_best,ood,64,0.31937679893726845,0,0,64,209985,1.2428080895915627
ks,fno,coefficient,101,iid,validation_best,ood,96,0.6566659007208754,0,0,64,209985,1.2428080895915627
ks,fno,coefficient,101,iid,final_step,ood,64,0.3267198256287873,0,0,64,209985,
ks,fno,coefficient,101,iid,final_step,ood,96,0.7147042466881726,0,0,64,209985,
ks,fno,coefficient,101,none,validation_best,test,64,0.027658733699032413,0,0,64,209985,1.2482285499572754
ks,fno,coefficient,101,none,validation_best,test,96,0.11516187150362446,0,0,64,209985,1.2482285499572754
ks,fno,coefficient,101,none,final_step,test,64,0.04191394081141049,0,0,64,209985,
ks,fno,coefficient,101,none,final_step,test,96,0.1317604778788175,0,0,64,209985,
ks,fno,coefficient,101,none,validation_best,ood,64,0.4044586823528731,0,0,64,209985,1.2482285499572754
ks,fno,coefficient,101,none,validation_best,ood,96,0.8306591295549537,0,0,64,209985,1.2482285499572754
ks,fno,coefficient,101,none,final_step,ood,64,0.4264829819339828,0,0,64,209985,
ks,fno,coefficient,101,none,final_step,ood,96,0.8332264894591668,0,0,64,209985,
ks,fno,coefficient,101,response_matched,validation_best,test,64,0.06519991899234545,0,0,64,209985,1.428711088374257
ks,fno,coefficient,101,response_matched,validation_best,test,96,0.2057922579261607,0,0,64,209985,1.428711088374257
ks,fno,coefficient,101,response_matched,final_step,test,64,0.1717294898227557,0,0,64,209985,
ks,fno,coefficient,101,response_matched,final_step,test,96,0.37408010225721233,0,0,64,209985,
ks,fno,coefficient,101,response_matched,validation_best,ood,64,0.36902790100273064,0,0,64,209985,1.428711088374257
ks,fno,coefficient,101,response_matched,validation_best,ood,96,0.7781224944339392,0,0,64,209985,1.428711088374257
ks,fno,coefficient,101,response_matched,final_step,ood,64,0.3432113599303568,0,0,64,209985,
ks,fno,coefficient,101,response_matched,final_step,ood,96,0.7152313513350487,0,0,64,209985,
ks,fno,coefficient,101,smooth,validation_best,test,64,0.09915360868331219,0,0,64,209985,1.28315354231745
ks,fno,coefficient,101,smooth,validation_best,test,96,0.2911920775257708,0,0,64,209985,1.28315354231745
ks,fno,coefficient,101,smooth,final_step,test,64,0.14494603109841653,0,0,64,209985,
ks,fno,coefficient,101,smooth,final_step,test,96,0.3740691234589823,0,0,64,209985,
ks,fno,coefficient,101,smooth,validation_best,ood,64,0.3875268890170158,0,0,64,209985,1.28315354231745
ks,fno,coefficient,101,smooth,validation_best,ood,96,0.7617135972384059,0,0,64,209985,1.28315354231745
ks,fno,coefficient,101,smooth,final_step,ood,64,0.41175632888225167,0,0,64,209985,
ks,fno,coefficient,101,smooth,final_step,ood,96,0.7874157289506272,0,0,64,209985,
ks,fno,coefficient,202,iid,validation_best,test,64,0.08028418094381495,0,0,64,209985,1.2697440572082996
ks,fno,coefficient,202,iid,validation_best,test,96,0.23213151273709895,0,0,64,209985,1.2697440572082996
ks,fno,coefficient,202,iid,final_step,test,64,0.23039490124309236,0,0,64,209985,
ks,fno,coefficient,202,iid,final_step,test,96,0.4998801389524993,0,0,64,209985,
ks,fno,coefficient,202,iid,validation_best,ood,64,0.4048760531398248,0,0,64,209985,1.2697440572082996
ks,fno,coefficient,202,iid,validation_best,ood,96,0.8118544526686133,0,0,64,209985,1.2697440572082996
ks,fno,coefficient,202,iid,final_step,ood,64,0.5910329565356118,0,0,64,209985,
ks,fno,coefficient,202,iid,final_step,ood,96,0.9558165835962018,0,0,64,209985,
ks,fno,coefficient,202,none,validation_best,test,64,0.027095992343281514,0,0,64,209985,1.3013395946472883
ks,fno,coefficient,202,none,validation_best,test,96,0.09947368276262901,0,0,64,209985,1.3013395946472883
ks,fno,coefficient,202,none,final_step,test,64,0.01747007415273304,0,0,64,209985,
ks,fno,coefficient,202,none,final_step,test,96,0.06679131235747576,0,0,64,209985,
ks,fno,coefficient,202,none,validation_best,ood,64,0.6460617705399714,0,0,64,209985,1.3013395946472883
ks,fno,coefficient,202,none,validation_best,ood,96,1.0984254318890019,0,0,64,209985,1.3013395946472883
ks,fno,coefficient,202,none,final_step,ood,64,0.6381720740951318,0,0,64,209985,
ks,fno,coefficient,202,none,final_step,ood,96,1.1143462372113841,0,0,64,209985,
ks,fno,coefficient,202,response_matched,validation_best,test,64,0.05941779072420761,0,0,64,209985,1.2677205493673682
ks,fno,coefficient,202,response_matched,validation_best,test,96,0.15908999529720086,0,0,64,209985,1.2677205493673682
ks,fno,coefficient,202,response_matched,final_step,test,64,0.20147308533367392,0,0,64,209985,
ks,fno,coefficient,202,response_matched,final_step,test,96,0.4625621632109752,0,0,64,209985,
ks,fno,coefficient,202,response_matched,validation_best,ood,64,0.5615481970799614,0,0,64,209985,1.2677205493673682
ks,fno,coefficient,202,response_matched,validation_best,ood,96,1.012375062155762,0,0,64,209985,1.2677205493673682
ks,fno,coefficient,202,response_matched,final_step,ood,64,0.6968901932783851,0,0,64,209985,
ks,fno,coefficient,202,response_matched,final_step,ood,96,1.0581081117492726,0,0,64,209985,
ks,fno,coefficient,202,smooth,validation_best,test,64,0.07908306678519,0,0,64,209985,1.3046680483967066
ks,fno,coefficient,202,smooth,validation_best,test,96,0.2356092372744281,0,0,64,209985,1.3046680483967066
ks,fno,coefficient,202,smooth,final_step,test,64,0.17862138903979297,0,0,64,209985,
ks,fno,coefficient,202,smooth,final_step,test,96,0.4033668408675736,0,0,64,209985,
ks,fno,coefficient,202,smooth,validation_best,ood,64,0.5162395903021961,0,0,64,209985,1.3046680483967066
ks,fno,coefficient,202,smooth,validation_best,ood,96,0.91567597925531,0,0,64,209985,1.3046680483967066
ks,fno,coefficient,202,smooth,final_step,ood,64,0.5022077049095266,0,0,64,209985,
ks,fno,coefficient,202,smooth,final_step,ood,96,0.8532121073735486,0,0,64,209985,
ks,fno,coefficient,303,iid,validation_best,test,64,0.040625142490114924,0,0,64,209985,1.2616155436262488
ks,fno,coefficient,303,iid,validation_best,test,96,0.17779757500576016,0,0,64,209985,1.2616155436262488
ks,fno,coefficient,303,iid,final_step,test,64,0.11767260043613526,0,0,64,209985,
ks,fno,coefficient,303,iid,final_step,test,96,0.2789452170064699,0,0,64,209985,
ks,fno,coefficient,303,iid,validation_best,ood,64,0.29739288550289267,0,0,64,209985,1.2616155436262488
ks,fno,coefficient,303,iid,validation_best,ood,96,0.6838412566905312,0,0,64,209985,1.2616155436262488
ks,fno,coefficient,303,iid,final_step,ood,64,0.3475225212596147,0,0,64,209985,
ks,fno,coefficient,303,iid,final_step,ood,96,0.7637231237931571,0,0,64,209985,
ks,fno,coefficient,303,none,validation_best,test,64,0.03202237153864187,0,0,64,209985,1.266046054661274
ks,fno,coefficient,303,none,validation_best,test,96,0.1163655996629586,0,0,64,209985,1.266046054661274
ks,fno,coefficient,303,none,final_step,test,64,0.04054626175077353,0,0,64,209985,
ks,fno,coefficient,303,none,final_step,test,96,0.15162776639390346,0,0,64,209985,
ks,fno,coefficient,303,none,validation_best,ood,64,0.4103832769276117,0,0,64,209985,1.266046054661274
ks,fno,coefficient,303,none,validation_best,ood,96,0.8321808794127279,0,0,64,209985,1.266046054661274
ks,fno,coefficient,303,none,final_step,ood,64,0.3379032337651906,0,0,64,209985,
ks,fno,coefficient,303,none,final_step,ood,96,0.719869003038147,0,0,64,209985,
ks,fno,coefficient,303,response_matched,validation_best,test,64,0.10643393730266248,0,0,64,209985,1.2613390572369099
ks,fno,coefficient,303,response_matched,validation_best,test,96,0.2502803863875119,0,0,64,209985,1.2613390572369099
ks,fno,coefficient,303,response_matched,final_step,test,64,0.11298255225090359,0,0,64,209985,
ks,fno,coefficient,303,response_matched,final_step,test,96,0.2507405314664708,0,0,64,209985,
ks,fno,coefficient,303,response_matched,validation_best,ood,64,0.41818477764938056,0,0,64,209985,1.2613390572369099
ks,fno,coefficient,303,response_matched,validation_best,ood,96,0.8774017127000449,0,0,64,209985,1.2613390572369099
ks,fno,coefficient,303,response_matched,final_step,ood,64,0.31571701078898684,0,0,64,209985,
ks,fno,coefficient,303,response_matched,final_step,ood,96,0.7006671649718992,0,0,64,209985,
ks,fno,coefficient,303,smooth,validation_best,test,64,0.10361943231384696,0,0,64,209985,1.2874380452558398
ks,fno,coefficient,303,smooth,validation_best,test,96,0.29680877501542935,0,0,64,209985,1.2874380452558398
ks,fno,coefficient,303,smooth,final_step,test,64,0.16014151214372374,0,0,64,209985,
ks,fno,coefficient,303,smooth,final_step,test,96,0.37400795493440797,0,0,64,209985,
ks,fno,coefficient,303,smooth,validation_best,ood,64,0.36139809974691817,0,0,64,209985,1.2874380452558398
ks,fno,coefficient,303,smooth,validation_best,ood,96,0.706987309731562,0,0,64,209985,1.2874380452558398
ks,fno,coefficient,303,smooth,final_step,ood,64,0.3331667970565242,0,0,64,209985,
ks,fno,coefficient,303,smooth,final_step,ood,96,0.668494651021644,0,0,64,209985,
ks,fno,coefficient,404,iid,validation_best,test,64,0.10308754085235028,0,0,64,209985,1.2583460425958037
ks,fno,coefficient,404,iid,validation_best,test,96,0.2816207863894867,0,0,64,209985,1.2583460425958037
ks,fno,coefficient,404,iid,final_step,test,64,0.10308754085235028,0,0,64,209985,
ks,fno,coefficient,404,iid,final_step,test,96,0.2816207863894867,0,0,64,209985,
ks,fno,coefficient,404,iid,validation_best,ood,64,0.3391589573282521,0,0,64,209985,1.2583460425958037
ks,fno,coefficient,404,iid,validation_best,ood,96,0.7901504213607025,0,0,64,209985,1.2583460425958037
ks,fno,coefficient,404,iid,final_step,ood,64,0.3391589573282521,0,0,64,209985,
ks,fno,coefficient,404,iid,final_step,ood,96,0.7901504213607025,0,0,64,209985,
ks,fno,coefficient,404,none,validation_best,test,64,0.01861900856017889,0,0,64,209985,1.2593750841915607
ks,fno,coefficient,404,none,validation_best,test,96,0.08890008960004028,0,0,64,209985,1.2593750841915607
ks,fno,coefficient,404,none,final_step,test,64,0.01861900856017889,0,0,64,209985,
ks,fno,coefficient,404,none,final_step,test,96,0.08890008960004028,0,0,64,209985,
ks,fno,coefficient,404,none,validation_best,ood,64,0.27677871221318306,0,0,64,209985,1.2593750841915607
ks,fno,coefficient,404,none,validation_best,ood,96,0.6138134191795337,0,0,64,209985,1.2593750841915607
ks,fno,coefficient,404,none,final_step,ood,64,0.27677871221318306,0,0,64,209985,
ks,fno,coefficient,404,none,final_step,ood,96,0.6138134191795337,0,0,64,209985,
ks,fno,coefficient,404,response_matched,validation_best,test,64,0.07549256155922468,0,0,64,209985,1.2583755422383547
ks,fno,coefficient,404,response_matched,validation_best,test,96,0.24379312564873726,0,0,64,209985,1.2583755422383547
ks,fno,coefficient,404,response_matched,final_step,test,64,0.08591355549413238,0,0,64,209985,
ks,fno,coefficient,404,response_matched,final_step,test,96,0.2723628978424902,0,0,64,209985,
ks,fno,coefficient,404,response_matched,validation_best,ood,64,0.4017761686956547,0,0,64,209985,1.2583755422383547
ks,fno,coefficient,404,response_matched,validation_best,ood,96,0.8459716232901968,0,0,64,209985,1.2583755422383547
ks,fno,coefficient,404,response_matched,final_step,ood,64,0.2766031954237693,0,0,64,209985,
ks,fno,coefficient,404,response_matched,final_step,ood,96,0.6349967624652173,0,0,64,209985,
ks,fno,coefficient,404,smooth,validation_best,test,64,0.09826872371236989,0,0,64,209985,1.267518033273518
ks,fno,coefficient,404,smooth,validation_best,test,96,0.2561546639745349,0,0,64,209985,1.267518033273518
ks,fno,coefficient,404,smooth,final_step,test,64,0.10392868870582517,0,0,64,209985,
ks,fno,coefficient,404,smooth,final_step,test,96,0.308814454222597,0,0,64,209985,
ks,fno,coefficient,404,smooth,validation_best,ood,64,0.2820535877900676,0,0,64,209985,1.267518033273518
ks,fno,coefficient,404,smooth,validation_best,ood,96,0.5959348332781508,0,0,64,209985,1.267518033273518
ks,fno,coefficient,404,smooth,final_step,ood,64,0.35564094513558153,0,0,64,209985,
ks,fno,coefficient,404,smooth,final_step,ood,96,0.7323875806128358,0,0,64,209985,
ks,fno,coefficient,505,iid,validation_best,test,64,0.09456190627941208,0,0,64,209985,1.2582906056195498
ks,fno,coefficient,505,iid,validation_best,test,96,0.3094579932518039,0,0,64,209985,1.2582906056195498
ks,fno,coefficient,505,iid,final_step,test,64,0.09289164980489706,0,0,64,209985,
ks,fno,coefficient,505,iid,final_step,test,96,0.2843539723515766,0,0,64,209985,
ks,fno,coefficient,505,iid,validation_best,ood,64,0.5604446601693533,0,0,64,209985,1.2582906056195498
ks,fno,coefficient,505,iid,validation_best,ood,96,1.0053783995015528,0,0,64,209985,1.2582906056195498
ks,fno,coefficient,505,iid,final_step,ood,64,0.3921965523633979,0,0,64,209985,
ks,fno,coefficient,505,iid,final_step,ood,96,0.7157862526469003,0,0,64,209985,
ks,fno,coefficient,505,none,validation_best,test,64,0.02040972914985695,0,0,64,209985,1.2388990493491292
ks,fno,coefficient,505,none,validation_best,test,96,0.10679875450905925,0,0,64,209985,1.2388990493491292
ks,fno,coefficient,505,none,final_step,test,64,0.04327184822518183,0,0,64,209985,
ks,fno,coefficient,505,none,final_step,test,96,0.19282002953059915,0,0,64,209985,
ks,fno,coefficient,505,none,validation_best,ood,64,0.43020997726484267,0,0,64,209985,1.2388990493491292
ks,fno,coefficient,505,none,validation_best,ood,96,0.8211668302501148,0,0,64,209985,1.2388990493491292
ks,fno,coefficient,505,none,final_step,ood,64,0.36813798964549305,0,0,64,209985,
ks,fno,coefficient,505,none,final_step,ood,96,0.7276929262527121,0,0,64,209985,
ks,fno,coefficient,505,response_matched,validation_best,test,64,0.08848885931994699,0,0,64,209985,1.3009300455451012
ks,fno,coefficient,505,response_matched,validation_best,test,96,0.2739249070440967,0,0,64,209985,1.3009300455451012
ks,fno,coefficient,505,response_matched,final_step,test,64,0.09913593331791315,0,0,64,209985,
ks,fno,coefficient,505,response_matched,final_step,test,96,0.2882990579455337,0,0,64,209985,
ks,fno,coefficient,505,response_matched,validation_best,ood,64,0.33956685377589135,0,0,64,209985,1.3009300455451012
ks,fno,coefficient,505,response_matched,validation_best,ood,96,0.7623231678959232,0,0,64,209985,1.3009300455451012
ks,fno,coefficient,505,response_matched,final_step,ood,64,0.2251700338040461,0,0,64,209985,
ks,fno,coefficient,505,response_matched,final_step,ood,96,0.542308527229436,0,0,64,209985,
ks,fno,coefficient,505,smooth,validation_best,test,64,0.08829101751251234,0,0,64,209985,1.2637420324608684
ks,fno,coefficient,505,smooth,validation_best,test,96,0.302825783506967,0,0,64,209985,1.2637420324608684
ks,fno,coefficient,505,smooth,final_step,test,64,0.19490195956431244,0,0,64,209985,
ks,fno,coefficient,505,smooth,final_step,test,96,0.4702054382296649,0,0,64,209985,
ks,fno,coefficient,505,smooth,validation_best,ood,64,0.5273487395305878,0,0,64,209985,1.2637420324608684
ks,fno,coefficient,505,smooth,validation_best,ood,96,0.8972402556154814,0,0,64,209985,1.2637420324608684
ks,fno,coefficient,505,smooth,final_step,ood,64,0.46593863290071624,0,0,64,209985,
ks,fno,coefficient,505,smooth,final_step,ood,96,0.8215523150298338,0,0,64,209985,
ks,fno,coefficient,606,iid,validation_best,test,64,0.0774741222866413,0,0,64,209985,1.2671850388869643
ks,fno,coefficient,606,iid,validation_best,test,96,0.2593639070055523,0,0,64,209985,1.2671850388869643
ks,fno,coefficient,606,iid,final_step,test,64,0.1420274680428566,0,0,64,209985,
ks,fno,coefficient,606,iid,final_step,test,96,0.3659893786867876,0,0,64,209985,
ks,fno,coefficient,606,iid,validation_best,ood,64,0.5054424144998864,0,0,64,209985,1.2671850388869643
ks,fno,coefficient,606,iid,validation_best,ood,96,0.9736239890643155,0,0,64,209985,1.2671850388869643
ks,fno,coefficient,606,iid,final_step,ood,64,0.6215276607480122,0,0,64,209985,
ks,fno,coefficient,606,iid,final_step,ood,96,1.0316753990463479,0,0,64,209985,
ks,fno,coefficient,606,none,validation_best,test,64,0.036294904115815624,0,0,64,209985,1.2475965544581413
ks,fno,coefficient,606,none,validation_best,test,96,0.13362163984134812,0,0,64,209985,1.2475965544581413
ks,fno,coefficient,606,none,final_step,test,64,0.050430573703624276,0,0,64,209985,
ks,fno,coefficient,606,none,final_step,test,96,0.19902724543721856,0,0,64,209985,
ks,fno,coefficient,606,none,validation_best,ood,64,0.6854953787015997,0,0,64,209985,1.2475965544581413
ks,fno,coefficient,606,none,validation_best,ood,96,1.1801008325511075,0,0,64,209985,1.2475965544581413
ks,fno,coefficient,606,none,final_step,ood,64,0.8169705379163672,0,0,64,209985,
ks,fno,coefficient,606,none,final_step,ood,96,1.4071235606615782,0,0,64,209985,
ks,fno,coefficient,606,response_matched,validation_best,test,64,0.08703210642957515,0,0,64,209985,1.2614340521395206
ks,fno,coefficient,606,response_matched,validation_best,test,96,0.217811072740858,0,0,64,209985,1.2614340521395206
ks,fno,coefficient,606,response_matched,final_step,test,64,0.14813912476057722,0,0,64,209985,
ks,fno,coefficient,606,response_matched,final_step,test,96,0.3761590002938733,0,0,64,209985,
ks,fno,coefficient,606,response_matched,validation_best,ood,64,0.46623227396594036,0,0,64,209985,1.2614340521395206
ks,fno,coefficient,606,response_matched,validation_best,ood,96,0.829004548091687,0,0,64,209985,1.2614340521395206
ks,fno,coefficient,606,response_matched,final_step,ood,64,0.6382687671591656,0,0,64,209985,
ks,fno,coefficient,606,response_matched,final_step,ood,96,1.064039358888449,0,0,64,209985,
ks,fno,coefficient,606,smooth,validation_best,test,64,0.13568366689720024,0,0,64,209985,1.248428551480174
ks,fno,coefficient,606,smooth,validation_best,test,96,0.33387717953512175,0,0,64,209985,1.248428551480174
ks,fno,coefficient,606,smooth,final_step,test,64,0.20289081653898255,0,0,64,209985,
ks,fno,coefficient,606,smooth,final_step,test,96,0.4708104236270194,0,0,64,209985,
ks,fno,coefficient,606,smooth,validation_best,ood,64,0.4851287151777468,0,0,64,209985,1.248428551480174
ks,fno,coefficient,606,smooth,validation_best,ood,96,0.9367035422219269,0,0,64,209985,1.248428551480174
ks,fno,coefficient,606,smooth,final_step,ood,64,0.6879165123140094,0,0,64,209985,
ks,fno,coefficient,606,smooth,final_step,ood,96,1.137267453014141,0,0,64,209985,
ks,fno,correct,101,iid,validation_best,test,64,0.01949193958041795,0,0,64,209985,1.2461015488952398
ks,fno,correct,101,iid,validation_best,test,96,0.06661890463990891,0,0,64,209985,1.2461015488952398
ks,fno,correct,101,iid,final_step,test,64,0.01949193958041795,0,0,64,209985,
ks,fno,correct,101,iid,final_step,test,96,0.06661890463990891,0,0,64,209985,
ks,fno,correct,101,iid,validation_best,ood,64,0.3086403967758282,0,0,64,209985,1.2461015488952398
ks,fno,correct,101,iid,validation_best,ood,96,0.6595509628583516,0,0,64,209985,1.2461015488952398
ks,fno,correct,101,iid,final_step,ood,64,0.3086403967758282,0,0,64,209985,
ks,fno,correct,101,iid,final_step,ood,96,0.6595509628583516,0,0,64,209985,
ks,fno,correct,101,none,validation_best,test,64,0.027635191440106996,0,0,64,209985,1.2584320502355695
ks,fno,correct,101,none,validation_best,test,96,0.11478289986077224,0,0,64,209985,1.2584320502355695
ks,fno,correct,101,none,final_step,test,64,0.04189393846251013,0,0,64,209985,
ks,fno,correct,101,none,final_step,test,96,0.13127393151955075,0,0,64,209985,
ks,fno,correct,101,none,validation_best,ood,64,0.4069410853537849,0,0,64,209985,1.2584320502355695
ks,fno,correct,101,none,validation_best,ood,96,0.8350001356607343,0,0,64,209985,1.2584320502355695
ks,fno,correct,101,none,final_step,ood,64,0.42672360696121814,0,0,64,209985,
ks,fno,correct,101,none,final_step,ood,96,0.8335783547302071,0,0,64,209985,
ks,fno,correct,101,response_matched,validation_best,test,64,0.0146787293157331,0,0,64,209985,1.2571450555697083
ks,fno,correct,101,response_matched,validation_best,test,96,0.07046268417371947,0,0,64,209985,1.2571450555697083
ks,fno,correct,101,response_matched,final_step,test,64,0.020181085616022554,0,0,64,209985,
ks,fno,correct,101,response_matched,final_step,test,96,0.08378859397117278,0,0,64,209985,
ks,fno,correct,101,response_matched,validation_best,ood,64,0.3238918361568861,0,0,64,209985,1.2571450555697083
ks,fno,correct,101,response_matched,validation_best,ood,96,0.6989159985534057,0,0,64,209985,1.2571450555697083
ks,fno,correct,101,response_matched,final_step,ood,64,0.28538190934006513,0,0,64,209985,
ks,fno,correct,101,response_matched,final_step,ood,96,0.6342932256686362,0,0,64,209985,
ks,fno,correct,101,smooth,validation_best,test,64,0.009708626256819355,0,0,64,209985,1.3232235563918948
ks,fno,correct,101,smooth,validation_best,test,96,0.06035624009249974,0,0,64,209985,1.3232235563918948
ks,fno,correct,101,smooth,final_step,test,64,0.0186278245203585,0,0,64,209985,
ks,fno,correct,101,smooth,final_step,test,96,0.06403487264330962,0,0,64,209985,
ks,fno,correct,101,smooth,validation_best,ood,64,0.25522839923217133,0,0,64,209985,1.3232235563918948
ks,fno,correct,101,smooth,validation_best,ood,96,0.6519206271190812,0,0,64,209985,1.3232235563918948
ks,fno,correct,101,smooth,final_step,ood,64,0.244515446140376,0,0,64,209985,
ks,fno,correct,101,smooth,final_step,ood,96,0.6300986301898348,0,0,64,209985,
ks,fno,correct,202,iid,validation_best,test,64,0.012536535172022453,0,0,64,209985,1.2857775669544935
ks,fno,correct,202,iid,validation_best,test,96,0.08016373305753496,0,0,64,209985,1.2857775669544935
ks,fno,correct,202,iid,final_step,test,64,0.01675000504671026,0,0,64,209985,
ks,fno,correct,202,iid,final_step,test,96,0.07312868231305492,0,0,64,209985,
ks,fno,correct,202,iid,validation_best,ood,64,0.37541663184432106,0,0,64,209985,1.2857775669544935
ks,fno,correct,202,iid,validation_best,ood,96,0.8592734480621905,0,0,64,209985,1.2857775669544935
ks,fno,correct,202,iid,final_step,ood,64,0.33129650939467403,0,0,64,209985,
ks,fno,correct,202,iid,final_step,ood,96,0.7515346516250823,0,0,64,209985,
ks,fno,correct,202,none,validation_best,test,64,0.0274136085014862,0,0,64,209985,1.254039048217237
ks,fno,correct,202,none,validation_best,test,96,0.10042372028813623,0,0,64,209985,1.254039048217237
ks,fno,correct,202,none,final_step,test,64,0.017460165685483427,0,0,64,209985,
ks,fno,correct,202,none,final_step,test,96,0.06670092619992271,0,0,64,209985,
ks,fno,correct,202,none,validation_best,ood,64,0.6483586007604871,0,0,64,209985,1.254039048217237
ks,fno,correct,202,none,validation_best,ood,96,1.1015286378465032,0,0,64,209985,1.254039048217237
ks,fno,correct,202,none,final_step,ood,64,0.6384975870830831,0,0,64,209985,
ks,fno,correct,202,none,final_step,ood,96,1.1153405598990314,0,0,64,209985,
ks,fno,correct,202,response_matched,validation_best,test,64,0.01770180193451365,0,0,64,209985,1.3871205504983664
ks,fno,correct,202,response_matched,validation_best,test,96,0.07752008193935911,0,0,64,209985,1.3871205504983664
ks,fno,correct,202,response_matched,final_step,test,64,0.016242924877310966,0,0,64,209985,
ks,fno,correct,202,response_matched,final_step,test,96,0.10218755585231548,0,0,64,209985,
ks,fno,correct,202,response_matched,validation_best,ood,64,0.34800758674220944,0,0,64,209985,1.3871205504983664
ks,fno,correct,202,response_matched,validation_best,ood,96,0.7428400386305682,0,0,64,209985,1.3871205504983664
ks,fno,correct,202,response_matched,final_step,ood,64,0.39542939257340715,0,0,64,209985,
ks,fno,correct,202,response_matched,final_step,ood,96,0.7934553147396471,0,0,64,209985,
ks,fno,correct,202,smooth,validation_best,test,64,0.011213517130264469,0,0,64,209985,1.2390485499054193
ks,fno,correct,202,smooth,validation_best,test,96,0.04413800261017242,0,0,64,209985,1.2390485499054193
ks,fno,correct,202,smooth,final_step,test,64,0.011213517130264469,0,0,64,209985,
ks,fno,correct,202,smooth,final_step,test,96,0.04413800261017242,0,0,64,209985,
ks,fno,correct,202,smooth,validation_best,ood,64,0.31113875155600956,0,0,64,209985,1.2390485499054193
ks,fno,correct,202,smooth,validation_best,ood,96,0.6895539805661371,0,0,64,209985,1.2390485499054193
ks,fno,correct,202,smooth,final_step,ood,64,0.31113875155600956,0,0,64,209985,
ks,fno,correct,202,smooth,final_step,ood,96,0.6895539805661371,0,0,64,209985,
ks,fno,correct,303,iid,validation_best,test,64,0.016015686570214377,0,0,64,209985,1.2579695554450154
ks,fno,correct,303,iid,validation_best,test,96,0.071018196627497,0,0,64,209985,1.2579695554450154
ks,fno,correct,303,iid,final_step,test,64,0.05360419944202882,0,0,64,209985,
ks,fno,correct,303,iid,final_step,test,96,0.1985887033455792,0,0,64,209985,
ks,fno,correct,303,iid,validation_best,ood,64,0.22994057031186665,0,0,64,209985,1.2579695554450154
ks,fno,correct,303,iid,validation_best,ood,96,0.5779336361306937,0,0,64,209985,1.2579695554450154
ks,fno,correct,303,iid,final_step,ood,64,0.31504757538005235,0,0,64,209985,
ks,fno,correct,303,iid,final_step,ood,96,0.7234334985635866,0,0,64,209985,
ks,fno,correct,303,none,validation_best,test,64,0.032047053286896214,0,0,64,209985,1.2622806010767817
ks,fno,correct,303,none,validation_best,test,96,0.11684656497961107,0,0,64,209985,1.2622806010767817
ks,fno,correct,303,none,final_step,test,64,0.040912444729188924,0,0,64,209985,
ks,fno,correct,303,none,final_step,test,96,0.1551243929653302,0,0,64,209985,
ks,fno,correct,303,none,validation_best,ood,64,0.41311764482906943,0,0,64,209985,1.2622806010767817
ks,fno,correct,303,none,validation_best,ood,96,0.8382991274878183,0,0,64,209985,1.2622806010767817
ks,fno,correct,303,none,final_step,ood,64,0.3364053795536124,0,0,64,209985,
ks,fno,correct,303,none,final_step,ood,96,0.7197990778547412,0,0,64,209985,
ks,fno,correct,303,response_matched,validation_best,test,64,0.025014980428562816,0,0,64,209985,1.2456635478883982
ks,fno,correct,303,response_matched,validation_best,test,96,0.0927678497516127,0,0,64,209985,1.2456635478883982
ks,fno,correct,303,response_matched,final_step,test,64,0.039474686920151436,0,0,64,209985,
ks,fno,correct,303,response_matched,final_step,test,96,0.14111905605653416,0,0,64,209985,
ks,fno,correct,303,response_matched,validation_best,ood,64,0.3758704058262765,0,0,64,209985,1.2456635478883982
ks,fno,correct,303,response_matched,validation_best,ood,96,0.780725884430088,0,0,64,209985,1.2456635478883982
ks,fno,correct,303,response_matched,final_step,ood,64,0.33539081530555004,0,0,64,209985,
ks,fno,correct,303,response_matched,final_step,ood,96,0.751506538449712,0,0,64,209985,
ks,fno,correct,303,smooth,validation_best,test,64,0.01562692396450515,0,0,64,209985,1.2345685856416821
ks,fno,correct,303,smooth,validation_best,test,96,0.06933301230053786,0,0,64,209985,1.2345685856416821
ks,fno,correct,303,smooth,final_step,test,64,0.012875053265392483,0,0,64,209985,
ks,fno,correct,303,smooth,final_step,test,96,0.07561086182878021,0,0,64,209985,
ks,fno,correct,303,smooth,validation_best,ood,64,0.25040303972756206,0,0,64,209985,1.2345685856416821
ks,fno,correct,303,smooth,validation_best,ood,96,0.6108444433077906,0,0,64,209985,1.2345685856416821
ks,fno,correct,303,smooth,final_step,ood,64,0.24272339364027662,0,0,64,209985,
ks,fno,correct,303,smooth,final_step,ood,96,0.6074894348983649,0,0,64,209985,
ks,fno,correct,404,iid,validation_best,test,64,0.023209750946066227,0,0,64,209985,1.2773506110534072
ks,fno,correct,404,iid,validation_best,test,96,0.12506599335191054,0,0,64,209985,1.2773506110534072
ks,fno,correct,404,iid,final_step,test,64,0.025069658223158348,0,0,64,209985,
ks,fno,correct,404,iid,final_step,test,96,0.1063466787699184,0,0,64,209985,
ks,fno,correct,404,iid,validation_best,ood,64,0.34040709867479046,0,0,64,209985,1.2773506110534072
ks,fno,correct,404,iid,validation_best,ood,96,0.704877501089519,0,0,64,209985,1.2773506110534072
ks,fno,correct,404,iid,final_step,ood,64,0.3285039723440555,0,0,64,209985,
ks,fno,correct,404,iid,final_step,ood,96,0.6968921849516813,0,0,64,209985,
ks,fno,correct,404,none,validation_best,test,64,0.01884272398716332,0,0,64,209985,1.279733027331531
ks,fno,correct,404,none,validation_best,test,96,0.08915654138338433,0,0,64,209985,1.279733027331531
ks,fno,correct,404,none,final_step,test,64,0.01884272398716332,0,0,64,209985,
ks,fno,correct,404,none,final_step,test,96,0.08915654138338433,0,0,64,209985,
ks,fno,correct,404,none,validation_best,ood,64,0.2780875429204295,0,0,64,209985,1.279733027331531
ks,fno,correct,404,none,validation_best,ood,96,0.6160702938678815,0,0,64,209985,1.279733027331531
ks,fno,correct,404,none,final_step,ood,64,0.2780875429204295,0,0,64,209985,
ks,fno,correct,404,none,final_step,ood,96,0.6160702938678815,0,0,64,209985,
ks,fno,correct,404,response_matched,validation_best,test,64,0.027234778822364386,0,0,64,209985,1.243737037293613
ks,fno,correct,404,response_matched,validation_best,test,96,0.10563777048097925,0,0,64,209985,1.243737037293613
ks,fno,correct,404,response_matched,final_step,test,64,0.03795253268648863,0,0,64,209985,
ks,fno,correct,404,response_matched,final_step,test,96,0.12419790803753916,0,0,64,209985,
ks,fno,correct,404,response_matched,validation_best,ood,64,0.2280785810644046,0,0,64,209985,1.243737037293613
ks,fno,correct,404,response_matched,validation_best,ood,96,0.572366091099541,0,0,64,209985,1.243737037293613
ks,fno,correct,404,response_matched,final_step,ood,64,0.3637529068293932,0,0,64,209985,
ks,fno,correct,404,response_matched,final_step,ood,96,0.739000064158207,0,0,64,209985,
ks,fno,correct,404,smooth,validation_best,test,64,0.017956011821689648,0,0,64,209985,1.2476145522668958
ks,fno,correct,404,smooth,validation_best,test,96,0.07237291379774613,0,0,64,209985,1.2476145522668958
ks,fno,correct,404,smooth,final_step,test,64,0.0193306708354012,0,0,64,209985,
ks,fno,correct,404,smooth,final_step,test,96,0.06824915224911837,0,0,64,209985,
ks,fno,correct,404,smooth,validation_best,ood,64,0.21158919720564295,0,0,64,209985,1.2476145522668958
ks,fno,correct,404,smooth,validation_best,ood,96,0.4996689875397463,0,0,64,209985,1.2476145522668958
ks,fno,correct,404,smooth,final_step,ood,64,0.15991785761348953,0,0,64,209985,
ks,fno,correct,404,smooth,final_step,ood,96,0.3989829819574476,0,0,64,209985,
ks,fno,correct,505,iid,validation_best,test,64,0.011049546088428702,0,0,64,209985,1.2802285375073552
ks,fno,correct,505,iid,validation_best,test,96,0.08760625400657268,0,0,64,209985,1.2802285375073552
ks,fno,correct,505,iid,final_step,test,64,0.03484059567900219,0,0,64,209985,
ks,fno,correct,505,iid,final_step,test,96,0.1252059900261612,0,0,64,209985,
ks,fno,correct,505,iid,validation_best,ood,64,0.39647200628788504,0,0,64,209985,1.2802285375073552
ks,fno,correct,505,iid,validation_best,ood,96,0.7874770882068691,0,0,64,209985,1.2802285375073552
ks,fno,correct,505,iid,final_step,ood,64,0.4605308951707665,0,0,64,209985,
ks,fno,correct,505,iid,final_step,ood,96,0.8506222523274711,0,0,64,209985,
ks,fno,correct,505,none,validation_best,test,64,0.020495405503955184,0,0,64,209985,1.250584563240409
ks,fno,correct,505,none,validation_best,test,96,0.1072964754568044,0,0,64,209985,1.250584563240409
ks,fno,correct,505,none,final_step,test,64,0.04441333536588647,0,0,64,209985,
ks,fno,correct,505,none,final_step,test,96,0.1974154396677824,0,0,64,209985,
ks,fno,correct,505,none,validation_best,ood,64,0.4325798029375377,0,0,64,209985,1.250584563240409
ks,fno,correct,505,none,validation_best,ood,96,0.8271803209202053,0,0,64,209985,1.250584563240409
ks,fno,correct,505,none,final_step,ood,64,0.36953809115378844,0,0,64,209985,
ks,fno,correct,505,none,final_step,ood,96,0.7294256045438414,0,0,64,209985,
ks,fno,correct,505,response_matched,validation_best,test,64,0.0197462712993903,0,0,64,209985,1.2519456213340163
ks,fno,correct,505,response_matched,validation_best,test,96,0.10521002980921466,0,0,64,209985,1.2519456213340163
ks,fno,correct,505,response_matched,final_step,test,64,0.03855148923386631,0,0,64,209985,
ks,fno,correct,505,response_matched,final_step,test,96,0.148181321668497,0,0,64,209985,
ks,fno,correct,505,response_matched,validation_best,ood,64,0.4567435866129905,0,0,64,209985,1.2519456213340163
ks,fno,correct,505,response_matched,validation_best,ood,96,0.8686456325113479,0,0,64,209985,1.2519456213340163
ks,fno,correct,505,response_matched,final_step,ood,64,0.45977388648123796,0,0,64,209985,
ks,fno,correct,505,response_matched,final_step,ood,96,0.8904180923405776,0,0,64,209985,
ks,fno,correct,505,smooth,validation_best,test,64,0.013783146334961964,0,0,64,209985,1.2379185995087028
ks,fno,correct,505,smooth,validation_best,test,96,0.06556409658286806,0,0,64,209985,1.2379185995087028
ks,fno,correct,505,smooth,final_step,test,64,0.013783146334961964,0,0,64,209985,
ks,fno,correct,505,smooth,final_step,test,96,0.06556409658286806,0,0,64,209985,
ks,fno,correct,505,smooth,validation_best,ood,64,0.25406995230640406,0,0,64,209985,1.2379185995087028
ks,fno,correct,505,smooth,validation_best,ood,96,0.5856053775601959,0,0,64,209985,1.2379185995087028
ks,fno,correct,505,smooth,final_step,ood,64,0.25406995230640406,0,0,64,209985,
ks,fno,correct,505,smooth,final_step,ood,96,0.5856053775601959,0,0,64,209985,
ks,fno,correct,606,iid,validation_best,test,64,0.025206287490859083,0,0,64,209985,1.2488925363868475
ks,fno,correct,606,iid,validation_best,test,96,0.11825648871267841,0,0,64,209985,1.2488925363868475
ks,fno,correct,606,iid,final_step,test,64,0.015826475250091093,0,0,64,209985,
ks,fno,correct,606,iid,final_step,test,96,0.09220907988795367,0,0,64,209985,
ks,fno,correct,606,iid,validation_best,ood,64,0.45359254612499234,0,0,64,209985,1.2488925363868475
ks,fno,correct,606,iid,validation_best,ood,96,0.9039202200613548,0,0,64,209985,1.2488925363868475
ks,fno,correct,606,iid,final_step,ood,64,0.3949073479142684,0,0,64,209985,
ks,fno,correct,606,iid,final_step,ood,96,0.8590771758098954,0,0,64,209985,
ks,fno,correct,606,none,validation_best,test,64,0.03625198528906363,0,0,64,209985,1.2479766039177775
ks,fno,correct,606,none,validation_best,test,96,0.13330640050348616,0,0,64,209985,1.2479766039177775
ks,fno,correct,606,none,final_step,test,64,0.0508128048611797,0,0,64,209985,
ks,fno,correct,606,none,final_step,test,96,0.20073221445130607,0,0,64,209985,
ks,fno,correct,606,none,validation_best,ood,64,0.680964459155344,0,0,64,209985,1.2479766039177775
ks,fno,correct,606,none,validation_best,ood,96,1.1771532779090772,0,0,64,209985,1.2479766039177775
ks,fno,correct,606,none,final_step,ood,64,0.8201412782844002,0,0,64,209985,
ks,fno,correct,606,none,final_step,ood,96,1.4116494954243355,0,0,64,209985,
ks,fno,correct,606,response_matched,validation_best,test,64,0.013640906842487477,0,0,64,209985,1.2442545499652624
ks,fno,correct,606,response_matched,validation_best,test,96,0.08752545385715722,0,0,64,209985,1.2442545499652624
ks,fno,correct,606,response_matched,final_step,test,64,0.013640906842487477,0,0,64,209985,
ks,fno,correct,606,response_matched,final_step,test,96,0.08752545385715722,0,0,64,209985,
ks,fno,correct,606,response_matched,validation_best,ood,64,0.19144476996038318,0,0,64,209985,1.2442545499652624
ks,fno,correct,606,response_matched,validation_best,ood,96,0.5187663134486034,0,0,64,209985,1.2442545499652624
ks,fno,correct,606,response_matched,final_step,ood,64,0.19144476996038318,0,0,64,209985,
ks,fno,correct,606,response_matched,final_step,ood,96,0.5187663134486034,0,0,64,209985,
ks,fno,correct,606,smooth,validation_best,test,64,0.020435195168676805,0,0,64,209985,1.241654553450644
ks,fno,correct,606,smooth,validation_best,test,96,0.09334937560484732,0,0,64,209985,1.241654553450644
ks,fno,correct,606,smooth,final_step,test,64,0.010145936553414798,0,0,64,209985,
ks,fno,correct,606,smooth,final_step,test,96,0.05254343359776742,0,0,64,209985,
ks,fno,correct,606,smooth,validation_best,ood,64,0.4902199542935468,0,0,64,209985,1.241654553450644
ks,fno,correct,606,smooth,validation_best,ood,96,1.0116288075378628,0,0,64,209985,1.241654553450644
ks,fno,correct,606,smooth,final_step,ood,64,0.5857310838476248,0,0,64,209985,
ks,fno,correct,606,smooth,final_step,ood,96,1.1356875111379865,0,0,64,209985,
ks,looped,coefficient,101,iid,validation_best,test,64,0.42598522872141764,0,0,64,34049,1.5466590877622366
ks,looped,coefficient,101,iid,validation_best,test,96,0.7633873058515246,0,0,64,34049,1.5466590877622366
ks,looped,coefficient,101,iid,final_step,test,64,0.35813398067040136,0,0,64,34049,
ks,looped,coefficient,101,iid,final_step,test,96,0.7331281543937389,0,0,64,34049,
ks,looped,coefficient,101,iid,validation_best,ood,64,2.2466127744818323,0,0,64,34049,1.5466590877622366
ks,looped,coefficient,101,iid,validation_best,ood,96,2.523684360424568,0,0,64,34049,1.5466590877622366
ks,looped,coefficient,101,iid,final_step,ood,64,2.170396154735613,0,0,64,34049,
ks,looped,coefficient,101,iid,final_step,ood,96,2.538945305192783,0,0,64,34049,
ks,looped,coefficient,101,none,validation_best,test,64,0.4470345362742254,0,0,64,34049,1.5491775935515761
ks,looped,coefficient,101,none,validation_best,test,96,0.9335735906448844,0,0,64,34049,1.5491775935515761
ks,looped,coefficient,101,none,final_step,test,64,0.6011324131667832,0,0,64,34049,
ks,looped,coefficient,101,none,final_step,test,96,1.145012771389353,0,0,64,34049,
ks,looped,coefficient,101,none,validation_best,ood,64,31.919728938729463,0,0,64,34049,1.5491775935515761
ks,looped,coefficient,101,none,validation_best,ood,96,109.19835193610871,0,0,64,34049,1.5491775935515761
ks,looped,coefficient,101,none,final_step,ood,64,27.180478363095915,0,0,64,34049,
ks,looped,coefficient,101,none,final_step,ood,96,97.63387481140789,0,0,64,34049,
ks,looped,coefficient,101,response_matched,validation_best,test,64,0.4184618928653112,0,0,64,34049,1.542828045785427
ks,looped,coefficient,101,response_matched,validation_best,test,96,0.799121622105646,0,0,64,34049,1.542828045785427
ks,looped,coefficient,101,response_matched,final_step,test,64,0.47766058963769,0,0,64,34049,
ks,looped,coefficient,101,response_matched,final_step,test,96,0.9307854150883823,0,0,64,34049,
ks,looped,coefficient,101,response_matched,validation_best,ood,64,1.6959769697594425,0,0,64,34049,1.542828045785427
ks,looped,coefficient,101,response_matched,validation_best,ood,96,1.945848271912117,0,0,64,34049,1.542828045785427
ks,looped,coefficient,101,response_matched,final_step,ood,64,1.728066851193148,0,0,64,34049,
ks,looped,coefficient,101,response_matched,final_step,ood,96,1.9844592360393563,0,0,64,34049,
ks,looped,coefficient,101,smooth,validation_best,test,64,0.4075962754034368,0,0,64,34049,1.5669365413486958
ks,looped,coefficient,101,smooth,validation_best,test,96,0.7774945167610394,0,0,64,34049,1.5669365413486958
ks,looped,coefficient,101,smooth,final_step,test,64,0.29440129344586596,0,0,64,34049,
ks,looped,coefficient,101,smooth,final_step,test,96,0.6515193701949853,0,0,64,34049,
ks,looped,coefficient,101,smooth,validation_best,ood,64,2.6810561115389078,0,0,64,34049,1.5669365413486958
ks,looped,coefficient,101,smooth,validation_best,ood,96,3.056419238339572,0,0,64,34049,1.5669365413486958
ks,looped,coefficient,101,smooth,final_step,ood,64,2.7830386639416247,0,0,64,34049,
ks,looped,coefficient,101,smooth,final_step,ood,96,3.2614408974974745,0,0,64,34049,
ks,looped,coefficient,202,iid,validation_best,test,64,0.45941870110551974,0,0,64,34049,1.546397083438933
ks,looped,coefficient,202,iid,validation_best,test,96,0.8809201980373871,0,0,64,34049,1.546397083438933
ks,looped,coefficient,202,iid,final_step,test,64,0.48818913626137395,0,0,64,34049,
ks,looped,coefficient,202,iid,final_step,test,96,0.8769530485147108,0,0,64,34049,
ks,looped,coefficient,202,iid,validation_best,ood,64,4.951099916782255,0,0,64,34049,1.546397083438933
ks,looped,coefficient,202,iid,validation_best,ood,96,5.761911087096375,0,0,64,34049,1.546397083438933
ks,looped,coefficient,202,iid,final_step,ood,64,4.180544506915112,0,0,64,34049,
ks,looped,coefficient,202,iid,final_step,ood,96,4.804708545006633,0,0,64,34049,
ks,looped,coefficient,202,none,validation_best,test,64,0.2758897219555476,0,0,64,34049,1.54483609367162
ks,looped,coefficient,202,none,validation_best,test,96,0.7048797861316489,0,0,64,34049,1.54483609367162
ks,looped,coefficient,202,none,final_step,test,64,0.2758897219555476,0,0,64,34049,
ks,looped,coefficient,202,none,final_step,test,96,0.7048797861316489,0,0,64,34049,
ks,looped,coefficient,202,none,validation_best,ood,64,17.310544186916047,0,0,64,34049,1.54483609367162
ks,looped,coefficient,202,none,validation_best,ood,96,43.99314730785436,0,0,64,34049,1.54483609367162
ks,looped,coefficient,202,none,final_step,ood,64,17.310544186916047,0,0,64,34049,
ks,looped,coefficient,202,none,final_step,ood,96,43.99314730785436,0,0,64,34049,
ks,looped,coefficient,202,response_matched,validation_best,test,64,0.43696147923338957,0,0,64,34049,1.5439501032233238
ks,looped,coefficient,202,response_matched,validation_best,test,96,0.8751187614212013,0,0,64,34049,1.5439501032233238
ks,looped,coefficient,202,response_matched,final_step,test,64,0.5211267461036986,0,0,64,34049,
ks,looped,coefficient,202,response_matched,final_step,test,96,0.9606836448984346,0,0,64,34049,
ks,looped,coefficient,202,response_matched,validation_best,ood,64,4.645019377367589,0,0,64,34049,1.5439501032233238
ks,looped,coefficient,202,response_matched,validation_best,ood,96,5.5776488959215085,0,0,64,34049,1.5439501032233238
ks,looped,coefficient,202,response_matched,final_step,ood,64,3.8228003949727736,0,0,64,34049,
ks,looped,coefficient,202,response_matched,final_step,ood,96,4.5248958449878955,0,0,64,34049,
ks,looped,coefficient,202,smooth,validation_best,test,64,0.5232657924127722,0,0,64,34049,1.5711306128650904
ks,looped,coefficient,202,smooth,validation_best,test,96,0.9774256064818871,0,0,64,34049,1.5711306128650904
ks,looped,coefficient,202,smooth,final_step,test,64,0.5237253288860222,0,0,64,34049,
ks,looped,coefficient,202,smooth,final_step,test,96,0.9502438550304404,0,0,64,34049,
ks,looped,coefficient,202,smooth,validation_best,ood,64,5.064154622508681,0,0,64,34049,1.5711306128650904
ks,looped,coefficient,202,smooth,validation_best,ood,96,5.597013710774794,0,0,64,34049,1.5711306128650904
ks,looped,coefficient,202,smooth,final_step,ood,64,4.675697865213806,0,0,64,34049,
ks,looped,coefficient,202,smooth,final_step,ood,96,5.273126551465491,0,0,64,34049,
ks,looped,coefficient,303,iid,validation_best,test,64,0.3687002774693875,0,0,64,34049,1.5492310980334878
ks,looped,coefficient,303,iid,validation_best,test,96,0.7753491154931478,0,0,64,34049,1.5492310980334878
ks,looped,coefficient,303,iid,final_step,test,64,0.3332226069884321,0,0,64,34049,
ks,looped,coefficient,303,iid,final_step,test,96,0.6927358281279723,0,0,64,34049,
ks,looped,coefficient,303,iid,validation_best,ood,64,6.365374904234557,0,0,64,34049,1.5492310980334878
ks,looped,coefficient,303,iid,validation_best,ood,96,19.801762319979655,0,0,64,34049,1.5492310980334878
ks,looped,coefficient,303,iid,final_step,ood,64,7.458013908892383,0,0,64,34049,
ks,looped,coefficient,303,iid,final_step,ood,96,23.337167383015377,0,0,64,34049,
ks,looped,coefficient,303,none,validation_best,test,64,0.3194061009608704,0,0,64,34049,1.5869430964812636
ks,looped,coefficient,303,none,validation_best,test,96,0.7443845725666033,0,0,64,34049,1.5869430964812636
ks,looped,coefficient,303,none,final_step,test,64,0.4030994423078811,0,0,64,34049,
ks,looped,coefficient,303,none,final_step,test,96,0.8502376856107343,0,0,64,34049,
ks,looped,coefficient,303,none,validation_best,ood,64,5.905203966149486,0,0,64,34049,1.5869430964812636
ks,looped,coefficient,303,none,validation_best,ood,96,11.73992212820201,0,0,64,34049,1.5869430964812636
ks,looped,coefficient,303,none,final_step,ood,64,6.129084085223042,0,0,64,34049,
ks,looped,coefficient,303,none,final_step,ood,96,12.238088907824059,0,0,64,34049,
ks,looped,coefficient,303,response_matched,validation_best,test,64,0.3369612732116405,0,0,64,34049,1.5448280610144138
ks,looped,coefficient,303,response_matched,validation_best,test,96,0.7180817217706768,0,0,64,34049,1.5448280610144138
ks,looped,coefficient,303,response_matched,final_step,test,64,0.6899213325653886,0,0,64,34049,
ks,looped,coefficient,303,response_matched,final_step,test,96,1.2046701616190192,0,0,64,34049,
ks,looped,coefficient,303,response_matched,validation_best,ood,64,2.847409060461814,0,0,64,34049,1.5448280610144138
ks,looped,coefficient,303,response_matched,validation_best,ood,96,7.110483904080865,0,0,64,34049,1.5448280610144138
ks,looped,coefficient,303,response_matched,final_step,ood,64,3.2453606778608446,0,0,64,34049,
ks,looped,coefficient,303,response_matched,final_step,ood,96,8.450125162685556,0,0,64,34049,
ks,looped,coefficient,303,smooth,validation_best,test,64,0.372869506591623,0,0,64,34049,1.5465825330466032
ks,looped,coefficient,303,smooth,validation_best,test,96,0.7777488009800371,0,0,64,34049,1.5465825330466032
ks,looped,coefficient,303,smooth,final_step,test,64,0.372869506591623,0,0,64,34049,
ks,looped,coefficient,303,smooth,final_step,test,96,0.7777488009800371,0,0,64,34049,
ks,looped,coefficient,303,smooth,validation_best,ood,64,10.883901085115838,0,0,64,34049,1.5465825330466032
ks,looped,coefficient,303,smooth,validation_best,ood,96,33.82209140349046,0,0,64,34049,1.5465825330466032
ks,looped,coefficient,303,smooth,final_step,ood,64,10.883901085115838,0,0,64,34049,
ks,looped,coefficient,303,smooth,final_step,ood,96,33.82209140349046,0,0,64,34049,
ks,looped,coefficient,404,iid,validation_best,test,64,0.4233341314579411,0,0,64,34049,1.5531275887042284
ks,looped,coefficient,404,iid,validation_best,test,96,0.8123464073180973,0,0,64,34049,1.5531275887042284
ks,looped,coefficient,404,iid,final_step,test,64,0.5947897266385898,0,0,64,34049,
ks,looped,coefficient,404,iid,final_step,test,96,1.0240191601338289,0,0,64,34049,
ks,looped,coefficient,404,iid,validation_best,ood,64,14.206350096976621,0,0,64,34049,1.5531275887042284
ks,looped,coefficient,404,iid,validation_best,ood,96,17.580816544288304,0,0,64,34049,1.5531275887042284
ks,looped,coefficient,404,iid,final_step,ood,64,14.082164779468599,0,0,64,34049,
ks,looped,coefficient,404,iid,final_step,ood,96,17.39778522009351,0,0,64,34049,
ks,looped,coefficient,404,none,validation_best,test,64,1.8357335317330339,0,0,64,34049,1.5448241028934717
ks,looped,coefficient,404,none,validation_best,test,96,4.341084297255762,0,0,64,34049,1.5448241028934717
ks,looped,coefficient,404,none,final_step,test,64,2.2229843766923825,0,0,64,34049,
ks,looped,coefficient,404,none,final_step,test,96,5.501142749316482,0,0,64,34049,
ks,looped,coefficient,404,none,validation_best,ood,64,5.635586687802061,0,0,64,34049,1.5448241028934717
ks,looped,coefficient,404,none,validation_best,ood,96,6.1515037842533875,0,0,64,34049,1.5448241028934717
ks,looped,coefficient,404,none,final_step,ood,64,5.916303782764317,0,0,64,34049,
ks,looped,coefficient,404,none,final_step,ood,96,6.457533884975723,0,0,64,34049,
ks,looped,coefficient,404,response_matched,validation_best,test,64,0.41834605360435617,0,0,64,34049,1.5436860965564847
ks,looped,coefficient,404,response_matched,validation_best,test,96,0.8316847510966856,0,0,64,34049,1.5436860965564847
ks,looped,coefficient,404,response_matched,final_step,test,64,0.5762347020075351,0,0,64,34049,
ks,looped,coefficient,404,response_matched,final_step,test,96,1.0192677820689053,0,0,64,34049,
ks,looped,coefficient,404,response_matched,validation_best,ood,64,15.802291059850859,0,0,64,34049,1.5436860965564847
ks,looped,coefficient,404,response_matched,validation_best,ood,96,20.108002028728002,0,0,64,34049,1.5436860965564847
ks,looped,coefficient,404,response_matched,final_step,ood,64,16.21121806784754,0,0,64,34049,
ks,looped,coefficient,404,response_matched,final_step,ood,96,20.594428705785653,0,0,64,34049,
ks,looped,coefficient,404,smooth,validation_best,test,64,0.4557476989425675,0,0,64,34049,1.5945786144584417
ks,looped,coefficient,404,smooth,validation_best,test,96,0.9076466088345168,0,0,64,34049,1.5945786144584417
ks,looped,coefficient,404,smooth,final_step,test,64,0.6006486421640957,0,0,64,34049,
ks,looped,coefficient,404,smooth,final_step,test,96,1.0980925094695757,0,0,64,34049,
ks,looped,coefficient,404,smooth,validation_best,ood,64,12.974555934096088,0,0,64,34049,1.5945786144584417
ks,looped,coefficient,404,smooth,validation_best,ood,96,16.0378178597219,0,0,64,34049,1.5945786144584417
ks,looped,coefficient,404,smooth,final_step,ood,64,12.874829532999456,0,0,64,34049,
ks,looped,coefficient,404,smooth,final_step,ood,96,15.860498055475395,0,0,64,34049,
ks,looped,coefficient,505,iid,validation_best,test,64,0.5782076026796754,0,0,64,34049,1.5463221119716763
ks,looped,coefficient,505,iid,validation_best,test,96,1.045323668250778,0,0,64,34049,1.5463221119716763
ks,looped,coefficient,505,iid,final_step,test,64,0.5782076026796754,0,0,64,34049,
ks,looped,coefficient,505,iid,final_step,test,96,1.045323668250778,0,0,64,34049,
ks,looped,coefficient,505,iid,validation_best,ood,64,3.8253277017014398,0,0,64,34049,1.5463221119716763
ks,looped,coefficient,505,iid,validation_best,ood,96,5.644589879672746,0,0,64,34049,1.5463221119716763
ks,looped,coefficient,505,iid,final_step,ood,64,3.8253277017014398,0,0,64,34049,
ks,looped,coefficient,505,iid,final_step,ood,96,5.644589879672746,0,0,64,34049,
ks,looped,coefficient,505,none,validation_best,test,64,0.4893520832909628,0,0,64,34049,1.6542240511626005
ks,looped,coefficient,505,none,validation_best,test,96,0.9314720454075378,0,0,64,34049,1.6542240511626005
ks,looped,coefficient,505,none,final_step,test,64,0.5968491317319486,0,0,64,34049,
ks,looped,coefficient,505,none,final_step,test,96,1.0607221904885513,0,0,64,34049,
ks,looped,coefficient,505,none,validation_best,ood,64,4.951213079155082,0,0,64,34049,1.6542240511626005
ks,looped,coefficient,505,none,validation_best,ood,96,11.395270224873835,0,0,64,34049,1.6542240511626005
ks,looped,coefficient,505,none,final_step,ood,64,6.6102975349367625,0,0,64,34049,
ks,looped,coefficient,505,none,final_step,ood,96,18.114192142753986,0,0,64,34049,
ks,looped,coefficient,505,response_matched,validation_best,test,64,0.4777930148052514,0,0,64,34049,1.545267621986568
ks,looped,coefficient,505,response_matched,validation_best,test,96,0.9801710304797625,0,0,64,34049,1.545267621986568
ks,looped,coefficient,505,response_matched,final_step,test,64,0.4886406351271444,0,0,64,34049,
ks,looped,coefficient,505,response_matched,final_step,test,96,0.9595309323231929,0,0,64,34049,
ks,looped,coefficient,505,response_matched,validation_best,ood,64,2.2624525999092384,0,0,64,34049,1.545267621986568
ks,looped,coefficient,505,response_matched,validation_best,ood,96,2.6990769548939775,0,0,64,34049,1.545267621986568
ks,looped,coefficient,505,response_matched,final_step,ood,64,2.1542069056278024,0,0,64,34049,
ks,looped,coefficient,505,response_matched,final_step,ood,96,2.57274182810041,0,0,64,34049,
ks,looped,coefficient,505,smooth,validation_best,test,64,0.4601651429141804,0,0,64,34049,1.5776555985212326
ks,looped,coefficient,505,smooth,validation_best,test,96,0.8657386061309482,0,0,64,34049,1.5776555985212326
ks,looped,coefficient,505,smooth,final_step,test,64,0.6578439764807227,0,0,64,34049,
ks,looped,coefficient,505,smooth,final_step,test,96,1.1516461457206826,0,0,64,34049,
ks,looped,coefficient,505,smooth,validation_best,ood,64,4.632354860633882,0,0,64,34049,1.5776555985212326
ks,looped,coefficient,505,smooth,validation_best,ood,96,6.622311069108416,0,0,64,34049,1.5776555985212326
ks,looped,coefficient,505,smooth,final_step,ood,64,5.294097539378754,0,0,64,34049,
ks,looped,coefficient,505,smooth,final_step,ood,96,8.778514509666062,0,0,64,34049,
ks,looped,coefficient,606,iid,validation_best,test,64,0.4542983586703797,0,0,64,34049,1.5440960880368948
ks,looped,coefficient,606,iid,validation_best,test,96,0.8788903956851053,0,0,64,34049,1.5440960880368948
ks,looped,coefficient,606,iid,final_step,test,64,0.47839362594103907,0,0,64,34049,
ks,looped,coefficient,606,iid,final_step,test,96,0.8689941446658818,0,0,64,34049,
ks,looped,coefficient,606,iid,validation_best,ood,64,5.170504817699225,0,0,64,34049,1.5440960880368948
ks,looped,coefficient,606,iid,validation_best,ood,96,7.527145716296294,0,0,64,34049,1.5440960880368948
ks,looped,coefficient,606,iid,final_step,ood,64,4.589659952218881,0,0,64,34049,
ks,looped,coefficient,606,iid,final_step,ood,96,6.833323569237412,0,0,64,34049,
ks,looped,coefficient,606,none,validation_best,test,64,0.4831278070920959,0,0,64,34049,1.6390681033954024
ks,looped,coefficient,606,none,validation_best,test,96,0.9985847015266577,0,0,64,34049,1.6390681033954024
ks,looped,coefficient,606,none,final_step,test,64,0.38938819897064114,0,0,64,34049,
ks,looped,coefficient,606,none,final_step,test,96,0.8677545761547508,0,0,64,34049,
ks,looped,coefficient,606,none,validation_best,ood,64,6.751797473684633,0,0,64,34049,1.6390681033954024
ks,looped,coefficient,606,none,validation_best,ood,96,12.522287994885648,0,0,64,34049,1.6390681033954024
ks,looped,coefficient,606,none,final_step,ood,64,6.717891092570653,0,0,64,34049,
ks,looped,coefficient,606,none,final_step,ood,96,12.254233520273221,0,0,64,34049,
ks,looped,coefficient,606,response_matched,validation_best,test,64,0.5042500539554293,0,0,64,34049,1.5537941129878163
ks,looped,coefficient,606,response_matched,validation_best,test,96,0.9397617721495226,0,0,64,34049,1.5537941129878163
ks,looped,coefficient,606,response_matched,final_step,test,64,0.5347186422580581,0,0,64,34049,
ks,looped,coefficient,606,response_matched,final_step,test,96,1.0387684426528296,0,0,64,34049,
ks,looped,coefficient,606,response_matched,validation_best,ood,64,5.747672303884997,0,0,64,34049,1.5537941129878163
ks,looped,coefficient,606,response_matched,validation_best,ood,96,8.610630430465259,0,0,64,34049,1.5537941129878163
ks,looped,coefficient,606,response_matched,final_step,ood,64,5.1191525182558735,0,0,64,34049,
ks,looped,coefficient,606,response_matched,final_step,ood,96,7.904420336013042,0,0,64,34049,
ks,looped,coefficient,606,smooth,validation_best,test,64,0.4470598212257926,0,0,64,34049,1.5891195507720113
ks,looped,coefficient,606,smooth,validation_best,test,96,0.8440385825201513,0,0,64,34049,1.5891195507720113
ks,looped,coefficient,606,smooth,final_step,test,64,0.47208816407706244,0,0,64,34049,
ks,looped,coefficient,606,smooth,final_step,test,96,0.8887633752056925,0,0,64,34049,
ks,looped,coefficient,606,smooth,validation_best,ood,64,5.785012594615637,0,0,64,34049,1.5891195507720113
ks,looped,coefficient,606,smooth,validation_best,ood,96,8.524861763475503,0,0,64,34049,1.5891195507720113
ks,looped,coefficient,606,smooth,final_step,ood,64,5.20068369409347,0,0,64,34049,
ks,looped,coefficient,606,smooth,final_step,ood,96,7.972574663848604,0,0,64,34049,
ks,looped,correct,101,iid,validation_best,test,64,0.3784785184643251,0,0,64,34049,1.5452560503035784
ks,looped,correct,101,iid,validation_best,test,96,0.8191495943968276,0,0,64,34049,1.5452560503035784
ks,looped,correct,101,iid,final_step,test,64,0.41577719191058815,0,0,64,34049,
ks,looped,correct,101,iid,final_step,test,96,0.8814840884889813,0,0,64,34049,
ks,looped,correct,101,iid,validation_best,ood,64,43.65025769747797,0,0,64,34049,1.5452560503035784
ks,looped,correct,101,iid,validation_best,ood,96,147.67419661707868,0,0,64,34049,1.5452560503035784
ks,looped,correct,101,iid,final_step,ood,64,34.29905548692352,0,0,64,34049,
ks,looped,correct,101,iid,final_step,ood,96,129.11058864143382,0,0,64,34049,
ks,looped,correct,101,none,validation_best,test,64,0.44703609663028043,0,0,64,34049,1.5665170969441533
ks,looped,correct,101,none,validation_best,test,96,0.9335774663477963,0,0,64,34049,1.5665170969441533
ks,looped,correct,101,none,final_step,test,64,0.601149193102489,0,0,64,34049,
ks,looped,correct,101,none,final_step,test,96,1.1450452278018606,0,0,64,34049,
ks,looped,correct,101,none,validation_best,ood,64,31.91957577261644,0,0,64,34049,1.5665170969441533
ks,looped,correct,101,none,validation_best,ood,96,109.1981145322139,0,0,64,34049,1.5665170969441533
ks,looped,correct,101,none,final_step,ood,64,27.18016937116377,0,0,64,34049,
ks,looped,correct,101,none,final_step,ood,96,97.63324215878411,0,0,64,34049,
ks,looped,correct,101,response_matched,validation_best,test,64,0.3588364794980432,0,0,64,34049,1.543108094483614
ks,looped,correct,101,response_matched,validation_best,test,96,0.8368581345623187,0,0,64,34049,1.543108094483614
ks,looped,correct,101,response_matched,final_step,test,64,0.4022646308781579,0,0,64,34049,
ks,looped,correct,101,response_matched,final_step,test,96,0.8254250879699946,0,0,64,34049,
ks,looped,correct,101,response_matched,validation_best,ood,64,43.41628835666586,0,0,64,34049,1.543108094483614
ks,looped,correct,101,response_matched,validation_best,ood,96,147.26913849393765,0,0,64,34049,1.543108094483614
ks,looped,correct,101,response_matched,final_step,ood,64,45.1652012165103,0,0,64,34049,
ks,looped,correct,101,response_matched,final_step,ood,96,153.74431482693507,0,0,64,34049,
ks,looped,correct,101,smooth,validation_best,test,64,0.4023713251683354,0,0,64,34049,1.543095544911921
ks,looped,correct,101,smooth,validation_best,test,96,0.8995392680112507,0,0,64,34049,1.543095544911921
ks,looped,correct,101,smooth,final_step,test,64,0.47145176893908136,0,0,64,34049,
ks,looped,correct,101,smooth,final_step,test,96,1.0353824201144768,0,0,64,34049,
ks,looped,correct,101,smooth,validation_best,ood,64,54.350237716381,0,0,64,34049,1.543095544911921
ks,looped,correct,101,smooth,validation_best,ood,96,165.51645840195042,0,0,64,34049,1.543095544911921
ks,looped,correct,101,smooth,final_step,ood,64,41.65714436476537,0,0,64,34049,
ks,looped,correct,101,smooth,final_step,ood,96,142.04057573289114,0,0,64,34049,
ks,looped,correct,202,iid,validation_best,test,64,0.32618672593771714,0,0,64,34049,1.5449235681444407
ks,looped,correct,202,iid,validation_best,test,96,0.7536116849427971,0,0,64,34049,1.5449235681444407
ks,looped,correct,202,iid,final_step,test,64,0.32618672593771714,0,0,64,34049,
ks,looped,correct,202,iid,final_step,test,96,0.7536116849427971,0,0,64,34049,
ks,looped,correct,202,iid,validation_best,ood,64,6.8471214905971465,0,0,64,34049,1.5449235681444407
ks,looped,correct,202,iid,validation_best,ood,96,15.109059037773173,0,0,64,34049,1.5449235681444407
ks,looped,correct,202,iid,final_step,ood,64,6.8471214905971465,0,0,64,34049,
ks,looped,correct,202,iid,final_step,ood,96,15.109059037773173,0,0,64,34049,
ks,looped,correct,202,none,validation_best,test,64,0.2758902044646787,0,0,64,34049,1.543819042854011
ks,looped,correct,202,none,validation_best,test,96,0.7048830512560698,0,0,64,34049,1.543819042854011
ks,looped,correct,202,none,final_step,test,64,0.2758902044646787,0,0,64,34049,
ks,looped,correct,202,none,final_step,test,96,0.7048830512560698,0,0,64,34049,
ks,looped,correct,202,none,validation_best,ood,64,17.31054384293742,0,0,64,34049,1.543819042854011
ks,looped,correct,202,none,validation_best,ood,96,43.993117999346055,0,0,64,34049,1.543819042854011
ks,looped,correct,202,none,final_step,ood,64,17.31054384293742,0,0,64,34049,
ks,looped,correct,202,none,final_step,ood,96,43.993117999346055,0,0,64,34049,
ks,looped,correct,202,response_matched,validation_best,test,64,0.3255518129531425,0,0,64,34049,1.543964585289359
ks,looped,correct,202,response_matched,validation_best,test,96,0.7839458801351535,0,0,64,34049,1.543964585289359
ks,looped,correct,202,response_matched,final_step,test,64,0.3782411591305168,0,0,64,34049,
ks,looped,correct,202,response_matched,final_step,test,96,0.9103158138407863,0,0,64,34049,
ks,looped,correct,202,response_matched,validation_best,ood,64,4.458786635730348,0,0,64,34049,1.543964585289359
ks,looped,correct,202,response_matched,validation_best,ood,96,6.445176443985929,0,0,64,34049,1.543964585289359
ks,looped,correct,202,response_matched,final_step,ood,64,4.586579421913598,0,0,64,34049,
ks,looped,correct,202,response_matched,final_step,ood,96,6.887068088302309,0,0,64,34049,
ks,looped,correct,202,smooth,validation_best,test,64,0.38202110455609617,0,0,64,34049,1.5570040559396148
ks,looped,correct,202,smooth,validation_best,test,96,0.8862557520122565,0,0,64,34049,1.5570040559396148
ks,looped,correct,202,smooth,final_step,test,64,0.38202110455609617,0,0,64,34049,
ks,looped,correct,202,smooth,final_step,test,96,0.8862557520122565,0,0,64,34049,
ks,looped,correct,202,smooth,validation_best,ood,64,11.222106763774832,0,0,64,34049,1.5570040559396148
ks,looped,correct,202,smooth,validation_best,ood,96,26.04692972752317,0,0,64,34049,1.5570040559396148
ks,looped,correct,202,smooth,final_step,ood,64,11.222106763774832,0,0,64,34049,
ks,looped,correct,202,smooth,final_step,ood,96,26.04692972752317,0,0,64,34049,
ks,looped,correct,303,iid,validation_best,test,64,0.2435201139900378,0,0,64,34049,1.5477190958335996
ks,looped,correct,303,iid,validation_best,test,96,0.653844702857522,0,0,64,34049,1.5477190958335996
ks,looped,correct,303,iid,final_step,test,64,0.2435201139900378,0,0,64,34049,
ks,looped,correct,303,iid,final_step,test,96,0.653844702857522,0,0,64,34049,
ks,looped,correct,303,iid,validation_best,ood,64,3.7883719008556227,0,0,64,34049,1.5477190958335996
ks,looped,correct,303,iid,validation_best,ood,96,5.653659094359455,0,0,64,34049,1.5477190958335996
ks,looped,correct,303,iid,final_step,ood,64,3.7883719008556227,0,0,64,34049,
ks,looped,correct,303,iid,final_step,ood,96,5.653659094359455,0,0,64,34049,
ks,looped,correct,303,none,validation_best,test,64,0.31940570948262526,0,0,64,34049,1.569654536433518
ks,looped,correct,303,none,validation_best,test,96,0.7443829762809943,0,0,64,34049,1.569654536433518
ks,looped,correct,303,none,final_step,test,64,0.40310029441184314,0,0,64,34049,
ks,looped,correct,303,none,final_step,test,96,0.8502393165313153,0,0,64,34049,
ks,looped,correct,303,none,validation_best,ood,64,5.905221079431328,0,0,64,34049,1.569654536433518
ks,looped,correct,303,none,validation_best,ood,96,11.739981253601513,0,0,64,34049,1.569654536433518
ks,looped,correct,303,none,final_step,ood,64,6.1290903039422915,0,0,64,34049,
ks,looped,correct,303,none,final_step,ood,96,12.23811463013025,0,0,64,34049,
ks,looped,correct,303,response_matched,validation_best,test,64,0.2985928020361457,0,0,64,34049,1.5463700518012047
ks,looped,correct,303,response_matched,validation_best,test,96,0.7211325439087035,0,0,64,34049,1.5463700518012047
ks,looped,correct,303,response_matched,final_step,test,64,0.2985928020361457,0,0,64,34049,
ks,looped,correct,303,response_matched,final_step,test,96,0.7211325439087035,0,0,64,34049,
ks,looped,correct,303,response_matched,validation_best,ood,64,2.5215182497436217,0,0,64,34049,1.5463700518012047
ks,looped,correct,303,response_matched,validation_best,ood,96,4.506810417055931,0,0,64,34049,1.5463700518012047
ks,looped,correct,303,response_matched,final_step,ood,64,2.5215182497436217,0,0,64,34049,
ks,looped,correct,303,response_matched,final_step,ood,96,4.506810417055931,0,0,64,34049,
ks,looped,correct,303,smooth,validation_best,test,64,0.2679070006233426,0,0,64,34049,1.564219081774354
ks,looped,correct,303,smooth,validation_best,test,96,0.682192585380385,0,0,64,34049,1.564219081774354
ks,looped,correct,303,smooth,final_step,test,64,0.2679070006233426,0,0,64,34049,
ks,looped,correct,303,smooth,final_step,test,96,0.682192585380385,0,0,64,34049,
ks,looped,correct,303,smooth,validation_best,ood,64,6.629819231212537,0,0,64,34049,1.564219081774354
ks,looped,correct,303,smooth,validation_best,ood,96,12.60474758415944,0,0,64,34049,1.564219081774354
ks,looped,correct,303,smooth,final_step,ood,64,6.629819231212537,0,0,64,34049,
ks,looped,correct,303,smooth,final_step,ood,96,12.60474758415944,0,0,64,34049,
ks,looped,correct,404,iid,validation_best,test,64,0.6495891533411147,0,0,64,34049,1.5471360413357615
ks,looped,correct,404,iid,validation_best,test,96,1.4595900899025598,0,0,64,34049,1.5471360413357615
ks,looped,correct,404,iid,final_step,test,64,0.674825464744691,0,0,64,34049,
ks,looped,correct,404,iid,final_step,test,96,1.4751981054275838,0,0,64,34049,
ks,looped,correct,404,iid,validation_best,ood,64,4.927811350477782,0,0,64,34049,1.5471360413357615
ks,looped,correct,404,iid,validation_best,ood,96,5.616905294849175,0,0,64,34049,1.5471360413357615
ks,looped,correct,404,iid,final_step,ood,64,5.0309378635823805,0,0,64,34049,
ks,looped,correct,404,iid,final_step,ood,96,5.657372030785685,0,0,64,34049,
ks,looped,correct,404,none,validation_best,test,64,1.8357373354210358,0,0,64,34049,1.5469146193936467
ks,looped,correct,404,none,validation_best,test,96,4.341084218670076,0,0,64,34049,1.5469146193936467
ks,looped,correct,404,none,final_step,test,64,2.222985180726362,0,0,64,34049,
ks,looped,correct,404,none,final_step,test,96,5.50113210042665,0,0,64,34049,
ks,looped,correct,404,none,validation_best,ood,64,5.6355926100332,0,0,64,34049,1.5469146193936467
ks,looped,correct,404,none,validation_best,ood,96,6.151512448004117,0,0,64,34049,1.5469146193936467
ks,looped,correct,404,none,final_step,ood,64,5.916310023381243,0,0,64,34049,
ks,looped,correct,404,none,final_step,ood,96,6.457542642550455,0,0,64,34049,
ks,looped,correct,404,response_matched,validation_best,test,64,0.5298902807410908,0,0,64,34049,1.54605305287987
ks,looped,correct,404,response_matched,validation_best,test,96,0.9726602431051521,0,0,64,34049,1.54605305287987
ks,looped,correct,404,response_matched,final_step,test,64,0.628309662394976,0,0,64,34049,
ks,looped,correct,404,response_matched,final_step,test,96,1.1148166944181195,0,0,64,34049,
ks,looped,correct,404,response_matched,validation_best,ood,64,5.150999920217828,0,0,64,34049,1.54605305287987
ks,looped,correct,404,response_matched,validation_best,ood,96,5.565681757488316,0,0,64,34049,1.54605305287987
ks,looped,correct,404,response_matched,final_step,ood,64,5.363941768229779,0,0,64,34049,
ks,looped,correct,404,response_matched,final_step,ood,96,5.779067886014673,0,0,64,34049,
ks,looped,correct,404,smooth,validation_best,test,64,0.8057747927622119,0,0,64,34049,1.5705515630543232
ks,looped,correct,404,smooth,validation_best,test,96,1.9267490568641423,0,0,64,34049,1.5705515630543232
ks,looped,correct,404,smooth,final_step,test,64,0.8520672186365155,0,0,64,34049,
ks,looped,correct,404,smooth,final_step,test,96,2.2694907351649234,0,0,64,34049,
ks,looped,correct,404,smooth,validation_best,ood,64,4.73920500250324,0,0,64,34049,1.5705515630543232
ks,looped,correct,404,smooth,validation_best,ood,96,5.20421877581642,0,0,64,34049,1.5705515630543232
ks,looped,correct,404,smooth,final_step,ood,64,4.842219746137971,0,0,64,34049,
ks,looped,correct,404,smooth,final_step,ood,96,5.313766187477237,0,0,64,34049,
ks,looped,correct,505,iid,validation_best,test,64,0.5244968467027116,0,0,64,34049,1.5458550304174423
ks,looped,correct,505,iid,validation_best,test,96,1.0215422142036776,0,0,64,34049,1.5458550304174423
ks,looped,correct,505,iid,final_step,test,64,0.5244968467027116,0,0,64,34049,
ks,looped,correct,505,iid,final_step,test,96,1.0215422142036776,0,0,64,34049,
ks,looped,correct,505,iid,validation_best,ood,64,22.66742321746085,0,0,64,34049,1.5458550304174423
ks,looped,correct,505,iid,validation_best,ood,96,60.49205933753176,0,0,64,34049,1.5458550304174423
ks,looped,correct,505,iid,final_step,ood,64,22.66742321746085,0,0,64,34049,
ks,looped,correct,505,iid,final_step,ood,96,60.49205933753176,0,0,64,34049,
ks,looped,correct,505,none,validation_best,test,64,0.4893534530367605,0,0,64,34049,1.5503796050325036
ks,looped,correct,505,none,validation_best,test,96,0.931472481701503,0,0,64,34049,1.5503796050325036
ks,looped,correct,505,none,final_step,test,64,0.5968463106543425,0,0,64,34049,
ks,looped,correct,505,none,final_step,test,96,1.0607228934190402,0,0,64,34049,
ks,looped,correct,505,none,validation_best,ood,64,4.951203706734418,0,0,64,34049,1.5503796050325036
ks,looped,correct,505,none,validation_best,ood,96,11.395222879152016,0,0,64,34049,1.5503796050325036
ks,looped,correct,505,none,final_step,ood,64,6.6102329177106185,0,0,64,34049,
ks,looped,correct,505,none,final_step,ood,96,18.113890401904122,0,0,64,34049,
ks,looped,correct,505,response_matched,validation_best,test,64,0.5620479750447847,0,0,64,34049,1.584659586660564
ks,looped,correct,505,response_matched,validation_best,test,96,1.0527655357459151,0,0,64,34049,1.584659586660564
ks,looped,correct,505,response_matched,final_step,test,64,0.5620479750447847,0,0,64,34049,
ks,looped,correct,505,response_matched,final_step,test,96,1.0527655357459151,0,0,64,34049,
ks,looped,correct,505,response_matched,validation_best,ood,64,4.589556416987534,0,0,64,34049,1.584659586660564
ks,looped,correct,505,response_matched,validation_best,ood,96,10.326116917749307,0,0,64,34049,1.584659586660564
ks,looped,correct,505,response_matched,final_step,ood,64,4.589556416987534,0,0,64,34049,
ks,looped,correct,505,response_matched,final_step,ood,96,10.326116917749307,0,0,64,34049,
ks,looped,correct,505,smooth,validation_best,test,64,0.40449729356636865,0,0,64,34049,1.5575710916891694
ks,looped,correct,505,smooth,validation_best,test,96,0.8323575694273705,0,0,64,34049,1.5575710916891694
ks,looped,correct,505,smooth,final_step,test,64,0.44207156864679975,0,0,64,34049,
ks,looped,correct,505,smooth,final_step,test,96,0.9272976513483521,0,0,64,34049,
ks,looped,correct,505,smooth,validation_best,ood,64,7.096901602070375,0,0,64,34049,1.5575710916891694
ks,looped,correct,505,smooth,validation_best,ood,96,11.243619589495513,0,0,64,34049,1.5575710916891694
ks,looped,correct,505,smooth,final_step,ood,64,7.583069783075189,0,0,64,34049,
ks,looped,correct,505,smooth,final_step,ood,96,12.31121917668012,0,0,64,34049,
ks,looped,correct,606,iid,validation_best,test,64,0.3321556947265938,0,0,64,34049,1.5324540436267853
ks,looped,correct,606,iid,validation_best,test,96,0.7269349517439607,0,0,64,34049,1.5324540436267853
ks,looped,correct,606,iid,final_step,test,64,0.4142564542824485,0,0,64,34049,
ks,looped,correct,606,iid,final_step,test,96,0.8608517563284653,0,0,64,34049,
ks,looped,correct,606,iid,validation_best,ood,64,4.259453080879666,0,0,64,34049,1.5324540436267853
ks,looped,correct,606,iid,validation_best,ood,96,7.110129659331808,0,0,64,34049,1.5324540436267853
ks,looped,correct,606,iid,final_step,ood,64,4.222021837460375,0,0,64,34049,
ks,looped,correct,606,iid,final_step,ood,96,6.813286466468147,0,0,64,34049,
ks,looped,correct,606,none,validation_best,test,64,0.4831314552441053,0,0,64,34049,1.5587640926241875
ks,looped,correct,606,none,validation_best,test,96,0.9985884055066186,0,0,64,34049,1.5587640926241875
ks,looped,correct,606,none,final_step,test,64,0.3893910512690888,0,0,64,34049,
ks,looped,correct,606,none,final_step,test,96,0.8677664035593405,0,0,64,34049,
ks,looped,correct,606,none,validation_best,ood,64,6.751764964891322,0,0,64,34049,1.5587640926241875
ks,looped,correct,606,none,validation_best,ood,96,12.522279049034978,0,0,64,34049,1.5587640926241875
ks,looped,correct,606,none,final_step,ood,64,6.717857114555045,0,0,64,34049,
ks,looped,correct,606,none,final_step,ood,96,12.254233304754962,0,0,64,34049,
ks,looped,correct,606,response_matched,validation_best,test,64,0.3579066684910721,0,0,64,34049,1.5551201067864895
ks,looped,correct,606,response_matched,validation_best,test,96,0.7773290029560205,0,0,64,34049,1.5551201067864895
ks,looped,correct,606,response_matched,final_step,test,64,0.3579066684910721,0,0,64,34049,
ks,looped,correct,606,response_matched,final_step,test,96,0.7773290029560205,0,0,64,34049,
ks,looped,correct,606,response_matched,validation_best,ood,64,3.0689868017611843,0,0,64,34049,1.5551201067864895
ks,looped,correct,606,response_matched,validation_best,ood,96,3.926486688731226,0,0,64,34049,1.5551201067864895
ks,looped,correct,606,response_matched,final_step,ood,64,3.0689868017611843,0,0,64,34049,
ks,looped,correct,606,response_matched,final_step,ood,96,3.926486688731226,0,0,64,34049,
ks,looped,correct,606,smooth,validation_best,test,64,0.3313427967161964,0,0,64,34049,1.5806715469807386
ks,looped,correct,606,smooth,validation_best,test,96,0.731185566507385,0,0,64,34049,1.5806715469807386
ks,looped,correct,606,smooth,final_step,test,64,0.40768478723024915,0,0,64,34049,
ks,looped,correct,606,smooth,final_step,test,96,0.8590985974194114,0,0,64,34049,
ks,looped,correct,606,smooth,validation_best,ood,64,6.694353153190718,0,0,64,34049,1.5806715469807386
ks,looped,correct,606,smooth,validation_best,ood,96,12.589746125714328,0,0,64,34049,1.5806715469807386
ks,looped,correct,606,smooth,final_step,ood,64,7.348632962363354,0,0,64,34049,
ks,looped,correct,606,smooth,final_step,ood,96,14.39667854739946,0,0,64,34049,
ks,transformer,coefficient,101,iid,validation_best,test,64,0.2508460755512507,0,0,64,100993,1.5405290527269244
ks,transformer,coefficient,101,iid,validation_best,test,96,0.6282828583404971,0,0,64,100993,1.5405290527269244
ks,transformer,coefficient,101,iid,final_step,test,64,0.36947664048658524,0,0,64,100993,
ks,transformer,coefficient,101,iid,final_step,test,96,0.7796318255384378,0,0,64,100993,
ks,transformer,coefficient,101,iid,validation_best,ood,64,3.108729126680032,0,0,64,100993,1.5405290527269244
ks,transformer,coefficient,101,iid,validation_best,ood,96,3.891595218829404,0,0,64,100993,1.5405290527269244
ks,transformer,coefficient,101,iid,final_step,ood,64,2.7747477745249967,0,0,64,100993,
ks,transformer,coefficient,101,iid,final_step,ood,96,3.3049900160184507,0,0,64,100993,
ks,transformer,coefficient,101,none,validation_best,test,64,1.2185999943778896,0,0,64,100993,1.5401890967041254
ks,transformer,coefficient,101,none,validation_best,test,96,2.406487364551296,0,0,64,100993,1.5401890967041254
ks,transformer,coefficient,101,none,final_step,test,64,1.2185999943778896,0,0,64,100993,
ks,transformer,coefficient,101,none,final_step,test,96,2.406487364551296,0,0,64,100993,
ks,transformer,coefficient,101,none,validation_best,ood,64,15.68890758747196,0,0,64,100993,1.5401890967041254
ks,transformer,coefficient,101,none,validation_best,ood,96,61.743659071183195,0,0,64,100993,1.5401890967041254
ks,transformer,coefficient,101,none,final_step,ood,64,15.68890758747196,0,0,64,100993,
ks,transformer,coefficient,101,none,final_step,ood,96,61.743659071183195,0,0,64,100993,
ks,transformer,coefficient,101,response_matched,validation_best,test,64,0.2698934693454387,0,0,64,100993,1.5430745435878634
ks,transformer,coefficient,101,response_matched,validation_best,test,96,0.636408347601364,0,0,64,100993,1.5430745435878634
ks,transformer,coefficient,101,response_matched,final_step,test,64,0.4327856331996074,0,0,64,100993,
ks,transformer,coefficient,101,response_matched,final_step,test,96,0.8381280184775382,0,0,64,100993,
ks,transformer,coefficient,101,response_matched,validation_best,ood,64,1.8588369344280409,0,0,64,100993,1.5430745435878634
ks,transformer,coefficient,101,response_matched,validation_best,ood,96,2.1841209503613,0,0,64,100993,1.5430745435878634
ks,transformer,coefficient,101,response_matched,final_step,ood,64,1.5595458623938612,0,0,64,100993,
ks,transformer,coefficient,101,response_matched,final_step,ood,96,1.783925127592132,0,0,64,100993,
ks,transformer,coefficient,101,smooth,validation_best,test,64,0.25471003384609325,0,0,64,100993,1.555719063617289
ks,transformer,coefficient,101,smooth,validation_best,test,96,0.6209575804611316,0,0,64,100993,1.555719063617289
ks,transformer,coefficient,101,smooth,final_step,test,64,0.3991157286117346,0,0,64,100993,
ks,transformer,coefficient,101,smooth,final_step,test,96,0.8522517720453789,0,0,64,100993,
ks,transformer,coefficient,101,smooth,validation_best,ood,64,3.9652282600297326,0,0,64,100993,1.555719063617289
ks,transformer,coefficient,101,smooth,validation_best,ood,96,8.04752090348283,0,0,64,100993,1.555719063617289
ks,transformer,coefficient,101,smooth,final_step,ood,64,3.801434878111536,0,0,64,100993,
ks,transformer,coefficient,101,smooth,final_step,ood,96,8.605442232663865,0,0,64,100993,
ks,transformer,coefficient,202,iid,validation_best,test,64,0.29842680233864094,0,0,64,100993,1.5481741167604923
ks,transformer,coefficient,202,iid,validation_best,test,96,0.7191968871213525,0,0,64,100993,1.5481741167604923
ks,transformer,coefficient,202,iid,final_step,test,64,0.2650581216568657,0,0,64,100993,
ks,transformer,coefficient,202,iid,final_step,test,96,0.614798678030753,0,0,64,100993,
ks,transformer,coefficient,202,iid,validation_best,ood,64,2.15475935574824,0,0,64,100993,1.5481741167604923
ks,transformer,coefficient,202,iid,validation_best,ood,96,2.931135942044004,0,0,64,100993,1.5481741167604923
ks,transformer,coefficient,202,iid,final_step,ood,64,1.6466184144223917,0,0,64,100993,
ks,transformer,coefficient,202,iid,final_step,ood,96,2.0090109333683968,0,0,64,100993,
ks,transformer,coefficient,202,none,validation_best,test,64,0.6534173915486448,0,0,64,100993,1.541986595839262
ks,transformer,coefficient,202,none,validation_best,test,96,1.6496372586448453,0,0,64,100993,1.541986595839262
ks,transformer,coefficient,202,none,final_step,test,64,0.7712509761413857,0,0,64,100993,
ks,transformer,coefficient,202,none,final_step,test,96,1.6270388415050814,0,0,64,100993,
ks,transformer,coefficient,202,none,validation_best,ood,64,9.904784498253662,0,0,64,100993,1.541986595839262
ks,transformer,coefficient,202,none,validation_best,ood,96,21.921857921938603,0,0,64,100993,1.541986595839262
ks,transformer,coefficient,202,none,final_step,ood,64,8.991103884467122,0,0,64,100993,
ks,transformer,coefficient,202,none,final_step,ood,96,19.355460526223737,0,0,64,100993,
ks,transformer,coefficient,202,response_matched,validation_best,test,64,0.31493995533841623,0,0,64,100993,1.5570336021482944
ks,transformer,coefficient,202,response_matched,validation_best,test,96,0.7158296568309759,0,0,64,100993,1.5570336021482944
ks,transformer,coefficient,202,response_matched,final_step,test,64,0.3735617268754057,0,0,64,100993,
ks,transformer,coefficient,202,response_matched,final_step,test,96,0.7255572566382948,0,0,64,100993,
ks,transformer,coefficient,202,response_matched,validation_best,ood,64,1.4249525814719846,0,0,64,100993,1.5570336021482944
ks,transformer,coefficient,202,response_matched,validation_best,ood,96,1.6510151932439687,0,0,64,100993,1.5570336021482944
ks,transformer,coefficient,202,response_matched,final_step,ood,64,1.3113364331613866,0,0,64,100993,
ks,transformer,coefficient,202,response_matched,final_step,ood,96,1.5052323692041987,0,0,64,100993,
ks,transformer,coefficient,202,smooth,validation_best,test,64,0.3263703535200966,0,0,64,100993,1.5483641065657139
ks,transformer,coefficient,202,smooth,validation_best,test,96,0.7215696102422408,0,0,64,100993,1.5483641065657139
ks,transformer,coefficient,202,smooth,final_step,test,64,0.26039570541328905,0,0,64,100993,
ks,transformer,coefficient,202,smooth,final_step,test,96,0.622265625676752,0,0,64,100993,
ks,transformer,coefficient,202,smooth,validation_best,ood,64,2.8888002555483467,0,0,64,100993,1.5483641065657139
ks,transformer,coefficient,202,smooth,validation_best,ood,96,4.2302420267767875,0,0,64,100993,1.5483641065657139
ks,transformer,coefficient,202,smooth,final_step,ood,64,2.1388819865646838,0,0,64,100993,
ks,transformer,coefficient,202,smooth,final_step,ood,96,2.7667630159876353,0,0,64,100993,
ks,transformer,coefficient,303,iid,validation_best,test,64,0.2933933674242044,0,0,64,100993,1.5960161108523607
ks,transformer,coefficient,303,iid,validation_best,test,96,0.6589067319820782,0,0,64,100993,1.5960161108523607
ks,transformer,coefficient,303,iid,final_step,test,64,0.4176202545086678,0,0,64,100993,
ks,transformer,coefficient,303,iid,final_step,test,96,0.8521561491573888,0,0,64,100993,
ks,transformer,coefficient,303,iid,validation_best,ood,64,3.927223411162231,0,0,64,100993,1.5960161108523607
ks,transformer,coefficient,303,iid,validation_best,ood,96,5.031799822584313,0,0,64,100993,1.5960161108523607
ks,transformer,coefficient,303,iid,final_step,ood,64,3.631649978814039,0,0,64,100993,
ks,transformer,coefficient,303,iid,final_step,ood,96,4.669919596290431,0,0,64,100993,
ks,transformer,coefficient,303,none,validation_best,test,64,0.8504535032886165,0,0,64,100993,1.553119602613151
ks,transformer,coefficient,303,none,validation_best,test,96,1.7679021631415215,0,0,64,100993,1.553119602613151
ks,transformer,coefficient,303,none,final_step,test,64,0.8504535032886165,0,0,64,100993,
ks,transformer,coefficient,303,none,final_step,test,96,1.7679021631415215,0,0,64,100993,
ks,transformer,coefficient,303,none,validation_best,ood,64,3.22653319197633,0,0,64,100993,1.553119602613151
ks,transformer,coefficient,303,none,validation_best,ood,96,3.8347445808656553,0,0,64,100993,1.553119602613151
ks,transformer,coefficient,303,none,final_step,ood,64,3.22653319197633,0,0,64,100993,
ks,transformer,coefficient,303,none,final_step,ood,96,3.8347445808656553,0,0,64,100993,
ks,transformer,coefficient,303,response_matched,validation_best,test,64,0.3417625384973646,0,0,64,100993,1.565155084244907
ks,transformer,coefficient,303,response_matched,validation_best,test,96,0.714335475619067,0,0,64,100993,1.565155084244907
ks,transformer,coefficient,303,response_matched,final_step,test,64,0.35692770479481783,0,0,64,100993,
ks,transformer,coefficient,303,response_matched,final_step,test,96,0.7596756232471318,0,0,64,100993,
ks,transformer,coefficient,303,response_matched,validation_best,ood,64,2.712730601793055,0,0,64,100993,1.565155084244907
ks,transformer,coefficient,303,response_matched,validation_best,ood,96,3.3958027306648546,0,0,64,100993,1.565155084244907
ks,transformer,coefficient,303,response_matched,final_step,ood,64,2.0388549626645727,0,0,64,100993,
ks,transformer,coefficient,303,response_matched,final_step,ood,96,2.404227648705576,0,0,64,100993,
ks,transformer,coefficient,303,smooth,validation_best,test,64,0.36755815831810157,0,0,64,100993,1.557771093212068
ks,transformer,coefficient,303,smooth,validation_best,test,96,0.8093293242810642,0,0,64,100993,1.557771093212068
ks,transformer,coefficient,303,smooth,final_step,test,64,0.4299516258964693,0,0,64,100993,
ks,transformer,coefficient,303,smooth,final_step,test,96,0.8441530070694261,0,0,64,100993,
ks,transformer,coefficient,303,smooth,validation_best,ood,64,4.405496959662969,0,0,64,100993,1.557771093212068
ks,transformer,coefficient,303,smooth,validation_best,ood,96,5.653410919845707,0,0,64,100993,1.557771093212068
ks,transformer,coefficient,303,smooth,final_step,ood,64,4.4499689606827815,0,0,64,100993,
ks,transformer,coefficient,303,smooth,final_step,ood,96,5.721271899349935,0,0,64,100993,
ks,transformer,coefficient,404,iid,validation_best,test,64,0.38257281056250436,0,0,64,100993,1.5871515963226557
ks,transformer,coefficient,404,iid,validation_best,test,96,0.7471626880193183,0,0,64,100993,1.5871515963226557
ks,transformer,coefficient,404,iid,final_step,test,64,0.37514705802067105,0,0,64,100993,
ks,transformer,coefficient,404,iid,final_step,test,96,0.8338022797153133,0,0,64,100993,
ks,transformer,coefficient,404,iid,validation_best,ood,64,5.407382787813276,0,0,64,100993,1.5871515963226557
ks,transformer,coefficient,404,iid,validation_best,ood,96,8.79545686985542,0,0,64,100993,1.5871515963226557
ks,transformer,coefficient,404,iid,final_step,ood,64,5.749010957246924,0,0,64,100993,
ks,transformer,coefficient,404,iid,final_step,ood,96,9.397137997163023,0,0,64,100993,
ks,transformer,coefficient,404,none,validation_best,test,64,1.9030359796151588,0,0,64,100993,1.55286209192127
ks,transformer,coefficient,404,none,validation_best,test,96,2.829863288216049,0,0,64,100993,1.55286209192127
ks,transformer,coefficient,404,none,final_step,test,64,1.8071493610714708,0,0,64,100993,
ks,transformer,coefficient,404,none,final_step,test,96,2.6969407077085945,0,0,64,100993,
ks,transformer,coefficient,404,none,validation_best,ood,64,8.075428257778071,0,0,64,100993,1.55286209192127
ks,transformer,coefficient,404,none,validation_best,ood,96,12.728361377469431,0,0,64,100993,1.55286209192127
ks,transformer,coefficient,404,none,final_step,ood,64,8.049200984104232,0,0,64,100993,
ks,transformer,coefficient,404,none,final_step,ood,96,12.612006067866258,0,0,64,100993,
ks,transformer,coefficient,404,response_matched,validation_best,test,64,0.36376780739478853,0,0,64,100993,1.6051665414124727
ks,transformer,coefficient,404,response_matched,validation_best,test,96,0.7902650088248571,0,0,64,100993,1.6051665414124727
ks,transformer,coefficient,404,response_matched,final_step,test,64,0.39263597246802107,0,0,64,100993,
ks,transformer,coefficient,404,response_matched,final_step,test,96,0.8788505879733606,0,0,64,100993,
ks,transformer,coefficient,404,response_matched,validation_best,ood,64,3.246129588189092,0,0,64,100993,1.6051665414124727
ks,transformer,coefficient,404,response_matched,validation_best,ood,96,5.195995501723777,0,0,64,100993,1.6051665414124727
ks,transformer,coefficient,404,response_matched,final_step,ood,64,3.7731147272868384,0,0,64,100993,
ks,transformer,coefficient,404,response_matched,final_step,ood,96,6.175050248392381,0,0,64,100993,
ks,transformer,coefficient,404,smooth,validation_best,test,64,0.3632254136144324,0,0,64,100993,1.550297113135457
ks,transformer,coefficient,404,smooth,validation_best,test,96,0.7057993565169547,0,0,64,100993,1.550297113135457
ks,transformer,coefficient,404,smooth,final_step,test,64,0.37895883804725994,0,0,64,100993,
ks,transformer,coefficient,404,smooth,final_step,test,96,0.8580624489098192,0,0,64,100993,
ks,transformer,coefficient,404,smooth,validation_best,ood,64,4.8095486365774605,0,0,64,100993,1.550297113135457
ks,transformer,coefficient,404,smooth,validation_best,ood,96,7.485951033672563,0,0,64,100993,1.550297113135457
ks,transformer,coefficient,404,smooth,final_step,ood,64,5.281425825373958,0,0,64,100993,
ks,transformer,coefficient,404,smooth,final_step,ood,96,8.362020912848873,0,0,64,100993,
ks,transformer,coefficient,505,iid,validation_best,test,64,0.2777248308832667,0,0,64,100993,1.6258161049336195
ks,transformer,coefficient,505,iid,validation_best,test,96,0.7277014632686738,0,0,64,100993,1.6258161049336195
ks,transformer,coefficient,505,iid,final_step,test,64,0.5184391650480364,0,0,64,100993,
ks,transformer,coefficient,505,iid,final_step,test,96,1.0654375098485596,0,0,64,100993,
ks,transformer,coefficient,505,iid,validation_best,ood,64,9.76481745573642,0,0,64,100993,1.6258161049336195
ks,transformer,coefficient,505,iid,validation_best,ood,96,19.048053920237635,0,0,64,100993,1.6258161049336195
ks,transformer,coefficient,505,iid,final_step,ood,64,10.781382774880171,0,0,64,100993,
ks,transformer,coefficient,505,iid,final_step,ood,96,20.801435428325096,0,0,64,100993,
ks,transformer,coefficient,505,none,validation_best,test,64,0.44645905623866167,0,0,64,100993,1.5496090520173311
ks,transformer,coefficient,505,none,validation_best,test,96,0.87859310984538,0,0,64,100993,1.5496090520173311
ks,transformer,coefficient,505,none,final_step,test,64,0.4284881792969819,0,0,64,100993,
ks,transformer,coefficient,505,none,final_step,test,96,0.8851867736942944,0,0,64,100993,
ks,transformer,coefficient,505,none,validation_best,ood,64,5.206861890960681,0,0,64,100993,1.5496090520173311
ks,transformer,coefficient,505,none,validation_best,ood,96,6.349386397278067,0,0,64,100993,1.5496090520173311
ks,transformer,coefficient,505,none,final_step,ood,64,5.561590840164172,0,0,64,100993,
ks,transformer,coefficient,505,none,final_step,ood,96,6.825732443363449,0,0,64,100993,
ks,transformer,coefficient,505,response_matched,validation_best,test,64,0.33493595793229414,0,0,64,100993,1.639029593206942
ks,transformer,coefficient,505,response_matched,validation_best,test,96,0.7228460538019442,0,0,64,100993,1.639029593206942
ks,transformer,coefficient,505,response_matched,final_step,test,64,0.43150124676430224,0,0,64,100993,
ks,transformer,coefficient,505,response_matched,final_step,test,96,0.9396256281805055,0,0,64,100993,
ks,transformer,coefficient,505,response_matched,validation_best,ood,64,6.356483299495267,0,0,64,100993,1.639029593206942
ks,transformer,coefficient,505,response_matched,validation_best,ood,96,12.423160453234232,0,0,64,100993,1.639029593206942
ks,transformer,coefficient,505,response_matched,final_step,ood,64,6.720756720183999,0,0,64,100993,
ks,transformer,coefficient,505,response_matched,final_step,ood,96,12.778782047729084,0,0,64,100993,
ks,transformer,coefficient,505,smooth,validation_best,test,64,0.30065253575484174,0,0,64,100993,1.5621800906956196
ks,transformer,coefficient,505,smooth,validation_best,test,96,0.7166829391018765,0,0,64,100993,1.5621800906956196
ks,transformer,coefficient,505,smooth,final_step,test,64,0.4801965106280699,0,0,64,100993,
ks,transformer,coefficient,505,smooth,final_step,test,96,0.9286547121634456,0,0,64,100993,
ks,transformer,coefficient,505,smooth,validation_best,ood,64,9.893911543600098,0,0,64,100993,1.5621800906956196
ks,transformer,coefficient,505,smooth,validation_best,ood,96,20.162250916672143,0,0,64,100993,1.5621800906956196
ks,transformer,coefficient,505,smooth,final_step,ood,64,11.40536352769334,0,0,64,100993,
ks,transformer,coefficient,505,smooth,final_step,ood,96,23.154460489196403,0,0,64,100993,
ks,transformer,coefficient,606,iid,validation_best,test,64,0.3864169226253349,0,0,64,100993,1.5495061175897717
ks,transformer,coefficient,606,iid,validation_best,test,96,0.7720310079930488,0,0,64,100993,1.5495061175897717
ks,transformer,coefficient,606,iid,final_step,test,64,0.31374246648291226,0,0,64,100993,
ks,transformer,coefficient,606,iid,final_step,test,96,0.6894324911858251,0,0,64,100993,
ks,transformer,coefficient,606,iid,validation_best,ood,64,2.8460936245984954,0,0,64,100993,1.5495061175897717
ks,transformer,coefficient,606,iid,validation_best,ood,96,6.098533953676565,0,0,64,100993,1.5495061175897717
ks,transformer,coefficient,606,iid,final_step,ood,64,2.4645418370949983,0,0,64,100993,
ks,transformer,coefficient,606,iid,final_step,ood,96,4.785572537833635,0,0,64,100993,
ks,transformer,coefficient,606,none,validation_best,test,64,0.5813096215118398,0,0,64,100993,1.5645141014829278
ks,transformer,coefficient,606,none,validation_best,test,96,1.2730799737463612,0,0,64,100993,1.5645141014829278
ks,transformer,coefficient,606,none,final_step,test,64,0.5813096215118398,0,0,64,100993,
ks,transformer,coefficient,606,none,final_step,test,96,1.2730799737463612,0,0,64,100993,
ks,transformer,coefficient,606,none,validation_best,ood,64,5.0231124159462865,0,0,64,100993,1.5645141014829278
ks,transformer,coefficient,606,none,validation_best,ood,96,6.488168543766696,0,0,64,100993,1.5645141014829278
ks,transformer,coefficient,606,none,final_step,ood,64,5.0231124159462865,0,0,64,100993,
ks,transformer,coefficient,606,none,final_step,ood,96,6.488168543766696,0,0,64,100993,
ks,transformer,coefficient,606,response_matched,validation_best,test,64,0.36355758741110034,0,0,64,100993,1.5299045946449041
ks,transformer,coefficient,606,response_matched,validation_best,test,96,0.7843465940390733,0,0,64,100993,1.5299045946449041
ks,transformer,coefficient,606,response_matched,final_step,test,64,0.31100317171614655,0,0,64,100993,
ks,transformer,coefficient,606,response_matched,final_step,test,96,0.7064816788534513,0,0,64,100993,
ks,transformer,coefficient,606,response_matched,validation_best,ood,64,1.5287167725816744,0,0,64,100993,1.5299045946449041
ks,transformer,coefficient,606,response_matched,validation_best,ood,96,2.359045935119108,0,0,64,100993,1.5299045946449041
ks,transformer,coefficient,606,response_matched,final_step,ood,64,1.5995879496313137,0,0,64,100993,
ks,transformer,coefficient,606,response_matched,final_step,ood,96,2.4817812192862525,0,0,64,100993,
ks,transformer,coefficient,606,smooth,validation_best,test,64,0.3578664560206297,0,0,64,100993,1.546814595349133
ks,transformer,coefficient,606,smooth,validation_best,test,96,0.7495787590825003,0,0,64,100993,1.546814595349133
ks,transformer,coefficient,606,smooth,final_step,test,64,0.3422116614510373,0,0,64,100993,
ks,transformer,coefficient,606,smooth,final_step,test,96,0.7261744733244144,0,0,64,100993,
ks,transformer,coefficient,606,smooth,validation_best,ood,64,7.1731224022611855,0,0,64,100993,1.546814595349133
ks,transformer,coefficient,606,smooth,validation_best,ood,96,16.920472935294846,0,0,64,100993,1.546814595349133
ks,transformer,coefficient,606,smooth,final_step,ood,64,5.215221232252588,0,0,64,100993,
ks,transformer,coefficient,606,smooth,final_step,ood,96,12.586859859165997,0,0,64,100993,
ks,transformer,correct,101,iid,validation_best,test,64,0.45080904223131024,0,0,64,100993,1.5508386073634028
ks,transformer,correct,101,iid,validation_best,test,96,1.0622129694019575,0,0,64,100993,1.5508386073634028
ks,transformer,correct,101,iid,final_step,test,64,0.6684717001824083,0,0,64,100993,
ks,transformer,correct,101,iid,final_step,test,96,1.32134807152867,0,0,64,100993,
ks,transformer,correct,101,iid,validation_best,ood,64,49.30170024098345,0,0,64,100993,1.5508386073634028
ks,transformer,correct,101,iid,validation_best,ood,96,132.397883384833,0,0,64,100993,1.5508386073634028
ks,transformer,correct,101,iid,final_step,ood,64,52.716867543523904,0,0,64,100993,
ks,transformer,correct,101,iid,final_step,ood,96,139.15534163871763,0,0,64,100993,
ks,transformer,correct,101,none,validation_best,test,64,1.2185945395573672,0,0,64,100993,1.5509315533563495
ks,transformer,correct,101,none,validation_best,test,96,2.4064816276535965,0,0,64,100993,1.5509315533563495
ks,transformer,correct,101,none,final_step,test,64,1.2185945395573672,0,0,64,100993,
ks,transformer,correct,101,none,final_step,test,96,2.4064816276535965,0,0,64,100993,
ks,transformer,correct,101,none,validation_best,ood,64,15.689244798803827,0,0,64,100993,1.5509315533563495
ks,transformer,correct,101,none,validation_best,ood,96,61.74500292389041,0,0,64,100993,1.5509315533563495
ks,transformer,correct,101,none,final_step,ood,64,15.689244798803827,0,0,64,100993,
ks,transformer,correct,101,none,final_step,ood,96,61.74500292389041,0,0,64,100993,
ks,transformer,correct,101,response_matched,validation_best,test,64,0.3949888267433046,0,0,64,100993,1.534507586620748
ks,transformer,correct,101,response_matched,validation_best,test,96,0.8658407460545661,0,0,64,100993,1.534507586620748
ks,transformer,correct,101,response_matched,final_step,test,64,0.5374693736654841,0,0,64,100993,
ks,transformer,correct,101,response_matched,final_step,test,96,1.137061861665451,0,0,64,100993,
ks,transformer,correct,101,response_matched,validation_best,ood,64,37.17307576123687,0,0,64,100993,1.534507586620748
ks,transformer,correct,101,response_matched,validation_best,ood,96,96.04377972617786,0,0,64,100993,1.534507586620748
ks,transformer,correct,101,response_matched,final_step,ood,64,28.710766657515137,0,0,64,100993,
ks,transformer,correct,101,response_matched,final_step,ood,96,78.52207211360253,0,0,64,100993,
ks,transformer,correct,101,smooth,validation_best,test,64,1.3016361758848545,0,0,64,100993,1.548399543389678
ks,transformer,correct,101,smooth,validation_best,test,96,3.113412951899763,0,0,64,100993,1.548399543389678
ks,transformer,correct,101,smooth,final_step,test,64,1.4879360265622221,0,0,64,100993,
ks,transformer,correct,101,smooth,final_step,test,96,3.0028535227562814,0,0,64,100993,
ks,transformer,correct,101,smooth,validation_best,ood,64,53.74325591312049,0,0,64,100993,1.548399543389678
ks,transformer,correct,101,smooth,validation_best,ood,96,154.2671230645557,0,0,64,100993,1.548399543389678
ks,transformer,correct,101,smooth,final_step,ood,64,63.10439990754264,0,0,64,100993,
ks,transformer,correct,101,smooth,final_step,ood,96,172.4966774031211,0,0,64,100993,
ks,transformer,correct,202,iid,validation_best,test,64,0.35279774917409856,0,0,64,100993,1.5942230820655823
ks,transformer,correct,202,iid,validation_best,test,96,0.8166704531323206,0,0,64,100993,1.5942230820655823
ks,transformer,correct,202,iid,final_step,test,64,0.4221233278464789,0,0,64,100993,
ks,transformer,correct,202,iid,final_step,test,96,0.8420590745837544,0,0,64,100993,
ks,transformer,correct,202,iid,validation_best,ood,64,5.445720561724045,0,0,64,100993,1.5942230820655823
ks,transformer,correct,202,iid,validation_best,ood,96,11.080548877130807,0,0,64,100993,1.5942230820655823
ks,transformer,correct,202,iid,final_step,ood,64,5.863079705107907,0,0,64,100993,
ks,transformer,correct,202,iid,final_step,ood,96,11.859615462312906,0,0,64,100993,
ks,transformer,correct,202,none,validation_best,test,64,0.6534188865962425,0,0,64,100993,1.553217088803649
ks,transformer,correct,202,none,validation_best,test,96,1.6496395383031488,0,0,64,100993,1.553217088803649
ks,transformer,correct,202,none,final_step,test,64,0.7712487927844243,0,0,64,100993,
ks,transformer,correct,202,none,final_step,test,96,1.6270387110311744,0,0,64,100993,
ks,transformer,correct,202,none,validation_best,ood,64,9.904740039694502,0,0,64,100993,1.553217088803649
ks,transformer,correct,202,none,validation_best,ood,96,21.92175530562637,0,0,64,100993,1.553217088803649
ks,transformer,correct,202,none,final_step,ood,64,8.99108028887531,0,0,64,100993,
ks,transformer,correct,202,none,final_step,ood,96,19.355408283172437,0,0,64,100993,
ks,transformer,correct,202,response_matched,validation_best,test,64,0.37385788868392433,0,0,64,100993,1.5750101068988442
ks,transformer,correct,202,response_matched,validation_best,test,96,0.80756242250558,0,0,64,100993,1.5750101068988442
ks,transformer,correct,202,response_matched,final_step,test,64,0.37385788868392433,0,0,64,100993,
ks,transformer,correct,202,response_matched,final_step,test,96,0.80756242250558,0,0,64,100993,
ks,transformer,correct,202,response_matched,validation_best,ood,64,6.68000042577637,0,0,64,100993,1.5750101068988442
ks,transformer,correct,202,response_matched,validation_best,ood,96,11.725405739228488,0,0,64,100993,1.5750101068988442
ks,transformer,correct,202,response_matched,final_step,ood,64,6.68000042577637,0,0,64,100993,
ks,transformer,correct,202,response_matched,final_step,ood,96,11.725405739228488,0,0,64,100993,
ks,transformer,correct,202,smooth,validation_best,test,64,0.5386350892065255,0,0,64,100993,1.5480685979127884
ks,transformer,correct,202,smooth,validation_best,test,96,1.282838965275452,0,0,64,100993,1.5480685979127884
ks,transformer,correct,202,smooth,final_step,test,64,0.5386350892065255,0,0,64,100993,
ks,transformer,correct,202,smooth,final_step,test,96,1.282838965275452,0,0,64,100993,
ks,transformer,correct,202,smooth,validation_best,ood,64,8.082990510939055,0,0,64,100993,1.5480685979127884
ks,transformer,correct,202,smooth,validation_best,ood,96,14.40207698915799,0,0,64,100993,1.5480685979127884
ks,transformer,correct,202,smooth,final_step,ood,64,8.082990510939055,0,0,64,100993,
ks,transformer,correct,202,smooth,final_step,ood,96,14.40207698915799,0,0,64,100993,
ks,transformer,correct,303,iid,validation_best,test,64,0.2921497881657331,0,0,64,100993,1.5393581008538604
ks,transformer,correct,303,iid,validation_best,test,96,0.6741451742882533,0,0,64,100993,1.5393581008538604
ks,transformer,correct,303,iid,final_step,test,64,0.5604694254721192,0,0,64,100993,
ks,transformer,correct,303,iid,final_step,test,96,1.1130829081275984,0,0,64,100993,
ks,transformer,correct,303,iid,validation_best,ood,64,1.3743275476517738,0,0,64,100993,1.5393581008538604
ks,transformer,correct,303,iid,validation_best,ood,96,1.5948236082476797,0,0,64,100993,1.5393581008538604
ks,transformer,correct,303,iid,final_step,ood,64,1.3712574776967585,0,0,64,100993,
ks,transformer,correct,303,iid,final_step,ood,96,1.5860349568892311,0,0,64,100993,
ks,transformer,correct,303,none,validation_best,test,64,0.8504482112388647,0,0,64,100993,1.5894075855612755
ks,transformer,correct,303,none,validation_best,test,96,1.7678957784121736,0,0,64,100993,1.5894075855612755
ks,transformer,correct,303,none,final_step,test,64,0.8504482112388647,0,0,64,100993,
ks,transformer,correct,303,none,final_step,test,96,1.7678957784121736,0,0,64,100993,
ks,transformer,correct,303,none,validation_best,ood,64,3.226524055828804,0,0,64,100993,1.5894075855612755
ks,transformer,correct,303,none,validation_best,ood,96,3.8347288279781724,0,0,64,100993,1.5894075855612755
ks,transformer,correct,303,none,final_step,ood,64,3.226524055828804,0,0,64,100993,
ks,transformer,correct,303,none,final_step,ood,96,3.8347288279781724,0,0,64,100993,
ks,transformer,correct,303,response_matched,validation_best,test,64,0.4656870514270368,0,0,64,100993,1.5394921181723475
ks,transformer,correct,303,response_matched,validation_best,test,96,0.9942848322078419,0,0,64,100993,1.5394921181723475
ks,transformer,correct,303,response_matched,final_step,test,64,0.500479942557511,0,0,64,100993,
ks,transformer,correct,303,response_matched,final_step,test,96,0.9916776207868969,0,0,64,100993,
ks,transformer,correct,303,response_matched,validation_best,ood,64,1.7859771732059926,0,0,64,100993,1.5394921181723475
ks,transformer,correct,303,response_matched,validation_best,ood,96,2.0210892961395075,0,0,64,100993,1.5394921181723475
ks,transformer,correct,303,response_matched,final_step,ood,64,1.6655163568663056,0,0,64,100993,
ks,transformer,correct,303,response_matched,final_step,ood,96,1.8831836455414455,0,0,64,100993,
ks,transformer,correct,303,smooth,validation_best,test,64,0.4832863776091001,0,0,64,100993,1.5469955978915095
ks,transformer,correct,303,smooth,validation_best,test,96,1.1837861880309286,0,0,64,100993,1.5469955978915095
ks,transformer,correct,303,smooth,final_step,test,64,0.5383366194321524,0,0,64,100993,
ks,transformer,correct,303,smooth,final_step,test,96,1.2303097265826333,0,0,64,100993,
ks,transformer,correct,303,smooth,validation_best,ood,64,1.7145732133752745,0,0,64,100993,1.5469955978915095
ks,transformer,correct,303,smooth,validation_best,ood,96,2.056008187410877,0,0,64,100993,1.5469955978915095
ks,transformer,correct,303,smooth,final_step,ood,64,1.7268867525783662,0,0,64,100993,
ks,transformer,correct,303,smooth,final_step,ood,96,2.0682119736206914,0,0,64,100993,
ks,transformer,correct,404,iid,validation_best,test,64,1.2404808847828281,0,0,64,100993,1.5427126083523035
ks,transformer,correct,404,iid,validation_best,test,96,2.230692228906616,0,0,64,100993,1.5427126083523035
ks,transformer,correct,404,iid,final_step,test,64,1.2009925631705247,0,0,64,100993,
ks,transformer,correct,404,iid,final_step,test,96,1.9853304080985825,0,0,64,100993,
ks,transformer,correct,404,iid,validation_best,ood,64,4.811417956955381,0,0,64,100993,1.5427126083523035
ks,transformer,correct,404,iid,validation_best,ood,96,6.827256069132204,0,0,64,100993,1.5427126083523035
ks,transformer,correct,404,iid,final_step,ood,64,4.572266659379977,0,0,64,100993,
ks,transformer,correct,404,iid,final_step,ood,96,6.452702230793761,0,0,64,100993,
ks,transformer,correct,404,none,validation_best,test,64,1.9030440515097,0,0,64,100993,1.573882601223886
ks,transformer,correct,404,none,validation_best,test,96,2.829893100010464,0,0,64,100993,1.573882601223886
ks,transformer,correct,404,none,final_step,test,64,1.8071600606792169,0,0,64,100993,
ks,transformer,correct,404,none,final_step,test,96,2.6969590658367943,0,0,64,100993,
ks,transformer,correct,404,none,validation_best,ood,64,8.075463997436941,0,0,64,100993,1.573882601223886
ks,transformer,correct,404,none,validation_best,ood,96,12.728409515774047,0,0,64,100993,1.573882601223886
ks,transformer,correct,404,none,final_step,ood,64,8.049195238504808,0,0,64,100993,
ks,transformer,correct,404,none,final_step,ood,96,12.611967558816861,0,0,64,100993,
ks,transformer,correct,404,response_matched,validation_best,test,64,0.5694602818911703,0,0,64,100993,1.5460685594007373
ks,transformer,correct,404,response_matched,validation_best,test,96,1.048651537706331,0,0,64,100993,1.5460685594007373
ks,transformer,correct,404,response_matched,final_step,test,64,0.4807133504185481,0,0,64,100993,
ks,transformer,correct,404,response_matched,final_step,test,96,0.9005926057097,0,0,64,100993,
ks,transformer,correct,404,response_matched,validation_best,ood,64,2.242523407910028,0,0,64,100993,1.5460685594007373
ks,transformer,correct,404,response_matched,validation_best,ood,96,2.544580245737923,0,0,64,100993,1.5460685594007373
ks,transformer,correct,404,response_matched,final_step,ood,64,2.2515369258144915,0,0,64,100993,
ks,transformer,correct,404,response_matched,final_step,ood,96,2.5365616006481178,0,0,64,100993,
ks,transformer,correct,404,smooth,validation_best,test,64,1.6477769762787822,0,0,64,100993,1.5406515449285507
ks,transformer,correct,404,smooth,validation_best,test,96,2.5773278655009557,0,0,64,100993,1.5406515449285507
ks,transformer,correct,404,smooth,final_step,test,64,1.6477769762787822,0,0,64,100993,
ks,transformer,correct,404,smooth,final_step,test,96,2.5773278655009557,0,0,64,100993,
ks,transformer,correct,404,smooth,validation_best,ood,64,8.477217713509617,0,0,64,100993,1.5406515449285507
ks,transformer,correct,404,smooth,validation_best,ood,96,13.714076854691484,0,0,64,100993,1.5406515449285507
ks,transformer,correct,404,smooth,final_step,ood,64,8.477217713509617,0,0,64,100993,
ks,transformer,correct,404,smooth,final_step,ood,96,13.714076854691484,0,0,64,100993,
ks,transformer,correct,505,iid,validation_best,test,64,0.4897972208953414,0,0,64,100993,1.548543618991971
ks,transformer,correct,505,iid,validation_best,test,96,0.9363748378472021,0,0,64,100993,1.548543618991971
ks,transformer,correct,505,iid,final_step,test,64,0.4897972208953414,0,0,64,100993,
ks,transformer,correct,505,iid,final_step,test,96,0.9363748378472021,0,0,64,100993,
ks,transformer,correct,505,iid,validation_best,ood,64,4.0671033861463,0,0,64,100993,1.548543618991971
ks,transformer,correct,505,iid,validation_best,ood,96,4.49695350093134,0,0,64,100993,1.548543618991971
ks,transformer,correct,505,iid,final_step,ood,64,4.0671033861463,0,0,64,100993,
ks,transformer,correct,505,iid,final_step,ood,96,4.49695350093134,0,0,64,100993,
ks,transformer,correct,505,none,validation_best,test,64,0.44646170605425306,0,0,64,100993,1.55744852963835
ks,transformer,correct,505,none,validation_best,test,96,0.8785964919621387,0,0,64,100993,1.55744852963835
ks,transformer,correct,505,none,final_step,test,64,0.4284866803073242,0,0,64,100993,
ks,transformer,correct,505,none,final_step,test,96,0.885183318696994,0,0,64,100993,
ks,transformer,correct,505,none,validation_best,ood,64,5.206894547624188,0,0,64,100993,1.55744852963835
ks,transformer,correct,505,none,validation_best,ood,96,6.349422997836427,0,0,64,100993,1.55744852963835
ks,transformer,correct,505,none,final_step,ood,64,5.561628274861732,0,0,64,100993,
ks,transformer,correct,505,none,final_step,ood,96,6.825773853659636,0,0,64,100993,
ks,transformer,correct,505,response_matched,validation_best,test,64,0.41326428823839123,0,0,64,100993,1.5405180398374796
ks,transformer,correct,505,response_matched,validation_best,test,96,0.8394480431632374,0,0,64,100993,1.5405180398374796
ks,transformer,correct,505,response_matched,final_step,test,64,0.40335563878845315,0,0,64,100993,
ks,transformer,correct,505,response_matched,final_step,test,96,0.8469115962488531,0,0,64,100993,
ks,transformer,correct,505,response_matched,validation_best,ood,64,7.648087211231086,0,0,64,100993,1.5405180398374796
ks,transformer,correct,505,response_matched,validation_best,ood,96,9.570431871757743,0,0,64,100993,1.5405180398374796
ks,transformer,correct,505,response_matched,final_step,ood,64,8.002291025044087,0,0,64,100993,
ks,transformer,correct,505,response_matched,final_step,ood,96,10.102840898580022,0,0,64,100993,
ks,transformer,correct,505,smooth,validation_best,test,64,0.751037312881627,0,0,64,100993,1.5615296084433794
ks,transformer,correct,505,smooth,validation_best,test,96,1.4730282909676986,0,0,64,100993,1.5615296084433794
ks,transformer,correct,505,smooth,final_step,test,64,0.751037312881627,0,0,64,100993,
ks,transformer,correct,505,smooth,final_step,test,96,1.4730282909676986,0,0,64,100993,
ks,transformer,correct,505,smooth,validation_best,ood,64,4.295510840205907,0,0,64,100993,1.5615296084433794
ks,transformer,correct,505,smooth,validation_best,ood,96,4.762724332091997,0,0,64,100993,1.5615296084433794
ks,transformer,correct,505,smooth,final_step,ood,64,4.295510840205907,0,0,64,100993,
ks,transformer,correct,505,smooth,final_step,ood,96,4.762724332091997,0,0,64,100993,
ks,transformer,correct,606,iid,validation_best,test,64,0.5260363131704895,0,0,64,100993,1.5455720480531454
ks,transformer,correct,606,iid,validation_best,test,96,1.0529407731430611,0,0,64,100993,1.5455720480531454
ks,transformer,correct,606,iid,final_step,test,64,0.5260363131704895,0,0,64,100993,
ks,transformer,correct,606,iid,final_step,test,96,1.0529407731430611,0,0,64,100993,
ks,transformer,correct,606,iid,validation_best,ood,64,2.377704570023866,0,0,64,100993,1.5455720480531454
ks,transformer,correct,606,iid,validation_best,ood,96,2.821677113755489,0,0,64,100993,1.5455720480531454
ks,transformer,correct,606,iid,final_step,ood,64,2.377704570023866,0,0,64,100993,
ks,transformer,correct,606,iid,final_step,ood,96,2.821677113755489,0,0,64,100993,
ks,transformer,correct,606,none,validation_best,test,64,0.5813097971257606,0,0,64,100993,1.5383475460112095
ks,transformer,correct,606,none,validation_best,test,96,1.2730803883968482,0,0,64,100993,1.5383475460112095
ks,transformer,correct,606,none,final_step,test,64,0.5813097971257606,0,0,64,100993,
ks,transformer,correct,606,none,final_step,test,96,1.2730803883968482,0,0,64,100993,
ks,transformer,correct,606,none,validation_best,ood,64,5.023103809512406,0,0,64,100993,1.5383475460112095
ks,transformer,correct,606,none,validation_best,ood,96,6.488163370253952,0,0,64,100993,1.5383475460112095
ks,transformer,correct,606,none,final_step,ood,64,5.023103809512406,0,0,64,100993,
ks,transformer,correct,606,none,final_step,ood,96,6.488163370253952,0,0,64,100993,
ks,transformer,correct,606,response_matched,validation_best,test,64,0.353391666323601,0,0,64,100993,1.5628731111064553
ks,transformer,correct,606,response_matched,validation_best,test,96,0.7244900103353669,0,0,64,100993,1.5628731111064553
ks,transformer,correct,606,response_matched,final_step,test,64,0.6093907719625662,0,0,64,100993,
ks,transformer,correct,606,response_matched,final_step,test,96,1.0750671031226584,0,0,64,100993,
ks,transformer,correct,606,response_matched,validation_best,ood,64,1.758134745496136,0,0,64,100993,1.5628731111064553
ks,transformer,correct,606,response_matched,validation_best,ood,96,1.9827188931897886,0,0,64,100993,1.5628731111064553
ks,transformer,correct,606,response_matched,final_step,ood,64,1.750060305107354,0,0,64,100993,
ks,transformer,correct,606,response_matched,final_step,ood,96,1.962417441434051,0,0,64,100993,
ks,transformer,correct,606,smooth,validation_best,test,64,0.7572850634563744,0,0,64,100993,1.5429936116561294
ks,transformer,correct,606,smooth,validation_best,test,96,1.6411688903046946,0,0,64,100993,1.5429936116561294
ks,transformer,correct,606,smooth,final_step,test,64,0.7174747169498832,0,0,64,100993,
ks,transformer,correct,606,smooth,final_step,test,96,1.4138440331163358,0,0,64,100993,
ks,transformer,correct,606,smooth,validation_best,ood,64,4.315661413847067,0,0,64,100993,1.5429936116561294
ks,transformer,correct,606,smooth,validation_best,ood,96,5.738655735460307,0,0,64,100993,1.5429936116561294
ks,transformer,correct,606,smooth,final_step,ood,64,5.09615390308511,0,0,64,100993,
ks,transformer,correct,606,smooth,final_step,ood,96,6.82206683505145,0,0,64,100993,
wave,fno,coefficient,101,iid,validation_best,test,64,0.0019691630268706684,0,0,64,210306,1.2786009116098285
wave,fno,coefficient,101,iid,validation_best,test,96,0.0035229168647293494,0,0,64,210306,1.2786009116098285
wave,fno,coefficient,101,iid,final_step,test,64,0.0016821906044100499,0,0,64,210306,
wave,fno,coefficient,101,iid,final_step,test,96,0.0028435885757744548,0,0,64,210306,
wave,fno,coefficient,101,iid,validation_best,ood,64,0.4373256053996215,0,0,64,210306,1.2786009116098285
wave,fno,coefficient,101,iid,validation_best,ood,96,0.690837086433665,0,0,64,210306,1.2786009116098285
wave,fno,coefficient,101,iid,final_step,ood,64,0.388925415543909,0,0,64,210306,
wave,fno,coefficient,101,iid,final_step,ood,96,0.6095877279028722,0,0,64,210306,
wave,fno,coefficient,101,none,validation_best,test,64,0.0002652591707707746,0,0,64,210306,1.279902900569141
wave,fno,coefficient,101,none,validation_best,test,96,0.0004899708187705009,0,0,64,210306,1.279902900569141
wave,fno,coefficient,101,none,final_step,test,64,0.0002652591707707746,0,0,64,210306,
wave,fno,coefficient,101,none,final_step,test,96,0.0004899708187705009,0,0,64,210306,
wave,fno,coefficient,101,none,validation_best,ood,64,0.0991163088318614,0,0,64,210306,1.279902900569141
wave,fno,coefficient,101,none,validation_best,ood,96,0.18819546171402707,0,0,64,210306,1.279902900569141
wave,fno,coefficient,101,none,final_step,ood,64,0.0991163088318614,0,0,64,210306,
wave,fno,coefficient,101,none,final_step,ood,96,0.18819546171402707,0,0,64,210306,
wave,fno,coefficient,101,response_matched,validation_best,test,64,0.0056157630042646955,0,0,64,210306,1.2528293998911977
wave,fno,coefficient,101,response_matched,validation_best,test,96,0.01070064717890292,0,0,64,210306,1.2528293998911977
wave,fno,coefficient,101,response_matched,final_step,test,64,0.027861371239447874,0,0,64,210306,
wave,fno,coefficient,101,response_matched,final_step,test,96,0.09042886556823866,0,0,64,210306,
wave,fno,coefficient,101,response_matched,validation_best,ood,64,0.23481724800642034,0,0,64,210306,1.2528293998911977
wave,fno,coefficient,101,response_matched,validation_best,ood,96,0.4074656588026725,0,0,64,210306,1.2528293998911977
wave,fno,coefficient,101,response_matched,final_step,ood,64,0.6778403907865851,0,0,64,210306,
wave,fno,coefficient,101,response_matched,final_step,ood,96,3.537666253530962,0,0,64,210306,
wave,fno,coefficient,101,smooth,validation_best,test,64,0.002262228684489137,0,0,64,210306,1.282924902625382
wave,fno,coefficient,101,smooth,validation_best,test,96,0.0039197888297260826,0,0,64,210306,1.282924902625382
wave,fno,coefficient,101,smooth,final_step,test,64,0.007862402016018732,0,0,64,210306,
wave,fno,coefficient,101,smooth,final_step,test,96,0.015525370630780078,0,0,64,210306,
wave,fno,coefficient,101,smooth,validation_best,ood,64,0.13207975481403,0,0,64,210306,1.282924902625382
wave,fno,coefficient,101,smooth,validation_best,ood,96,0.22421043000475588,0,0,64,210306,1.282924902625382
wave,fno,coefficient,101,smooth,final_step,ood,64,0.19872659362786038,0,0,64,210306,
wave,fno,coefficient,101,smooth,final_step,ood,96,0.34420724068583297,0,0,64,210306,
wave,fno,coefficient,202,iid,validation_best,test,64,0.003245664375467361,0,0,64,210306,1.342348917387426
wave,fno,coefficient,202,iid,validation_best,test,96,0.005878147621973731,0,0,64,210306,1.342348917387426
wave,fno,coefficient,202,iid,final_step,test,64,0.010920571176065874,0,0,64,210306,
wave,fno,coefficient,202,iid,final_step,test,96,0.020870519111540402,0,0,64,210306,
wave,fno,coefficient,202,iid,validation_best,ood,64,0.15085544747748436,0,0,64,210306,1.342348917387426
wave,fno,coefficient,202,iid,validation_best,ood,96,0.2543051882996501,0,0,64,210306,1.342348917387426
wave,fno,coefficient,202,iid,final_step,ood,64,0.17692746482643074,0,0,64,210306,
wave,fno,coefficient,202,iid,final_step,ood,96,0.30498773072370255,0,0,64,210306,
wave,fno,coefficient,202,none,validation_best,test,64,0.0005867644829735553,0,0,64,210306,1.2500233948230743
wave,fno,coefficient,202,none,validation_best,test,96,0.0010069454178174946,0,0,64,210306,1.2500233948230743
wave,fno,coefficient,202,none,final_step,test,64,0.0009178923238578225,0,0,64,210306,
wave,fno,coefficient,202,none,final_step,test,96,0.001956744504100931,0,0,64,210306,
wave,fno,coefficient,202,none,validation_best,ood,64,0.07770763794180313,0,0,64,210306,1.2500233948230743
wave,fno,coefficient,202,none,validation_best,ood,96,0.14460733563132333,0,0,64,210306,1.2500233948230743
wave,fno,coefficient,202,none,final_step,ood,64,0.055860837687334186,0,0,64,210306,
wave,fno,coefficient,202,none,final_step,ood,96,0.09956451536893032,0,0,64,210306,
wave,fno,coefficient,202,response_matched,validation_best,test,64,0.007975061673332673,0,0,64,210306,1.3704133918508887
wave,fno,coefficient,202,response_matched,validation_best,test,96,0.017486616029788515,0,0,64,210306,1.3704133918508887
wave,fno,coefficient,202,response_matched,final_step,test,64,0.28798760118030486,0,0,64,210306,
wave,fno,coefficient,202,response_matched,final_step,test,96,11.358311066050533,0,0,64,210306,
wave,fno,coefficient,202,response_matched,validation_best,ood,64,0.11860364934300716,0,0,64,210306,1.3704133918508887
wave,fno,coefficient,202,response_matched,validation_best,ood,96,0.24224891611041657,0,0,64,210306,1.3704133918508887
wave,fno,coefficient,202,response_matched,final_step,ood,64,0.8242047597103355,0,0,64,210306,
wave,fno,coefficient,202,response_matched,final_step,ood,96,50.79374289320176,0,0,64,210306,
wave,fno,coefficient,202,smooth,validation_best,test,64,0.0014718413274316527,0,0,64,210306,1.2628023978322744
wave,fno,coefficient,202,smooth,validation_best,test,96,0.0026569572947527467,0,0,64,210306,1.2628023978322744
wave,fno,coefficient,202,smooth,final_step,test,64,0.0014718413274316527,0,0,64,210306,
wave,fno,coefficient,202,smooth,final_step,test,96,0.0026569572947527467,0,0,64,210306,
wave,fno,coefficient,202,smooth,validation_best,ood,64,0.14734618023646462,0,0,64,210306,1.2628023978322744
wave,fno,coefficient,202,smooth,validation_best,ood,96,0.2504056543823457,0,0,64,210306,1.2628023978322744
wave,fno,coefficient,202,smooth,final_step,ood,64,0.14734618023646462,0,0,64,210306,
wave,fno,coefficient,202,smooth,final_step,ood,96,0.2504056543823457,0,0,64,210306,
wave,fno,coefficient,303,iid,validation_best,test,64,0.0024122809718288563,0,0,64,210306,1.2499889126047492
wave,fno,coefficient,303,iid,validation_best,test,96,0.004363615038635009,0,0,64,210306,1.2499889126047492
wave,fno,coefficient,303,iid,final_step,test,64,0.010361587935751121,0,0,64,210306,
wave,fno,coefficient,303,iid,final_step,test,96,0.019747604304950907,0,0,64,210306,
wave,fno,coefficient,303,iid,validation_best,ood,64,0.43010898303452905,0,0,64,210306,1.2499889126047492
wave,fno,coefficient,303,iid,validation_best,ood,96,0.5966456699760936,0,0,64,210306,1.2499889126047492
wave,fno,coefficient,303,iid,final_step,ood,64,0.6497598398487128,0,0,64,210306,
wave,fno,coefficient,303,iid,final_step,ood,96,1.12850625870459,0,0,64,210306,
wave,fno,coefficient,303,none,validation_best,test,64,0.0004735033957352988,0,0,64,210306,1.262430939823389
wave,fno,coefficient,303,none,validation_best,test,96,0.0009026562456474346,0,0,64,210306,1.262430939823389
wave,fno,coefficient,303,none,final_step,test,64,0.001098092340682635,0,0,64,210306,
wave,fno,coefficient,303,none,final_step,test,96,0.001876378067648911,0,0,64,210306,
wave,fno,coefficient,303,none,validation_best,ood,64,0.07176663187542798,0,0,64,210306,1.262430939823389
wave,fno,coefficient,303,none,validation_best,ood,96,0.13597882334328024,0,0,64,210306,1.262430939823389
wave,fno,coefficient,303,none,final_step,ood,64,0.06602231284592142,0,0,64,210306,
wave,fno,coefficient,303,none,final_step,ood,96,0.12627518324416415,0,0,64,210306,
wave,fno,coefficient,303,response_matched,validation_best,test,64,0.009898524014673837,0,0,64,210306,1.249877386726439
wave,fno,coefficient,303,response_matched,validation_best,test,96,0.017933093727123595,0,0,64,210306,1.249877386726439
wave,fno,coefficient,303,response_matched,final_step,test,64,0.03114759048118143,0,0,64,210306,
wave,fno,coefficient,303,response_matched,final_step,test,96,0.05622511252553767,0,0,64,210306,
wave,fno,coefficient,303,response_matched,validation_best,ood,64,0.1375377322798852,0,0,64,210306,1.249877386726439
wave,fno,coefficient,303,response_matched,validation_best,ood,96,0.3022246343957257,0,0,64,210306,1.249877386726439
wave,fno,coefficient,303,response_matched,final_step,ood,64,0.06818339062655321,0,0,64,210306,
wave,fno,coefficient,303,response_matched,final_step,ood,96,0.09485536460099464,0,0,64,210306,
wave,fno,coefficient,303,smooth,validation_best,test,64,0.0035103129627067076,0,0,64,210306,1.2488699285313487
wave,fno,coefficient,303,smooth,validation_best,test,96,0.00599166066297363,0,0,64,210306,1.2488699285313487
wave,fno,coefficient,303,smooth,final_step,test,64,0.005992173459359568,0,0,64,210306,
wave,fno,coefficient,303,smooth,final_step,test,96,0.011485605042119207,0,0,64,210306,
wave,fno,coefficient,303,smooth,validation_best,ood,64,0.0856260065290364,0,0,64,210306,1.2488699285313487
wave,fno,coefficient,303,smooth,validation_best,ood,96,0.16809167723276866,0,0,64,210306,1.2488699285313487
wave,fno,coefficient,303,smooth,final_step,ood,64,0.09757319667633713,0,0,64,210306,
wave,fno,coefficient,303,smooth,final_step,ood,96,0.1684266349687018,0,0,64,210306,
wave,fno,coefficient,404,iid,validation_best,test,64,0.002100959802545113,0,0,64,210306,1.4988149050623178
wave,fno,coefficient,404,iid,validation_best,test,96,0.014653942891961952,0,0,64,210306,1.4988149050623178
wave,fno,coefficient,404,iid,final_step,test,64,0.002100959802545113,0,0,64,210306,
wave,fno,coefficient,404,iid,final_step,test,96,0.014653942891961952,0,0,64,210306,
wave,fno,coefficient,404,iid,validation_best,ood,64,0.3264544201926878,0,0,64,210306,1.4988149050623178
wave,fno,coefficient,404,iid,validation_best,ood,96,0.6172333183365677,0,0,64,210306,1.4988149050623178
wave,fno,coefficient,404,iid,final_step,ood,64,0.3264544201926878,0,0,64,210306,
wave,fno,coefficient,404,iid,final_step,ood,96,0.6172333183365677,0,0,64,210306,
wave,fno,coefficient,404,none,validation_best,test,64,0.00036294175545239886,0,0,64,210306,1.248306897468865
wave,fno,coefficient,404,none,validation_best,test,96,0.0006281262662788563,0,0,64,210306,1.248306897468865
wave,fno,coefficient,404,none,final_step,test,64,0.0005203758750036529,0,0,64,210306,
wave,fno,coefficient,404,none,final_step,test,96,0.0009365515606689703,0,0,64,210306,
wave,fno,coefficient,404,none,validation_best,ood,64,0.0733063077802174,0,0,64,210306,1.248306897468865
wave,fno,coefficient,404,none,validation_best,ood,96,0.14097282234201902,0,0,64,210306,1.248306897468865
wave,fno,coefficient,404,none,final_step,ood,64,0.07851086490139902,0,0,64,210306,
wave,fno,coefficient,404,none,final_step,ood,96,0.1474791967529132,0,0,64,210306,
wave,fno,coefficient,404,response_matched,validation_best,test,64,0.005622598299853565,0,0,64,210306,1.2710779439657927
wave,fno,coefficient,404,response_matched,validation_best,test,96,0.011145780561986045,0,0,64,210306,1.2710779439657927
wave,fno,coefficient,404,response_matched,final_step,test,64,0.032345305186747775,0,0,64,210306,
wave,fno,coefficient,404,response_matched,final_step,test,96,0.5821426561310803,0,0,64,210306,
wave,fno,coefficient,404,response_matched,validation_best,ood,64,0.12506894718806905,0,0,64,210306,1.2710779439657927
wave,fno,coefficient,404,response_matched,validation_best,ood,96,0.22088630053196806,0,0,64,210306,1.2710779439657927
wave,fno,coefficient,404,response_matched,final_step,ood,64,0.8078764406862291,0,0,64,210306,
wave,fno,coefficient,404,response_matched,final_step,ood,96,13.350874904216226,0,0,64,210306,
wave,fno,coefficient,404,smooth,validation_best,test,64,0.004570687323909056,0,0,64,210306,1.4467083849012852
wave,fno,coefficient,404,smooth,validation_best,test,96,0.008644758122445714,0,0,64,210306,1.4467083849012852
wave,fno,coefficient,404,smooth,final_step,test,64,0.003814406215773253,0,0,64,210306,
wave,fno,coefficient,404,smooth,final_step,test,96,0.007163197443441423,0,0,64,210306,
wave,fno,coefficient,404,smooth,validation_best,ood,64,0.09422096408439273,0,0,64,210306,1.4467083849012852
wave,fno,coefficient,404,smooth,validation_best,ood,96,0.16274948267713302,0,0,64,210306,1.4467083849012852
wave,fno,coefficient,404,smooth,final_step,ood,64,0.1676804647971366,0,0,64,210306,
wave,fno,coefficient,404,smooth,final_step,ood,96,0.2908883576427712,0,0,64,210306,
wave,fno,coefficient,505,iid,validation_best,test,64,0.005295142468792896,0,0,64,210306,1.4347179094329476
wave,fno,coefficient,505,iid,validation_best,test,96,0.009361370636846037,0,0,64,210306,1.4347179094329476
wave,fno,coefficient,505,iid,final_step,test,64,0.01205821631543863,0,0,64,210306,
wave,fno,coefficient,505,iid,final_step,test,96,0.09103567932425027,0,0,64,210306,
wave,fno,coefficient,505,iid,validation_best,ood,64,0.5149688139856021,0,0,64,210306,1.4347179094329476
wave,fno,coefficient,505,iid,validation_best,ood,96,1.2360226694237313,0,0,64,210306,1.4347179094329476
wave,fno,coefficient,505,iid,final_step,ood,64,0.8812560960743205,0,0,64,210306,
wave,fno,coefficient,505,iid,final_step,ood,96,1.6252035156031823,0,0,64,210306,
wave,fno,coefficient,505,none,validation_best,test,64,0.000544543345864696,0,0,64,210306,1.2703413842245936
wave,fno,coefficient,505,none,validation_best,test,96,0.000955213157271847,0,0,64,210306,1.2703413842245936
wave,fno,coefficient,505,none,final_step,test,64,0.0011032006995488081,0,0,64,210306,
wave,fno,coefficient,505,none,final_step,test,96,0.001973034649970582,0,0,64,210306,
wave,fno,coefficient,505,none,validation_best,ood,64,0.06646842277770348,0,0,64,210306,1.2703413842245936
wave,fno,coefficient,505,none,validation_best,ood,96,0.11617426410006745,0,0,64,210306,1.2703413842245936
wave,fno,coefficient,505,none,final_step,ood,64,0.06657925729668701,0,0,64,210306,
wave,fno,coefficient,505,none,final_step,ood,96,0.11758436223947832,0,0,64,210306,
wave,fno,coefficient,505,response_matched,validation_best,test,64,0.0036554118403763214,0,0,64,210306,1.2463329592719674
wave,fno,coefficient,505,response_matched,validation_best,test,96,0.007240155207279461,0,0,64,210306,1.2463329592719674
wave,fno,coefficient,505,response_matched,final_step,test,64,0.06650948547856017,0,0,64,210306,
wave,fno,coefficient,505,response_matched,final_step,test,96,0.2955792871835462,0,0,64,210306,
wave,fno,coefficient,505,response_matched,validation_best,ood,64,0.03836377352084086,0,0,64,210306,1.2463329592719674
wave,fno,coefficient,505,response_matched,validation_best,ood,96,0.06407955086238237,0,0,64,210306,1.2463329592719674
wave,fno,coefficient,505,response_matched,final_step,ood,64,0.3466356162382347,0,0,64,210306,
wave,fno,coefficient,505,response_matched,final_step,ood,96,1.9502380990302228,0,0,64,210306,
wave,fno,coefficient,505,smooth,validation_best,test,64,0.0026317159228635423,0,0,64,210306,1.2449888978153467
wave,fno,coefficient,505,smooth,validation_best,test,96,0.005121295217598927,0,0,64,210306,1.2449888978153467
wave,fno,coefficient,505,smooth,final_step,test,64,0.004044383695786913,0,0,64,210306,
wave,fno,coefficient,505,smooth,final_step,test,96,0.007442989807800818,0,0,64,210306,
wave,fno,coefficient,505,smooth,validation_best,ood,64,0.05131754430033686,0,0,64,210306,1.2449888978153467
wave,fno,coefficient,505,smooth,validation_best,ood,96,0.08381487811880431,0,0,64,210306,1.2449888978153467
wave,fno,coefficient,505,smooth,final_step,ood,64,0.09120823121105559,0,0,64,210306,
wave,fno,coefficient,505,smooth,final_step,ood,96,0.15436777435263593,0,0,64,210306,
wave,fno,coefficient,606,iid,validation_best,test,64,0.004763063002660828,0,0,64,210306,1.3116144109517336
wave,fno,coefficient,606,iid,validation_best,test,96,0.008614984761648126,0,0,64,210306,1.3116144109517336
wave,fno,coefficient,606,iid,final_step,test,64,0.01994307804665263,0,0,64,210306,
wave,fno,coefficient,606,iid,final_step,test,96,0.4846727080487586,0,0,64,210306,
wave,fno,coefficient,606,iid,validation_best,ood,64,0.2679703460603342,0,0,64,210306,1.3116144109517336
wave,fno,coefficient,606,iid,validation_best,ood,96,0.4596349331359283,0,0,64,210306,1.3116144109517336
wave,fno,coefficient,606,iid,final_step,ood,64,0.31024612527875206,0,0,64,210306,
wave,fno,coefficient,606,iid,final_step,ood,96,0.686758066530236,0,0,64,210306,
wave,fno,coefficient,606,none,validation_best,test,64,0.0002340570422284336,0,0,64,210306,1.2459884397685528
wave,fno,coefficient,606,none,validation_best,test,96,0.00039990090020986544,0,0,64,210306,1.2459884397685528
wave,fno,coefficient,606,none,final_step,test,64,0.0005743500241165989,0,0,64,210306,
wave,fno,coefficient,606,none,final_step,test,96,0.0010138624596649124,0,0,64,210306,
wave,fno,coefficient,606,none,validation_best,ood,64,0.07585337639888001,0,0,64,210306,1.2459884397685528
wave,fno,coefficient,606,none,validation_best,ood,96,0.14450094384552248,0,0,64,210306,1.2459884397685528
wave,fno,coefficient,606,none,final_step,ood,64,0.06818848957480861,0,0,64,210306,
wave,fno,coefficient,606,none,final_step,ood,96,0.1331411426805575,0,0,64,210306,
wave,fno,coefficient,606,response_matched,validation_best,test,64,0.0074565546557977536,0,0,64,210306,1.246817409992218
wave,fno,coefficient,606,response_matched,validation_best,test,96,0.014098357585534904,0,0,64,210306,1.246817409992218
wave,fno,coefficient,606,response_matched,final_step,test,64,0.019865949047109033,0,0,64,210306,
wave,fno,coefficient,606,response_matched,final_step,test,96,0.04003246931694589,0,0,64,210306,
wave,fno,coefficient,606,response_matched,validation_best,ood,64,0.1528602350108903,0,0,64,210306,1.246817409992218
wave,fno,coefficient,606,response_matched,validation_best,ood,96,0.27194814690364844,0,0,64,210306,1.246817409992218
wave,fno,coefficient,606,response_matched,final_step,ood,64,0.17776900251259065,0,0,64,210306,
wave,fno,coefficient,606,response_matched,final_step,ood,96,0.30423305902315667,0,0,64,210306,
wave,fno,coefficient,606,smooth,validation_best,test,64,0.0032640327839379424,0,0,64,210306,1.2661094078794122
wave,fno,coefficient,606,smooth,validation_best,test,96,0.0060966039531387866,0,0,64,210306,1.2661094078794122
wave,fno,coefficient,606,smooth,final_step,test,64,0.011178753792470908,0,0,64,210306,
wave,fno,coefficient,606,smooth,final_step,test,96,0.022165295911685957,0,0,64,210306,
wave,fno,coefficient,606,smooth,validation_best,ood,64,0.1095751536765821,0,0,64,210306,1.2661094078794122
wave,fno,coefficient,606,smooth,validation_best,ood,96,0.18698067324733478,0,0,64,210306,1.2661094078794122
wave,fno,coefficient,606,smooth,final_step,ood,64,0.22668650003668134,0,0,64,210306,
wave,fno,coefficient,606,smooth,final_step,ood,96,0.3876456519005392,0,0,64,210306,
wave,fno,correct,101,iid,validation_best,test,64,0.004894508859866725,0,0,64,210306,1.3350404566153884
wave,fno,correct,101,iid,validation_best,test,96,0.0085222991434958,0,0,64,210306,1.3350404566153884
wave,fno,correct,101,iid,final_step,test,64,0.004894508859866725,0,0,64,210306,
wave,fno,correct,101,iid,final_step,test,96,0.0085222991434958,0,0,64,210306,
wave,fno,correct,101,iid,validation_best,ood,64,0.4675733378598821,0,0,64,210306,1.3350404566153884
wave,fno,correct,101,iid,validation_best,ood,96,0.7201380736459981,0,0,64,210306,1.3350404566153884
wave,fno,correct,101,iid,final_step,ood,64,0.4675733378598821,0,0,64,210306,
wave,fno,correct,101,iid,final_step,ood,96,0.7201380736459981,0,0,64,210306,
wave,fno,correct,101,none,validation_best,test,64,0.00037727955761145474,0,0,64,210306,1.2460228987038136
wave,fno,correct,101,none,validation_best,test,96,0.000583207044672659,0,0,64,210306,1.2460228987038136
wave,fno,correct,101,none,final_step,test,64,0.0004142818545167584,0,0,64,210306,
wave,fno,correct,101,none,final_step,test,96,0.0007914662190788893,0,0,64,210306,
wave,fno,correct,101,none,validation_best,ood,64,0.11008362835462959,0,0,64,210306,1.2460228987038136
wave,fno,correct,101,none,validation_best,ood,96,0.2058752493650215,0,0,64,210306,1.2460228987038136
wave,fno,correct,101,none,final_step,ood,64,0.09831063466189605,0,0,64,210306,
wave,fno,correct,101,none,final_step,ood,96,0.1881900068482191,0,0,64,210306,
wave,fno,correct,101,response_matched,validation_best,test,64,0.0005106250449352472,0,0,64,210306,1.3628188986331224
wave,fno,correct,101,response_matched,validation_best,test,96,0.0009028608858965166,0,0,64,210306,1.3628188986331224
wave,fno,correct,101,response_matched,final_step,test,64,0.04535163859207664,0,0,64,210306,
wave,fno,correct,101,response_matched,final_step,test,96,0.11457429931711463,0,0,64,210306,
wave,fno,correct,101,response_matched,validation_best,ood,64,0.16220661924687185,0,0,64,210306,1.3628188986331224
wave,fno,correct,101,response_matched,validation_best,ood,96,0.2949087932103005,0,0,64,210306,1.3628188986331224
wave,fno,correct,101,response_matched,final_step,ood,64,0.19405441278420676,0,0,64,210306,
wave,fno,correct,101,response_matched,final_step,ood,96,0.403512440628813,0,0,64,210306,
wave,fno,correct,101,smooth,validation_best,test,64,0.0001214238493510069,0,0,64,210306,1.247386448085308
wave,fno,correct,101,smooth,validation_best,test,96,0.00021123572414898906,0,0,64,210306,1.247386448085308
wave,fno,correct,101,smooth,final_step,test,64,0.00020971811669003027,0,0,64,210306,
wave,fno,correct,101,smooth,final_step,test,96,0.0003766805101047266,0,0,64,210306,
wave,fno,correct,101,smooth,validation_best,ood,64,0.056201241191055296,0,0,64,210306,1.247386448085308
wave,fno,correct,101,smooth,validation_best,ood,96,0.09890852890885604,0,0,64,210306,1.247386448085308
wave,fno,correct,101,smooth,final_step,ood,64,0.06327324271959611,0,0,64,210306,
wave,fno,correct,101,smooth,final_step,ood,96,0.10953109383189505,0,0,64,210306,
wave,fno,correct,202,iid,validation_best,test,64,0.007335788443601998,0,0,64,210306,1.3717344030737877
wave,fno,correct,202,iid,validation_best,test,96,0.013553196244679508,0,0,64,210306,1.3717344030737877
wave,fno,correct,202,iid,final_step,test,64,0.010992943406132272,0,0,64,210306,
wave,fno,correct,202,iid,final_step,test,96,0.021448527107183778,0,0,64,210306,
wave,fno,correct,202,iid,validation_best,ood,64,0.30752277358767266,0,0,64,210306,1.3717344030737877
wave,fno,correct,202,iid,validation_best,ood,96,0.7838332146381752,0,0,64,210306,1.3717344030737877
wave,fno,correct,202,iid,final_step,ood,64,0.4087865881639967,0,0,64,210306,
wave,fno,correct,202,iid,final_step,ood,96,1.5044531065245448,0,0,64,210306,
wave,fno,correct,202,none,validation_best,test,64,0.0005946035108087416,0,0,64,210306,1.2473763898015022
wave,fno,correct,202,none,validation_best,test,96,0.0012641195593089682,0,0,64,210306,1.2473763898015022
wave,fno,correct,202,none,final_step,test,64,0.0005946035108087416,0,0,64,210306,
wave,fno,correct,202,none,final_step,test,96,0.0012641195593089682,0,0,64,210306,
wave,fno,correct,202,none,validation_best,ood,64,0.058992041711206866,0,0,64,210306,1.2473763898015022
wave,fno,correct,202,none,validation_best,ood,96,0.10579015012427817,0,0,64,210306,1.2473763898015022
wave,fno,correct,202,none,final_step,ood,64,0.058992041711206866,0,0,64,210306,
wave,fno,correct,202,none,final_step,ood,96,0.10579015012427817,0,0,64,210306,
wave,fno,correct,202,response_matched,validation_best,test,64,0.001454592587264547,0,0,64,210306,1.3545633992180228
wave,fno,correct,202,response_matched,validation_best,test,96,0.009924067769616777,0,0,64,210306,1.3545633992180228
wave,fno,correct,202,response_matched,final_step,test,64,12.864195804241124,0,0,64,210306,
wave,fno,correct,202,response_matched,final_step,test,96,506.5759865355299,0,0,64,210306,
wave,fno,correct,202,response_matched,validation_best,ood,64,0.08445498715317079,0,0,64,210306,1.3545633992180228
wave,fno,correct,202,response_matched,validation_best,ood,96,0.6517068005023757,0,0,64,210306,1.3545633992180228
wave,fno,correct,202,response_matched,final_step,ood,64,92.80861148496663,0,0,64,210306,
wave,fno,correct,202,response_matched,final_step,ood,96,3013.086658032472,0,0,64,210306,
wave,fno,correct,202,smooth,validation_best,test,64,0.00013994206419659302,0,0,64,210306,1.2454879004508257
wave,fno,correct,202,smooth,validation_best,test,96,0.0002360500173058643,0,0,64,210306,1.2454879004508257
wave,fno,correct,202,smooth,final_step,test,64,0.00013994206419659302,0,0,64,210306,
wave,fno,correct,202,smooth,final_step,test,96,0.0002360500173058643,0,0,64,210306,
wave,fno,correct,202,smooth,validation_best,ood,64,0.03272534472854893,0,0,64,210306,1.2454879004508257
wave,fno,correct,202,smooth,validation_best,ood,96,0.05166636103885598,0,0,64,210306,1.2454879004508257
wave,fno,correct,202,smooth,final_step,ood,64,0.03272534472854893,0,0,64,210306,
wave,fno,correct,202,smooth,final_step,ood,96,0.05166636103885598,0,0,64,210306,
wave,fno,correct,303,iid,validation_best,test,64,0.009539679377184668,0,0,64,210306,1.2473999056965113
wave,fno,correct,303,iid,validation_best,test,96,0.017197810282236454,0,0,64,210306,1.2473999056965113
wave,fno,correct,303,iid,final_step,test,64,0.039567147525969626,0,0,64,210306,
wave,fno,correct,303,iid,final_step,test,96,0.08354314772258295,0,0,64,210306,
wave,fno,correct,303,iid,validation_best,ood,64,0.7550559288946275,0,0,64,210306,1.2473999056965113
wave,fno,correct,303,iid,validation_best,ood,96,1.3558101628495034,0,0,64,210306,1.2473999056965113
wave,fno,correct,303,iid,final_step,ood,64,0.5948815814287407,0,0,64,210306,
wave,fno,correct,303,iid,final_step,ood,96,0.9794916591070285,0,0,64,210306,
wave,fno,correct,303,none,validation_best,test,64,0.00045566103065482113,0,0,64,210306,1.356950937770307
wave,fno,correct,303,none,validation_best,test,96,0.0008543214763925735,0,0,64,210306,1.356950937770307
wave,fno,correct,303,none,final_step,test,64,0.0010701855484312652,0,0,64,210306,
wave,fno,correct,303,none,final_step,test,96,0.001864311009012385,0,0,64,210306,
wave,fno,correct,303,none,validation_best,ood,64,0.07155550163575564,0,0,64,210306,1.356950937770307
wave,fno,correct,303,none,validation_best,ood,96,0.13615596723948808,0,0,64,210306,1.356950937770307
wave,fno,correct,303,none,final_step,ood,64,0.06690613568746628,0,0,64,210306,
wave,fno,correct,303,none,final_step,ood,96,0.1286336295563936,0,0,64,210306,
wave,fno,correct,303,response_matched,validation_best,test,64,0.0009653781831244768,0,0,64,210306,1.2490254361182451
wave,fno,correct,303,response_matched,validation_best,test,96,0.0019132504499451326,0,0,64,210306,1.2490254361182451
wave,fno,correct,303,response_matched,final_step,test,64,0.18328035355062805,0,0,64,210306,
wave,fno,correct,303,response_matched,final_step,test,96,0.3022179189152132,0,0,64,210306,
wave,fno,correct,303,response_matched,validation_best,ood,64,0.10574460221046067,0,0,64,210306,1.2490254361182451
wave,fno,correct,303,response_matched,validation_best,ood,96,0.21728699292965103,0,0,64,210306,1.2490254361182451
wave,fno,correct,303,response_matched,final_step,ood,64,0.5379433199322889,0,0,64,210306,
wave,fno,correct,303,response_matched,final_step,ood,96,0.7025563457706548,0,0,64,210306,
wave,fno,correct,303,smooth,validation_best,test,64,0.00019372693236156813,0,0,64,210306,1.2839854462072253
wave,fno,correct,303,smooth,validation_best,test,96,0.00033033365749611987,0,0,64,210306,1.2839854462072253
wave,fno,correct,303,smooth,final_step,test,64,0.00021972687011660372,0,0,64,210306,
wave,fno,correct,303,smooth,final_step,test,96,0.0003673688571156607,0,0,64,210306,
wave,fno,correct,303,smooth,validation_best,ood,64,0.0502006523947367,0,0,64,210306,1.2839854462072253
wave,fno,correct,303,smooth,validation_best,ood,96,0.085992586815309,0,0,64,210306,1.2839854462072253
wave,fno,correct,303,smooth,final_step,ood,64,0.04044187234771135,0,0,64,210306,
wave,fno,correct,303,smooth,final_step,ood,96,0.06901963570625795,0,0,64,210306,
wave,fno,correct,404,iid,validation_best,test,64,0.0030249939145765986,0,0,64,210306,1.3411379419267178
wave,fno,correct,404,iid,validation_best,test,96,0.004632947529016283,0,0,64,210306,1.3411379419267178
wave,fno,correct,404,iid,final_step,test,64,0.0030249939145765986,0,0,64,210306,
wave,fno,correct,404,iid,final_step,test,96,0.004632947529016283,0,0,64,210306,
wave,fno,correct,404,iid,validation_best,ood,64,0.18010156845923575,0,0,64,210306,1.3411379419267178
wave,fno,correct,404,iid,validation_best,ood,96,0.3238780283703969,0,0,64,210306,1.3411379419267178
wave,fno,correct,404,iid,final_step,ood,64,0.18010156845923575,0,0,64,210306,
wave,fno,correct,404,iid,final_step,ood,96,0.3238780283703969,0,0,64,210306,
wave,fno,correct,404,none,validation_best,test,64,0.0003437881317407184,0,0,64,210306,1.339194388128817
wave,fno,correct,404,none,validation_best,test,96,0.0006180518145108224,0,0,64,210306,1.339194388128817
wave,fno,correct,404,none,final_step,test,64,0.0005307293440515656,0,0,64,210306,
wave,fno,correct,404,none,final_step,test,96,0.0009526335985833995,0,0,64,210306,
wave,fno,correct,404,none,validation_best,ood,64,0.09060597786561231,0,0,64,210306,1.339194388128817
wave,fno,correct,404,none,validation_best,ood,96,0.1704972426079352,0,0,64,210306,1.339194388128817
wave,fno,correct,404,none,final_step,ood,64,0.0789200394495495,0,0,64,210306,
wave,fno,correct,404,none,final_step,ood,96,0.14798347721584548,0,0,64,210306,
wave,fno,correct,404,response_matched,validation_best,test,64,0.0005381011259155584,0,0,64,210306,1.3216404477134347
wave,fno,correct,404,response_matched,validation_best,test,96,0.0008901835786475933,0,0,64,210306,1.3216404477134347
wave,fno,correct,404,response_matched,final_step,test,64,0.7827138120793766,0,0,64,210306,
wave,fno,correct,404,response_matched,final_step,test,96,29.91144309813908,0,0,64,210306,
wave,fno,correct,404,response_matched,validation_best,ood,64,0.0959885427382321,0,0,64,210306,1.3216404477134347
wave,fno,correct,404,response_matched,validation_best,ood,96,0.17568345002834862,0,0,64,210306,1.3216404477134347
wave,fno,correct,404,response_matched,final_step,ood,64,14.562385222724437,0,0,64,210306,
wave,fno,correct,404,response_matched,final_step,ood,96,224.17459508518303,0,0,64,210306,
wave,fno,correct,404,smooth,validation_best,test,64,0.00012803175703373325,0,0,64,210306,1.2492239009588957
wave,fno,correct,404,smooth,validation_best,test,96,0.00020912070131324953,0,0,64,210306,1.2492239009588957
wave,fno,correct,404,smooth,final_step,test,64,0.0005104012054542584,0,0,64,210306,
wave,fno,correct,404,smooth,final_step,test,96,0.0009497228572056999,0,0,64,210306,
wave,fno,correct,404,smooth,validation_best,ood,64,0.037344161846125656,0,0,64,210306,1.2492239009588957
wave,fno,correct,404,smooth,validation_best,ood,96,0.0635913281199246,0,0,64,210306,1.2492239009588957
wave,fno,correct,404,smooth,final_step,ood,64,0.042515406442915404,0,0,64,210306,
wave,fno,correct,404,smooth,final_step,ood,96,0.07305930731421428,0,0,64,210306,
wave,fno,correct,505,iid,validation_best,test,64,0.011957231471360852,0,0,64,210306,1.273685391061008
wave,fno,correct,505,iid,validation_best,test,96,0.021327271562287864,0,0,64,210306,1.273685391061008
wave,fno,correct,505,iid,final_step,test,64,0.011957231471360852,0,0,64,210306,
wave,fno,correct,505,iid,final_step,test,96,0.021327271562287864,0,0,64,210306,
wave,fno,correct,505,iid,validation_best,ood,64,0.7634989767364857,0,0,64,210306,1.273685391061008
wave,fno,correct,505,iid,validation_best,ood,96,1.7544187965909828,0,0,64,210306,1.273685391061008
wave,fno,correct,505,iid,final_step,ood,64,0.7634989767364857,0,0,64,210306,
wave,fno,correct,505,iid,final_step,ood,96,1.7544187965909828,0,0,64,210306,
wave,fno,correct,505,none,validation_best,test,64,0.0005671563858391827,0,0,64,210306,1.252903905697167
wave,fno,correct,505,none,validation_best,test,96,0.0009958670368381294,0,0,64,210306,1.252903905697167
wave,fno,correct,505,none,final_step,test,64,0.0011425882219149898,0,0,64,210306,
wave,fno,correct,505,none,final_step,test,96,0.0020563620993596307,0,0,64,210306,
wave,fno,correct,505,none,validation_best,ood,64,0.06604324274486517,0,0,64,210306,1.252903905697167
wave,fno,correct,505,none,validation_best,ood,96,0.1154173348513797,0,0,64,210306,1.252903905697167
wave,fno,correct,505,none,final_step,ood,64,0.06762641065591168,0,0,64,210306,
wave,fno,correct,505,none,final_step,ood,96,0.11925901793858411,0,0,64,210306,
wave,fno,correct,505,response_matched,validation_best,test,64,0.0016474860240890399,0,0,64,210306,1.392122940160334
wave,fno,correct,505,response_matched,validation_best,test,96,0.0032679036962633594,0,0,64,210306,1.392122940160334
wave,fno,correct,505,response_matched,final_step,test,64,3.9834233665481675,0,0,64,210306,
wave,fno,correct,505,response_matched,final_step,test,96,19.677406886661828,0,0,64,210306,
wave,fno,correct,505,response_matched,validation_best,ood,64,0.07047296570131723,0,0,64,210306,1.392122940160334
wave,fno,correct,505,response_matched,validation_best,ood,96,0.11879178973592541,0,0,64,210306,1.392122940160334
wave,fno,correct,505,response_matched,final_step,ood,64,4.668951761232533,0,0,64,210306,
wave,fno,correct,505,response_matched,final_step,ood,96,17.54107272459587,0,0,64,210306,
wave,fno,correct,505,smooth,validation_best,test,64,0.0001583413559304598,0,0,64,210306,1.2505999067798257
wave,fno,correct,505,smooth,validation_best,test,96,0.0002705397783447928,0,0,64,210306,1.2505999067798257
wave,fno,correct,505,smooth,final_step,test,64,0.0007759902499324088,0,0,64,210306,
wave,fno,correct,505,smooth,final_step,test,96,0.0014954133441388274,0,0,64,210306,
wave,fno,correct,505,smooth,validation_best,ood,64,0.05812886492807401,0,0,64,210306,1.2505999067798257
wave,fno,correct,505,smooth,validation_best,ood,96,0.0920735664511921,0,0,64,210306,1.2505999067798257
wave,fno,correct,505,smooth,final_step,ood,64,0.047298960157790226,0,0,64,210306,
wave,fno,correct,505,smooth,final_step,ood,96,0.07663908950641543,0,0,64,210306,
wave,fno,correct,606,iid,validation_best,test,64,0.0027506042522517926,0,0,64,210306,1.2480073841288686
wave,fno,correct,606,iid,validation_best,test,96,0.005071764220481149,0,0,64,210306,1.2480073841288686
wave,fno,correct,606,iid,final_step,test,64,0.0027506042522517926,0,0,64,210306,
wave,fno,correct,606,iid,final_step,test,96,0.005071764220481149,0,0,64,210306,
wave,fno,correct,606,iid,validation_best,ood,64,0.2542639801683464,0,0,64,210306,1.2480073841288686
wave,fno,correct,606,iid,validation_best,ood,96,0.42111133364942555,0,0,64,210306,1.2480073841288686
wave,fno,correct,606,iid,final_step,ood,64,0.2542639801683464,0,0,64,210306,
wave,fno,correct,606,iid,final_step,ood,96,0.42111133364942555,0,0,64,210306,
wave,fno,correct,606,none,validation_best,test,64,0.0002768717900239973,0,0,64,210306,1.245655445381999
wave,fno,correct,606,none,validation_best,test,96,0.0004401849006040055,0,0,64,210306,1.245655445381999
wave,fno,correct,606,none,final_step,test,64,0.0005182972621680885,0,0,64,210306,
wave,fno,correct,606,none,final_step,test,96,0.000944978165132112,0,0,64,210306,
wave,fno,correct,606,none,validation_best,ood,64,0.07098487438622691,0,0,64,210306,1.245655445381999
wave,fno,correct,606,none,validation_best,ood,96,0.13345928302010193,0,0,64,210306,1.245655445381999
wave,fno,correct,606,none,final_step,ood,64,0.07869259581581556,0,0,64,210306,
wave,fno,correct,606,none,final_step,ood,96,0.15460692156003533,0,0,64,210306,
wave,fno,correct,606,response_matched,validation_best,test,64,0.0003517191947375979,0,0,64,210306,1.2844904093071818
wave,fno,correct,606,response_matched,validation_best,test,96,0.0006555471071092144,0,0,64,210306,1.2844904093071818
wave,fno,correct,606,response_matched,final_step,test,64,0.026645374001376718,0,0,64,210306,
wave,fno,correct,606,response_matched,final_step,test,96,0.05760406599450654,0,0,64,210306,
wave,fno,correct,606,response_matched,validation_best,ood,64,0.07701418416937633,0,0,64,210306,1.2844904093071818
wave,fno,correct,606,response_matched,validation_best,ood,96,0.14619327523566827,0,0,64,210306,1.2844904093071818
wave,fno,correct,606,response_matched,final_step,ood,64,0.09857870873590002,0,0,64,210306,
wave,fno,correct,606,response_matched,final_step,ood,96,0.17337504920291735,0,0,64,210306,
wave,fno,correct,606,smooth,validation_best,test,64,0.00011098442871452022,0,0,64,210306,1.340812910348177
wave,fno,correct,606,smooth,validation_best,test,96,0.0001879547972482599,0,0,64,210306,1.340812910348177
wave,fno,correct,606,smooth,final_step,test,64,0.00032644582023913515,0,0,64,210306,
wave,fno,correct,606,smooth,final_step,test,96,0.0006421479326284933,0,0,64,210306,
wave,fno,correct,606,smooth,validation_best,ood,64,0.05376681012089035,0,0,64,210306,1.340812910348177
wave,fno,correct,606,smooth,validation_best,ood,96,0.09230390257097998,0,0,64,210306,1.340812910348177
wave,fno,correct,606,smooth,final_step,ood,64,0.03623078648836353,0,0,64,210306,
wave,fno,correct,606,smooth,final_step,ood,96,0.06146309738933287,0,0,64,210306,
wave,looped,coefficient,101,iid,validation_best,test,64,0.014084253868277496,0,0,64,34178,1.526318397372961
wave,looped,coefficient,101,iid,validation_best,test,96,0.022218347112263302,0,0,64,34178,1.526318397372961
wave,looped,coefficient,101,iid,final_step,test,64,0.023345494916060527,0,0,64,34178,
wave,looped,coefficient,101,iid,final_step,test,96,0.03802736272209224,0,0,64,34178,
wave,looped,coefficient,101,iid,validation_best,ood,64,1.1553529553809199,0,0,64,34178,1.526318397372961
wave,looped,coefficient,101,iid,validation_best,ood,96,1.2303574394092038,0,0,64,34178,1.526318397372961
wave,looped,coefficient,101,iid,final_step,ood,64,1.113931448313565,0,0,64,34178,
wave,looped,coefficient,101,iid,final_step,ood,96,1.1736864442925707,0,0,64,34178,
wave,looped,coefficient,101,none,validation_best,test,64,0.0018664844652180879,0,0,64,34178,1.5193664003163576
wave,looped,coefficient,101,none,validation_best,test,96,0.0028285422850872583,0,0,64,34178,1.5193664003163576
wave,looped,coefficient,101,none,final_step,test,64,0.0020546288877825725,0,0,64,34178,
wave,looped,coefficient,101,none,final_step,test,96,0.0029438855321701394,0,0,64,34178,
wave,looped,coefficient,101,none,validation_best,ood,64,1.015997703994998,0,0,64,34178,1.5193664003163576
wave,looped,coefficient,101,none,validation_best,ood,96,1.2515090839589411,0,0,64,34178,1.5193664003163576
wave,looped,coefficient,101,none,final_step,ood,64,1.0116119952844542,0,0,64,34178,
wave,looped,coefficient,101,none,final_step,ood,96,1.2622088817012127,0,0,64,34178,
wave,looped,coefficient,101,response_matched,validation_best,test,64,0.0056241331093718205,0,0,64,34178,1.53513690456748
wave,looped,coefficient,101,response_matched,validation_best,test,96,0.009459554496937658,0,0,64,34178,1.53513690456748
wave,looped,coefficient,101,response_matched,final_step,test,64,0.009640734939058704,0,0,64,34178,
wave,looped,coefficient,101,response_matched,final_step,test,96,0.016457871207263386,0,0,64,34178,
wave,looped,coefficient,101,response_matched,validation_best,ood,64,1.2007588791225032,0,0,64,34178,1.53513690456748
wave,looped,coefficient,101,response_matched,validation_best,ood,96,1.4934892934145978,0,0,64,34178,1.53513690456748
wave,looped,coefficient,101,response_matched,final_step,ood,64,1.18869858145095,0,0,64,34178,
wave,looped,coefficient,101,response_matched,final_step,ood,96,1.488911632988163,0,0,64,34178,
wave,looped,coefficient,101,smooth,validation_best,test,64,0.004442249553052058,0,0,64,34178,1.5312483999878168
wave,looped,coefficient,101,smooth,validation_best,test,96,0.007637763801048081,0,0,64,34178,1.5312483999878168
wave,looped,coefficient,101,smooth,final_step,test,64,0.006663574708800524,0,0,64,34178,
wave,looped,coefficient,101,smooth,final_step,test,96,0.012039099975636569,0,0,64,34178,
wave,looped,coefficient,101,smooth,validation_best,ood,64,0.9967329765300121,0,0,64,34178,1.5312483999878168
wave,looped,coefficient,101,smooth,validation_best,ood,96,1.220338269443971,0,0,64,34178,1.5312483999878168
wave,looped,coefficient,101,smooth,final_step,ood,64,0.9943261268574872,0,0,64,34178,
wave,looped,coefficient,101,smooth,final_step,ood,96,1.177693439822955,0,0,64,34178,
wave,looped,coefficient,202,iid,validation_best,test,64,0.013184337115838218,0,0,64,34178,1.5293553937226534
wave,looped,coefficient,202,iid,validation_best,test,96,0.022407090192174905,0,0,64,34178,1.5293553937226534
wave,looped,coefficient,202,iid,final_step,test,64,0.010629507278734018,0,0,64,34178,
wave,looped,coefficient,202,iid,final_step,test,96,0.01634109058219576,0,0,64,34178,
wave,looped,coefficient,202,iid,validation_best,ood,64,1.090065765242798,0,0,64,34178,1.5293553937226534
wave,looped,coefficient,202,iid,validation_best,ood,96,1.3846765150404583,0,0,64,34178,1.5293553937226534
wave,looped,coefficient,202,iid,final_step,ood,64,1.174862052792264,0,0,64,34178,
wave,looped,coefficient,202,iid,final_step,ood,96,1.448313309960137,0,0,64,34178,
wave,looped,coefficient,202,none,validation_best,test,64,0.00691304550721622,0,0,64,34178,1.535997400060296
wave,looped,coefficient,202,none,validation_best,test,96,0.011059285692471572,0,0,64,34178,1.535997400060296
wave,looped,coefficient,202,none,final_step,test,64,0.009209458661404879,0,0,64,34178,
wave,looped,coefficient,202,none,final_step,test,96,0.013000358583356537,0,0,64,34178,
wave,looped,coefficient,202,none,validation_best,ood,64,0.9461361313602481,0,0,64,34178,1.535997400060296
wave,looped,coefficient,202,none,validation_best,ood,96,1.2317159858221771,0,0,64,34178,1.535997400060296
wave,looped,coefficient,202,none,final_step,ood,64,0.9312864606056905,0,0,64,34178,
wave,looped,coefficient,202,none,final_step,ood,96,1.2088086372061375,0,0,64,34178,
wave,looped,coefficient,202,response_matched,validation_best,test,64,0.010278648252680544,0,0,64,34178,1.5294343931600451
wave,looped,coefficient,202,response_matched,validation_best,test,96,0.017804677415607463,0,0,64,34178,1.5294343931600451
wave,looped,coefficient,202,response_matched,final_step,test,64,0.012370652204183319,0,0,64,34178,
wave,looped,coefficient,202,response_matched,final_step,test,96,0.018864830479392282,0,0,64,34178,
wave,looped,coefficient,202,response_matched,validation_best,ood,64,0.9175970193367675,0,0,64,34178,1.5294343931600451
wave,looped,coefficient,202,response_matched,validation_best,ood,96,1.1728912546079755,0,0,64,34178,1.5294343931600451
wave,looped,coefficient,202,response_matched,final_step,ood,64,0.9418204595251609,0,0,64,34178,
wave,looped,coefficient,202,response_matched,final_step,ood,96,1.2107111625938767,0,0,64,34178,
wave,looped,coefficient,202,smooth,validation_best,test,64,0.01128274406059071,0,0,64,34178,1.5331024071201682
wave,looped,coefficient,202,smooth,validation_best,test,96,0.019549185775055523,0,0,64,34178,1.5331024071201682
wave,looped,coefficient,202,smooth,final_step,test,64,0.010746145767094095,0,0,64,34178,
wave,looped,coefficient,202,smooth,final_step,test,96,0.017581804602632957,0,0,64,34178,
wave,looped,coefficient,202,smooth,validation_best,ood,64,0.8635228574080998,0,0,64,34178,1.5331024071201682
wave,looped,coefficient,202,smooth,validation_best,ood,96,1.103761689937869,0,0,64,34178,1.5331024071201682
wave,looped,coefficient,202,smooth,final_step,ood,64,0.8838053216931598,0,0,64,34178,
wave,looped,coefficient,202,smooth,final_step,ood,96,1.140796264917261,0,0,64,34178,
wave,looped,coefficient,303,iid,validation_best,test,64,0.014083635331536337,0,0,64,34178,1.5378154115751386
wave,looped,coefficient,303,iid,validation_best,test,96,0.022942326790450718,0,0,64,34178,1.5378154115751386
wave,looped,coefficient,303,iid,final_step,test,64,0.014083635331536337,0,0,64,34178,
wave,looped,coefficient,303,iid,final_step,test,96,0.022942326790450718,0,0,64,34178,
wave,looped,coefficient,303,iid,validation_best,ood,64,1.0379797227117251,0,0,64,34178,1.5378154115751386
wave,looped,coefficient,303,iid,validation_best,ood,96,1.182418120766215,0,0,64,34178,1.5378154115751386
wave,looped,coefficient,303,iid,final_step,ood,64,1.0379797227117251,0,0,64,34178,
wave,looped,coefficient,303,iid,final_step,ood,96,1.182418120766215,0,0,64,34178,
wave,looped,coefficient,303,none,validation_best,test,64,0.0032709754206212693,0,0,64,34178,1.5679144067689776
wave,looped,coefficient,303,none,validation_best,test,96,0.005121564875642785,0,0,64,34178,1.5679144067689776
wave,looped,coefficient,303,none,final_step,test,64,0.004787430011996996,0,0,64,34178,
wave,looped,coefficient,303,none,final_step,test,96,0.00960408873120559,0,0,64,34178,
wave,looped,coefficient,303,none,validation_best,ood,64,1.0634118201215301,0,0,64,34178,1.5679144067689776
wave,looped,coefficient,303,none,validation_best,ood,96,1.3260252691749959,0,0,64,34178,1.5679144067689776
wave,looped,coefficient,303,none,final_step,ood,64,0.9971490320286023,0,0,64,34178,
wave,looped,coefficient,303,none,final_step,ood,96,1.2612540070240545,0,0,64,34178,
wave,looped,coefficient,303,response_matched,validation_best,test,64,0.008958823862163734,0,0,64,34178,1.532577397301793
wave,looped,coefficient,303,response_matched,validation_best,test,96,0.015450623705280497,0,0,64,34178,1.532577397301793
wave,looped,coefficient,303,response_matched,final_step,test,64,0.026954323601868113,0,0,64,34178,
wave,looped,coefficient,303,response_matched,final_step,test,96,0.04907189106118255,0,0,64,34178,
wave,looped,coefficient,303,response_matched,validation_best,ood,64,1.2234575953972922,0,0,64,34178,1.532577397301793
wave,looped,coefficient,303,response_matched,validation_best,ood,96,1.4771750853240442,0,0,64,34178,1.532577397301793
wave,looped,coefficient,303,response_matched,final_step,ood,64,1.0949097275567397,0,0,64,34178,
wave,looped,coefficient,303,response_matched,final_step,ood,96,1.3482896407305134,0,0,64,34178,
wave,looped,coefficient,303,smooth,validation_best,test,64,0.007087376422625802,0,0,64,34178,1.5320019563660026
wave,looped,coefficient,303,smooth,validation_best,test,96,0.012859412275006457,0,0,64,34178,1.5320019563660026
wave,looped,coefficient,303,smooth,final_step,test,64,0.010884987637029386,0,0,64,34178,
wave,looped,coefficient,303,smooth,final_step,test,96,0.020664122617813106,0,0,64,34178,
wave,looped,coefficient,303,smooth,validation_best,ood,64,1.0124695890278588,0,0,64,34178,1.5320019563660026
wave,looped,coefficient,303,smooth,validation_best,ood,96,1.2288213765821752,0,0,64,34178,1.5320019563660026
wave,looped,coefficient,303,smooth,final_step,ood,64,0.8908939089149897,0,0,64,34178,
wave,looped,coefficient,303,smooth,final_step,ood,96,1.0673502150959657,0,0,64,34178,
wave,looped,coefficient,404,iid,validation_best,test,64,0.013573294078290887,0,0,64,34178,1.530938409268856
wave,looped,coefficient,404,iid,validation_best,test,96,0.02781663451692351,0,0,64,34178,1.530938409268856
wave,looped,coefficient,404,iid,final_step,test,64,0.028692958199681318,0,0,64,34178,
wave,looped,coefficient,404,iid,final_step,test,96,0.06410617461784589,0,0,64,34178,
wave,looped,coefficient,404,iid,validation_best,ood,64,1.3406453358158217,0,0,64,34178,1.530938409268856
wave,looped,coefficient,404,iid,validation_best,ood,96,1.7425329165836083,0,0,64,34178,1.530938409268856
wave,looped,coefficient,404,iid,final_step,ood,64,1.320310629564375,0,0,64,34178,
wave,looped,coefficient,404,iid,final_step,ood,96,1.7626973574965823,0,0,64,34178,
wave,looped,coefficient,404,none,validation_best,test,64,0.0032163636290874764,0,0,64,34178,1.5339809469878674
wave,looped,coefficient,404,none,validation_best,test,96,0.0048611212694481725,0,0,64,34178,1.5339809469878674
wave,looped,coefficient,404,none,final_step,test,64,0.007808769118315517,0,0,64,34178,
wave,looped,coefficient,404,none,final_step,test,96,0.011281671852251781,0,0,64,34178,
wave,looped,coefficient,404,none,validation_best,ood,64,0.9722939204547743,0,0,64,34178,1.5339809469878674
wave,looped,coefficient,404,none,validation_best,ood,96,1.2583219685741747,0,0,64,34178,1.5339809469878674
wave,looped,coefficient,404,none,final_step,ood,64,1.0582263286376303,0,0,64,34178,
wave,looped,coefficient,404,none,final_step,ood,96,1.363365561422313,0,0,64,34178,
wave,looped,coefficient,404,response_matched,validation_best,test,64,0.007714536007796258,0,0,64,34178,1.5313619514927268
wave,looped,coefficient,404,response_matched,validation_best,test,96,0.012159489839575526,0,0,64,34178,1.5313619514927268
wave,looped,coefficient,404,response_matched,final_step,test,64,0.009740892301955517,0,0,64,34178,
wave,looped,coefficient,404,response_matched,final_step,test,96,0.016995295206569803,0,0,64,34178,
wave,looped,coefficient,404,response_matched,validation_best,ood,64,1.1184293311517308,0,0,64,34178,1.5313619514927268
wave,looped,coefficient,404,response_matched,validation_best,ood,96,1.4379439625718455,0,0,64,34178,1.5313619514927268
wave,looped,coefficient,404,response_matched,final_step,ood,64,1.0148712036994283,0,0,64,34178,
wave,looped,coefficient,404,response_matched,final_step,ood,96,1.3552095574187035,0,0,64,34178,
wave,looped,coefficient,404,smooth,validation_best,test,64,0.007710784737269272,0,0,64,34178,1.5331834089010954
wave,looped,coefficient,404,smooth,validation_best,test,96,0.01348355082573427,0,0,64,34178,1.5331834089010954
wave,looped,coefficient,404,smooth,final_step,test,64,0.015190735359853158,0,0,64,34178,
wave,looped,coefficient,404,smooth,final_step,test,96,0.02556774748336562,0,0,64,34178,
wave,looped,coefficient,404,smooth,validation_best,ood,64,1.0005959916393294,0,0,64,34178,1.5331834089010954
wave,looped,coefficient,404,smooth,validation_best,ood,96,1.2738943883532556,0,0,64,34178,1.5331834089010954
wave,looped,coefficient,404,smooth,final_step,ood,64,1.035375541749488,0,0,64,34178,
wave,looped,coefficient,404,smooth,final_step,ood,96,1.3122913065965727,0,0,64,34178,
wave,looped,coefficient,505,iid,validation_best,test,64,0.021356871206240635,0,0,64,34178,1.5589318936690688
wave,looped,coefficient,505,iid,validation_best,test,96,0.05872106110249116,0,0,64,34178,1.5589318936690688
wave,looped,coefficient,505,iid,final_step,test,64,0.021356871206240635,0,0,64,34178,
wave,looped,coefficient,505,iid,final_step,test,96,0.05872106110249116,0,0,64,34178,
wave,looped,coefficient,505,iid,validation_best,ood,64,3.195720215048709,0,0,64,34178,1.5589318936690688
wave,looped,coefficient,505,iid,validation_best,ood,96,4.226475834466252,0,0,64,34178,1.5589318936690688
wave,looped,coefficient,505,iid,final_step,ood,64,3.195720215048709,0,0,64,34178,
wave,looped,coefficient,505,iid,final_step,ood,96,4.226475834466252,0,0,64,34178,
wave,looped,coefficient,505,none,validation_best,test,64,0.002912450669863953,0,0,64,34178,1.53004489839077
wave,looped,coefficient,505,none,validation_best,test,96,0.004662978245995672,0,0,64,34178,1.53004489839077
wave,looped,coefficient,505,none,final_step,test,64,0.0039685984336889635,0,0,64,34178,
wave,looped,coefficient,505,none,final_step,test,96,0.006252242781103108,0,0,64,34178,
wave,looped,coefficient,505,none,validation_best,ood,64,1.7550799461913016,0,0,64,34178,1.53004489839077
wave,looped,coefficient,505,none,validation_best,ood,96,2.5392002331026333,0,0,64,34178,1.53004489839077
wave,looped,coefficient,505,none,final_step,ood,64,1.8207178556564543,0,0,64,34178,
wave,looped,coefficient,505,none,final_step,ood,96,2.6853248795242544,0,0,64,34178,
wave,looped,coefficient,505,response_matched,validation_best,test,64,0.00894407384291529,0,0,64,34178,1.5333469025790691
wave,looped,coefficient,505,response_matched,validation_best,test,96,0.015243364058261875,0,0,64,34178,1.5333469025790691
wave,looped,coefficient,505,response_matched,final_step,test,64,0.013537932307952305,0,0,64,34178,
wave,looped,coefficient,505,response_matched,final_step,test,96,0.02287355787712715,0,0,64,34178,
wave,looped,coefficient,505,response_matched,validation_best,ood,64,2.239163736398183,0,0,64,34178,1.5333469025790691
wave,looped,coefficient,505,response_matched,validation_best,ood,96,3.1836307942819717,0,0,64,34178,1.5333469025790691
wave,looped,coefficient,505,response_matched,final_step,ood,64,2.6600586419584715,0,0,64,34178,
wave,looped,coefficient,505,response_matched,final_step,ood,96,3.623114093735164,0,0,64,34178,
wave,looped,coefficient,505,smooth,validation_best,test,64,0.005686337366572092,0,0,64,34178,1.532831392250955
wave,looped,coefficient,505,smooth,validation_best,test,96,0.009511895986522282,0,0,64,34178,1.532831392250955
wave,looped,coefficient,505,smooth,final_step,test,64,0.005686337366572092,0,0,64,34178,
wave,looped,coefficient,505,smooth,final_step,test,96,0.009511895986522282,0,0,64,34178,
wave,looped,coefficient,505,smooth,validation_best,ood,64,1.3971566434936449,0,0,64,34178,1.532831392250955
wave,looped,coefficient,505,smooth,validation_best,ood,96,2.0157051098611496,0,0,64,34178,1.532831392250955
wave,looped,coefficient,505,smooth,final_step,ood,64,1.3971566434936449,0,0,64,34178,
wave,looped,coefficient,505,smooth,final_step,ood,96,2.0157051098611496,0,0,64,34178,
wave,looped,coefficient,606,iid,validation_best,test,64,0.013822454521153604,0,0,64,34178,1.52889140881598
wave,looped,coefficient,606,iid,validation_best,test,96,0.020834803328194134,0,0,64,34178,1.52889140881598
wave,looped,coefficient,606,iid,final_step,test,64,0.013822454521153604,0,0,64,34178,
wave,looped,coefficient,606,iid,final_step,test,96,0.020834803328194134,0,0,64,34178,
wave,looped,coefficient,606,iid,validation_best,ood,64,0.841457204345545,0,0,64,34178,1.52889140881598
wave,looped,coefficient,606,iid,validation_best,ood,96,1.043988850902565,0,0,64,34178,1.52889140881598
wave,looped,coefficient,606,iid,final_step,ood,64,0.841457204345545,0,0,64,34178,
wave,looped,coefficient,606,iid,final_step,ood,96,1.043988850902565,0,0,64,34178,
wave,looped,coefficient,606,none,validation_best,test,64,0.003269090985433598,0,0,64,34178,1.5628329012542963
wave,looped,coefficient,606,none,validation_best,test,96,0.004663303001104513,0,0,64,34178,1.5628329012542963
wave,looped,coefficient,606,none,final_step,test,64,0.003269090985433598,0,0,64,34178,
wave,looped,coefficient,606,none,final_step,test,96,0.004663303001104513,0,0,64,34178,
wave,looped,coefficient,606,none,validation_best,ood,64,0.8038507524476302,0,0,64,34178,1.5628329012542963
wave,looped,coefficient,606,none,validation_best,ood,96,1.025864941990013,0,0,64,34178,1.5628329012542963
wave,looped,coefficient,606,none,final_step,ood,64,0.8038507524476302,0,0,64,34178,
wave,looped,coefficient,606,none,final_step,ood,96,1.025864941990013,0,0,64,34178,
wave,looped,coefficient,606,response_matched,validation_best,test,64,0.006508087776594618,0,0,64,34178,1.5320939011871815
wave,looped,coefficient,606,response_matched,validation_best,test,96,0.010783899000566716,0,0,64,34178,1.5320939011871815
wave,looped,coefficient,606,response_matched,final_step,test,64,0.012919090229671193,0,0,64,34178,
wave,looped,coefficient,606,response_matched,final_step,test,96,0.01719118153850152,0,0,64,34178,
wave,looped,coefficient,606,response_matched,validation_best,ood,64,0.7957810980783222,0,0,64,34178,1.5320939011871815
wave,looped,coefficient,606,response_matched,validation_best,ood,96,1.0177741363813575,0,0,64,34178,1.5320939011871815
wave,looped,coefficient,606,response_matched,final_step,ood,64,0.76247492658851,0,0,64,34178,
wave,looped,coefficient,606,response_matched,final_step,ood,96,1.0284916343830255,0,0,64,34178,
wave,looped,coefficient,606,smooth,validation_best,test,64,0.006514699262134549,0,0,64,34178,1.5700489049777389
wave,looped,coefficient,606,smooth,validation_best,test,96,0.012151081570622207,0,0,64,34178,1.5700489049777389
wave,looped,coefficient,606,smooth,final_step,test,64,0.00899175915020467,0,0,64,34178,
wave,looped,coefficient,606,smooth,final_step,test,96,0.015210915775279183,0,0,64,34178,
wave,looped,coefficient,606,smooth,validation_best,ood,64,0.7888575513950826,0,0,64,34178,1.5700489049777389
wave,looped,coefficient,606,smooth,validation_best,ood,96,0.9954658053816559,0,0,64,34178,1.5700489049777389
wave,looped,coefficient,606,smooth,final_step,ood,64,0.7428556945006903,0,0,64,34178,
wave,looped,coefficient,606,smooth,final_step,ood,96,0.9183338118377075,0,0,64,34178,
wave,looped,correct,101,iid,validation_best,test,64,0.01733114072100639,0,0,64,34178,1.5337224584072828
wave,looped,correct,101,iid,validation_best,test,96,0.025871840841618088,0,0,64,34178,1.5337224584072828
wave,looped,correct,101,iid,final_step,test,64,0.018696322238726193,0,0,64,34178,
wave,looped,correct,101,iid,final_step,test,96,0.030249038355199726,0,0,64,34178,
wave,looped,correct,101,iid,validation_best,ood,64,1.4489478851342028,0,0,64,34178,1.5337224584072828
wave,looped,correct,101,iid,validation_best,ood,96,1.4186634332257502,0,0,64,34178,1.5337224584072828
wave,looped,correct,101,iid,final_step,ood,64,1.4896384934461366,0,0,64,34178,
wave,looped,correct,101,iid,final_step,ood,96,1.4635131160168082,0,0,64,34178,
wave,looped,correct,101,none,validation_best,test,64,0.0018665459245337246,0,0,64,34178,1.5324618900194764
wave,looped,correct,101,none,validation_best,test,96,0.0028286184358741195,0,0,64,34178,1.5324618900194764
wave,looped,correct,101,none,final_step,test,64,0.0020546064892260074,0,0,64,34178,
wave,looped,correct,101,none,final_step,test,96,0.0029438695188456947,0,0,64,34178,
wave,looped,correct,101,none,validation_best,ood,64,1.015996717490168,0,0,64,34178,1.5324618900194764
wave,looped,correct,101,none,validation_best,ood,96,1.2515078321561834,0,0,64,34178,1.5324618900194764
wave,looped,correct,101,none,final_step,ood,64,1.0116078755980027,0,0,64,34178,
wave,looped,correct,101,none,final_step,ood,96,1.2622056719930583,0,0,64,34178,
wave,looped,correct,101,response_matched,validation_best,test,64,0.002745171701494631,0,0,64,34178,1.5332774026319385
wave,looped,correct,101,response_matched,validation_best,test,96,0.004246337117689699,0,0,64,34178,1.5332774026319385
wave,looped,correct,101,response_matched,final_step,test,64,0.006169697341591784,0,0,64,34178,
wave,looped,correct,101,response_matched,final_step,test,96,0.007049779253881505,0,0,64,34178,
wave,looped,correct,101,response_matched,validation_best,ood,64,1.2337303644541748,0,0,64,34178,1.5332774026319385
wave,looped,correct,101,response_matched,validation_best,ood,96,1.5130189917894845,0,0,64,34178,1.5332774026319385
wave,looped,correct,101,response_matched,final_step,ood,64,1.192773954980055,0,0,64,34178,
wave,looped,correct,101,response_matched,final_step,ood,96,1.4789307691589404,0,0,64,34178,
wave,looped,correct,101,smooth,validation_best,test,64,0.0016107954154324922,0,0,64,34178,1.55928039457649
wave,looped,correct,101,smooth,validation_best,test,96,0.0024436905983134527,0,0,64,34178,1.55928039457649
wave,looped,correct,101,smooth,final_step,test,64,0.0019361397564858496,0,0,64,34178,
wave,looped,correct,101,smooth,final_step,test,96,0.002832233128689243,0,0,64,34178,
wave,looped,correct,101,smooth,validation_best,ood,64,1.0125086263500975,0,0,64,34178,1.55928039457649
wave,looped,correct,101,smooth,validation_best,ood,96,1.2374705385102893,0,0,64,34178,1.55928039457649
wave,looped,correct,101,smooth,final_step,ood,64,1.0216923263330386,0,0,64,34178,
wave,looped,correct,101,smooth,final_step,ood,96,1.239101858763926,0,0,64,34178,
wave,looped,correct,202,iid,validation_best,test,64,0.02011044240083848,0,0,64,34178,1.5308583853766322
wave,looped,correct,202,iid,validation_best,test,96,0.03330656931814483,0,0,64,34178,1.5308583853766322
wave,looped,correct,202,iid,final_step,test,64,0.03312146490087997,0,0,64,34178,
wave,looped,correct,202,iid,final_step,test,96,0.04634064598924681,0,0,64,34178,
wave,looped,correct,202,iid,validation_best,ood,64,1.2197955006743655,0,0,64,34178,1.5308583853766322
wave,looped,correct,202,iid,validation_best,ood,96,1.5246608768965189,0,0,64,34178,1.5308583853766322
wave,looped,correct,202,iid,final_step,ood,64,1.1543336565082427,0,0,64,34178,
wave,looped,correct,202,iid,final_step,ood,96,1.1318807894543474,0,0,64,34178,
wave,looped,correct,202,none,validation_best,test,64,0.00691305931764985,0,0,64,34178,1.5357609372586012
wave,looped,correct,202,none,validation_best,test,96,0.011059303446024831,0,0,64,34178,1.5357609372586012
wave,looped,correct,202,none,final_step,test,64,0.009209337020238628,0,0,64,34178,
wave,looped,correct,202,none,final_step,test,96,0.013000213789070496,0,0,64,34178,
wave,looped,correct,202,none,validation_best,ood,64,0.9461360287852187,0,0,64,34178,1.5357609372586012
wave,looped,correct,202,none,validation_best,ood,96,1.2317158164582338,0,0,64,34178,1.5357609372586012
wave,looped,correct,202,none,final_step,ood,64,0.9312864070579963,0,0,64,34178,
wave,looped,correct,202,none,final_step,ood,96,1.2088085236549282,0,0,64,34178,
wave,looped,correct,202,response_matched,validation_best,test,64,0.005483705981281117,0,0,64,34178,1.5314278891310096
wave,looped,correct,202,response_matched,validation_best,test,96,0.00845341917786202,0,0,64,34178,1.5314278891310096
wave,looped,correct,202,response_matched,final_step,test,64,0.005483705981281117,0,0,64,34178,
wave,looped,correct,202,response_matched,final_step,test,96,0.00845341917786202,0,0,64,34178,
wave,looped,correct,202,response_matched,validation_best,ood,64,0.9526233539248778,0,0,64,34178,1.5314278891310096
wave,looped,correct,202,response_matched,validation_best,ood,96,1.221292863097536,0,0,64,34178,1.5314278891310096
wave,looped,correct,202,response_matched,final_step,ood,64,0.9526233539248778,0,0,64,34178,
wave,looped,correct,202,response_matched,final_step,ood,96,1.221292863097536,0,0,64,34178,
wave,looped,correct,202,smooth,validation_best,test,64,0.006243362984801992,0,0,64,34178,1.5196474036201835
wave,looped,correct,202,smooth,validation_best,test,96,0.009881255872886907,0,0,64,34178,1.5196474036201835
wave,looped,correct,202,smooth,final_step,test,64,0.005451446789420944,0,0,64,34178,
wave,looped,correct,202,smooth,final_step,test,96,0.00833638423393675,0,0,64,34178,
wave,looped,correct,202,smooth,validation_best,ood,64,0.9233753344171589,0,0,64,34178,1.5196474036201835
wave,looped,correct,202,smooth,validation_best,ood,96,1.1936077093518898,0,0,64,34178,1.5196474036201835
wave,looped,correct,202,smooth,final_step,ood,64,0.9178552272172453,0,0,64,34178,
wave,looped,correct,202,smooth,final_step,ood,96,1.1837456948489753,0,0,64,34178,
wave,looped,correct,303,iid,validation_best,test,64,0.013965570502060487,0,0,64,34178,1.531422883272171
wave,looped,correct,303,iid,validation_best,test,96,0.021115257905067374,0,0,64,34178,1.531422883272171
wave,looped,correct,303,iid,final_step,test,64,0.04038242232619016,0,0,64,34178,
wave,looped,correct,303,iid,final_step,test,96,0.05832120862209027,0,0,64,34178,
wave,looped,correct,303,iid,validation_best,ood,64,1.7264515500376092,0,0,64,34178,1.531422883272171
wave,looped,correct,303,iid,validation_best,ood,96,1.7071384771614553,0,0,64,34178,1.531422883272171
wave,looped,correct,303,iid,final_step,ood,64,1.7492051136583768,0,0,64,34178,
wave,looped,correct,303,iid,final_step,ood,96,1.782018759884901,0,0,64,34178,
wave,looped,correct,303,none,validation_best,test,64,0.0032711023374616954,0,0,64,34178,1.5321753919124603
wave,looped,correct,303,none,validation_best,test,96,0.005121852703001657,0,0,64,34178,1.5321753919124603
wave,looped,correct,303,none,final_step,test,64,0.004787604903635667,0,0,64,34178,
wave,looped,correct,303,none,final_step,test,96,0.009604598127980238,0,0,64,34178,
wave,looped,correct,303,none,validation_best,ood,64,1.063411084632719,0,0,64,34178,1.5321753919124603
wave,looped,correct,303,none,validation_best,ood,96,1.3260249593753315,0,0,64,34178,1.5321753919124603
wave,looped,correct,303,none,final_step,ood,64,0.9971495478788199,0,0,64,34178,
wave,looped,correct,303,none,final_step,ood,96,1.261254617229099,0,0,64,34178,
wave,looped,correct,303,response_matched,validation_best,test,64,0.004227298458125195,0,0,64,34178,1.5317143872380257
wave,looped,correct,303,response_matched,validation_best,test,96,0.00662755556037046,0,0,64,34178,1.5317143872380257
wave,looped,correct,303,response_matched,final_step,test,64,0.009299555955130878,0,0,64,34178,
wave,looped,correct,303,response_matched,final_step,test,96,0.016406438413511415,0,0,64,34178,
wave,looped,correct,303,response_matched,validation_best,ood,64,1.1930530403726038,0,0,64,34178,1.5317143872380257
wave,looped,correct,303,response_matched,validation_best,ood,96,1.4437913800230717,0,0,64,34178,1.5317143872380257
wave,looped,correct,303,response_matched,final_step,ood,64,1.1487659725026163,0,0,64,34178,
wave,looped,correct,303,response_matched,final_step,ood,96,1.4127258671336258,0,0,64,34178,
wave,looped,correct,303,smooth,validation_best,test,64,0.00248086555508803,0,0,64,34178,1.5320423990488052
wave,looped,correct,303,smooth,validation_best,test,96,0.0038892825391027746,0,0,64,34178,1.5320423990488052
wave,looped,correct,303,smooth,final_step,test,64,0.010444109635686427,0,0,64,34178,
wave,looped,correct,303,smooth,final_step,test,96,0.019019717017093225,0,0,64,34178,
wave,looped,correct,303,smooth,validation_best,ood,64,0.9775664595959483,0,0,64,34178,1.5320423990488052
wave,looped,correct,303,smooth,validation_best,ood,96,1.2051244474578575,0,0,64,34178,1.5320423990488052
wave,looped,correct,303,smooth,final_step,ood,64,1.0007494333003422,0,0,64,34178,
wave,looped,correct,303,smooth,final_step,ood,96,1.2265061105450932,0,0,64,34178,
wave,looped,correct,404,iid,validation_best,test,64,0.016925397764944172,0,0,64,34178,1.5318918973207474
wave,looped,correct,404,iid,validation_best,test,96,0.028611542389195797,0,0,64,34178,1.5318918973207474
wave,looped,correct,404,iid,final_step,test,64,0.060169310164882805,0,0,64,34178,
wave,looped,correct,404,iid,final_step,test,96,0.11155320565712787,0,0,64,34178,
wave,looped,correct,404,iid,validation_best,ood,64,3.1968718216652405,0,0,64,34178,1.5318918973207474
wave,looped,correct,404,iid,validation_best,ood,96,3.400028212926297,0,0,64,34178,1.5318918973207474
wave,looped,correct,404,iid,final_step,ood,64,3.906391390744375,0,0,64,34178,
wave,looped,correct,404,iid,final_step,ood,96,4.145396866738338,0,0,64,34178,
wave,looped,correct,404,none,validation_best,test,64,0.003216364155949253,0,0,64,34178,1.5344348968937993
wave,looped,correct,404,none,validation_best,test,96,0.0048611235689975385,0,0,64,34178,1.5344348968937993
wave,looped,correct,404,none,final_step,test,64,0.00780873699332052,0,0,64,34178,
wave,looped,correct,404,none,final_step,test,96,0.011281645179921734,0,0,64,34178,
wave,looped,correct,404,none,validation_best,ood,64,0.9722943658000247,0,0,64,34178,1.5344348968937993
wave,looped,correct,404,none,validation_best,ood,96,1.2583223174650016,0,0,64,34178,1.5344348968937993
wave,looped,correct,404,none,final_step,ood,64,1.0582271427780086,0,0,64,34178,
wave,looped,correct,404,none,final_step,ood,96,1.3633663170285786,0,0,64,34178,
wave,looped,correct,404,response_matched,validation_best,test,64,0.005227569312512781,0,0,64,34178,1.539068901911378
wave,looped,correct,404,response_matched,validation_best,test,96,0.0073456898861955135,0,0,64,34178,1.539068901911378
wave,looped,correct,404,response_matched,final_step,test,64,0.012186236016068719,0,0,64,34178,
wave,looped,correct,404,response_matched,final_step,test,96,0.018050594819891096,0,0,64,34178,
wave,looped,correct,404,response_matched,validation_best,ood,64,1.1187164767204933,0,0,64,34178,1.539068901911378
wave,looped,correct,404,response_matched,validation_best,ood,96,1.4691436285446382,0,0,64,34178,1.539068901911378
wave,looped,correct,404,response_matched,final_step,ood,64,1.0669509606412788,0,0,64,34178,
wave,looped,correct,404,response_matched,final_step,ood,96,1.4182361452693897,0,0,64,34178,
wave,looped,correct,404,smooth,validation_best,test,64,0.0031482244170702445,0,0,64,34178,1.5388214029371738
wave,looped,correct,404,smooth,validation_best,test,96,0.005033046819758543,0,0,64,34178,1.5388214029371738
wave,looped,correct,404,smooth,final_step,test,64,0.004131470419083905,0,0,64,34178,
wave,looped,correct,404,smooth,final_step,test,96,0.006270452022572703,0,0,64,34178,
wave,looped,correct,404,smooth,validation_best,ood,64,0.9673727441773963,0,0,64,34178,1.5388214029371738
wave,looped,correct,404,smooth,validation_best,ood,96,1.2602604781184255,0,0,64,34178,1.5388214029371738
wave,looped,correct,404,smooth,final_step,ood,64,1.072412802007534,0,0,64,34178,
wave,looped,correct,404,smooth,final_step,ood,96,1.377753801478396,0,0,64,34178,
wave,looped,correct,505,iid,validation_best,test,64,0.028879682997465572,0,0,64,34178,1.5345744090154767
wave,looped,correct,505,iid,validation_best,test,96,0.07283056268697585,0,0,64,34178,1.5345744090154767
wave,looped,correct,505,iid,final_step,test,64,0.050128012478544814,0,0,64,34178,
wave,looped,correct,505,iid,final_step,test,96,0.16588474268153153,0,0,64,34178,
wave,looped,correct,505,iid,validation_best,ood,64,3.672514844653051,0,0,64,34178,1.5345744090154767
wave,looped,correct,505,iid,validation_best,ood,96,4.5218926037365845,0,0,64,34178,1.5345744090154767
wave,looped,correct,505,iid,final_step,ood,64,4.23811857713099,0,0,64,34178,
wave,looped,correct,505,iid,final_step,ood,96,5.352314735933153,0,0,64,34178,
wave,looped,correct,505,none,validation_best,test,64,0.002912434518273721,0,0,64,34178,1.5387444058433175
wave,looped,correct,505,none,validation_best,test,96,0.004662912192151239,0,0,64,34178,1.5387444058433175
wave,looped,correct,505,none,final_step,test,64,0.003968516838749048,0,0,64,34178,
wave,looped,correct,505,none,final_step,test,96,0.006252139577997046,0,0,64,34178,
wave,looped,correct,505,none,validation_best,ood,64,1.755075074305438,0,0,64,34178,1.5387444058433175
wave,looped,correct,505,none,validation_best,ood,96,2.5391912093877522,0,0,64,34178,1.5387444058433175
wave,looped,correct,505,none,final_step,ood,64,1.8207022054975255,0,0,64,34178,
wave,looped,correct,505,none,final_step,ood,96,2.6852964671354966,0,0,64,34178,
wave,looped,correct,505,response_matched,validation_best,test,64,0.0055662755308574785,0,0,64,34178,1.5155288856476545
wave,looped,correct,505,response_matched,validation_best,test,96,0.00867159896242527,0,0,64,34178,1.5155288856476545
wave,looped,correct,505,response_matched,final_step,test,64,0.01976484862121075,0,0,64,34178,
wave,looped,correct,505,response_matched,final_step,test,96,0.0350056081059263,0,0,64,34178,
wave,looped,correct,505,response_matched,validation_best,ood,64,2.8691879317760822,0,0,64,34178,1.5155288856476545
wave,looped,correct,505,response_matched,validation_best,ood,96,4.1735601317767905,0,0,64,34178,1.5155288856476545
wave,looped,correct,505,response_matched,final_step,ood,64,3.2530651885369366,0,0,64,34178,
wave,looped,correct,505,response_matched,final_step,ood,96,4.6402730826943825,0,0,64,34178,
wave,looped,correct,505,smooth,validation_best,test,64,0.002933929295424631,0,0,64,34178,1.8557053990662098
wave,looped,correct,505,smooth,validation_best,test,96,0.004606392215512659,0,0,64,34178,1.8557053990662098
wave,looped,correct,505,smooth,final_step,test,64,0.002933929295424631,0,0,64,34178,
wave,looped,correct,505,smooth,final_step,test,96,0.004606392215512659,0,0,64,34178,
wave,looped,correct,505,smooth,validation_best,ood,64,1.6101318901968398,0,0,64,34178,1.8557053990662098
wave,looped,correct,505,smooth,validation_best,ood,96,2.428361218784251,0,0,64,34178,1.8557053990662098
wave,looped,correct,505,smooth,final_step,ood,64,1.6101318901968398,0,0,64,34178,
wave,looped,correct,505,smooth,final_step,ood,96,2.428361218784251,0,0,64,34178,
wave,looped,correct,606,iid,validation_best,test,64,0.013558825232327099,0,0,64,34178,1.516470406204462
wave,looped,correct,606,iid,validation_best,test,96,0.018876136233864155,0,0,64,34178,1.516470406204462
wave,looped,correct,606,iid,final_step,test,64,0.03268341907262995,0,0,64,34178,
wave,looped,correct,606,iid,final_step,test,96,0.04143089504416064,0,0,64,34178,
wave,looped,correct,606,iid,validation_best,ood,64,1.939314080857912,0,0,64,34178,1.516470406204462
wave,looped,correct,606,iid,validation_best,ood,96,1.9062574981392877,0,0,64,34178,1.516470406204462
wave,looped,correct,606,iid,final_step,ood,64,1.814457724570957,0,0,64,34178,
wave,looped,correct,606,iid,final_step,ood,96,1.8074904174923176,0,0,64,34178,
wave,looped,correct,606,none,validation_best,test,64,0.003269242354793589,0,0,64,34178,1.515616406686604
wave,looped,correct,606,none,validation_best,test,96,0.004663433223179006,0,0,64,34178,1.515616406686604
wave,looped,correct,606,none,final_step,test,64,0.003269242354793589,0,0,64,34178,
wave,looped,correct,606,none,final_step,test,96,0.004663433223179006,0,0,64,34178,
wave,looped,correct,606,none,validation_best,ood,64,0.8038478369826976,0,0,64,34178,1.515616406686604
wave,looped,correct,606,none,validation_best,ood,96,1.0258631011511548,0,0,64,34178,1.515616406686604
wave,looped,correct,606,none,final_step,ood,64,0.8038478369826976,0,0,64,34178,
wave,looped,correct,606,none,final_step,ood,96,1.0258631011511548,0,0,64,34178,
wave,looped,correct,606,response_matched,validation_best,test,64,0.003846274307715225,0,0,64,34178,1.51254388038069
wave,looped,correct,606,response_matched,validation_best,test,96,0.005663301898235643,0,0,64,34178,1.51254388038069
wave,looped,correct,606,response_matched,final_step,test,64,0.006474273070307013,0,0,64,34178,
wave,looped,correct,606,response_matched,final_step,test,96,0.008455955512741992,0,0,64,34178,
wave,looped,correct,606,response_matched,validation_best,ood,64,0.8713996193539515,0,0,64,34178,1.51254388038069
wave,looped,correct,606,response_matched,validation_best,ood,96,1.117154510521535,0,0,64,34178,1.51254388038069
wave,looped,correct,606,response_matched,final_step,ood,64,0.7991092460582507,0,0,64,34178,
wave,looped,correct,606,response_matched,final_step,ood,96,1.072676491329645,0,0,64,34178,
wave,looped,correct,606,smooth,validation_best,test,64,0.0029905313338683404,0,0,64,34178,1.517458911985159
wave,looped,correct,606,smooth,validation_best,test,96,0.004117136779600794,0,0,64,34178,1.517458911985159
wave,looped,correct,606,smooth,final_step,test,64,0.0029905313338683404,0,0,64,34178,
wave,looped,correct,606,smooth,final_step,test,96,0.004117136779600794,0,0,64,34178,
wave,looped,correct,606,smooth,validation_best,ood,64,0.7820025727780404,0,0,64,34178,1.517458911985159
wave,looped,correct,606,smooth,validation_best,ood,96,1.0014392081018761,0,0,64,34178,1.517458911985159
wave,looped,correct,606,smooth,final_step,ood,64,0.7820025727780404,0,0,64,34178,
wave,looped,correct,606,smooth,final_step,ood,96,1.0014392081018761,0,0,64,34178,
wave,transformer,coefficient,101,iid,validation_best,test,64,0.009324033718713487,0,0,64,101122,1.5365909086540341
wave,transformer,coefficient,101,iid,validation_best,test,96,0.014715920822103712,0,0,64,101122,1.5365909086540341
wave,transformer,coefficient,101,iid,final_step,test,64,0.021813206081144454,0,0,64,101122,
wave,transformer,coefficient,101,iid,final_step,test,96,0.03247877167710763,0,0,64,101122,
wave,transformer,coefficient,101,iid,validation_best,ood,64,1.0824219329764446,0,0,64,101122,1.5365909086540341
wave,transformer,coefficient,101,iid,validation_best,ood,96,1.1215676111323014,0,0,64,101122,1.5365909086540341
wave,transformer,coefficient,101,iid,final_step,ood,64,1.6673011964408033,0,0,64,101122,
wave,transformer,coefficient,101,iid,final_step,ood,96,1.897481029469721,0,0,64,101122,
wave,transformer,coefficient,101,none,validation_best,test,64,0.0020787368725704858,0,0,64,101122,1.538272388279438
wave,transformer,coefficient,101,none,validation_best,test,96,0.0030993413184469873,0,0,64,101122,1.538272388279438
wave,transformer,coefficient,101,none,final_step,test,64,0.0030533196867475187,0,0,64,101122,
wave,transformer,coefficient,101,none,final_step,test,96,0.0043403835326156215,0,0,64,101122,
wave,transformer,coefficient,101,none,validation_best,ood,64,0.9773301401117465,0,0,64,101122,1.538272388279438
wave,transformer,coefficient,101,none,validation_best,ood,96,1.0395041883965632,0,0,64,101122,1.538272388279438
wave,transformer,coefficient,101,none,final_step,ood,64,0.931275463594261,0,0,64,101122,
wave,transformer,coefficient,101,none,final_step,ood,96,1.0130235643254462,0,0,64,101122,
wave,transformer,coefficient,101,response_matched,validation_best,test,64,0.006196445170404519,0,0,64,101122,1.5348794171586633
wave,transformer,coefficient,101,response_matched,validation_best,test,96,0.01049904867794867,0,0,64,101122,1.5348794171586633
wave,transformer,coefficient,101,response_matched,final_step,test,64,0.008464054826263667,0,0,64,101122,
wave,transformer,coefficient,101,response_matched,final_step,test,96,0.013784666505852009,0,0,64,101122,
wave,transformer,coefficient,101,response_matched,validation_best,ood,64,1.0223281581472747,0,0,64,101122,1.5348794171586633
wave,transformer,coefficient,101,response_matched,validation_best,ood,96,1.0815073717529535,0,0,64,101122,1.5348794171586633
wave,transformer,coefficient,101,response_matched,final_step,ood,64,0.9765903400008256,0,0,64,101122,
wave,transformer,coefficient,101,response_matched,final_step,ood,96,1.055160598600575,0,0,64,101122,
wave,transformer,coefficient,101,smooth,validation_best,test,64,0.0058024925943993555,0,0,64,101122,1.533952890895307
wave,transformer,coefficient,101,smooth,validation_best,test,96,0.009417988415711212,0,0,64,101122,1.533952890895307
wave,transformer,coefficient,101,smooth,final_step,test,64,0.00905652866105311,0,0,64,101122,
wave,transformer,coefficient,101,smooth,final_step,test,96,0.016215898308997872,0,0,64,101122,
wave,transformer,coefficient,101,smooth,validation_best,ood,64,0.9576606308238524,0,0,64,101122,1.533952890895307
wave,transformer,coefficient,101,smooth,validation_best,ood,96,0.975387671445257,0,0,64,101122,1.533952890895307
wave,transformer,coefficient,101,smooth,final_step,ood,64,0.8994732447861793,0,0,64,101122,
wave,transformer,coefficient,101,smooth,final_step,ood,96,0.9412542292871345,0,0,64,101122,
wave,transformer,coefficient,202,iid,validation_best,test,64,0.013333799176638239,0,0,64,101122,1.5363994054496288
wave,transformer,coefficient,202,iid,validation_best,test,96,0.01990988843508227,0,0,64,101122,1.5363994054496288
wave,transformer,coefficient,202,iid,final_step,test,64,0.038383026516013,0,0,64,101122,
wave,transformer,coefficient,202,iid,final_step,test,96,0.045562596590626114,0,0,64,101122,
wave,transformer,coefficient,202,iid,validation_best,ood,64,0.5225494601385208,0,0,64,101122,1.5363994054496288
wave,transformer,coefficient,202,iid,validation_best,ood,96,0.613445712715702,0,0,64,101122,1.5363994054496288
wave,transformer,coefficient,202,iid,final_step,ood,64,0.496719285890741,0,0,64,101122,
wave,transformer,coefficient,202,iid,final_step,ood,96,0.582116786344135,0,0,64,101122,
wave,transformer,coefficient,202,none,validation_best,test,64,0.002096370730705538,0,0,64,101122,1.5355878975242376
wave,transformer,coefficient,202,none,validation_best,test,96,0.0031683284870738793,0,0,64,101122,1.5355878975242376
wave,transformer,coefficient,202,none,final_step,test,64,0.002096370730705538,0,0,64,101122,
wave,transformer,coefficient,202,none,final_step,test,96,0.0031683284870738793,0,0,64,101122,
wave,transformer,coefficient,202,none,validation_best,ood,64,0.7570988658593478,0,0,64,101122,1.5355878975242376
wave,transformer,coefficient,202,none,validation_best,ood,96,0.8674882375685986,0,0,64,101122,1.5355878975242376
wave,transformer,coefficient,202,none,final_step,ood,64,0.7570988658593478,0,0,64,101122,
wave,transformer,coefficient,202,none,final_step,ood,96,0.8674882375685986,0,0,64,101122,
wave,transformer,coefficient,202,response_matched,validation_best,test,64,0.005481870445586512,0,0,64,101122,1.5329079004004598
wave,transformer,coefficient,202,response_matched,validation_best,test,96,0.00880676110842249,0,0,64,101122,1.5329079004004598
wave,transformer,coefficient,202,response_matched,final_step,test,64,0.0076271126297706715,0,0,64,101122,
wave,transformer,coefficient,202,response_matched,final_step,test,96,0.011220568624845958,0,0,64,101122,
wave,transformer,coefficient,202,response_matched,validation_best,ood,64,0.7589650777851489,0,0,64,101122,1.5329079004004598
wave,transformer,coefficient,202,response_matched,validation_best,ood,96,0.8863444381523777,0,0,64,101122,1.5329079004004598
wave,transformer,coefficient,202,response_matched,final_step,ood,64,0.7316659635091298,0,0,64,101122,
wave,transformer,coefficient,202,response_matched,final_step,ood,96,0.8497498273950252,0,0,64,101122,
wave,transformer,coefficient,202,smooth,validation_best,test,64,0.006155132385939344,0,0,64,101122,1.5603503910824656
wave,transformer,coefficient,202,smooth,validation_best,test,96,0.010445514387563248,0,0,64,101122,1.5603503910824656
wave,transformer,coefficient,202,smooth,final_step,test,64,0.007731368491821322,0,0,64,101122,
wave,transformer,coefficient,202,smooth,final_step,test,96,0.012789444416476448,0,0,64,101122,
wave,transformer,coefficient,202,smooth,validation_best,ood,64,0.7704524052028887,0,0,64,101122,1.5603503910824656
wave,transformer,coefficient,202,smooth,validation_best,ood,96,0.8549285152782508,0,0,64,101122,1.5603503910824656
wave,transformer,coefficient,202,smooth,final_step,ood,64,0.7525981266209101,0,0,64,101122,
wave,transformer,coefficient,202,smooth,final_step,ood,96,0.8404921561730134,0,0,64,101122,
wave,transformer,coefficient,303,iid,validation_best,test,64,0.011509401253814833,0,0,64,101122,1.5317718964070082
wave,transformer,coefficient,303,iid,validation_best,test,96,0.017295973608609277,0,0,64,101122,1.5317718964070082
wave,transformer,coefficient,303,iid,final_step,test,64,0.01901463763650213,0,0,64,101122,
wave,transformer,coefficient,303,iid,final_step,test,96,0.027077294567201687,0,0,64,101122,
wave,transformer,coefficient,303,iid,validation_best,ood,64,1.2002369187928537,0,0,64,101122,1.5317718964070082
wave,transformer,coefficient,303,iid,validation_best,ood,96,1.4459678082413916,0,0,64,101122,1.5317718964070082
wave,transformer,coefficient,303,iid,final_step,ood,64,1.1534333968718613,0,0,64,101122,
wave,transformer,coefficient,303,iid,final_step,ood,96,1.3924324265619248,0,0,64,101122,
wave,transformer,coefficient,303,none,validation_best,test,64,0.0025860026047931917,0,0,64,101122,1.5796053921803832
wave,transformer,coefficient,303,none,validation_best,test,96,0.0035303536706452103,0,0,64,101122,1.5796053921803832
wave,transformer,coefficient,303,none,final_step,test,64,0.0025860026047931917,0,0,64,101122,
wave,transformer,coefficient,303,none,final_step,test,96,0.0035303536706452103,0,0,64,101122,
wave,transformer,coefficient,303,none,validation_best,ood,64,0.9395490980894579,0,0,64,101122,1.5796053921803832
wave,transformer,coefficient,303,none,validation_best,ood,96,1.0791164738231678,0,0,64,101122,1.5796053921803832
wave,transformer,coefficient,303,none,final_step,ood,64,0.9395490980894579,0,0,64,101122,
wave,transformer,coefficient,303,none,final_step,ood,96,1.0791164738231678,0,0,64,101122,
wave,transformer,coefficient,303,response_matched,validation_best,test,64,0.007588791762292768,0,0,64,101122,1.5329378889873624
wave,transformer,coefficient,303,response_matched,validation_best,test,96,0.01246676127601957,0,0,64,101122,1.5329378889873624
wave,transformer,coefficient,303,response_matched,final_step,test,64,0.012239446086828698,0,0,64,101122,
wave,transformer,coefficient,303,response_matched,final_step,test,96,0.019098985995473182,0,0,64,101122,
wave,transformer,coefficient,303,response_matched,validation_best,ood,64,1.0881384487743162,0,0,64,101122,1.5329378889873624
wave,transformer,coefficient,303,response_matched,validation_best,ood,96,1.2936320878128147,0,0,64,101122,1.5329378889873624
wave,transformer,coefficient,303,response_matched,final_step,ood,64,1.2051267579489888,0,0,64,101122,
wave,transformer,coefficient,303,response_matched,final_step,ood,96,1.4762215388454365,0,0,64,101122,
wave,transformer,coefficient,303,smooth,validation_best,test,64,0.004341590594641231,0,0,64,101122,1.5428863931447268
wave,transformer,coefficient,303,smooth,validation_best,test,96,0.006970582443599567,0,0,64,101122,1.5428863931447268
wave,transformer,coefficient,303,smooth,final_step,test,64,0.013330048497245617,0,0,64,101122,
wave,transformer,coefficient,303,smooth,final_step,test,96,0.019979706329977216,0,0,64,101122,
wave,transformer,coefficient,303,smooth,validation_best,ood,64,0.9428558927866106,0,0,64,101122,1.5428863931447268
wave,transformer,coefficient,303,smooth,validation_best,ood,96,1.0552004173344662,0,0,64,101122,1.5428863931447268
wave,transformer,coefficient,303,smooth,final_step,ood,64,1.0122749344006365,0,0,64,101122,
wave,transformer,coefficient,303,smooth,final_step,ood,96,1.174469775035012,0,0,64,101122,
wave,transformer,coefficient,404,iid,validation_best,test,64,0.008811108438551818,0,0,64,101122,1.5411688946187496
wave,transformer,coefficient,404,iid,validation_best,test,96,0.013076534751330932,0,0,64,101122,1.5411688946187496
wave,transformer,coefficient,404,iid,final_step,test,64,0.025061224053287923,0,0,64,101122,
wave,transformer,coefficient,404,iid,final_step,test,96,0.036407657213894495,0,0,64,101122,
wave,transformer,coefficient,404,iid,validation_best,ood,64,1.0827019119710712,0,0,64,101122,1.5411688946187496
wave,transformer,coefficient,404,iid,validation_best,ood,96,1.1362558625075205,0,0,64,101122,1.5411688946187496
wave,transformer,coefficient,404,iid,final_step,ood,64,1.1984206814180425,0,0,64,101122,
wave,transformer,coefficient,404,iid,final_step,ood,96,1.325172470075131,0,0,64,101122,
wave,transformer,coefficient,404,none,validation_best,test,64,0.0037543611695402546,0,0,64,101122,1.5355334151536226
wave,transformer,coefficient,404,none,validation_best,test,96,0.005889923534425004,0,0,64,101122,1.5355334151536226
wave,transformer,coefficient,404,none,final_step,test,64,0.004490986886218407,0,0,64,101122,
wave,transformer,coefficient,404,none,final_step,test,96,0.006318317496394332,0,0,64,101122,
wave,transformer,coefficient,404,none,validation_best,ood,64,1.026019463497562,0,0,64,101122,1.5355334151536226
wave,transformer,coefficient,404,none,validation_best,ood,96,1.030280691460007,0,0,64,101122,1.5355334151536226
wave,transformer,coefficient,404,none,final_step,ood,64,1.0333152451501064,0,0,64,101122,
wave,transformer,coefficient,404,none,final_step,ood,96,1.0492821029830945,0,0,64,101122,
wave,transformer,coefficient,404,response_matched,validation_best,test,64,0.006561187257209,0,0,64,101122,1.532913907431066
wave,transformer,coefficient,404,response_matched,validation_best,test,96,0.011740498651006126,0,0,64,101122,1.532913907431066
wave,transformer,coefficient,404,response_matched,final_step,test,64,0.006561187257209,0,0,64,101122,
wave,transformer,coefficient,404,response_matched,final_step,test,96,0.011740498651006126,0,0,64,101122,
wave,transformer,coefficient,404,response_matched,validation_best,ood,64,1.0207986002109237,0,0,64,101122,1.532913907431066
wave,transformer,coefficient,404,response_matched,validation_best,ood,96,1.0398694724240918,0,0,64,101122,1.532913907431066
wave,transformer,coefficient,404,response_matched,final_step,ood,64,1.0207986002109237,0,0,64,101122,
wave,transformer,coefficient,404,response_matched,final_step,ood,96,1.0398694724240918,0,0,64,101122,
wave,transformer,coefficient,404,smooth,validation_best,test,64,0.008805970705420663,0,0,64,101122,1.5292244032025337
wave,transformer,coefficient,404,smooth,validation_best,test,96,0.01283608155451314,0,0,64,101122,1.5292244032025337
wave,transformer,coefficient,404,smooth,final_step,test,64,0.009454255179041637,0,0,64,101122,
wave,transformer,coefficient,404,smooth,final_step,test,96,0.017537200721452335,0,0,64,101122,
wave,transformer,coefficient,404,smooth,validation_best,ood,64,0.9783612365008594,0,0,64,101122,1.5292244032025337
wave,transformer,coefficient,404,smooth,validation_best,ood,96,0.9750690082934549,0,0,64,101122,1.5292244032025337
wave,transformer,coefficient,404,smooth,final_step,ood,64,1.0127060357719984,0,0,64,101122,
wave,transformer,coefficient,404,smooth,final_step,ood,96,1.0099675333575155,0,0,64,101122,
wave,transformer,coefficient,505,iid,validation_best,test,64,0.023346486210747086,0,0,64,101122,1.5129348961636424
wave,transformer,coefficient,505,iid,validation_best,test,96,0.04416467209257672,0,0,64,101122,1.5129348961636424
wave,transformer,coefficient,505,iid,final_step,test,64,0.0718223873461703,0,0,64,101122,
wave,transformer,coefficient,505,iid,final_step,test,96,0.14077976675176984,0,0,64,101122,
wave,transformer,coefficient,505,iid,validation_best,ood,64,3.3607688590278713,0,0,64,101122,1.5129348961636424
wave,transformer,coefficient,505,iid,validation_best,ood,96,3.6874558292624138,0,0,64,101122,1.5129348961636424
wave,transformer,coefficient,505,iid,final_step,ood,64,2.606627048013479,0,0,64,101122,
wave,transformer,coefficient,505,iid,final_step,ood,96,2.7587691365662677,0,0,64,101122,
wave,transformer,coefficient,505,none,validation_best,test,64,0.005402162692515228,0,0,64,101122,1.5273928875103593
wave,transformer,coefficient,505,none,validation_best,test,96,0.009699066353748972,0,0,64,101122,1.5273928875103593
wave,transformer,coefficient,505,none,final_step,test,64,0.013599341383252916,0,0,64,101122,
wave,transformer,coefficient,505,none,final_step,test,96,0.029422164595936273,0,0,64,101122,
wave,transformer,coefficient,505,none,validation_best,ood,64,3.333251472742404,0,0,64,101122,1.5273928875103593
wave,transformer,coefficient,505,none,validation_best,ood,96,3.695990753402384,0,0,64,101122,1.5273928875103593
wave,transformer,coefficient,505,none,final_step,ood,64,3.2905533438777184,0,0,64,101122,
wave,transformer,coefficient,505,none,final_step,ood,96,3.6335663435667507,0,0,64,101122,
wave,transformer,coefficient,505,response_matched,validation_best,test,64,0.009430648374098571,0,0,64,101122,1.5275269048288465
wave,transformer,coefficient,505,response_matched,validation_best,test,96,0.016632467930193167,0,0,64,101122,1.5275269048288465
wave,transformer,coefficient,505,response_matched,final_step,test,64,0.019198876662666065,0,0,64,101122,
wave,transformer,coefficient,505,response_matched,final_step,test,96,0.03800634538892374,0,0,64,101122,
wave,transformer,coefficient,505,response_matched,validation_best,ood,64,3.111959844776834,0,0,64,101122,1.5275269048288465
wave,transformer,coefficient,505,response_matched,validation_best,ood,96,3.482307830481129,0,0,64,101122,1.5275269048288465
wave,transformer,coefficient,505,response_matched,final_step,ood,64,3.113143377900883,0,0,64,101122,
wave,transformer,coefficient,505,response_matched,final_step,ood,96,3.484195796515678,0,0,64,101122,
wave,transformer,coefficient,505,smooth,validation_best,test,64,0.005517314007841723,0,0,64,101122,1.5268968883901834
wave,transformer,coefficient,505,smooth,validation_best,test,96,0.010187943765322949,0,0,64,101122,1.5268968883901834
wave,transformer,coefficient,505,smooth,final_step,test,64,0.00986927081984268,0,0,64,101122,
wave,transformer,coefficient,505,smooth,final_step,test,96,0.01836431894531258,0,0,64,101122,
wave,transformer,coefficient,505,smooth,validation_best,ood,64,3.0441196835946585,0,0,64,101122,1.5268968883901834
wave,transformer,coefficient,505,smooth,validation_best,ood,96,3.354394153559724,0,0,64,101122,1.5268968883901834
wave,transformer,coefficient,505,smooth,final_step,ood,64,2.8835303743049963,0,0,64,101122,
wave,transformer,coefficient,505,smooth,final_step,ood,96,3.1831517247153442,0,0,64,101122,
wave,transformer,coefficient,606,iid,validation_best,test,64,0.013636638512561916,0,0,64,101122,1.527339406311512
wave,transformer,coefficient,606,iid,validation_best,test,96,0.019144528196096168,0,0,64,101122,1.527339406311512
wave,transformer,coefficient,606,iid,final_step,test,64,0.017361121786475753,0,0,64,101122,
wave,transformer,coefficient,606,iid,final_step,test,96,0.02350304078472032,0,0,64,101122,
wave,transformer,coefficient,606,iid,validation_best,ood,64,0.6579366903830532,0,0,64,101122,1.527339406311512
wave,transformer,coefficient,606,iid,validation_best,ood,96,0.7559793719220428,0,0,64,101122,1.527339406311512
wave,transformer,coefficient,606,iid,final_step,ood,64,0.6609652896081286,0,0,64,101122,
wave,transformer,coefficient,606,iid,final_step,ood,96,0.7852941439635401,0,0,64,101122,
wave,transformer,coefficient,606,none,validation_best,test,64,0.002398562478602123,0,0,64,101122,1.5312798786908388
wave,transformer,coefficient,606,none,validation_best,test,96,0.003753459045762464,0,0,64,101122,1.5312798786908388
wave,transformer,coefficient,606,none,final_step,test,64,0.002398562478602123,0,0,64,101122,
wave,transformer,coefficient,606,none,final_step,test,96,0.003753459045762464,0,0,64,101122,
wave,transformer,coefficient,606,none,validation_best,ood,64,0.7545933901368471,0,0,64,101122,1.5312798786908388
wave,transformer,coefficient,606,none,validation_best,ood,96,0.8435920067061033,0,0,64,101122,1.5312798786908388
wave,transformer,coefficient,606,none,final_step,ood,64,0.7545933901368471,0,0,64,101122,
wave,transformer,coefficient,606,none,final_step,ood,96,0.8435920067061033,0,0,64,101122,
wave,transformer,coefficient,606,response_matched,validation_best,test,64,0.007592634818015642,0,0,64,101122,1.5307639027014375
wave,transformer,coefficient,606,response_matched,validation_best,test,96,0.012723844927519842,0,0,64,101122,1.5307639027014375
wave,transformer,coefficient,606,response_matched,final_step,test,64,0.02097293573337977,0,0,64,101122,
wave,transformer,coefficient,606,response_matched,final_step,test,96,0.028204543360788998,0,0,64,101122,
wave,transformer,coefficient,606,response_matched,validation_best,ood,64,0.7968118792543635,0,0,64,101122,1.5307639027014375
wave,transformer,coefficient,606,response_matched,validation_best,ood,96,0.8695329758473349,0,0,64,101122,1.5307639027014375
wave,transformer,coefficient,606,response_matched,final_step,ood,64,0.7495460670025977,0,0,64,101122,
wave,transformer,coefficient,606,response_matched,final_step,ood,96,0.8308274846004527,0,0,64,101122,
wave,transformer,coefficient,606,smooth,validation_best,test,64,0.007410759577903048,0,0,64,101122,1.5283343847841024
wave,transformer,coefficient,606,smooth,validation_best,test,96,0.012769700417982532,0,0,64,101122,1.5283343847841024
wave,transformer,coefficient,606,smooth,final_step,test,64,0.012511041078784757,0,0,64,101122,
wave,transformer,coefficient,606,smooth,final_step,test,96,0.02356835734627083,0,0,64,101122,
wave,transformer,coefficient,606,smooth,validation_best,ood,64,0.7584341198727884,0,0,64,101122,1.5283343847841024
wave,transformer,coefficient,606,smooth,validation_best,ood,96,0.8395511655757748,0,0,64,101122,1.5283343847841024
wave,transformer,coefficient,606,smooth,final_step,ood,64,0.7363677814504399,0,0,64,101122,
wave,transformer,coefficient,606,smooth,final_step,ood,96,0.8241907703209865,0,0,64,101122,
wave,transformer,correct,101,iid,validation_best,test,64,0.0195898652408677,0,0,64,101122,1.5253849094733596
wave,transformer,correct,101,iid,validation_best,test,96,0.025916244495813423,0,0,64,101122,1.5253849094733596
wave,transformer,correct,101,iid,final_step,test,64,0.0195898652408677,0,0,64,101122,
wave,transformer,correct,101,iid,final_step,test,96,0.025916244495813423,0,0,64,101122,
wave,transformer,correct,101,iid,validation_best,ood,64,1.751625732400953,0,0,64,101122,1.5253849094733596
wave,transformer,correct,101,iid,validation_best,ood,96,1.5967069689058917,0,0,64,101122,1.5253849094733596
wave,transformer,correct,101,iid,final_step,ood,64,1.751625732400953,0,0,64,101122,
wave,transformer,correct,101,iid,final_step,ood,96,1.5967069689058917,0,0,64,101122,
wave,transformer,correct,101,none,validation_best,test,64,0.0020780536044103237,0,0,64,101122,1.5302263898774981
wave,transformer,correct,101,none,validation_best,test,96,0.0030986968523262957,0,0,64,101122,1.5302263898774981
wave,transformer,correct,101,none,final_step,test,64,0.003043880717707753,0,0,64,101122,
wave,transformer,correct,101,none,final_step,test,96,0.004326441664940728,0,0,64,101122,
wave,transformer,correct,101,none,validation_best,ood,64,0.9774409673742639,0,0,64,101122,1.5302263898774981
wave,transformer,correct,101,none,validation_best,ood,96,1.0396145519435624,0,0,64,101122,1.5302263898774981
wave,transformer,correct,101,none,final_step,ood,64,0.9314059824350238,0,0,64,101122,
wave,transformer,correct,101,none,final_step,ood,96,1.0131355969287672,0,0,64,101122,
wave,transformer,correct,101,response_matched,validation_best,test,64,0.0024814957173744934,0,0,64,101122,1.5475474065169692
wave,transformer,correct,101,response_matched,validation_best,test,96,0.0035628020814318932,0,0,64,101122,1.5475474065169692
wave,transformer,correct,101,response_matched,final_step,test,64,0.006163272204017078,0,0,64,101122,
wave,transformer,correct,101,response_matched,final_step,test,96,0.0072875352373082585,0,0,64,101122,
wave,transformer,correct,101,response_matched,validation_best,ood,64,1.039891969206451,0,0,64,101122,1.5475474065169692
wave,transformer,correct,101,response_matched,validation_best,ood,96,1.111558523253052,0,0,64,101122,1.5475474065169692
wave,transformer,correct,101,response_matched,final_step,ood,64,1.0096053933789335,0,0,64,101122,
wave,transformer,correct,101,response_matched,final_step,ood,96,1.1108258382164422,0,0,64,101122,
wave,transformer,correct,101,smooth,validation_best,test,64,0.001956190248851797,0,0,64,101122,1.5710213920101523
wave,transformer,correct,101,smooth,validation_best,test,96,0.0028679705943687184,0,0,64,101122,1.5710213920101523
wave,transformer,correct,101,smooth,final_step,test,64,0.003101657244145073,0,0,64,101122,
wave,transformer,correct,101,smooth,final_step,test,96,0.004131038386390581,0,0,64,101122,
wave,transformer,correct,101,smooth,validation_best,ood,64,0.9762384240708002,0,0,64,101122,1.5710213920101523
wave,transformer,correct,101,smooth,validation_best,ood,96,1.0281257513485873,0,0,64,101122,1.5710213920101523
wave,transformer,correct,101,smooth,final_step,ood,64,0.9660694619773835,0,0,64,101122,
wave,transformer,correct,101,smooth,final_step,ood,96,1.0233115560376596,0,0,64,101122,
wave,transformer,correct,202,iid,validation_best,test,64,0.014949310882283129,0,0,64,101122,1.532560889609158
wave,transformer,correct,202,iid,validation_best,test,96,0.022124244152979124,0,0,64,101122,1.532560889609158
wave,transformer,correct,202,iid,final_step,test,64,0.030158291113612457,0,0,64,101122,
wave,transformer,correct,202,iid,final_step,test,96,0.03691796583372131,0,0,64,101122,
wave,transformer,correct,202,iid,validation_best,ood,64,0.6060369708343387,0,0,64,101122,1.532560889609158
wave,transformer,correct,202,iid,validation_best,ood,96,0.6878307771297234,0,0,64,101122,1.532560889609158
wave,transformer,correct,202,iid,final_step,ood,64,0.6142226525961405,0,0,64,101122,
wave,transformer,correct,202,iid,final_step,ood,96,0.6960523187110539,0,0,64,101122,
wave,transformer,correct,202,none,validation_best,test,64,0.002096313206489425,0,0,64,101122,1.5172559069469571
wave,transformer,correct,202,none,validation_best,test,96,0.0031682471604285722,0,0,64,101122,1.5172559069469571
wave,transformer,correct,202,none,final_step,test,64,0.002096313206489425,0,0,64,101122,
wave,transformer,correct,202,none,final_step,test,96,0.0031682471604285722,0,0,64,101122,
wave,transformer,correct,202,none,validation_best,ood,64,0.7570985776645784,0,0,64,101122,1.5172559069469571
wave,transformer,correct,202,none,validation_best,ood,96,0.8674882469172946,0,0,64,101122,1.5172559069469571
wave,transformer,correct,202,none,final_step,ood,64,0.7570985776645784,0,0,64,101122,
wave,transformer,correct,202,none,final_step,ood,96,0.8674882469172946,0,0,64,101122,
wave,transformer,correct,202,response_matched,validation_best,test,64,0.002879111452124161,0,0,64,101122,1.5423723962157965
wave,transformer,correct,202,response_matched,validation_best,test,96,0.004196471707430835,0,0,64,101122,1.5423723962157965
wave,transformer,correct,202,response_matched,final_step,test,64,0.003291294188113192,0,0,64,101122,
wave,transformer,correct,202,response_matched,final_step,test,96,0.004943250229386057,0,0,64,101122,
wave,transformer,correct,202,response_matched,validation_best,ood,64,0.760677598054599,0,0,64,101122,1.5423723962157965
wave,transformer,correct,202,response_matched,validation_best,ood,96,0.8956262070579821,0,0,64,101122,1.5423723962157965
wave,transformer,correct,202,response_matched,final_step,ood,64,0.7600923788817795,0,0,64,101122,
wave,transformer,correct,202,response_matched,final_step,ood,96,0.9034254840883402,0,0,64,101122,
wave,transformer,correct,202,smooth,validation_best,test,64,0.002000740462063111,0,0,64,101122,1.535603404045105
wave,transformer,correct,202,smooth,validation_best,test,96,0.003017498962557097,0,0,64,101122,1.535603404045105
wave,transformer,correct,202,smooth,final_step,test,64,0.002000740462063111,0,0,64,101122,
wave,transformer,correct,202,smooth,final_step,test,96,0.003017498962557097,0,0,64,101122,
wave,transformer,correct,202,smooth,validation_best,ood,64,0.7623597685897323,0,0,64,101122,1.535603404045105
wave,transformer,correct,202,smooth,validation_best,ood,96,0.8675047670919298,0,0,64,101122,1.535603404045105
wave,transformer,correct,202,smooth,final_step,ood,64,0.7623597685897323,0,0,64,101122,
wave,transformer,correct,202,smooth,final_step,ood,96,0.8675047670919298,0,0,64,101122,
wave,transformer,correct,303,iid,validation_best,test,64,0.01209077503554079,0,0,64,101122,1.5691309003159404
wave,transformer,correct,303,iid,validation_best,test,96,0.01685667124488699,0,0,64,101122,1.5691309003159404
wave,transformer,correct,303,iid,final_step,test,64,0.026641232932843373,0,0,64,101122,
wave,transformer,correct,303,iid,final_step,test,96,0.031035801756585712,0,0,64,101122,
wave,transformer,correct,303,iid,validation_best,ood,64,1.1703848687545815,0,0,64,101122,1.5691309003159404
wave,transformer,correct,303,iid,validation_best,ood,96,1.3485086851243675,0,0,64,101122,1.5691309003159404
wave,transformer,correct,303,iid,final_step,ood,64,1.1435627814804548,0,0,64,101122,
wave,transformer,correct,303,iid,final_step,ood,96,1.3047275203435522,0,0,64,101122,
wave,transformer,correct,303,none,validation_best,test,64,0.0025860799922361732,0,0,64,101122,1.5338848810642958
wave,transformer,correct,303,none,validation_best,test,96,0.003530444692980861,0,0,64,101122,1.5338848810642958
wave,transformer,correct,303,none,final_step,test,64,0.0025860799922361732,0,0,64,101122,
wave,transformer,correct,303,none,final_step,test,96,0.003530444692980861,0,0,64,101122,
wave,transformer,correct,303,none,validation_best,ood,64,0.9395500397858427,0,0,64,101122,1.5338848810642958
wave,transformer,correct,303,none,validation_best,ood,96,1.0791177166962598,0,0,64,101122,1.5338848810642958
wave,transformer,correct,303,none,final_step,ood,64,0.9395500397858427,0,0,64,101122,
wave,transformer,correct,303,none,final_step,ood,96,1.0791177166962598,0,0,64,101122,
wave,transformer,correct,303,response_matched,validation_best,test,64,0.00321626830031968,0,0,64,101122,1.585414889268577
wave,transformer,correct,303,response_matched,validation_best,test,96,0.004632600756792023,0,0,64,101122,1.585414889268577
wave,transformer,correct,303,response_matched,final_step,test,64,0.008267640080418137,0,0,64,101122,
wave,transformer,correct,303,response_matched,final_step,test,96,0.010986805168916147,0,0,64,101122,
wave,transformer,correct,303,response_matched,validation_best,ood,64,1.0840471658998183,0,0,64,101122,1.585414889268577
wave,transformer,correct,303,response_matched,validation_best,ood,96,1.294903396864337,0,0,64,101122,1.585414889268577
wave,transformer,correct,303,response_matched,final_step,ood,64,1.1376555419481633,0,0,64,101122,
wave,transformer,correct,303,response_matched,final_step,ood,96,1.402995167144771,0,0,64,101122,
wave,transformer,correct,303,smooth,validation_best,test,64,0.0016322585773742848,0,0,64,101122,1.5325989108532667
wave,transformer,correct,303,smooth,validation_best,test,96,0.0024683486046327974,0,0,64,101122,1.5325989108532667
wave,transformer,correct,303,smooth,final_step,test,64,0.002114913709554772,0,0,64,101122,
wave,transformer,correct,303,smooth,final_step,test,96,0.0029343701426066495,0,0,64,101122,
wave,transformer,correct,303,smooth,validation_best,ood,64,0.9326885069482955,0,0,64,101122,1.5325989108532667
wave,transformer,correct,303,smooth,validation_best,ood,96,1.0606634664695398,0,0,64,101122,1.5325989108532667
wave,transformer,correct,303,smooth,final_step,ood,64,0.9497661696241835,0,0,64,101122,
wave,transformer,correct,303,smooth,final_step,ood,96,1.090464005810683,0,0,64,101122,
wave,transformer,correct,404,iid,validation_best,test,64,0.016265111710774605,0,0,64,101122,1.542521407827735
wave,transformer,correct,404,iid,validation_best,test,96,0.02475818128706564,0,0,64,101122,1.542521407827735
wave,transformer,correct,404,iid,final_step,test,64,0.034653049334191444,0,0,64,101122,
wave,transformer,correct,404,iid,final_step,test,96,0.05049919124672601,0,0,64,101122,
wave,transformer,correct,404,iid,validation_best,ood,64,0.9842624613445423,0,0,64,101122,1.542521407827735
wave,transformer,correct,404,iid,validation_best,ood,96,1.0016848250499302,0,0,64,101122,1.542521407827735
wave,transformer,correct,404,iid,final_step,ood,64,2.318317365235316,0,0,64,101122,
wave,transformer,correct,404,iid,final_step,ood,96,2.4200164206796826,0,0,64,101122,
wave,transformer,correct,404,none,validation_best,test,64,0.00375448352208807,0,0,64,101122,1.5175359323620796
wave,transformer,correct,404,none,validation_best,test,96,0.005890159602217393,0,0,64,101122,1.5175359323620796
wave,transformer,correct,404,none,final_step,test,64,0.004509832262902358,0,0,64,101122,
wave,transformer,correct,404,none,final_step,test,96,0.006341176825499432,0,0,64,101122,
wave,transformer,correct,404,none,validation_best,ood,64,1.0260124607250418,0,0,64,101122,1.5175359323620796
wave,transformer,correct,404,none,validation_best,ood,96,1.0302761485001308,0,0,64,101122,1.5175359323620796
wave,transformer,correct,404,none,final_step,ood,64,1.0333290345149067,0,0,64,101122,
wave,transformer,correct,404,none,final_step,ood,96,1.0492952844625734,0,0,64,101122,
wave,transformer,correct,404,response_matched,validation_best,test,64,0.003130958059338773,0,0,64,101122,1.5326319029554725
wave,transformer,correct,404,response_matched,validation_best,test,96,0.004894425853048816,0,0,64,101122,1.5326319029554725
wave,transformer,correct,404,response_matched,final_step,test,64,0.003130958059338773,0,0,64,101122,
wave,transformer,correct,404,response_matched,final_step,test,96,0.004894425853048816,0,0,64,101122,
wave,transformer,correct,404,response_matched,validation_best,ood,64,0.9956682004308846,0,0,64,101122,1.5326319029554725
wave,transformer,correct,404,response_matched,validation_best,ood,96,1.0205358220013068,0,0,64,101122,1.5326319029554725
wave,transformer,correct,404,response_matched,final_step,ood,64,0.9956682004308846,0,0,64,101122,
wave,transformer,correct,404,response_matched,final_step,ood,96,1.0205358220013068,0,0,64,101122,
wave,transformer,correct,404,smooth,validation_best,test,64,0.003048760814222562,0,0,64,101122,1.5151594066992402
wave,transformer,correct,404,smooth,validation_best,test,96,0.004707859067905569,0,0,64,101122,1.5151594066992402
wave,transformer,correct,404,smooth,final_step,test,64,0.003048760814222562,0,0,64,101122,
wave,transformer,correct,404,smooth,final_step,test,96,0.004707859067905569,0,0,64,101122,
wave,transformer,correct,404,smooth,validation_best,ood,64,0.9864919756053041,0,0,64,101122,1.5151594066992402
wave,transformer,correct,404,smooth,validation_best,ood,96,0.9931504720223834,0,0,64,101122,1.5151594066992402
wave,transformer,correct,404,smooth,final_step,ood,64,0.9864919756053041,0,0,64,101122,
wave,transformer,correct,404,smooth,final_step,ood,96,0.9931504720223834,0,0,64,101122,
wave,transformer,correct,505,iid,validation_best,test,64,0.05990993651952481,0,0,64,101122,1.5656254487112164
wave,transformer,correct,505,iid,validation_best,test,96,0.1442569001225757,0,0,64,101122,1.5656254487112164
wave,transformer,correct,505,iid,final_step,test,64,0.12165287579420792,0,0,64,101122,
wave,transformer,correct,505,iid,final_step,test,96,0.23222371825439106,0,0,64,101122,
wave,transformer,correct,505,iid,validation_best,ood,64,3.601336633952542,0,0,64,101122,1.5656254487112164
wave,transformer,correct,505,iid,validation_best,ood,96,3.9762451697743013,0,0,64,101122,1.5656254487112164
wave,transformer,correct,505,iid,final_step,ood,64,2.385628804165435,0,0,64,101122,
wave,transformer,correct,505,iid,final_step,ood,96,2.468953835846605,0,0,64,101122,
wave,transformer,correct,505,none,validation_best,test,64,0.005402636846043141,0,0,64,101122,1.5803193906322122
wave,transformer,correct,505,none,validation_best,test,96,0.009700043459475024,0,0,64,101122,1.5803193906322122
wave,transformer,correct,505,none,final_step,test,64,0.013600337961271913,0,0,64,101122,
wave,transformer,correct,505,none,final_step,test,96,0.029424557413056274,0,0,64,101122,
wave,transformer,correct,505,none,validation_best,ood,64,3.3332364350294483,0,0,64,101122,1.5803193906322122
wave,transformer,correct,505,none,validation_best,ood,96,3.6959743629228496,0,0,64,101122,1.5803193906322122
wave,transformer,correct,505,none,final_step,ood,64,3.2905615296571114,0,0,64,101122,
wave,transformer,correct,505,none,final_step,ood,96,3.633576119645037,0,0,64,101122,
wave,transformer,correct,505,response_matched,validation_best,test,64,0.007472592565448688,0,0,64,101122,1.5386553946882486
wave,transformer,correct,505,response_matched,validation_best,test,96,0.015350919221323738,0,0,64,101122,1.5386553946882486
wave,transformer,correct,505,response_matched,final_step,test,64,0.01853409533755279,0,0,64,101122,
wave,transformer,correct,505,response_matched,final_step,test,96,0.028087119553567536,0,0,64,101122,
wave,transformer,correct,505,response_matched,validation_best,ood,64,3.174650919260671,0,0,64,101122,1.5386553946882486
wave,transformer,correct,505,response_matched,validation_best,ood,96,3.4865041909026786,0,0,64,101122,1.5386553946882486
wave,transformer,correct,505,response_matched,final_step,ood,64,3.464073807409477,0,0,64,101122,
wave,transformer,correct,505,response_matched,final_step,ood,96,3.8279820229903025,0,0,64,101122,
wave,transformer,correct,505,smooth,validation_best,test,64,0.003810088627008268,0,0,64,101122,1.5339398989453912
wave,transformer,correct,505,smooth,validation_best,test,96,0.007710990664370568,0,0,64,101122,1.5339398989453912
wave,transformer,correct,505,smooth,final_step,test,64,0.00745670549637284,0,0,64,101122,
wave,transformer,correct,505,smooth,final_step,test,96,0.016777755684893626,0,0,64,101122,
wave,transformer,correct,505,smooth,validation_best,ood,64,3.264713760114887,0,0,64,101122,1.5339398989453912
wave,transformer,correct,505,smooth,validation_best,ood,96,3.590755883428831,0,0,64,101122,1.5339398989453912
wave,transformer,correct,505,smooth,final_step,ood,64,3.210385615854989,0,0,64,101122,
wave,transformer,correct,505,smooth,final_step,ood,96,3.5155992386119124,0,0,64,101122,
wave,transformer,correct,606,iid,validation_best,test,64,0.014339636556346624,0,0,64,101122,1.5387934166938066
wave,transformer,correct,606,iid,validation_best,test,96,0.020732530245010466,0,0,64,101122,1.5387934166938066
wave,transformer,correct,606,iid,final_step,test,64,0.04687841051945263,0,0,64,101122,
wave,transformer,correct,606,iid,final_step,test,96,0.053744930001839705,0,0,64,101122,
wave,transformer,correct,606,iid,validation_best,ood,64,0.8212168905031945,0,0,64,101122,1.5387934166938066
wave,transformer,correct,606,iid,validation_best,ood,96,0.9541605133140745,0,0,64,101122,1.5387934166938066
wave,transformer,correct,606,iid,final_step,ood,64,0.8116496525603907,0,0,64,101122,
wave,transformer,correct,606,iid,final_step,ood,96,0.9537707863385851,0,0,64,101122,
wave,transformer,correct,606,none,validation_best,test,64,0.0023986171698358594,0,0,64,101122,1.5382644021883607
wave,transformer,correct,606,none,validation_best,test,96,0.0037535180766054737,0,0,64,101122,1.5382644021883607
wave,transformer,correct,606,none,final_step,test,64,0.0023986171698358594,0,0,64,101122,
wave,transformer,correct,606,none,final_step,test,96,0.0037535180766054737,0,0,64,101122,
wave,transformer,correct,606,none,validation_best,ood,64,0.754592950530224,0,0,64,101122,1.5382644021883607
wave,transformer,correct,606,none,validation_best,ood,96,0.8435917196801294,0,0,64,101122,1.5382644021883607
wave,transformer,correct,606,none,final_step,ood,64,0.754592950530224,0,0,64,101122,
wave,transformer,correct,606,none,final_step,ood,96,0.8435917196801294,0,0,64,101122,
wave,transformer,correct,606,response_matched,validation_best,test,64,0.003741837649091362,0,0,64,101122,1.5327293891459703
wave,transformer,correct,606,response_matched,validation_best,test,96,0.005224376172040117,0,0,64,101122,1.5327293891459703
wave,transformer,correct,606,response_matched,final_step,test,64,0.003824336783916804,0,0,64,101122,
wave,transformer,correct,606,response_matched,final_step,test,96,0.005422034634048334,0,0,64,101122,
wave,transformer,correct,606,response_matched,validation_best,ood,64,0.7701577519816283,0,0,64,101122,1.5327293891459703
wave,transformer,correct,606,response_matched,validation_best,ood,96,0.8579132177120148,0,0,64,101122,1.5327293891459703
wave,transformer,correct,606,response_matched,final_step,ood,64,0.7688430552457532,0,0,64,101122,
wave,transformer,correct,606,response_matched,final_step,ood,96,0.8621812947952587,0,0,64,101122,
wave,transformer,correct,606,smooth,validation_best,test,64,0.0022578446353699044,0,0,64,101122,1.5482998918741941
wave,transformer,correct,606,smooth,validation_best,test,96,0.003619408692441613,0,0,64,101122,1.5482998918741941
wave,transformer,correct,606,smooth,final_step,test,64,0.0022578446353699044,0,0,64,101122,
wave,transformer,correct,606,smooth,final_step,test,96,0.003619408692441613,0,0,64,101122,
wave,transformer,correct,606,smooth,validation_best,ood,64,0.7536270786233388,0,0,64,101122,1.5482998918741941
wave,transformer,correct,606,smooth,validation_best,ood,96,0.8392914801984072,0,0,64,101122,1.5482998918741941
wave,transformer,correct,606,smooth,final_step,ood,64,0.7536270786233388,0,0,64,101122,
wave,transformer,correct,606,smooth,final_step,ood,96,0.8392914801984072,0,0,64,101122,
