family,kind,prior,seed,policy,arm,checkpoint,split,horizon,mean_capped_mse,diverged_trajectories,trajectories,regret_log_ratio_to_test_oracle
advection_diffusion,fno,coefficient,101,always_smooth,smooth,validation_best,test,64,0.002624581142666234,0,64,1.6196374576456234
advection_diffusion,fno,coefficient,101,always_smooth,smooth,validation_best,ood,64,0.021068567734658372,0,64,
advection_diffusion,fno,coefficient,101,best_fixed,smooth,validation_best,test,64,0.002624581142666234,0,64,1.6196374576456234
advection_diffusion,fno,coefficient,101,best_fixed,smooth,validation_best,ood,64,0.021068567734658372,0,64,
advection_diffusion,fno,coefficient,101,hand_rule,none,validation_best,test,64,0.0005195895328422712,0,64,0.0
advection_diffusion,fno,coefficient,101,hand_rule,none,validation_best,ood,64,0.009124438275264657,0,64,
advection_diffusion,fno,coefficient,101,none,none,validation_best,test,64,0.0005195895328422712,0,64,0.0
advection_diffusion,fno,coefficient,101,none,none,validation_best,ood,64,0.009124438275264657,0,64,
advection_diffusion,fno,coefficient,101,probe_best,response_matched,validation_best,test,64,0.0006103626668265139,0,64,0.16101417633368412
advection_diffusion,fno,coefficient,101,probe_best,response_matched,validation_best,ood,64,0.09981267609959144,0,64,
advection_diffusion,fno,coefficient,101,random,smooth,validation_best,test,64,0.002624581142666234,0,64,1.6196374576456234
advection_diffusion,fno,coefficient,101,random,smooth,validation_best,ood,64,0.021068567734658372,0,64,
advection_diffusion,fno,coefficient,101,ridge_selector,none,validation_best,test,64,0.0005195895328422712,0,64,0.0
advection_diffusion,fno,coefficient,101,ridge_selector,none,validation_best,ood,64,0.009124438275264657,0,64,
advection_diffusion,fno,coefficient,101,full_validation,none,validation_best,test,64,0.0005195895328422712,0,64,0.0
advection_diffusion,fno,coefficient,101,full_validation,none,validation_best,ood,64,0.009124438275264657,0,64,
advection_diffusion,fno,coefficient,202,always_smooth,smooth,validation_best,test,64,0.0018379552624476492,0,64,1.6210198082333787
advection_diffusion,fno,coefficient,202,always_smooth,smooth,validation_best,ood,64,0.07853216634685145,0,64,
advection_diffusion,fno,coefficient,202,best_fixed,smooth,validation_best,test,64,0.0018379552624476492,0,64,1.6210198082333787
advection_diffusion,fno,coefficient,202,best_fixed,smooth,validation_best,ood,64,0.07853216634685145,0,64,
advection_diffusion,fno,coefficient,202,hand_rule,none,validation_best,test,64,0.0003633582107044073,0,64,0.0
advection_diffusion,fno,coefficient,202,hand_rule,none,validation_best,ood,64,0.05229153659471231,0,64,
advection_diffusion,fno,coefficient,202,none,none,validation_best,test,64,0.0003633582107044073,0,64,0.0
advection_diffusion,fno,coefficient,202,none,none,validation_best,ood,64,0.05229153659471231,0,64,
advection_diffusion,fno,coefficient,202,probe_best,smooth,validation_best,test,64,0.0018379552624476492,0,64,1.6210198082333787
advection_diffusion,fno,coefficient,202,probe_best,smooth,validation_best,ood,64,0.07853216634685145,0,64,
advection_diffusion,fno,coefficient,202,random,smooth,validation_best,test,64,0.0018379552624476492,0,64,1.6210198082333787
advection_diffusion,fno,coefficient,202,random,smooth,validation_best,ood,64,0.07853216634685145,0,64,
advection_diffusion,fno,coefficient,202,ridge_selector,none,validation_best,test,64,0.0003633582107044073,0,64,0.0
advection_diffusion,fno,coefficient,202,ridge_selector,none,validation_best,ood,64,0.05229153659471231,0,64,
advection_diffusion,fno,coefficient,202,full_validation,none,validation_best,test,64,0.0003633582107044073,0,64,0.0
advection_diffusion,fno,coefficient,202,full_validation,none,validation_best,ood,64,0.05229153659471231,0,64,
advection_diffusion,fno,coefficient,303,always_smooth,smooth,validation_best,test,64,0.003396697077440551,0,64,2.469818547378125
advection_diffusion,fno,coefficient,303,always_smooth,smooth,validation_best,ood,64,0.04370149071962115,0,64,
advection_diffusion,fno,coefficient,303,best_fixed,smooth,validation_best,test,64,0.003396697077440551,0,64,2.469818547378125
advection_diffusion,fno,coefficient,303,best_fixed,smooth,validation_best,ood,64,0.04370149071962115,0,64,
advection_diffusion,fno,coefficient,303,hand_rule,none,validation_best,test,64,0.0002873612810928936,0,64,0.0
advection_diffusion,fno,coefficient,303,hand_rule,none,validation_best,ood,64,0.07360327792043697,0,64,
advection_diffusion,fno,coefficient,303,none,none,validation_best,test,64,0.0002873612810928936,0,64,0.0
advection_diffusion,fno,coefficient,303,none,none,validation_best,ood,64,0.07360327792043697,0,64,
advection_diffusion,fno,coefficient,303,probe_best,none,validation_best,test,64,0.0002873612810928936,0,64,0.0
advection_diffusion,fno,coefficient,303,probe_best,none,validation_best,ood,64,0.07360327792043697,0,64,
advection_diffusion,fno,coefficient,303,random,iid,validation_best,test,64,0.006600227996502728,0,64,3.134119229089079
advection_diffusion,fno,coefficient,303,random,iid,validation_best,ood,64,0.021572911492263813,0,64,
advection_diffusion,fno,coefficient,303,ridge_selector,none,validation_best,test,64,0.0002873612810928936,0,64,0.0
advection_diffusion,fno,coefficient,303,ridge_selector,none,validation_best,ood,64,0.07360327792043697,0,64,
advection_diffusion,fno,coefficient,303,full_validation,none,validation_best,test,64,0.0002873612810928936,0,64,0.0
advection_diffusion,fno,coefficient,303,full_validation,none,validation_best,ood,64,0.07360327792043697,0,64,
advection_diffusion,fno,coefficient,404,always_smooth,smooth,validation_best,test,64,0.0030117569833060798,0,64,2.4484840160863057
advection_diffusion,fno,coefficient,404,always_smooth,smooth,validation_best,ood,64,0.007585606816043922,0,64,
advection_diffusion,fno,coefficient,404,best_fixed,smooth,validation_best,test,64,0.0030117569833060798,0,64,2.4484840160863057
advection_diffusion,fno,coefficient,404,best_fixed,smooth,validation_best,ood,64,0.007585606816043922,0,64,
advection_diffusion,fno,coefficient,404,hand_rule,none,validation_best,test,64,0.0002602896076625699,0,64,0.0
advection_diffusion,fno,coefficient,404,hand_rule,none,validation_best,ood,64,0.0888347086650505,0,64,
advection_diffusion,fno,coefficient,404,none,none,validation_best,test,64,0.0002602896076625699,0,64,0.0
advection_diffusion,fno,coefficient,404,none,none,validation_best,ood,64,0.0888347086650505,0,64,
advection_diffusion,fno,coefficient,404,probe_best,none,validation_best,test,64,0.0002602896076625699,0,64,0.0
advection_diffusion,fno,coefficient,404,probe_best,none,validation_best,ood,64,0.0888347086650505,0,64,
advection_diffusion,fno,coefficient,404,random,iid,validation_best,test,64,0.002100334330110587,0,64,2.0880569291093454
advection_diffusion,fno,coefficient,404,random,iid,validation_best,ood,64,0.04565139546217378,0,64,
advection_diffusion,fno,coefficient,404,ridge_selector,none,validation_best,test,64,0.0002602896076625699,0,64,0.0
advection_diffusion,fno,coefficient,404,ridge_selector,none,validation_best,ood,64,0.0888347086650505,0,64,
advection_diffusion,fno,coefficient,404,full_validation,none,validation_best,test,64,0.0002602896076625699,0,64,0.0
advection_diffusion,fno,coefficient,404,full_validation,none,validation_best,ood,64,0.0888347086650505,0,64,
advection_diffusion,fno,coefficient,505,always_smooth,smooth,validation_best,test,64,0.0026389416839400354,0,64,2.2528144723654258
advection_diffusion,fno,coefficient,505,always_smooth,smooth,validation_best,ood,64,0.01861019994474683,0,64,
advection_diffusion,fno,coefficient,505,best_fixed,smooth,validation_best,test,64,0.0026389416839400354,0,64,2.2528144723654258
advection_diffusion,fno,coefficient,505,best_fixed,smooth,validation_best,ood,64,0.01861019994474683,0,64,
advection_diffusion,fno,coefficient,505,hand_rule,none,validation_best,test,64,0.0002773606836174447,0,64,0.0
advection_diffusion,fno,coefficient,505,hand_rule,none,validation_best,ood,64,0.026100815694939494,0,64,
advection_diffusion,fno,coefficient,505,none,none,validation_best,test,64,0.0002773606836174447,0,64,0.0
advection_diffusion,fno,coefficient,505,none,none,validation_best,ood,64,0.026100815694939494,0,64,
advection_diffusion,fno,coefficient,505,probe_best,smooth,validation_best,test,64,0.0026389416839400354,0,64,2.2528144723654258
advection_diffusion,fno,coefficient,505,probe_best,smooth,validation_best,ood,64,0.01861019994474683,0,64,
advection_diffusion,fno,coefficient,505,random,iid,validation_best,test,64,0.0020426612235107527,0,64,1.9966899919117906
advection_diffusion,fno,coefficient,505,random,iid,validation_best,ood,64,0.01689242402942004,0,64,
advection_diffusion,fno,coefficient,505,ridge_selector,none,validation_best,test,64,0.0002773606836174447,0,64,0.0
advection_diffusion,fno,coefficient,505,ridge_selector,none,validation_best,ood,64,0.026100815694939494,0,64,
advection_diffusion,fno,coefficient,505,full_validation,none,validation_best,test,64,0.0002773606836174447,0,64,0.0
advection_diffusion,fno,coefficient,505,full_validation,none,validation_best,ood,64,0.026100815694939494,0,64,
advection_diffusion,fno,coefficient,606,always_smooth,smooth,validation_best,test,64,0.002364811293705943,0,64,2.018971061698409
advection_diffusion,fno,coefficient,606,always_smooth,smooth,validation_best,ood,64,0.0550112412817203,0,64,
advection_diffusion,fno,coefficient,606,best_fixed,smooth,validation_best,test,64,0.002364811293705943,0,64,2.018971061698409
advection_diffusion,fno,coefficient,606,best_fixed,smooth,validation_best,ood,64,0.0550112412817203,0,64,
advection_diffusion,fno,coefficient,606,hand_rule,none,validation_best,test,64,0.0003140280913474097,0,64,0.0
advection_diffusion,fno,coefficient,606,hand_rule,none,validation_best,ood,64,0.048390405516788304,0,64,
advection_diffusion,fno,coefficient,606,none,none,validation_best,test,64,0.0003140280913474097,0,64,0.0
advection_diffusion,fno,coefficient,606,none,none,validation_best,ood,64,0.048390405516788304,0,64,
advection_diffusion,fno,coefficient,606,probe_best,response_matched,validation_best,test,64,0.001523865489118828,0,64,1.5795230258191875
advection_diffusion,fno,coefficient,606,probe_best,response_matched,validation_best,ood,64,0.03076035702883395,0,64,
advection_diffusion,fno,coefficient,606,random,iid,validation_best,test,64,0.016103377007226444,0,64,3.9373018361796714
advection_diffusion,fno,coefficient,606,random,iid,validation_best,ood,64,0.1579569402640284,0,64,
advection_diffusion,fno,coefficient,606,ridge_selector,none,validation_best,test,64,0.0003140280913474097,0,64,0.0
advection_diffusion,fno,coefficient,606,ridge_selector,none,validation_best,ood,64,0.048390405516788304,0,64,
advection_diffusion,fno,coefficient,606,full_validation,none,validation_best,test,64,0.0003140280913474097,0,64,0.0
advection_diffusion,fno,coefficient,606,full_validation,none,validation_best,ood,64,0.048390405516788304,0,64,
advection_diffusion,fno,correct,101,always_smooth,smooth,validation_best,test,64,8.020147330900507e-05,0,64,0.0
advection_diffusion,fno,correct,101,always_smooth,smooth,validation_best,ood,64,0.019737438550866515,0,64,
advection_diffusion,fno,correct,101,best_fixed,smooth,validation_best,test,64,8.020147330900507e-05,0,64,0.0
advection_diffusion,fno,correct,101,best_fixed,smooth,validation_best,ood,64,0.019737438550866515,0,64,
advection_diffusion,fno,correct,101,hand_rule,none,validation_best,test,64,0.0005190673987746294,0,64,1.8674918523479196
advection_diffusion,fno,correct,101,hand_rule,none,validation_best,ood,64,0.009138861478738602,0,64,
advection_diffusion,fno,correct,101,none,none,validation_best,test,64,0.0005190673987746294,0,64,1.8674918523479196
advection_diffusion,fno,correct,101,none,none,validation_best,ood,64,0.009138861478738602,0,64,
advection_diffusion,fno,correct,101,probe_best,response_matched,validation_best,test,64,0.00015588576066460913,0,64,0.6645815504061501
advection_diffusion,fno,correct,101,probe_best,response_matched,validation_best,ood,64,0.028567815885823133,0,64,
advection_diffusion,fno,correct,101,random,smooth,validation_best,test,64,8.020147330900507e-05,0,64,0.0
advection_diffusion,fno,correct,101,random,smooth,validation_best,ood,64,0.019737438550866515,0,64,
advection_diffusion,fno,correct,101,ridge_selector,none,validation_best,test,64,0.0005190673987746294,0,64,1.8674918523479196
advection_diffusion,fno,correct,101,ridge_selector,none,validation_best,ood,64,0.009138861478738602,0,64,
advection_diffusion,fno,correct,101,full_validation,smooth,validation_best,test,64,8.020147330900507e-05,0,64,0.0
advection_diffusion,fno,correct,101,full_validation,smooth,validation_best,ood,64,0.019737438550866515,0,64,
advection_diffusion,fno,correct,202,always_smooth,smooth,validation_best,test,64,8.978749548853651e-05,0,64,0.0
advection_diffusion,fno,correct,202,always_smooth,smooth,validation_best,ood,64,0.03102888834634432,0,64,
advection_diffusion,fno,correct,202,best_fixed,smooth,validation_best,test,64,8.978749548853651e-05,0,64,0.0
advection_diffusion,fno,correct,202,best_fixed,smooth,validation_best,ood,64,0.03102888834634432,0,64,
advection_diffusion,fno,correct,202,hand_rule,none,validation_best,test,64,0.00035551681889245054,0,64,1.3761268414882402
advection_diffusion,fno,correct,202,hand_rule,none,validation_best,ood,64,0.05231035736883882,0,64,
advection_diffusion,fno,correct,202,none,none,validation_best,test,64,0.00035551681889245054,0,64,1.3761268414882402
advection_diffusion,fno,correct,202,none,none,validation_best,ood,64,0.05231035736883882,0,64,
advection_diffusion,fno,correct,202,probe_best,smooth,validation_best,test,64,8.978749548853651e-05,0,64,0.0
advection_diffusion,fno,correct,202,probe_best,smooth,validation_best,ood,64,0.03102888834634432,0,64,
advection_diffusion,fno,correct,202,random,response_matched,validation_best,test,64,0.00019330039586912262,0,64,0.766799717003319
advection_diffusion,fno,correct,202,random,response_matched,validation_best,ood,64,0.039253769990351906,0,64,
advection_diffusion,fno,correct,202,ridge_selector,none,validation_best,test,64,0.00035551681889245054,0,64,1.3761268414882402
advection_diffusion,fno,correct,202,ridge_selector,none,validation_best,ood,64,0.05231035736883882,0,64,
advection_diffusion,fno,correct,202,full_validation,smooth,validation_best,test,64,8.978749548853651e-05,0,64,0.0
advection_diffusion,fno,correct,202,full_validation,smooth,validation_best,ood,64,0.03102888834634432,0,64,
advection_diffusion,fno,correct,303,always_smooth,smooth,validation_best,test,64,0.00017737514853174811,0,64,0.0
advection_diffusion,fno,correct,303,always_smooth,smooth,validation_best,ood,64,0.060795086553145694,0,64,
advection_diffusion,fno,correct,303,best_fixed,smooth,validation_best,test,64,0.00017737514853174811,0,64,0.0
advection_diffusion,fno,correct,303,best_fixed,smooth,validation_best,ood,64,0.060795086553145694,0,64,
advection_diffusion,fno,correct,303,hand_rule,none,validation_best,test,64,0.0002901508638015332,0,64,0.492134034847952
advection_diffusion,fno,correct,303,hand_rule,none,validation_best,ood,64,0.07353592856136126,0,64,
advection_diffusion,fno,correct,303,none,none,validation_best,test,64,0.0002901508638015332,0,64,0.492134034847952
advection_diffusion,fno,correct,303,none,none,validation_best,ood,64,0.07353592856136126,0,64,
advection_diffusion,fno,correct,303,probe_best,response_matched,validation_best,test,64,0.00021087139838335545,0,64,0.1729814884599155
advection_diffusion,fno,correct,303,probe_best,response_matched,validation_best,ood,64,0.053289418485347184,0,64,
advection_diffusion,fno,correct,303,random,iid,validation_best,test,64,0.00022586738865324613,0,64,0.2416810783120018
advection_diffusion,fno,correct,303,random,iid,validation_best,ood,64,0.059273090828282804,0,64,
advection_diffusion,fno,correct,303,ridge_selector,none,validation_best,test,64,0.0002901508638015332,0,64,0.492134034847952
advection_diffusion,fno,correct,303,ridge_selector,none,validation_best,ood,64,0.07353592856136126,0,64,
advection_diffusion,fno,correct,303,full_validation,smooth,validation_best,test,64,0.00017737514853174811,0,64,0.0
advection_diffusion,fno,correct,303,full_validation,smooth,validation_best,ood,64,0.060795086553145694,0,64,
advection_diffusion,fno,correct,404,always_smooth,smooth,validation_best,test,64,0.00012446663784243528,0,64,0.0
advection_diffusion,fno,correct,404,always_smooth,smooth,validation_best,ood,64,0.04801332001853953,0,64,
advection_diffusion,fno,correct,404,best_fixed,smooth,validation_best,test,64,0.00012446663784243528,0,64,0.0
advection_diffusion,fno,correct,404,best_fixed,smooth,validation_best,ood,64,0.04801332001853953,0,64,
advection_diffusion,fno,correct,404,hand_rule,none,validation_best,test,64,0.0003585674580624393,0,64,1.0580790990137723
advection_diffusion,fno,correct,404,hand_rule,none,validation_best,ood,64,0.12521737136887534,0,64,
advection_diffusion,fno,correct,404,none,none,validation_best,test,64,0.0003585674580624393,0,64,1.0580790990137723
advection_diffusion,fno,correct,404,none,none,validation_best,ood,64,0.12521737136887534,0,64,
advection_diffusion,fno,correct,404,probe_best,response_matched,validation_best,test,64,0.00018440419268615088,0,64,0.3930923369135626
advection_diffusion,fno,correct,404,probe_best,response_matched,validation_best,ood,64,0.03165562716361603,0,64,
advection_diffusion,fno,correct,404,random,response_matched,validation_best,test,64,0.00018440419268615088,0,64,0.3930923369135626
advection_diffusion,fno,correct,404,random,response_matched,validation_best,ood,64,0.03165562716361603,0,64,
advection_diffusion,fno,correct,404,ridge_selector,none,validation_best,test,64,0.0003585674580624393,0,64,1.0580790990137723
advection_diffusion,fno,correct,404,ridge_selector,none,validation_best,ood,64,0.12521737136887534,0,64,
advection_diffusion,fno,correct,404,full_validation,smooth,validation_best,test,64,0.00012446663784243528,0,64,0.0
advection_diffusion,fno,correct,404,full_validation,smooth,validation_best,ood,64,0.04801332001853953,0,64,
advection_diffusion,fno,correct,505,always_smooth,smooth,validation_best,test,64,0.00011880787617275443,0,64,0.0
advection_diffusion,fno,correct,505,always_smooth,smooth,validation_best,ood,64,0.03608203592197945,0,64,
advection_diffusion,fno,correct,505,best_fixed,smooth,validation_best,test,64,0.00011880787617275443,0,64,0.0
advection_diffusion,fno,correct,505,best_fixed,smooth,validation_best,ood,64,0.03608203592197945,0,64,
advection_diffusion,fno,correct,505,hand_rule,none,validation_best,test,64,0.0006598034868655449,0,64,1.7144343410232585
advection_diffusion,fno,correct,505,hand_rule,none,validation_best,ood,64,0.027658752935347808,0,64,
advection_diffusion,fno,correct,505,none,none,validation_best,test,64,0.0006598034868655449,0,64,1.7144343410232585
advection_diffusion,fno,correct,505,none,none,validation_best,ood,64,0.027658752935347808,0,64,
advection_diffusion,fno,correct,505,probe_best,response_matched,validation_best,test,64,0.00018072229072063628,0,64,0.4194538451187889
advection_diffusion,fno,correct,505,probe_best,response_matched,validation_best,ood,64,0.06057952244068687,0,64,
advection_diffusion,fno,correct,505,random,iid,validation_best,test,64,0.00018044211404702123,0,64,0.41790232605368366
advection_diffusion,fno,correct,505,random,iid,validation_best,ood,64,0.027129679670391482,0,64,
advection_diffusion,fno,correct,505,ridge_selector,none,validation_best,test,64,0.0006598034868655449,0,64,1.7144343410232585
advection_diffusion,fno,correct,505,ridge_selector,none,validation_best,ood,64,0.027658752935347808,0,64,
advection_diffusion,fno,correct,505,full_validation,smooth,validation_best,test,64,0.00011880787617275443,0,64,0.0
advection_diffusion,fno,correct,505,full_validation,smooth,validation_best,ood,64,0.03608203592197945,0,64,
advection_diffusion,fno,correct,606,always_smooth,smooth,validation_best,test,64,0.00013055074699245238,0,64,0.0
advection_diffusion,fno,correct,606,always_smooth,smooth,validation_best,ood,64,0.023588346909009905,0,64,
advection_diffusion,fno,correct,606,best_fixed,smooth,validation_best,test,64,0.00013055074699245238,0,64,0.0
advection_diffusion,fno,correct,606,best_fixed,smooth,validation_best,ood,64,0.023588346909009905,0,64,
advection_diffusion,fno,correct,606,hand_rule,none,validation_best,test,64,0.00036427006463112324,0,64,1.026133511316743
advection_diffusion,fno,correct,606,hand_rule,none,validation_best,ood,64,0.04755869109274258,0,64,
advection_diffusion,fno,correct,606,none,none,validation_best,test,64,0.00036427006463112324,0,64,1.026133511316743
advection_diffusion,fno,correct,606,none,none,validation_best,ood,64,0.04755869109274258,0,64,
advection_diffusion,fno,correct,606,probe_best,response_matched,validation_best,test,64,0.0003632360132421811,0,64,1.023290780192572
advection_diffusion,fno,correct,606,probe_best,response_matched,validation_best,ood,64,0.013207142821029638,0,64,
advection_diffusion,fno,correct,606,random,smooth,validation_best,test,64,0.00013055074699245238,0,64,0.0
advection_diffusion,fno,correct,606,random,smooth,validation_best,ood,64,0.023588346909009905,0,64,
advection_diffusion,fno,correct,606,ridge_selector,none,validation_best,test,64,0.00036427006463112324,0,64,1.026133511316743
advection_diffusion,fno,correct,606,ridge_selector,none,validation_best,ood,64,0.04755869109274258,0,64,
advection_diffusion,fno,correct,606,full_validation,smooth,validation_best,test,64,0.00013055074699245238,0,64,0.0
advection_diffusion,fno,correct,606,full_validation,smooth,validation_best,ood,64,0.023588346909009905,0,64,
advection_diffusion,looped,coefficient,101,always_smooth,smooth,validation_best,test,64,0.014562555770465835,0,64,0.9271840325241808
advection_diffusion,looped,coefficient,101,always_smooth,smooth,validation_best,ood,64,2.326149369114603,0,64,
advection_diffusion,looped,coefficient,101,best_fixed,smooth,validation_best,test,64,0.014562555770465835,0,64,0.9271840325241808
advection_diffusion,looped,coefficient,101,best_fixed,smooth,validation_best,ood,64,2.326149369114603,0,64,
advection_diffusion,looped,coefficient,101,hand_rule,none,validation_best,test,64,0.005761912947575221,0,64,0.0
advection_diffusion,looped,coefficient,101,hand_rule,none,validation_best,ood,64,3.0162991526151472,0,64,
advection_diffusion,looped,coefficient,101,none,none,validation_best,test,64,0.005761912947575221,0,64,0.0
advection_diffusion,looped,coefficient,101,none,none,validation_best,ood,64,3.0162991526151472,0,64,
advection_diffusion,looped,coefficient,101,probe_best,response_matched,validation_best,test,64,0.00881331150463982,0,64,0.424993721005733
advection_diffusion,looped,coefficient,101,probe_best,response_matched,validation_best,ood,64,2.2201388150187995,0,64,
advection_diffusion,looped,coefficient,101,random,response_matched,validation_best,test,64,0.00881331150463982,0,64,0.424993721005733
advection_diffusion,looped,coefficient,101,random,response_matched,validation_best,ood,64,2.2201388150187995,0,64,
advection_diffusion,looped,coefficient,101,ridge_selector,none,validation_best,test,64,0.005761912947575221,0,64,0.0
advection_diffusion,looped,coefficient,101,ridge_selector,none,validation_best,ood,64,3.0162991526151472,0,64,
advection_diffusion,looped,coefficient,101,full_validation,none,validation_best,test,64,0.005761912947575221,0,64,0.0
advection_diffusion,looped,coefficient,101,full_validation,none,validation_best,ood,64,3.0162991526151472,0,64,
advection_diffusion,looped,coefficient,202,always_smooth,smooth,validation_best,test,64,0.9496447077555716,0,64,6.0948966411878045
advection_diffusion,looped,coefficient,202,always_smooth,smooth,validation_best,ood,64,8.614440481458075,0,64,
advection_diffusion,looped,coefficient,202,best_fixed,smooth,validation_best,test,64,0.9496447077555716,0,64,6.0948966411878045
advection_diffusion,looped,coefficient,202,best_fixed,smooth,validation_best,ood,64,8.614440481458075,0,64,
advection_diffusion,looped,coefficient,202,hand_rule,none,validation_best,test,64,0.002140825027523885,0,64,0.0
advection_diffusion,looped,coefficient,202,hand_rule,none,validation_best,ood,64,1.034490339476065,0,64,
advection_diffusion,looped,coefficient,202,none,none,validation_best,test,64,0.002140825027523885,0,64,0.0
advection_diffusion,looped,coefficient,202,none,none,validation_best,ood,64,1.034490339476065,0,64,
advection_diffusion,looped,coefficient,202,probe_best,none,validation_best,test,64,0.002140825027523885,0,64,0.0
advection_diffusion,looped,coefficient,202,probe_best,none,validation_best,ood,64,1.034490339476065,0,64,
advection_diffusion,looped,coefficient,202,random,iid,validation_best,test,64,0.014188866384031051,0,64,1.8912663179927167
advection_diffusion,looped,coefficient,202,random,iid,validation_best,ood,64,3.5862631469188386,0,64,
advection_diffusion,looped,coefficient,202,ridge_selector,none,validation_best,test,64,0.002140825027523885,0,64,0.0
advection_diffusion,looped,coefficient,202,ridge_selector,none,validation_best,ood,64,1.034490339476065,0,64,
advection_diffusion,looped,coefficient,202,full_validation,none,validation_best,test,64,0.002140825027523885,0,64,0.0
advection_diffusion,looped,coefficient,202,full_validation,none,validation_best,ood,64,1.034490339476065,0,64,
advection_diffusion,looped,coefficient,303,always_smooth,smooth,validation_best,test,64,0.013107037625500029,0,64,1.451030982393982
advection_diffusion,looped,coefficient,303,always_smooth,smooth,validation_best,ood,64,1.2811172568320615,0,64,
advection_diffusion,looped,coefficient,303,best_fixed,smooth,validation_best,test,64,0.013107037625500029,0,64,1.451030982393982
advection_diffusion,looped,coefficient,303,best_fixed,smooth,validation_best,ood,64,1.2811172568320615,0,64,
advection_diffusion,looped,coefficient,303,hand_rule,none,validation_best,test,64,0.0030713534476689563,0,64,0.0
advection_diffusion,looped,coefficient,303,hand_rule,none,validation_best,ood,64,1.1674834778054333,0,64,
advection_diffusion,looped,coefficient,303,none,none,validation_best,test,64,0.0030713534476689563,0,64,0.0
advection_diffusion,looped,coefficient,303,none,none,validation_best,ood,64,1.1674834778054333,0,64,
advection_diffusion,looped,coefficient,303,probe_best,response_matched,validation_best,test,64,0.00785671374121577,0,64,0.9392500930504619
advection_diffusion,looped,coefficient,303,probe_best,response_matched,validation_best,ood,64,0.698141179449749,0,64,
advection_diffusion,looped,coefficient,303,random,response_matched,validation_best,test,64,0.00785671374121577,0,64,0.9392500930504619
advection_diffusion,looped,coefficient,303,random,response_matched,validation_best,ood,64,0.698141179449749,0,64,
advection_diffusion,looped,coefficient,303,ridge_selector,none,validation_best,test,64,0.0030713534476689563,0,64,0.0
advection_diffusion,looped,coefficient,303,ridge_selector,none,validation_best,ood,64,1.1674834778054333,0,64,
advection_diffusion,looped,coefficient,303,full_validation,none,validation_best,test,64,0.0030713534476689563,0,64,0.0
advection_diffusion,looped,coefficient,303,full_validation,none,validation_best,ood,64,1.1674834778054333,0,64,
advection_diffusion,looped,coefficient,404,always_smooth,smooth,validation_best,test,64,0.012177955324177425,0,64,0.6332162019343421
advection_diffusion,looped,coefficient,404,always_smooth,smooth,validation_best,ood,64,1.8670886194464629,0,64,
advection_diffusion,looped,coefficient,404,best_fixed,smooth,validation_best,test,64,0.012177955324177425,0,64,0.6332162019343421
advection_diffusion,looped,coefficient,404,best_fixed,smooth,validation_best,ood,64,1.8670886194464629,0,64,
advection_diffusion,looped,coefficient,404,hand_rule,none,validation_best,test,64,0.006465052770475932,0,64,0.0
advection_diffusion,looped,coefficient,404,hand_rule,none,validation_best,ood,64,1.2324175504647314,0,64,
advection_diffusion,looped,coefficient,404,none,none,validation_best,test,64,0.006465052770475932,0,64,0.0
advection_diffusion,looped,coefficient,404,none,none,validation_best,ood,64,1.2324175504647314,0,64,
advection_diffusion,looped,coefficient,404,probe_best,response_matched,validation_best,test,64,0.01041314757742029,0,64,0.47665802319119477
advection_diffusion,looped,coefficient,404,probe_best,response_matched,validation_best,ood,64,2.509986100018466,0,64,
advection_diffusion,looped,coefficient,404,random,none,validation_best,test,64,0.006465052770475932,0,64,0.0
advection_diffusion,looped,coefficient,404,random,none,validation_best,ood,64,1.2324175504647314,0,64,
advection_diffusion,looped,coefficient,404,ridge_selector,none,validation_best,test,64,0.006465052770475932,0,64,0.0
advection_diffusion,looped,coefficient,404,ridge_selector,none,validation_best,ood,64,1.2324175504647314,0,64,
advection_diffusion,looped,coefficient,404,full_validation,iid,validation_best,test,64,0.009557579399708693,0,64,0.3909233194580991
advection_diffusion,looped,coefficient,404,full_validation,iid,validation_best,ood,64,1.9978929653235014,0,64,
advection_diffusion,looped,coefficient,505,always_smooth,smooth,validation_best,test,64,2.6961377094706136,0,64,3.432422609109719
advection_diffusion,looped,coefficient,505,always_smooth,smooth,validation_best,ood,64,94.01555472976781,0,64,
advection_diffusion,looped,coefficient,505,best_fixed,smooth,validation_best,test,64,2.6961377094706136,0,64,3.432422609109719
advection_diffusion,looped,coefficient,505,best_fixed,smooth,validation_best,ood,64,94.01555472976781,0,64,
advection_diffusion,looped,coefficient,505,hand_rule,none,validation_best,test,64,0.7528477927849286,0,64,2.1567101321537385
advection_diffusion,looped,coefficient,505,hand_rule,none,validation_best,ood,64,72.85975414970886,0,64,
advection_diffusion,looped,coefficient,505,none,none,validation_best,test,64,0.7528477927849286,0,64,2.1567101321537385
advection_diffusion,looped,coefficient,505,none,none,validation_best,ood,64,72.85975414970886,0,64,
advection_diffusion,looped,coefficient,505,probe_best,response_matched,validation_best,test,64,0.08710836696132063,0,64,0.0
advection_diffusion,looped,coefficient,505,probe_best,response_matched,validation_best,ood,64,41.558560040179714,0,64,
advection_diffusion,looped,coefficient,505,random,smooth,validation_best,test,64,2.6961377094706136,0,64,3.432422609109719
advection_diffusion,looped,coefficient,505,random,smooth,validation_best,ood,64,94.01555472976781,0,64,
advection_diffusion,looped,coefficient,505,ridge_selector,none,validation_best,test,64,0.7528477927849286,0,64,2.1567101321537385
advection_diffusion,looped,coefficient,505,ridge_selector,none,validation_best,ood,64,72.85975414970886,0,64,
advection_diffusion,looped,coefficient,505,full_validation,none,validation_best,test,64,0.7528477927849286,0,64,2.1567101321537385
advection_diffusion,looped,coefficient,505,full_validation,none,validation_best,ood,64,72.85975414970886,0,64,
advection_diffusion,looped,coefficient,606,always_smooth,smooth,validation_best,test,64,0.007146659487311968,0,64,0.5636400771868317
advection_diffusion,looped,coefficient,606,always_smooth,smooth,validation_best,ood,64,34.548474337480116,0,64,
advection_diffusion,looped,coefficient,606,best_fixed,smooth,validation_best,test,64,0.007146659487311968,0,64,0.5636400771868317
advection_diffusion,looped,coefficient,606,best_fixed,smooth,validation_best,ood,64,34.548474337480116,0,64,
advection_diffusion,looped,coefficient,606,hand_rule,none,validation_best,test,64,0.004695936462547512,0,64,0.14369258653915543
advection_diffusion,looped,coefficient,606,hand_rule,none,validation_best,ood,64,51.088665715781985,0,64,
advection_diffusion,looped,coefficient,606,none,none,validation_best,test,64,0.004695936462547512,0,64,0.14369258653915543
advection_diffusion,looped,coefficient,606,none,none,validation_best,ood,64,51.088665715781985,0,64,
advection_diffusion,looped,coefficient,606,probe_best,response_matched,validation_best,test,64,0.0073680775781315155,0,64,0.5941518621866675
advection_diffusion,looped,coefficient,606,probe_best,response_matched,validation_best,ood,64,5.688542793836177,0,64,
advection_diffusion,looped,coefficient,606,random,iid,validation_best,test,64,0.004067404031162791,0,64,0.0
advection_diffusion,looped,coefficient,606,random,iid,validation_best,ood,64,14.992054604531859,0,64,
advection_diffusion,looped,coefficient,606,ridge_selector,none,validation_best,test,64,0.004695936462547512,0,64,0.14369258653915543
advection_diffusion,looped,coefficient,606,ridge_selector,none,validation_best,ood,64,51.088665715781985,0,64,
advection_diffusion,looped,coefficient,606,full_validation,none,validation_best,test,64,0.004695936462547512,0,64,0.14369258653915543
advection_diffusion,looped,coefficient,606,full_validation,none,validation_best,ood,64,51.088665715781985,0,64,
advection_diffusion,looped,correct,101,always_smooth,smooth,validation_best,test,64,0.004539842113106207,0,64,0.34378359550627824
advection_diffusion,looped,correct,101,always_smooth,smooth,validation_best,ood,64,3.701059313296412,0,64,
advection_diffusion,looped,correct,101,best_fixed,smooth,validation_best,test,64,0.004539842113106207,0,64,0.34378359550627824
advection_diffusion,looped,correct,101,best_fixed,smooth,validation_best,ood,64,3.701059313296412,0,64,
advection_diffusion,looped,correct,101,hand_rule,none,validation_best,test,64,0.005761709049330044,0,64,0.5821255015577962
advection_diffusion,looped,correct,101,hand_rule,none,validation_best,ood,64,3.0162868785253636,0,64,
advection_diffusion,looped,correct,101,none,none,validation_best,test,64,0.005761709049330044,0,64,0.5821255015577962
advection_diffusion,looped,correct,101,none,none,validation_best,ood,64,3.0162868785253636,0,64,
advection_diffusion,looped,correct,101,probe_best,response_matched,validation_best,test,64,0.006035735485286464,0,64,0.6285890780034038
advection_diffusion,looped,correct,101,probe_best,response_matched,validation_best,ood,64,3.2871640040949615,0,64,
advection_diffusion,looped,correct,101,random,smooth,validation_best,test,64,0.004539842113106207,0,64,0.34378359550627824
advection_diffusion,looped,correct,101,random,smooth,validation_best,ood,64,3.701059313296412,0,64,
advection_diffusion,looped,correct,101,ridge_selector,none,validation_best,test,64,0.005761709049330044,0,64,0.5821255015577962
advection_diffusion,looped,correct,101,ridge_selector,none,validation_best,ood,64,3.0162868785253636,0,64,
advection_diffusion,looped,correct,101,full_validation,iid,validation_best,test,64,0.0032191219598443066,0,64,0.0
advection_diffusion,looped,correct,101,full_validation,iid,validation_best,ood,64,3.552117429501095,0,64,
advection_diffusion,looped,correct,202,always_smooth,smooth,validation_best,test,64,0.00661108403170263,0,64,1.127569497559328
advection_diffusion,looped,correct,202,always_smooth,smooth,validation_best,ood,64,2.878304704974994,0,64,
advection_diffusion,looped,correct,202,best_fixed,smooth,validation_best,test,64,0.00661108403170263,0,64,1.127569497559328
advection_diffusion,looped,correct,202,best_fixed,smooth,validation_best,ood,64,2.878304704974994,0,64,
advection_diffusion,looped,correct,202,hand_rule,none,validation_best,test,64,0.002140796897235009,0,64,0.0
advection_diffusion,looped,correct,202,hand_rule,none,validation_best,ood,64,1.0344897717721437,0,64,
advection_diffusion,looped,correct,202,none,none,validation_best,test,64,0.002140796897235009,0,64,0.0
advection_diffusion,looped,correct,202,none,none,validation_best,ood,64,1.0344897717721437,0,64,
advection_diffusion,looped,correct,202,probe_best,none,validation_best,test,64,0.002140796897235009,0,64,0.0
advection_diffusion,looped,correct,202,probe_best,none,validation_best,ood,64,1.0344897717721437,0,64,
advection_diffusion,looped,correct,202,random,response_matched,validation_best,test,64,0.002736922659150487,0,64,0.24565603053052623
advection_diffusion,looped,correct,202,random,response_matched,validation_best,ood,64,0.8363542424240791,0,64,
advection_diffusion,looped,correct,202,ridge_selector,none,validation_best,test,64,0.002140796897235009,0,64,0.0
advection_diffusion,looped,correct,202,ridge_selector,none,validation_best,ood,64,1.0344897717721437,0,64,
advection_diffusion,looped,correct,202,full_validation,none,validation_best,test,64,0.002140796897235009,0,64,0.0
advection_diffusion,looped,correct,202,full_validation,none,validation_best,ood,64,1.0344897717721437,0,64,
advection_diffusion,looped,correct,303,always_smooth,smooth,validation_best,test,64,0.0036614152560989766,0,64,0.1757300365451786
advection_diffusion,looped,correct,303,always_smooth,smooth,validation_best,ood,64,1.0278925278972793,0,64,
advection_diffusion,looped,correct,303,best_fixed,smooth,validation_best,test,64,0.0036614152560989766,0,64,0.1757300365451786
advection_diffusion,looped,correct,303,best_fixed,smooth,validation_best,ood,64,1.0278925278972793,0,64,
advection_diffusion,looped,correct,303,hand_rule,none,validation_best,test,64,0.0030713577206598064,0,64,0.0
advection_diffusion,looped,correct,303,hand_rule,none,validation_best,ood,64,1.1674686258406268,0,64,
advection_diffusion,looped,correct,303,none,none,validation_best,test,64,0.0030713577206598064,0,64,0.0
advection_diffusion,looped,correct,303,none,none,validation_best,ood,64,1.1674686258406268,0,64,
advection_diffusion,looped,correct,303,probe_best,response_matched,validation_best,test,64,0.0036249252420492706,0,64,0.16571394709088944
advection_diffusion,looped,correct,303,probe_best,response_matched,validation_best,ood,64,0.566681273792824,0,64,
advection_diffusion,looped,correct,303,random,iid,validation_best,test,64,0.003305512337022254,0,64,0.07347176193556347
advection_diffusion,looped,correct,303,random,iid,validation_best,ood,64,0.6615029291846781,0,64,
advection_diffusion,looped,correct,303,ridge_selector,none,validation_best,test,64,0.0030713577206598064,0,64,0.0
advection_diffusion,looped,correct,303,ridge_selector,none,validation_best,ood,64,1.1674686258406268,0,64,
advection_diffusion,looped,correct,303,full_validation,iid,validation_best,test,64,0.003305512337022254,0,64,0.07347176193556347
advection_diffusion,looped,correct,303,full_validation,iid,validation_best,ood,64,0.6615029291846781,0,64,
advection_diffusion,looped,correct,404,always_smooth,smooth,validation_best,test,64,0.005432231186077718,0,64,0.07482096150285317
advection_diffusion,looped,correct,404,always_smooth,smooth,validation_best,ood,64,1.6462033786168035,0,64,
advection_diffusion,looped,correct,404,best_fixed,smooth,validation_best,test,64,0.005432231186077718,0,64,0.07482096150285317
advection_diffusion,looped,correct,404,best_fixed,smooth,validation_best,ood,64,1.6462033786168035,0,64,
advection_diffusion,looped,correct,404,hand_rule,none,validation_best,test,64,0.006465037267838536,0,64,0.24887978888377646
advection_diffusion,looped,correct,404,hand_rule,none,validation_best,ood,64,1.2324187147647763,0,64,
advection_diffusion,looped,correct,404,none,none,validation_best,test,64,0.006465037267838536,0,64,0.24887978888377646
advection_diffusion,looped,correct,404,none,none,validation_best,ood,64,1.2324187147647763,0,64,
advection_diffusion,looped,correct,404,probe_best,response_matched,validation_best,test,64,0.0068618272292879645,0,64,0.30844477834783
advection_diffusion,looped,correct,404,probe_best,response_matched,validation_best,ood,64,2.67584196367784,0,64,
advection_diffusion,looped,correct,404,random,none,validation_best,test,64,0.006465037267838536,0,64,0.24887978888377646
advection_diffusion,looped,correct,404,random,none,validation_best,ood,64,1.2324187147647763,0,64,
advection_diffusion,looped,correct,404,ridge_selector,none,validation_best,test,64,0.006465037267838536,0,64,0.24887978888377646
advection_diffusion,looped,correct,404,ridge_selector,none,validation_best,ood,64,1.2324187147647763,0,64,
advection_diffusion,looped,correct,404,full_validation,iid,validation_best,test,64,0.005040619483268172,0,64,0.0
advection_diffusion,looped,correct,404,full_validation,iid,validation_best,ood,64,2.207399780961566,0,64,
advection_diffusion,looped,correct,505,always_smooth,smooth,validation_best,test,64,2.757542632017788,0,64,3.7175071951295053
advection_diffusion,looped,correct,505,always_smooth,smooth,validation_best,ood,64,93.13642230725077,0,64,
advection_diffusion,looped,correct,505,best_fixed,smooth,validation_best,test,64,2.757542632017788,0,64,3.7175071951295053
advection_diffusion,looped,correct,505,best_fixed,smooth,validation_best,ood,64,93.13642230725077,0,64,
advection_diffusion,looped,correct,505,hand_rule,none,validation_best,test,64,0.7528543128686991,0,64,2.419283717209226
advection_diffusion,looped,correct,505,hand_rule,none,validation_best,ood,64,72.86012065803311,0,64,
advection_diffusion,looped,correct,505,none,none,validation_best,test,64,0.7528543128686991,0,64,2.419283717209226
advection_diffusion,looped,correct,505,none,none,validation_best,ood,64,72.86012065803311,0,64,
advection_diffusion,looped,correct,505,probe_best,response_matched,validation_best,test,64,0.06699299195715569,0,64,0.0
advection_diffusion,looped,correct,505,probe_best,response_matched,validation_best,ood,64,47.83833323070223,0,64,
advection_diffusion,looped,correct,505,random,smooth,validation_best,test,64,2.757542632017788,0,64,3.7175071951295053
advection_diffusion,looped,correct,505,random,smooth,validation_best,ood,64,93.13642230725077,0,64,
advection_diffusion,looped,correct,505,ridge_selector,none,validation_best,test,64,0.7528543128686991,0,64,2.419283717209226
advection_diffusion,looped,correct,505,ridge_selector,none,validation_best,ood,64,72.86012065803311,0,64,
advection_diffusion,looped,correct,505,full_validation,iid,validation_best,test,64,0.14262705501585993,0,64,0.7556452003374453
advection_diffusion,looped,correct,505,full_validation,iid,validation_best,ood,64,52.73126328362105,0,64,
advection_diffusion,looped,correct,606,always_smooth,smooth,validation_best,test,64,0.0027475122421307674,0,64,0.019481809276647246
advection_diffusion,looped,correct,606,always_smooth,smooth,validation_best,ood,64,38.57751933470092,0,64,
advection_diffusion,looped,correct,606,best_fixed,smooth,validation_best,test,64,0.0027475122421307674,0,64,0.019481809276647246
advection_diffusion,looped,correct,606,best_fixed,smooth,validation_best,ood,64,38.57751933470092,0,64,
advection_diffusion,looped,correct,606,hand_rule,none,validation_best,test,64,0.00469561017719522,0,64,0.5554140136658124
advection_diffusion,looped,correct,606,hand_rule,none,validation_best,ood,64,51.08860440845376,0,64,
advection_diffusion,looped,correct,606,none,none,validation_best,test,64,0.00469561017719522,0,64,0.5554140136658124
advection_diffusion,looped,correct,606,none,none,validation_best,ood,64,51.08860440845376,0,64,
advection_diffusion,looped,correct,606,probe_best,response_matched,validation_best,test,64,0.0026945037597791988,0,64,0.0
advection_diffusion,looped,correct,606,probe_best,response_matched,validation_best,ood,64,5.907812658766261,0,64,
advection_diffusion,looped,correct,606,random,iid,validation_best,test,64,0.0029868712575864542,0,64,0.10301238365297233
advection_diffusion,looped,correct,606,random,iid,validation_best,ood,64,17.80685865517637,0,64,
advection_diffusion,looped,correct,606,ridge_selector,none,validation_best,test,64,0.00469561017719522,0,64,0.5554140136658124
advection_diffusion,looped,correct,606,ridge_selector,none,validation_best,ood,64,51.08860440845376,0,64,
advection_diffusion,looped,correct,606,full_validation,iid,validation_best,test,64,0.0029868712575864542,0,64,0.10301238365297233
advection_diffusion,looped,correct,606,full_validation,iid,validation_best,ood,64,17.80685865517637,0,64,
advection_diffusion,transformer,coefficient,101,always_smooth,smooth,validation_best,test,64,0.008769168974821051,0,64,0.7462871452895611
advection_diffusion,transformer,coefficient,101,always_smooth,smooth,validation_best,ood,64,0.8036869789478231,0,64,
advection_diffusion,transformer,coefficient,101,best_fixed,smooth,validation_best,test,64,0.008769168974821051,0,64,0.7462871452895611
advection_diffusion,transformer,coefficient,101,best_fixed,smooth,validation_best,ood,64,0.8036869789478231,0,64,
advection_diffusion,transformer,coefficient,101,hand_rule,none,validation_best,test,64,0.00415767032297043,0,64,0.0
advection_diffusion,transformer,coefficient,101,hand_rule,none,validation_best,ood,64,0.7872729963739289,0,64,
advection_diffusion,transformer,coefficient,101,none,none,validation_best,test,64,0.00415767032297043,0,64,0.0
advection_diffusion,transformer,coefficient,101,none,none,validation_best,ood,64,0.7872729963739289,0,64,
advection_diffusion,transformer,coefficient,101,probe_best,response_matched,validation_best,test,64,0.005681583301732296,0,64,0.3122750453068193
advection_diffusion,transformer,coefficient,101,probe_best,response_matched,validation_best,ood,64,0.632116852495102,0,64,
advection_diffusion,transformer,coefficient,101,random,response_matched,validation_best,test,64,0.005681583301732296,0,64,0.3122750453068193
advection_diffusion,transformer,coefficient,101,random,response_matched,validation_best,ood,64,0.632116852495102,0,64,
advection_diffusion,transformer,coefficient,101,ridge_selector,none,validation_best,test,64,0.00415767032297043,0,64,0.0
advection_diffusion,transformer,coefficient,101,ridge_selector,none,validation_best,ood,64,0.7872729963739289,0,64,
advection_diffusion,transformer,coefficient,101,full_validation,none,validation_best,test,64,0.00415767032297043,0,64,0.0
advection_diffusion,transformer,coefficient,101,full_validation,none,validation_best,ood,64,0.7872729963739289,0,64,
advection_diffusion,transformer,coefficient,202,always_smooth,smooth,validation_best,test,64,0.0033939883386358005,0,64,0.42737860455178656
advection_diffusion,transformer,coefficient,202,always_smooth,smooth,validation_best,ood,64,0.9624693925318866,0,64,
advection_diffusion,transformer,coefficient,202,best_fixed,smooth,validation_best,test,64,0.0033939883386358005,0,64,0.42737860455178656
advection_diffusion,transformer,coefficient,202,best_fixed,smooth,validation_best,ood,64,0.9624693925318866,0,64,
advection_diffusion,transformer,coefficient,202,hand_rule,none,validation_best,test,64,0.002213615444091599,0,64,0.0
advection_diffusion,transformer,coefficient,202,hand_rule,none,validation_best,ood,64,0.9590828953780601,0,64,
advection_diffusion,transformer,coefficient,202,none,none,validation_best,test,64,0.002213615444091599,0,64,0.0
advection_diffusion,transformer,coefficient,202,none,none,validation_best,ood,64,0.9590828953780601,0,64,
advection_diffusion,transformer,coefficient,202,probe_best,response_matched,validation_best,test,64,0.004866850469362305,0,64,0.7878198806320628
advection_diffusion,transformer,coefficient,202,probe_best,response_matched,validation_best,ood,64,0.8895504472288849,0,64,
advection_diffusion,transformer,coefficient,202,random,smooth,validation_best,test,64,0.0033939883386358005,0,64,0.42737860455178656
advection_diffusion,transformer,coefficient,202,random,smooth,validation_best,ood,64,0.9624693925318866,0,64,
advection_diffusion,transformer,coefficient,202,ridge_selector,none,validation_best,test,64,0.002213615444091599,0,64,0.0
advection_diffusion,transformer,coefficient,202,ridge_selector,none,validation_best,ood,64,0.9590828953780601,0,64,
advection_diffusion,transformer,coefficient,202,full_validation,none,validation_best,test,64,0.002213615444091599,0,64,0.0
advection_diffusion,transformer,coefficient,202,full_validation,none,validation_best,ood,64,0.9590828953780601,0,64,
advection_diffusion,transformer,coefficient,303,always_smooth,smooth,validation_best,test,64,0.007245458200790145,0,64,0.846724329163359
advection_diffusion,transformer,coefficient,303,always_smooth,smooth,validation_best,ood,64,1.0858295921357524,0,64,
advection_diffusion,transformer,coefficient,303,best_fixed,smooth,validation_best,test,64,0.007245458200790145,0,64,0.846724329163359
advection_diffusion,transformer,coefficient,303,best_fixed,smooth,validation_best,ood,64,1.0858295921357524,0,64,
advection_diffusion,transformer,coefficient,303,hand_rule,none,validation_best,test,64,0.0031069778096483036,0,64,0.0
advection_diffusion,transformer,coefficient,303,hand_rule,none,validation_best,ood,64,1.174454286472269,0,64,
advection_diffusion,transformer,coefficient,303,none,none,validation_best,test,64,0.0031069778096483036,0,64,0.0
advection_diffusion,transformer,coefficient,303,none,none,validation_best,ood,64,1.174454286472269,0,64,
advection_diffusion,transformer,coefficient,303,probe_best,response_matched,validation_best,test,64,0.004898923171453351,0,64,0.455364931702954
advection_diffusion,transformer,coefficient,303,probe_best,response_matched,validation_best,ood,64,1.747745524214622,0,64,
advection_diffusion,transformer,coefficient,303,random,response_matched,validation_best,test,64,0.004898923171453351,0,64,0.455364931702954
advection_diffusion,transformer,coefficient,303,random,response_matched,validation_best,ood,64,1.747745524214622,0,64,
advection_diffusion,transformer,coefficient,303,ridge_selector,none,validation_best,test,64,0.0031069778096483036,0,64,0.0
advection_diffusion,transformer,coefficient,303,ridge_selector,none,validation_best,ood,64,1.174454286472269,0,64,
advection_diffusion,transformer,coefficient,303,full_validation,none,validation_best,test,64,0.0031069778096483036,0,64,0.0
advection_diffusion,transformer,coefficient,303,full_validation,none,validation_best,ood,64,1.174454286472269,0,64,
advection_diffusion,transformer,coefficient,404,always_smooth,smooth,validation_best,test,64,0.005576635162883425,0,64,0.8683362005385631
advection_diffusion,transformer,coefficient,404,always_smooth,smooth,validation_best,ood,64,2.0009679607787803,0,64,
advection_diffusion,transformer,coefficient,404,best_fixed,smooth,validation_best,test,64,0.005576635162883425,0,64,0.8683362005385631
advection_diffusion,transformer,coefficient,404,best_fixed,smooth,validation_best,ood,64,2.0009679607787803,0,64,
advection_diffusion,transformer,coefficient,404,hand_rule,none,validation_best,test,64,0.0023402303777697586,0,64,0.0
advection_diffusion,transformer,coefficient,404,hand_rule,none,validation_best,ood,64,2.074861687716634,0,64,
advection_diffusion,transformer,coefficient,404,none,none,validation_best,test,64,0.0023402303777697586,0,64,0.0
advection_diffusion,transformer,coefficient,404,none,none,validation_best,ood,64,2.074861687716634,0,64,
advection_diffusion,transformer,coefficient,404,probe_best,response_matched,validation_best,test,64,0.004533030706111774,0,64,0.6611413692787682
advection_diffusion,transformer,coefficient,404,probe_best,response_matched,validation_best,ood,64,1.9059038639127266,0,64,
advection_diffusion,transformer,coefficient,404,random,smooth,validation_best,test,64,0.005576635162883425,0,64,0.8683362005385631
advection_diffusion,transformer,coefficient,404,random,smooth,validation_best,ood,64,2.0009679607787803,0,64,
advection_diffusion,transformer,coefficient,404,ridge_selector,none,validation_best,test,64,0.0023402303777697586,0,64,0.0
advection_diffusion,transformer,coefficient,404,ridge_selector,none,validation_best,ood,64,2.074861687716634,0,64,
advection_diffusion,transformer,coefficient,404,full_validation,none,validation_best,test,64,0.0023402303777697586,0,64,0.0
advection_diffusion,transformer,coefficient,404,full_validation,none,validation_best,ood,64,2.074861687716634,0,64,
advection_diffusion,transformer,coefficient,505,always_smooth,smooth,validation_best,test,64,0.00459703707197634,0,64,0.7304647736422232
advection_diffusion,transformer,coefficient,505,always_smooth,smooth,validation_best,ood,64,1.36402620324003,0,64,
advection_diffusion,transformer,coefficient,505,best_fixed,smooth,validation_best,test,64,0.00459703707197634,0,64,0.7304647736422232
advection_diffusion,transformer,coefficient,505,best_fixed,smooth,validation_best,ood,64,1.36402620324003,0,64,
advection_diffusion,transformer,coefficient,505,hand_rule,none,validation_best,test,64,0.0022143240940883935,0,64,0.0
advection_diffusion,transformer,coefficient,505,hand_rule,none,validation_best,ood,64,0.9263511388116399,0,64,
advection_diffusion,transformer,coefficient,505,none,none,validation_best,test,64,0.0022143240940883935,0,64,0.0
advection_diffusion,transformer,coefficient,505,none,none,validation_best,ood,64,0.9263511388116399,0,64,
advection_diffusion,transformer,coefficient,505,probe_best,response_matched,validation_best,test,64,0.0056059129137437935,0,64,0.9288747106147713
advection_diffusion,transformer,coefficient,505,probe_best,response_matched,validation_best,ood,64,1.9403216373329997,0,64,
advection_diffusion,transformer,coefficient,505,random,none,validation_best,test,64,0.0022143240940883935,0,64,0.0
advection_diffusion,transformer,coefficient,505,random,none,validation_best,ood,64,0.9263511388116399,0,64,
advection_diffusion,transformer,coefficient,505,ridge_selector,none,validation_best,test,64,0.0022143240940883935,0,64,0.0
advection_diffusion,transformer,coefficient,505,ridge_selector,none,validation_best,ood,64,0.9263511388116399,0,64,
advection_diffusion,transformer,coefficient,505,full_validation,none,validation_best,test,64,0.0022143240940883935,0,64,0.0
advection_diffusion,transformer,coefficient,505,full_validation,none,validation_best,ood,64,0.9263511388116399,0,64,
advection_diffusion,transformer,coefficient,606,always_smooth,smooth,validation_best,test,64,0.0057367236090959395,0,64,1.1466199214809532
advection_diffusion,transformer,coefficient,606,always_smooth,smooth,validation_best,ood,64,0.8228281265392638,0,64,
advection_diffusion,transformer,coefficient,606,best_fixed,smooth,validation_best,test,64,0.0057367236090959395,0,64,1.1466199214809532
advection_diffusion,transformer,coefficient,606,best_fixed,smooth,validation_best,ood,64,0.8228281265392638,0,64,
advection_diffusion,transformer,coefficient,606,hand_rule,none,validation_best,test,64,0.001822607787973607,0,64,0.0
advection_diffusion,transformer,coefficient,606,hand_rule,none,validation_best,ood,64,1.0241709064742963,0,64,
advection_diffusion,transformer,coefficient,606,none,none,validation_best,test,64,0.001822607787973607,0,64,0.0
advection_diffusion,transformer,coefficient,606,none,none,validation_best,ood,64,1.0241709064742963,0,64,
advection_diffusion,transformer,coefficient,606,probe_best,response_matched,validation_best,test,64,0.006594314221412656,0,64,1.2859394700664597
advection_diffusion,transformer,coefficient,606,probe_best,response_matched,validation_best,ood,64,0.6050874066302754,0,64,
advection_diffusion,transformer,coefficient,606,random,smooth,validation_best,test,64,0.0057367236090959395,0,64,1.1466199214809532
advection_diffusion,transformer,coefficient,606,random,smooth,validation_best,ood,64,0.8228281265392638,0,64,
advection_diffusion,transformer,coefficient,606,ridge_selector,none,validation_best,test,64,0.001822607787973607,0,64,0.0
advection_diffusion,transformer,coefficient,606,ridge_selector,none,validation_best,ood,64,1.0241709064742963,0,64,
advection_diffusion,transformer,coefficient,606,full_validation,none,validation_best,test,64,0.001822607787973607,0,64,0.0
advection_diffusion,transformer,coefficient,606,full_validation,none,validation_best,ood,64,1.0241709064742963,0,64,
advection_diffusion,transformer,correct,101,always_smooth,smooth,validation_best,test,64,0.0035181099669090443,0,64,0.32388842676769014
advection_diffusion,transformer,correct,101,always_smooth,smooth,validation_best,ood,64,0.8745344441981615,0,64,
advection_diffusion,transformer,correct,101,best_fixed,smooth,validation_best,test,64,0.0035181099669090443,0,64,0.32388842676769014
advection_diffusion,transformer,correct,101,best_fixed,smooth,validation_best,ood,64,0.8745344441981615,0,64,
advection_diffusion,transformer,correct,101,hand_rule,none,validation_best,test,64,0.004157688474973331,0,64,0.49092378736642434
advection_diffusion,transformer,correct,101,hand_rule,none,validation_best,ood,64,0.7872730396272232,0,64,
advection_diffusion,transformer,correct,101,none,none,validation_best,test,64,0.004157688474973331,0,64,0.49092378736642434
advection_diffusion,transformer,correct,101,none,none,validation_best,ood,64,0.7872730396272232,0,64,
advection_diffusion,transformer,correct,101,probe_best,response_matched,validation_best,test,64,0.003425192763305329,0,64,0.29712227396876034
advection_diffusion,transformer,correct,101,probe_best,response_matched,validation_best,ood,64,0.6569501833300251,0,64,
advection_diffusion,transformer,correct,101,random,response_matched,validation_best,test,64,0.003425192763305329,0,64,0.29712227396876034
advection_diffusion,transformer,correct,101,random,response_matched,validation_best,ood,64,0.6569501833300251,0,64,
advection_diffusion,transformer,correct,101,ridge_selector,none,validation_best,test,64,0.004157688474973331,0,64,0.49092378736642434
advection_diffusion,transformer,correct,101,ridge_selector,none,validation_best,ood,64,0.7872730396272232,0,64,
advection_diffusion,transformer,correct,101,full_validation,smooth,validation_best,test,64,0.0035181099669090443,0,64,0.32388842676769014
advection_diffusion,transformer,correct,101,full_validation,smooth,validation_best,ood,64,0.8745344441981615,0,64,
advection_diffusion,transformer,correct,202,always_smooth,smooth,validation_best,test,64,0.001808166934132549,0,64,0.0
advection_diffusion,transformer,correct,202,always_smooth,smooth,validation_best,ood,64,1.0158959586561878,0,64,
advection_diffusion,transformer,correct,202,best_fixed,smooth,validation_best,test,64,0.001808166934132549,0,64,0.0
advection_diffusion,transformer,correct,202,best_fixed,smooth,validation_best,ood,64,1.0158959586561878,0,64,
advection_diffusion,transformer,correct,202,hand_rule,none,validation_best,test,64,0.0022136538725568977,0,64,0.202330897739523
advection_diffusion,transformer,correct,202,hand_rule,none,validation_best,ood,64,0.9590811046545014,0,64,
advection_diffusion,transformer,correct,202,none,none,validation_best,test,64,0.0022136538725568977,0,64,0.202330897739523
advection_diffusion,transformer,correct,202,none,none,validation_best,ood,64,0.9590811046545014,0,64,
advection_diffusion,transformer,correct,202,probe_best,response_matched,validation_best,test,64,0.0023810687769394434,0,64,0.2752358642909779
advection_diffusion,transformer,correct,202,probe_best,response_matched,validation_best,ood,64,0.9405551263572534,0,64,
advection_diffusion,transformer,correct,202,random,response_matched,validation_best,test,64,0.0023810687769394434,0,64,0.2752358642909779
advection_diffusion,transformer,correct,202,random,response_matched,validation_best,ood,64,0.9405551263572534,0,64,
advection_diffusion,transformer,correct,202,ridge_selector,none,validation_best,test,64,0.0022136538725568977,0,64,0.202330897739523
advection_diffusion,transformer,correct,202,ridge_selector,none,validation_best,ood,64,0.9590811046545014,0,64,
advection_diffusion,transformer,correct,202,full_validation,smooth,validation_best,test,64,0.001808166934132549,0,64,0.0
advection_diffusion,transformer,correct,202,full_validation,smooth,validation_best,ood,64,1.0158959586561878,0,64,
advection_diffusion,transformer,correct,303,always_smooth,smooth,validation_best,test,64,0.001546211249488616,0,64,0.0
advection_diffusion,transformer,correct,303,always_smooth,smooth,validation_best,ood,64,1.2805972269455879,0,64,
advection_diffusion,transformer,correct,303,best_fixed,smooth,validation_best,test,64,0.001546211249488616,0,64,0.0
advection_diffusion,transformer,correct,303,best_fixed,smooth,validation_best,ood,64,1.2805972269455879,0,64,
advection_diffusion,transformer,correct,303,hand_rule,none,validation_best,test,64,0.003106843437288176,0,64,0.6977996553757005
advection_diffusion,transformer,correct,303,hand_rule,none,validation_best,ood,64,1.1744519005851544,0,64,
advection_diffusion,transformer,correct,303,none,none,validation_best,test,64,0.003106843437288176,0,64,0.6977996553757005
advection_diffusion,transformer,correct,303,none,none,validation_best,ood,64,1.1744519005851544,0,64,
advection_diffusion,transformer,correct,303,probe_best,response_matched,validation_best,test,64,0.006259819686051937,0,64,1.3983437971023684
advection_diffusion,transformer,correct,303,probe_best,response_matched,validation_best,ood,64,2.333443237141296,0,64,
advection_diffusion,transformer,correct,303,random,response_matched,validation_best,test,64,0.006259819686051937,0,64,1.3983437971023684
advection_diffusion,transformer,correct,303,random,response_matched,validation_best,ood,64,2.333443237141296,0,64,
advection_diffusion,transformer,correct,303,ridge_selector,none,validation_best,test,64,0.003106843437288176,0,64,0.6977996553757005
advection_diffusion,transformer,correct,303,ridge_selector,none,validation_best,ood,64,1.1744519005851544,0,64,
advection_diffusion,transformer,correct,303,full_validation,smooth,validation_best,test,64,0.001546211249488616,0,64,0.0
advection_diffusion,transformer,correct,303,full_validation,smooth,validation_best,ood,64,1.2805972269455879,0,64,
advection_diffusion,transformer,correct,404,always_smooth,smooth,validation_best,test,64,0.0013873452159479105,0,64,0.0
advection_diffusion,transformer,correct,404,always_smooth,smooth,validation_best,ood,64,2.5158459459934193,0,64,
advection_diffusion,transformer,correct,404,best_fixed,smooth,validation_best,test,64,0.0013873452159479105,0,64,0.0
advection_diffusion,transformer,correct,404,best_fixed,smooth,validation_best,ood,64,2.5158459459934193,0,64,
advection_diffusion,transformer,correct,404,hand_rule,none,validation_best,test,64,0.0023418389213301083,0,64,0.5235444802142832
advection_diffusion,transformer,correct,404,hand_rule,none,validation_best,ood,64,2.0748999695895236,0,64,
advection_diffusion,transformer,correct,404,none,none,validation_best,test,64,0.0023418389213301083,0,64,0.5235444802142832
advection_diffusion,transformer,correct,404,none,none,validation_best,ood,64,2.0748999695895236,0,64,
advection_diffusion,transformer,correct,404,probe_best,response_matched,validation_best,test,64,0.0014549043987892585,0,64,0.04754818882322302
advection_diffusion,transformer,correct,404,probe_best,response_matched,validation_best,ood,64,1.7067112188052533,0,64,
advection_diffusion,transformer,correct,404,random,iid,validation_best,test,64,0.0020298012702438806,0,64,0.38054588748768053
advection_diffusion,transformer,correct,404,random,iid,validation_best,ood,64,1.7948170930894207,0,64,
advection_diffusion,transformer,correct,404,ridge_selector,none,validation_best,test,64,0.0023418389213301083,0,64,0.5235444802142832
advection_diffusion,transformer,correct,404,ridge_selector,none,validation_best,ood,64,2.0748999695895236,0,64,
advection_diffusion,transformer,correct,404,full_validation,iid,validation_best,test,64,0.0020298012702438806,0,64,0.38054588748768053
advection_diffusion,transformer,correct,404,full_validation,iid,validation_best,ood,64,1.7948170930894207,0,64,
advection_diffusion,transformer,correct,505,always_smooth,smooth,validation_best,test,64,0.0023547453854531053,0,64,0.061457104849536426
advection_diffusion,transformer,correct,505,always_smooth,smooth,validation_best,ood,64,1.1968248745392316,0,64,
advection_diffusion,transformer,correct,505,best_fixed,smooth,validation_best,test,64,0.0023547453854531053,0,64,0.061457104849536426
advection_diffusion,transformer,correct,505,best_fixed,smooth,validation_best,ood,64,1.1968248745392316,0,64,
advection_diffusion,transformer,correct,505,hand_rule,none,validation_best,test,64,0.002214386744092467,0,64,0.0
advection_diffusion,transformer,correct,505,hand_rule,none,validation_best,ood,64,0.9263372361274946,0,64,
advection_diffusion,transformer,correct,505,none,none,validation_best,test,64,0.002214386744092467,0,64,0.0
advection_diffusion,transformer,correct,505,none,none,validation_best,ood,64,0.9263372361274946,0,64,
advection_diffusion,transformer,correct,505,probe_best,response_matched,validation_best,test,64,0.0027288884848117867,0,64,0.20891887767539288
advection_diffusion,transformer,correct,505,probe_best,response_matched,validation_best,ood,64,1.8592216658928464,0,64,
advection_diffusion,transformer,correct,505,random,smooth,validation_best,test,64,0.0023547453854531053,0,64,0.061457104849536426
advection_diffusion,transformer,correct,505,random,smooth,validation_best,ood,64,1.1968248745392316,0,64,
advection_diffusion,transformer,correct,505,ridge_selector,none,validation_best,test,64,0.002214386744092467,0,64,0.0
advection_diffusion,transformer,correct,505,ridge_selector,none,validation_best,ood,64,0.9263372361274946,0,64,
advection_diffusion,transformer,correct,505,full_validation,none,validation_best,test,64,0.002214386744092467,0,64,0.0
advection_diffusion,transformer,correct,505,full_validation,none,validation_best,ood,64,0.9263372361274946,0,64,
advection_diffusion,transformer,correct,606,always_smooth,smooth,validation_best,test,64,0.00197573588832356,0,64,0.22361503706217165
advection_diffusion,transformer,correct,606,always_smooth,smooth,validation_best,ood,64,0.9011556071891107,0,64,
advection_diffusion,transformer,correct,606,best_fixed,smooth,validation_best,test,64,0.00197573588832356,0,64,0.22361503706217165
advection_diffusion,transformer,correct,606,best_fixed,smooth,validation_best,ood,64,0.9011556071891107,0,64,
advection_diffusion,transformer,correct,606,hand_rule,none,validation_best,test,64,0.0018226125517790681,0,64,0.14294504622495896
advection_diffusion,transformer,correct,606,hand_rule,none,validation_best,ood,64,1.0241722746873734,0,64,
advection_diffusion,transformer,correct,606,none,none,validation_best,test,64,0.0018226125517790681,0,64,0.14294504622495896
advection_diffusion,transformer,correct,606,none,none,validation_best,ood,64,1.0241722746873734,0,64,
advection_diffusion,transformer,correct,606,probe_best,response_matched,validation_best,test,64,0.0016072501498840541,0,64,0.017198843719783186
advection_diffusion,transformer,correct,606,probe_best,response_matched,validation_best,ood,64,0.6747268894854983,0,64,
advection_diffusion,transformer,correct,606,random,response_matched,validation_best,test,64,0.0016072501498840541,0,64,0.017198843719783186
advection_diffusion,transformer,correct,606,random,response_matched,validation_best,ood,64,0.6747268894854983,0,64,
advection_diffusion,transformer,correct,606,ridge_selector,none,validation_best,test,64,0.0018226125517790681,0,64,0.14294504622495896
advection_diffusion,transformer,correct,606,ridge_selector,none,validation_best,ood,64,1.0241722746873734,0,64,
advection_diffusion,transformer,correct,606,full_validation,none,validation_best,test,64,0.0018226125517790681,0,64,0.14294504622495896
advection_diffusion,transformer,correct,606,full_validation,none,validation_best,ood,64,1.0241722746873734,0,64,
allen_cahn,fno,coefficient,101,always_smooth,smooth,validation_best,test,64,0.0005713465210769458,0,64,0.8839111522162644
allen_cahn,fno,coefficient,101,always_smooth,smooth,validation_best,ood,64,0.0031674304873074988,0,64,
allen_cahn,fno,coefficient,101,best_fixed,none,validation_best,test,64,0.032485818931446586,0,64,4.9244741921156425
allen_cahn,fno,coefficient,101,best_fixed,none,validation_best,ood,64,0.026132592068898675,0,64,
allen_cahn,fno,coefficient,101,hand_rule,none,validation_best,test,64,0.032485818931446586,0,64,4.9244741921156425
allen_cahn,fno,coefficient,101,hand_rule,none,validation_best,ood,64,0.026132592068898675,0,64,
allen_cahn,fno,coefficient,101,none,none,validation_best,test,64,0.032485818931446586,0,64,4.9244741921156425
allen_cahn,fno,coefficient,101,none,none,validation_best,ood,64,0.026132592068898675,0,64,
allen_cahn,fno,coefficient,101,probe_best,none,validation_best,test,64,0.032485818931446586,0,64,4.9244741921156425
allen_cahn,fno,coefficient,101,probe_best,none,validation_best,ood,64,0.026132592068898675,0,64,
allen_cahn,fno,coefficient,101,random,smooth,validation_best,test,64,0.0005713465210769458,0,64,0.8839111522162644
allen_cahn,fno,coefficient,101,random,smooth,validation_best,ood,64,0.0031674304873074988,0,64,
allen_cahn,fno,coefficient,101,ridge_selector,none,validation_best,test,64,0.032485818931446586,0,64,4.9244741921156425
allen_cahn,fno,coefficient,101,ridge_selector,none,validation_best,ood,64,0.026132592068898675,0,64,
allen_cahn,fno,coefficient,101,full_validation,response_matched,validation_best,test,64,0.00023605970029887124,0,64,0.0
allen_cahn,fno,coefficient,101,full_validation,response_matched,validation_best,ood,64,0.0025018805616303097,0,64,
allen_cahn,fno,coefficient,202,always_smooth,smooth,validation_best,test,64,0.0005068686514534682,0,64,0.7830202453284139
allen_cahn,fno,coefficient,202,always_smooth,smooth,validation_best,ood,64,0.0019624258065419065,0,64,
allen_cahn,fno,coefficient,202,best_fixed,none,validation_best,test,64,0.0028980132154885485,0,64,2.5265490284917833
allen_cahn,fno,coefficient,202,best_fixed,none,validation_best,ood,64,0.011384109422615057,0,64,
allen_cahn,fno,coefficient,202,hand_rule,none,validation_best,test,64,0.0028980132154885485,0,64,2.5265490284917833
allen_cahn,fno,coefficient,202,hand_rule,none,validation_best,ood,64,0.011384109422615057,0,64,
allen_cahn,fno,coefficient,202,none,none,validation_best,test,64,0.0028980132154885485,0,64,2.5265490284917833
allen_cahn,fno,coefficient,202,none,none,validation_best,ood,64,0.011384109422615057,0,64,
allen_cahn,fno,coefficient,202,probe_best,response_matched,validation_best,test,64,0.00023165093649839957,0,64,0.0
allen_cahn,fno,coefficient,202,probe_best,response_matched,validation_best,ood,64,0.0011150195273151309,0,64,
allen_cahn,fno,coefficient,202,random,smooth,validation_best,test,64,0.0005068686514534682,0,64,0.7830202453284139
allen_cahn,fno,coefficient,202,random,smooth,validation_best,ood,64,0.0019624258065419065,0,64,
allen_cahn,fno,coefficient,202,ridge_selector,none,validation_best,test,64,0.0028980132154885485,0,64,2.5265490284917833
allen_cahn,fno,coefficient,202,ridge_selector,none,validation_best,ood,64,0.011384109422615057,0,64,
allen_cahn,fno,coefficient,202,full_validation,response_matched,validation_best,test,64,0.00023165093649839957,0,64,0.0
allen_cahn,fno,coefficient,202,full_validation,response_matched,validation_best,ood,64,0.0011150195273151309,0,64,
allen_cahn,fno,coefficient,303,always_smooth,smooth,validation_best,test,64,0.0009225220372554715,0,64,0.7769183276729504
allen_cahn,fno,coefficient,303,always_smooth,smooth,validation_best,ood,64,0.0026620849552017045,0,64,
allen_cahn,fno,coefficient,303,best_fixed,none,validation_best,test,64,0.025367415122575274,0,64,4.091027823654294
allen_cahn,fno,coefficient,303,best_fixed,none,validation_best,ood,64,0.03366732117420919,0,64,
allen_cahn,fno,coefficient,303,hand_rule,none,validation_best,test,64,0.025367415122575274,0,64,4.091027823654294
allen_cahn,fno,coefficient,303,hand_rule,none,validation_best,ood,64,0.03366732117420919,0,64,
allen_cahn,fno,coefficient,303,none,none,validation_best,test,64,0.025367415122575274,0,64,4.091027823654294
allen_cahn,fno,coefficient,303,none,none,validation_best,ood,64,0.03366732117420919,0,64,
allen_cahn,fno,coefficient,303,probe_best,smooth,validation_best,test,64,0.0009225220372554715,0,64,0.7769183276729504
allen_cahn,fno,coefficient,303,probe_best,smooth,validation_best,ood,64,0.0026620849552017045,0,64,
allen_cahn,fno,coefficient,303,random,smooth,validation_best,test,64,0.0009225220372554715,0,64,0.7769183276729504
allen_cahn,fno,coefficient,303,random,smooth,validation_best,ood,64,0.0026620849552017045,0,64,
allen_cahn,fno,coefficient,303,ridge_selector,none,validation_best,test,64,0.025367415122575274,0,64,4.091027823654294
allen_cahn,fno,coefficient,303,ridge_selector,none,validation_best,ood,64,0.03366732117420919,0,64,
allen_cahn,fno,coefficient,303,full_validation,response_matched,validation_best,test,64,0.0004241948648560784,0,64,0.0
allen_cahn,fno,coefficient,303,full_validation,response_matched,validation_best,ood,64,0.002061906878716574,0,64,
allen_cahn,fno,coefficient,404,always_smooth,smooth,validation_best,test,64,0.00040587572076529466,0,64,0.9730993614581378
allen_cahn,fno,coefficient,404,always_smooth,smooth,validation_best,ood,64,0.0018479460848291884,0,64,
allen_cahn,fno,coefficient,404,best_fixed,none,validation_best,test,64,0.0033877178395944132,0,64,3.0949641252155096
allen_cahn,fno,coefficient,404,best_fixed,none,validation_best,ood,64,0.010163052347241935,0,64,
allen_cahn,fno,coefficient,404,hand_rule,none,validation_best,test,64,0.0033877178395944132,0,64,3.0949641252155096
allen_cahn,fno,coefficient,404,hand_rule,none,validation_best,ood,64,0.010163052347241935,0,64,
allen_cahn,fno,coefficient,404,none,none,validation_best,test,64,0.0033877178395944132,0,64,3.0949641252155096
allen_cahn,fno,coefficient,404,none,none,validation_best,ood,64,0.010163052347241935,0,64,
allen_cahn,fno,coefficient,404,probe_best,smooth,validation_best,test,64,0.00040587572076529466,0,64,0.9730993614581378
allen_cahn,fno,coefficient,404,probe_best,smooth,validation_best,ood,64,0.0018479460848291884,0,64,
allen_cahn,fno,coefficient,404,random,none,validation_best,test,64,0.0033877178395944132,0,64,3.0949641252155096
allen_cahn,fno,coefficient,404,random,none,validation_best,ood,64,0.010163052347241935,0,64,
allen_cahn,fno,coefficient,404,ridge_selector,none,validation_best,test,64,0.0033877178395944132,0,64,3.0949641252155096
allen_cahn,fno,coefficient,404,ridge_selector,none,validation_best,ood,64,0.010163052347241935,0,64,
allen_cahn,fno,coefficient,404,full_validation,response_matched,validation_best,test,64,0.00015338446993461152,0,64,0.0
allen_cahn,fno,coefficient,404,full_validation,response_matched,validation_best,ood,64,0.0015509246907626784,0,64,
allen_cahn,fno,coefficient,505,always_smooth,smooth,validation_best,test,64,0.0004917358423667181,0,64,0.7775566524647712
allen_cahn,fno,coefficient,505,always_smooth,smooth,validation_best,ood,64,0.005314268984434156,0,64,
allen_cahn,fno,coefficient,505,best_fixed,none,validation_best,test,64,0.019770857169939732,0,64,4.471579258243141
allen_cahn,fno,coefficient,505,best_fixed,none,validation_best,ood,64,0.02802797434616032,0,64,
allen_cahn,fno,coefficient,505,hand_rule,none,validation_best,test,64,0.019770857169939732,0,64,4.471579258243141
allen_cahn,fno,coefficient,505,hand_rule,none,validation_best,ood,64,0.02802797434616032,0,64,
allen_cahn,fno,coefficient,505,none,none,validation_best,test,64,0.019770857169939732,0,64,4.471579258243141
allen_cahn,fno,coefficient,505,none,none,validation_best,ood,64,0.02802797434616032,0,64,
allen_cahn,fno,coefficient,505,probe_best,none,validation_best,test,64,0.019770857169939732,0,64,4.471579258243141
allen_cahn,fno,coefficient,505,probe_best,none,validation_best,ood,64,0.02802797434616032,0,64,
allen_cahn,fno,coefficient,505,random,smooth,validation_best,test,64,0.0004917358423667181,0,64,0.7775566524647712
allen_cahn,fno,coefficient,505,random,smooth,validation_best,ood,64,0.005314268984434156,0,64,
allen_cahn,fno,coefficient,505,ridge_selector,none,validation_best,test,64,0.019770857169939732,0,64,4.471579258243141
allen_cahn,fno,coefficient,505,ridge_selector,none,validation_best,ood,64,0.02802797434616032,0,64,
allen_cahn,fno,coefficient,505,full_validation,response_matched,validation_best,test,64,0.0002259661058886253,0,64,0.0
allen_cahn,fno,coefficient,505,full_validation,response_matched,validation_best,ood,64,0.0040777208072229065,0,64,
allen_cahn,fno,coefficient,606,always_smooth,smooth,validation_best,test,64,0.0006088361750498233,0,64,0.6330799762698722
allen_cahn,fno,coefficient,606,always_smooth,smooth,validation_best,ood,64,0.011589338954264172,0,64,
allen_cahn,fno,coefficient,606,best_fixed,none,validation_best,test,64,0.016931029838813304,0,64,3.9584340537376295
allen_cahn,fno,coefficient,606,best_fixed,none,validation_best,ood,64,0.06641720882697569,0,64,
allen_cahn,fno,coefficient,606,hand_rule,none,validation_best,test,64,0.016931029838813304,0,64,3.9584340537376295
allen_cahn,fno,coefficient,606,hand_rule,none,validation_best,ood,64,0.06641720882697569,0,64,
allen_cahn,fno,coefficient,606,none,none,validation_best,test,64,0.016931029838813304,0,64,3.9584340537376295
allen_cahn,fno,coefficient,606,none,none,validation_best,ood,64,0.06641720882697569,0,64,
allen_cahn,fno,coefficient,606,probe_best,none,validation_best,test,64,0.016931029838813304,0,64,3.9584340537376295
allen_cahn,fno,coefficient,606,probe_best,none,validation_best,ood,64,0.06641720882697569,0,64,
allen_cahn,fno,coefficient,606,random,smooth,validation_best,test,64,0.0006088361750498233,0,64,0.6330799762698722
allen_cahn,fno,coefficient,606,random,smooth,validation_best,ood,64,0.011589338954264172,0,64,
allen_cahn,fno,coefficient,606,ridge_selector,none,validation_best,test,64,0.016931029838813304,0,64,3.9584340537376295
allen_cahn,fno,coefficient,606,ridge_selector,none,validation_best,ood,64,0.06641720882697569,0,64,
allen_cahn,fno,coefficient,606,full_validation,iid,validation_best,test,64,0.00032326397475887503,0,64,0.0
allen_cahn,fno,coefficient,606,full_validation,iid,validation_best,ood,64,0.004513418207309938,0,64,
allen_cahn,fno,correct,101,always_smooth,smooth,validation_best,test,64,0.00046727357495100763,0,64,1.0319993868332
allen_cahn,fno,correct,101,always_smooth,smooth,validation_best,ood,64,0.001560157236324411,0,64,
allen_cahn,fno,correct,101,best_fixed,none,validation_best,test,64,0.03248215783066136,0,64,5.273530714826343
allen_cahn,fno,correct,101,best_fixed,none,validation_best,ood,64,0.026266629336275077,0,64,
allen_cahn,fno,correct,101,hand_rule,none,validation_best,test,64,0.03248215783066136,0,64,5.273530714826343
allen_cahn,fno,correct,101,hand_rule,none,validation_best,ood,64,0.026266629336275077,0,64,
allen_cahn,fno,correct,101,none,none,validation_best,test,64,0.03248215783066136,0,64,5.273530714826343
allen_cahn,fno,correct,101,none,none,validation_best,ood,64,0.026266629336275077,0,64,
allen_cahn,fno,correct,101,probe_best,none,validation_best,test,64,0.03248215783066136,0,64,5.273530714826343
allen_cahn,fno,correct,101,probe_best,none,validation_best,ood,64,0.026266629336275077,0,64,
allen_cahn,fno,correct,101,random,iid,validation_best,test,64,0.0003900386728358102,0,64,0.8513303824119575
allen_cahn,fno,correct,101,random,iid,validation_best,ood,64,0.006604540667156655,0,64,
allen_cahn,fno,correct,101,ridge_selector,smooth,validation_best,test,64,0.00046727357495100763,0,64,1.0319993868332
allen_cahn,fno,correct,101,ridge_selector,smooth,validation_best,ood,64,0.001560157236324411,0,64,
allen_cahn,fno,correct,101,full_validation,response_matched,validation_best,test,64,0.00016648671441101687,0,64,0.0
allen_cahn,fno,correct,101,full_validation,response_matched,validation_best,ood,64,0.005885765402120713,0,64,
allen_cahn,fno,correct,202,always_smooth,smooth,validation_best,test,64,0.00025914016803296747,0,64,1.121571386258635
allen_cahn,fno,correct,202,always_smooth,smooth,validation_best,ood,64,0.0018604685825258371,0,64,
allen_cahn,fno,correct,202,best_fixed,none,validation_best,test,64,0.0028443063104583236,0,64,3.5172767708519683
allen_cahn,fno,correct,202,best_fixed,none,validation_best,ood,64,0.011043449482804946,0,64,
allen_cahn,fno,correct,202,hand_rule,none,validation_best,test,64,0.0028443063104583236,0,64,3.5172767708519683
allen_cahn,fno,correct,202,hand_rule,none,validation_best,ood,64,0.011043449482804946,0,64,
allen_cahn,fno,correct,202,none,none,validation_best,test,64,0.0028443063104583236,0,64,3.5172767708519683
allen_cahn,fno,correct,202,none,none,validation_best,ood,64,0.011043449482804946,0,64,
allen_cahn,fno,correct,202,probe_best,none,validation_best,test,64,0.0028443063104583236,0,64,3.5172767708519683
allen_cahn,fno,correct,202,probe_best,none,validation_best,ood,64,0.011043449482804946,0,64,
allen_cahn,fno,correct,202,random,smooth,validation_best,test,64,0.00025914016803296747,0,64,1.121571386258635
allen_cahn,fno,correct,202,random,smooth,validation_best,ood,64,0.0018604685825258371,0,64,
allen_cahn,fno,correct,202,ridge_selector,smooth,validation_best,test,64,0.00025914016803296747,0,64,1.121571386258635
allen_cahn,fno,correct,202,ridge_selector,smooth,validation_best,ood,64,0.0018604685825258371,0,64,
allen_cahn,fno,correct,202,full_validation,response_matched,validation_best,test,64,8.441944097302596e-05,0,64,0.0
allen_cahn,fno,correct,202,full_validation,response_matched,validation_best,ood,64,0.006606058651698277,0,64,
allen_cahn,fno,correct,303,always_smooth,smooth,validation_best,test,64,0.0007616466997105581,0,64,0.6684221262174586
allen_cahn,fno,correct,303,always_smooth,smooth,validation_best,ood,64,0.002140470407507533,0,64,
allen_cahn,fno,correct,303,best_fixed,none,validation_best,test,64,0.02594149958063144,0,64,4.19653859250602
allen_cahn,fno,correct,303,best_fixed,none,validation_best,ood,64,0.03302428079405875,0,64,
allen_cahn,fno,correct,303,hand_rule,none,validation_best,test,64,0.02594149958063144,0,64,4.19653859250602
allen_cahn,fno,correct,303,hand_rule,none,validation_best,ood,64,0.03302428079405875,0,64,
allen_cahn,fno,correct,303,none,none,validation_best,test,64,0.02594149958063144,0,64,4.19653859250602
allen_cahn,fno,correct,303,none,none,validation_best,ood,64,0.03302428079405875,0,64,
allen_cahn,fno,correct,303,probe_best,none,validation_best,test,64,0.02594149958063144,0,64,4.19653859250602
allen_cahn,fno,correct,303,probe_best,none,validation_best,ood,64,0.03302428079405875,0,64,
allen_cahn,fno,correct,303,random,iid,validation_best,test,64,0.0006292417274751314,0,64,0.47745481400956563
allen_cahn,fno,correct,303,random,iid,validation_best,ood,64,0.001129093526279712,0,64,
allen_cahn,fno,correct,303,ridge_selector,smooth,validation_best,test,64,0.0007616466997105581,0,64,0.6684221262174586
allen_cahn,fno,correct,303,ridge_selector,smooth,validation_best,ood,64,0.002140470407507533,0,64,
allen_cahn,fno,correct,303,full_validation,response_matched,validation_best,test,64,0.00039035659724772145,0,64,0.0
allen_cahn,fno,correct,303,full_validation,response_matched,validation_best,ood,64,0.0016530317853597487,0,64,
allen_cahn,fno,correct,404,always_smooth,smooth,validation_best,test,64,0.00041728876833550116,0,64,1.2958998893430702
allen_cahn,fno,correct,404,always_smooth,smooth,validation_best,ood,64,0.0019658782456319635,0,64,
allen_cahn,fno,correct,404,best_fixed,none,validation_best,test,64,0.00341957245884468,0,64,3.3993922273978225
allen_cahn,fno,correct,404,best_fixed,none,validation_best,ood,64,0.01022058080004229,0,64,
allen_cahn,fno,correct,404,hand_rule,none,validation_best,test,64,0.00341957245884468,0,64,3.3993922273978225
allen_cahn,fno,correct,404,hand_rule,none,validation_best,ood,64,0.01022058080004229,0,64,
allen_cahn,fno,correct,404,none,none,validation_best,test,64,0.00341957245884468,0,64,3.3993922273978225
allen_cahn,fno,correct,404,none,none,validation_best,ood,64,0.01022058080004229,0,64,
allen_cahn,fno,correct,404,probe_best,none,validation_best,test,64,0.00341957245884468,0,64,3.3993922273978225
allen_cahn,fno,correct,404,probe_best,none,validation_best,ood,64,0.01022058080004229,0,64,
allen_cahn,fno,correct,404,random,iid,validation_best,test,64,0.00013278109642858582,0,64,0.15082329793665328
allen_cahn,fno,correct,404,random,iid,validation_best,ood,64,0.005000618283993341,0,64,
allen_cahn,fno,correct,404,ridge_selector,smooth,validation_best,test,64,0.00041728876833550116,0,64,1.2958998893430702
allen_cahn,fno,correct,404,ridge_selector,smooth,validation_best,ood,64,0.0019658782456319635,0,64,
allen_cahn,fno,correct,404,full_validation,response_matched,validation_best,test,64,0.0001141916963151475,0,64,0.0
allen_cahn,fno,correct,404,full_validation,response_matched,validation_best,ood,64,0.0018057322595186331,0,64,
allen_cahn,fno,correct,505,always_smooth,smooth,validation_best,test,64,0.00038648172625666,0,64,0.01704005463037106
allen_cahn,fno,correct,505,always_smooth,smooth,validation_best,ood,64,0.0021971775413530126,0,64,
allen_cahn,fno,correct,505,best_fixed,none,validation_best,test,64,0.019814408846710457,0,64,3.9541201393324736
allen_cahn,fno,correct,505,best_fixed,none,validation_best,ood,64,0.028105836474963605,0,64,
allen_cahn,fno,correct,505,hand_rule,none,validation_best,test,64,0.019814408846710457,0,64,3.9541201393324736
allen_cahn,fno,correct,505,hand_rule,none,validation_best,ood,64,0.028105836474963605,0,64,
allen_cahn,fno,correct,505,none,none,validation_best,test,64,0.019814408846710457,0,64,3.9541201393324736
allen_cahn,fno,correct,505,none,none,validation_best,ood,64,0.028105836474963605,0,64,
allen_cahn,fno,correct,505,probe_best,none,validation_best,test,64,0.019814408846710457,0,64,3.9541201393324736
allen_cahn,fno,correct,505,probe_best,none,validation_best,ood,64,0.028105836474963605,0,64,
allen_cahn,fno,correct,505,random,response_matched,validation_best,test,64,0.00037995184926033904,0,64,0.0
allen_cahn,fno,correct,505,random,response_matched,validation_best,ood,64,0.0011100063341621391,0,64,
allen_cahn,fno,correct,505,ridge_selector,response_matched,validation_best,test,64,0.00037995184926033904,0,64,0.0
allen_cahn,fno,correct,505,ridge_selector,response_matched,validation_best,ood,64,0.0011100063341621391,0,64,
allen_cahn,fno,correct,505,full_validation,response_matched,validation_best,test,64,0.00037995184926033904,0,64,0.0
allen_cahn,fno,correct,505,full_validation,response_matched,validation_best,ood,64,0.0011100063341621391,0,64,
allen_cahn,fno,correct,606,always_smooth,smooth,validation_best,test,64,0.0004588053540363901,0,64,1.185992379606136
allen_cahn,fno,correct,606,always_smooth,smooth,validation_best,ood,64,0.01452976300799197,0,64,
allen_cahn,fno,correct,606,best_fixed,none,validation_best,test,64,0.01698526044031934,0,64,4.797467538790288
allen_cahn,fno,correct,606,best_fixed,none,validation_best,ood,64,0.06704283712732684,0,64,
allen_cahn,fno,correct,606,hand_rule,none,validation_best,test,64,0.01698526044031934,0,64,4.797467538790288
allen_cahn,fno,correct,606,hand_rule,none,validation_best,ood,64,0.06704283712732684,0,64,
allen_cahn,fno,correct,606,none,none,validation_best,test,64,0.01698526044031934,0,64,4.797467538790288
allen_cahn,fno,correct,606,none,none,validation_best,ood,64,0.06704283712732684,0,64,
allen_cahn,fno,correct,606,probe_best,none,validation_best,test,64,0.01698526044031934,0,64,4.797467538790288
allen_cahn,fno,correct,606,probe_best,none,validation_best,ood,64,0.06704283712732684,0,64,
allen_cahn,fno,correct,606,random,smooth,validation_best,test,64,0.0004588053540363901,0,64,1.185992379606136
allen_cahn,fno,correct,606,random,smooth,validation_best,ood,64,0.01452976300799197,0,64,
allen_cahn,fno,correct,606,ridge_selector,smooth,validation_best,test,64,0.0004588053540363901,0,64,1.185992379606136
allen_cahn,fno,correct,606,ridge_selector,smooth,validation_best,ood,64,0.01452976300799197,0,64,
allen_cahn,fno,correct,606,full_validation,iid,validation_best,test,64,0.0002830163857405754,0,64,0.7028711208787147
allen_cahn,fno,correct,606,full_validation,iid,validation_best,ood,64,0.0035697214094813634,0,64,
allen_cahn,looped,coefficient,101,always_smooth,smooth,validation_best,test,64,0.0020862717310963785,0,64,0.0
allen_cahn,looped,coefficient,101,always_smooth,smooth,validation_best,ood,64,0.29695956450426664,0,64,
allen_cahn,looped,coefficient,101,best_fixed,none,validation_best,test,64,0.005798866363470823,0,64,1.0222838315912972
allen_cahn,looped,coefficient,101,best_fixed,none,validation_best,ood,64,0.07866755846235352,0,64,
allen_cahn,looped,coefficient,101,hand_rule,none,validation_best,test,64,0.005798866363470823,0,64,1.0222838315912972
allen_cahn,looped,coefficient,101,hand_rule,none,validation_best,ood,64,0.07866755846235352,0,64,
allen_cahn,looped,coefficient,101,none,none,validation_best,test,64,0.005798866363470823,0,64,1.0222838315912972
allen_cahn,looped,coefficient,101,none,none,validation_best,ood,64,0.07866755846235352,0,64,
allen_cahn,looped,coefficient,101,probe_best,response_matched,validation_best,test,64,0.004064536927226192,0,64,0.6669212071859355
allen_cahn,looped,coefficient,101,probe_best,response_matched,validation_best,ood,64,0.8404697565941461,0,64,
allen_cahn,looped,coefficient,101,random,smooth,validation_best,test,64,0.0020862717310963785,0,64,0.0
allen_cahn,looped,coefficient,101,random,smooth,validation_best,ood,64,0.29695956450426664,0,64,
allen_cahn,looped,coefficient,101,ridge_selector,response_matched,validation_best,test,64,0.004064536927226192,0,64,0.6669212071859355
allen_cahn,looped,coefficient,101,ridge_selector,response_matched,validation_best,ood,64,0.8404697565941461,0,64,
allen_cahn,looped,coefficient,101,full_validation,smooth,validation_best,test,64,0.0020862717310963785,0,64,0.0
allen_cahn,looped,coefficient,101,full_validation,smooth,validation_best,ood,64,0.29695956450426664,0,64,
allen_cahn,looped,coefficient,202,always_smooth,smooth,validation_best,test,64,0.003090988016322682,0,64,0.12715330294185193
allen_cahn,looped,coefficient,202,always_smooth,smooth,validation_best,ood,64,0.21503449985801382,0,64,
allen_cahn,looped,coefficient,202,best_fixed,none,validation_best,test,64,0.003606062221567008,0,64,0.2812788963999096
allen_cahn,looped,coefficient,202,best_fixed,none,validation_best,ood,64,0.04737424972468762,0,64,
allen_cahn,looped,coefficient,202,hand_rule,none,validation_best,test,64,0.003606062221567008,0,64,0.2812788963999096
allen_cahn,looped,coefficient,202,hand_rule,none,validation_best,ood,64,0.04737424972468762,0,64,
allen_cahn,looped,coefficient,202,none,none,validation_best,test,64,0.003606062221567008,0,64,0.2812788963999096
allen_cahn,looped,coefficient,202,none,none,validation_best,ood,64,0.04737424972468762,0,64,
allen_cahn,looped,coefficient,202,probe_best,smooth,validation_best,test,64,0.003090988016322682,0,64,0.12715330294185193
allen_cahn,looped,coefficient,202,probe_best,smooth,validation_best,ood,64,0.21503449985801382,0,64,
allen_cahn,looped,coefficient,202,random,response_matched,validation_best,test,64,0.0029090688897479566,0,64,0.0664955775810236
allen_cahn,looped,coefficient,202,random,response_matched,validation_best,ood,64,0.3200892431339213,0,64,
allen_cahn,looped,coefficient,202,ridge_selector,response_matched,validation_best,test,64,0.0029090688897479566,0,64,0.0664955775810236
allen_cahn,looped,coefficient,202,ridge_selector,response_matched,validation_best,ood,64,0.3200892431339213,0,64,
allen_cahn,looped,coefficient,202,full_validation,smooth,validation_best,test,64,0.003090988016322682,0,64,0.12715330294185193
allen_cahn,looped,coefficient,202,full_validation,smooth,validation_best,ood,64,0.21503449985801382,0,64,
allen_cahn,looped,coefficient,303,always_smooth,smooth,validation_best,test,64,0.002522635613082247,0,64,0.0
allen_cahn,looped,coefficient,303,always_smooth,smooth,validation_best,ood,64,0.12748176568281977,0,64,
allen_cahn,looped,coefficient,303,best_fixed,none,validation_best,test,64,0.004676736215866617,0,64,0.6172962436869067
allen_cahn,looped,coefficient,303,best_fixed,none,validation_best,ood,64,0.05844524339851098,0,64,
allen_cahn,looped,coefficient,303,hand_rule,none,validation_best,test,64,0.004676736215866617,0,64,0.6172962436869067
allen_cahn,looped,coefficient,303,hand_rule,none,validation_best,ood,64,0.05844524339851098,0,64,
allen_cahn,looped,coefficient,303,none,none,validation_best,test,64,0.004676736215866617,0,64,0.6172962436869067
allen_cahn,looped,coefficient,303,none,none,validation_best,ood,64,0.05844524339851098,0,64,
allen_cahn,looped,coefficient,303,probe_best,smooth,validation_best,test,64,0.002522635613082247,0,64,0.0
allen_cahn,looped,coefficient,303,probe_best,smooth,validation_best,ood,64,0.12748176568281977,0,64,
allen_cahn,looped,coefficient,303,random,response_matched,validation_best,test,64,0.003059007900629074,0,64,0.19278641473331296
allen_cahn,looped,coefficient,303,random,response_matched,validation_best,ood,64,0.36702098856304133,0,64,
allen_cahn,looped,coefficient,303,ridge_selector,response_matched,validation_best,test,64,0.003059007900629074,0,64,0.19278641473331296
allen_cahn,looped,coefficient,303,ridge_selector,response_matched,validation_best,ood,64,0.36702098856304133,0,64,
allen_cahn,looped,coefficient,303,full_validation,smooth,validation_best,test,64,0.002522635613082247,0,64,0.0
allen_cahn,looped,coefficient,303,full_validation,smooth,validation_best,ood,64,0.12748176568281977,0,64,
allen_cahn,looped,coefficient,404,always_smooth,smooth,validation_best,test,64,0.001694598728700314,0,64,0.0
allen_cahn,looped,coefficient,404,always_smooth,smooth,validation_best,ood,64,0.07034471782110074,0,64,
allen_cahn,looped,coefficient,404,best_fixed,none,validation_best,test,64,0.003582194868662958,0,64,0.7485297297780019
allen_cahn,looped,coefficient,404,best_fixed,none,validation_best,ood,64,0.1533312229639643,0,64,
allen_cahn,looped,coefficient,404,hand_rule,none,validation_best,test,64,0.003582194868662958,0,64,0.7485297297780019
allen_cahn,looped,coefficient,404,hand_rule,none,validation_best,ood,64,0.1533312229639643,0,64,
allen_cahn,looped,coefficient,404,none,none,validation_best,test,64,0.003582194868662958,0,64,0.7485297297780019
allen_cahn,looped,coefficient,404,none,none,validation_best,ood,64,0.1533312229639643,0,64,
allen_cahn,looped,coefficient,404,probe_best,iid,validation_best,test,64,0.00235161505947612,0,64,0.32765637687729043
allen_cahn,looped,coefficient,404,probe_best,iid,validation_best,ood,64,0.17087433493179915,0,64,
allen_cahn,looped,coefficient,404,random,response_matched,validation_best,test,64,0.003387271453018814,0,64,0.6925787416103583
allen_cahn,looped,coefficient,404,random,response_matched,validation_best,ood,64,0.18954500329343205,0,64,
allen_cahn,looped,coefficient,404,ridge_selector,response_matched,validation_best,test,64,0.003387271453018814,0,64,0.6925787416103583
allen_cahn,looped,coefficient,404,ridge_selector,response_matched,validation_best,ood,64,0.18954500329343205,0,64,
allen_cahn,looped,coefficient,404,full_validation,smooth,validation_best,test,64,0.001694598728700314,0,64,0.0
allen_cahn,looped,coefficient,404,full_validation,smooth,validation_best,ood,64,0.07034471782110074,0,64,
allen_cahn,looped,coefficient,505,always_smooth,smooth,validation_best,test,64,0.002390722507704779,0,64,0.1751013267870909
allen_cahn,looped,coefficient,505,always_smooth,smooth,validation_best,ood,64,0.12699219008274554,0,64,
allen_cahn,looped,coefficient,505,best_fixed,none,validation_best,test,64,0.004782896826822869,0,64,0.8685520957062582
allen_cahn,looped,coefficient,505,best_fixed,none,validation_best,ood,64,0.1331157605453921,0,64,
allen_cahn,looped,coefficient,505,hand_rule,none,validation_best,test,64,0.004782896826822869,0,64,0.8685520957062582
allen_cahn,looped,coefficient,505,hand_rule,none,validation_best,ood,64,0.1331157605453921,0,64,
allen_cahn,looped,coefficient,505,none,none,validation_best,test,64,0.004782896826822869,0,64,0.8685520957062582
allen_cahn,looped,coefficient,505,none,none,validation_best,ood,64,0.1331157605453921,0,64,
allen_cahn,looped,coefficient,505,probe_best,smooth,validation_best,test,64,0.002390722507704779,0,64,0.1751013267870909
allen_cahn,looped,coefficient,505,probe_best,smooth,validation_best,ood,64,0.12699219008274554,0,64,
allen_cahn,looped,coefficient,505,random,response_matched,validation_best,test,64,0.0020067054504857573,0,64,0.0
allen_cahn,looped,coefficient,505,random,response_matched,validation_best,ood,64,0.34423394119431805,0,64,
allen_cahn,looped,coefficient,505,ridge_selector,response_matched,validation_best,test,64,0.0020067054504857573,0,64,0.0
allen_cahn,looped,coefficient,505,ridge_selector,response_matched,validation_best,ood,64,0.34423394119431805,0,64,
allen_cahn,looped,coefficient,505,full_validation,smooth,validation_best,test,64,0.002390722507704779,0,64,0.1751013267870909
allen_cahn,looped,coefficient,505,full_validation,smooth,validation_best,ood,64,0.12699219008274554,0,64,
allen_cahn,looped,coefficient,606,always_smooth,smooth,validation_best,test,64,0.0032231241520810916,0,64,0.09942875839261035
allen_cahn,looped,coefficient,606,always_smooth,smooth,validation_best,ood,64,0.42078849852802946,0,64,
allen_cahn,looped,coefficient,606,best_fixed,none,validation_best,test,64,0.006464044734437069,0,64,0.795332877388081
allen_cahn,looped,coefficient,606,best_fixed,none,validation_best,ood,64,0.5159514730509649,0,64,
allen_cahn,looped,coefficient,606,hand_rule,none,validation_best,test,64,0.006464044734437069,0,64,0.795332877388081
allen_cahn,looped,coefficient,606,hand_rule,none,validation_best,ood,64,0.5159514730509649,0,64,
allen_cahn,looped,coefficient,606,none,none,validation_best,test,64,0.006464044734437069,0,64,0.795332877388081
allen_cahn,looped,coefficient,606,none,none,validation_best,ood,64,0.5159514730509649,0,64,
allen_cahn,looped,coefficient,606,probe_best,smooth,validation_best,test,64,0.0032231241520810916,0,64,0.09942875839261035
allen_cahn,looped,coefficient,606,probe_best,smooth,validation_best,ood,64,0.42078849852802946,0,64,
allen_cahn,looped,coefficient,606,random,smooth,validation_best,test,64,0.0032231241520810916,0,64,0.09942875839261035
allen_cahn,looped,coefficient,606,random,smooth,validation_best,ood,64,0.42078849852802946,0,64,
allen_cahn,looped,coefficient,606,ridge_selector,response_matched,validation_best,test,64,0.002918069782634203,0,64,0.0
allen_cahn,looped,coefficient,606,ridge_selector,response_matched,validation_best,ood,64,0.49087039923813336,0,64,
allen_cahn,looped,coefficient,606,full_validation,smooth,validation_best,test,64,0.0032231241520810916,0,64,0.09942875839261035
allen_cahn,looped,coefficient,606,full_validation,smooth,validation_best,ood,64,0.42078849852802946,0,64,
allen_cahn,looped,correct,101,always_smooth,smooth,validation_best,test,64,0.0033436620791627014,0,64,0.0
allen_cahn,looped,correct,101,always_smooth,smooth,validation_best,ood,64,0.060129585807040975,0,64,
allen_cahn,looped,correct,101,best_fixed,none,validation_best,test,64,0.005798858039631427,0,64,0.5505943712139009
allen_cahn,looped,correct,101,best_fixed,none,validation_best,ood,64,0.07866766303059691,0,64,
allen_cahn,looped,correct,101,hand_rule,none,validation_best,test,64,0.005798858039631427,0,64,0.5505943712139009
allen_cahn,looped,correct,101,hand_rule,none,validation_best,ood,64,0.07866766303059691,0,64,
allen_cahn,looped,correct,101,none,none,validation_best,test,64,0.005798858039631427,0,64,0.5505943712139009
allen_cahn,looped,correct,101,none,none,validation_best,ood,64,0.07866766303059691,0,64,
allen_cahn,looped,correct,101,probe_best,none,validation_best,test,64,0.005798858039631427,0,64,0.5505943712139009
allen_cahn,looped,correct,101,probe_best,none,validation_best,ood,64,0.07866766303059691,0,64,
allen_cahn,looped,correct,101,random,iid,validation_best,test,64,0.0038752674986763935,0,64,0.14754805510486332
allen_cahn,looped,correct,101,random,iid,validation_best,ood,64,0.1771089553753349,0,64,
allen_cahn,looped,correct,101,ridge_selector,smooth,validation_best,test,64,0.0033436620791627014,0,64,0.0
allen_cahn,looped,correct,101,ridge_selector,smooth,validation_best,ood,64,0.060129585807040975,0,64,
allen_cahn,looped,correct,101,full_validation,smooth,validation_best,test,64,0.0033436620791627014,0,64,0.0
allen_cahn,looped,correct,101,full_validation,smooth,validation_best,ood,64,0.060129585807040975,0,64,
allen_cahn,looped,correct,202,always_smooth,smooth,validation_best,test,64,0.0015992277604476302,0,64,0.0
allen_cahn,looped,correct,202,always_smooth,smooth,validation_best,ood,64,0.4296122197370309,0,64,
allen_cahn,looped,correct,202,best_fixed,none,validation_best,test,64,0.0036060720941206714,0,64,0.8130982543915458
allen_cahn,looped,correct,202,best_fixed,none,validation_best,ood,64,0.0473740292148932,0,64,
allen_cahn,looped,correct,202,hand_rule,none,validation_best,test,64,0.0036060720941206714,0,64,0.8130982543915458
allen_cahn,looped,correct,202,hand_rule,none,validation_best,ood,64,0.0473740292148932,0,64,
allen_cahn,looped,correct,202,none,none,validation_best,test,64,0.0036060720941206714,0,64,0.8130982543915458
allen_cahn,looped,correct,202,none,none,validation_best,ood,64,0.0473740292148932,0,64,
allen_cahn,looped,correct,202,probe_best,none,validation_best,test,64,0.0036060720941206714,0,64,0.8130982543915458
allen_cahn,looped,correct,202,probe_best,none,validation_best,ood,64,0.0473740292148932,0,64,
allen_cahn,looped,correct,202,random,smooth,validation_best,test,64,0.0015992277604476302,0,64,0.0
allen_cahn,looped,correct,202,random,smooth,validation_best,ood,64,0.4296122197370309,0,64,
allen_cahn,looped,correct,202,ridge_selector,smooth,validation_best,test,64,0.0015992277604476302,0,64,0.0
allen_cahn,looped,correct,202,ridge_selector,smooth,validation_best,ood,64,0.4296122197370309,0,64,
allen_cahn,looped,correct,202,full_validation,smooth,validation_best,test,64,0.0015992277604476302,0,64,0.0
allen_cahn,looped,correct,202,full_validation,smooth,validation_best,ood,64,0.4296122197370309,0,64,
allen_cahn,looped,correct,303,always_smooth,smooth,validation_best,test,64,0.002815243193378336,0,64,0.0
allen_cahn,looped,correct,303,always_smooth,smooth,validation_best,ood,64,0.11321897048307861,0,64,
allen_cahn,looped,correct,303,best_fixed,none,validation_best,test,64,0.0046767251562667145,0,64,0.5075494622296264
allen_cahn,looped,correct,303,best_fixed,none,validation_best,ood,64,0.05844518558578926,0,64,
allen_cahn,looped,correct,303,hand_rule,none,validation_best,test,64,0.0046767251562667145,0,64,0.5075494622296264
allen_cahn,looped,correct,303,hand_rule,none,validation_best,ood,64,0.05844518558578926,0,64,
allen_cahn,looped,correct,303,none,none,validation_best,test,64,0.0046767251562667145,0,64,0.5075494622296264
allen_cahn,looped,correct,303,none,none,validation_best,ood,64,0.05844518558578926,0,64,
allen_cahn,looped,correct,303,probe_best,none,validation_best,test,64,0.0046767251562667145,0,64,0.5075494622296264
allen_cahn,looped,correct,303,probe_best,none,validation_best,ood,64,0.05844518558578926,0,64,
allen_cahn,looped,correct,303,random,none,validation_best,test,64,0.0046767251562667145,0,64,0.5075494622296264
allen_cahn,looped,correct,303,random,none,validation_best,ood,64,0.05844518558578926,0,64,
allen_cahn,looped,correct,303,ridge_selector,smooth,validation_best,test,64,0.002815243193378336,0,64,0.0
allen_cahn,looped,correct,303,ridge_selector,smooth,validation_best,ood,64,0.11321897048307861,0,64,
allen_cahn,looped,correct,303,full_validation,iid,validation_best,test,64,0.0036715944220999663,0,64,0.26557736533614695
allen_cahn,looped,correct,303,full_validation,iid,validation_best,ood,64,0.3059167437117907,0,64,
allen_cahn,looped,correct,404,always_smooth,smooth,validation_best,test,64,0.002259090973798006,0,64,0.0
allen_cahn,looped,correct,404,always_smooth,smooth,validation_best,ood,64,0.2127214721441728,0,64,
allen_cahn,looped,correct,404,best_fixed,none,validation_best,test,64,0.003582191131757062,0,64,0.46101215277705815
allen_cahn,looped,correct,404,best_fixed,none,validation_best,ood,64,0.15333288798610667,0,64,
allen_cahn,looped,correct,404,hand_rule,none,validation_best,test,64,0.003582191131757062,0,64,0.46101215277705815
allen_cahn,looped,correct,404,hand_rule,none,validation_best,ood,64,0.15333288798610667,0,64,
allen_cahn,looped,correct,404,none,none,validation_best,test,64,0.003582191131757062,0,64,0.46101215277705815
allen_cahn,looped,correct,404,none,none,validation_best,ood,64,0.15333288798610667,0,64,
allen_cahn,looped,correct,404,probe_best,smooth,validation_best,test,64,0.002259090973798006,0,64,0.0
allen_cahn,looped,correct,404,probe_best,smooth,validation_best,ood,64,0.2127214721441728,0,64,
allen_cahn,looped,correct,404,random,smooth,validation_best,test,64,0.002259090973798006,0,64,0.0
allen_cahn,looped,correct,404,random,smooth,validation_best,ood,64,0.2127214721441728,0,64,
allen_cahn,looped,correct,404,ridge_selector,smooth,validation_best,test,64,0.002259090973798006,0,64,0.0
allen_cahn,looped,correct,404,ridge_selector,smooth,validation_best,ood,64,0.2127214721441728,0,64,
allen_cahn,looped,correct,404,full_validation,smooth,validation_best,test,64,0.002259090973798006,0,64,0.0
allen_cahn,looped,correct,404,full_validation,smooth,validation_best,ood,64,0.2127214721441728,0,64,
allen_cahn,looped,correct,505,always_smooth,smooth,validation_best,test,64,0.0024568641094598886,0,64,0.15300613965939783
allen_cahn,looped,correct,505,always_smooth,smooth,validation_best,ood,64,0.11986145748985244,0,64,
allen_cahn,looped,correct,505,best_fixed,none,validation_best,test,64,0.004782885785883373,0,64,0.8191644403881294
allen_cahn,looped,correct,505,best_fixed,none,validation_best,ood,64,0.13311563720548314,0,64,
allen_cahn,looped,correct,505,hand_rule,none,validation_best,test,64,0.004782885785883373,0,64,0.8191644403881294
allen_cahn,looped,correct,505,hand_rule,none,validation_best,ood,64,0.13311563720548314,0,64,
allen_cahn,looped,correct,505,none,none,validation_best,test,64,0.004782885785883373,0,64,0.8191644403881294
allen_cahn,looped,correct,505,none,none,validation_best,ood,64,0.13311563720548314,0,64,
allen_cahn,looped,correct,505,probe_best,none,validation_best,test,64,0.004782885785883373,0,64,0.8191644403881294
allen_cahn,looped,correct,505,probe_best,none,validation_best,ood,64,0.13311563720548314,0,64,
allen_cahn,looped,correct,505,random,none,validation_best,test,64,0.004782885785883373,0,64,0.8191644403881294
allen_cahn,looped,correct,505,random,none,validation_best,ood,64,0.13311563720548314,0,64,
allen_cahn,looped,correct,505,ridge_selector,smooth,validation_best,test,64,0.0024568641094598886,0,64,0.15300613965939783
allen_cahn,looped,correct,505,ridge_selector,smooth,validation_best,ood,64,0.11986145748985244,0,64,
allen_cahn,looped,correct,505,full_validation,smooth,validation_best,test,64,0.0024568641094598886,0,64,0.15300613965939783
allen_cahn,looped,correct,505,full_validation,smooth,validation_best,ood,64,0.11986145748985244,0,64,
allen_cahn,looped,correct,606,always_smooth,smooth,validation_best,test,64,0.002688085570355603,0,64,0.0
allen_cahn,looped,correct,606,always_smooth,smooth,validation_best,ood,64,0.4436273979605794,0,64,
allen_cahn,looped,correct,606,best_fixed,none,validation_best,test,64,0.006464051524374348,0,64,0.8774270357966841
allen_cahn,looped,correct,606,best_fixed,none,validation_best,ood,64,0.5159511711183207,0,64,
allen_cahn,looped,correct,606,hand_rule,none,validation_best,test,64,0.006464051524374348,0,64,0.8774270357966841
allen_cahn,looped,correct,606,hand_rule,none,validation_best,ood,64,0.5159511711183207,0,64,
allen_cahn,looped,correct,606,none,none,validation_best,test,64,0.006464051524374348,0,64,0.8774270357966841
allen_cahn,looped,correct,606,none,none,validation_best,ood,64,0.5159511711183207,0,64,
allen_cahn,looped,correct,606,probe_best,none,validation_best,test,64,0.006464051524374348,0,64,0.8774270357966841
allen_cahn,looped,correct,606,probe_best,none,validation_best,ood,64,0.5159511711183207,0,64,
allen_cahn,looped,correct,606,random,none,validation_best,test,64,0.006464051524374348,0,64,0.8774270357966841
allen_cahn,looped,correct,606,random,none,validation_best,ood,64,0.5159511711183207,0,64,
allen_cahn,looped,correct,606,ridge_selector,smooth,validation_best,test,64,0.002688085570355603,0,64,0.0
allen_cahn,looped,correct,606,ridge_selector,smooth,validation_best,ood,64,0.4436273979605794,0,64,
allen_cahn,looped,correct,606,full_validation,smooth,validation_best,test,64,0.002688085570355603,0,64,0.0
allen_cahn,looped,correct,606,full_validation,smooth,validation_best,ood,64,0.4436273979605794,0,64,
allen_cahn,transformer,coefficient,101,always_smooth,smooth,validation_best,test,64,0.0016821013341862812,0,64,0.01693145737954239
allen_cahn,transformer,coefficient,101,always_smooth,smooth,validation_best,ood,64,0.14719712601823076,0,64,
allen_cahn,transformer,coefficient,101,best_fixed,none,validation_best,test,64,0.0021182711603723314,0,64,0.24748791699743175
allen_cahn,transformer,coefficient,101,best_fixed,none,validation_best,ood,64,0.05342635174439048,0,64,
allen_cahn,transformer,coefficient,101,hand_rule,none,validation_best,test,64,0.0021182711603723314,0,64,0.24748791699743175
allen_cahn,transformer,coefficient,101,hand_rule,none,validation_best,ood,64,0.05342635174439048,0,64,
allen_cahn,transformer,coefficient,101,none,none,validation_best,test,64,0.0021182711603723314,0,64,0.24748791699743175
allen_cahn,transformer,coefficient,101,none,none,validation_best,ood,64,0.05342635174439048,0,64,
allen_cahn,transformer,coefficient,101,probe_best,none,validation_best,test,64,0.0021182711603723314,0,64,0.24748791699743175
allen_cahn,transformer,coefficient,101,probe_best,none,validation_best,ood,64,0.05342635174439048,0,64,
allen_cahn,transformer,coefficient,101,random,smooth,validation_best,test,64,0.0016821013341862812,0,64,0.01693145737954239
allen_cahn,transformer,coefficient,101,random,smooth,validation_best,ood,64,0.14719712601823076,0,64,
allen_cahn,transformer,coefficient,101,ridge_selector,response_matched,validation_best,test,64,0.0016538606596797623,0,64,0.0
allen_cahn,transformer,coefficient,101,ridge_selector,response_matched,validation_best,ood,64,0.2679589949438892,0,64,
allen_cahn,transformer,coefficient,101,full_validation,smooth,validation_best,test,64,0.0016821013341862812,0,64,0.01693145737954239
allen_cahn,transformer,coefficient,101,full_validation,smooth,validation_best,ood,64,0.14719712601823076,0,64,
allen_cahn,transformer,coefficient,202,always_smooth,smooth,validation_best,test,64,0.0008712771067781455,0,64,0.0
allen_cahn,transformer,coefficient,202,always_smooth,smooth,validation_best,ood,64,0.5154453653567757,0,64,
allen_cahn,transformer,coefficient,202,best_fixed,none,validation_best,test,64,0.001619874853529879,0,64,0.6201441002292921
allen_cahn,transformer,coefficient,202,best_fixed,none,validation_best,ood,64,0.2254506258153839,0,64,
allen_cahn,transformer,coefficient,202,hand_rule,none,validation_best,test,64,0.001619874853529879,0,64,0.6201441002292921
allen_cahn,transformer,coefficient,202,hand_rule,none,validation_best,ood,64,0.2254506258153839,0,64,
allen_cahn,transformer,coefficient,202,none,none,validation_best,test,64,0.001619874853529879,0,64,0.6201441002292921
allen_cahn,transformer,coefficient,202,none,none,validation_best,ood,64,0.2254506258153839,0,64,
allen_cahn,transformer,coefficient,202,probe_best,response_matched,validation_best,test,64,0.0016097334997415835,0,64,0.6138638420607547
allen_cahn,transformer,coefficient,202,probe_best,response_matched,validation_best,ood,64,0.7100632753762568,0,64,
allen_cahn,transformer,coefficient,202,random,smooth,validation_best,test,64,0.0008712771067781455,0,64,0.0
allen_cahn,transformer,coefficient,202,random,smooth,validation_best,ood,64,0.5154453653567757,0,64,
allen_cahn,transformer,coefficient,202,ridge_selector,response_matched,validation_best,test,64,0.0016097334997415835,0,64,0.6138638420607547
allen_cahn,transformer,coefficient,202,ridge_selector,response_matched,validation_best,ood,64,0.7100632753762568,0,64,
allen_cahn,transformer,coefficient,202,full_validation,response_matched,validation_best,test,64,0.0016097334997415835,0,64,0.6138638420607547
allen_cahn,transformer,coefficient,202,full_validation,response_matched,validation_best,ood,64,0.7100632753762568,0,64,
allen_cahn,transformer,coefficient,303,always_smooth,smooth,validation_best,test,64,0.0014638195940269716,0,64,0.0
allen_cahn,transformer,coefficient,303,always_smooth,smooth,validation_best,ood,64,0.4070313109590913,0,64,
allen_cahn,transformer,coefficient,303,best_fixed,none,validation_best,test,64,0.0019514408331480215,0,64,0.2875188087031523
allen_cahn,transformer,coefficient,303,best_fixed,none,validation_best,ood,64,0.12002450686027188,0,64,
allen_cahn,transformer,coefficient,303,hand_rule,none,validation_best,test,64,0.0019514408331480215,0,64,0.2875188087031523
allen_cahn,transformer,coefficient,303,hand_rule,none,validation_best,ood,64,0.12002450686027188,0,64,
allen_cahn,transformer,coefficient,303,none,none,validation_best,test,64,0.0019514408331480215,0,64,0.2875188087031523
allen_cahn,transformer,coefficient,303,none,none,validation_best,ood,64,0.12002450686027188,0,64,
allen_cahn,transformer,coefficient,303,probe_best,iid,validation_best,test,64,0.0018099367153520118,0,64,0.21224270095017894
allen_cahn,transformer,coefficient,303,probe_best,iid,validation_best,ood,64,0.5423354905031204,0,64,
allen_cahn,transformer,coefficient,303,random,none,validation_best,test,64,0.0019514408331480215,0,64,0.2875188087031523
allen_cahn,transformer,coefficient,303,random,none,validation_best,ood,64,0.12002450686027188,0,64,
allen_cahn,transformer,coefficient,303,ridge_selector,response_matched,validation_best,test,64,0.0017922535901266912,0,64,0.20242463706591218
allen_cahn,transformer,coefficient,303,ridge_selector,response_matched,validation_best,ood,64,0.5345115454194342,0,64,
allen_cahn,transformer,coefficient,303,full_validation,smooth,validation_best,test,64,0.0014638195940269716,0,64,0.0
allen_cahn,transformer,coefficient,303,full_validation,smooth,validation_best,ood,64,0.4070313109590913,0,64,
allen_cahn,transformer,coefficient,404,always_smooth,smooth,validation_best,test,64,0.0017149510096136633,0,64,0.0
allen_cahn,transformer,coefficient,404,always_smooth,smooth,validation_best,ood,64,0.3234928788790725,0,64,
allen_cahn,transformer,coefficient,404,best_fixed,none,validation_best,test,64,0.0028833437686328622,0,64,0.5195661370609647
allen_cahn,transformer,coefficient,404,best_fixed,none,validation_best,ood,64,0.09296069853368838,0,64,
allen_cahn,transformer,coefficient,404,hand_rule,none,validation_best,test,64,0.0028833437686328622,0,64,0.5195661370609647
allen_cahn,transformer,coefficient,404,hand_rule,none,validation_best,ood,64,0.09296069853368838,0,64,
allen_cahn,transformer,coefficient,404,none,none,validation_best,test,64,0.0028833437686328622,0,64,0.5195661370609647
allen_cahn,transformer,coefficient,404,none,none,validation_best,ood,64,0.09296069853368838,0,64,
allen_cahn,transformer,coefficient,404,probe_best,iid,validation_best,test,64,0.002900262598829584,0,64,0.5254167698262573
allen_cahn,transformer,coefficient,404,probe_best,iid,validation_best,ood,64,0.2753187393810137,0,64,
allen_cahn,transformer,coefficient,404,random,response_matched,validation_best,test,64,0.002932394103598912,0,64,0.5364346752015482
allen_cahn,transformer,coefficient,404,random,response_matched,validation_best,ood,64,0.419186409026139,0,64,
allen_cahn,transformer,coefficient,404,ridge_selector,response_matched,validation_best,test,64,0.002932394103598912,0,64,0.5364346752015482
allen_cahn,transformer,coefficient,404,ridge_selector,response_matched,validation_best,ood,64,0.419186409026139,0,64,
allen_cahn,transformer,coefficient,404,full_validation,smooth,validation_best,test,64,0.0017149510096136633,0,64,0.0
allen_cahn,transformer,coefficient,404,full_validation,smooth,validation_best,ood,64,0.3234928788790725,0,64,
allen_cahn,transformer,coefficient,505,always_smooth,smooth,validation_best,test,64,0.0008679235423106335,0,64,0.0
allen_cahn,transformer,coefficient,505,always_smooth,smooth,validation_best,ood,64,0.24675537129133573,0,64,
allen_cahn,transformer,coefficient,505,best_fixed,none,validation_best,test,64,0.0019306875714404925,0,64,0.7995278472019983
allen_cahn,transformer,coefficient,505,best_fixed,none,validation_best,ood,64,0.044478793792514626,0,64,
allen_cahn,transformer,coefficient,505,hand_rule,none,validation_best,test,64,0.0019306875714404925,0,64,0.7995278472019983
allen_cahn,transformer,coefficient,505,hand_rule,none,validation_best,ood,64,0.044478793792514626,0,64,
allen_cahn,transformer,coefficient,505,none,none,validation_best,test,64,0.0019306875714404925,0,64,0.7995278472019983
allen_cahn,transformer,coefficient,505,none,none,validation_best,ood,64,0.044478793792514626,0,64,
allen_cahn,transformer,coefficient,505,probe_best,smooth,validation_best,test,64,0.0008679235423106335,0,64,0.0
allen_cahn,transformer,coefficient,505,probe_best,smooth,validation_best,ood,64,0.24675537129133573,0,64,
allen_cahn,transformer,coefficient,505,random,smooth,validation_best,test,64,0.0008679235423106335,0,64,0.0
allen_cahn,transformer,coefficient,505,random,smooth,validation_best,ood,64,0.24675537129133573,0,64,
allen_cahn,transformer,coefficient,505,ridge_selector,response_matched,validation_best,test,64,0.0022906855434143836,0,64,0.9705027897984752
allen_cahn,transformer,coefficient,505,ridge_selector,response_matched,validation_best,ood,64,0.29101887547712124,0,64,
allen_cahn,transformer,coefficient,505,full_validation,smooth,validation_best,test,64,0.0008679235423106335,0,64,0.0
allen_cahn,transformer,coefficient,505,full_validation,smooth,validation_best,ood,64,0.24675537129133573,0,64,
allen_cahn,transformer,coefficient,606,always_smooth,smooth,validation_best,test,64,0.0012324856679115925,0,64,0.0
allen_cahn,transformer,coefficient,606,always_smooth,smooth,validation_best,ood,64,0.36164053460183254,0,64,
allen_cahn,transformer,coefficient,606,best_fixed,none,validation_best,test,64,0.0022272037070877326,0,64,0.5917138572195019
allen_cahn,transformer,coefficient,606,best_fixed,none,validation_best,ood,64,0.08026429211778918,0,64,
allen_cahn,transformer,coefficient,606,hand_rule,none,validation_best,test,64,0.0022272037070877326,0,64,0.5917138572195019
allen_cahn,transformer,coefficient,606,hand_rule,none,validation_best,ood,64,0.08026429211778918,0,64,
allen_cahn,transformer,coefficient,606,none,none,validation_best,test,64,0.0022272037070877326,0,64,0.5917138572195019
allen_cahn,transformer,coefficient,606,none,none,validation_best,ood,64,0.08026429211778918,0,64,
allen_cahn,transformer,coefficient,606,probe_best,smooth,validation_best,test,64,0.0012324856679115925,0,64,0.0
allen_cahn,transformer,coefficient,606,probe_best,smooth,validation_best,ood,64,0.36164053460183254,0,64,
allen_cahn,transformer,coefficient,606,random,smooth,validation_best,test,64,0.0012324856679115925,0,64,0.0
allen_cahn,transformer,coefficient,606,random,smooth,validation_best,ood,64,0.36164053460183254,0,64,
allen_cahn,transformer,coefficient,606,ridge_selector,response_matched,validation_best,test,64,0.0014232364919691265,0,64,0.14390049943060987
allen_cahn,transformer,coefficient,606,ridge_selector,response_matched,validation_best,ood,64,0.7363818954681847,0,64,
allen_cahn,transformer,coefficient,606,full_validation,smooth,validation_best,test,64,0.0012324856679115925,0,64,0.0
allen_cahn,transformer,coefficient,606,full_validation,smooth,validation_best,ood,64,0.36164053460183254,0,64,
allen_cahn,transformer,correct,101,always_smooth,smooth,validation_best,test,64,0.0022691041732982864,0,64,0.5454956391787754
allen_cahn,transformer,correct,101,always_smooth,smooth,validation_best,ood,64,0.14375513627536307,0,64,
allen_cahn,transformer,correct,101,best_fixed,none,validation_best,test,64,0.0021182706713719357,0,64,0.476710557640316
allen_cahn,transformer,correct,101,best_fixed,none,validation_best,ood,64,0.053426434246236276,0,64,
allen_cahn,transformer,correct,101,hand_rule,none,validation_best,test,64,0.0021182706713719357,0,64,0.476710557640316
allen_cahn,transformer,correct,101,hand_rule,none,validation_best,ood,64,0.053426434246236276,0,64,
allen_cahn,transformer,correct,101,none,none,validation_best,test,64,0.0021182706713719357,0,64,0.476710557640316
allen_cahn,transformer,correct,101,none,none,validation_best,ood,64,0.053426434246236276,0,64,
allen_cahn,transformer,correct,101,probe_best,none,validation_best,test,64,0.0021182706713719357,0,64,0.476710557640316
allen_cahn,transformer,correct,101,probe_best,none,validation_best,ood,64,0.053426434246236276,0,64,
allen_cahn,transformer,correct,101,random,smooth,validation_best,test,64,0.0022691041732982864,0,64,0.5454956391787754
allen_cahn,transformer,correct,101,random,smooth,validation_best,ood,64,0.14375513627536307,0,64,
allen_cahn,transformer,correct,101,ridge_selector,smooth,validation_best,test,64,0.0022691041732982864,0,64,0.5454956391787754
allen_cahn,transformer,correct,101,ridge_selector,smooth,validation_best,ood,64,0.14375513627536307,0,64,
allen_cahn,transformer,correct,101,full_validation,smooth,validation_best,test,64,0.0022691041732982864,0,64,0.5454956391787754
allen_cahn,transformer,correct,101,full_validation,smooth,validation_best,ood,64,0.14375513627536307,0,64,
allen_cahn,transformer,correct,202,always_smooth,smooth,validation_best,test,64,0.0009401478442054301,0,64,0.0
allen_cahn,transformer,correct,202,always_smooth,smooth,validation_best,ood,64,0.46725187021482384,0,64,
allen_cahn,transformer,correct,202,best_fixed,none,validation_best,test,64,0.0016198778975239359,0,64,0.5440689095202887
allen_cahn,transformer,correct,202,best_fixed,none,validation_best,ood,64,0.22545004021891657,0,64,
allen_cahn,transformer,correct,202,hand_rule,none,validation_best,test,64,0.0016198778975239359,0,64,0.5440689095202887
allen_cahn,transformer,correct,202,hand_rule,none,validation_best,ood,64,0.22545004021891657,0,64,
allen_cahn,transformer,correct,202,none,none,validation_best,test,64,0.0016198778975239359,0,64,0.5440689095202887
allen_cahn,transformer,correct,202,none,none,validation_best,ood,64,0.22545004021891657,0,64,
allen_cahn,transformer,correct,202,probe_best,smooth,validation_best,test,64,0.0009401478442054301,0,64,0.0
allen_cahn,transformer,correct,202,probe_best,smooth,validation_best,ood,64,0.46725187021482384,0,64,
allen_cahn,transformer,correct,202,random,iid,validation_best,test,64,0.0011798680742026724,0,64,0.227120765719794
allen_cahn,transformer,correct,202,random,iid,validation_best,ood,64,0.584585235747852,0,64,
allen_cahn,transformer,correct,202,ridge_selector,smooth,validation_best,test,64,0.0009401478442054301,0,64,0.0
allen_cahn,transformer,correct,202,ridge_selector,smooth,validation_best,ood,64,0.46725187021482384,0,64,
allen_cahn,transformer,correct,202,full_validation,response_matched,validation_best,test,64,0.0019489160034120712,0,64,0.7289914573375476
allen_cahn,transformer,correct,202,full_validation,response_matched,validation_best,ood,64,0.7790176429676876,0,64,
allen_cahn,transformer,correct,303,always_smooth,smooth,validation_best,test,64,0.001287131325795332,0,64,0.0
allen_cahn,transformer,correct,303,always_smooth,smooth,validation_best,ood,64,0.401987171847459,0,64,
allen_cahn,transformer,correct,303,best_fixed,none,validation_best,test,64,0.0019514365421385849,0,64,0.4161498259767247
allen_cahn,transformer,correct,303,best_fixed,none,validation_best,ood,64,0.12002541044806314,0,64,
allen_cahn,transformer,correct,303,hand_rule,none,validation_best,test,64,0.0019514365421385849,0,64,0.4161498259767247
allen_cahn,transformer,correct,303,hand_rule,none,validation_best,ood,64,0.12002541044806314,0,64,
allen_cahn,transformer,correct,303,none,none,validation_best,test,64,0.0019514365421385849,0,64,0.4161498259767247
allen_cahn,transformer,correct,303,none,none,validation_best,ood,64,0.12002541044806314,0,64,
allen_cahn,transformer,correct,303,probe_best,response_matched,validation_best,test,64,0.0024796202585236626,0,64,0.6556894632359234
allen_cahn,transformer,correct,303,probe_best,response_matched,validation_best,ood,64,0.810923553516659,0,64,
allen_cahn,transformer,correct,303,random,response_matched,validation_best,test,64,0.0024796202585236626,0,64,0.6556894632359234
allen_cahn,transformer,correct,303,random,response_matched,validation_best,ood,64,0.810923553516659,0,64,
allen_cahn,transformer,correct,303,ridge_selector,smooth,validation_best,test,64,0.001287131325795332,0,64,0.0
allen_cahn,transformer,correct,303,ridge_selector,smooth,validation_best,ood,64,0.401987171847459,0,64,
allen_cahn,transformer,correct,303,full_validation,smooth,validation_best,test,64,0.001287131325795332,0,64,0.0
allen_cahn,transformer,correct,303,full_validation,smooth,validation_best,ood,64,0.401987171847459,0,64,
allen_cahn,transformer,correct,404,always_smooth,smooth,validation_best,test,64,0.002731879806236903,0,64,0.0
allen_cahn,transformer,correct,404,always_smooth,smooth,validation_best,ood,64,0.22329172333833824,0,64,
allen_cahn,transformer,correct,404,best_fixed,none,validation_best,test,64,0.0028833247103747794,0,64,0.053954095697813585
allen_cahn,transformer,correct,404,best_fixed,none,validation_best,ood,64,0.09296071511740234,0,64,
allen_cahn,transformer,correct,404,hand_rule,none,validation_best,test,64,0.0028833247103747794,0,64,0.053954095697813585
allen_cahn,transformer,correct,404,hand_rule,none,validation_best,ood,64,0.09296071511740234,0,64,
allen_cahn,transformer,correct,404,none,none,validation_best,test,64,0.0028833247103747794,0,64,0.053954095697813585
allen_cahn,transformer,correct,404,none,none,validation_best,ood,64,0.09296071511740234,0,64,
allen_cahn,transformer,correct,404,probe_best,none,validation_best,test,64,0.0028833247103747794,0,64,0.053954095697813585
allen_cahn,transformer,correct,404,probe_best,none,validation_best,ood,64,0.09296071511740234,0,64,
allen_cahn,transformer,correct,404,random,smooth,validation_best,test,64,0.002731879806236903,0,64,0.0
allen_cahn,transformer,correct,404,random,smooth,validation_best,ood,64,0.22329172333833824,0,64,
allen_cahn,transformer,correct,404,ridge_selector,smooth,validation_best,test,64,0.002731879806236903,0,64,0.0
allen_cahn,transformer,correct,404,ridge_selector,smooth,validation_best,ood,64,0.22329172333833824,0,64,
allen_cahn,transformer,correct,404,full_validation,smooth,validation_best,test,64,0.002731879806236903,0,64,0.0
allen_cahn,transformer,correct,404,full_validation,smooth,validation_best,ood,64,0.22329172333833824,0,64,
allen_cahn,transformer,correct,505,always_smooth,smooth,validation_best,test,64,0.001469812910818824,0,64,0.0
allen_cahn,transformer,correct,505,always_smooth,smooth,validation_best,ood,64,0.1703444716397513,0,64,
allen_cahn,transformer,correct,505,best_fixed,none,validation_best,test,64,0.0019306871265229453,0,64,0.27274084252112807
allen_cahn,transformer,correct,505,best_fixed,none,validation_best,ood,64,0.04447911733029741,0,64,
allen_cahn,transformer,correct,505,hand_rule,none,validation_best,test,64,0.0019306871265229453,0,64,0.27274084252112807
allen_cahn,transformer,correct,505,hand_rule,none,validation_best,ood,64,0.04447911733029741,0,64,
allen_cahn,transformer,correct,505,none,none,validation_best,test,64,0.0019306871265229453,0,64,0.27274084252112807
allen_cahn,transformer,correct,505,none,none,validation_best,ood,64,0.04447911733029741,0,64,
allen_cahn,transformer,correct,505,probe_best,none,validation_best,test,64,0.0019306871265229453,0,64,0.27274084252112807
allen_cahn,transformer,correct,505,probe_best,none,validation_best,ood,64,0.04447911733029741,0,64,
allen_cahn,transformer,correct,505,random,response_matched,validation_best,test,64,0.002312867408223118,0,64,0.45335293587673203
allen_cahn,transformer,correct,505,random,response_matched,validation_best,ood,64,0.43083804982998686,0,64,
allen_cahn,transformer,correct,505,ridge_selector,smooth,validation_best,test,64,0.001469812910818824,0,64,0.0
allen_cahn,transformer,correct,505,ridge_selector,smooth,validation_best,ood,64,0.1703444716397513,0,64,
allen_cahn,transformer,correct,505,full_validation,smooth,validation_best,test,64,0.001469812910818824,0,64,0.0
allen_cahn,transformer,correct,505,full_validation,smooth,validation_best,ood,64,0.1703444716397513,0,64,
allen_cahn,transformer,correct,606,always_smooth,smooth,validation_best,test,64,0.0016608861318528345,0,64,0.0
allen_cahn,transformer,correct,606,always_smooth,smooth,validation_best,ood,64,0.19097463610036414,0,64,
allen_cahn,transformer,correct,606,best_fixed,none,validation_best,test,64,0.0022272074533322694,0,64,0.2933972633461411
allen_cahn,transformer,correct,606,best_fixed,none,validation_best,ood,64,0.08026433659435206,0,64,
allen_cahn,transformer,correct,606,hand_rule,none,validation_best,test,64,0.0022272074533322694,0,64,0.2933972633461411
allen_cahn,transformer,correct,606,hand_rule,none,validation_best,ood,64,0.08026433659435206,0,64,
allen_cahn,transformer,correct,606,none,none,validation_best,test,64,0.0022272074533322694,0,64,0.2933972633461411
allen_cahn,transformer,correct,606,none,none,validation_best,ood,64,0.08026433659435206,0,64,
allen_cahn,transformer,correct,606,probe_best,none,validation_best,test,64,0.0022272074533322694,0,64,0.2933972633461411
allen_cahn,transformer,correct,606,probe_best,none,validation_best,ood,64,0.08026433659435206,0,64,
allen_cahn,transformer,correct,606,random,smooth,validation_best,test,64,0.0016608861318528345,0,64,0.0
allen_cahn,transformer,correct,606,random,smooth,validation_best,ood,64,0.19097463610036414,0,64,
allen_cahn,transformer,correct,606,ridge_selector,smooth,validation_best,test,64,0.0016608861318528345,0,64,0.0
allen_cahn,transformer,correct,606,ridge_selector,smooth,validation_best,ood,64,0.19097463610036414,0,64,
allen_cahn,transformer,correct,606,full_validation,smooth,validation_best,test,64,0.0016608861318528345,0,64,0.0
allen_cahn,transformer,correct,606,full_validation,smooth,validation_best,ood,64,0.19097463610036414,0,64,
burgers,fno,coefficient,101,always_smooth,smooth,validation_best,test,64,0.0006633868676356076,0,64,0.4344722786583725
burgers,fno,coefficient,101,always_smooth,smooth,validation_best,ood,64,0.0026553958599126876,0,64,
burgers,fno,coefficient,101,best_fixed,smooth,validation_best,test,64,0.0006633868676356076,0,64,0.4344722786583725
burgers,fno,coefficient,101,best_fixed,smooth,validation_best,ood,64,0.0026553958599126876,0,64,
burgers,fno,coefficient,101,hand_rule,none,validation_best,test,64,0.00042961353644460805,0,64,0.0
burgers,fno,coefficient,101,hand_rule,none,validation_best,ood,64,0.004315091545697203,0,64,
burgers,fno,coefficient,101,none,none,validation_best,test,64,0.00042961353644460805,0,64,0.0
burgers,fno,coefficient,101,none,none,validation_best,ood,64,0.004315091545697203,0,64,
burgers,fno,coefficient,101,probe_best,response_matched,validation_best,test,64,0.0006322965018925181,0,64,0.3864723805813754
burgers,fno,coefficient,101,probe_best,response_matched,validation_best,ood,64,0.026912858801139583,0,64,
burgers,fno,coefficient,101,random,smooth,validation_best,test,64,0.0006633868676356076,0,64,0.4344722786583725
burgers,fno,coefficient,101,random,smooth,validation_best,ood,64,0.0026553958599126876,0,64,
burgers,fno,coefficient,101,ridge_selector,smooth,validation_best,test,64,0.0006633868676356076,0,64,0.4344722786583725
burgers,fno,coefficient,101,ridge_selector,smooth,validation_best,ood,64,0.0026553958599126876,0,64,
burgers,fno,coefficient,101,full_validation,none,validation_best,test,64,0.00042961353644460805,0,64,0.0
burgers,fno,coefficient,101,full_validation,none,validation_best,ood,64,0.004315091545697203,0,64,
burgers,fno,coefficient,202,always_smooth,smooth,validation_best,test,64,0.0005505601548470435,0,64,0.45952355421495605
burgers,fno,coefficient,202,always_smooth,smooth,validation_best,ood,64,0.00833259583166468,0,64,
burgers,fno,coefficient,202,best_fixed,smooth,validation_best,test,64,0.0005505601548470435,0,64,0.45952355421495605
burgers,fno,coefficient,202,best_fixed,smooth,validation_best,ood,64,0.00833259583166468,0,64,
burgers,fno,coefficient,202,hand_rule,none,validation_best,test,64,0.00034772525439348903,0,64,0.0
burgers,fno,coefficient,202,hand_rule,none,validation_best,ood,64,0.018586276224415,0,64,
burgers,fno,coefficient,202,none,none,validation_best,test,64,0.00034772525439348903,0,64,0.0
burgers,fno,coefficient,202,none,none,validation_best,ood,64,0.018586276224415,0,64,
burgers,fno,coefficient,202,probe_best,response_matched,validation_best,test,64,0.0006739631790045192,0,64,0.6617628097746917
burgers,fno,coefficient,202,probe_best,response_matched,validation_best,ood,64,0.053450453580369484,0,64,
burgers,fno,coefficient,202,random,smooth,validation_best,test,64,0.0005505601548470435,0,64,0.45952355421495605
burgers,fno,coefficient,202,random,smooth,validation_best,ood,64,0.00833259583166468,0,64,
burgers,fno,coefficient,202,ridge_selector,smooth,validation_best,test,64,0.0005505601548470435,0,64,0.45952355421495605
burgers,fno,coefficient,202,ridge_selector,smooth,validation_best,ood,64,0.00833259583166468,0,64,
burgers,fno,coefficient,202,full_validation,none,validation_best,test,64,0.00034772525439348903,0,64,0.0
burgers,fno,coefficient,202,full_validation,none,validation_best,ood,64,0.018586276224415,0,64,
burgers,fno,coefficient,303,always_smooth,smooth,validation_best,test,64,0.0006133231921322951,0,64,0.0
burgers,fno,coefficient,303,always_smooth,smooth,validation_best,ood,64,0.002807413569472561,0,64,
burgers,fno,coefficient,303,best_fixed,smooth,validation_best,test,64,0.0006133231921322951,0,64,0.0
burgers,fno,coefficient,303,best_fixed,smooth,validation_best,ood,64,0.002807413569472561,0,64,
burgers,fno,coefficient,303,hand_rule,none,validation_best,test,64,0.0006650174927316458,0,64,0.0809213179380643
burgers,fno,coefficient,303,hand_rule,none,validation_best,ood,64,0.013698320192617075,0,64,
burgers,fno,coefficient,303,none,none,validation_best,test,64,0.0006650174927316458,0,64,0.0809213179380643
burgers,fno,coefficient,303,none,none,validation_best,ood,64,0.013698320192617075,0,64,
burgers,fno,coefficient,303,probe_best,response_matched,validation_best,test,64,0.0006606247252720493,0,64,0.07429391353232143
burgers,fno,coefficient,303,probe_best,response_matched,validation_best,ood,64,0.00549317216018419,0,64,
burgers,fno,coefficient,303,random,response_matched,validation_best,test,64,0.0006606247252720493,0,64,0.07429391353232143
burgers,fno,coefficient,303,random,response_matched,validation_best,ood,64,0.00549317216018419,0,64,
burgers,fno,coefficient,303,ridge_selector,smooth,validation_best,test,64,0.0006133231921322951,0,64,0.0
burgers,fno,coefficient,303,ridge_selector,smooth,validation_best,ood,64,0.002807413569472561,0,64,
burgers,fno,coefficient,303,full_validation,smooth,validation_best,test,64,0.0006133231921322951,0,64,0.0
burgers,fno,coefficient,303,full_validation,smooth,validation_best,ood,64,0.002807413569472561,0,64,
burgers,fno,coefficient,404,always_smooth,smooth,validation_best,test,64,0.00048204820692110753,0,64,0.0
burgers,fno,coefficient,404,always_smooth,smooth,validation_best,ood,64,0.01322113766529065,0,64,
burgers,fno,coefficient,404,best_fixed,smooth,validation_best,test,64,0.00048204820692110753,0,64,0.0
burgers,fno,coefficient,404,best_fixed,smooth,validation_best,ood,64,0.01322113766529065,0,64,
burgers,fno,coefficient,404,hand_rule,none,validation_best,test,64,0.0011064561168229571,0,64,0.8308733758487954
burgers,fno,coefficient,404,hand_rule,none,validation_best,ood,64,0.015505789337410425,0,64,
burgers,fno,coefficient,404,none,none,validation_best,test,64,0.0011064561168229571,0,64,0.8308733758487954
burgers,fno,coefficient,404,none,none,validation_best,ood,64,0.015505789337410425,0,64,
burgers,fno,coefficient,404,probe_best,response_matched,validation_best,test,64,0.0009001279453585836,0,64,0.6244927913202528
burgers,fno,coefficient,404,probe_best,response_matched,validation_best,ood,64,0.014471133626812405,0,64,
burgers,fno,coefficient,404,random,smooth,validation_best,test,64,0.00048204820692110753,0,64,0.0
burgers,fno,coefficient,404,random,smooth,validation_best,ood,64,0.01322113766529065,0,64,
burgers,fno,coefficient,404,ridge_selector,smooth,validation_best,test,64,0.00048204820692110753,0,64,0.0
burgers,fno,coefficient,404,ridge_selector,smooth,validation_best,ood,64,0.01322113766529065,0,64,
burgers,fno,coefficient,404,full_validation,smooth,validation_best,test,64,0.00048204820692110753,0,64,0.0
burgers,fno,coefficient,404,full_validation,smooth,validation_best,ood,64,0.01322113766529065,0,64,
burgers,fno,coefficient,505,always_smooth,smooth,validation_best,test,64,0.0005186687247953192,0,64,0.0
burgers,fno,coefficient,505,always_smooth,smooth,validation_best,ood,64,0.004779512283881487,0,64,
burgers,fno,coefficient,505,best_fixed,smooth,validation_best,test,64,0.0005186687247953192,0,64,0.0
burgers,fno,coefficient,505,best_fixed,smooth,validation_best,ood,64,0.004779512283881487,0,64,
burgers,fno,coefficient,505,hand_rule,none,validation_best,test,64,0.0006309125189629689,0,64,0.19590183002544448
burgers,fno,coefficient,505,hand_rule,none,validation_best,ood,64,0.010765342727630377,0,64,
burgers,fno,coefficient,505,none,none,validation_best,test,64,0.0006309125189629689,0,64,0.19590183002544448
burgers,fno,coefficient,505,none,none,validation_best,ood,64,0.010765342727630377,0,64,
burgers,fno,coefficient,505,probe_best,response_matched,validation_best,test,64,0.0006035902315941061,0,64,0.15163015901070473
burgers,fno,coefficient,505,probe_best,response_matched,validation_best,ood,64,0.030498729831324678,0,64,
burgers,fno,coefficient,505,random,smooth,validation_best,test,64,0.0005186687247953192,0,64,0.0
burgers,fno,coefficient,505,random,smooth,validation_best,ood,64,0.004779512283881487,0,64,
burgers,fno,coefficient,505,ridge_selector,smooth,validation_best,test,64,0.0005186687247953192,0,64,0.0
burgers,fno,coefficient,505,ridge_selector,smooth,validation_best,ood,64,0.004779512283881487,0,64,
burgers,fno,coefficient,505,full_validation,none,validation_best,test,64,0.0006309125189629689,0,64,0.19590183002544448
burgers,fno,coefficient,505,full_validation,none,validation_best,ood,64,0.010765342727630377,0,64,
burgers,fno,coefficient,606,always_smooth,smooth,validation_best,test,64,0.0005991909375833056,0,64,0.15508038490804898
burgers,fno,coefficient,606,always_smooth,smooth,validation_best,ood,64,0.0028729559795001858,0,64,
burgers,fno,coefficient,606,best_fixed,smooth,validation_best,test,64,0.0005991909375833056,0,64,0.15508038490804898
burgers,fno,coefficient,606,best_fixed,smooth,validation_best,ood,64,0.0028729559795001858,0,64,
burgers,fno,coefficient,606,hand_rule,none,validation_best,test,64,0.0007258771587632436,0,64,0.34688087471547197
burgers,fno,coefficient,606,hand_rule,none,validation_best,ood,64,0.03921306821517259,0,64,
burgers,fno,coefficient,606,none,none,validation_best,test,64,0.0007258771587632436,0,64,0.34688087471547197
burgers,fno,coefficient,606,none,none,validation_best,ood,64,0.03921306821517259,0,64,
burgers,fno,coefficient,606,probe_best,response_matched,validation_best,test,64,0.0006199970539477392,0,64,0.18921480334342342
burgers,fno,coefficient,606,probe_best,response_matched,validation_best,ood,64,0.0029136429343332715,0,64,
burgers,fno,coefficient,606,random,none,validation_best,test,64,0.0007258771587632436,0,64,0.34688087471547197
burgers,fno,coefficient,606,random,none,validation_best,ood,64,0.03921306821517259,0,64,
burgers,fno,coefficient,606,ridge_selector,smooth,validation_best,test,64,0.0005991909375833056,0,64,0.15508038490804898
burgers,fno,coefficient,606,ridge_selector,smooth,validation_best,ood,64,0.0028729559795001858,0,64,
burgers,fno,coefficient,606,full_validation,response_matched,validation_best,test,64,0.0006199970539477392,0,64,0.18921480334342342
burgers,fno,coefficient,606,full_validation,response_matched,validation_best,ood,64,0.0029136429343332715,0,64,
burgers,fno,correct,101,always_smooth,smooth,validation_best,test,64,0.00021373899544883598,0,64,0.0
burgers,fno,correct,101,always_smooth,smooth,validation_best,ood,64,0.0019080757309765661,0,64,
burgers,fno,correct,101,best_fixed,smooth,validation_best,test,64,0.00021373899544883598,0,64,0.0
burgers,fno,correct,101,best_fixed,smooth,validation_best,ood,64,0.0019080757309765661,0,64,
burgers,fno,correct,101,hand_rule,none,validation_best,test,64,0.00045677866352555364,0,64,0.7594433254678932
burgers,fno,correct,101,hand_rule,none,validation_best,ood,64,0.005007007506337147,0,64,
burgers,fno,correct,101,none,none,validation_best,test,64,0.00045677866352555364,0,64,0.7594433254678932
burgers,fno,correct,101,none,none,validation_best,ood,64,0.005007007506337147,0,64,
burgers,fno,correct,101,probe_best,response_matched,validation_best,test,64,0.00030553290356368293,0,64,0.35730185357210303
burgers,fno,correct,101,probe_best,response_matched,validation_best,ood,64,0.014668772461564172,0,64,
burgers,fno,correct,101,random,smooth,validation_best,test,64,0.00021373899544883598,0,64,0.0
burgers,fno,correct,101,random,smooth,validation_best,ood,64,0.0019080757309765661,0,64,
burgers,fno,correct,101,ridge_selector,smooth,validation_best,test,64,0.00021373899544883598,0,64,0.0
burgers,fno,correct,101,ridge_selector,smooth,validation_best,ood,64,0.0019080757309765661,0,64,
burgers,fno,correct,101,full_validation,smooth,validation_best,test,64,0.00021373899544883598,0,64,0.0
burgers,fno,correct,101,full_validation,smooth,validation_best,ood,64,0.0019080757309765661,0,64,
burgers,fno,correct,202,always_smooth,smooth,validation_best,test,64,0.0002688536527681185,0,64,0.0
burgers,fno,correct,202,always_smooth,smooth,validation_best,ood,64,0.011081643028663546,0,64,
burgers,fno,correct,202,best_fixed,smooth,validation_best,test,64,0.0002688536527681185,0,64,0.0
burgers,fno,correct,202,best_fixed,smooth,validation_best,ood,64,0.011081643028663546,0,64,
burgers,fno,correct,202,hand_rule,none,validation_best,test,64,0.00032756890716126134,0,64,0.19753124668553396
burgers,fno,correct,202,hand_rule,none,validation_best,ood,64,0.017863267403322836,0,64,
burgers,fno,correct,202,none,none,validation_best,test,64,0.00032756890716126134,0,64,0.19753124668553396
burgers,fno,correct,202,none,none,validation_best,ood,64,0.017863267403322836,0,64,
burgers,fno,correct,202,probe_best,response_matched,validation_best,test,64,0.0006100369261512265,0,64,0.8193523002040485
burgers,fno,correct,202,probe_best,response_matched,validation_best,ood,64,0.1098701639814017,0,64,
burgers,fno,correct,202,random,smooth,validation_best,test,64,0.0002688536527681185,0,64,0.0
burgers,fno,correct,202,random,smooth,validation_best,ood,64,0.011081643028663546,0,64,
burgers,fno,correct,202,ridge_selector,smooth,validation_best,test,64,0.0002688536527681185,0,64,0.0
burgers,fno,correct,202,ridge_selector,smooth,validation_best,ood,64,0.011081643028663546,0,64,
burgers,fno,correct,202,full_validation,smooth,validation_best,test,64,0.0002688536527681185,0,64,0.0
burgers,fno,correct,202,full_validation,smooth,validation_best,ood,64,0.011081643028663546,0,64,
burgers,fno,correct,303,always_smooth,smooth,validation_best,test,64,0.00013157131190635885,0,64,0.0
burgers,fno,correct,303,always_smooth,smooth,validation_best,ood,64,0.0033192558331736066,0,64,
burgers,fno,correct,303,best_fixed,smooth,validation_best,test,64,0.00013157131190635885,0,64,0.0
burgers,fno,correct,303,best_fixed,smooth,validation_best,ood,64,0.0033192558331736066,0,64,
burgers,fno,correct,303,hand_rule,none,validation_best,test,64,0.0006241618315491731,0,64,1.556860679676182
burgers,fno,correct,303,hand_rule,none,validation_best,ood,64,0.014670570938330352,0,64,
burgers,fno,correct,303,none,none,validation_best,test,64,0.0006241618315491731,0,64,1.556860679676182
burgers,fno,correct,303,none,none,validation_best,ood,64,0.014670570938330352,0,64,
burgers,fno,correct,303,probe_best,response_matched,validation_best,test,64,0.0006779090150303355,0,64,1.6394640823143145
burgers,fno,correct,303,probe_best,response_matched,validation_best,ood,64,0.017828939857830073,0,64,
burgers,fno,correct,303,random,response_matched,validation_best,test,64,0.0006779090150303355,0,64,1.6394640823143145
burgers,fno,correct,303,random,response_matched,validation_best,ood,64,0.017828939857830073,0,64,
burgers,fno,correct,303,ridge_selector,smooth,validation_best,test,64,0.00013157131190635885,0,64,0.0
burgers,fno,correct,303,ridge_selector,smooth,validation_best,ood,64,0.0033192558331736066,0,64,
burgers,fno,correct,303,full_validation,smooth,validation_best,test,64,0.00013157131190635885,0,64,0.0
burgers,fno,correct,303,full_validation,smooth,validation_best,ood,64,0.0033192558331736066,0,64,
burgers,fno,correct,404,always_smooth,smooth,validation_best,test,64,0.0001773562046017375,0,64,0.0
burgers,fno,correct,404,always_smooth,smooth,validation_best,ood,64,0.009812710634815203,0,64,
burgers,fno,correct,404,best_fixed,smooth,validation_best,test,64,0.0001773562046017375,0,64,0.0
burgers,fno,correct,404,best_fixed,smooth,validation_best,ood,64,0.009812710634815203,0,64,
burgers,fno,correct,404,hand_rule,none,validation_best,test,64,0.0006761289796173228,0,64,1.3382236904143512
burgers,fno,correct,404,hand_rule,none,validation_best,ood,64,0.017378786776427235,0,64,
burgers,fno,correct,404,none,none,validation_best,test,64,0.0006761289796173228,0,64,1.3382236904143512
burgers,fno,correct,404,none,none,validation_best,ood,64,0.017378786776427235,0,64,
burgers,fno,correct,404,probe_best,response_matched,validation_best,test,64,0.00025832569832996005,0,64,0.37606101971968936
burgers,fno,correct,404,probe_best,response_matched,validation_best,ood,64,0.017845667207282756,0,64,
burgers,fno,correct,404,random,iid,validation_best,test,64,0.00031781984579781764,0,64,0.5833245339194635
burgers,fno,correct,404,random,iid,validation_best,ood,64,0.012045255475897257,0,64,
burgers,fno,correct,404,ridge_selector,smooth,validation_best,test,64,0.0001773562046017375,0,64,0.0
burgers,fno,correct,404,ridge_selector,smooth,validation_best,ood,64,0.009812710634815203,0,64,
burgers,fno,correct,404,full_validation,smooth,validation_best,test,64,0.0001773562046017375,0,64,0.0
burgers,fno,correct,404,full_validation,smooth,validation_best,ood,64,0.009812710634815203,0,64,
burgers,fno,correct,505,always_smooth,smooth,validation_best,test,64,0.00017326378552625504,0,64,0.0
burgers,fno,correct,505,always_smooth,smooth,validation_best,ood,64,0.004245772756224925,0,64,
burgers,fno,correct,505,best_fixed,smooth,validation_best,test,64,0.00017326378552625504,0,64,0.0
burgers,fno,correct,505,best_fixed,smooth,validation_best,ood,64,0.004245772756224925,0,64,
burgers,fno,correct,505,hand_rule,none,validation_best,test,64,0.0006496399691766075,0,64,1.3216031108136952
burgers,fno,correct,505,hand_rule,none,validation_best,ood,64,0.007662676742718588,0,64,
burgers,fno,correct,505,none,none,validation_best,test,64,0.0006496399691766075,0,64,1.3216031108136952
burgers,fno,correct,505,none,none,validation_best,ood,64,0.007662676742718588,0,64,
burgers,fno,correct,505,probe_best,response_matched,validation_best,test,64,0.0004144431134015039,0,64,0.8721205186197746
burgers,fno,correct,505,probe_best,response_matched,validation_best,ood,64,0.05469045567445274,0,64,
burgers,fno,correct,505,random,response_matched,validation_best,test,64,0.0004144431134015039,0,64,0.8721205186197746
burgers,fno,correct,505,random,response_matched,validation_best,ood,64,0.05469045567445274,0,64,
burgers,fno,correct,505,ridge_selector,smooth,validation_best,test,64,0.00017326378552625504,0,64,0.0
burgers,fno,correct,505,ridge_selector,smooth,validation_best,ood,64,0.004245772756224925,0,64,
burgers,fno,correct,505,full_validation,smooth,validation_best,test,64,0.00017326378552625504,0,64,0.0
burgers,fno,correct,505,full_validation,smooth,validation_best,ood,64,0.004245772756224925,0,64,
burgers,fno,correct,606,always_smooth,smooth,validation_best,test,64,0.0002599412173583523,0,64,0.0
burgers,fno,correct,606,always_smooth,smooth,validation_best,ood,64,0.003534955170932663,0,64,
burgers,fno,correct,606,best_fixed,smooth,validation_best,test,64,0.0002599412173583523,0,64,0.0
burgers,fno,correct,606,best_fixed,smooth,validation_best,ood,64,0.003534955170932663,0,64,
burgers,fno,correct,606,hand_rule,none,validation_best,test,64,0.0008770741979976775,0,64,1.2161360747503067
burgers,fno,correct,606,hand_rule,none,validation_best,ood,64,0.03802438998500371,0,64,
burgers,fno,correct,606,none,none,validation_best,test,64,0.0008770741979976775,0,64,1.2161360747503067
burgers,fno,correct,606,none,none,validation_best,ood,64,0.03802438998500371,0,64,
burgers,fno,correct,606,probe_best,response_matched,validation_best,test,64,0.0003574263564540582,0,64,0.31847382660950235
burgers,fno,correct,606,probe_best,response_matched,validation_best,ood,64,0.0039486999257590805,0,64,
burgers,fno,correct,606,random,none,validation_best,test,64,0.0008770741979976775,0,64,1.2161360747503067
burgers,fno,correct,606,random,none,validation_best,ood,64,0.03802438998500371,0,64,
burgers,fno,correct,606,ridge_selector,smooth,validation_best,test,64,0.0002599412173583523,0,64,0.0
burgers,fno,correct,606,ridge_selector,smooth,validation_best,ood,64,0.003534955170932663,0,64,
burgers,fno,correct,606,full_validation,smooth,validation_best,test,64,0.0002599412173583523,0,64,0.0
burgers,fno,correct,606,full_validation,smooth,validation_best,ood,64,0.003534955170932663,0,64,
burgers,looped,coefficient,101,always_smooth,smooth,validation_best,test,64,0.011957857672606598,0,64,0.34043922508585883
burgers,looped,coefficient,101,always_smooth,smooth,validation_best,ood,64,0.29404635506703514,0,64,
burgers,looped,coefficient,101,best_fixed,smooth,validation_best,test,64,0.011957857672606598,0,64,0.34043922508585883
burgers,looped,coefficient,101,best_fixed,smooth,validation_best,ood,64,0.29404635506703514,0,64,
burgers,looped,coefficient,101,hand_rule,none,validation_best,test,64,0.009993702749412359,0,64,0.16100578654724892
burgers,looped,coefficient,101,hand_rule,none,validation_best,ood,64,0.43587155874965333,0,64,
burgers,looped,coefficient,101,none,none,validation_best,test,64,0.009993702749412359,0,64,0.16100578654724892
burgers,looped,coefficient,101,none,none,validation_best,ood,64,0.43587155874965333,0,64,
burgers,looped,coefficient,101,probe_best,response_matched,validation_best,test,64,0.008507510682321362,0,64,0.0
burgers,looped,coefficient,101,probe_best,response_matched,validation_best,ood,64,0.25971559060231364,0,64,
burgers,looped,coefficient,101,random,response_matched,validation_best,test,64,0.008507510682321362,0,64,0.0
burgers,looped,coefficient,101,random,response_matched,validation_best,ood,64,0.25971559060231364,0,64,
burgers,looped,coefficient,101,ridge_selector,smooth,validation_best,test,64,0.011957857672606598,0,64,0.34043922508585883
burgers,looped,coefficient,101,ridge_selector,smooth,validation_best,ood,64,0.29404635506703514,0,64,
burgers,looped,coefficient,101,full_validation,response_matched,validation_best,test,64,0.008507510682321362,0,64,0.0
burgers,looped,coefficient,101,full_validation,response_matched,validation_best,ood,64,0.25971559060231364,0,64,
burgers,looped,coefficient,202,always_smooth,smooth,validation_best,test,64,0.008660750852313492,0,64,0.14647739674071691
burgers,looped,coefficient,202,always_smooth,smooth,validation_best,ood,64,0.27401442886455385,0,64,
burgers,looped,coefficient,202,best_fixed,smooth,validation_best,test,64,0.008660750852313492,0,64,0.14647739674071691
burgers,looped,coefficient,202,best_fixed,smooth,validation_best,ood,64,0.27401442886455385,0,64,
burgers,looped,coefficient,202,hand_rule,none,validation_best,test,64,0.009018831049568132,0,64,0.18699070470926088
burgers,looped,coefficient,202,hand_rule,none,validation_best,ood,64,0.3970592007626692,0,64,
burgers,looped,coefficient,202,none,none,validation_best,test,64,0.009018831049568132,0,64,0.18699070470926088
burgers,looped,coefficient,202,none,none,validation_best,ood,64,0.3970592007626692,0,64,
burgers,looped,coefficient,202,probe_best,response_matched,validation_best,test,64,0.007480682458377519,0,64,0.0
burgers,looped,coefficient,202,probe_best,response_matched,validation_best,ood,64,0.34575106806401124,0,64,
burgers,looped,coefficient,202,random,iid,validation_best,test,64,0.00818202599084572,0,64,0.08961577051499975
burgers,looped,coefficient,202,random,iid,validation_best,ood,64,0.30216676351711413,0,64,
burgers,looped,coefficient,202,ridge_selector,smooth,validation_best,test,64,0.008660750852313492,0,64,0.14647739674071691
burgers,looped,coefficient,202,ridge_selector,smooth,validation_best,ood,64,0.27401442886455385,0,64,
burgers,looped,coefficient,202,full_validation,response_matched,validation_best,test,64,0.007480682458377519,0,64,0.0
burgers,looped,coefficient,202,full_validation,response_matched,validation_best,ood,64,0.34575106806401124,0,64,
burgers,looped,coefficient,303,always_smooth,smooth,validation_best,test,64,0.012824551186166877,0,64,0.03032236847722327
burgers,looped,coefficient,303,always_smooth,smooth,validation_best,ood,64,3.9255103949004493,0,64,
burgers,looped,coefficient,303,best_fixed,smooth,validation_best,test,64,0.012824551186166877,0,64,0.03032236847722327
burgers,looped,coefficient,303,best_fixed,smooth,validation_best,ood,64,3.9255103949004493,0,64,
burgers,looped,coefficient,303,hand_rule,none,validation_best,test,64,0.017836618787031577,0,64,0.36021455257726365
burgers,looped,coefficient,303,hand_rule,none,validation_best,ood,64,2.298105642002568,0,64,
burgers,looped,coefficient,303,none,none,validation_best,test,64,0.017836618787031577,0,64,0.36021455257726365
burgers,looped,coefficient,303,none,none,validation_best,ood,64,2.298105642002568,0,64,
burgers,looped,coefficient,303,probe_best,response_matched,validation_best,test,64,0.01372251183634976,0,64,0.09799865725545845
burgers,looped,coefficient,303,probe_best,response_matched,validation_best,ood,64,2.6605590580058838,0,64,
burgers,looped,coefficient,303,random,smooth,validation_best,test,64,0.012824551186166877,0,64,0.03032236847722327
burgers,looped,coefficient,303,random,smooth,validation_best,ood,64,3.9255103949004493,0,64,
burgers,looped,coefficient,303,ridge_selector,smooth,validation_best,test,64,0.012824551186166877,0,64,0.03032236847722327
burgers,looped,coefficient,303,ridge_selector,smooth,validation_best,ood,64,3.9255103949004493,0,64,
burgers,looped,coefficient,303,full_validation,response_matched,validation_best,test,64,0.01372251183634976,0,64,0.09799865725545845
burgers,looped,coefficient,303,full_validation,response_matched,validation_best,ood,64,2.6605590580058838,0,64,
burgers,looped,coefficient,404,always_smooth,smooth,validation_best,test,64,0.008688718721532096,0,64,0.054802259480890125
burgers,looped,coefficient,404,always_smooth,smooth,validation_best,ood,64,0.7513295185078022,0,64,
burgers,looped,coefficient,404,best_fixed,smooth,validation_best,test,64,0.008688718721532096,0,64,0.054802259480890125
burgers,looped,coefficient,404,best_fixed,smooth,validation_best,ood,64,0.7513295185078022,0,64,
burgers,looped,coefficient,404,hand_rule,none,validation_best,test,64,0.009010141121007176,0,64,0.0911275081425078
burgers,looped,coefficient,404,hand_rule,none,validation_best,ood,64,0.4595437314274875,0,64,
burgers,looped,coefficient,404,none,none,validation_best,test,64,0.009010141121007176,0,64,0.0911275081425078
burgers,looped,coefficient,404,none,none,validation_best,ood,64,0.4595437314274875,0,64,
burgers,looped,coefficient,404,probe_best,response_matched,validation_best,test,64,0.008225369552719908,0,64,0.0
burgers,looped,coefficient,404,probe_best,response_matched,validation_best,ood,64,0.5236814325500596,0,64,
burgers,looped,coefficient,404,random,iid,validation_best,test,64,0.008465521834702616,0,64,0.028778433776145213
burgers,looped,coefficient,404,random,iid,validation_best,ood,64,0.56596009964926,0,64,
burgers,looped,coefficient,404,ridge_selector,smooth,validation_best,test,64,0.008688718721532096,0,64,0.054802259480890125
burgers,looped,coefficient,404,ridge_selector,smooth,validation_best,ood,64,0.7513295185078022,0,64,
burgers,looped,coefficient,404,full_validation,response_matched,validation_best,test,64,0.008225369552719908,0,64,0.0
burgers,looped,coefficient,404,full_validation,response_matched,validation_best,ood,64,0.5236814325500596,0,64,
burgers,looped,coefficient,505,always_smooth,smooth,validation_best,test,64,0.010301172915894052,0,64,0.04824067572848241
burgers,looped,coefficient,505,always_smooth,smooth,validation_best,ood,64,0.37412313098592875,0,64,
burgers,looped,coefficient,505,best_fixed,smooth,validation_best,test,64,0.010301172915894052,0,64,0.04824067572848241
burgers,looped,coefficient,505,best_fixed,smooth,validation_best,ood,64,0.37412313098592875,0,64,
burgers,looped,coefficient,505,hand_rule,none,validation_best,test,64,0.012052841185957841,0,64,0.20528332685790765
burgers,looped,coefficient,505,hand_rule,none,validation_best,ood,64,0.3433698705237873,0,64,
burgers,looped,coefficient,505,none,none,validation_best,test,64,0.012052841185957841,0,64,0.20528332685790765
burgers,looped,coefficient,505,none,none,validation_best,ood,64,0.3433698705237873,0,64,
burgers,looped,coefficient,505,probe_best,response_matched,validation_best,test,64,0.009816033187409368,0,64,0.0
burgers,looped,coefficient,505,probe_best,response_matched,validation_best,ood,64,0.43899837480112325,0,64,
burgers,looped,coefficient,505,random,response_matched,validation_best,test,64,0.009816033187409368,0,64,0.0
burgers,looped,coefficient,505,random,response_matched,validation_best,ood,64,0.43899837480112325,0,64,
burgers,looped,coefficient,505,ridge_selector,smooth,validation_best,test,64,0.010301172915894052,0,64,0.04824067572848241
burgers,looped,coefficient,505,ridge_selector,smooth,validation_best,ood,64,0.37412313098592875,0,64,
burgers,looped,coefficient,505,full_validation,response_matched,validation_best,test,64,0.009816033187409368,0,64,0.0
burgers,looped,coefficient,505,full_validation,response_matched,validation_best,ood,64,0.43899837480112325,0,64,
burgers,looped,coefficient,606,always_smooth,smooth,validation_best,test,64,0.008811923254786524,0,64,0.07046454200167034
burgers,looped,coefficient,606,always_smooth,smooth,validation_best,ood,64,0.9822741932386805,0,64,
burgers,looped,coefficient,606,best_fixed,smooth,validation_best,test,64,0.008811923254786524,0,64,0.07046454200167034
burgers,looped,coefficient,606,best_fixed,smooth,validation_best,ood,64,0.9822741932386805,0,64,
burgers,looped,coefficient,606,hand_rule,none,validation_best,test,64,0.008300616003414085,0,64,0.010688551597741229
burgers,looped,coefficient,606,hand_rule,none,validation_best,ood,64,0.9148797272320621,0,64,
burgers,looped,coefficient,606,none,none,validation_best,test,64,0.008300616003414085,0,64,0.010688551597741229
burgers,looped,coefficient,606,none,none,validation_best,ood,64,0.9148797272320621,0,64,
burgers,looped,coefficient,606,probe_best,response_matched,validation_best,test,64,0.00821236690863758,0,64,0.0
burgers,looped,coefficient,606,probe_best,response_matched,validation_best,ood,64,0.9069337246914557,0,64,
burgers,looped,coefficient,606,random,none,validation_best,test,64,0.008300616003414085,0,64,0.010688551597741229
burgers,looped,coefficient,606,random,none,validation_best,ood,64,0.9148797272320621,0,64,
burgers,looped,coefficient,606,ridge_selector,smooth,validation_best,test,64,0.008811923254786524,0,64,0.07046454200167034
burgers,looped,coefficient,606,ridge_selector,smooth,validation_best,ood,64,0.9822741932386805,0,64,
burgers,looped,coefficient,606,full_validation,response_matched,validation_best,test,64,0.00821236690863758,0,64,0.0
burgers,looped,coefficient,606,full_validation,response_matched,validation_best,ood,64,0.9069337246914557,0,64,
burgers,looped,correct,101,always_smooth,smooth,validation_best,test,64,0.01077703910608152,0,64,0.23425360462321723
burgers,looped,correct,101,always_smooth,smooth,validation_best,ood,64,0.32043982287707706,0,64,
burgers,looped,correct,101,best_fixed,smooth,validation_best,test,64,0.01077703910608152,0,64,0.23425360462321723
burgers,looped,correct,101,best_fixed,smooth,validation_best,ood,64,0.32043982287707706,0,64,
burgers,looped,correct,101,hand_rule,none,validation_best,test,64,0.009993793891067693,0,64,0.15880003179609456
burgers,looped,correct,101,hand_rule,none,validation_best,ood,64,0.4358717542289128,0,64,
burgers,looped,correct,101,none,none,validation_best,test,64,0.009993793891067693,0,64,0.15880003179609456
burgers,looped,correct,101,none,none,validation_best,ood,64,0.4358717542289128,0,64,
burgers,looped,correct,101,probe_best,response_matched,validation_best,test,64,0.0102660879333063,0,64,0.18568177194399257
burgers,looped,correct,101,probe_best,response_matched,validation_best,ood,64,0.26353183421363013,0,64,
burgers,looped,correct,101,random,smooth,validation_best,test,64,0.01077703910608152,0,64,0.23425360462321723
burgers,looped,correct,101,random,smooth,validation_best,ood,64,0.32043982287707706,0,64,
burgers,looped,correct,101,ridge_selector,smooth,validation_best,test,64,0.01077703910608152,0,64,0.23425360462321723
burgers,looped,correct,101,ridge_selector,smooth,validation_best,ood,64,0.32043982287707706,0,64,
burgers,looped,correct,101,full_validation,iid,validation_best,test,64,0.008526374634728162,0,64,0.0
burgers,looped,correct,101,full_validation,iid,validation_best,ood,64,0.2498430966941534,0,64,
burgers,looped,correct,202,always_smooth,smooth,validation_best,test,64,0.007870988736967899,0,64,0.09869814081330508
burgers,looped,correct,202,always_smooth,smooth,validation_best,ood,64,0.4151928463110437,0,64,
burgers,looped,correct,202,best_fixed,smooth,validation_best,test,64,0.007870988736967899,0,64,0.09869814081330508
burgers,looped,correct,202,best_fixed,smooth,validation_best,ood,64,0.4151928463110437,0,64,
burgers,looped,correct,202,hand_rule,none,validation_best,test,64,0.009018848963942117,0,64,0.23483116921984615
burgers,looped,correct,202,hand_rule,none,validation_best,ood,64,0.39705757995199775,0,64,
burgers,looped,correct,202,none,none,validation_best,test,64,0.009018848963942117,0,64,0.23483116921984615
burgers,looped,correct,202,none,none,validation_best,ood,64,0.39705757995199775,0,64,
burgers,looped,correct,202,probe_best,iid,validation_best,test,64,0.008090849425717028,0,64,0.12624817516414227
burgers,looped,correct,202,probe_best,iid,validation_best,ood,64,0.3309777367953224,0,64,
burgers,looped,correct,202,random,smooth,validation_best,test,64,0.007870988736967899,0,64,0.09869814081330508
burgers,looped,correct,202,random,smooth,validation_best,ood,64,0.4151928463110437,0,64,
burgers,looped,correct,202,ridge_selector,smooth,validation_best,test,64,0.007870988736967899,0,64,0.09869814081330508
burgers,looped,correct,202,ridge_selector,smooth,validation_best,ood,64,0.4151928463110437,0,64,
burgers,looped,correct,202,full_validation,response_matched,validation_best,test,64,0.007131242959780959,0,64,0.0
burgers,looped,correct,202,full_validation,response_matched,validation_best,ood,64,0.4893751431804034,0,64,
burgers,looped,correct,303,always_smooth,smooth,validation_best,test,64,0.012460017108089416,0,64,0.04614687909111745
burgers,looped,correct,303,always_smooth,smooth,validation_best,ood,64,3.701366387313719,0,64,
burgers,looped,correct,303,best_fixed,smooth,validation_best,test,64,0.012460017108089416,0,64,0.04614687909111745
burgers,looped,correct,303,best_fixed,smooth,validation_best,ood,64,3.701366387313719,0,64,
burgers,looped,correct,303,hand_rule,none,validation_best,test,64,0.017836646202926687,0,64,0.40487710906129787
burgers,looped,correct,303,hand_rule,none,validation_best,ood,64,2.298107023823281,0,64,
burgers,looped,correct,303,none,none,validation_best,test,64,0.017836646202926687,0,64,0.40487710906129787
burgers,looped,correct,303,none,none,validation_best,ood,64,2.298107023823281,0,64,
burgers,looped,correct,303,probe_best,response_matched,validation_best,test,64,0.012177234012182181,0,64,0.023190136588313676
burgers,looped,correct,303,probe_best,response_matched,validation_best,ood,64,1.2741127826866432,0,64,
burgers,looped,correct,303,random,smooth,validation_best,test,64,0.012460017108089416,0,64,0.04614687909111745
burgers,looped,correct,303,random,smooth,validation_best,ood,64,3.701366387313719,0,64,
burgers,looped,correct,303,ridge_selector,smooth,validation_best,test,64,0.012460017108089416,0,64,0.04614687909111745
burgers,looped,correct,303,ridge_selector,smooth,validation_best,ood,64,3.701366387313719,0,64,
burgers,looped,correct,303,full_validation,response_matched,validation_best,test,64,0.012177234012182181,0,64,0.023190136588313676
burgers,looped,correct,303,full_validation,response_matched,validation_best,ood,64,1.2741127826866432,0,64,
burgers,looped,correct,404,always_smooth,smooth,validation_best,test,64,0.00934712574596852,0,64,0.15250695829880942
burgers,looped,correct,404,always_smooth,smooth,validation_best,ood,64,0.4797399376102831,0,64,
burgers,looped,correct,404,best_fixed,smooth,validation_best,test,64,0.00934712574596852,0,64,0.15250695829880942
burgers,looped,correct,404,best_fixed,smooth,validation_best,ood,64,0.4797399376102831,0,64,
burgers,looped,correct,404,hand_rule,none,validation_best,test,64,0.009010158344919916,0,64,0.11579071492442619
burgers,looped,correct,404,hand_rule,none,validation_best,ood,64,0.4595451389780294,0,64,
burgers,looped,correct,404,none,none,validation_best,test,64,0.009010158344919916,0,64,0.11579071492442619
burgers,looped,correct,404,none,none,validation_best,ood,64,0.4595451389780294,0,64,
burgers,looped,correct,404,probe_best,response_matched,validation_best,test,64,0.010020748108733102,0,64,0.22209582352555746
burgers,looped,correct,404,probe_best,response_matched,validation_best,ood,64,0.502269743719026,0,64,
burgers,looped,correct,404,random,iid,validation_best,test,64,0.008025002101573087,0,64,0.0
burgers,looped,correct,404,random,iid,validation_best,ood,64,0.3453426540046287,0,64,
burgers,looped,correct,404,ridge_selector,smooth,validation_best,test,64,0.00934712574596852,0,64,0.15250695829880942
burgers,looped,correct,404,ridge_selector,smooth,validation_best,ood,64,0.4797399376102831,0,64,
burgers,looped,correct,404,full_validation,response_matched,validation_best,test,64,0.010020748108733102,0,64,0.22209582352555746
burgers,looped,correct,404,full_validation,response_matched,validation_best,ood,64,0.502269743719026,0,64,
burgers,looped,correct,505,always_smooth,smooth,validation_best,test,64,0.009621635069282375,0,64,0.0
burgers,looped,correct,505,always_smooth,smooth,validation_best,ood,64,0.3254979688870776,0,64,
burgers,looped,correct,505,best_fixed,smooth,validation_best,test,64,0.009621635069282375,0,64,0.0
burgers,looped,correct,505,best_fixed,smooth,validation_best,ood,64,0.3254979688870776,0,64,
burgers,looped,correct,505,hand_rule,none,validation_best,test,64,0.012052833116457662,0,64,0.22528552984383166
burgers,looped,correct,505,hand_rule,none,validation_best,ood,64,0.34336950825119317,0,64,
burgers,looped,correct,505,none,none,validation_best,test,64,0.012052833116457662,0,64,0.22528552984383166
burgers,looped,correct,505,none,none,validation_best,ood,64,0.34336950825119317,0,64,
burgers,looped,correct,505,probe_best,response_matched,validation_best,test,64,0.010421518002908359,0,64,0.07985849151877733
burgers,looped,correct,505,probe_best,response_matched,validation_best,ood,64,0.3976090528666063,0,64,
burgers,looped,correct,505,random,iid,validation_best,test,64,0.011883780321400916,0,64,0.21116025633194085
burgers,looped,correct,505,random,iid,validation_best,ood,64,0.33010782942091765,0,64,
burgers,looped,correct,505,ridge_selector,smooth,validation_best,test,64,0.009621635069282375,0,64,0.0
burgers,looped,correct,505,ridge_selector,smooth,validation_best,ood,64,0.3254979688870776,0,64,
burgers,looped,correct,505,full_validation,response_matched,validation_best,test,64,0.010421518002908359,0,64,0.07985849151877733
burgers,looped,correct,505,full_validation,response_matched,validation_best,ood,64,0.3976090528666063,0,64,
burgers,looped,correct,606,always_smooth,smooth,validation_best,test,64,0.008158370383485103,0,64,0.0
burgers,looped,correct,606,always_smooth,smooth,validation_best,ood,64,1.0433797942192626,0,64,
burgers,looped,correct,606,best_fixed,smooth,validation_best,test,64,0.008158370383485103,0,64,0.0
burgers,looped,correct,606,best_fixed,smooth,validation_best,ood,64,1.0433797942192626,0,64,
burgers,looped,correct,606,hand_rule,none,validation_best,test,64,0.008300629500988088,0,64,0.017286914293619594
burgers,looped,correct,606,hand_rule,none,validation_best,ood,64,0.9148826774493131,0,64,
burgers,looped,correct,606,none,none,validation_best,test,64,0.008300629500988088,0,64,0.017286914293619594
burgers,looped,correct,606,none,none,validation_best,ood,64,0.9148826774493131,0,64,
burgers,looped,correct,606,probe_best,response_matched,validation_best,test,64,0.01230264701852879,0,64,0.41077000285804754
burgers,looped,correct,606,probe_best,response_matched,validation_best,ood,64,0.8149464449485464,0,64,
burgers,looped,correct,606,random,response_matched,validation_best,test,64,0.01230264701852879,0,64,0.41077000285804754
burgers,looped,correct,606,random,response_matched,validation_best,ood,64,0.8149464449485464,0,64,
burgers,looped,correct,606,ridge_selector,smooth,validation_best,test,64,0.008158370383485103,0,64,0.0
burgers,looped,correct,606,ridge_selector,smooth,validation_best,ood,64,1.0433797942192626,0,64,
burgers,looped,correct,606,full_validation,iid,validation_best,test,64,0.00880807694890473,0,64,0.07662469450838252
burgers,looped,correct,606,full_validation,iid,validation_best,ood,64,0.8841820193905789,0,64,
burgers,transformer,coefficient,101,always_smooth,smooth,validation_best,test,64,0.007724558081894317,0,64,0.17269194313030525
burgers,transformer,coefficient,101,always_smooth,smooth,validation_best,ood,64,0.53186984120277,0,64,
burgers,transformer,coefficient,101,best_fixed,smooth,validation_best,test,64,0.007724558081894317,0,64,0.17269194313030525
burgers,transformer,coefficient,101,best_fixed,smooth,validation_best,ood,64,0.53186984120277,0,64,
burgers,transformer,coefficient,101,hand_rule,none,validation_best,test,64,0.006808348375341167,0,64,0.04643688963807695
burgers,transformer,coefficient,101,hand_rule,none,validation_best,ood,64,0.5901028292904158,0,64,
burgers,transformer,coefficient,101,none,none,validation_best,test,64,0.006808348375341167,0,64,0.04643688963807695
burgers,transformer,coefficient,101,none,none,validation_best,ood,64,0.5901028292904158,0,64,
burgers,transformer,coefficient,101,probe_best,response_matched,validation_best,test,64,0.006499418242809307,0,64,0.0
burgers,transformer,coefficient,101,probe_best,response_matched,validation_best,ood,64,0.34873466984119617,0,64,
burgers,transformer,coefficient,101,random,smooth,validation_best,test,64,0.007724558081894317,0,64,0.17269194313030525
burgers,transformer,coefficient,101,random,smooth,validation_best,ood,64,0.53186984120277,0,64,
burgers,transformer,coefficient,101,ridge_selector,none,validation_best,test,64,0.006808348375341167,0,64,0.04643688963807695
burgers,transformer,coefficient,101,ridge_selector,none,validation_best,ood,64,0.5901028292904158,0,64,
burgers,transformer,coefficient,101,full_validation,response_matched,validation_best,test,64,0.006499418242809307,0,64,0.0
burgers,transformer,coefficient,101,full_validation,response_matched,validation_best,ood,64,0.34873466984119617,0,64,
burgers,transformer,coefficient,202,always_smooth,smooth,validation_best,test,64,0.0074997669584634385,0,64,0.16839270675368767
burgers,transformer,coefficient,202,always_smooth,smooth,validation_best,ood,64,0.6393621116685608,0,64,
burgers,transformer,coefficient,202,best_fixed,smooth,validation_best,test,64,0.0074997669584634385,0,64,0.16839270675368767
burgers,transformer,coefficient,202,best_fixed,smooth,validation_best,ood,64,0.6393621116685608,0,64,
burgers,transformer,coefficient,202,hand_rule,none,validation_best,test,64,0.006337467502547045,0,64,0.0
burgers,transformer,coefficient,202,hand_rule,none,validation_best,ood,64,0.5869054632194732,0,64,
burgers,transformer,coefficient,202,none,none,validation_best,test,64,0.006337467502547045,0,64,0.0
burgers,transformer,coefficient,202,none,none,validation_best,ood,64,0.5869054632194732,0,64,
burgers,transformer,coefficient,202,probe_best,response_matched,validation_best,test,64,0.007344241974878929,0,64,0.1474373603235379
burgers,transformer,coefficient,202,probe_best,response_matched,validation_best,ood,64,0.5989722099482648,0,64,
burgers,transformer,coefficient,202,random,iid,validation_best,test,64,0.0071608674330678745,0,64,0.1221518824033714
burgers,transformer,coefficient,202,random,iid,validation_best,ood,64,0.5435227173204922,0,64,
burgers,transformer,coefficient,202,ridge_selector,none,validation_best,test,64,0.006337467502547045,0,64,0.0
burgers,transformer,coefficient,202,ridge_selector,none,validation_best,ood,64,0.5869054632194732,0,64,
burgers,transformer,coefficient,202,full_validation,iid,validation_best,test,64,0.0071608674330678745,0,64,0.1221518824033714
burgers,transformer,coefficient,202,full_validation,iid,validation_best,ood,64,0.5435227173204922,0,64,
burgers,transformer,coefficient,303,always_smooth,smooth,validation_best,test,64,0.004116741972286619,0,64,0.0
burgers,transformer,coefficient,303,always_smooth,smooth,validation_best,ood,64,0.5174944586777173,0,64,
burgers,transformer,coefficient,303,best_fixed,smooth,validation_best,test,64,0.004116741972286619,0,64,0.0
burgers,transformer,coefficient,303,best_fixed,smooth,validation_best,ood,64,0.5174944586777173,0,64,
burgers,transformer,coefficient,303,hand_rule,none,validation_best,test,64,0.004168662334208262,0,64,0.0125331340835855
burgers,transformer,coefficient,303,hand_rule,none,validation_best,ood,64,0.5856165958123256,0,64,
burgers,transformer,coefficient,303,none,none,validation_best,test,64,0.004168662334208262,0,64,0.0125331340835855
burgers,transformer,coefficient,303,none,none,validation_best,ood,64,0.5856165958123256,0,64,
burgers,transformer,coefficient,303,probe_best,response_matched,validation_best,test,64,0.005732237906896476,0,64,0.33104394704409135
burgers,transformer,coefficient,303,probe_best,response_matched,validation_best,ood,64,0.5253330920677541,0,64,
burgers,transformer,coefficient,303,random,none,validation_best,test,64,0.004168662334208262,0,64,0.0125331340835855
burgers,transformer,coefficient,303,random,none,validation_best,ood,64,0.5856165958123256,0,64,
burgers,transformer,coefficient,303,ridge_selector,smooth,validation_best,test,64,0.004116741972286619,0,64,0.0
burgers,transformer,coefficient,303,ridge_selector,smooth,validation_best,ood,64,0.5174944586777173,0,64,
burgers,transformer,coefficient,303,full_validation,none,validation_best,test,64,0.004168662334208262,0,64,0.0125331340835855
burgers,transformer,coefficient,303,full_validation,none,validation_best,ood,64,0.5856165958123256,0,64,
burgers,transformer,coefficient,404,always_smooth,smooth,validation_best,test,64,0.00755975258592978,0,64,0.3498857943409135
burgers,transformer,coefficient,404,always_smooth,smooth,validation_best,ood,64,0.4724861275324095,0,64,
burgers,transformer,coefficient,404,best_fixed,smooth,validation_best,test,64,0.00755975258592978,0,64,0.3498857943409135
burgers,transformer,coefficient,404,best_fixed,smooth,validation_best,ood,64,0.4724861275324095,0,64,
burgers,transformer,coefficient,404,hand_rule,none,validation_best,test,64,0.007677050175383726,0,64,0.3652827130444078
burgers,transformer,coefficient,404,hand_rule,none,validation_best,ood,64,0.4547199017134709,0,64,
burgers,transformer,coefficient,404,none,none,validation_best,test,64,0.007677050175383726,0,64,0.3652827130444078
burgers,transformer,coefficient,404,none,none,validation_best,ood,64,0.4547199017134709,0,64,
burgers,transformer,coefficient,404,probe_best,response_matched,validation_best,test,64,0.005327876047375946,0,64,0.0
burgers,transformer,coefficient,404,probe_best,response_matched,validation_best,ood,64,0.3945438589403736,0,64,
burgers,transformer,coefficient,404,random,smooth,validation_best,test,64,0.00755975258592978,0,64,0.3498857943409135
burgers,transformer,coefficient,404,random,smooth,validation_best,ood,64,0.4724861275324095,0,64,
burgers,transformer,coefficient,404,ridge_selector,smooth,validation_best,test,64,0.00755975258592978,0,64,0.3498857943409135
burgers,transformer,coefficient,404,ridge_selector,smooth,validation_best,ood,64,0.4724861275324095,0,64,
burgers,transformer,coefficient,404,full_validation,response_matched,validation_best,test,64,0.005327876047375946,0,64,0.0
burgers,transformer,coefficient,404,full_validation,response_matched,validation_best,ood,64,0.3945438589403736,0,64,
burgers,transformer,coefficient,505,always_smooth,smooth,validation_best,test,64,0.007401157398108316,0,64,0.39481960341948363
burgers,transformer,coefficient,505,always_smooth,smooth,validation_best,ood,64,0.6286834688581848,0,64,
burgers,transformer,coefficient,505,best_fixed,smooth,validation_best,test,64,0.007401157398108316,0,64,0.39481960341948363
burgers,transformer,coefficient,505,best_fixed,smooth,validation_best,ood,64,0.6286834688581848,0,64,
burgers,transformer,coefficient,505,hand_rule,none,validation_best,test,64,0.009536455932018018,0,64,0.6483051311325831
burgers,transformer,coefficient,505,hand_rule,none,validation_best,ood,64,0.37227946292172476,0,64,
burgers,transformer,coefficient,505,none,none,validation_best,test,64,0.009536455932018018,0,64,0.6483051311325831
burgers,transformer,coefficient,505,none,none,validation_best,ood,64,0.37227946292172476,0,64,
burgers,transformer,coefficient,505,probe_best,response_matched,validation_best,test,64,0.004986911547095296,0,64,0.0
burgers,transformer,coefficient,505,probe_best,response_matched,validation_best,ood,64,0.453394566379437,0,64,
burgers,transformer,coefficient,505,random,response_matched,validation_best,test,64,0.004986911547095296,0,64,0.0
burgers,transformer,coefficient,505,random,response_matched,validation_best,ood,64,0.453394566379437,0,64,
burgers,transformer,coefficient,505,ridge_selector,smooth,validation_best,test,64,0.007401157398108316,0,64,0.39481960341948363
burgers,transformer,coefficient,505,ridge_selector,smooth,validation_best,ood,64,0.6286834688581848,0,64,
burgers,transformer,coefficient,505,full_validation,response_matched,validation_best,test,64,0.004986911547095296,0,64,0.0
burgers,transformer,coefficient,505,full_validation,response_matched,validation_best,ood,64,0.453394566379437,0,64,
burgers,transformer,coefficient,606,always_smooth,smooth,validation_best,test,64,0.00567550653897575,0,64,0.30482479657713424
burgers,transformer,coefficient,606,always_smooth,smooth,validation_best,ood,64,1.250451373269172,0,64,
burgers,transformer,coefficient,606,best_fixed,smooth,validation_best,test,64,0.00567550653897575,0,64,0.30482479657713424
burgers,transformer,coefficient,606,best_fixed,smooth,validation_best,ood,64,1.250451373269172,0,64,
burgers,transformer,coefficient,606,hand_rule,none,validation_best,test,64,0.005299649041875298,0,64,0.23630557907507982
burgers,transformer,coefficient,606,hand_rule,none,validation_best,ood,64,0.6651349304305114,0,64,
burgers,transformer,coefficient,606,none,none,validation_best,test,64,0.005299649041875298,0,64,0.23630557907507982
burgers,transformer,coefficient,606,none,none,validation_best,ood,64,0.6651349304305114,0,64,
burgers,transformer,coefficient,606,probe_best,response_matched,validation_best,test,64,0.005375545682140825,0,64,0.25052507034308724
burgers,transformer,coefficient,606,probe_best,response_matched,validation_best,ood,64,1.0106194440178058,0,64,
burgers,transformer,coefficient,606,random,smooth,validation_best,test,64,0.00567550653897575,0,64,0.30482479657713424
burgers,transformer,coefficient,606,random,smooth,validation_best,ood,64,1.250451373269172,0,64,
burgers,transformer,coefficient,606,ridge_selector,none,validation_best,test,64,0.005299649041875298,0,64,0.23630557907507982
burgers,transformer,coefficient,606,ridge_selector,none,validation_best,ood,64,0.6651349304305114,0,64,
burgers,transformer,coefficient,606,full_validation,iid,validation_best,test,64,0.004184281567627068,0,64,0.0
burgers,transformer,coefficient,606,full_validation,iid,validation_best,ood,64,1.3186225010838086,0,64,
burgers,transformer,correct,101,always_smooth,smooth,validation_best,test,64,0.0084798781717621,0,64,0.5467404296168853
burgers,transformer,correct,101,always_smooth,smooth,validation_best,ood,64,0.6573058270530794,0,64,
burgers,transformer,correct,101,best_fixed,smooth,validation_best,test,64,0.0084798781717621,0,64,0.5467404296168853
burgers,transformer,correct,101,best_fixed,smooth,validation_best,ood,64,0.6573058270530794,0,64,
burgers,transformer,correct,101,hand_rule,none,validation_best,test,64,0.00680835699457083,0,64,0.32719517386046926
burgers,transformer,correct,101,hand_rule,none,validation_best,ood,64,0.5901037542808361,0,64,
burgers,transformer,correct,101,none,none,validation_best,test,64,0.00680835699457083,0,64,0.32719517386046926
burgers,transformer,correct,101,none,none,validation_best,ood,64,0.5901037542808361,0,64,
burgers,transformer,correct,101,probe_best,response_matched,validation_best,test,64,0.007075829887043472,0,64,0.36572908162619816
burgers,transformer,correct,101,probe_best,response_matched,validation_best,ood,64,0.6694134409213248,0,64,
burgers,transformer,correct,101,random,response_matched,validation_best,test,64,0.007075829887043472,0,64,0.36572908162619816
burgers,transformer,correct,101,random,response_matched,validation_best,ood,64,0.6694134409213248,0,64,
burgers,transformer,correct,101,ridge_selector,smooth,validation_best,test,64,0.0084798781717621,0,64,0.5467404296168853
burgers,transformer,correct,101,ridge_selector,smooth,validation_best,ood,64,0.6573058270530794,0,64,
burgers,transformer,correct,101,full_validation,response_matched,validation_best,test,64,0.007075829887043472,0,64,0.36572908162619816
burgers,transformer,correct,101,full_validation,response_matched,validation_best,ood,64,0.6694134409213248,0,64,
burgers,transformer,correct,202,always_smooth,smooth,validation_best,test,64,0.005711148451950643,0,64,0.04285114512292491
burgers,transformer,correct,202,always_smooth,smooth,validation_best,ood,64,0.4455589477520263,0,64,
burgers,transformer,correct,202,best_fixed,smooth,validation_best,test,64,0.005711148451950643,0,64,0.04285114512292491
burgers,transformer,correct,202,best_fixed,smooth,validation_best,ood,64,0.4455589477520263,0,64,
burgers,transformer,correct,202,hand_rule,none,validation_best,test,64,0.006337466514894308,0,64,0.14691009699756102
burgers,transformer,correct,202,hand_rule,none,validation_best,ood,64,0.5869072274640104,0,64,
burgers,transformer,correct,202,none,none,validation_best,test,64,0.006337466514894308,0,64,0.14691009699756102
burgers,transformer,correct,202,none,none,validation_best,ood,64,0.5869072274640104,0,64,
burgers,transformer,correct,202,probe_best,response_matched,validation_best,test,64,0.009827688522451528,0,64,0.5856347730244834
burgers,transformer,correct,202,probe_best,response_matched,validation_best,ood,64,0.4493681932177225,0,64,
burgers,transformer,correct,202,random,smooth,validation_best,test,64,0.005711148451950643,0,64,0.04285114512292491
burgers,transformer,correct,202,random,smooth,validation_best,ood,64,0.4455589477520263,0,64,
burgers,transformer,correct,202,ridge_selector,smooth,validation_best,test,64,0.005711148451950643,0,64,0.04285114512292491
burgers,transformer,correct,202,ridge_selector,smooth,validation_best,ood,64,0.4455589477520263,0,64,
burgers,transformer,correct,202,full_validation,iid,validation_best,test,64,0.00547158856451424,0,64,0.0
burgers,transformer,correct,202,full_validation,iid,validation_best,ood,64,0.4458484372804321,0,64,
burgers,transformer,correct,303,always_smooth,smooth,validation_best,test,64,0.0033532474089755793,0,64,0.0
burgers,transformer,correct,303,always_smooth,smooth,validation_best,ood,64,0.6820178237905878,0,64,
burgers,transformer,correct,303,best_fixed,smooth,validation_best,test,64,0.0033532474089755793,0,64,0.0
burgers,transformer,correct,303,best_fixed,smooth,validation_best,ood,64,0.6820178237905878,0,64,
burgers,transformer,correct,303,hand_rule,none,validation_best,test,64,0.004169971343600698,0,64,0.2179799116395736
burgers,transformer,correct,303,hand_rule,none,validation_best,ood,64,0.5855995247568728,0,64,
burgers,transformer,correct,303,none,none,validation_best,test,64,0.004169971343600698,0,64,0.2179799116395736
burgers,transformer,correct,303,none,none,validation_best,ood,64,0.5855995247568728,0,64,
burgers,transformer,correct,303,probe_best,response_matched,validation_best,test,64,0.007469383921556494,0,64,0.80088326994694
burgers,transformer,correct,303,probe_best,response_matched,validation_best,ood,64,0.4193687251339213,0,64,
burgers,transformer,correct,303,random,response_matched,validation_best,test,64,0.007469383921556494,0,64,0.80088326994694
burgers,transformer,correct,303,random,response_matched,validation_best,ood,64,0.4193687251339213,0,64,
burgers,transformer,correct,303,ridge_selector,smooth,validation_best,test,64,0.0033532474089755793,0,64,0.0
burgers,transformer,correct,303,ridge_selector,smooth,validation_best,ood,64,0.6820178237905878,0,64,
burgers,transformer,correct,303,full_validation,iid,validation_best,test,64,0.004246225670833326,0,64,0.23610125880161167
burgers,transformer,correct,303,full_validation,iid,validation_best,ood,64,0.5562026018567678,0,64,
burgers,transformer,correct,404,always_smooth,smooth,validation_best,test,64,0.006794557296956438,0,64,0.05572295873258491
burgers,transformer,correct,404,always_smooth,smooth,validation_best,ood,64,0.42194383485695397,0,64,
burgers,transformer,correct,404,best_fixed,smooth,validation_best,test,64,0.006794557296956438,0,64,0.05572295873258491
burgers,transformer,correct,404,best_fixed,smooth,validation_best,ood,64,0.42194383485695397,0,64,
burgers,transformer,correct,404,hand_rule,none,validation_best,test,64,0.007677029044997952,0,64,0.17783369376328287
burgers,transformer,correct,404,hand_rule,none,validation_best,ood,64,0.45472029915055145,0,64,
burgers,transformer,correct,404,none,none,validation_best,test,64,0.007677029044997952,0,64,0.17783369376328287
burgers,transformer,correct,404,none,none,validation_best,ood,64,0.45472029915055145,0,64,
burgers,transformer,correct,404,probe_best,response_matched,validation_best,test,64,0.007735418351292989,0,64,0.18541063260208104
burgers,transformer,correct,404,probe_best,response_matched,validation_best,ood,64,0.5856602255798578,0,64,
burgers,transformer,correct,404,random,none,validation_best,test,64,0.007677029044997952,0,64,0.17783369376328287
burgers,transformer,correct,404,random,none,validation_best,ood,64,0.45472029915055145,0,64,
burgers,transformer,correct,404,ridge_selector,smooth,validation_best,test,64,0.006794557296956438,0,64,0.05572295873258491
burgers,transformer,correct,404,ridge_selector,smooth,validation_best,ood,64,0.42194383485695397,0,64,
burgers,transformer,correct,404,full_validation,iid,validation_best,test,64,0.006426299939009339,0,64,0.0
burgers,transformer,correct,404,full_validation,iid,validation_best,ood,64,0.46258731532854114,0,64,
burgers,transformer,correct,505,always_smooth,smooth,validation_best,test,64,0.005319159708769172,0,64,0.16205218736601612
burgers,transformer,correct,505,always_smooth,smooth,validation_best,ood,64,0.5906350481356952,0,64,
burgers,transformer,correct,505,best_fixed,smooth,validation_best,test,64,0.005319159708769172,0,64,0.16205218736601612
burgers,transformer,correct,505,best_fixed,smooth,validation_best,ood,64,0.5906350481356952,0,64,
burgers,transformer,correct,505,hand_rule,none,validation_best,test,64,0.009536330606121024,0,64,0.7458456249552673
burgers,transformer,correct,505,hand_rule,none,validation_best,ood,64,0.37227743718827355,0,64,
burgers,transformer,correct,505,none,none,validation_best,test,64,0.009536330606121024,0,64,0.7458456249552673
burgers,transformer,correct,505,none,none,validation_best,ood,64,0.37227743718827355,0,64,
burgers,transformer,correct,505,probe_best,response_matched,validation_best,test,64,0.0045233965195576875,0,64,0.0
burgers,transformer,correct,505,probe_best,response_matched,validation_best,ood,64,0.4704724280580592,0,64,
burgers,transformer,correct,505,random,none,validation_best,test,64,0.009536330606121024,0,64,0.7458456249552673
burgers,transformer,correct,505,random,none,validation_best,ood,64,0.37227743718827355,0,64,
burgers,transformer,correct,505,ridge_selector,smooth,validation_best,test,64,0.005319159708769172,0,64,0.16205218736601612
burgers,transformer,correct,505,ridge_selector,smooth,validation_best,ood,64,0.5906350481356952,0,64,
burgers,transformer,correct,505,full_validation,iid,validation_best,test,64,0.0046530340106316626,0,64,0.028256328201694676
burgers,transformer,correct,505,full_validation,iid,validation_best,ood,64,0.4719340086324735,0,64,
burgers,transformer,correct,606,always_smooth,smooth,validation_best,test,64,0.005123886742692152,0,64,0.15077004888230056
burgers,transformer,correct,606,always_smooth,smooth,validation_best,ood,64,1.1655820658784108,0,64,
burgers,transformer,correct,606,best_fixed,smooth,validation_best,test,64,0.005123886742692152,0,64,0.15077004888230056
burgers,transformer,correct,606,best_fixed,smooth,validation_best,ood,64,1.1655820658784108,0,64,
burgers,transformer,correct,606,hand_rule,none,validation_best,test,64,0.005299625740935787,0,64,0.1844929715387735
burgers,transformer,correct,606,hand_rule,none,validation_best,ood,64,0.6651370805258594,0,64,
burgers,transformer,correct,606,none,none,validation_best,test,64,0.005299625740935787,0,64,0.1844929715387735
burgers,transformer,correct,606,none,none,validation_best,ood,64,0.6651370805258594,0,64,
burgers,transformer,correct,606,probe_best,response_matched,validation_best,test,64,0.007373530753745472,0,64,0.5147534309396254
burgers,transformer,correct,606,probe_best,response_matched,validation_best,ood,64,0.9104689933909498,0,64,
burgers,transformer,correct,606,random,smooth,validation_best,test,64,0.005123886742692152,0,64,0.15077004888230056
burgers,transformer,correct,606,random,smooth,validation_best,ood,64,1.1655820658784108,0,64,
burgers,transformer,correct,606,ridge_selector,smooth,validation_best,test,64,0.005123886742692152,0,64,0.15077004888230056
burgers,transformer,correct,606,ridge_selector,smooth,validation_best,ood,64,1.1655820658784108,0,64,
burgers,transformer,correct,606,full_validation,response_matched,validation_best,test,64,0.007373530753745472,0,64,0.5147534309396254
burgers,transformer,correct,606,full_validation,response_matched,validation_best,ood,64,0.9104689933909498,0,64,
gray_scott,fno,coefficient,101,always_smooth,smooth,validation_best,test,64,0.005044200344524921,0,64,2.5241745694799453
gray_scott,fno,coefficient,101,always_smooth,smooth,validation_best,ood,64,0.24130328606463003,0,64,
gray_scott,fno,coefficient,101,best_fixed,smooth,validation_best,test,64,0.005044200344524921,0,64,2.5241745694799453
gray_scott,fno,coefficient,101,best_fixed,smooth,validation_best,ood,64,0.24130328606463003,0,64,
gray_scott,fno,coefficient,101,hand_rule,none,validation_best,test,64,0.00040416364029608604,0,64,0.0
gray_scott,fno,coefficient,101,hand_rule,none,validation_best,ood,64,0.16256954356582032,0,64,
gray_scott,fno,coefficient,101,none,none,validation_best,test,64,0.00040416364029608604,0,64,0.0
gray_scott,fno,coefficient,101,none,none,validation_best,ood,64,0.16256954356582032,0,64,
gray_scott,fno,coefficient,101,probe_best,none,validation_best,test,64,0.00040416364029608604,0,64,0.0
gray_scott,fno,coefficient,101,probe_best,none,validation_best,ood,64,0.16256954356582032,0,64,
gray_scott,fno,coefficient,101,random,iid,validation_best,test,64,0.003814724808911818,0,64,2.2448039609582127
gray_scott,fno,coefficient,101,random,iid,validation_best,ood,64,0.32907463644593715,0,64,
gray_scott,fno,coefficient,101,ridge_selector,none,validation_best,test,64,0.00040416364029608604,0,64,0.0
gray_scott,fno,coefficient,101,ridge_selector,none,validation_best,ood,64,0.16256954356582032,0,64,
gray_scott,fno,coefficient,101,full_validation,none,validation_best,test,64,0.00040416364029608604,0,64,0.0
gray_scott,fno,coefficient,101,full_validation,none,validation_best,ood,64,0.16256954356582032,0,64,
gray_scott,fno,coefficient,202,always_smooth,smooth,validation_best,test,64,0.005801454458255126,0,64,2.330364708358524
gray_scott,fno,coefficient,202,always_smooth,smooth,validation_best,ood,64,0.15723977128846522,0,64,
gray_scott,fno,coefficient,202,best_fixed,smooth,validation_best,test,64,0.005801454458255126,0,64,2.330364708358524
gray_scott,fno,coefficient,202,best_fixed,smooth,validation_best,ood,64,0.15723977128846522,0,64,
gray_scott,fno,coefficient,202,hand_rule,none,validation_best,test,64,0.0005642510211265259,0,64,0.0
gray_scott,fno,coefficient,202,hand_rule,none,validation_best,ood,64,0.1251982054938352,0,64,
gray_scott,fno,coefficient,202,none,none,validation_best,test,64,0.0005642510211265259,0,64,0.0
gray_scott,fno,coefficient,202,none,none,validation_best,ood,64,0.1251982054938352,0,64,
gray_scott,fno,coefficient,202,probe_best,smooth,validation_best,test,64,0.005801454458255126,0,64,2.330364708358524
gray_scott,fno,coefficient,202,probe_best,smooth,validation_best,ood,64,0.15723977128846522,0,64,
gray_scott,fno,coefficient,202,random,none,validation_best,test,64,0.0005642510211265259,0,64,0.0
gray_scott,fno,coefficient,202,random,none,validation_best,ood,64,0.1251982054938352,0,64,
gray_scott,fno,coefficient,202,ridge_selector,smooth,validation_best,test,64,0.005801454458255126,0,64,2.330364708358524
gray_scott,fno,coefficient,202,ridge_selector,smooth,validation_best,ood,64,0.15723977128846522,0,64,
gray_scott,fno,coefficient,202,full_validation,none,validation_best,test,64,0.0005642510211265259,0,64,0.0
gray_scott,fno,coefficient,202,full_validation,none,validation_best,ood,64,0.1251982054938352,0,64,
gray_scott,fno,coefficient,303,always_smooth,smooth,validation_best,test,64,0.01270951165682041,0,64,3.193267706847179
gray_scott,fno,coefficient,303,always_smooth,smooth,validation_best,ood,64,0.0866644480149028,0,64,
gray_scott,fno,coefficient,303,best_fixed,smooth,validation_best,test,64,0.01270951165682041,0,64,3.193267706847179
gray_scott,fno,coefficient,303,best_fixed,smooth,validation_best,ood,64,0.0866644480149028,0,64,
gray_scott,fno,coefficient,303,hand_rule,none,validation_best,test,64,0.0005215672570758195,0,64,0.0
gray_scott,fno,coefficient,303,hand_rule,none,validation_best,ood,64,0.08340722046646176,0,64,
gray_scott,fno,coefficient,303,none,none,validation_best,test,64,0.0005215672570758195,0,64,0.0
gray_scott,fno,coefficient,303,none,none,validation_best,ood,64,0.08340722046646176,0,64,
gray_scott,fno,coefficient,303,probe_best,none,validation_best,test,64,0.0005215672570758195,0,64,0.0
gray_scott,fno,coefficient,303,probe_best,none,validation_best,ood,64,0.08340722046646176,0,64,
gray_scott,fno,coefficient,303,random,iid,validation_best,test,64,0.0026747020783266795,0,64,1.634755045907029
gray_scott,fno,coefficient,303,random,iid,validation_best,ood,64,0.10728157015582007,0,64,
gray_scott,fno,coefficient,303,ridge_selector,none,validation_best,test,64,0.0005215672570758195,0,64,0.0
gray_scott,fno,coefficient,303,ridge_selector,none,validation_best,ood,64,0.08340722046646176,0,64,
gray_scott,fno,coefficient,303,full_validation,none,validation_best,test,64,0.0005215672570758195,0,64,0.0
gray_scott,fno,coefficient,303,full_validation,none,validation_best,ood,64,0.08340722046646176,0,64,
gray_scott,fno,coefficient,404,always_smooth,smooth,validation_best,test,64,0.0035813705420048303,0,64,2.3535977085013853
gray_scott,fno,coefficient,404,always_smooth,smooth,validation_best,ood,64,0.06384000908115661,0,64,
gray_scott,fno,coefficient,404,best_fixed,smooth,validation_best,test,64,0.0035813705420048303,0,64,2.3535977085013853
gray_scott,fno,coefficient,404,best_fixed,smooth,validation_best,ood,64,0.06384000908115661,0,64,
gray_scott,fno,coefficient,404,hand_rule,none,validation_best,test,64,0.0003403257103245516,0,64,0.0
gray_scott,fno,coefficient,404,hand_rule,none,validation_best,ood,64,0.092748003981173,0,64,
gray_scott,fno,coefficient,404,none,none,validation_best,test,64,0.0003403257103245516,0,64,0.0
gray_scott,fno,coefficient,404,none,none,validation_best,ood,64,0.092748003981173,0,64,
gray_scott,fno,coefficient,404,probe_best,none,validation_best,test,64,0.0003403257103245516,0,64,0.0
gray_scott,fno,coefficient,404,probe_best,none,validation_best,ood,64,0.092748003981173,0,64,
gray_scott,fno,coefficient,404,random,iid,validation_best,test,64,0.002486615827763855,0,64,1.9887748291280773
gray_scott,fno,coefficient,404,random,iid,validation_best,ood,64,0.056847555804795835,0,64,
gray_scott,fno,coefficient,404,ridge_selector,none,validation_best,test,64,0.0003403257103245516,0,64,0.0
gray_scott,fno,coefficient,404,ridge_selector,none,validation_best,ood,64,0.092748003981173,0,64,
gray_scott,fno,coefficient,404,full_validation,none,validation_best,test,64,0.0003403257103245516,0,64,0.0
gray_scott,fno,coefficient,404,full_validation,none,validation_best,ood,64,0.092748003981173,0,64,
gray_scott,fno,coefficient,505,always_smooth,smooth,validation_best,test,64,0.0033142040920717264,0,64,2.0638913032862107
gray_scott,fno,coefficient,505,always_smooth,smooth,validation_best,ood,64,0.11681844882106551,0,64,
gray_scott,fno,coefficient,505,best_fixed,smooth,validation_best,test,64,0.0033142040920717264,0,64,2.0638913032862107
gray_scott,fno,coefficient,505,best_fixed,smooth,validation_best,ood,64,0.11681844882106551,0,64,
gray_scott,fno,coefficient,505,hand_rule,none,validation_best,test,64,0.0004207679430746729,0,64,0.0
gray_scott,fno,coefficient,505,hand_rule,none,validation_best,ood,64,0.07194631299102272,0,64,
gray_scott,fno,coefficient,505,none,none,validation_best,test,64,0.0004207679430746729,0,64,0.0
gray_scott,fno,coefficient,505,none,none,validation_best,ood,64,0.07194631299102272,0,64,
gray_scott,fno,coefficient,505,probe_best,none,validation_best,test,64,0.0004207679430746729,0,64,0.0
gray_scott,fno,coefficient,505,probe_best,none,validation_best,ood,64,0.07194631299102272,0,64,
gray_scott,fno,coefficient,505,random,none,validation_best,test,64,0.0004207679430746729,0,64,0.0
gray_scott,fno,coefficient,505,random,none,validation_best,ood,64,0.07194631299102272,0,64,
gray_scott,fno,coefficient,505,ridge_selector,smooth,validation_best,test,64,0.0033142040920717264,0,64,2.0638913032862107
gray_scott,fno,coefficient,505,ridge_selector,smooth,validation_best,ood,64,0.11681844882106551,0,64,
gray_scott,fno,coefficient,505,full_validation,none,validation_best,test,64,0.0004207679430746729,0,64,0.0
gray_scott,fno,coefficient,505,full_validation,none,validation_best,ood,64,0.07194631299102272,0,64,
gray_scott,fno,coefficient,606,always_smooth,smooth,validation_best,test,64,0.002213420285680112,0,64,1.6865790136241514
gray_scott,fno,coefficient,606,always_smooth,smooth,validation_best,ood,64,0.0924399799235327,0,64,
gray_scott,fno,coefficient,606,best_fixed,smooth,validation_best,test,64,0.002213420285680112,0,64,1.6865790136241514
gray_scott,fno,coefficient,606,best_fixed,smooth,validation_best,ood,64,0.0924399799235327,0,64,
gray_scott,fno,coefficient,606,hand_rule,none,validation_best,test,64,0.00040981884684794523,0,64,0.0
gray_scott,fno,coefficient,606,hand_rule,none,validation_best,ood,64,0.16223950587781566,0,64,
gray_scott,fno,coefficient,606,none,none,validation_best,test,64,0.00040981884684794523,0,64,0.0
gray_scott,fno,coefficient,606,none,none,validation_best,ood,64,0.16223950587781566,0,64,
gray_scott,fno,coefficient,606,probe_best,none,validation_best,test,64,0.00040981884684794523,0,64,0.0
gray_scott,fno,coefficient,606,probe_best,none,validation_best,ood,64,0.16223950587781566,0,64,
gray_scott,fno,coefficient,606,random,smooth,validation_best,test,64,0.002213420285680112,0,64,1.6865790136241514
gray_scott,fno,coefficient,606,random,smooth,validation_best,ood,64,0.0924399799235327,0,64,
gray_scott,fno,coefficient,606,ridge_selector,none,validation_best,test,64,0.00040981884684794523,0,64,0.0
gray_scott,fno,coefficient,606,ridge_selector,none,validation_best,ood,64,0.16223950587781566,0,64,
gray_scott,fno,coefficient,606,full_validation,none,validation_best,test,64,0.00040981884684794523,0,64,0.0
gray_scott,fno,coefficient,606,full_validation,none,validation_best,ood,64,0.16223950587781566,0,64,
gray_scott,fno,correct,101,always_smooth,smooth,validation_best,test,64,0.000388665871693554,0,64,0.0
gray_scott,fno,correct,101,always_smooth,smooth,validation_best,ood,64,0.13524681465512556,0,64,
gray_scott,fno,correct,101,best_fixed,smooth,validation_best,test,64,0.000388665871693554,0,64,0.0
gray_scott,fno,correct,101,best_fixed,smooth,validation_best,ood,64,0.13524681465512556,0,64,
gray_scott,fno,correct,101,hand_rule,none,validation_best,test,64,0.00040418416200148355,0,64,0.03915058777803809
gray_scott,fno,correct,101,hand_rule,none,validation_best,ood,64,0.16256954356582032,0,64,
gray_scott,fno,correct,101,none,none,validation_best,test,64,0.00040418416200148355,0,64,0.03915058777803809
gray_scott,fno,correct,101,none,none,validation_best,ood,64,0.16256954356582032,0,64,
gray_scott,fno,correct,101,probe_best,smooth,validation_best,test,64,0.000388665871693554,0,64,0.0
gray_scott,fno,correct,101,probe_best,smooth,validation_best,ood,64,0.13524681465512556,0,64,
gray_scott,fno,correct,101,random,iid,validation_best,test,64,0.00048792875811268926,0,64,0.22744937486654865
gray_scott,fno,correct,101,random,iid,validation_best,ood,64,0.22447502453123036,0,64,
gray_scott,fno,correct,101,ridge_selector,smooth,validation_best,test,64,0.000388665871693554,0,64,0.0
gray_scott,fno,correct,101,ridge_selector,smooth,validation_best,ood,64,0.13524681465512556,0,64,
gray_scott,fno,correct,101,full_validation,smooth,validation_best,test,64,0.000388665871693554,0,64,0.0
gray_scott,fno,correct,101,full_validation,smooth,validation_best,ood,64,0.13524681465512556,0,64,
gray_scott,fno,correct,202,always_smooth,smooth,validation_best,test,64,0.0006621835070622396,0,64,0.16004368144800854
gray_scott,fno,correct,202,always_smooth,smooth,validation_best,ood,64,0.09642295700361192,0,64,
gray_scott,fno,correct,202,best_fixed,smooth,validation_best,test,64,0.0006621835070622396,0,64,0.16004368144800854
gray_scott,fno,correct,202,best_fixed,smooth,validation_best,ood,64,0.09642295700361192,0,64,
gray_scott,fno,correct,202,hand_rule,none,validation_best,test,64,0.0005642509148634789,0,64,0.0
gray_scott,fno,correct,202,hand_rule,none,validation_best,ood,64,0.1251982054938352,0,64,
gray_scott,fno,correct,202,none,none,validation_best,test,64,0.0005642509148634789,0,64,0.0
gray_scott,fno,correct,202,none,none,validation_best,ood,64,0.1251982054938352,0,64,
gray_scott,fno,correct,202,probe_best,smooth,validation_best,test,64,0.0006621835070622396,0,64,0.16004368144800854
gray_scott,fno,correct,202,probe_best,smooth,validation_best,ood,64,0.09642295700361192,0,64,
gray_scott,fno,correct,202,random,smooth,validation_best,test,64,0.0006621835070622396,0,64,0.16004368144800854
gray_scott,fno,correct,202,random,smooth,validation_best,ood,64,0.09642295700361192,0,64,
gray_scott,fno,correct,202,ridge_selector,smooth,validation_best,test,64,0.0006621835070622396,0,64,0.16004368144800854
gray_scott,fno,correct,202,ridge_selector,smooth,validation_best,ood,64,0.09642295700361192,0,64,
gray_scott,fno,correct,202,full_validation,smooth,validation_best,test,64,0.0006621835070622396,0,64,0.16004368144800854
gray_scott,fno,correct,202,full_validation,smooth,validation_best,ood,64,0.09642295700361192,0,64,
gray_scott,fno,correct,303,always_smooth,smooth,validation_best,test,64,0.0003313412558322501,0,64,0.0
gray_scott,fno,correct,303,always_smooth,smooth,validation_best,ood,64,0.06761646815379341,0,64,
gray_scott,fno,correct,303,best_fixed,smooth,validation_best,test,64,0.0003313412558322501,0,64,0.0
gray_scott,fno,correct,303,best_fixed,smooth,validation_best,ood,64,0.06761646815379341,0,64,
gray_scott,fno,correct,303,hand_rule,none,validation_best,test,64,0.0005215682328657961,0,64,0.45369127684344673
gray_scott,fno,correct,303,hand_rule,none,validation_best,ood,64,0.08340722046646176,0,64,
gray_scott,fno,correct,303,none,none,validation_best,test,64,0.0005215682328657961,0,64,0.45369127684344673
gray_scott,fno,correct,303,none,none,validation_best,ood,64,0.08340722046646176,0,64,
gray_scott,fno,correct,303,probe_best,smooth,validation_best,test,64,0.0003313412558322501,0,64,0.0
gray_scott,fno,correct,303,probe_best,smooth,validation_best,ood,64,0.06761646815379341,0,64,
gray_scott,fno,correct,303,random,iid,validation_best,test,64,0.0006963671637760516,0,64,0.7427282267314752
gray_scott,fno,correct,303,random,iid,validation_best,ood,64,0.1520900195579371,0,64,
gray_scott,fno,correct,303,ridge_selector,smooth,validation_best,test,64,0.0003313412558322501,0,64,0.0
gray_scott,fno,correct,303,ridge_selector,smooth,validation_best,ood,64,0.06761646815379341,0,64,
gray_scott,fno,correct,303,full_validation,smooth,validation_best,test,64,0.0003313412558322501,0,64,0.0
gray_scott,fno,correct,303,full_validation,smooth,validation_best,ood,64,0.06761646815379341,0,64,
gray_scott,fno,correct,404,always_smooth,smooth,validation_best,test,64,0.0003712358862018872,0,64,0.08697333466387804
gray_scott,fno,correct,404,always_smooth,smooth,validation_best,ood,64,0.09016615140974849,0,64,
gray_scott,fno,correct,404,best_fixed,smooth,validation_best,test,64,0.0003712358862018872,0,64,0.08697333466387804
gray_scott,fno,correct,404,best_fixed,smooth,validation_best,ood,64,0.09016615140974849,0,64,
gray_scott,fno,correct,404,hand_rule,none,validation_best,test,64,0.0003403125083846978,0,64,0.0
gray_scott,fno,correct,404,hand_rule,none,validation_best,ood,64,0.092748003981173,0,64,
gray_scott,fno,correct,404,none,none,validation_best,test,64,0.0003403125083846978,0,64,0.0
gray_scott,fno,correct,404,none,none,validation_best,ood,64,0.092748003981173,0,64,
gray_scott,fno,correct,404,probe_best,iid,validation_best,test,64,0.0007815184691667212,0,64,0.8313744447859608
gray_scott,fno,correct,404,probe_best,iid,validation_best,ood,64,0.09419905617629176,0,64,
gray_scott,fno,correct,404,random,response_matched,validation_best,test,64,0.000606470224327374,0,64,0.5777912951456528
gray_scott,fno,correct,404,random,response_matched,validation_best,ood,64,0.07684238201773863,0,64,
gray_scott,fno,correct,404,ridge_selector,smooth,validation_best,test,64,0.0003712358862018872,0,64,0.08697333466387804
gray_scott,fno,correct,404,ridge_selector,smooth,validation_best,ood,64,0.09016615140974849,0,64,
gray_scott,fno,correct,404,full_validation,none,validation_best,test,64,0.0003403125083846978,0,64,0.0
gray_scott,fno,correct,404,full_validation,none,validation_best,ood,64,0.092748003981173,0,64,
gray_scott,fno,correct,505,always_smooth,smooth,validation_best,test,64,0.00042650200816232026,0,64,0.013513343528936957
gray_scott,fno,correct,505,always_smooth,smooth,validation_best,ood,64,0.0921497477824389,0,64,
gray_scott,fno,correct,505,best_fixed,smooth,validation_best,test,64,0.00042650200816232026,0,64,0.013513343528936957
gray_scott,fno,correct,505,best_fixed,smooth,validation_best,ood,64,0.0921497477824389,0,64,
gray_scott,fno,correct,505,hand_rule,none,validation_best,test,64,0.00042077730705216906,0,64,0.0
gray_scott,fno,correct,505,hand_rule,none,validation_best,ood,64,0.07194631299102272,0,64,
gray_scott,fno,correct,505,none,none,validation_best,test,64,0.00042077730705216906,0,64,0.0
gray_scott,fno,correct,505,none,none,validation_best,ood,64,0.07194631299102272,0,64,
gray_scott,fno,correct,505,probe_best,iid,validation_best,test,64,0.0004799800965384557,0,64,0.13164090563567582
gray_scott,fno,correct,505,probe_best,iid,validation_best,ood,64,0.054449091012908624,0,64,
gray_scott,fno,correct,505,random,iid,validation_best,test,64,0.0004799800965384557,0,64,0.13164090563567582
gray_scott,fno,correct,505,random,iid,validation_best,ood,64,0.054449091012908624,0,64,
gray_scott,fno,correct,505,ridge_selector,smooth,validation_best,test,64,0.00042650200816232026,0,64,0.013513343528936957
gray_scott,fno,correct,505,ridge_selector,smooth,validation_best,ood,64,0.0921497477824389,0,64,
gray_scott,fno,correct,505,full_validation,smooth,validation_best,test,64,0.00042650200816232026,0,64,0.013513343528936957
gray_scott,fno,correct,505,full_validation,smooth,validation_best,ood,64,0.0921497477824389,0,64,
gray_scott,fno,correct,606,always_smooth,smooth,validation_best,test,64,0.0003640776400219668,0,64,0.0
gray_scott,fno,correct,606,always_smooth,smooth,validation_best,ood,64,0.11673204829277939,0,64,
gray_scott,fno,correct,606,best_fixed,smooth,validation_best,test,64,0.0003640776400219668,0,64,0.0
gray_scott,fno,correct,606,best_fixed,smooth,validation_best,ood,64,0.11673204829277939,0,64,
gray_scott,fno,correct,606,hand_rule,none,validation_best,test,64,0.0004098209252117978,0,64,0.1183531548552509
gray_scott,fno,correct,606,hand_rule,none,validation_best,ood,64,0.16223950587781566,0,64,
gray_scott,fno,correct,606,none,none,validation_best,test,64,0.0004098209252117978,0,64,0.1183531548552509
gray_scott,fno,correct,606,none,none,validation_best,ood,64,0.16223950587781566,0,64,
gray_scott,fno,correct,606,probe_best,none,validation_best,test,64,0.0004098209252117978,0,64,0.1183531548552509
gray_scott,fno,correct,606,probe_best,none,validation_best,ood,64,0.16223950587781566,0,64,
gray_scott,fno,correct,606,random,iid,validation_best,test,64,0.0010011606405686269,0,64,1.0115481048705939
gray_scott,fno,correct,606,random,iid,validation_best,ood,64,0.09727705367923001,0,64,
gray_scott,fno,correct,606,ridge_selector,smooth,validation_best,test,64,0.0003640776400219668,0,64,0.0
gray_scott,fno,correct,606,ridge_selector,smooth,validation_best,ood,64,0.11673204829277939,0,64,
gray_scott,fno,correct,606,full_validation,smooth,validation_best,test,64,0.0003640776400219668,0,64,0.0
gray_scott,fno,correct,606,full_validation,smooth,validation_best,ood,64,0.11673204829277939,0,64,
gray_scott,looped,coefficient,101,always_smooth,smooth,validation_best,test,64,0.029292613432706727,0,64,0.2933914405195722
gray_scott,looped,coefficient,101,always_smooth,smooth,validation_best,ood,64,0.3566993796497657,0,64,
gray_scott,looped,coefficient,101,best_fixed,smooth,validation_best,test,64,0.029292613432706727,0,64,0.2933914405195722
gray_scott,looped,coefficient,101,best_fixed,smooth,validation_best,ood,64,0.3566993796497657,0,64,
gray_scott,looped,coefficient,101,hand_rule,none,validation_best,test,64,0.021844385728205795,0,64,0.0
gray_scott,looped,coefficient,101,hand_rule,none,validation_best,ood,64,0.3131913064976306,0,64,
gray_scott,looped,coefficient,101,none,none,validation_best,test,64,0.021844385728205795,0,64,0.0
gray_scott,looped,coefficient,101,none,none,validation_best,ood,64,0.3131913064976306,0,64,
gray_scott,looped,coefficient,101,probe_best,none,validation_best,test,64,0.021844385728205795,0,64,0.0
gray_scott,looped,coefficient,101,probe_best,none,validation_best,ood,64,0.3131913064976306,0,64,
gray_scott,looped,coefficient,101,random,iid,validation_best,test,64,0.030929306601628292,0,64,0.34776022568650516
gray_scott,looped,coefficient,101,random,iid,validation_best,ood,64,0.367160870560689,0,64,
gray_scott,looped,coefficient,101,ridge_selector,smooth,validation_best,test,64,0.029292613432706727,0,64,0.2933914405195722
gray_scott,looped,coefficient,101,ridge_selector,smooth,validation_best,ood,64,0.3566993796497657,0,64,
gray_scott,looped,coefficient,101,full_validation,none,validation_best,test,64,0.021844385728205795,0,64,0.0
gray_scott,looped,coefficient,101,full_validation,none,validation_best,ood,64,0.3131913064976306,0,64,
gray_scott,looped,coefficient,202,always_smooth,smooth,validation_best,test,64,0.025445168419176212,0,64,0.33662437899424297
gray_scott,looped,coefficient,202,always_smooth,smooth,validation_best,ood,64,1.0641810889917416,0,64,
gray_scott,looped,coefficient,202,best_fixed,smooth,validation_best,test,64,0.025445168419176212,0,64,0.33662437899424297
gray_scott,looped,coefficient,202,best_fixed,smooth,validation_best,ood,64,1.0641810889917416,0,64,
gray_scott,looped,coefficient,202,hand_rule,none,validation_best,test,64,0.018172355303820664,0,64,0.0
gray_scott,looped,coefficient,202,hand_rule,none,validation_best,ood,64,1.2987887513722356,0,64,
gray_scott,looped,coefficient,202,none,none,validation_best,test,64,0.018172355303820664,0,64,0.0
gray_scott,looped,coefficient,202,none,none,validation_best,ood,64,1.2987887513722356,0,64,
gray_scott,looped,coefficient,202,probe_best,none,validation_best,test,64,0.018172355303820664,0,64,0.0
gray_scott,looped,coefficient,202,probe_best,none,validation_best,ood,64,1.2987887513722356,0,64,
gray_scott,looped,coefficient,202,random,none,validation_best,test,64,0.018172355303820664,0,64,0.0
gray_scott,looped,coefficient,202,random,none,validation_best,ood,64,1.2987887513722356,0,64,
gray_scott,looped,coefficient,202,ridge_selector,response_matched,validation_best,test,64,0.025537072081891043,0,64,0.34022970356849985
gray_scott,looped,coefficient,202,ridge_selector,response_matched,validation_best,ood,64,1.1239958093150868,0,64,
gray_scott,looped,coefficient,202,full_validation,none,validation_best,test,64,0.018172355303820664,0,64,0.0
gray_scott,looped,coefficient,202,full_validation,none,validation_best,ood,64,1.2987887513722356,0,64,
gray_scott,looped,coefficient,303,always_smooth,smooth,validation_best,test,64,0.022507394076692888,0,64,0.29676005851571474
gray_scott,looped,coefficient,303,always_smooth,smooth,validation_best,ood,64,0.24991669029991037,0,64,
gray_scott,looped,coefficient,303,best_fixed,smooth,validation_best,test,64,0.022507394076692888,0,64,0.29676005851571474
gray_scott,looped,coefficient,303,best_fixed,smooth,validation_best,ood,64,0.24991669029991037,0,64,
gray_scott,looped,coefficient,303,hand_rule,none,validation_best,test,64,0.016727997661652116,0,64,0.0
gray_scott,looped,coefficient,303,hand_rule,none,validation_best,ood,64,0.21545073507481183,0,64,
gray_scott,looped,coefficient,303,none,none,validation_best,test,64,0.016727997661652116,0,64,0.0
gray_scott,looped,coefficient,303,none,none,validation_best,ood,64,0.21545073507481183,0,64,
gray_scott,looped,coefficient,303,probe_best,none,validation_best,test,64,0.016727997661652116,0,64,0.0
gray_scott,looped,coefficient,303,probe_best,none,validation_best,ood,64,0.21545073507481183,0,64,
gray_scott,looped,coefficient,303,random,iid,validation_best,test,64,0.022122884034655454,0,64,0.2795287271288886
gray_scott,looped,coefficient,303,random,iid,validation_best,ood,64,0.23467207521810396,0,64,
gray_scott,looped,coefficient,303,ridge_selector,none,validation_best,test,64,0.016727997661652116,0,64,0.0
gray_scott,looped,coefficient,303,ridge_selector,none,validation_best,ood,64,0.21545073507481183,0,64,
gray_scott,looped,coefficient,303,full_validation,none,validation_best,test,64,0.016727997661652116,0,64,0.0
gray_scott,looped,coefficient,303,full_validation,none,validation_best,ood,64,0.21545073507481183,0,64,
gray_scott,looped,coefficient,404,always_smooth,smooth,validation_best,test,64,0.02008274257061482,0,64,0.0020912654809121956
gray_scott,looped,coefficient,404,always_smooth,smooth,validation_best,ood,64,0.375846888590905,0,64,
gray_scott,looped,coefficient,404,best_fixed,smooth,validation_best,test,64,0.02008274257061482,0,64,0.0020912654809121956
gray_scott,looped,coefficient,404,best_fixed,smooth,validation_best,ood,64,0.375846888590905,0,64,
gray_scott,looped,coefficient,404,hand_rule,none,validation_best,test,64,0.022563172893896366,0,64,0.1185494569825247
gray_scott,looped,coefficient,404,hand_rule,none,validation_best,ood,64,0.5709449044807506,0,64,
gray_scott,looped,coefficient,404,none,none,validation_best,test,64,0.022563172893896366,0,64,0.1185494569825247
gray_scott,looped,coefficient,404,none,none,validation_best,ood,64,0.5709449044807506,0,64,
gray_scott,looped,coefficient,404,probe_best,none,validation_best,test,64,0.022563172893896366,0,64,0.1185494569825247
gray_scott,looped,coefficient,404,probe_best,none,validation_best,ood,64,0.5709449044807506,0,64,
gray_scott,looped,coefficient,404,random,response_matched,validation_best,test,64,0.020040788108564245,0,64,0.0
gray_scott,looped,coefficient,404,random,response_matched,validation_best,ood,64,0.42792759115112844,0,64,
gray_scott,looped,coefficient,404,ridge_selector,smooth,validation_best,test,64,0.02008274257061482,0,64,0.0020912654809121956
gray_scott,looped,coefficient,404,ridge_selector,smooth,validation_best,ood,64,0.375846888590905,0,64,
gray_scott,looped,coefficient,404,full_validation,none,validation_best,test,64,0.022563172893896366,0,64,0.1185494569825247
gray_scott,looped,coefficient,404,full_validation,none,validation_best,ood,64,0.5709449044807506,0,64,
gray_scott,looped,coefficient,505,always_smooth,smooth,validation_best,test,64,0.019688563782345292,0,64,0.2406074601391728
gray_scott,looped,coefficient,505,always_smooth,smooth,validation_best,ood,64,0.51098474785924,0,64,
gray_scott,looped,coefficient,505,best_fixed,smooth,validation_best,test,64,0.019688563782345292,0,64,0.2406074601391728
gray_scott,looped,coefficient,505,best_fixed,smooth,validation_best,ood,64,0.51098474785924,0,64,
gray_scott,looped,coefficient,505,hand_rule,none,validation_best,test,64,0.015478167589379699,0,64,0.0
gray_scott,looped,coefficient,505,hand_rule,none,validation_best,ood,64,0.4811448203767199,0,64,
gray_scott,looped,coefficient,505,none,none,validation_best,test,64,0.015478167589379699,0,64,0.0
gray_scott,looped,coefficient,505,none,none,validation_best,ood,64,0.4811448203767199,0,64,
gray_scott,looped,coefficient,505,probe_best,none,validation_best,test,64,0.015478167589379699,0,64,0.0
gray_scott,looped,coefficient,505,probe_best,none,validation_best,ood,64,0.4811448203767199,0,64,
gray_scott,looped,coefficient,505,random,none,validation_best,test,64,0.015478167589379699,0,64,0.0
gray_scott,looped,coefficient,505,random,none,validation_best,ood,64,0.4811448203767199,0,64,
gray_scott,looped,coefficient,505,ridge_selector,smooth,validation_best,test,64,0.019688563782345292,0,64,0.2406074601391728
gray_scott,looped,coefficient,505,ridge_selector,smooth,validation_best,ood,64,0.51098474785924,0,64,
gray_scott,looped,coefficient,505,full_validation,none,validation_best,test,64,0.015478167589379699,0,64,0.0
gray_scott,looped,coefficient,505,full_validation,none,validation_best,ood,64,0.4811448203767199,0,64,
gray_scott,looped,coefficient,606,always_smooth,smooth,validation_best,test,64,0.023555641555309648,0,64,0.45635161307261496
gray_scott,looped,coefficient,606,always_smooth,smooth,validation_best,ood,64,0.42918191248684323,0,64,
gray_scott,looped,coefficient,606,best_fixed,smooth,validation_best,test,64,0.023555641555309648,0,64,0.45635161307261496
gray_scott,looped,coefficient,606,best_fixed,smooth,validation_best,ood,64,0.42918191248684323,0,64,
gray_scott,looped,coefficient,606,hand_rule,none,validation_best,test,64,0.014924642937239607,0,64,0.0
gray_scott,looped,coefficient,606,hand_rule,none,validation_best,ood,64,0.2449034189424779,0,64,
gray_scott,looped,coefficient,606,none,none,validation_best,test,64,0.014924642937239607,0,64,0.0
gray_scott,looped,coefficient,606,none,none,validation_best,ood,64,0.2449034189424779,0,64,
gray_scott,looped,coefficient,606,probe_best,iid,validation_best,test,64,0.02389656755124181,0,64,0.47072109633121745
gray_scott,looped,coefficient,606,probe_best,iid,validation_best,ood,64,0.41193654769713817,0,64,
gray_scott,looped,coefficient,606,random,response_matched,validation_best,test,64,0.02357414998364038,0,64,0.45713703684292417
gray_scott,looped,coefficient,606,random,response_matched,validation_best,ood,64,0.40759387379058154,0,64,
gray_scott,looped,coefficient,606,ridge_selector,smooth,validation_best,test,64,0.023555641555309648,0,64,0.45635161307261496
gray_scott,looped,coefficient,606,ridge_selector,smooth,validation_best,ood,64,0.42918191248684323,0,64,
gray_scott,looped,coefficient,606,full_validation,none,validation_best,test,64,0.014924642937239607,0,64,0.0
gray_scott,looped,coefficient,606,full_validation,none,validation_best,ood,64,0.2449034189424779,0,64,
gray_scott,looped,correct,101,always_smooth,smooth,validation_best,test,64,0.020776454870025773,0,64,0.04172308147676524
gray_scott,looped,correct,101,always_smooth,smooth,validation_best,ood,64,0.35342519482638135,0,64,
gray_scott,looped,correct,101,best_fixed,smooth,validation_best,test,64,0.020776454870025773,0,64,0.04172308147676524
gray_scott,looped,correct,101,best_fixed,smooth,validation_best,ood,64,0.35342519482638135,0,64,
gray_scott,looped,correct,101,hand_rule,none,validation_best,test,64,0.021844387488708983,0,64,0.09184673638311862
gray_scott,looped,correct,101,hand_rule,none,validation_best,ood,64,0.3131919451200913,0,64,
gray_scott,looped,correct,101,none,none,validation_best,test,64,0.021844387488708983,0,64,0.09184673638311862
gray_scott,looped,correct,101,none,none,validation_best,ood,64,0.3131919451200913,0,64,
gray_scott,looped,correct,101,probe_best,none,validation_best,test,64,0.021844387488708983,0,64,0.09184673638311862
gray_scott,looped,correct,101,probe_best,none,validation_best,ood,64,0.3131919451200913,0,64,
gray_scott,looped,correct,101,random,iid,validation_best,test,64,0.019927432233415865,0,64,0.0
gray_scott,looped,correct,101,random,iid,validation_best,ood,64,0.3424918322969548,0,64,
gray_scott,looped,correct,101,ridge_selector,smooth,validation_best,test,64,0.020776454870025773,0,64,0.04172308147676524
gray_scott,looped,correct,101,ridge_selector,smooth,validation_best,ood,64,0.35342519482638135,0,64,
gray_scott,looped,correct,101,full_validation,smooth,validation_best,test,64,0.020776454870025773,0,64,0.04172308147676524
gray_scott,looped,correct,101,full_validation,smooth,validation_best,ood,64,0.35342519482638135,0,64,
gray_scott,looped,correct,202,always_smooth,smooth,validation_best,test,64,0.021305575968645796,0,64,0.2433382430523172
gray_scott,looped,correct,202,always_smooth,smooth,validation_best,ood,64,1.3967337927523928,0,64,
gray_scott,looped,correct,202,best_fixed,smooth,validation_best,test,64,0.021305575968645796,0,64,0.2433382430523172
gray_scott,looped,correct,202,best_fixed,smooth,validation_best,ood,64,1.3967337927523928,0,64,
gray_scott,looped,correct,202,hand_rule,none,validation_best,test,64,0.018172259061312257,0,64,0.08426562589648469
gray_scott,looped,correct,202,hand_rule,none,validation_best,ood,64,1.298785974506579,0,64,
gray_scott,looped,correct,202,none,none,validation_best,test,64,0.018172259061312257,0,64,0.08426562589648469
gray_scott,looped,correct,202,none,none,validation_best,ood,64,1.298785974506579,0,64,
gray_scott,looped,correct,202,probe_best,response_matched,validation_best,test,64,0.01684506266047714,0,64,0.008427018708579329
gray_scott,looped,correct,202,probe_best,response_matched,validation_best,ood,64,1.63616789804896,0,64,
gray_scott,looped,correct,202,random,iid,validation_best,test,64,0.016703705448758988,0,64,0.0
gray_scott,looped,correct,202,random,iid,validation_best,ood,64,1.4911906519287683,0,64,
gray_scott,looped,correct,202,ridge_selector,smooth,validation_best,test,64,0.021305575968645796,0,64,0.2433382430523172
gray_scott,looped,correct,202,ridge_selector,smooth,validation_best,ood,64,1.3967337927523928,0,64,
gray_scott,looped,correct,202,full_validation,iid,validation_best,test,64,0.016703705448758988,0,64,0.0
gray_scott,looped,correct,202,full_validation,iid,validation_best,ood,64,1.4911906519287683,0,64,
gray_scott,looped,correct,303,always_smooth,smooth,validation_best,test,64,0.014942977902260068,0,64,0.12757822020515766
gray_scott,looped,correct,303,always_smooth,smooth,validation_best,ood,64,0.24505088016340792,0,64,
gray_scott,looped,correct,303,best_fixed,smooth,validation_best,test,64,0.014942977902260068,0,64,0.12757822020515766
gray_scott,looped,correct,303,best_fixed,smooth,validation_best,ood,64,0.24505088016340792,0,64,
gray_scott,looped,correct,303,hand_rule,none,validation_best,test,64,0.01672807678267918,0,64,0.24042528843419184
gray_scott,looped,correct,303,hand_rule,none,validation_best,ood,64,0.21545062599102494,0,64,
gray_scott,looped,correct,303,none,none,validation_best,test,64,0.01672807678267918,0,64,0.24042528843419184
gray_scott,looped,correct,303,none,none,validation_best,ood,64,0.21545062599102494,0,64,
gray_scott,looped,correct,303,probe_best,iid,validation_best,test,64,0.013507846875092766,0,64,0.02660750284001256
gray_scott,looped,correct,303,probe_best,iid,validation_best,ood,64,0.19276698453199703,0,64,
gray_scott,looped,correct,303,random,none,validation_best,test,64,0.01672807678267918,0,64,0.24042528843419184
gray_scott,looped,correct,303,random,none,validation_best,ood,64,0.21545062599102494,0,64,
gray_scott,looped,correct,303,ridge_selector,smooth,validation_best,test,64,0.014942977902260068,0,64,0.12757822020515766
gray_scott,looped,correct,303,ridge_selector,smooth,validation_best,ood,64,0.24505088016340792,0,64,
gray_scott,looped,correct,303,full_validation,none,validation_best,test,64,0.01672807678267918,0,64,0.24042528843419184
gray_scott,looped,correct,303,full_validation,none,validation_best,ood,64,0.21545062599102494,0,64,
gray_scott,looped,correct,404,always_smooth,smooth,validation_best,test,64,0.01516078586242564,0,64,0.01608057382066977
gray_scott,looped,correct,404,always_smooth,smooth,validation_best,ood,64,0.5227992873068921,0,64,
gray_scott,looped,correct,404,best_fixed,smooth,validation_best,test,64,0.01516078586242564,0,64,0.01608057382066977
gray_scott,looped,correct,404,best_fixed,smooth,validation_best,ood,64,0.5227992873068921,0,64,
gray_scott,looped,correct,404,hand_rule,none,validation_best,test,64,0.02256301554718626,0,64,0.4136804426279218
gray_scott,looped,correct,404,hand_rule,none,validation_best,ood,64,0.570942334253381,0,64,
gray_scott,looped,correct,404,none,none,validation_best,test,64,0.02256301554718626,0,64,0.4136804426279218
gray_scott,looped,correct,404,none,none,validation_best,ood,64,0.570942334253381,0,64,
gray_scott,looped,correct,404,probe_best,iid,validation_best,test,64,0.014918941436179889,0,64,0.0
gray_scott,looped,correct,404,probe_best,iid,validation_best,ood,64,0.6521162949405408,0,64,
gray_scott,looped,correct,404,random,response_matched,validation_best,test,64,0.015322468464374572,0,64,0.026688635309405143
gray_scott,looped,correct,404,random,response_matched,validation_best,ood,64,0.7083643674065954,0,64,
gray_scott,looped,correct,404,ridge_selector,smooth,validation_best,test,64,0.01516078586242564,0,64,0.01608057382066977
gray_scott,looped,correct,404,ridge_selector,smooth,validation_best,ood,64,0.5227992873068921,0,64,
gray_scott,looped,correct,404,full_validation,iid,validation_best,test,64,0.014918941436179889,0,64,0.0
gray_scott,looped,correct,404,full_validation,iid,validation_best,ood,64,0.6521162949405408,0,64,
gray_scott,looped,correct,505,always_smooth,smooth,validation_best,test,64,0.016565460339128646,0,64,0.327541424350923
gray_scott,looped,correct,505,always_smooth,smooth,validation_best,ood,64,0.39867122310786485,0,64,
gray_scott,looped,correct,505,best_fixed,smooth,validation_best,test,64,0.016565460339128646,0,64,0.327541424350923
gray_scott,looped,correct,505,best_fixed,smooth,validation_best,ood,64,0.39867122310786485,0,64,
gray_scott,looped,correct,505,hand_rule,none,validation_best,test,64,0.015478283219554245,0,64,0.25965955800110196
gray_scott,looped,correct,505,hand_rule,none,validation_best,ood,64,0.4811428077887854,0,64,
gray_scott,looped,correct,505,none,none,validation_best,test,64,0.015478283219554245,0,64,0.25965955800110196
gray_scott,looped,correct,505,none,none,validation_best,ood,64,0.4811428077887854,0,64,
gray_scott,looped,correct,505,probe_best,none,validation_best,test,64,0.015478283219554245,0,64,0.25965955800110196
gray_scott,looped,correct,505,probe_best,none,validation_best,ood,64,0.4811428077887854,0,64,
gray_scott,looped,correct,505,random,smooth,validation_best,test,64,0.016565460339128646,0,64,0.327541424350923
gray_scott,looped,correct,505,random,smooth,validation_best,ood,64,0.39867122310786485,0,64,
gray_scott,looped,correct,505,ridge_selector,response_matched,validation_best,test,64,0.01225106767979367,0,64,0.025834689846231385
gray_scott,looped,correct,505,ridge_selector,response_matched,validation_best,ood,64,0.5471859375988295,0,64,
gray_scott,looped,correct,505,full_validation,iid,validation_best,test,64,0.011938618537343793,0,64,0.0
gray_scott,looped,correct,505,full_validation,iid,validation_best,ood,64,0.487790776581285,0,64,
gray_scott,looped,correct,606,always_smooth,smooth,validation_best,test,64,0.020127563856038866,0,64,0.29907386515833373
gray_scott,looped,correct,606,always_smooth,smooth,validation_best,ood,64,0.23653706848174672,0,64,
gray_scott,looped,correct,606,best_fixed,smooth,validation_best,test,64,0.020127563856038866,0,64,0.29907386515833373
gray_scott,looped,correct,606,best_fixed,smooth,validation_best,ood,64,0.23653706848174672,0,64,
gray_scott,looped,correct,606,hand_rule,none,validation_best,test,64,0.0149246819117409,0,64,0.0
gray_scott,looped,correct,606,hand_rule,none,validation_best,ood,64,0.24490192029807467,0,64,
gray_scott,looped,correct,606,none,none,validation_best,test,64,0.0149246819117409,0,64,0.0
gray_scott,looped,correct,606,none,none,validation_best,ood,64,0.24490192029807467,0,64,
gray_scott,looped,correct,606,probe_best,response_matched,validation_best,test,64,0.017339388255655175,0,64,0.14996434475069245
gray_scott,looped,correct,606,probe_best,response_matched,validation_best,ood,64,0.20003237892084424,0,64,
gray_scott,looped,correct,606,random,smooth,validation_best,test,64,0.020127563856038866,0,64,0.29907386515833373
gray_scott,looped,correct,606,random,smooth,validation_best,ood,64,0.23653706848174672,0,64,
gray_scott,looped,correct,606,ridge_selector,smooth,validation_best,test,64,0.020127563856038866,0,64,0.29907386515833373
gray_scott,looped,correct,606,ridge_selector,smooth,validation_best,ood,64,0.23653706848174672,0,64,
gray_scott,looped,correct,606,full_validation,none,validation_best,test,64,0.0149246819117409,0,64,0.0
gray_scott,looped,correct,606,full_validation,none,validation_best,ood,64,0.24490192029807467,0,64,
gray_scott,transformer,coefficient,101,always_smooth,smooth,validation_best,test,64,0.030505489294840094,0,64,0.2660984800039875
gray_scott,transformer,coefficient,101,always_smooth,smooth,validation_best,ood,64,0.5465925177361637,0,64,
gray_scott,transformer,coefficient,101,best_fixed,smooth,validation_best,test,64,0.030505489294840094,0,64,0.2660984800039875
gray_scott,transformer,coefficient,101,best_fixed,smooth,validation_best,ood,64,0.5465925177361637,0,64,
gray_scott,transformer,coefficient,101,hand_rule,none,validation_best,test,64,0.023378298190860902,0,64,0.0
gray_scott,transformer,coefficient,101,hand_rule,none,validation_best,ood,64,1.3878606132114086,0,64,
gray_scott,transformer,coefficient,101,none,none,validation_best,test,64,0.023378298190860902,0,64,0.0
gray_scott,transformer,coefficient,101,none,none,validation_best,ood,64,1.3878606132114086,0,64,
gray_scott,transformer,coefficient,101,probe_best,none,validation_best,test,64,0.023378298190860902,0,64,0.0
gray_scott,transformer,coefficient,101,probe_best,none,validation_best,ood,64,1.3878606132114086,0,64,
gray_scott,transformer,coefficient,101,random,iid,validation_best,test,64,0.027407838522351846,0,64,0.15902088564428563
gray_scott,transformer,coefficient,101,random,iid,validation_best,ood,64,0.5708448501840939,0,64,
gray_scott,transformer,coefficient,101,ridge_selector,none,validation_best,test,64,0.023378298190860902,0,64,0.0
gray_scott,transformer,coefficient,101,ridge_selector,none,validation_best,ood,64,1.3878606132114086,0,64,
gray_scott,transformer,coefficient,101,full_validation,none,validation_best,test,64,0.023378298190860902,0,64,0.0
gray_scott,transformer,coefficient,101,full_validation,none,validation_best,ood,64,1.3878606132114086,0,64,
gray_scott,transformer,coefficient,202,always_smooth,smooth,validation_best,test,64,0.031196062637693478,0,64,0.7538312859581057
gray_scott,transformer,coefficient,202,always_smooth,smooth,validation_best,ood,64,0.22489697356232163,0,64,
gray_scott,transformer,coefficient,202,best_fixed,smooth,validation_best,test,64,0.031196062637693478,0,64,0.7538312859581057
gray_scott,transformer,coefficient,202,best_fixed,smooth,validation_best,ood,64,0.22489697356232163,0,64,
gray_scott,transformer,coefficient,202,hand_rule,none,validation_best,test,64,0.014679626842042492,0,64,0.0
gray_scott,transformer,coefficient,202,hand_rule,none,validation_best,ood,64,0.18786552688360025,0,64,
gray_scott,transformer,coefficient,202,none,none,validation_best,test,64,0.014679626842042492,0,64,0.0
gray_scott,transformer,coefficient,202,none,none,validation_best,ood,64,0.18786552688360025,0,64,
gray_scott,transformer,coefficient,202,probe_best,iid,validation_best,test,64,0.03891432794237493,0,64,0.9749019069919955
gray_scott,transformer,coefficient,202,probe_best,iid,validation_best,ood,64,0.2357399616961935,0,64,
gray_scott,transformer,coefficient,202,random,none,validation_best,test,64,0.014679626842042492,0,64,0.0
gray_scott,transformer,coefficient,202,random,none,validation_best,ood,64,0.18786552688360025,0,64,
gray_scott,transformer,coefficient,202,ridge_selector,smooth,validation_best,test,64,0.031196062637693478,0,64,0.7538312859581057
gray_scott,transformer,coefficient,202,ridge_selector,smooth,validation_best,ood,64,0.22489697356232163,0,64,
gray_scott,transformer,coefficient,202,full_validation,none,validation_best,test,64,0.014679626842042492,0,64,0.0
gray_scott,transformer,coefficient,202,full_validation,none,validation_best,ood,64,0.18786552688360025,0,64,
gray_scott,transformer,coefficient,303,always_smooth,smooth,validation_best,test,64,0.02836836310380164,0,64,0.5889419243806143
gray_scott,transformer,coefficient,303,always_smooth,smooth,validation_best,ood,64,0.1950547694970739,0,64,
gray_scott,transformer,coefficient,303,best_fixed,smooth,validation_best,test,64,0.02836836310380164,0,64,0.5889419243806143
gray_scott,transformer,coefficient,303,best_fixed,smooth,validation_best,ood,64,0.1950547694970739,0,64,
gray_scott,transformer,coefficient,303,hand_rule,none,validation_best,test,64,0.015742005114835367,0,64,0.0
gray_scott,transformer,coefficient,303,hand_rule,none,validation_best,ood,64,0.31873668441082614,0,64,
gray_scott,transformer,coefficient,303,none,none,validation_best,test,64,0.015742005114835367,0,64,0.0
gray_scott,transformer,coefficient,303,none,none,validation_best,ood,64,0.31873668441082614,0,64,
gray_scott,transformer,coefficient,303,probe_best,none,validation_best,test,64,0.015742005114835367,0,64,0.0
gray_scott,transformer,coefficient,303,probe_best,none,validation_best,ood,64,0.31873668441082614,0,64,
gray_scott,transformer,coefficient,303,random,response_matched,validation_best,test,64,0.028537547944552877,0,64,0.594888067272195
gray_scott,transformer,coefficient,303,random,response_matched,validation_best,ood,64,0.19664967821503598,0,64,
gray_scott,transformer,coefficient,303,ridge_selector,none,validation_best,test,64,0.015742005114835367,0,64,0.0
gray_scott,transformer,coefficient,303,ridge_selector,none,validation_best,ood,64,0.31873668441082614,0,64,
gray_scott,transformer,coefficient,303,full_validation,none,validation_best,test,64,0.015742005114835367,0,64,0.0
gray_scott,transformer,coefficient,303,full_validation,none,validation_best,ood,64,0.31873668441082614,0,64,
gray_scott,transformer,coefficient,404,always_smooth,smooth,validation_best,test,64,0.03652898276250782,0,64,0.975092351635185
gray_scott,transformer,coefficient,404,always_smooth,smooth,validation_best,ood,64,0.1903756928007132,0,64,
gray_scott,transformer,coefficient,404,best_fixed,smooth,validation_best,test,64,0.03652898276250782,0,64,0.975092351635185
gray_scott,transformer,coefficient,404,best_fixed,smooth,validation_best,ood,64,0.1903756928007132,0,64,
gray_scott,transformer,coefficient,404,hand_rule,none,validation_best,test,64,0.01377718057754973,0,64,0.0
gray_scott,transformer,coefficient,404,hand_rule,none,validation_best,ood,64,0.39212913547089023,0,64,
gray_scott,transformer,coefficient,404,none,none,validation_best,test,64,0.01377718057754973,0,64,0.0
gray_scott,transformer,coefficient,404,none,none,validation_best,ood,64,0.39212913547089023,0,64,
gray_scott,transformer,coefficient,404,probe_best,none,validation_best,test,64,0.01377718057754973,0,64,0.0
gray_scott,transformer,coefficient,404,probe_best,none,validation_best,ood,64,0.39212913547089023,0,64,
gray_scott,transformer,coefficient,404,random,smooth,validation_best,test,64,0.03652898276250782,0,64,0.975092351635185
gray_scott,transformer,coefficient,404,random,smooth,validation_best,ood,64,0.1903756928007132,0,64,
gray_scott,transformer,coefficient,404,ridge_selector,none,validation_best,test,64,0.01377718057754973,0,64,0.0
gray_scott,transformer,coefficient,404,ridge_selector,none,validation_best,ood,64,0.39212913547089023,0,64,
gray_scott,transformer,coefficient,404,full_validation,none,validation_best,test,64,0.01377718057754973,0,64,0.0
gray_scott,transformer,coefficient,404,full_validation,none,validation_best,ood,64,0.39212913547089023,0,64,
gray_scott,transformer,coefficient,505,always_smooth,smooth,validation_best,test,64,0.03191116043003339,0,64,0.5961150776983751
gray_scott,transformer,coefficient,505,always_smooth,smooth,validation_best,ood,64,0.4109066526485501,0,64,
gray_scott,transformer,coefficient,505,best_fixed,smooth,validation_best,test,64,0.03191116043003339,0,64,0.5961150776983751
gray_scott,transformer,coefficient,505,best_fixed,smooth,validation_best,ood,64,0.4109066526485501,0,64,
gray_scott,transformer,coefficient,505,hand_rule,none,validation_best,test,64,0.01758138598079867,0,64,0.0
gray_scott,transformer,coefficient,505,hand_rule,none,validation_best,ood,64,0.4079671826048088,0,64,
gray_scott,transformer,coefficient,505,none,none,validation_best,test,64,0.01758138598079867,0,64,0.0
gray_scott,transformer,coefficient,505,none,none,validation_best,ood,64,0.4079671826048088,0,64,
gray_scott,transformer,coefficient,505,probe_best,smooth,validation_best,test,64,0.03191116043003339,0,64,0.5961150776983751
gray_scott,transformer,coefficient,505,probe_best,smooth,validation_best,ood,64,0.4109066526485501,0,64,
gray_scott,transformer,coefficient,505,random,iid,validation_best,test,64,0.029861767052918653,0,64,0.5297382406400362
gray_scott,transformer,coefficient,505,random,iid,validation_best,ood,64,0.4374013959796468,0,64,
gray_scott,transformer,coefficient,505,ridge_selector,smooth,validation_best,test,64,0.03191116043003339,0,64,0.5961150776983751
gray_scott,transformer,coefficient,505,ridge_selector,smooth,validation_best,ood,64,0.4109066526485501,0,64,
gray_scott,transformer,coefficient,505,full_validation,none,validation_best,test,64,0.01758138598079867,0,64,0.0
gray_scott,transformer,coefficient,505,full_validation,none,validation_best,ood,64,0.4079671826048088,0,64,
gray_scott,transformer,coefficient,606,always_smooth,smooth,validation_best,test,64,0.028252093800988032,0,64,0.5834601610141587
gray_scott,transformer,coefficient,606,always_smooth,smooth,validation_best,ood,64,0.3822708584896066,0,64,
gray_scott,transformer,coefficient,606,best_fixed,smooth,validation_best,test,64,0.028252093800988032,0,64,0.5834601610141587
gray_scott,transformer,coefficient,606,best_fixed,smooth,validation_best,ood,64,0.3822708584896066,0,64,
gray_scott,transformer,coefficient,606,hand_rule,none,validation_best,test,64,0.01576366188707784,0,64,0.0
gray_scott,transformer,coefficient,606,hand_rule,none,validation_best,ood,64,0.45512595540133916,0,64,
gray_scott,transformer,coefficient,606,none,none,validation_best,test,64,0.01576366188707784,0,64,0.0
gray_scott,transformer,coefficient,606,none,none,validation_best,ood,64,0.45512595540133916,0,64,
gray_scott,transformer,coefficient,606,probe_best,smooth,validation_best,test,64,0.028252093800988032,0,64,0.5834601610141587
gray_scott,transformer,coefficient,606,probe_best,smooth,validation_best,ood,64,0.3822708584896066,0,64,
gray_scott,transformer,coefficient,606,random,none,validation_best,test,64,0.01576366188707784,0,64,0.0
gray_scott,transformer,coefficient,606,random,none,validation_best,ood,64,0.45512595540133916,0,64,
gray_scott,transformer,coefficient,606,ridge_selector,smooth,validation_best,test,64,0.028252093800988032,0,64,0.5834601610141587
gray_scott,transformer,coefficient,606,ridge_selector,smooth,validation_best,ood,64,0.3822708584896066,0,64,
gray_scott,transformer,coefficient,606,full_validation,none,validation_best,test,64,0.01576366188707784,0,64,0.0
gray_scott,transformer,coefficient,606,full_validation,none,validation_best,ood,64,0.45512595540133916,0,64,
gray_scott,transformer,correct,101,always_smooth,smooth,validation_best,test,64,0.027490418375891834,0,64,0.6152884063523096
gray_scott,transformer,correct,101,always_smooth,smooth,validation_best,ood,64,1.1453127237070397,0,64,
gray_scott,transformer,correct,101,best_fixed,smooth,validation_best,test,64,0.027490418375891834,0,64,0.6152884063523096
gray_scott,transformer,correct,101,best_fixed,smooth,validation_best,ood,64,1.1453127237070397,0,64,
gray_scott,transformer,correct,101,hand_rule,none,validation_best,test,64,0.0233792458905156,0,64,0.45329958614269383
gray_scott,transformer,correct,101,hand_rule,none,validation_best,ood,64,1.3878863033220057,0,64,
gray_scott,transformer,correct,101,none,none,validation_best,test,64,0.0233792458905156,0,64,0.45329958614269383
gray_scott,transformer,correct,101,none,none,validation_best,ood,64,1.3878863033220057,0,64,
gray_scott,transformer,correct,101,probe_best,smooth,validation_best,test,64,0.027490418375891834,0,64,0.6152884063523096
gray_scott,transformer,correct,101,probe_best,smooth,validation_best,ood,64,1.1453127237070397,0,64,
gray_scott,transformer,correct,101,random,smooth,validation_best,test,64,0.027490418375891834,0,64,0.6152884063523096
gray_scott,transformer,correct,101,random,smooth,validation_best,ood,64,1.1453127237070397,0,64,
gray_scott,transformer,correct,101,ridge_selector,smooth,validation_best,test,64,0.027490418375891834,0,64,0.6152884063523096
gray_scott,transformer,correct,101,ridge_selector,smooth,validation_best,ood,64,1.1453127237070397,0,64,
gray_scott,transformer,correct,101,full_validation,none,validation_best,test,64,0.0233792458905156,0,64,0.45329958614269383
gray_scott,transformer,correct,101,full_validation,none,validation_best,ood,64,1.3878863033220057,0,64,
gray_scott,transformer,correct,202,always_smooth,smooth,validation_best,test,64,0.013859941854905466,0,64,0.14044964112485897
gray_scott,transformer,correct,202,always_smooth,smooth,validation_best,ood,64,0.18696718934769763,0,64,
gray_scott,transformer,correct,202,best_fixed,smooth,validation_best,test,64,0.013859941854905466,0,64,0.14044964112485897
gray_scott,transformer,correct,202,best_fixed,smooth,validation_best,ood,64,0.18696718934769763,0,64,
gray_scott,transformer,correct,202,hand_rule,none,validation_best,test,64,0.014679568150039679,0,64,0.19790344772609855
gray_scott,transformer,correct,202,hand_rule,none,validation_best,ood,64,0.18786550111578926,0,64,
gray_scott,transformer,correct,202,none,none,validation_best,test,64,0.014679568150039679,0,64,0.19790344772609855
gray_scott,transformer,correct,202,none,none,validation_best,ood,64,0.18786550111578926,0,64,
gray_scott,transformer,correct,202,probe_best,smooth,validation_best,test,64,0.013859941854905466,0,64,0.14044964112485897
gray_scott,transformer,correct,202,probe_best,smooth,validation_best,ood,64,0.18696718934769763,0,64,
gray_scott,transformer,correct,202,random,iid,validation_best,test,64,0.012043837971180693,0,64,0.0
gray_scott,transformer,correct,202,random,iid,validation_best,ood,64,0.19046694214571147,0,64,
gray_scott,transformer,correct,202,ridge_selector,smooth,validation_best,test,64,0.013859941854905466,0,64,0.14044964112485897
gray_scott,transformer,correct,202,ridge_selector,smooth,validation_best,ood,64,0.18696718934769763,0,64,
gray_scott,transformer,correct,202,full_validation,smooth,validation_best,test,64,0.013859941854905466,0,64,0.14044964112485897
gray_scott,transformer,correct,202,full_validation,smooth,validation_best,ood,64,0.18696718934769763,0,64,
gray_scott,transformer,correct,303,always_smooth,smooth,validation_best,test,64,0.01544260746535342,0,64,0.05439610266162998
gray_scott,transformer,correct,303,always_smooth,smooth,validation_best,ood,64,0.3351305315987867,0,64,
gray_scott,transformer,correct,303,best_fixed,smooth,validation_best,test,64,0.01544260746535342,0,64,0.05439610266162998
gray_scott,transformer,correct,303,best_fixed,smooth,validation_best,ood,64,0.3351305315987867,0,64,
gray_scott,transformer,correct,303,hand_rule,none,validation_best,test,64,0.01574210882595317,0,64,0.07360490782553875
gray_scott,transformer,correct,303,hand_rule,none,validation_best,ood,64,0.3187383482763977,0,64,
gray_scott,transformer,correct,303,none,none,validation_best,test,64,0.01574210882595317,0,64,0.07360490782553875
gray_scott,transformer,correct,303,none,none,validation_best,ood,64,0.3187383482763977,0,64,
gray_scott,transformer,correct,303,probe_best,response_matched,validation_best,test,64,0.014985830898995411,0,64,0.02437084297991604
gray_scott,transformer,correct,303,probe_best,response_matched,validation_best,ood,64,0.3618329454129121,0,64,
gray_scott,transformer,correct,303,random,response_matched,validation_best,test,64,0.014985830898995411,0,64,0.02437084297991604
gray_scott,transformer,correct,303,random,response_matched,validation_best,ood,64,0.3618329454129121,0,64,
gray_scott,transformer,correct,303,ridge_selector,smooth,validation_best,test,64,0.01544260746535342,0,64,0.05439610266162998
gray_scott,transformer,correct,303,ridge_selector,smooth,validation_best,ood,64,0.3351305315987867,0,64,
gray_scott,transformer,correct,303,full_validation,smooth,validation_best,test,64,0.01544260746535342,0,64,0.05439610266162998
gray_scott,transformer,correct,303,full_validation,smooth,validation_best,ood,64,0.3351305315987867,0,64,
gray_scott,transformer,correct,404,always_smooth,smooth,validation_best,test,64,0.015064003064140463,0,64,0.21508532808718686
gray_scott,transformer,correct,404,always_smooth,smooth,validation_best,ood,64,0.36533864655426207,0,64,
gray_scott,transformer,correct,404,best_fixed,smooth,validation_best,test,64,0.015064003064140463,0,64,0.21508532808718686
gray_scott,transformer,correct,404,best_fixed,smooth,validation_best,ood,64,0.36533864655426207,0,64,
gray_scott,transformer,correct,404,hand_rule,none,validation_best,test,64,0.013777091265022912,0,64,0.12578449281293133
gray_scott,transformer,correct,404,hand_rule,none,validation_best,ood,64,0.3921311684544406,0,64,
gray_scott,transformer,correct,404,none,none,validation_best,test,64,0.013777091265022912,0,64,0.12578449281293133
gray_scott,transformer,correct,404,none,none,validation_best,ood,64,0.3921311684544406,0,64,
gray_scott,transformer,correct,404,probe_best,none,validation_best,test,64,0.013777091265022912,0,64,0.12578449281293133
gray_scott,transformer,correct,404,probe_best,none,validation_best,ood,64,0.3921311684544406,0,64,
gray_scott,transformer,correct,404,random,iid,validation_best,test,64,0.012148706056109848,0,64,0.0
gray_scott,transformer,correct,404,random,iid,validation_best,ood,64,0.3284353579156267,0,64,
gray_scott,transformer,correct,404,ridge_selector,response_matched,validation_best,test,64,0.013235873723858482,0,64,0.08570818298285889
gray_scott,transformer,correct,404,ridge_selector,response_matched,validation_best,ood,64,0.3326503539370247,0,64,
gray_scott,transformer,correct,404,full_validation,none,validation_best,test,64,0.013777091265022912,0,64,0.12578449281293133
gray_scott,transformer,correct,404,full_validation,none,validation_best,ood,64,0.3921311684544406,0,64,
gray_scott,transformer,correct,505,always_smooth,smooth,validation_best,test,64,0.020767931514537596,0,64,0.1665705696723176
gray_scott,transformer,correct,505,always_smooth,smooth,validation_best,ood,64,0.5715198751254373,0,64,
gray_scott,transformer,correct,505,best_fixed,smooth,validation_best,test,64,0.020767931514537596,0,64,0.1665705696723176
gray_scott,transformer,correct,505,best_fixed,smooth,validation_best,ood,64,0.5715198751254373,0,64,
gray_scott,transformer,correct,505,hand_rule,none,validation_best,test,64,0.017581363925889493,0,64,0.0
gray_scott,transformer,correct,505,hand_rule,none,validation_best,ood,64,0.40796900691553617,0,64,
gray_scott,transformer,correct,505,none,none,validation_best,test,64,0.017581363925889493,0,64,0.0
gray_scott,transformer,correct,505,none,none,validation_best,ood,64,0.40796900691553617,0,64,
gray_scott,transformer,correct,505,probe_best,smooth,validation_best,test,64,0.020767931514537596,0,64,0.1665705696723176
gray_scott,transformer,correct,505,probe_best,smooth,validation_best,ood,64,0.5715198751254373,0,64,
gray_scott,transformer,correct,505,random,none,validation_best,test,64,0.017581363925889493,0,64,0.0
gray_scott,transformer,correct,505,random,none,validation_best,ood,64,0.40796900691553617,0,64,
gray_scott,transformer,correct,505,ridge_selector,smooth,validation_best,test,64,0.020767931514537596,0,64,0.1665705696723176
gray_scott,transformer,correct,505,ridge_selector,smooth,validation_best,ood,64,0.5715198751254373,0,64,
gray_scott,transformer,correct,505,full_validation,smooth,validation_best,test,64,0.020767931514537596,0,64,0.1665705696723176
gray_scott,transformer,correct,505,full_validation,smooth,validation_best,ood,64,0.5715198751254373,0,64,
gray_scott,transformer,correct,606,always_smooth,smooth,validation_best,test,64,0.0185900091964466,0,64,0.34287990812969416
gray_scott,transformer,correct,606,always_smooth,smooth,validation_best,ood,64,0.3328697168412429,0,64,
gray_scott,transformer,correct,606,best_fixed,smooth,validation_best,test,64,0.0185900091964466,0,64,0.34287990812969416
gray_scott,transformer,correct,606,best_fixed,smooth,validation_best,ood,64,0.3328697168412429,0,64,
gray_scott,transformer,correct,606,hand_rule,none,validation_best,test,64,0.015763766373833366,0,64,0.17796965068696594
gray_scott,transformer,correct,606,hand_rule,none,validation_best,ood,64,0.4551255739802915,0,64,
gray_scott,transformer,correct,606,none,none,validation_best,test,64,0.015763766373833366,0,64,0.17796965068696594
gray_scott,transformer,correct,606,none,none,validation_best,ood,64,0.4551255739802915,0,64,
gray_scott,transformer,correct,606,probe_best,response_matched,validation_best,test,64,0.013193765247862088,0,64,0.0
gray_scott,transformer,correct,606,probe_best,response_matched,validation_best,ood,64,0.34366763614287077,0,64,
gray_scott,transformer,correct,606,random,response_matched,validation_best,test,64,0.013193765247862088,0,64,0.0
gray_scott,transformer,correct,606,random,response_matched,validation_best,ood,64,0.34366763614287077,0,64,
gray_scott,transformer,correct,606,ridge_selector,smooth,validation_best,test,64,0.0185900091964466,0,64,0.34287990812969416
gray_scott,transformer,correct,606,ridge_selector,smooth,validation_best,ood,64,0.3328697168412429,0,64,
gray_scott,transformer,correct,606,full_validation,iid,validation_best,test,64,0.013849024551309874,0,64,0.048470412342663284
gray_scott,transformer,correct,606,full_validation,iid,validation_best,ood,64,0.354409949417672,0,64,
ks,fno,coefficient,101,always_smooth,smooth,validation_best,test,64,0.09915360868331219,0,64,1.2767287062616939
ks,fno,coefficient,101,always_smooth,smooth,validation_best,ood,64,0.3875268890170158,0,64,
ks,fno,coefficient,101,best_fixed,smooth,validation_best,test,64,0.09915360868331219,0,64,1.2767287062616939
ks,fno,coefficient,101,best_fixed,smooth,validation_best,ood,64,0.3875268890170158,0,64,
ks,fno,coefficient,101,hand_rule,none,validation_best,test,64,0.027658733699032413,0,64,0.0
ks,fno,coefficient,101,hand_rule,none,validation_best,ood,64,0.4044586823528731,0,64,
ks,fno,coefficient,101,none,none,validation_best,test,64,0.027658733699032413,0,64,0.0
ks,fno,coefficient,101,none,none,validation_best,ood,64,0.4044586823528731,0,64,
ks,fno,coefficient,101,probe_best,none,validation_best,test,64,0.027658733699032413,0,64,0.0
ks,fno,coefficient,101,probe_best,none,validation_best,ood,64,0.4044586823528731,0,64,
ks,fno,coefficient,101,random,none,validation_best,test,64,0.027658733699032413,0,64,0.0
ks,fno,coefficient,101,random,none,validation_best,ood,64,0.4044586823528731,0,64,
ks,fno,coefficient,101,ridge_selector,iid,validation_best,test,64,0.07536548897298517,0,64,1.0024079200633889
ks,fno,coefficient,101,ridge_selector,iid,validation_best,ood,64,0.31937679893726845,0,64,
ks,fno,coefficient,101,full_validation,none,validation_best,test,64,0.027658733699032413,0,64,0.0
ks,fno,coefficient,101,full_validation,none,validation_best,ood,64,0.4044586823528731,0,64,
ks,fno,coefficient,202,always_smooth,smooth,validation_best,test,64,0.07908306678519,0,64,1.0711129454064583
ks,fno,coefficient,202,always_smooth,smooth,validation_best,ood,64,0.5162395903021961,0,64,
ks,fno,coefficient,202,best_fixed,smooth,validation_best,test,64,0.07908306678519,0,64,1.0711129454064583
ks,fno,coefficient,202,best_fixed,smooth,validation_best,ood,64,0.5162395903021961,0,64,
ks,fno,coefficient,202,hand_rule,none,validation_best,test,64,0.027095992343281514,0,64,0.0
ks,fno,coefficient,202,hand_rule,none,validation_best,ood,64,0.6460617705399714,0,64,
ks,fno,coefficient,202,none,none,validation_best,test,64,0.027095992343281514,0,64,0.0
ks,fno,coefficient,202,none,none,validation_best,ood,64,0.6460617705399714,0,64,
ks,fno,coefficient,202,probe_best,none,validation_best,test,64,0.027095992343281514,0,64,0.0
ks,fno,coefficient,202,probe_best,none,validation_best,ood,64,0.6460617705399714,0,64,
ks,fno,coefficient,202,random,response_matched,validation_best,test,64,0.05941779072420761,0,64,0.785207855728827
ks,fno,coefficient,202,random,response_matched,validation_best,ood,64,0.5615481970799614,0,64,
ks,fno,coefficient,202,ridge_selector,iid,validation_best,test,64,0.08028418094381495,0,64,1.0861867691534066
ks,fno,coefficient,202,ridge_selector,iid,validation_best,ood,64,0.4048760531398248,0,64,
ks,fno,coefficient,202,full_validation,none,validation_best,test,64,0.027095992343281514,0,64,0.0
ks,fno,coefficient,202,full_validation,none,validation_best,ood,64,0.6460617705399714,0,64,
ks,fno,coefficient,303,always_smooth,smooth,validation_best,test,64,0.10361943231384696,0,64,1.1742901137148545
ks,fno,coefficient,303,always_smooth,smooth,validation_best,ood,64,0.36139809974691817,0,64,
ks,fno,coefficient,303,best_fixed,smooth,validation_best,test,64,0.10361943231384696,0,64,1.1742901137148545
ks,fno,coefficient,303,best_fixed,smooth,validation_best,ood,64,0.36139809974691817,0,64,
ks,fno,coefficient,303,hand_rule,none,validation_best,test,64,0.03202237153864187,0,64,0.0
ks,fno,coefficient,303,hand_rule,none,validation_best,ood,64,0.4103832769276117,0,64,
ks,fno,coefficient,303,none,none,validation_best,test,64,0.03202237153864187,0,64,0.0
ks,fno,coefficient,303,none,none,validation_best,ood,64,0.4103832769276117,0,64,
ks,fno,coefficient,303,probe_best,none,validation_best,test,64,0.03202237153864187,0,64,0.0
ks,fno,coefficient,303,probe_best,none,validation_best,ood,64,0.4103832769276117,0,64,
ks,fno,coefficient,303,random,iid,validation_best,test,64,0.040625142490114924,0,64,0.23795237897440666
ks,fno,coefficient,303,random,iid,validation_best,ood,64,0.29739288550289267,0,64,
ks,fno,coefficient,303,ridge_selector,iid,validation_best,test,64,0.040625142490114924,0,64,0.23795237897440666
ks,fno,coefficient,303,ridge_selector,iid,validation_best,ood,64,0.29739288550289267,0,64,
ks,fno,coefficient,303,full_validation,none,validation_best,test,64,0.03202237153864187,0,64,0.0
ks,fno,coefficient,303,full_validation,none,validation_best,ood,64,0.4103832769276117,0,64,
ks,fno,coefficient,404,always_smooth,smooth,validation_best,test,64,0.09826872371236989,0,64,1.6635227802600059
ks,fno,coefficient,404,always_smooth,smooth,validation_best,ood,64,0.2820535877900676,0,64,
ks,fno,coefficient,404,best_fixed,smooth,validation_best,test,64,0.09826872371236989,0,64,1.6635227802600059
ks,fno,coefficient,404,best_fixed,smooth,validation_best,ood,64,0.2820535877900676,0,64,
ks,fno,coefficient,404,hand_rule,none,validation_best,test,64,0.01861900856017889,0,64,0.0
ks,fno,coefficient,404,hand_rule,none,validation_best,ood,64,0.27677871221318306,0,64,
ks,fno,coefficient,404,none,none,validation_best,test,64,0.01861900856017889,0,64,0.0
ks,fno,coefficient,404,none,none,validation_best,ood,64,0.27677871221318306,0,64,
ks,fno,coefficient,404,probe_best,none,validation_best,test,64,0.01861900856017889,0,64,0.0
ks,fno,coefficient,404,probe_best,none,validation_best,ood,64,0.27677871221318306,0,64,
ks,fno,coefficient,404,random,iid,validation_best,test,64,0.10308754085235028,0,64,1.7113955139786199
ks,fno,coefficient,404,random,iid,validation_best,ood,64,0.3391589573282521,0,64,
ks,fno,coefficient,404,ridge_selector,iid,validation_best,test,64,0.10308754085235028,0,64,1.7113955139786199
ks,fno,coefficient,404,ridge_selector,iid,validation_best,ood,64,0.3391589573282521,0,64,
ks,fno,coefficient,404,full_validation,none,validation_best,test,64,0.01861900856017889,0,64,0.0
ks,fno,coefficient,404,full_validation,none,validation_best,ood,64,0.27677871221318306,0,64,
ks,fno,coefficient,505,always_smooth,smooth,validation_best,test,64,0.08829101751251234,0,64,1.4646266692391947
ks,fno,coefficient,505,always_smooth,smooth,validation_best,ood,64,0.5273487395305878,0,64,
ks,fno,coefficient,505,best_fixed,smooth,validation_best,test,64,0.08829101751251234,0,64,1.4646266692391947
ks,fno,coefficient,505,best_fixed,smooth,validation_best,ood,64,0.5273487395305878,0,64,
ks,fno,coefficient,505,hand_rule,none,validation_best,test,64,0.02040972914985695,0,64,0.0
ks,fno,coefficient,505,hand_rule,none,validation_best,ood,64,0.43020997726484267,0,64,
ks,fno,coefficient,505,none,none,validation_best,test,64,0.02040972914985695,0,64,0.0
ks,fno,coefficient,505,none,none,validation_best,ood,64,0.43020997726484267,0,64,
ks,fno,coefficient,505,probe_best,none,validation_best,test,64,0.02040972914985695,0,64,0.0
ks,fno,coefficient,505,probe_best,none,validation_best,ood,64,0.43020997726484267,0,64,
ks,fno,coefficient,505,random,smooth,validation_best,test,64,0.08829101751251234,0,64,1.4646266692391947
ks,fno,coefficient,505,random,smooth,validation_best,ood,64,0.5273487395305878,0,64,
ks,fno,coefficient,505,ridge_selector,iid,validation_best,test,64,0.09456190627941208,0,64,1.5332430066527658
ks,fno,coefficient,505,ridge_selector,iid,validation_best,ood,64,0.5604446601693533,0,64,
ks,fno,coefficient,505,full_validation,none,validation_best,test,64,0.02040972914985695,0,64,0.0
ks,fno,coefficient,505,full_validation,none,validation_best,ood,64,0.43020997726484267,0,64,
ks,fno,coefficient,606,always_smooth,smooth,validation_best,test,64,0.13568366689720024,0,64,1.318648848816698
ks,fno,coefficient,606,always_smooth,smooth,validation_best,ood,64,0.4851287151777468,0,64,
ks,fno,coefficient,606,best_fixed,smooth,validation_best,test,64,0.13568366689720024,0,64,1.318648848816698
ks,fno,coefficient,606,best_fixed,smooth,validation_best,ood,64,0.4851287151777468,0,64,
ks,fno,coefficient,606,hand_rule,none,validation_best,test,64,0.036294904115815624,0,64,0.0
ks,fno,coefficient,606,hand_rule,none,validation_best,ood,64,0.6854953787015997,0,64,
ks,fno,coefficient,606,none,none,validation_best,test,64,0.036294904115815624,0,64,0.0
ks,fno,coefficient,606,none,none,validation_best,ood,64,0.6854953787015997,0,64,
ks,fno,coefficient,606,probe_best,none,validation_best,test,64,0.036294904115815624,0,64,0.0
ks,fno,coefficient,606,probe_best,none,validation_best,ood,64,0.6854953787015997,0,64,
ks,fno,coefficient,606,random,none,validation_best,test,64,0.036294904115815624,0,64,0.0
ks,fno,coefficient,606,random,none,validation_best,ood,64,0.6854953787015997,0,64,
ks,fno,coefficient,606,ridge_selector,iid,validation_best,test,64,0.0774741222866413,0,64,0.7582666256896072
ks,fno,coefficient,606,ridge_selector,iid,validation_best,ood,64,0.5054424144998864,0,64,
ks,fno,coefficient,606,full_validation,none,validation_best,test,64,0.036294904115815624,0,64,0.0
ks,fno,coefficient,606,full_validation,none,validation_best,ood,64,0.6854953787015997,0,64,
ks,fno,correct,101,always_smooth,smooth,validation_best,test,64,0.009708626256819355,0,64,0.0
ks,fno,correct,101,always_smooth,smooth,validation_best,ood,64,0.25522839923217133,0,64,
ks,fno,correct,101,best_fixed,smooth,validation_best,test,64,0.009708626256819355,0,64,0.0
ks,fno,correct,101,best_fixed,smooth,validation_best,ood,64,0.25522839923217133,0,64,
ks,fno,correct,101,hand_rule,none,validation_best,test,64,0.027635191440106996,0,64,1.0460752175732941
ks,fno,correct,101,hand_rule,none,validation_best,ood,64,0.4069410853537849,0,64,
ks,fno,correct,101,none,none,validation_best,test,64,0.027635191440106996,0,64,1.0460752175732941
ks,fno,correct,101,none,none,validation_best,ood,64,0.4069410853537849,0,64,
ks,fno,correct,101,probe_best,response_matched,validation_best,test,64,0.0146787293157331,0,64,0.41338466542731167
ks,fno,correct,101,probe_best,response_matched,validation_best,ood,64,0.3238918361568861,0,64,
ks,fno,correct,101,random,iid,validation_best,test,64,0.01949193958041795,0,64,0.6969862301258017
ks,fno,correct,101,random,iid,validation_best,ood,64,0.3086403967758282,0,64,
ks,fno,correct,101,ridge_selector,iid,validation_best,test,64,0.01949193958041795,0,64,0.6969862301258017
ks,fno,correct,101,ridge_selector,iid,validation_best,ood,64,0.3086403967758282,0,64,
ks,fno,correct,101,full_validation,smooth,validation_best,test,64,0.009708626256819355,0,64,0.0
ks,fno,correct,101,full_validation,smooth,validation_best,ood,64,0.25522839923217133,0,64,
ks,fno,correct,202,always_smooth,smooth,validation_best,test,64,0.011213517130264469,0,64,0.0
ks,fno,correct,202,always_smooth,smooth,validation_best,ood,64,0.31113875155600956,0,64,
ks,fno,correct,202,best_fixed,smooth,validation_best,test,64,0.011213517130264469,0,64,0.0
ks,fno,correct,202,best_fixed,smooth,validation_best,ood,64,0.31113875155600956,0,64,
ks,fno,correct,202,hand_rule,none,validation_best,test,64,0.0274136085014862,0,64,0.8939196135075026
ks,fno,correct,202,hand_rule,none,validation_best,ood,64,0.6483586007604871,0,64,
ks,fno,correct,202,none,none,validation_best,test,64,0.0274136085014862,0,64,0.8939196135075026
ks,fno,correct,202,none,none,validation_best,ood,64,0.6483586007604871,0,64,
ks,fno,correct,202,probe_best,response_matched,validation_best,test,64,0.01770180193451365,0,64,0.45654650137828556
ks,fno,correct,202,probe_best,response_matched,validation_best,ood,64,0.34800758674220944,0,64,
ks,fno,correct,202,random,iid,validation_best,test,64,0.012536535172022453,0,64,0.11152725772516138
ks,fno,correct,202,random,iid,validation_best,ood,64,0.37541663184432106,0,64,
ks,fno,correct,202,ridge_selector,iid,validation_best,test,64,0.012536535172022453,0,64,0.11152725772516138
ks,fno,correct,202,ridge_selector,iid,validation_best,ood,64,0.37541663184432106,0,64,
ks,fno,correct,202,full_validation,smooth,validation_best,test,64,0.011213517130264469,0,64,0.0
ks,fno,correct,202,full_validation,smooth,validation_best,ood,64,0.31113875155600956,0,64,
ks,fno,correct,303,always_smooth,smooth,validation_best,test,64,0.01562692396450515,0,64,0.0
ks,fno,correct,303,always_smooth,smooth,validation_best,ood,64,0.25040303972756206,0,64,
ks,fno,correct,303,best_fixed,smooth,validation_best,test,64,0.01562692396450515,0,64,0.0
ks,fno,correct,303,best_fixed,smooth,validation_best,ood,64,0.25040303972756206,0,64,
ks,fno,correct,303,hand_rule,none,validation_best,test,64,0.032047053286896214,0,64,0.7182099162428591
ks,fno,correct,303,hand_rule,none,validation_best,ood,64,0.41311764482906943,0,64,
ks,fno,correct,303,none,none,validation_best,test,64,0.032047053286896214,0,64,0.7182099162428591
ks,fno,correct,303,none,none,validation_best,ood,64,0.41311764482906943,0,64,
ks,fno,correct,303,probe_best,response_matched,validation_best,test,64,0.025014980428562816,0,64,0.47047954078132426
ks,fno,correct,303,probe_best,response_matched,validation_best,ood,64,0.3758704058262765,0,64,
ks,fno,correct,303,random,iid,validation_best,test,64,0.016015686570214377,0,64,0.024573330819103182
ks,fno,correct,303,random,iid,validation_best,ood,64,0.22994057031186665,0,64,
ks,fno,correct,303,ridge_selector,iid,validation_best,test,64,0.016015686570214377,0,64,0.024573330819103182
ks,fno,correct,303,ridge_selector,iid,validation_best,ood,64,0.22994057031186665,0,64,
ks,fno,correct,303,full_validation,smooth,validation_best,test,64,0.01562692396450515,0,64,0.0
ks,fno,correct,303,full_validation,smooth,validation_best,ood,64,0.25040303972756206,0,64,
ks,fno,correct,404,always_smooth,smooth,validation_best,test,64,0.017956011821689648,0,64,0.0
ks,fno,correct,404,always_smooth,smooth,validation_best,ood,64,0.21158919720564295,0,64,
ks,fno,correct,404,best_fixed,smooth,validation_best,test,64,0.017956011821689648,0,64,0.0
ks,fno,correct,404,best_fixed,smooth,validation_best,ood,64,0.21158919720564295,0,64,
ks,fno,correct,404,hand_rule,none,validation_best,test,64,0.01884272398716332,0,64,0.048201864713321496
ks,fno,correct,404,hand_rule,none,validation_best,ood,64,0.2780875429204295,0,64,
ks,fno,correct,404,none,none,validation_best,test,64,0.01884272398716332,0,64,0.048201864713321496
ks,fno,correct,404,none,none,validation_best,ood,64,0.2780875429204295,0,64,
ks,fno,correct,404,probe_best,response_matched,validation_best,test,64,0.027234778822364386,0,64,0.41656981043248814
ks,fno,correct,404,probe_best,response_matched,validation_best,ood,64,0.2280785810644046,0,64,
ks,fno,correct,404,random,smooth,validation_best,test,64,0.017956011821689648,0,64,0.0
ks,fno,correct,404,random,smooth,validation_best,ood,64,0.21158919720564295,0,64,
ks,fno,correct,404,ridge_selector,iid,validation_best,test,64,0.023209750946066227,0,64,0.25664751048125295
ks,fno,correct,404,ridge_selector,iid,validation_best,ood,64,0.34040709867479046,0,64,
ks,fno,correct,404,full_validation,smooth,validation_best,test,64,0.017956011821689648,0,64,0.0
ks,fno,correct,404,full_validation,smooth,validation_best,ood,64,0.21158919720564295,0,64,
ks,fno,correct,505,always_smooth,smooth,validation_best,test,64,0.013783146334961964,0,64,0.2210572165678776
ks,fno,correct,505,always_smooth,smooth,validation_best,ood,64,0.25406995230640406,0,64,
ks,fno,correct,505,best_fixed,smooth,validation_best,test,64,0.013783146334961964,0,64,0.2210572165678776
ks,fno,correct,505,best_fixed,smooth,validation_best,ood,64,0.25406995230640406,0,64,
ks,fno,correct,505,hand_rule,none,validation_best,test,64,0.020495405503955184,0,64,0.6178113901172169
ks,fno,correct,505,hand_rule,none,validation_best,ood,64,0.4325798029375377,0,64,
ks,fno,correct,505,none,none,validation_best,test,64,0.020495405503955184,0,64,0.6178113901172169
ks,fno,correct,505,none,none,validation_best,ood,64,0.4325798029375377,0,64,
ks,fno,correct,505,probe_best,smooth,validation_best,test,64,0.013783146334961964,0,64,0.2210572165678776
ks,fno,correct,505,probe_best,smooth,validation_best,ood,64,0.25406995230640406,0,64,
ks,fno,correct,505,random,smooth,validation_best,test,64,0.013783146334961964,0,64,0.2210572165678776
ks,fno,correct,505,random,smooth,validation_best,ood,64,0.25406995230640406,0,64,
ks,fno,correct,505,ridge_selector,iid,validation_best,test,64,0.011049546088428702,0,64,0.0
ks,fno,correct,505,ridge_selector,iid,validation_best,ood,64,0.39647200628788504,0,64,
ks,fno,correct,505,full_validation,smooth,validation_best,test,64,0.013783146334961964,0,64,0.2210572165678776
ks,fno,correct,505,full_validation,smooth,validation_best,ood,64,0.25406995230640406,0,64,
ks,fno,correct,606,always_smooth,smooth,validation_best,test,64,0.020435195168676805,0,64,0.4041855334179103
ks,fno,correct,606,always_smooth,smooth,validation_best,ood,64,0.4902199542935468,0,64,
ks,fno,correct,606,best_fixed,smooth,validation_best,test,64,0.020435195168676805,0,64,0.4041855334179103
ks,fno,correct,606,best_fixed,smooth,validation_best,ood,64,0.4902199542935468,0,64,
ks,fno,correct,606,hand_rule,none,validation_best,test,64,0.03625198528906363,0,64,0.9774210121371781
ks,fno,correct,606,hand_rule,none,validation_best,ood,64,0.680964459155344,0,64,
ks,fno,correct,606,none,none,validation_best,test,64,0.03625198528906363,0,64,0.9774210121371781
ks,fno,correct,606,none,none,validation_best,ood,64,0.680964459155344,0,64,
ks,fno,correct,606,probe_best,response_matched,validation_best,test,64,0.013640906842487477,0,64,0.0
ks,fno,correct,606,probe_best,response_matched,validation_best,ood,64,0.19144476996038318,0,64,
ks,fno,correct,606,random,none,validation_best,test,64,0.03625198528906363,0,64,0.9774210121371781
ks,fno,correct,606,random,none,validation_best,ood,64,0.680964459155344,0,64,
ks,fno,correct,606,ridge_selector,iid,validation_best,test,64,0.025206287490859083,0,64,0.6140203327433317
ks,fno,correct,606,ridge_selector,iid,validation_best,ood,64,0.45359254612499234,0,64,
ks,fno,correct,606,full_validation,smooth,validation_best,test,64,0.020435195168676805,0,64,0.4041855334179103
ks,fno,correct,606,full_validation,smooth,validation_best,ood,64,0.4902199542935468,0,64,
ks,looped,coefficient,101,always_smooth,smooth,validation_best,test,64,0.4075962754034368,0,64,0.0
ks,looped,coefficient,101,always_smooth,smooth,validation_best,ood,64,2.6810561115389078,0,64,
ks,looped,coefficient,101,best_fixed,smooth,validation_best,test,64,0.4075962754034368,0,64,0.0
ks,looped,coefficient,101,best_fixed,smooth,validation_best,ood,64,2.6810561115389078,0,64,
ks,looped,coefficient,101,hand_rule,none,validation_best,test,64,0.4470345362742254,0,64,0.09235869055245625
ks,looped,coefficient,101,hand_rule,none,validation_best,ood,64,31.919728938729463,0,64,
ks,looped,coefficient,101,none,none,validation_best,test,64,0.4470345362742254,0,64,0.09235869055245625
ks,looped,coefficient,101,none,none,validation_best,ood,64,31.919728938729463,0,64,
ks,looped,coefficient,101,probe_best,response_matched,validation_best,test,64,0.4184618928653112,0,64,0.0263086658738972
ks,looped,coefficient,101,probe_best,response_matched,validation_best,ood,64,1.6959769697594425,0,64,
ks,looped,coefficient,101,random,smooth,validation_best,test,64,0.4075962754034368,0,64,0.0
ks,looped,coefficient,101,random,smooth,validation_best,ood,64,2.6810561115389078,0,64,
ks,looped,coefficient,101,ridge_selector,iid,validation_best,test,64,0.42598522872141764,0,64,0.044127507870355166
ks,looped,coefficient,101,ridge_selector,iid,validation_best,ood,64,2.2466127744818323,0,64,
ks,looped,coefficient,101,full_validation,none,validation_best,test,64,0.4470345362742254,0,64,0.09235869055245625
ks,looped,coefficient,101,full_validation,none,validation_best,ood,64,31.919728938729463,0,64,
ks,looped,coefficient,202,always_smooth,smooth,validation_best,test,64,0.5232657924127722,0,64,0.6400883145210707
ks,looped,coefficient,202,always_smooth,smooth,validation_best,ood,64,5.064154622508681,0,64,
ks,looped,coefficient,202,best_fixed,smooth,validation_best,test,64,0.5232657924127722,0,64,0.6400883145210707
ks,looped,coefficient,202,best_fixed,smooth,validation_best,ood,64,5.064154622508681,0,64,
ks,looped,coefficient,202,hand_rule,none,validation_best,test,64,0.2758897219555476,0,64,0.0
ks,looped,coefficient,202,hand_rule,none,validation_best,ood,64,17.310544186916047,0,64,
ks,looped,coefficient,202,none,none,validation_best,test,64,0.2758897219555476,0,64,0.0
ks,looped,coefficient,202,none,none,validation_best,ood,64,17.310544186916047,0,64,
ks,looped,coefficient,202,probe_best,response_matched,validation_best,test,64,0.43696147923338957,0,64,0.45984381526250406
ks,looped,coefficient,202,probe_best,response_matched,validation_best,ood,64,4.645019377367589,0,64,
ks,looped,coefficient,202,random,response_matched,validation_best,test,64,0.43696147923338957,0,64,0.45984381526250406
ks,looped,coefficient,202,random,response_matched,validation_best,ood,64,4.645019377367589,0,64,
ks,looped,coefficient,202,ridge_selector,iid,validation_best,test,64,0.45941870110551974,0,64,0.5099607693601881
ks,looped,coefficient,202,ridge_selector,iid,validation_best,ood,64,4.951099916782255,0,64,
ks,looped,coefficient,202,full_validation,none,validation_best,test,64,0.2758897219555476,0,64,0.0
ks,looped,coefficient,202,full_validation,none,validation_best,ood,64,17.310544186916047,0,64,
ks,looped,coefficient,303,always_smooth,smooth,validation_best,test,64,0.372869506591623,0,64,0.15476517323662278
ks,looped,coefficient,303,always_smooth,smooth,validation_best,ood,64,10.883901085115838,0,64,
ks,looped,coefficient,303,best_fixed,smooth,validation_best,test,64,0.372869506591623,0,64,0.15476517323662278
ks,looped,coefficient,303,best_fixed,smooth,validation_best,ood,64,10.883901085115838,0,64,
ks,looped,coefficient,303,hand_rule,none,validation_best,test,64,0.3194061009608704,0,64,0.0
ks,looped,coefficient,303,hand_rule,none,validation_best,ood,64,5.905203966149486,0,64,
ks,looped,coefficient,303,none,none,validation_best,test,64,0.3194061009608704,0,64,0.0
ks,looped,coefficient,303,none,none,validation_best,ood,64,5.905203966149486,0,64,
ks,looped,coefficient,303,probe_best,response_matched,validation_best,test,64,0.3369612732116405,0,64,0.05350467054687103
ks,looped,coefficient,303,probe_best,response_matched,validation_best,ood,64,2.847409060461814,0,64,
ks,looped,coefficient,303,random,smooth,validation_best,test,64,0.372869506591623,0,64,0.15476517323662278
ks,looped,coefficient,303,random,smooth,validation_best,ood,64,10.883901085115838,0,64,
ks,looped,coefficient,303,ridge_selector,iid,validation_best,test,64,0.3687002774693875,0,64,0.1435207208850384
ks,looped,coefficient,303,ridge_selector,iid,validation_best,ood,64,6.365374904234557,0,64,
ks,looped,coefficient,303,full_validation,none,validation_best,test,64,0.3194061009608704,0,64,0.0
ks,looped,coefficient,303,full_validation,none,validation_best,ood,64,5.905203966149486,0,64,
ks,looped,coefficient,404,always_smooth,smooth,validation_best,test,64,0.4557476989425675,0,64,0.08563039514152747
ks,looped,coefficient,404,always_smooth,smooth,validation_best,ood,64,12.974555934096088,0,64,
ks,looped,coefficient,404,best_fixed,smooth,validation_best,test,64,0.4557476989425675,0,64,0.08563039514152747
ks,looped,coefficient,404,best_fixed,smooth,validation_best,ood,64,12.974555934096088,0,64,
ks,looped,coefficient,404,hand_rule,none,validation_best,test,64,1.8357335317330339,0,64,1.4788904559677836
ks,looped,coefficient,404,hand_rule,none,validation_best,ood,64,5.635586687802061,0,64,
ks,looped,coefficient,404,none,none,validation_best,test,64,1.8357335317330339,0,64,1.4788904559677836
ks,looped,coefficient,404,none,none,validation_best,ood,64,5.635586687802061,0,64,
ks,looped,coefficient,404,probe_best,response_matched,validation_best,test,64,0.41834605360435617,0,64,0.0
ks,looped,coefficient,404,probe_best,response_matched,validation_best,ood,64,15.802291059850859,0,64,
ks,looped,coefficient,404,random,iid,validation_best,test,64,0.4233341314579411,0,64,0.011852806658613387
ks,looped,coefficient,404,random,iid,validation_best,ood,64,14.206350096976621,0,64,
ks,looped,coefficient,404,ridge_selector,iid,validation_best,test,64,0.4233341314579411,0,64,0.011852806658613387
ks,looped,coefficient,404,ridge_selector,iid,validation_best,ood,64,14.206350096976621,0,64,
ks,looped,coefficient,404,full_validation,response_matched,validation_best,test,64,0.41834605360435617,0,64,0.0
ks,looped,coefficient,404,full_validation,response_matched,validation_best,ood,64,15.802291059850859,0,64,
ks,looped,coefficient,505,always_smooth,smooth,validation_best,test,64,0.4601651429141804,0,64,0.0
ks,looped,coefficient,505,always_smooth,smooth,validation_best,ood,64,4.632354860633882,0,64,
ks,looped,coefficient,505,best_fixed,smooth,validation_best,test,64,0.4601651429141804,0,64,0.0
ks,looped,coefficient,505,best_fixed,smooth,validation_best,ood,64,4.632354860633882,0,64,
ks,looped,coefficient,505,hand_rule,none,validation_best,test,64,0.4893520832909628,0,64,0.06149680573340323
ks,looped,coefficient,505,hand_rule,none,validation_best,ood,64,4.951213079155082,0,64,
ks,looped,coefficient,505,none,none,validation_best,test,64,0.4893520832909628,0,64,0.06149680573340323
ks,looped,coefficient,505,none,none,validation_best,ood,64,4.951213079155082,0,64,
ks,looped,coefficient,505,probe_best,response_matched,validation_best,test,64,0.4777930148052514,0,64,0.03759218389880397
ks,looped,coefficient,505,probe_best,response_matched,validation_best,ood,64,2.2624525999092384,0,64,
ks,looped,coefficient,505,random,response_matched,validation_best,test,64,0.4777930148052514,0,64,0.03759218389880397
ks,looped,coefficient,505,random,response_matched,validation_best,ood,64,2.2624525999092384,0,64,
ks,looped,coefficient,505,ridge_selector,iid,validation_best,test,64,0.5782076026796754,0,64,0.22834754698009915
ks,looped,coefficient,505,ridge_selector,iid,validation_best,ood,64,3.8253277017014398,0,64,
ks,looped,coefficient,505,full_validation,response_matched,validation_best,test,64,0.4777930148052514,0,64,0.03759218389880397
ks,looped,coefficient,505,full_validation,response_matched,validation_best,ood,64,2.2624525999092384,0,64,
ks,looped,coefficient,606,always_smooth,smooth,validation_best,test,64,0.4470598212257926,0,64,0.0
ks,looped,coefficient,606,always_smooth,smooth,validation_best,ood,64,5.785012594615637,0,64,
ks,looped,coefficient,606,best_fixed,smooth,validation_best,test,64,0.4470598212257926,0,64,0.0
ks,looped,coefficient,606,best_fixed,smooth,validation_best,ood,64,5.785012594615637,0,64,
ks,looped,coefficient,606,hand_rule,none,validation_best,test,64,0.4831278070920959,0,64,0.07758881570099936
ks,looped,coefficient,606,hand_rule,none,validation_best,ood,64,6.751797473684633,0,64,
ks,looped,coefficient,606,none,none,validation_best,test,64,0.4831278070920959,0,64,0.07758881570099936
ks,looped,coefficient,606,none,none,validation_best,ood,64,6.751797473684633,0,64,
ks,looped,coefficient,606,probe_best,response_matched,validation_best,test,64,0.5042500539554293,0,64,0.12037986993067337
ks,looped,coefficient,606,probe_best,response_matched,validation_best,ood,64,5.747672303884997,0,64,
ks,looped,coefficient,606,random,response_matched,validation_best,test,64,0.5042500539554293,0,64,0.12037986993067337
ks,looped,coefficient,606,random,response_matched,validation_best,ood,64,5.747672303884997,0,64,
ks,looped,coefficient,606,ridge_selector,iid,validation_best,test,64,0.4542983586703797,0,64,0.0160617459777243
ks,looped,coefficient,606,ridge_selector,iid,validation_best,ood,64,5.170504817699225,0,64,
ks,looped,coefficient,606,full_validation,none,validation_best,test,64,0.4831278070920959,0,64,0.07758881570099936
ks,looped,coefficient,606,full_validation,none,validation_best,ood,64,6.751797473684633,0,64,
ks,looped,correct,101,always_smooth,smooth,validation_best,test,64,0.4023713251683354,0,64,0.11450856086609329
ks,looped,correct,101,always_smooth,smooth,validation_best,ood,64,54.350237716381,0,64,
ks,looped,correct,101,best_fixed,smooth,validation_best,test,64,0.4023713251683354,0,64,0.11450856086609329
ks,looped,correct,101,best_fixed,smooth,validation_best,ood,64,54.350237716381,0,64,
ks,looped,correct,101,hand_rule,none,validation_best,test,64,0.44703609663028043,0,64,0.21977254858276257
ks,looped,correct,101,hand_rule,none,validation_best,ood,64,31.91957577261644,0,64,
ks,looped,correct,101,none,none,validation_best,test,64,0.44703609663028043,0,64,0.21977254858276257
ks,looped,correct,101,none,none,validation_best,ood,64,31.91957577261644,0,64,
ks,looped,correct,101,probe_best,response_matched,validation_best,test,64,0.3588364794980432,0,64,0.0
ks,looped,correct,101,probe_best,response_matched,validation_best,ood,64,43.41628835666586,0,64,
ks,looped,correct,101,random,response_matched,validation_best,test,64,0.3588364794980432,0,64,0.0
ks,looped,correct,101,random,response_matched,validation_best,ood,64,43.41628835666586,0,64,
ks,looped,correct,101,ridge_selector,iid,validation_best,test,64,0.3784785184643251,0,64,0.05329252102106963
ks,looped,correct,101,ridge_selector,iid,validation_best,ood,64,43.65025769747797,0,64,
ks,looped,correct,101,full_validation,response_matched,validation_best,test,64,0.3588364794980432,0,64,0.0
ks,looped,correct,101,full_validation,response_matched,validation_best,ood,64,43.41628835666586,0,64,
ks,looped,correct,202,always_smooth,smooth,validation_best,test,64,0.38202110455609617,0,64,0.3254728779503211
ks,looped,correct,202,always_smooth,smooth,validation_best,ood,64,11.222106763774832,0,64,
ks,looped,correct,202,best_fixed,smooth,validation_best,test,64,0.38202110455609617,0,64,0.3254728779503211
ks,looped,correct,202,best_fixed,smooth,validation_best,ood,64,11.222106763774832,0,64,
ks,looped,correct,202,hand_rule,none,validation_best,test,64,0.2758902044646787,0,64,0.0
ks,looped,correct,202,hand_rule,none,validation_best,ood,64,17.31054384293742,0,64,
ks,looped,correct,202,none,none,validation_best,test,64,0.2758902044646787,0,64,0.0
ks,looped,correct,202,none,none,validation_best,ood,64,17.31054384293742,0,64,
ks,looped,correct,202,probe_best,response_matched,validation_best,test,64,0.3255518129531425,0,64,0.16551865190123324
ks,looped,correct,202,probe_best,response_matched,validation_best,ood,64,4.458786635730348,0,64,
ks,looped,correct,202,random,none,validation_best,test,64,0.2758902044646787,0,64,0.0
ks,looped,correct,202,random,none,validation_best,ood,64,17.31054384293742,0,64,
ks,looped,correct,202,ridge_selector,iid,validation_best,test,64,0.32618672593771714,0,64,0.1674670196822961
ks,looped,correct,202,ridge_selector,iid,validation_best,ood,64,6.8471214905971465,0,64,
ks,looped,correct,202,full_validation,none,validation_best,test,64,0.2758902044646787,0,64,0.0
ks,looped,correct,202,full_validation,none,validation_best,ood,64,17.31054384293742,0,64,
ks,looped,correct,303,always_smooth,smooth,validation_best,test,64,0.2679070006233426,0,64,0.09544036492224738
ks,looped,correct,303,always_smooth,smooth,validation_best,ood,64,6.629819231212537,0,64,
ks,looped,correct,303,best_fixed,smooth,validation_best,test,64,0.2679070006233426,0,64,0.09544036492224738
ks,looped,correct,303,best_fixed,smooth,validation_best,ood,64,6.629819231212537,0,64,
ks,looped,correct,303,hand_rule,none,validation_best,test,64,0.31940570948262526,0,64,0.2712625685048548
ks,looped,correct,303,hand_rule,none,validation_best,ood,64,5.905221079431328,0,64,
ks,looped,correct,303,none,none,validation_best,test,64,0.31940570948262526,0,64,0.2712625685048548
ks,looped,correct,303,none,none,validation_best,ood,64,5.905221079431328,0,64,
ks,looped,correct,303,probe_best,none,validation_best,test,64,0.31940570948262526,0,64,0.2712625685048548
ks,looped,correct,303,probe_best,none,validation_best,ood,64,5.905221079431328,0,64,
ks,looped,correct,303,random,iid,validation_best,test,64,0.2435201139900378,0,64,0.0
ks,looped,correct,303,random,iid,validation_best,ood,64,3.7883719008556227,0,64,
ks,looped,correct,303,ridge_selector,iid,validation_best,test,64,0.2435201139900378,0,64,0.0
ks,looped,correct,303,ridge_selector,iid,validation_best,ood,64,3.7883719008556227,0,64,
ks,looped,correct,303,full_validation,iid,validation_best,test,64,0.2435201139900378,0,64,0.0
ks,looped,correct,303,full_validation,iid,validation_best,ood,64,3.7883719008556227,0,64,
ks,looped,correct,404,always_smooth,smooth,validation_best,test,64,0.8057747927622119,0,64,0.4191343223715771
ks,looped,correct,404,always_smooth,smooth,validation_best,ood,64,4.73920500250324,0,64,
ks,looped,correct,404,best_fixed,smooth,validation_best,test,64,0.8057747927622119,0,64,0.4191343223715771
ks,looped,correct,404,best_fixed,smooth,validation_best,ood,64,4.73920500250324,0,64,
ks,looped,correct,404,hand_rule,none,validation_best,test,64,1.8357373354210358,0,64,1.2425315298042552
ks,looped,correct,404,hand_rule,none,validation_best,ood,64,5.6355926100332,0,64,
ks,looped,correct,404,none,none,validation_best,test,64,1.8357373354210358,0,64,1.2425315298042552
ks,looped,correct,404,none,none,validation_best,ood,64,5.6355926100332,0,64,
ks,looped,correct,404,probe_best,response_matched,validation_best,test,64,0.5298902807410908,0,64,0.0
ks,looped,correct,404,probe_best,response_matched,validation_best,ood,64,5.150999920217828,0,64,
ks,looped,correct,404,random,none,validation_best,test,64,1.8357373354210358,0,64,1.2425315298042552
ks,looped,correct,404,random,none,validation_best,ood,64,5.6355926100332,0,64,
ks,looped,correct,404,ridge_selector,iid,validation_best,test,64,0.6495891533411147,0,64,0.20367012361974532
ks,looped,correct,404,ridge_selector,iid,validation_best,ood,64,4.927811350477782,0,64,
ks,looped,correct,404,full_validation,response_matched,validation_best,test,64,0.5298902807410908,0,64,0.0
ks,looped,correct,404,full_validation,response_matched,validation_best,ood,64,5.150999920217828,0,64,
ks,looped,correct,505,always_smooth,smooth,validation_best,test,64,0.40449729356636865,0,64,0.0
ks,looped,correct,505,always_smooth,smooth,validation_best,ood,64,7.096901602070375,0,64,
ks,looped,correct,505,best_fixed,smooth,validation_best,test,64,0.40449729356636865,0,64,0.0
ks,looped,correct,505,best_fixed,smooth,validation_best,ood,64,7.096901602070375,0,64,
ks,looped,correct,505,hand_rule,none,validation_best,test,64,0.4893534530367605,0,64,0.19043999055750102
ks,looped,correct,505,hand_rule,none,validation_best,ood,64,4.951203706734418,0,64,
ks,looped,correct,505,none,none,validation_best,test,64,0.4893534530367605,0,64,0.19043999055750102
ks,looped,correct,505,none,none,validation_best,ood,64,4.951203706734418,0,64,
ks,looped,correct,505,probe_best,response_matched,validation_best,test,64,0.5620479750447847,0,64,0.32894216543496596
ks,looped,correct,505,probe_best,response_matched,validation_best,ood,64,4.589556416987534,0,64,
ks,looped,correct,505,random,smooth,validation_best,test,64,0.40449729356636865,0,64,0.0
ks,looped,correct,505,random,smooth,validation_best,ood,64,7.096901602070375,0,64,
ks,looped,correct,505,ridge_selector,iid,validation_best,test,64,0.5244968467027116,0,64,0.25979437014828505
ks,looped,correct,505,ridge_selector,iid,validation_best,ood,64,22.66742321746085,0,64,
ks,looped,correct,505,full_validation,response_matched,validation_best,test,64,0.5620479750447847,0,64,0.32894216543496596
ks,looped,correct,505,full_validation,response_matched,validation_best,ood,64,4.589556416987534,0,64,
ks,looped,correct,606,always_smooth,smooth,validation_best,test,64,0.3313427967161964,0,64,0.0
ks,looped,correct,606,always_smooth,smooth,validation_best,ood,64,6.694353153190718,0,64,
ks,looped,correct,606,best_fixed,smooth,validation_best,test,64,0.3313427967161964,0,64,0.0
ks,looped,correct,606,best_fixed,smooth,validation_best,ood,64,6.694353153190718,0,64,
ks,looped,correct,606,hand_rule,none,validation_best,test,64,0.4831314552441053,0,64,0.3771353015908342
ks,looped,correct,606,hand_rule,none,validation_best,ood,64,6.751764964891322,0,64,
ks,looped,correct,606,none,none,validation_best,test,64,0.4831314552441053,0,64,0.3771353015908342
ks,looped,correct,606,none,none,validation_best,ood,64,6.751764964891322,0,64,
ks,looped,correct,606,probe_best,response_matched,validation_best,test,64,0.3579066684910721,0,64,0.07711877077469387
ks,looped,correct,606,probe_best,response_matched,validation_best,ood,64,3.0689868017611843,0,64,
ks,looped,correct,606,random,smooth,validation_best,test,64,0.3313427967161964,0,64,0.0
ks,looped,correct,606,random,smooth,validation_best,ood,64,6.694353153190718,0,64,
ks,looped,correct,606,ridge_selector,iid,validation_best,test,64,0.3321556947265938,0,64,0.0024503399106782513
ks,looped,correct,606,ridge_selector,iid,validation_best,ood,64,4.259453080879666,0,64,
ks,looped,correct,606,full_validation,iid,validation_best,test,64,0.3321556947265938,0,64,0.0024503399106782513
ks,looped,correct,606,full_validation,iid,validation_best,ood,64,4.259453080879666,0,64,
ks,transformer,coefficient,101,always_smooth,smooth,validation_best,test,64,0.25471003384609325,0,64,0.015286269767751574
ks,transformer,coefficient,101,always_smooth,smooth,validation_best,ood,64,3.9652282600297326,0,64,
ks,transformer,coefficient,101,best_fixed,none,validation_best,test,64,1.2185999943778896,0,64,1.5806184269962713
ks,transformer,coefficient,101,best_fixed,none,validation_best,ood,64,15.68890758747196,0,64,
ks,transformer,coefficient,101,hand_rule,none,validation_best,test,64,1.2185999943778896,0,64,1.5806184269962713
ks,transformer,coefficient,101,hand_rule,none,validation_best,ood,64,15.68890758747196,0,64,
ks,transformer,coefficient,101,none,none,validation_best,test,64,1.2185999943778896,0,64,1.5806184269962713
ks,transformer,coefficient,101,none,none,validation_best,ood,64,15.68890758747196,0,64,
ks,transformer,coefficient,101,probe_best,response_matched,validation_best,test,64,0.2698934693454387,0,64,0.07318781695549931
ks,transformer,coefficient,101,probe_best,response_matched,validation_best,ood,64,1.8588369344280409,0,64,
ks,transformer,coefficient,101,random,none,validation_best,test,64,1.2185999943778896,0,64,1.5806184269962713
ks,transformer,coefficient,101,random,none,validation_best,ood,64,15.68890758747196,0,64,
ks,transformer,coefficient,101,ridge_selector,iid,validation_best,test,64,0.2508460755512507,0,64,0.0
ks,transformer,coefficient,101,ridge_selector,iid,validation_best,ood,64,3.108729126680032,0,64,
ks,transformer,coefficient,101,full_validation,iid,validation_best,test,64,0.2508460755512507,0,64,0.0
ks,transformer,coefficient,101,full_validation,iid,validation_best,ood,64,3.108729126680032,0,64,
ks,transformer,coefficient,202,always_smooth,smooth,validation_best,test,64,0.3263703535200966,0,64,0.08950810582287891
ks,transformer,coefficient,202,always_smooth,smooth,validation_best,ood,64,2.8888002555483467,0,64,
ks,transformer,coefficient,202,best_fixed,none,validation_best,test,64,0.6534173915486448,0,64,0.7836914313483107
ks,transformer,coefficient,202,best_fixed,none,validation_best,ood,64,9.904784498253662,0,64,
ks,transformer,coefficient,202,hand_rule,none,validation_best,test,64,0.6534173915486448,0,64,0.7836914313483107
ks,transformer,coefficient,202,hand_rule,none,validation_best,ood,64,9.904784498253662,0,64,
ks,transformer,coefficient,202,none,none,validation_best,test,64,0.6534173915486448,0,64,0.7836914313483107
ks,transformer,coefficient,202,none,none,validation_best,ood,64,9.904784498253662,0,64,
ks,transformer,coefficient,202,probe_best,response_matched,validation_best,test,64,0.31493995533841623,0,64,0.05385731821671197
ks,transformer,coefficient,202,probe_best,response_matched,validation_best,ood,64,1.4249525814719846,0,64,
ks,transformer,coefficient,202,random,none,validation_best,test,64,0.6534173915486448,0,64,0.7836914313483107
ks,transformer,coefficient,202,random,none,validation_best,ood,64,9.904784498253662,0,64,
ks,transformer,coefficient,202,ridge_selector,iid,validation_best,test,64,0.29842680233864094,0,64,0.0
ks,transformer,coefficient,202,ridge_selector,iid,validation_best,ood,64,2.15475935574824,0,64,
ks,transformer,coefficient,202,full_validation,response_matched,validation_best,test,64,0.31493995533841623,0,64,0.05385731821671197
ks,transformer,coefficient,202,full_validation,response_matched,validation_best,ood,64,1.4249525814719846,0,64,
ks,transformer,coefficient,303,always_smooth,smooth,validation_best,test,64,0.36755815831810157,0,64,0.2253673005216426
ks,transformer,coefficient,303,always_smooth,smooth,validation_best,ood,64,4.405496959662969,0,64,
ks,transformer,coefficient,303,best_fixed,none,validation_best,test,64,0.8504535032886165,0,64,1.0642554809495854
ks,transformer,coefficient,303,best_fixed,none,validation_best,ood,64,3.22653319197633,0,64,
ks,transformer,coefficient,303,hand_rule,none,validation_best,test,64,0.8504535032886165,0,64,1.0642554809495854
ks,transformer,coefficient,303,hand_rule,none,validation_best,ood,64,3.22653319197633,0,64,
ks,transformer,coefficient,303,none,none,validation_best,test,64,0.8504535032886165,0,64,1.0642554809495854
ks,transformer,coefficient,303,none,none,validation_best,ood,64,3.22653319197633,0,64,
ks,transformer,coefficient,303,probe_best,response_matched,validation_best,test,64,0.3417625384973646,0,64,0.1526019044863148
ks,transformer,coefficient,303,probe_best,response_matched,validation_best,ood,64,2.712730601793055,0,64,
ks,transformer,coefficient,303,random,response_matched,validation_best,test,64,0.3417625384973646,0,64,0.1526019044863148
ks,transformer,coefficient,303,random,response_matched,validation_best,ood,64,2.712730601793055,0,64,
ks,transformer,coefficient,303,ridge_selector,iid,validation_best,test,64,0.2933933674242044,0,64,0.0
ks,transformer,coefficient,303,ridge_selector,iid,validation_best,ood,64,3.927223411162231,0,64,
ks,transformer,coefficient,303,full_validation,smooth,validation_best,test,64,0.36755815831810157,0,64,0.2253673005216426
ks,transformer,coefficient,303,full_validation,smooth,validation_best,ood,64,4.405496959662969,0,64,
ks,transformer,coefficient,404,always_smooth,smooth,validation_best,test,64,0.3632254136144324,0,64,0.0
ks,transformer,coefficient,404,always_smooth,smooth,validation_best,ood,64,4.8095486365774605,0,64,
ks,transformer,coefficient,404,best_fixed,none,validation_best,test,64,1.9030359796151588,0,64,1.6561821582195233
ks,transformer,coefficient,404,best_fixed,none,validation_best,ood,64,8.075428257778071,0,64,
ks,transformer,coefficient,404,hand_rule,none,validation_best,test,64,1.9030359796151588,0,64,1.6561821582195233
ks,transformer,coefficient,404,hand_rule,none,validation_best,ood,64,8.075428257778071,0,64,
ks,transformer,coefficient,404,none,none,validation_best,test,64,1.9030359796151588,0,64,1.6561821582195233
ks,transformer,coefficient,404,none,none,validation_best,ood,64,8.075428257778071,0,64,
ks,transformer,coefficient,404,probe_best,response_matched,validation_best,test,64,0.36376780739478853,0,64,0.0014921566400336297
ks,transformer,coefficient,404,probe_best,response_matched,validation_best,ood,64,3.246129588189092,0,64,
ks,transformer,coefficient,404,random,smooth,validation_best,test,64,0.3632254136144324,0,64,0.0
ks,transformer,coefficient,404,random,smooth,validation_best,ood,64,4.8095486365774605,0,64,
ks,transformer,coefficient,404,ridge_selector,iid,validation_best,test,64,0.38257281056250436,0,64,0.051895373878635166
ks,transformer,coefficient,404,ridge_selector,iid,validation_best,ood,64,5.407382787813276,0,64,
ks,transformer,coefficient,404,full_validation,response_matched,validation_best,test,64,0.36376780739478853,0,64,0.0014921566400336297
ks,transformer,coefficient,404,full_validation,response_matched,validation_best,ood,64,3.246129588189092,0,64,
ks,transformer,coefficient,505,always_smooth,smooth,validation_best,test,64,0.30065253575484174,0,64,0.07932442516029456
ks,transformer,coefficient,505,always_smooth,smooth,validation_best,ood,64,9.893911543600098,0,64,
ks,transformer,coefficient,505,best_fixed,none,validation_best,test,64,0.44645905623866167,0,64,0.4747168902267453
ks,transformer,coefficient,505,best_fixed,none,validation_best,ood,64,5.206861890960681,0,64,
ks,transformer,coefficient,505,hand_rule,none,validation_best,test,64,0.44645905623866167,0,64,0.4747168902267453
ks,transformer,coefficient,505,hand_rule,none,validation_best,ood,64,5.206861890960681,0,64,
ks,transformer,coefficient,505,none,none,validation_best,test,64,0.44645905623866167,0,64,0.4747168902267453
ks,transformer,coefficient,505,none,none,validation_best,ood,64,5.206861890960681,0,64,
ks,transformer,coefficient,505,probe_best,response_matched,validation_best,test,64,0.33493595793229414,0,64,0.18730853666666125
ks,transformer,coefficient,505,probe_best,response_matched,validation_best,ood,64,6.356483299495267,0,64,
ks,transformer,coefficient,505,random,smooth,validation_best,test,64,0.30065253575484174,0,64,0.07932442516029456
ks,transformer,coefficient,505,random,smooth,validation_best,ood,64,9.893911543600098,0,64,
ks,transformer,coefficient,505,ridge_selector,iid,validation_best,test,64,0.2777248308832667,0,64,0.0
ks,transformer,coefficient,505,ridge_selector,iid,validation_best,ood,64,9.76481745573642,0,64,
ks,transformer,coefficient,505,full_validation,iid,validation_best,test,64,0.2777248308832667,0,64,0.0
ks,transformer,coefficient,505,full_validation,iid,validation_best,ood,64,9.76481745573642,0,64,
ks,transformer,coefficient,606,always_smooth,smooth,validation_best,test,64,0.3578664560206297,0,64,0.0
ks,transformer,coefficient,606,always_smooth,smooth,validation_best,ood,64,7.1731224022611855,0,64,
ks,transformer,coefficient,606,best_fixed,none,validation_best,test,64,0.5813096215118398,0,64,0.4851236373520121
ks,transformer,coefficient,606,best_fixed,none,validation_best,ood,64,5.0231124159462865,0,64,
ks,transformer,coefficient,606,hand_rule,none,validation_best,test,64,0.5813096215118398,0,64,0.4851236373520121
ks,transformer,coefficient,606,hand_rule,none,validation_best,ood,64,5.0231124159462865,0,64,
ks,transformer,coefficient,606,none,none,validation_best,test,64,0.5813096215118398,0,64,0.4851236373520121
ks,transformer,coefficient,606,none,none,validation_best,ood,64,5.0231124159462865,0,64,
ks,transformer,coefficient,606,probe_best,response_matched,validation_best,test,64,0.36355758741110034,0,64,0.015777820282355057
ks,transformer,coefficient,606,probe_best,response_matched,validation_best,ood,64,1.5287167725816744,0,64,
ks,transformer,coefficient,606,random,iid,validation_best,test,64,0.3864169226253349,0,64,0.07675700806042424
ks,transformer,coefficient,606,random,iid,validation_best,ood,64,2.8460936245984954,0,64,
ks,transformer,coefficient,606,ridge_selector,iid,validation_best,test,64,0.3864169226253349,0,64,0.07675700806042424
ks,transformer,coefficient,606,ridge_selector,iid,validation_best,ood,64,2.8460936245984954,0,64,
ks,transformer,coefficient,606,full_validation,response_matched,validation_best,test,64,0.36355758741110034,0,64,0.015777820282355057
ks,transformer,coefficient,606,full_validation,response_matched,validation_best,ood,64,1.5287167725816744,0,64,
ks,transformer,correct,101,always_smooth,smooth,validation_best,test,64,1.3016361758848545,0,64,1.1925198711398404
ks,transformer,correct,101,always_smooth,smooth,validation_best,ood,64,53.74325591312049,0,64,
ks,transformer,correct,101,best_fixed,none,validation_best,test,64,1.2185945395573672,0,64,1.1265959791144362
ks,transformer,correct,101,best_fixed,none,validation_best,ood,64,15.689244798803827,0,64,
ks,transformer,correct,101,hand_rule,none,validation_best,test,64,1.2185945395573672,0,64,1.1265959791144362
ks,transformer,correct,101,hand_rule,none,validation_best,ood,64,15.689244798803827,0,64,
ks,transformer,correct,101,none,none,validation_best,test,64,1.2185945395573672,0,64,1.1265959791144362
ks,transformer,correct,101,none,none,validation_best,ood,64,15.689244798803827,0,64,
ks,transformer,correct,101,probe_best,response_matched,validation_best,test,64,0.3949888267433046,0,64,0.0
ks,transformer,correct,101,probe_best,response_matched,validation_best,ood,64,37.17307576123687,0,64,
ks,transformer,correct,101,random,response_matched,validation_best,test,64,0.3949888267433046,0,64,0.0
ks,transformer,correct,101,random,response_matched,validation_best,ood,64,37.17307576123687,0,64,
ks,transformer,correct,101,ridge_selector,iid,validation_best,test,64,0.45080904223131024,0,64,0.13218636237757897
ks,transformer,correct,101,ridge_selector,iid,validation_best,ood,64,49.30170024098345,0,64,
ks,transformer,correct,101,full_validation,iid,validation_best,test,64,0.45080904223131024,0,64,0.13218636237757897
ks,transformer,correct,101,full_validation,iid,validation_best,ood,64,49.30170024098345,0,64,
ks,transformer,correct,202,always_smooth,smooth,validation_best,test,64,0.5386350892065255,0,64,0.4231433829518083
ks,transformer,correct,202,always_smooth,smooth,validation_best,ood,64,8.082990510939055,0,64,
ks,transformer,correct,202,best_fixed,none,validation_best,test,64,0.6534188865962425,0,64,0.6163234596349227
ks,transformer,correct,202,best_fixed,none,validation_best,ood,64,9.904740039694502,0,64,
ks,transformer,correct,202,hand_rule,none,validation_best,test,64,0.6534188865962425,0,64,0.6163234596349227
ks,transformer,correct,202,hand_rule,none,validation_best,ood,64,9.904740039694502,0,64,
ks,transformer,correct,202,none,none,validation_best,test,64,0.6534188865962425,0,64,0.6163234596349227
ks,transformer,correct,202,none,none,validation_best,ood,64,9.904740039694502,0,64,
ks,transformer,correct,202,probe_best,response_matched,validation_best,test,64,0.37385788868392433,0,64,0.05798080420383747
ks,transformer,correct,202,probe_best,response_matched,validation_best,ood,64,6.68000042577637,0,64,
ks,transformer,correct,202,random,none,validation_best,test,64,0.6534188865962425,0,64,0.6163234596349227
ks,transformer,correct,202,random,none,validation_best,ood,64,9.904740039694502,0,64,
ks,transformer,correct,202,ridge_selector,iid,validation_best,test,64,0.35279774917409856,0,64,0.0
ks,transformer,correct,202,ridge_selector,iid,validation_best,ood,64,5.445720561724045,0,64,
ks,transformer,correct,202,full_validation,response_matched,validation_best,test,64,0.37385788868392433,0,64,0.05798080420383747
ks,transformer,correct,202,full_validation,response_matched,validation_best,ood,64,6.68000042577637,0,64,
ks,transformer,correct,303,always_smooth,smooth,validation_best,test,64,0.4832863776091001,0,64,0.503342748340047
ks,transformer,correct,303,always_smooth,smooth,validation_best,ood,64,1.7145732133752745,0,64,
ks,transformer,correct,303,best_fixed,none,validation_best,test,64,0.8504482112388647,0,64,1.0684968739336977
ks,transformer,correct,303,best_fixed,none,validation_best,ood,64,3.226524055828804,0,64,
ks,transformer,correct,303,hand_rule,none,validation_best,test,64,0.8504482112388647,0,64,1.0684968739336977
ks,transformer,correct,303,hand_rule,none,validation_best,ood,64,3.226524055828804,0,64,
ks,transformer,correct,303,none,none,validation_best,test,64,0.8504482112388647,0,64,1.0684968739336977
ks,transformer,correct,303,none,none,validation_best,ood,64,3.226524055828804,0,64,
ks,transformer,correct,303,probe_best,response_matched,validation_best,test,64,0.4656870514270368,0,64,0.46624720115175877
ks,transformer,correct,303,probe_best,response_matched,validation_best,ood,64,1.7859771732059926,0,64,
ks,transformer,correct,303,random,response_matched,validation_best,test,64,0.4656870514270368,0,64,0.46624720115175877
ks,transformer,correct,303,random,response_matched,validation_best,ood,64,1.7859771732059926,0,64,
ks,transformer,correct,303,ridge_selector,iid,validation_best,test,64,0.2921497881657331,0,64,0.0
ks,transformer,correct,303,ridge_selector,iid,validation_best,ood,64,1.3743275476517738,0,64,
ks,transformer,correct,303,full_validation,iid,validation_best,test,64,0.2921497881657331,0,64,0.0
ks,transformer,correct,303,full_validation,iid,validation_best,ood,64,1.3743275476517738,0,64,
ks,transformer,correct,404,always_smooth,smooth,validation_best,test,64,1.6477769762787822,0,64,1.0624933329983641
ks,transformer,correct,404,always_smooth,smooth,validation_best,ood,64,8.477217713509617,0,64,
ks,transformer,correct,404,best_fixed,none,validation_best,test,64,1.9030440515097,0,64,1.2065209770979328
ks,transformer,correct,404,best_fixed,none,validation_best,ood,64,8.075463997436941,0,64,
ks,transformer,correct,404,hand_rule,none,validation_best,test,64,1.9030440515097,0,64,1.2065209770979328
ks,transformer,correct,404,hand_rule,none,validation_best,ood,64,8.075463997436941,0,64,
ks,transformer,correct,404,none,none,validation_best,test,64,1.9030440515097,0,64,1.2065209770979328
ks,transformer,correct,404,none,none,validation_best,ood,64,8.075463997436941,0,64,
ks,transformer,correct,404,probe_best,none,validation_best,test,64,1.9030440515097,0,64,1.2065209770979328
ks,transformer,correct,404,probe_best,none,validation_best,ood,64,8.075463997436941,0,64,
ks,transformer,correct,404,random,smooth,validation_best,test,64,1.6477769762787822,0,64,1.0624933329983641
ks,transformer,correct,404,random,smooth,validation_best,ood,64,8.477217713509617,0,64,
ks,transformer,correct,404,ridge_selector,iid,validation_best,test,64,1.2404808847828281,0,64,0.778565355343625
ks,transformer,correct,404,ridge_selector,iid,validation_best,ood,64,4.811417956955381,0,64,
ks,transformer,correct,404,full_validation,response_matched,validation_best,test,64,0.5694602818911703,0,64,0.0
ks,transformer,correct,404,full_validation,response_matched,validation_best,ood,64,2.242523407910028,0,64,
ks,transformer,correct,505,always_smooth,smooth,validation_best,test,64,0.751037312881627,0,64,0.5973680234001284
ks,transformer,correct,505,always_smooth,smooth,validation_best,ood,64,4.295510840205907,0,64,
ks,transformer,correct,505,best_fixed,none,validation_best,test,64,0.44646170605425306,0,64,0.07726632052949653
ks,transformer,correct,505,best_fixed,none,validation_best,ood,64,5.206894547624188,0,64,
ks,transformer,correct,505,hand_rule,none,validation_best,test,64,0.44646170605425306,0,64,0.07726632052949653
ks,transformer,correct,505,hand_rule,none,validation_best,ood,64,5.206894547624188,0,64,
ks,transformer,correct,505,none,none,validation_best,test,64,0.44646170605425306,0,64,0.07726632052949653
ks,transformer,correct,505,none,none,validation_best,ood,64,5.206894547624188,0,64,
ks,transformer,correct,505,probe_best,response_matched,validation_best,test,64,0.41326428823839123,0,64,0.0
ks,transformer,correct,505,probe_best,response_matched,validation_best,ood,64,7.648087211231086,0,64,
ks,transformer,correct,505,random,iid,validation_best,test,64,0.4897972208953414,0,64,0.16990415915097346
ks,transformer,correct,505,random,iid,validation_best,ood,64,4.0671033861463,0,64,
ks,transformer,correct,505,ridge_selector,iid,validation_best,test,64,0.4897972208953414,0,64,0.16990415915097346
ks,transformer,correct,505,ridge_selector,iid,validation_best,ood,64,4.0671033861463,0,64,
ks,transformer,correct,505,full_validation,none,validation_best,test,64,0.44646170605425306,0,64,0.07726632052949653
ks,transformer,correct,505,full_validation,none,validation_best,ood,64,5.206894547624188,0,64,
ks,transformer,correct,606,always_smooth,smooth,validation_best,test,64,0.7572850634563744,0,64,0.7621627743280821
ks,transformer,correct,606,always_smooth,smooth,validation_best,ood,64,4.315661413847067,0,64,
ks,transformer,correct,606,best_fixed,none,validation_best,test,64,0.5813097971257606,0,64,0.49770685020533983
ks,transformer,correct,606,best_fixed,none,validation_best,ood,64,5.023103809512406,0,64,
ks,transformer,correct,606,hand_rule,none,validation_best,test,64,0.5813097971257606,0,64,0.49770685020533983
ks,transformer,correct,606,hand_rule,none,validation_best,ood,64,5.023103809512406,0,64,
ks,transformer,correct,606,none,none,validation_best,test,64,0.5813097971257606,0,64,0.49770685020533983
ks,transformer,correct,606,none,none,validation_best,ood,64,5.023103809512406,0,64,
ks,transformer,correct,606,probe_best,response_matched,validation_best,test,64,0.353391666323601,0,64,0.0
ks,transformer,correct,606,probe_best,response_matched,validation_best,ood,64,1.758134745496136,0,64,
ks,transformer,correct,606,random,smooth,validation_best,test,64,0.7572850634563744,0,64,0.7621627743280821
ks,transformer,correct,606,random,smooth,validation_best,ood,64,4.315661413847067,0,64,
ks,transformer,correct,606,ridge_selector,iid,validation_best,test,64,0.5260363131704895,0,64,0.3977932686203261
ks,transformer,correct,606,ridge_selector,iid,validation_best,ood,64,2.377704570023866,0,64,
ks,transformer,correct,606,full_validation,response_matched,validation_best,test,64,0.353391666323601,0,64,0.0
ks,transformer,correct,606,full_validation,response_matched,validation_best,ood,64,1.758134745496136,0,64,
wave,fno,coefficient,101,always_smooth,smooth,validation_best,test,64,0.002262228684489137,0,64,2.143398398960571
wave,fno,coefficient,101,always_smooth,smooth,validation_best,ood,64,0.13207975481403,0,64,
wave,fno,coefficient,101,best_fixed,response_matched,validation_best,test,64,0.0056157630042646955,0,64,3.0526253937547394
wave,fno,coefficient,101,best_fixed,response_matched,validation_best,ood,64,0.23481724800642034,0,64,
wave,fno,coefficient,101,hand_rule,none,validation_best,test,64,0.0002652591707707746,0,64,0.0
wave,fno,coefficient,101,hand_rule,none,validation_best,ood,64,0.0991163088318614,0,64,
wave,fno,coefficient,101,none,none,validation_best,test,64,0.0002652591707707746,0,64,0.0
wave,fno,coefficient,101,none,none,validation_best,ood,64,0.0991163088318614,0,64,
wave,fno,coefficient,101,probe_best,response_matched,validation_best,test,64,0.0056157630042646955,0,64,3.0526253937547394
wave,fno,coefficient,101,probe_best,response_matched,validation_best,ood,64,0.23481724800642034,0,64,
wave,fno,coefficient,101,random,none,validation_best,test,64,0.0002652591707707746,0,64,0.0
wave,fno,coefficient,101,random,none,validation_best,ood,64,0.0991163088318614,0,64,
wave,fno,coefficient,101,ridge_selector,none,validation_best,test,64,0.0002652591707707746,0,64,0.0
wave,fno,coefficient,101,ridge_selector,none,validation_best,ood,64,0.0991163088318614,0,64,
wave,fno,coefficient,101,full_validation,none,validation_best,test,64,0.0002652591707707746,0,64,0.0
wave,fno,coefficient,101,full_validation,none,validation_best,ood,64,0.0991163088318614,0,64,
wave,fno,coefficient,202,always_smooth,smooth,validation_best,test,64,0.0014718413274316527,0,64,0.9196459818061712
wave,fno,coefficient,202,always_smooth,smooth,validation_best,ood,64,0.14734618023646462,0,64,
wave,fno,coefficient,202,best_fixed,response_matched,validation_best,test,64,0.007975061673332673,0,64,2.609451143147732
wave,fno,coefficient,202,best_fixed,response_matched,validation_best,ood,64,0.11860364934300716,0,64,
wave,fno,coefficient,202,hand_rule,none,validation_best,test,64,0.0005867644829735553,0,64,0.0
wave,fno,coefficient,202,hand_rule,none,validation_best,ood,64,0.07770763794180313,0,64,
wave,fno,coefficient,202,none,none,validation_best,test,64,0.0005867644829735553,0,64,0.0
wave,fno,coefficient,202,none,none,validation_best,ood,64,0.07770763794180313,0,64,
wave,fno,coefficient,202,probe_best,smooth,validation_best,test,64,0.0014718413274316527,0,64,0.9196459818061712
wave,fno,coefficient,202,probe_best,smooth,validation_best,ood,64,0.14734618023646462,0,64,
wave,fno,coefficient,202,random,none,validation_best,test,64,0.0005867644829735553,0,64,0.0
wave,fno,coefficient,202,random,none,validation_best,ood,64,0.07770763794180313,0,64,
wave,fno,coefficient,202,ridge_selector,none,validation_best,test,64,0.0005867644829735553,0,64,0.0
wave,fno,coefficient,202,ridge_selector,none,validation_best,ood,64,0.07770763794180313,0,64,
wave,fno,coefficient,202,full_validation,none,validation_best,test,64,0.0005867644829735553,0,64,0.0
wave,fno,coefficient,202,full_validation,none,validation_best,ood,64,0.07770763794180313,0,64,
wave,fno,coefficient,303,always_smooth,smooth,validation_best,test,64,0.0035103129627067076,0,64,2.0033013914837117
wave,fno,coefficient,303,always_smooth,smooth,validation_best,ood,64,0.0856260065290364,0,64,
wave,fno,coefficient,303,best_fixed,response_matched,validation_best,test,64,0.009898524014673837,0,64,3.0399818514149732
wave,fno,coefficient,303,best_fixed,response_matched,validation_best,ood,64,0.1375377322798852,0,64,
wave,fno,coefficient,303,hand_rule,none,validation_best,test,64,0.0004735033957352988,0,64,0.0
wave,fno,coefficient,303,hand_rule,none,validation_best,ood,64,0.07176663187542798,0,64,
wave,fno,coefficient,303,none,none,validation_best,test,64,0.0004735033957352988,0,64,0.0
wave,fno,coefficient,303,none,none,validation_best,ood,64,0.07176663187542798,0,64,
wave,fno,coefficient,303,probe_best,none,validation_best,test,64,0.0004735033957352988,0,64,0.0
wave,fno,coefficient,303,probe_best,none,validation_best,ood,64,0.07176663187542798,0,64,
wave,fno,coefficient,303,random,smooth,validation_best,test,64,0.0035103129627067076,0,64,2.0033013914837117
wave,fno,coefficient,303,random,smooth,validation_best,ood,64,0.0856260065290364,0,64,
wave,fno,coefficient,303,ridge_selector,none,validation_best,test,64,0.0004735033957352988,0,64,0.0
wave,fno,coefficient,303,ridge_selector,none,validation_best,ood,64,0.07176663187542798,0,64,
wave,fno,coefficient,303,full_validation,none,validation_best,test,64,0.0004735033957352988,0,64,0.0
wave,fno,coefficient,303,full_validation,none,validation_best,ood,64,0.07176663187542798,0,64,
wave,fno,coefficient,404,always_smooth,smooth,validation_best,test,64,0.004570687323909056,0,64,2.533176503590062
wave,fno,coefficient,404,always_smooth,smooth,validation_best,ood,64,0.09422096408439273,0,64,
wave,fno,coefficient,404,best_fixed,response_matched,validation_best,test,64,0.005622598299853565,0,64,2.740306798886274
wave,fno,coefficient,404,best_fixed,response_matched,validation_best,ood,64,0.12506894718806905,0,64,
wave,fno,coefficient,404,hand_rule,none,validation_best,test,64,0.00036294175545239886,0,64,0.0
wave,fno,coefficient,404,hand_rule,none,validation_best,ood,64,0.0733063077802174,0,64,
wave,fno,coefficient,404,none,none,validation_best,test,64,0.00036294175545239886,0,64,0.0
wave,fno,coefficient,404,none,none,validation_best,ood,64,0.0733063077802174,0,64,
wave,fno,coefficient,404,probe_best,smooth,validation_best,test,64,0.004570687323909056,0,64,2.533176503590062
wave,fno,coefficient,404,probe_best,smooth,validation_best,ood,64,0.09422096408439273,0,64,
wave,fno,coefficient,404,random,response_matched,validation_best,test,64,0.005622598299853565,0,64,2.740306798886274
wave,fno,coefficient,404,random,response_matched,validation_best,ood,64,0.12506894718806905,0,64,
wave,fno,coefficient,404,ridge_selector,none,validation_best,test,64,0.00036294175545239886,0,64,0.0
wave,fno,coefficient,404,ridge_selector,none,validation_best,ood,64,0.0733063077802174,0,64,
wave,fno,coefficient,404,full_validation,none,validation_best,test,64,0.00036294175545239886,0,64,0.0
wave,fno,coefficient,404,full_validation,none,validation_best,ood,64,0.0733063077802174,0,64,
wave,fno,coefficient,505,always_smooth,smooth,validation_best,test,64,0.0026317159228635423,0,64,1.5754438086409872
wave,fno,coefficient,505,always_smooth,smooth,validation_best,ood,64,0.05131754430033686,0,64,
wave,fno,coefficient,505,best_fixed,response_matched,validation_best,test,64,0.0036554118403763214,0,64,1.904016498525134
wave,fno,coefficient,505,best_fixed,response_matched,validation_best,ood,64,0.03836377352084086,0,64,
wave,fno,coefficient,505,hand_rule,none,validation_best,test,64,0.000544543345864696,0,64,0.0
wave,fno,coefficient,505,hand_rule,none,validation_best,ood,64,0.06646842277770348,0,64,
wave,fno,coefficient,505,none,none,validation_best,test,64,0.000544543345864696,0,64,0.0
wave,fno,coefficient,505,none,none,validation_best,ood,64,0.06646842277770348,0,64,
wave,fno,coefficient,505,probe_best,iid,validation_best,test,64,0.005295142468792896,0,64,2.2745976180245466
wave,fno,coefficient,505,probe_best,iid,validation_best,ood,64,0.5149688139856021,0,64,
wave,fno,coefficient,505,random,none,validation_best,test,64,0.000544543345864696,0,64,0.0
wave,fno,coefficient,505,random,none,validation_best,ood,64,0.06646842277770348,0,64,
wave,fno,coefficient,505,ridge_selector,none,validation_best,test,64,0.000544543345864696,0,64,0.0
wave,fno,coefficient,505,ridge_selector,none,validation_best,ood,64,0.06646842277770348,0,64,
wave,fno,coefficient,505,full_validation,none,validation_best,test,64,0.000544543345864696,0,64,0.0
wave,fno,coefficient,505,full_validation,none,validation_best,ood,64,0.06646842277770348,0,64,
wave,fno,coefficient,606,always_smooth,smooth,validation_best,test,64,0.0032640327839379424,0,64,2.6351539042706706
wave,fno,coefficient,606,always_smooth,smooth,validation_best,ood,64,0.1095751536765821,0,64,
wave,fno,coefficient,606,best_fixed,response_matched,validation_best,test,64,0.0074565546557977536,0,64,3.4612838882677117
wave,fno,coefficient,606,best_fixed,response_matched,validation_best,ood,64,0.1528602350108903,0,64,
wave,fno,coefficient,606,hand_rule,none,validation_best,test,64,0.0002340570422284336,0,64,0.0
wave,fno,coefficient,606,hand_rule,none,validation_best,ood,64,0.07585337639888001,0,64,
wave,fno,coefficient,606,none,none,validation_best,test,64,0.0002340570422284336,0,64,0.0
wave,fno,coefficient,606,none,none,validation_best,ood,64,0.07585337639888001,0,64,
wave,fno,coefficient,606,probe_best,none,validation_best,test,64,0.0002340570422284336,0,64,0.0
wave,fno,coefficient,606,probe_best,none,validation_best,ood,64,0.07585337639888001,0,64,
wave,fno,coefficient,606,random,response_matched,validation_best,test,64,0.0074565546557977536,0,64,3.4612838882677117
wave,fno,coefficient,606,random,response_matched,validation_best,ood,64,0.1528602350108903,0,64,
wave,fno,coefficient,606,ridge_selector,none,validation_best,test,64,0.0002340570422284336,0,64,0.0
wave,fno,coefficient,606,ridge_selector,none,validation_best,ood,64,0.07585337639888001,0,64,
wave,fno,coefficient,606,full_validation,none,validation_best,test,64,0.0002340570422284336,0,64,0.0
wave,fno,coefficient,606,full_validation,none,validation_best,ood,64,0.07585337639888001,0,64,
wave,fno,correct,101,always_smooth,smooth,validation_best,test,64,0.0001214238493510069,0,64,0.0
wave,fno,correct,101,always_smooth,smooth,validation_best,ood,64,0.056201241191055296,0,64,
wave,fno,correct,101,best_fixed,response_matched,validation_best,test,64,0.0005106250449352472,0,64,1.4363482416331577
wave,fno,correct,101,best_fixed,response_matched,validation_best,ood,64,0.16220661924687185,0,64,
wave,fno,correct,101,hand_rule,smooth,validation_best,test,64,0.0001214238493510069,0,64,0.0
wave,fno,correct,101,hand_rule,smooth,validation_best,ood,64,0.056201241191055296,0,64,
wave,fno,correct,101,none,none,validation_best,test,64,0.00037727955761145474,0,64,1.1336991327938808
wave,fno,correct,101,none,none,validation_best,ood,64,0.11008362835462959,0,64,
wave,fno,correct,101,probe_best,iid,validation_best,test,64,0.004894508859866725,0,64,3.6965819028843905
wave,fno,correct,101,probe_best,iid,validation_best,ood,64,0.4675733378598821,0,64,
wave,fno,correct,101,random,none,validation_best,test,64,0.00037727955761145474,0,64,1.1336991327938808
wave,fno,correct,101,random,none,validation_best,ood,64,0.11008362835462959,0,64,
wave,fno,correct,101,ridge_selector,none,validation_best,test,64,0.00037727955761145474,0,64,1.1336991327938808
wave,fno,correct,101,ridge_selector,none,validation_best,ood,64,0.11008362835462959,0,64,
wave,fno,correct,101,full_validation,smooth,validation_best,test,64,0.0001214238493510069,0,64,0.0
wave,fno,correct,101,full_validation,smooth,validation_best,ood,64,0.056201241191055296,0,64,
wave,fno,correct,202,always_smooth,smooth,validation_best,test,64,0.00013994206419659302,0,64,0.0
wave,fno,correct,202,always_smooth,smooth,validation_best,ood,64,0.03272534472854893,0,64,
wave,fno,correct,202,best_fixed,response_matched,validation_best,test,64,0.001454592587264547,0,64,2.3412526218444567
wave,fno,correct,202,best_fixed,response_matched,validation_best,ood,64,0.08445498715317079,0,64,
wave,fno,correct,202,hand_rule,smooth,validation_best,test,64,0.00013994206419659302,0,64,0.0
wave,fno,correct,202,hand_rule,smooth,validation_best,ood,64,0.03272534472854893,0,64,
wave,fno,correct,202,none,none,validation_best,test,64,0.0005946035108087416,0,64,1.4466663052373803
wave,fno,correct,202,none,none,validation_best,ood,64,0.058992041711206866,0,64,
wave,fno,correct,202,probe_best,iid,validation_best,test,64,0.007335788443601998,0,64,3.959291665608305
wave,fno,correct,202,probe_best,iid,validation_best,ood,64,0.30752277358767266,0,64,
wave,fno,correct,202,random,iid,validation_best,test,64,0.007335788443601998,0,64,3.959291665608305
wave,fno,correct,202,random,iid,validation_best,ood,64,0.30752277358767266,0,64,
wave,fno,correct,202,ridge_selector,none,validation_best,test,64,0.0005946035108087416,0,64,1.4466663052373803
wave,fno,correct,202,ridge_selector,none,validation_best,ood,64,0.058992041711206866,0,64,
wave,fno,correct,202,full_validation,smooth,validation_best,test,64,0.00013994206419659302,0,64,0.0
wave,fno,correct,202,full_validation,smooth,validation_best,ood,64,0.03272534472854893,0,64,
wave,fno,correct,303,always_smooth,smooth,validation_best,test,64,0.00019372693236156813,0,64,0.0
wave,fno,correct,303,always_smooth,smooth,validation_best,ood,64,0.0502006523947367,0,64,
wave,fno,correct,303,best_fixed,response_matched,validation_best,test,64,0.0009653781831244768,0,64,1.6060703218067276
wave,fno,correct,303,best_fixed,response_matched,validation_best,ood,64,0.10574460221046067,0,64,
wave,fno,correct,303,hand_rule,smooth,validation_best,test,64,0.00019372693236156813,0,64,0.0
wave,fno,correct,303,hand_rule,smooth,validation_best,ood,64,0.0502006523947367,0,64,
wave,fno,correct,303,none,none,validation_best,test,64,0.00045566103065482113,0,64,0.855299576893426
wave,fno,correct,303,none,none,validation_best,ood,64,0.07155550163575564,0,64,
wave,fno,correct,303,probe_best,smooth,validation_best,test,64,0.00019372693236156813,0,64,0.0
wave,fno,correct,303,probe_best,smooth,validation_best,ood,64,0.0502006523947367,0,64,
wave,fno,correct,303,random,none,validation_best,test,64,0.00045566103065482113,0,64,0.855299576893426
wave,fno,correct,303,random,none,validation_best,ood,64,0.07155550163575564,0,64,
wave,fno,correct,303,ridge_selector,none,validation_best,test,64,0.00045566103065482113,0,64,0.855299576893426
wave,fno,correct,303,ridge_selector,none,validation_best,ood,64,0.07155550163575564,0,64,
wave,fno,correct,303,full_validation,smooth,validation_best,test,64,0.00019372693236156813,0,64,0.0
wave,fno,correct,303,full_validation,smooth,validation_best,ood,64,0.0502006523947367,0,64,
wave,fno,correct,404,always_smooth,smooth,validation_best,test,64,0.00012803175703373325,0,64,0.0
wave,fno,correct,404,always_smooth,smooth,validation_best,ood,64,0.037344161846125656,0,64,
wave,fno,correct,404,best_fixed,response_matched,validation_best,test,64,0.0005381011259155584,0,64,1.435768173904671
wave,fno,correct,404,best_fixed,response_matched,validation_best,ood,64,0.0959885427382321,0,64,
wave,fno,correct,404,hand_rule,smooth,validation_best,test,64,0.00012803175703373325,0,64,0.0
wave,fno,correct,404,hand_rule,smooth,validation_best,ood,64,0.037344161846125656,0,64,
wave,fno,correct,404,none,none,validation_best,test,64,0.0003437881317407184,0,64,0.9877472365505281
wave,fno,correct,404,none,none,validation_best,ood,64,0.09060597786561231,0,64,
wave,fno,correct,404,probe_best,smooth,validation_best,test,64,0.00012803175703373325,0,64,0.0
wave,fno,correct,404,probe_best,smooth,validation_best,ood,64,0.037344161846125656,0,64,
wave,fno,correct,404,random,response_matched,validation_best,test,64,0.0005381011259155584,0,64,1.435768173904671
wave,fno,correct,404,random,response_matched,validation_best,ood,64,0.0959885427382321,0,64,
wave,fno,correct,404,ridge_selector,none,validation_best,test,64,0.0003437881317407184,0,64,0.9877472365505281
wave,fno,correct,404,ridge_selector,none,validation_best,ood,64,0.09060597786561231,0,64,
wave,fno,correct,404,full_validation,smooth,validation_best,test,64,0.00012803175703373325,0,64,0.0
wave,fno,correct,404,full_validation,smooth,validation_best,ood,64,0.037344161846125656,0,64,
wave,fno,correct,505,always_smooth,smooth,validation_best,test,64,0.0001583413559304598,0,64,0.0
wave,fno,correct,505,always_smooth,smooth,validation_best,ood,64,0.05812886492807401,0,64,
wave,fno,correct,505,best_fixed,response_matched,validation_best,test,64,0.0016474860240890399,0,64,2.342252600115338
wave,fno,correct,505,best_fixed,response_matched,validation_best,ood,64,0.07047296570131723,0,64,
wave,fno,correct,505,hand_rule,smooth,validation_best,test,64,0.0001583413559304598,0,64,0.0
wave,fno,correct,505,hand_rule,smooth,validation_best,ood,64,0.05812886492807401,0,64,
wave,fno,correct,505,none,none,validation_best,test,64,0.0005671563858391827,0,64,1.2758818953439868
wave,fno,correct,505,none,none,validation_best,ood,64,0.06604324274486517,0,64,
wave,fno,correct,505,probe_best,iid,validation_best,test,64,0.011957231471360852,0,64,4.324338335257151
wave,fno,correct,505,probe_best,iid,validation_best,ood,64,0.7634989767364857,0,64,
wave,fno,correct,505,random,none,validation_best,test,64,0.0005671563858391827,0,64,1.2758818953439868
wave,fno,correct,505,random,none,validation_best,ood,64,0.06604324274486517,0,64,
wave,fno,correct,505,ridge_selector,none,validation_best,test,64,0.0005671563858391827,0,64,1.2758818953439868
wave,fno,correct,505,ridge_selector,none,validation_best,ood,64,0.06604324274486517,0,64,
wave,fno,correct,505,full_validation,smooth,validation_best,test,64,0.0001583413559304598,0,64,0.0
wave,fno,correct,505,full_validation,smooth,validation_best,ood,64,0.05812886492807401,0,64,
wave,fno,correct,606,always_smooth,smooth,validation_best,test,64,0.00011098442871452022,0,64,0.0
wave,fno,correct,606,always_smooth,smooth,validation_best,ood,64,0.05376681012089035,0,64,
wave,fno,correct,606,best_fixed,response_matched,validation_best,test,64,0.0003517191947375979,0,64,1.153443205382797
wave,fno,correct,606,best_fixed,response_matched,validation_best,ood,64,0.07701418416937633,0,64,
wave,fno,correct,606,hand_rule,smooth,validation_best,test,64,0.00011098442871452022,0,64,0.0
wave,fno,correct,606,hand_rule,smooth,validation_best,ood,64,0.05376681012089035,0,64,
wave,fno,correct,606,none,none,validation_best,test,64,0.0002768717900239973,0,64,0.9141646375132635
wave,fno,correct,606,none,none,validation_best,ood,64,0.07098487438622691,0,64,
wave,fno,correct,606,probe_best,smooth,validation_best,test,64,0.00011098442871452022,0,64,0.0
wave,fno,correct,606,probe_best,smooth,validation_best,ood,64,0.05376681012089035,0,64,
wave,fno,correct,606,random,smooth,validation_best,test,64,0.00011098442871452022,0,64,0.0
wave,fno,correct,606,random,smooth,validation_best,ood,64,0.05376681012089035,0,64,
wave,fno,correct,606,ridge_selector,none,validation_best,test,64,0.0002768717900239973,0,64,0.9141646375132635
wave,fno,correct,606,ridge_selector,none,validation_best,ood,64,0.07098487438622691,0,64,
wave,fno,correct,606,full_validation,smooth,validation_best,test,64,0.00011098442871452022,0,64,0.0
wave,fno,correct,606,full_validation,smooth,validation_best,ood,64,0.05376681012089035,0,64,
wave,looped,coefficient,101,always_smooth,smooth,validation_best,test,64,0.004442249553052058,0,64,0.8671042078396173
wave,looped,coefficient,101,always_smooth,smooth,validation_best,ood,64,0.9967329765300121,0,64,
wave,looped,coefficient,101,best_fixed,iid,validation_best,test,64,0.014084253868277496,0,64,2.021000730036351
wave,looped,coefficient,101,best_fixed,iid,validation_best,ood,64,1.1553529553809199,0,64,
wave,looped,coefficient,101,hand_rule,none,validation_best,test,64,0.0018664844652180879,0,64,0.0
wave,looped,coefficient,101,hand_rule,none,validation_best,ood,64,1.015997703994998,0,64,
wave,looped,coefficient,101,none,none,validation_best,test,64,0.0018664844652180879,0,64,0.0
wave,looped,coefficient,101,none,none,validation_best,ood,64,1.015997703994998,0,64,
wave,looped,coefficient,101,probe_best,smooth,validation_best,test,64,0.004442249553052058,0,64,0.8671042078396173
wave,looped,coefficient,101,probe_best,smooth,validation_best,ood,64,0.9967329765300121,0,64,
wave,looped,coefficient,101,random,smooth,validation_best,test,64,0.004442249553052058,0,64,0.8671042078396173
wave,looped,coefficient,101,random,smooth,validation_best,ood,64,0.9967329765300121,0,64,
wave,looped,coefficient,101,ridge_selector,none,validation_best,test,64,0.0018664844652180879,0,64,0.0
wave,looped,coefficient,101,ridge_selector,none,validation_best,ood,64,1.015997703994998,0,64,
wave,looped,coefficient,101,full_validation,none,validation_best,test,64,0.0018664844652180879,0,64,0.0
wave,looped,coefficient,101,full_validation,none,validation_best,ood,64,1.015997703994998,0,64,
wave,looped,coefficient,202,always_smooth,smooth,validation_best,test,64,0.01128274406059071,0,64,0.4898642044801873
wave,looped,coefficient,202,always_smooth,smooth,validation_best,ood,64,0.8635228574080998,0,64,
wave,looped,coefficient,202,best_fixed,iid,validation_best,test,64,0.013184337115838218,0,64,0.645619263125094
wave,looped,coefficient,202,best_fixed,iid,validation_best,ood,64,1.090065765242798,0,64,
wave,looped,coefficient,202,hand_rule,none,validation_best,test,64,0.00691304550721622,0,64,0.0
wave,looped,coefficient,202,hand_rule,none,validation_best,ood,64,0.9461361313602481,0,64,
wave,looped,coefficient,202,none,none,validation_best,test,64,0.00691304550721622,0,64,0.0
wave,looped,coefficient,202,none,none,validation_best,ood,64,0.9461361313602481,0,64,
wave,looped,coefficient,202,probe_best,smooth,validation_best,test,64,0.01128274406059071,0,64,0.4898642044801873
wave,looped,coefficient,202,probe_best,smooth,validation_best,ood,64,0.8635228574080998,0,64,
wave,looped,coefficient,202,random,smooth,validation_best,test,64,0.01128274406059071,0,64,0.4898642044801873
wave,looped,coefficient,202,random,smooth,validation_best,ood,64,0.8635228574080998,0,64,
wave,looped,coefficient,202,ridge_selector,none,validation_best,test,64,0.00691304550721622,0,64,0.0
wave,looped,coefficient,202,ridge_selector,none,validation_best,ood,64,0.9461361313602481,0,64,
wave,looped,coefficient,202,full_validation,none,validation_best,test,64,0.00691304550721622,0,64,0.0
wave,looped,coefficient,202,full_validation,none,validation_best,ood,64,0.9461361313602481,0,64,
wave,looped,coefficient,303,always_smooth,smooth,validation_best,test,64,0.007087376422625802,0,64,0.773226998744218
wave,looped,coefficient,303,always_smooth,smooth,validation_best,ood,64,1.0124695890278588,0,64,
wave,looped,coefficient,303,best_fixed,iid,validation_best,test,64,0.014083635331536337,0,64,1.4599252743679176
wave,looped,coefficient,303,best_fixed,iid,validation_best,ood,64,1.0379797227117251,0,64,
wave,looped,coefficient,303,hand_rule,none,validation_best,test,64,0.0032709754206212693,0,64,0.0
wave,looped,coefficient,303,hand_rule,none,validation_best,ood,64,1.0634118201215301,0,64,
wave,looped,coefficient,303,none,none,validation_best,test,64,0.0032709754206212693,0,64,0.0
wave,looped,coefficient,303,none,none,validation_best,ood,64,1.0634118201215301,0,64,
wave,looped,coefficient,303,probe_best,smooth,validation_best,test,64,0.007087376422625802,0,64,0.773226998744218
wave,looped,coefficient,303,probe_best,smooth,validation_best,ood,64,1.0124695890278588,0,64,
wave,looped,coefficient,303,random,response_matched,validation_best,test,64,0.008958823862163734,0,64,1.007550718790685
wave,looped,coefficient,303,random,response_matched,validation_best,ood,64,1.2234575953972922,0,64,
wave,looped,coefficient,303,ridge_selector,none,validation_best,test,64,0.0032709754206212693,0,64,0.0
wave,looped,coefficient,303,ridge_selector,none,validation_best,ood,64,1.0634118201215301,0,64,
wave,looped,coefficient,303,full_validation,none,validation_best,test,64,0.0032709754206212693,0,64,0.0
wave,looped,coefficient,303,full_validation,none,validation_best,ood,64,1.0634118201215301,0,64,
wave,looped,coefficient,404,always_smooth,smooth,validation_best,test,64,0.007710784737269272,0,64,0.8743685504715967
wave,looped,coefficient,404,always_smooth,smooth,validation_best,ood,64,1.0005959916393294,0,64,
wave,looped,coefficient,404,best_fixed,iid,validation_best,test,64,0.013573294078290887,0,64,1.439852777827794
wave,looped,coefficient,404,best_fixed,iid,validation_best,ood,64,1.3406453358158217,0,64,
wave,looped,coefficient,404,hand_rule,none,validation_best,test,64,0.0032163636290874764,0,64,0.0
wave,looped,coefficient,404,hand_rule,none,validation_best,ood,64,0.9722939204547743,0,64,
wave,looped,coefficient,404,none,none,validation_best,test,64,0.0032163636290874764,0,64,0.0
wave,looped,coefficient,404,none,none,validation_best,ood,64,0.9722939204547743,0,64,
wave,looped,coefficient,404,probe_best,iid,validation_best,test,64,0.013573294078290887,0,64,1.439852777827794
wave,looped,coefficient,404,probe_best,iid,validation_best,ood,64,1.3406453358158217,0,64,
wave,looped,coefficient,404,random,response_matched,validation_best,test,64,0.007714536007796258,0,64,0.874854928766471
wave,looped,coefficient,404,random,response_matched,validation_best,ood,64,1.1184293311517308,0,64,
wave,looped,coefficient,404,ridge_selector,none,validation_best,test,64,0.0032163636290874764,0,64,0.0
wave,looped,coefficient,404,ridge_selector,none,validation_best,ood,64,0.9722939204547743,0,64,
wave,looped,coefficient,404,full_validation,none,validation_best,test,64,0.0032163636290874764,0,64,0.0
wave,looped,coefficient,404,full_validation,none,validation_best,ood,64,0.9722939204547743,0,64,
wave,looped,coefficient,505,always_smooth,smooth,validation_best,test,64,0.005686337366572092,0,64,0.6690714629536164
wave,looped,coefficient,505,always_smooth,smooth,validation_best,ood,64,1.3971566434936449,0,64,
wave,looped,coefficient,505,best_fixed,iid,validation_best,test,64,0.021356871206240635,0,64,1.992378642891388
wave,looped,coefficient,505,best_fixed,iid,validation_best,ood,64,3.195720215048709,0,64,
wave,looped,coefficient,505,hand_rule,none,validation_best,test,64,0.002912450669863953,0,64,0.0
wave,looped,coefficient,505,hand_rule,none,validation_best,ood,64,1.7550799461913016,0,64,
wave,looped,coefficient,505,none,none,validation_best,test,64,0.002912450669863953,0,64,0.0
wave,looped,coefficient,505,none,none,validation_best,ood,64,1.7550799461913016,0,64,
wave,looped,coefficient,505,probe_best,iid,validation_best,test,64,0.021356871206240635,0,64,1.992378642891388
wave,looped,coefficient,505,probe_best,iid,validation_best,ood,64,3.195720215048709,0,64,
wave,looped,coefficient,505,random,none,validation_best,test,64,0.002912450669863953,0,64,0.0
wave,looped,coefficient,505,random,none,validation_best,ood,64,1.7550799461913016,0,64,
wave,looped,coefficient,505,ridge_selector,none,validation_best,test,64,0.002912450669863953,0,64,0.0
wave,looped,coefficient,505,ridge_selector,none,validation_best,ood,64,1.7550799461913016,0,64,
wave,looped,coefficient,505,full_validation,none,validation_best,test,64,0.002912450669863953,0,64,0.0
wave,looped,coefficient,505,full_validation,none,validation_best,ood,64,1.7550799461913016,0,64,
wave,looped,coefficient,606,always_smooth,smooth,validation_best,test,64,0.006514699262134549,0,64,0.6895490885143799
wave,looped,coefficient,606,always_smooth,smooth,validation_best,ood,64,0.7888575513950826,0,64,
wave,looped,coefficient,606,best_fixed,iid,validation_best,test,64,0.013822454521153604,0,64,1.4417824488622593
wave,looped,coefficient,606,best_fixed,iid,validation_best,ood,64,0.841457204345545,0,64,
wave,looped,coefficient,606,hand_rule,none,validation_best,test,64,0.003269090985433598,0,64,0.0
wave,looped,coefficient,606,hand_rule,none,validation_best,ood,64,0.8038507524476302,0,64,
wave,looped,coefficient,606,none,none,validation_best,test,64,0.003269090985433598,0,64,0.0
wave,looped,coefficient,606,none,none,validation_best,ood,64,0.8038507524476302,0,64,
wave,looped,coefficient,606,probe_best,iid,validation_best,test,64,0.013822454521153604,0,64,1.4417824488622593
wave,looped,coefficient,606,probe_best,iid,validation_best,ood,64,0.841457204345545,0,64,
wave,looped,coefficient,606,random,response_matched,validation_best,test,64,0.006508087776594618,0,64,0.6885337165992447
wave,looped,coefficient,606,random,response_matched,validation_best,ood,64,0.7957810980783222,0,64,
wave,looped,coefficient,606,ridge_selector,none,validation_best,test,64,0.003269090985433598,0,64,0.0
wave,looped,coefficient,606,ridge_selector,none,validation_best,ood,64,0.8038507524476302,0,64,
wave,looped,coefficient,606,full_validation,none,validation_best,test,64,0.003269090985433598,0,64,0.0
wave,looped,coefficient,606,full_validation,none,validation_best,ood,64,0.8038507524476302,0,64,
wave,looped,correct,101,always_smooth,smooth,validation_best,test,64,0.0016107954154324922,0,64,0.0
wave,looped,correct,101,always_smooth,smooth,validation_best,ood,64,1.0125086263500975,0,64,
wave,looped,correct,101,best_fixed,iid,validation_best,test,64,0.01733114072100639,0,64,2.375776821198449
wave,looped,correct,101,best_fixed,iid,validation_best,ood,64,1.4489478851342028,0,64,
wave,looped,correct,101,hand_rule,smooth,validation_best,test,64,0.0016107954154324922,0,64,0.0
wave,looped,correct,101,hand_rule,smooth,validation_best,ood,64,1.0125086263500975,0,64,
wave,looped,correct,101,none,none,validation_best,test,64,0.0018665459245337246,0,64,0.1473615198474641
wave,looped,correct,101,none,none,validation_best,ood,64,1.015996717490168,0,64,
wave,looped,correct,101,probe_best,smooth,validation_best,test,64,0.0016107954154324922,0,64,0.0
wave,looped,correct,101,probe_best,smooth,validation_best,ood,64,1.0125086263500975,0,64,
wave,looped,correct,101,random,response_matched,validation_best,test,64,0.002745171701494631,0,64,0.5331155197927087
wave,looped,correct,101,random,response_matched,validation_best,ood,64,1.2337303644541748,0,64,
wave,looped,correct,101,ridge_selector,none,validation_best,test,64,0.0018665459245337246,0,64,0.1473615198474641
wave,looped,correct,101,ridge_selector,none,validation_best,ood,64,1.015996717490168,0,64,
wave,looped,correct,101,full_validation,none,validation_best,test,64,0.0018665459245337246,0,64,0.1473615198474641
wave,looped,correct,101,full_validation,none,validation_best,ood,64,1.015996717490168,0,64,
wave,looped,correct,202,always_smooth,smooth,validation_best,test,64,0.006243362984801992,0,64,0.1297378307313484
wave,looped,correct,202,always_smooth,smooth,validation_best,ood,64,0.9233753344171589,0,64,
wave,looped,correct,202,best_fixed,iid,validation_best,test,64,0.02011044240083848,0,64,1.2994580562434717
wave,looped,correct,202,best_fixed,iid,validation_best,ood,64,1.2197955006743655,0,64,
wave,looped,correct,202,hand_rule,smooth,validation_best,test,64,0.006243362984801992,0,64,0.1297378307313484
wave,looped,correct,202,hand_rule,smooth,validation_best,ood,64,0.9233753344171589,0,64,
wave,looped,correct,202,none,none,validation_best,test,64,0.00691305931764985,0,64,0.2316311311746422
wave,looped,correct,202,none,none,validation_best,ood,64,0.9461360287852187,0,64,
wave,looped,correct,202,probe_best,iid,validation_best,test,64,0.02011044240083848,0,64,1.2994580562434717
wave,looped,correct,202,probe_best,iid,validation_best,ood,64,1.2197955006743655,0,64,
wave,looped,correct,202,random,response_matched,validation_best,test,64,0.005483705981281117,0,64,0.0
wave,looped,correct,202,random,response_matched,validation_best,ood,64,0.9526233539248778,0,64,
wave,looped,correct,202,ridge_selector,none,validation_best,test,64,0.00691305931764985,0,64,0.2316311311746422
wave,looped,correct,202,ridge_selector,none,validation_best,ood,64,0.9461360287852187,0,64,
wave,looped,correct,202,full_validation,smooth,validation_best,test,64,0.006243362984801992,0,64,0.1297378307313484
wave,looped,correct,202,full_validation,smooth,validation_best,ood,64,0.9233753344171589,0,64,
wave,looped,correct,303,always_smooth,smooth,validation_best,test,64,0.00248086555508803,0,64,0.0
wave,looped,correct,303,always_smooth,smooth,validation_best,ood,64,0.9775664595959483,0,64,
wave,looped,correct,303,best_fixed,iid,validation_best,test,64,0.013965570502060487,0,64,1.7279875374062297
wave,looped,correct,303,best_fixed,iid,validation_best,ood,64,1.7264515500376092,0,64,
wave,looped,correct,303,hand_rule,smooth,validation_best,test,64,0.00248086555508803,0,64,0.0
wave,looped,correct,303,hand_rule,smooth,validation_best,ood,64,0.9775664595959483,0,64,
wave,looped,correct,303,none,none,validation_best,test,64,0.0032711023374616954,0,64,0.2765195209248963
wave,looped,correct,303,none,none,validation_best,ood,64,1.063411084632719,0,64,
wave,looped,correct,303,probe_best,smooth,validation_best,test,64,0.00248086555508803,0,64,0.0
wave,looped,correct,303,probe_best,smooth,validation_best,ood,64,0.9775664595959483,0,64,
wave,looped,correct,303,random,smooth,validation_best,test,64,0.00248086555508803,0,64,0.0
wave,looped,correct,303,random,smooth,validation_best,ood,64,0.9775664595959483,0,64,
wave,looped,correct,303,ridge_selector,none,validation_best,test,64,0.0032711023374616954,0,64,0.2765195209248963
wave,looped,correct,303,ridge_selector,none,validation_best,ood,64,1.063411084632719,0,64,
wave,looped,correct,303,full_validation,smooth,validation_best,test,64,0.00248086555508803,0,64,0.0
wave,looped,correct,303,full_validation,smooth,validation_best,ood,64,0.9775664595959483,0,64,
wave,looped,correct,404,always_smooth,smooth,validation_best,test,64,0.0031482244170702445,0,64,0.0
wave,looped,correct,404,always_smooth,smooth,validation_best,ood,64,0.9673727441773963,0,64,
wave,looped,correct,404,best_fixed,iid,validation_best,test,64,0.016925397764944172,0,64,1.6819767033521265
wave,looped,correct,404,best_fixed,iid,validation_best,ood,64,3.1968718216652405,0,64,
wave,looped,correct,404,hand_rule,smooth,validation_best,test,64,0.0031482244170702445,0,64,0.0
wave,looped,correct,404,hand_rule,smooth,validation_best,ood,64,0.9673727441773963,0,64,
wave,looped,correct,404,none,none,validation_best,test,64,0.003216364155949253,0,64,0.021412960686363045
wave,looped,correct,404,none,none,validation_best,ood,64,0.9722943658000247,0,64,
wave,looped,correct,404,probe_best,smooth,validation_best,test,64,0.0031482244170702445,0,64,0.0
wave,looped,correct,404,probe_best,smooth,validation_best,ood,64,0.9673727441773963,0,64,
wave,looped,correct,404,random,none,validation_best,test,64,0.003216364155949253,0,64,0.021412960686363045
wave,looped,correct,404,random,none,validation_best,ood,64,0.9722943658000247,0,64,
wave,looped,correct,404,ridge_selector,none,validation_best,test,64,0.003216364155949253,0,64,0.021412960686363045
wave,looped,correct,404,ridge_selector,none,validation_best,ood,64,0.9722943658000247,0,64,
wave,looped,correct,404,full_validation,smooth,validation_best,test,64,0.0031482244170702445,0,64,0.0
wave,looped,correct,404,full_validation,smooth,validation_best,ood,64,0.9673727441773963,0,64,
wave,looped,correct,505,always_smooth,smooth,validation_best,test,64,0.002933929295424631,0,64,0.007353245431878896
wave,looped,correct,505,always_smooth,smooth,validation_best,ood,64,1.6101318901968398,0,64,
wave,looped,correct,505,best_fixed,iid,validation_best,test,64,0.028879682997465572,0,64,2.2941490017790978
wave,looped,correct,505,best_fixed,iid,validation_best,ood,64,3.672514844653051,0,64,
wave,looped,correct,505,hand_rule,smooth,validation_best,test,64,0.002933929295424631,0,64,0.007353245431878896
wave,looped,correct,505,hand_rule,smooth,validation_best,ood,64,1.6101318901968398,0,64,
wave,looped,correct,505,none,none,validation_best,test,64,0.002912434518273721,0,64,0.0
wave,looped,correct,505,none,none,validation_best,ood,64,1.755075074305438,0,64,
wave,looped,correct,505,probe_best,iid,validation_best,test,64,0.028879682997465572,0,64,2.2941490017790978
wave,looped,correct,505,probe_best,iid,validation_best,ood,64,3.672514844653051,0,64,
wave,looped,correct,505,random,response_matched,validation_best,test,64,0.0055662755308574785,0,64,0.6477368287250678
wave,looped,correct,505,random,response_matched,validation_best,ood,64,2.8691879317760822,0,64,
wave,looped,correct,505,ridge_selector,none,validation_best,test,64,0.002912434518273721,0,64,0.0
wave,looped,correct,505,ridge_selector,none,validation_best,ood,64,1.755075074305438,0,64,
wave,looped,correct,505,full_validation,smooth,validation_best,test,64,0.002933929295424631,0,64,0.007353245431878896
wave,looped,correct,505,full_validation,smooth,validation_best,ood,64,1.6101318901968398,0,64,
wave,looped,correct,606,always_smooth,smooth,validation_best,test,64,0.0029905313338683404,0,64,0.0
wave,looped,correct,606,always_smooth,smooth,validation_best,ood,64,0.7820025727780404,0,64,
wave,looped,correct,606,best_fixed,iid,validation_best,test,64,0.013558825232327099,0,64,1.511586568724771
wave,looped,correct,606,best_fixed,iid,validation_best,ood,64,1.939314080857912,0,64,
wave,looped,correct,606,hand_rule,smooth,validation_best,test,64,0.0029905313338683404,0,64,0.0
wave,looped,correct,606,hand_rule,smooth,validation_best,ood,64,0.7820025727780404,0,64,
wave,looped,correct,606,none,none,validation_best,test,64,0.003269242354793589,0,64,0.08910718703167106
wave,looped,correct,606,none,none,validation_best,ood,64,0.8038478369826976,0,64,
wave,looped,correct,606,probe_best,none,validation_best,test,64,0.003269242354793589,0,64,0.08910718703167106
wave,looped,correct,606,probe_best,none,validation_best,ood,64,0.8038478369826976,0,64,
wave,looped,correct,606,random,iid,validation_best,test,64,0.013558825232327099,0,64,1.511586568724771
wave,looped,correct,606,random,iid,validation_best,ood,64,1.939314080857912,0,64,
wave,looped,correct,606,ridge_selector,none,validation_best,test,64,0.003269242354793589,0,64,0.08910718703167106
wave,looped,correct,606,ridge_selector,none,validation_best,ood,64,0.8038478369826976,0,64,
wave,looped,correct,606,full_validation,smooth,validation_best,test,64,0.0029905313338683404,0,64,0.0
wave,looped,correct,606,full_validation,smooth,validation_best,ood,64,0.7820025727780404,0,64,
wave,transformer,coefficient,101,always_smooth,smooth,validation_best,test,64,0.0058024925943993555,0,64,1.0265271464419912
wave,transformer,coefficient,101,always_smooth,smooth,validation_best,ood,64,0.9576606308238524,0,64,
wave,transformer,coefficient,101,best_fixed,iid,validation_best,test,64,0.009324033718713487,0,64,1.5008349010564728
wave,transformer,coefficient,101,best_fixed,iid,validation_best,ood,64,1.0824219329764446,0,64,
wave,transformer,coefficient,101,hand_rule,none,validation_best,test,64,0.0020787368725704858,0,64,0.0
wave,transformer,coefficient,101,hand_rule,none,validation_best,ood,64,0.9773301401117465,0,64,
wave,transformer,coefficient,101,none,none,validation_best,test,64,0.0020787368725704858,0,64,0.0
wave,transformer,coefficient,101,none,none,validation_best,ood,64,0.9773301401117465,0,64,
wave,transformer,coefficient,101,probe_best,response_matched,validation_best,test,64,0.006196445170404519,0,64,1.0922153315593102
wave,transformer,coefficient,101,probe_best,response_matched,validation_best,ood,64,1.0223281581472747,0,64,
wave,transformer,coefficient,101,random,response_matched,validation_best,test,64,0.006196445170404519,0,64,1.0922153315593102
wave,transformer,coefficient,101,random,response_matched,validation_best,ood,64,1.0223281581472747,0,64,
wave,transformer,coefficient,101,ridge_selector,none,validation_best,test,64,0.0020787368725704858,0,64,0.0
wave,transformer,coefficient,101,ridge_selector,none,validation_best,ood,64,0.9773301401117465,0,64,
wave,transformer,coefficient,101,full_validation,none,validation_best,test,64,0.0020787368725704858,0,64,0.0
wave,transformer,coefficient,101,full_validation,none,validation_best,ood,64,0.9773301401117465,0,64,
wave,transformer,coefficient,202,always_smooth,smooth,validation_best,test,64,0.006155132385939344,0,64,1.07707864193225
wave,transformer,coefficient,202,always_smooth,smooth,validation_best,ood,64,0.7704524052028887,0,64,
wave,transformer,coefficient,202,best_fixed,iid,validation_best,test,64,0.013333799176638239,0,64,1.8500944769281569
wave,transformer,coefficient,202,best_fixed,iid,validation_best,ood,64,0.5225494601385208,0,64,
wave,transformer,coefficient,202,hand_rule,none,validation_best,test,64,0.002096370730705538,0,64,0.0
wave,transformer,coefficient,202,hand_rule,none,validation_best,ood,64,0.7570988658593478,0,64,
wave,transformer,coefficient,202,none,none,validation_best,test,64,0.002096370730705538,0,64,0.0
wave,transformer,coefficient,202,none,none,validation_best,ood,64,0.7570988658593478,0,64,
wave,transformer,coefficient,202,probe_best,iid,validation_best,test,64,0.013333799176638239,0,64,1.8500944769281569
wave,transformer,coefficient,202,probe_best,iid,validation_best,ood,64,0.5225494601385208,0,64,
wave,transformer,coefficient,202,random,none,validation_best,test,64,0.002096370730705538,0,64,0.0
wave,transformer,coefficient,202,random,none,validation_best,ood,64,0.7570988658593478,0,64,
wave,transformer,coefficient,202,ridge_selector,none,validation_best,test,64,0.002096370730705538,0,64,0.0
wave,transformer,coefficient,202,ridge_selector,none,validation_best,ood,64,0.7570988658593478,0,64,
wave,transformer,coefficient,202,full_validation,none,validation_best,test,64,0.002096370730705538,0,64,0.0
wave,transformer,coefficient,202,full_validation,none,validation_best,ood,64,0.7570988658593478,0,64,
wave,transformer,coefficient,303,always_smooth,smooth,validation_best,test,64,0.004341590594641231,0,64,0.5181274898134065
wave,transformer,coefficient,303,always_smooth,smooth,validation_best,ood,64,0.9428558927866106,0,64,
wave,transformer,coefficient,303,best_fixed,iid,validation_best,test,64,0.011509401253814833,0,64,1.4930509141127943
wave,transformer,coefficient,303,best_fixed,iid,validation_best,ood,64,1.2002369187928537,0,64,
wave,transformer,coefficient,303,hand_rule,none,validation_best,test,64,0.0025860026047931917,0,64,0.0
wave,transformer,coefficient,303,hand_rule,none,validation_best,ood,64,0.9395490980894579,0,64,
wave,transformer,coefficient,303,none,none,validation_best,test,64,0.0025860026047931917,0,64,0.0
wave,transformer,coefficient,303,none,none,validation_best,ood,64,0.9395490980894579,0,64,
wave,transformer,coefficient,303,probe_best,smooth,validation_best,test,64,0.004341590594641231,0,64,0.5181274898134065
wave,transformer,coefficient,303,probe_best,smooth,validation_best,ood,64,0.9428558927866106,0,64,
wave,transformer,coefficient,303,random,iid,validation_best,test,64,0.011509401253814833,0,64,1.4930509141127943
wave,transformer,coefficient,303,random,iid,validation_best,ood,64,1.2002369187928537,0,64,
wave,transformer,coefficient,303,ridge_selector,none,validation_best,test,64,0.0025860026047931917,0,64,0.0
wave,transformer,coefficient,303,ridge_selector,none,validation_best,ood,64,0.9395490980894579,0,64,
wave,transformer,coefficient,303,full_validation,none,validation_best,test,64,0.0025860026047931917,0,64,0.0
wave,transformer,coefficient,303,full_validation,none,validation_best,ood,64,0.9395490980894579,0,64,
wave,transformer,coefficient,404,always_smooth,smooth,validation_best,test,64,0.008805970705420663,0,64,0.8525118378758835
wave,transformer,coefficient,404,always_smooth,smooth,validation_best,ood,64,0.9783612365008594,0,64,
wave,transformer,coefficient,404,best_fixed,iid,validation_best,test,64,0.008811108438551818,0,64,0.8530951051967398
wave,transformer,coefficient,404,best_fixed,iid,validation_best,ood,64,1.0827019119710712,0,64,
wave,transformer,coefficient,404,hand_rule,none,validation_best,test,64,0.0037543611695402546,0,64,0.0
wave,transformer,coefficient,404,hand_rule,none,validation_best,ood,64,1.026019463497562,0,64,
wave,transformer,coefficient,404,none,none,validation_best,test,64,0.0037543611695402546,0,64,0.0
wave,transformer,coefficient,404,none,none,validation_best,ood,64,1.026019463497562,0,64,
wave,transformer,coefficient,404,probe_best,iid,validation_best,test,64,0.008811108438551818,0,64,0.8530951051967398
wave,transformer,coefficient,404,probe_best,iid,validation_best,ood,64,1.0827019119710712,0,64,
wave,transformer,coefficient,404,random,response_matched,validation_best,test,64,0.006561187257209,0,64,0.5582534281201355
wave,transformer,coefficient,404,random,response_matched,validation_best,ood,64,1.0207986002109237,0,64,
wave,transformer,coefficient,404,ridge_selector,none,validation_best,test,64,0.0037543611695402546,0,64,0.0
wave,transformer,coefficient,404,ridge_selector,none,validation_best,ood,64,1.026019463497562,0,64,
wave,transformer,coefficient,404,full_validation,none,validation_best,test,64,0.0037543611695402546,0,64,0.0
wave,transformer,coefficient,404,full_validation,none,validation_best,ood,64,1.026019463497562,0,64,
wave,transformer,coefficient,505,always_smooth,smooth,validation_best,test,64,0.005517314007841723,0,64,0.021091777076020925
wave,transformer,coefficient,505,always_smooth,smooth,validation_best,ood,64,3.0441196835946585,0,64,
wave,transformer,coefficient,505,best_fixed,iid,validation_best,test,64,0.023346486210747086,0,64,1.4636471173052101
wave,transformer,coefficient,505,best_fixed,iid,validation_best,ood,64,3.3607688590278713,0,64,
wave,transformer,coefficient,505,hand_rule,none,validation_best,test,64,0.005402162692515228,0,64,0.0
wave,transformer,coefficient,505,hand_rule,none,validation_best,ood,64,3.333251472742404,0,64,
wave,transformer,coefficient,505,none,none,validation_best,test,64,0.005402162692515228,0,64,0.0
wave,transformer,coefficient,505,none,none,validation_best,ood,64,3.333251472742404,0,64,
wave,transformer,coefficient,505,probe_best,smooth,validation_best,test,64,0.005517314007841723,0,64,0.021091777076020925
wave,transformer,coefficient,505,probe_best,smooth,validation_best,ood,64,3.0441196835946585,0,64,
wave,transformer,coefficient,505,random,response_matched,validation_best,test,64,0.009430648374098571,0,64,0.5571654788078604
wave,transformer,coefficient,505,random,response_matched,validation_best,ood,64,3.111959844776834,0,64,
wave,transformer,coefficient,505,ridge_selector,none,validation_best,test,64,0.005402162692515228,0,64,0.0
wave,transformer,coefficient,505,ridge_selector,none,validation_best,ood,64,3.333251472742404,0,64,
wave,transformer,coefficient,505,full_validation,none,validation_best,test,64,0.005402162692515228,0,64,0.0
wave,transformer,coefficient,505,full_validation,none,validation_best,ood,64,3.333251472742404,0,64,
wave,transformer,coefficient,606,always_smooth,smooth,validation_best,test,64,0.007410759577903048,0,64,1.1280633505413875
wave,transformer,coefficient,606,always_smooth,smooth,validation_best,ood,64,0.7584341198727884,0,64,
wave,transformer,coefficient,606,best_fixed,iid,validation_best,test,64,0.013636638512561916,0,64,1.737890588030013
wave,transformer,coefficient,606,best_fixed,iid,validation_best,ood,64,0.6579366903830532,0,64,
wave,transformer,coefficient,606,hand_rule,none,validation_best,test,64,0.002398562478602123,0,64,0.0
wave,transformer,coefficient,606,hand_rule,none,validation_best,ood,64,0.7545933901368471,0,64,
wave,transformer,coefficient,606,none,none,validation_best,test,64,0.002398562478602123,0,64,0.0
wave,transformer,coefficient,606,none,none,validation_best,ood,64,0.7545933901368471,0,64,
wave,transformer,coefficient,606,probe_best,response_matched,validation_best,test,64,0.007592634818015642,0,64,1.1523090838632708
wave,transformer,coefficient,606,probe_best,response_matched,validation_best,ood,64,0.7968118792543635,0,64,
wave,transformer,coefficient,606,random,none,validation_best,test,64,0.002398562478602123,0,64,0.0
wave,transformer,coefficient,606,random,none,validation_best,ood,64,0.7545933901368471,0,64,
wave,transformer,coefficient,606,ridge_selector,none,validation_best,test,64,0.002398562478602123,0,64,0.0
wave,transformer,coefficient,606,ridge_selector,none,validation_best,ood,64,0.7545933901368471,0,64,
wave,transformer,coefficient,606,full_validation,none,validation_best,test,64,0.002398562478602123,0,64,0.0
wave,transformer,coefficient,606,full_validation,none,validation_best,ood,64,0.7545933901368471,0,64,
wave,transformer,correct,101,always_smooth,smooth,validation_best,test,64,0.001956190248851797,0,64,0.0
wave,transformer,correct,101,always_smooth,smooth,validation_best,ood,64,0.9762384240708002,0,64,
wave,transformer,correct,101,best_fixed,iid,validation_best,test,64,0.0195898652408677,0,64,2.3040135218347877
wave,transformer,correct,101,best_fixed,iid,validation_best,ood,64,1.751625732400953,0,64,
wave,transformer,correct,101,hand_rule,smooth,validation_best,test,64,0.001956190248851797,0,64,0.0
wave,transformer,correct,101,hand_rule,smooth,validation_best,ood,64,0.9762384240708002,0,64,
wave,transformer,correct,101,none,none,validation_best,test,64,0.0020780536044103237,0,64,0.06043285737747697
wave,transformer,correct,101,none,none,validation_best,ood,64,0.9774409673742639,0,64,
wave,transformer,correct,101,probe_best,smooth,validation_best,test,64,0.001956190248851797,0,64,0.0
wave,transformer,correct,101,probe_best,smooth,validation_best,ood,64,0.9762384240708002,0,64,
wave,transformer,correct,101,random,none,validation_best,test,64,0.0020780536044103237,0,64,0.06043285737747697
wave,transformer,correct,101,random,none,validation_best,ood,64,0.9774409673742639,0,64,
wave,transformer,correct,101,ridge_selector,none,validation_best,test,64,0.0020780536044103237,0,64,0.06043285737747697
wave,transformer,correct,101,ridge_selector,none,validation_best,ood,64,0.9774409673742639,0,64,
wave,transformer,correct,101,full_validation,none,validation_best,test,64,0.0020780536044103237,0,64,0.06043285737747697
wave,transformer,correct,101,full_validation,none,validation_best,ood,64,0.9774409673742639,0,64,
wave,transformer,correct,202,always_smooth,smooth,validation_best,test,64,0.002000740462063111,0,64,0.0
wave,transformer,correct,202,always_smooth,smooth,validation_best,ood,64,0.7623597685897323,0,64,
wave,transformer,correct,202,best_fixed,iid,validation_best,test,64,0.014949310882283129,0,64,2.0111478608703997
wave,transformer,correct,202,best_fixed,iid,validation_best,ood,64,0.6060369708343387,0,64,
wave,transformer,correct,202,hand_rule,smooth,validation_best,test,64,0.002000740462063111,0,64,0.0
wave,transformer,correct,202,hand_rule,smooth,validation_best,ood,64,0.7623597685897323,0,64,
wave,transformer,correct,202,none,none,validation_best,test,64,0.002096313206489425,0,64,0.04666284279924855
wave,transformer,correct,202,none,none,validation_best,ood,64,0.7570985776645784,0,64,
wave,transformer,correct,202,probe_best,response_matched,validation_best,test,64,0.002879111452124161,0,64,0.3639643799036114
wave,transformer,correct,202,probe_best,response_matched,validation_best,ood,64,0.760677598054599,0,64,
wave,transformer,correct,202,random,none,validation_best,test,64,0.002096313206489425,0,64,0.04666284279924855
wave,transformer,correct,202,random,none,validation_best,ood,64,0.7570985776645784,0,64,
wave,transformer,correct,202,ridge_selector,none,validation_best,test,64,0.002096313206489425,0,64,0.04666284279924855
wave,transformer,correct,202,ridge_selector,none,validation_best,ood,64,0.7570985776645784,0,64,
wave,transformer,correct,202,full_validation,smooth,validation_best,test,64,0.002000740462063111,0,64,0.0
wave,transformer,correct,202,full_validation,smooth,validation_best,ood,64,0.7623597685897323,0,64,
wave,transformer,correct,303,always_smooth,smooth,validation_best,test,64,0.0016322585773742848,0,64,0.0
wave,transformer,correct,303,always_smooth,smooth,validation_best,ood,64,0.9326885069482955,0,64,
wave,transformer,correct,303,best_fixed,iid,validation_best,test,64,0.01209077503554079,0,64,2.0024780820654278
wave,transformer,correct,303,best_fixed,iid,validation_best,ood,64,1.1703848687545815,0,64,
wave,transformer,correct,303,hand_rule,smooth,validation_best,test,64,0.0016322585773742848,0,64,0.0
wave,transformer,correct,303,hand_rule,smooth,validation_best,ood,64,0.9326885069482955,0,64,
wave,transformer,correct,303,none,none,validation_best,test,64,0.0025860799922361732,0,64,0.460178526667114
wave,transformer,correct,303,none,none,validation_best,ood,64,0.9395500397858427,0,64,
wave,transformer,correct,303,probe_best,smooth,validation_best,test,64,0.0016322585773742848,0,64,0.0
wave,transformer,correct,303,probe_best,smooth,validation_best,ood,64,0.9326885069482955,0,64,
wave,transformer,correct,303,random,iid,validation_best,test,64,0.01209077503554079,0,64,2.0024780820654278
wave,transformer,correct,303,random,iid,validation_best,ood,64,1.1703848687545815,0,64,
wave,transformer,correct,303,ridge_selector,none,validation_best,test,64,0.0025860799922361732,0,64,0.460178526667114
wave,transformer,correct,303,ridge_selector,none,validation_best,ood,64,0.9395500397858427,0,64,
wave,transformer,correct,303,full_validation,smooth,validation_best,test,64,0.0016322585773742848,0,64,0.0
wave,transformer,correct,303,full_validation,smooth,validation_best,ood,64,0.9326885069482955,0,64,
wave,transformer,correct,404,always_smooth,smooth,validation_best,test,64,0.003048760814222562,0,64,0.0
wave,transformer,correct,404,always_smooth,smooth,validation_best,ood,64,0.9864919756053041,0,64,
wave,transformer,correct,404,best_fixed,iid,validation_best,test,64,0.016265111710774605,0,64,1.6742872104286468
wave,transformer,correct,404,best_fixed,iid,validation_best,ood,64,0.9842624613445423,0,64,
wave,transformer,correct,404,hand_rule,smooth,validation_best,test,64,0.003048760814222562,0,64,0.0
wave,transformer,correct,404,hand_rule,smooth,validation_best,ood,64,0.9864919756053041,0,64,
wave,transformer,correct,404,none,none,validation_best,test,64,0.00375448352208807,0,64,0.20821551406269942
wave,transformer,correct,404,none,none,validation_best,ood,64,1.0260124607250418,0,64,
wave,transformer,correct,404,probe_best,iid,validation_best,test,64,0.016265111710774605,0,64,1.6742872104286468
wave,transformer,correct,404,probe_best,iid,validation_best,ood,64,0.9842624613445423,0,64,
wave,transformer,correct,404,random,response_matched,validation_best,test,64,0.003130958059338773,0,64,0.026603829319738207
wave,transformer,correct,404,random,response_matched,validation_best,ood,64,0.9956682004308846,0,64,
wave,transformer,correct,404,ridge_selector,none,validation_best,test,64,0.00375448352208807,0,64,0.20821551406269942
wave,transformer,correct,404,ridge_selector,none,validation_best,ood,64,1.0260124607250418,0,64,
wave,transformer,correct,404,full_validation,smooth,validation_best,test,64,0.003048760814222562,0,64,0.0
wave,transformer,correct,404,full_validation,smooth,validation_best,ood,64,0.9864919756053041,0,64,
wave,transformer,correct,505,always_smooth,smooth,validation_best,test,64,0.003810088627008268,0,64,0.0
wave,transformer,correct,505,always_smooth,smooth,validation_best,ood,64,3.264713760114887,0,64,
wave,transformer,correct,505,best_fixed,iid,validation_best,test,64,0.05990993651952481,0,64,2.7551899259476897
wave,transformer,correct,505,best_fixed,iid,validation_best,ood,64,3.601336633952542,0,64,
wave,transformer,correct,505,hand_rule,smooth,validation_best,test,64,0.003810088627008268,0,64,0.0
wave,transformer,correct,505,hand_rule,smooth,validation_best,ood,64,3.264713760114887,0,64,
wave,transformer,correct,505,none,none,validation_best,test,64,0.005402636846043141,0,64,0.3492346886609307
wave,transformer,correct,505,none,none,validation_best,ood,64,3.3332364350294483,0,64,
wave,transformer,correct,505,probe_best,smooth,validation_best,test,64,0.003810088627008268,0,64,0.0
wave,transformer,correct,505,probe_best,smooth,validation_best,ood,64,3.264713760114887,0,64,
wave,transformer,correct,505,random,iid,validation_best,test,64,0.05990993651952481,0,64,2.7551899259476897
wave,transformer,correct,505,random,iid,validation_best,ood,64,3.601336633952542,0,64,
wave,transformer,correct,505,ridge_selector,none,validation_best,test,64,0.005402636846043141,0,64,0.3492346886609307
wave,transformer,correct,505,ridge_selector,none,validation_best,ood,64,3.3332364350294483,0,64,
wave,transformer,correct,505,full_validation,smooth,validation_best,test,64,0.003810088627008268,0,64,0.0
wave,transformer,correct,505,full_validation,smooth,validation_best,ood,64,3.264713760114887,0,64,
wave,transformer,correct,606,always_smooth,smooth,validation_best,test,64,0.0022578446353699044,0,64,0.0
wave,transformer,correct,606,always_smooth,smooth,validation_best,ood,64,0.7536270786233388,0,64,
wave,transformer,correct,606,best_fixed,iid,validation_best,test,64,0.014339636556346624,0,64,1.8486168330460864
wave,transformer,correct,606,best_fixed,iid,validation_best,ood,64,0.8212168905031945,0,64,
wave,transformer,correct,606,hand_rule,smooth,validation_best,test,64,0.0022578446353699044,0,64,0.0
wave,transformer,correct,606,hand_rule,smooth,validation_best,ood,64,0.7536270786233388,0,64,
wave,transformer,correct,606,none,none,validation_best,test,64,0.0023986171698358594,0,64,0.06048173500564325
wave,transformer,correct,606,none,none,validation_best,ood,64,0.754592950530224,0,64,
wave,transformer,correct,606,probe_best,smooth,validation_best,test,64,0.0022578446353699044,0,64,0.0
wave,transformer,correct,606,probe_best,smooth,validation_best,ood,64,0.7536270786233388,0,64,
wave,transformer,correct,606,random,none,validation_best,test,64,0.0023986171698358594,0,64,0.06048173500564325
wave,transformer,correct,606,random,none,validation_best,ood,64,0.754592950530224,0,64,
wave,transformer,correct,606,ridge_selector,none,validation_best,test,64,0.0023986171698358594,0,64,0.06048173500564325
wave,transformer,correct,606,ridge_selector,none,validation_best,ood,64,0.754592950530224,0,64,
wave,transformer,correct,606,full_validation,smooth,validation_best,test,64,0.0022578446353699044,0,64,0.0
wave,transformer,correct,606,full_validation,smooth,validation_best,ood,64,0.7536270786233388,0,64,
